ts,n_samples,solar2_v_avg,solar2_v_min,solar2_v_max,current2_a_avg,current2_a_min,current2_a_max,temp_c_avg,temp_c_min,temp_c_max,lipo2_v_avg,lipo2_v_min,lipo2_v_max,boot_count_min,boot_count_max,solar2_v_n_oor,current2_a_n_oor,temp_c_n_oor,lipo2_v_n_oor
2020-06-15T02:00:00Z,16,3.329625,0,5.015,0.223875,0.218,0.229,38.7,33,45.3,4.162625,4.159,4.164,1,16,0,0,0,0
2020-06-15T03:00:00Z,29,4.398069,1.218,5.134,0.215793,0.213,0.22,47.768966,45.5,50.9,4.161552,4.158,4.166,17,45,0,0,0,0
2020-06-15T04:00:00Z,29,3.479793,1.494,5.18,0.216345,0.213,0.219,47.234483,44.4,51.1,4.15769,4.154,4.159,46,74,0,0,0,0
2020-06-15T05:00:00Z,27,3.188741,1.502,5.323,0.218481,0.213,0.223,44.462963,40.8,48.8,4.152148,4.149,4.154,75,103,0,0,0,0
2020-06-15T06:00:00Z,30,0.811533,0.377,2.888,0.2255,0.217,0.23,36.346667,31.6,46.2,4.144467,4.139,4.151,104,133,0,0,0,0
2020-06-15T07:00:00Z,29,0.103966,0,0.559,0.230138,0.228,0.233,31.275862,29.7,32.3,4.140069,4.138,4.143,134,162,0,0,0,0
2020-06-15T08:00:00Z,30,0,0,0,0.232767,0.232,0.234,29.146667,28.9,29.6,4.137333,4.136,4.139,163,192,0,0,0,0
2020-06-15T09:00:00Z,28,0,0,0,0.232571,0.231,0.234,29.317857,29.1,29.6,4.135464,4.135,4.136,193,221,0,0,0,0
2020-06-15T10:00:00Z,30,0,0,0,0.232767,0.232,0.234,28.97,28.6,29.4,4.134433,4.133,4.136,222,251,0,0,0,0
2020-06-15T11:00:00Z,28,0,0,0,0.232821,0.232,0.235,29.057143,28.6,29.4,4.133,4.133,4.133,252,280,0,0,0,0
2020-06-15T12:00:00Z,28,0,0,0,0.232179,0.231,0.233,29.657143,29.4,29.9,4.132429,4.131,4.133,281,309,0,0,0,0
2020-06-15T13:00:00Z,29,0,0,0,0.232621,0.231,0.234,29.537931,29.3,29.6,4.131207,4.13,4.133,310,339,0,0,0,0
2020-06-15T14:00:00Z,26,0,0,0,0.232269,0.231,0.234,29.661538,29.3,30,4.128962,4.126,4.131,340,368,0,0,0,0
2020-06-15T15:00:00Z,29,0,0,0,0.231862,0.23,0.233,29.717241,29.6,29.9,4.126103,4.125,4.13,369,397,0,0,0,0
2020-06-15T16:00:00Z,30,0,0,0,0.232167,0.231,0.234,29.746667,29.6,29.8,4.124333,4.121,4.126,398,427,0,0,0,0
2020-06-15T17:00:00Z,29,0,0,0,0.23231,0.231,0.234,29.703448,29.5,29.9,4.122414,4.12,4.125,428,456,0,0,0,0
2020-06-15T18:00:00Z,30,0,0,0,0.232333,0.231,0.233,29.516667,29.4,29.8,4.120067,4.118,4.121,457,486,0,0,0,0
2020-06-15T19:00:00Z,28,0,0,0,0.232536,0.231,0.234,29.282143,29.1,29.5,4.118107,4.115,4.121,487,515,0,0,0,0
2020-06-15T20:00:00Z,30,0,0,0,0.2326,0.231,0.234,29.123333,29.1,29.2,4.1162,4.113,4.118,516,545,0,0,0,0
2020-06-15T21:00:00Z,29,0,0,0,0.23269,0.232,0.233,29.127586,29.1,29.2,4.114276,4.111,4.116,546,574,0,0,0,0
2020-06-15T22:00:00Z,29,0,0,0,0.232862,0.232,0.234,29.072414,29,29.3,4.112759,4.11,4.116,576,604,0,0,0,0
2020-06-15T23:00:00Z,28,0.42275,0,0.551,0.231643,0.23,0.233,30.010714,29.4,30.5,4.111357,4.11,4.113,605,633,0,0,0,0
2020-06-16T00:00:00Z,29,0.73669,0.551,1.018,0.229897,0.228,0.231,31.468966,30.6,32.3,4.110483,4.108,4.111,634,662,0,0,0,0
2020-06-16T01:00:00Z,30,1.538933,1.074,2.035,0.228167,0.227,0.23,33.356667,32.5,34.6,4.109733,4.108,4.111,663,692,0,0,0,0
2020-06-16T02:00:00Z,29,2.696138,1.809,4.003,0.224828,0.223,0.228,37.006897,34.8,38.8,4.109,4.106,4.111,693,721,0,0,0,0
2020-06-16T03:00:00Z,29,2.855241,2.092,3.207,0.222931,0.222,0.225,39.482759,38.2,40.5,4.108724,4.106,4.111,723,751,0,0,0,0
2020-06-16T04:00:00Z,27,3.261926,2.445,3.655,0.220963,0.218,0.223,41.807407,40.6,43.3,4.108296,4.106,4.11,752,780,0,0,0,0
2020-06-16T05:00:00Z,28,3.956321,2.091,4.651,0.218357,0.216,0.222,45.089286,43.1,47.4,4.107929,4.106,4.11,782,809,0,0,0,0
2020-06-16T06:00:00Z,30,4.6343,2.046,4.957,0.214,0.21,0.218,49.836667,46.2,53.2,4.108033,4.105,4.11,810,839,0,0,0,0
2020-06-16T07:00:00Z,28,2.754964,1.718,4.861,0.215964,0.209,0.222,47.360714,43.3,53,4.106714,4.105,4.11,840,868,0,0,0,0
2020-06-16T08:00:00Z,30,0.8942,0.597,1.807,0.223567,0.219,0.226,38.686667,36.9,43.3,4.103267,4.102,4.106,869,898,0,0,0,0
2020-06-16T09:00:00Z,28,0.030143,0,0.503,0.227071,0.224,0.231,34.775,30.1,36.9,4.100393,4.097,4.102,899,927,0,0,0,0
2020-06-16T10:00:00Z,30,0,0,0,0.233667,0.233,0.237,27.58,27.3,29.3,4.094033,4.092,4.098,928,957,0,0,0,0
2020-06-16T11:00:00Z,29,0,0,0,0.233414,0.233,0.236,27.72069,27.4,28.1,4.092483,4.09,4.095,958,986,0,0,0,0
2020-06-16T12:00:00Z,29,0,0,0,0.233483,0.232,0.235,28.448276,28.1,28.6,4.091552,4.09,4.093,987,1015,0,0,0,0
2020-06-16T13:00:00Z,30,0,0,0,0.233133,0.232,0.235,28.656667,28.6,28.7,4.090833,4.088,4.093,1016,1045,0,0,0,0
2020-06-16T14:00:00Z,28,0,0,0,0.233357,0.232,0.235,28.714286,28.6,29,4.088393,4.087,4.09,1046,1074,0,0,0,0
2020-06-16T15:00:00Z,30,0,0,0,0.232967,0.232,0.235,28.98,28.8,29.1,4.087,4.085,4.09,1075,1104,0,0,0,0
2020-06-16T16:00:00Z,29,0,0,0,0.232897,0.232,0.235,29.044828,28.9,29.2,4.086345,4.085,4.088,1105,1133,0,0,0,0
2020-06-16T17:00:00Z,29,0,0,0,0.232897,0.231,0.235,29.144828,29.1,29.2,4.085207,4.083,4.087,1134,1162,0,0,0,0
2020-06-16T18:00:00Z,30,0,0,0,0.2329,0.231,0.234,29.123333,28.9,29.4,4.084333,4.083,4.087,1163,1192,0,0,0,0
2020-06-16T19:00:00Z,29,0,0,0,0.232793,0.232,0.234,28.993103,28.9,29.1,4.083828,4.082,4.087,1193,1221,0,0,0,0
2020-06-16T20:00:00Z,30,0,0,0,0.233167,0.232,0.235,28.796667,28.7,28.9,4.082433,4.082,4.085,1222,1251,0,0,0,0
2020-06-16T21:00:00Z,29,0,0,0,0.233172,0.232,0.235,28.724138,28.7,28.8,4.082034,4.08,4.083,1252,1280,0,0,0,0
2020-06-16T22:00:00Z,30,0,0,0,0.233067,0.233,0.234,28.706667,28.7,28.8,4.082033,4.08,4.083,1281,1310,0,0,0,0
2020-06-16T23:00:00Z,29,0.307483,0,0.506,0.233103,0.232,0.234,29.148276,28.7,29.8,4.081655,4.08,4.082,1311,1339,0,0,0,0
2020-06-17T00:00:00Z,30,0.772633,0.349,1.351,0.2321,0.23,0.235,30.226667,29.9,31.4,4.080867,4.08,4.082,1340,1369,0,0,0,0
2020-06-17T01:00:00Z,29,2.703069,0.995,4.685,0.224655,0.198,0.233,30.065517,20.4,35,4.081552,4.08,4.083,1370,1398,0,0,0,0
2020-06-17T02:00:00Z,30,4.200433,0.898,5.071,0.215333,0.213,0.218,23.833333,23.7,24.1,4.082867,4.082,4.085,1399,1428,0,0,0,0
2020-06-17T03:00:00Z,28,2.703286,0.48,5.312,0.214536,0.213,0.216,23.742857,23.5,23.9,4.082964,4.082,4.085,1429,1457,0,0,0,0
2020-06-17T04:00:00Z,30,3.328767,0.787,5.256,0.215767,0.213,0.218,23.866667,23.7,24.1,4.082033,4.08,4.083,1458,1487,0,0,0,0
2020-06-17T05:00:00Z,29,3.584034,0.956,5.049,0.215379,0.213,0.218,23.810345,23.6,24.1,4.081966,4.08,4.083,1488,1516,0,0,0,0
2020-06-17T06:00:00Z,30,1.5634,0.706,4.326,0.216267,0.213,0.219,23.936667,23.6,24.3,4.080467,4.078,4.082,1517,1546,0,0,0,0
2020-06-17T07:00:00Z,29,0.282759,0,0.838,0.218379,0.218,0.22,24.144828,24,24.4,4.078379,4.077,4.08,1547,1575,0,0,0,0
2020-06-17T08:00:00Z,29,0.071966,0,0.38,0.21869,0.218,0.222,24.141379,24,24.2,4.07731,4.075,4.078,1576,1604,0,0,0,0
2020-06-17T09:00:00Z,29,0,0,0,0.218793,0.218,0.221,24.165517,24.1,24.4,4.075897,4.073,4.078,1605,1634,0,0,0,0
2020-06-17T10:00:00Z,27,0,0,0,0.218926,0.218,0.222,24.174074,24,24.4,4.074926,4.073,4.077,1635,1663,0,0,0,0
2020-06-17T11:00:00Z,27,0,0,0,0.219222,0.218,0.221,24.185185,24.1,24.3,4.07463,4.073,4.077,1664,1692,0,0,0,0
2020-06-17T12:00:00Z,30,0,0,0,0.2194,0.219,0.222,24.18,24,24.4,4.072867,4.07,4.075,1693,1722,0,0,0,0
2020-06-17T13:00:00Z,29,0,0,0,0.219586,0.219,0.223,24.17931,24.1,24.4,4.071966,4.07,4.073,1723,1751,0,0,0,0
2020-06-17T14:00:00Z,27,0,0,0,0.219593,0.218,0.223,24.211111,24.1,24.5,4.071222,4.069,4.073,1752,1780,0,0,0,0
2020-06-17T15:00:00Z,29,0,0,0,0.219448,0.218,0.222,24.213793,24,24.5,4.069552,4.067,4.072,1782,1810,0,0,0,0
2020-06-17T16:00:00Z,27,0,0,0,0.219333,0.218,0.221,24.181481,24.1,24.3,4.069185,4.067,4.07,1811,1839,0,0,0,0
2020-06-17T17:00:00Z,30,0,0,0,0.219333,0.219,0.22,24.216667,24.2,24.4,4.068733,4.067,4.072,1840,1869,0,0,0,0
2020-06-17T18:00:00Z,29,0,0,0,0.22,0.219,0.223,24.255172,24.1,24.6,4.067345,4.064,4.07,1870,1898,0,0,0,0
2020-06-17T19:00:00Z,29,0,0,0,0.219931,0.218,0.222,24.224138,24.1,24.5,4.067552,4.065,4.069,1899,1927,0,0,0,0
2020-06-17T20:00:00Z,27,0,0,0,0.219667,0.219,0.223,24.214815,24.1,24.5,4.066519,4.064,4.069,1928,1957,0,0,0,0
2020-06-17T21:00:00Z,26,0,0,0,0.219654,0.218,0.222,24.242308,24.1,24.6,4.066538,4.065,4.069,1961,1986,0,0,0,0
2020-06-17T22:00:00Z,30,0,0,0,0.219833,0.218,0.221,24.206667,24.1,24.4,4.0653,4.062,4.069,1987,2016,0,0,0,0
2020-06-17T23:00:00Z,29,0.132759,0,0.636,0.219931,0.219,0.222,24.224138,24.1,24.5,4.064138,4.062,4.067,2017,2045,0,0,0,0
2020-06-18T00:00:00Z,30,0.6971,0.524,0.815,0.2191,0.218,0.22,24.226667,24.1,24.5,4.063733,4.062,4.065,2046,2075,0,0,0,0
2020-06-18T01:00:00Z,29,2.058586,0.813,4.898,0.218172,0.215,0.221,24.12069,23.9,24.2,4.063655,4.062,4.065,2076,2104,0,0,0,0
2020-06-18T02:00:00Z,30,4.824333,4.383,5.044,0.214833,0.213,0.218,23.833333,23.6,24,4.068,4.064,4.07,2105,2134,0,0,0,0
2020-06-18T03:00:00Z,29,4.975862,4.288,5.108,0.213724,0.213,0.215,23.7,23.6,23.8,4.06869,4.067,4.07,2135,2163,0,0,0,0
2020-06-18T04:00:00Z,27,3.56637,0.979,5.271,0.214852,0.213,0.218,23.755556,23.6,23.9,4.066778,4.065,4.069,2164,2192,0,0,0,0
2020-06-18T05:00:00Z,30,4.012267,0.933,5.402,0.214267,0.213,0.217,23.733333,23.5,24,4.067833,4.065,4.07,2193,2222,0,0,0,0
2020-06-18T06:00:00Z,29,4.069621,0.764,5.269,0.212966,0.21,0.215,23.586207,23.3,23.8,4.068276,4.065,4.07,2223,2251,0,0,0,0
2020-06-18T07:00:00Z,30,2.356767,0.713,5.141,0.214933,0.212,0.218,23.756667,23.4,24.1,4.066833,4.064,4.07,2252,2281,0,0,0,0
2020-06-18T08:00:00Z,29,1.05231,0.682,1.622,0.216379,0.215,0.218,23.934483,23.8,24.1,4.064241,4.062,4.067,2282,2310,0,0,0,0
2020-06-18T09:00:00Z,30,0.717233,0.397,1.097,0.217267,0.216,0.221,24.036667,23.9,24.3,4.061967,4.059,4.064,2311,2340,0,0,0,0
2020-06-18T10:00:00Z,28,0.1735,0,0.467,0.217393,0.216,0.22,24.032143,23.8,24.3,4.060643,4.059,4.064,2341,2369,0,0,0,0
2020-06-18T11:00:00Z,27,0,0,0,0.218148,0.217,0.221,24.081481,23.9,24.3,4.059556,4.059,4.062,2370,2398,0,0,0,0
2020-06-18T12:00:00Z,30,0,0,0,0.2182,0.218,0.221,24.106667,23.9,24.4,4.059167,4.057,4.062,2399,2428,0,0,0,0
2020-06-18T13:00:00Z,28,0,0,0,0.218536,0.218,0.222,24.142857,23.9,24.4,4.058357,4.057,4.06,2429,2457,0,0,0,0
2020-06-18T14:00:00Z,30,0,0,0,0.218167,0.218,0.221,24.116667,24,24.4,4.057,4.055,4.059,2458,2487,0,0,0,0
2020-06-18T15:00:00Z,29,0,0,0,0.218172,0.218,0.22,24.096552,24,24.4,4.056207,4.054,4.059,2488,2516,0,0,0,0
2020-06-18T16:00:00Z,30,0,0,0,0.218333,0.218,0.22,24.106667,24,24.2,4.0555,4.054,4.057,2517,2546,0,0,0,0
2020-06-18T17:00:00Z,29,0,0,0,0.218759,0.218,0.221,24.148276,24,24.4,4.055103,4.054,4.057,2547,2575,0,0,0,0
2020-06-18T18:00:00Z,29,0,0,0,0.219172,0.218,0.222,24.172414,23.9,24.4,4.054517,4.052,4.057,2576,2604,0,0,0,0
2020-06-18T19:00:00Z,29,0,0,0,0.219,0.218,0.223,24.141379,24,24.3,4.054345,4.052,4.057,2605,2633,0,0,0,0
2020-06-18T20:00:00Z,30,0,0,0,0.219,0.218,0.223,24.163333,24,24.3,4.0533,4.05,4.055,2634,2663,0,0,0,0
2020-06-18T21:00:00Z,29,0,0,0,0.218828,0.218,0.22,24.155172,24,24.5,4.053,4.052,4.055,2664,2692,0,0,0,0
2020-06-18T22:00:00Z,30,0,0,0,0.219067,0.218,0.221,24.183333,24.1,24.5,4.052133,4.05,4.054,2693,2722,0,0,0,0
2020-06-18T23:00:00Z,29,0.099963,0,0.36,0.219069,0.218,0.221,24.141379,23.9,24.5,4.051724,4.05,4.054,2723,2751,0,0,0,0
2020-06-19T00:00:00Z,29,0.564414,0.346,0.971,0.218517,0.218,0.221,24.151724,24.1,24.5,4.051586,4.05,4.052,2752,2780,0,0,0,0
2020-06-19T01:00:00Z,30,0.811133,0.429,1.126,0.2182,0.218,0.22,24.113333,24,24.2,4.0516,4.05,4.054,2781,2810,0,0,0,0
2020-06-19T02:00:00Z,29,0.433828,0.365,0.569,0.219207,0.218,0.222,24.168966,24,24.5,4.051241,4.05,4.054,2811,2839,0,0,0,0
2020-06-19T03:00:00Z,30,0.568767,0.388,0.706,0.2204,0.219,0.223,24.25,24.1,24.4,4.05,4.047,4.052,2840,2869,0,0,0,0
2020-06-19T04:00:00Z,29,3.174,0.736,5.31,0.218724,0.216,0.222,24.12069,23.8,24.5,4.050517,4.049,4.052,2870,2898,0,0,0,0
2020-06-19T05:00:00Z,30,2.909067,1.897,5.061,0.216533,0.215,0.219,23.89,23.7,24.1,4.052233,4.049,4.054,2899,2928,0,0,0,0
2020-06-19T06:00:00Z,29,2.730345,0.787,4.951,0.217069,0.215,0.22,23.924138,23.8,24.2,4.052207,4.05,4.054,2929,2957,0,0,0,0
2020-06-19T07:00:00Z,30,2.117233,0.693,3.342,0.217667,0.216,0.221,24.013333,23.8,24.2,4.051733,4.049,4.055,2958,2987,0,0,0,0
2020-06-19T08:00:00Z,29,1.182586,0.897,1.572,0.218,0.216,0.22,24.013793,23.8,24.3,4.050862,4.049,4.054,2988,3016,0,0,0,0
2020-06-19T09:00:00Z,30,0.2655,0,0.859,0.218133,0.218,0.222,24.09,23.9,24.3,4.049867,4.049,4.052,3017,3046,0,0,0,0
2020-06-19T10:00:00Z,29,0,0,0,0.218655,0.218,0.222,24.103448,24,24.3,4.049,4.047,4.05,3047,3075,0,0,0,0
2020-06-19T11:00:00Z,30,0,0,0,0.218367,0.218,0.222,24.116667,23.9,24.4,4.0487,4.047,4.052,3076,3105,0,0,0,0
2020-06-19T12:00:00Z,29,0,0,0,0.218414,0.218,0.22,24.134483,24,24.4,4.047724,4.045,4.05,3106,3134,0,0,0,0
2020-06-19T13:00:00Z,30,0,0,0,0.218667,0.218,0.222,24.123333,23.9,24.5,4.046867,4.045,4.049,3135,3164,0,0,0,0
2020-06-19T14:00:00Z,28,0,0,0,0.218857,0.218,0.222,24.153571,24,24.5,4.046929,4.045,4.049,3165,3193,0,0,0,0
2020-06-19T15:00:00Z,29,0,0,0,0.218621,0.218,0.221,24.141379,24,24.4,4.045345,4.044,4.047,3194,3222,0,0,0,0
2020-06-19T16:00:00Z,30,0,0,0,0.219267,0.218,0.222,24.173333,24,24.4,4.045333,4.044,4.047,3223,3252,0,0,0,0
2020-06-19T17:00:00Z,29,0,0,0,0.219379,0.218,0.222,24.175862,24.1,24.6,4.044931,4.044,4.047,3253,3281,0,0,0,0
2020-06-19T18:00:00Z,30,0,0,0,0.219633,0.219,0.222,24.183333,24,24.3,4.044733,4.042,4.049,3282,3311,0,0,0,0
2020-06-19T19:00:00Z,29,0,0,0,0.219724,0.219,0.222,24.206897,24.1,24.6,4.043966,4.042,4.047,3312,3340,0,0,0,0
2020-06-19T20:00:00Z,30,0,0,0,0.2196,0.219,0.221,24.22,24.1,24.6,4.043133,4.04,4.045,3341,3370,0,0,0,0
2020-06-19T21:00:00Z,29,0,0,0,0.220414,0.219,0.223,24.234483,24.1,24.6,4.042103,4.04,4.045,3371,3399,0,0,0,0
2020-06-19T22:00:00Z,30,0,0,0,0.2212,0.22,0.223,24.243333,24.2,24.5,4.0414,4.039,4.044,3400,3429,0,0,0,0
2020-06-19T23:00:00Z,29,0.279345,0,0.524,0.22031,0.219,0.222,24.210345,24.1,24.3,4.041069,4.039,4.044,3430,3458,0,0,0,0
2020-06-20T00:00:00Z,30,0.794967,0.4,1.013,0.219667,0.219,0.222,24.21,24.1,24.5,4.041767,4.039,4.044,3459,3488,0,0,0,0
2020-06-20T01:00:00Z,29,1.943172,0.849,4.708,0.218931,0.217,0.222,24.151724,24,24.5,4.041552,4.039,4.044,3489,3517,0,0,0,0
2020-06-20T02:00:00Z,30,3.295167,2.061,5.098,0.2174,0.216,0.22,23.976667,23.8,24.2,4.044333,4.042,4.045,3518,3547,0,0,0,0
2020-06-20T03:00:00Z,29,3.761724,1.961,5.116,0.216552,0.215,0.219,23.865517,23.8,24,4.045897,4.044,4.049,3548,3576,0,0,0,0
2020-06-20T04:00:00Z,29,4.683345,3.414,5.033,0.215034,0.213,0.218,23.72069,23.5,23.9,4.046621,4.044,4.049,3577,3605,0,0,0,0
2020-06-20T05:00:00Z,29,4.931897,4.88,4.985,0.211966,0.21,0.214,23.396552,23.3,23.6,4.048276,4.045,4.05,3606,3635,0,0,0,0
2020-06-20T06:00:00Z,29,4.839724,4.639,4.931,0.211759,0.21,0.213,23.37931,23.3,23.6,4.048448,4.047,4.05,3636,3664,0,0,0,0
2020-06-20T07:00:00Z,28,3.033929,1.692,4.787,0.213679,0.211,0.217,23.607143,23.3,23.9,4.047179,4.045,4.05,3665,3694,0,0,0,0
2020-06-20T08:00:00Z,29,0.99569,0.538,2.114,0.217138,0.215,0.22,23.906897,23.8,24.1,4.043828,4.04,4.047,3695,3723,0,0,0,0
2020-06-20T09:00:00Z,29,0.210207,0,0.474,0.218207,0.217,0.221,24.041379,23.9,24.2,4.041931,4.04,4.044,3724,3752,0,0,0,0
2020-06-20T10:00:00Z,29,0.140897,0,0.451,0.218241,0.217,0.221,24.07931,23.9,24.2,4.040621,4.037,4.044,3753,3782,0,0,0,0
2020-06-20T11:00:00Z,29,0,0,0,0.218276,0.218,0.221,24.065517,23.9,24.3,4.039966,4.037,4.042,3783,3811,0,0,0,0
2020-06-20T12:00:00Z,30,0,0,0,0.2265,0.218,0.23,31.79,24.1,33.7,4.0398,4.039,4.042,3812,3841,0,0,0,0
2020-06-20T13:00:00Z,29,0,0,0,0.228414,0.228,0.231,32.924138,32.8,33,4.039759,4.037,4.042,3842,3870,0,0,0,0
2020-06-20T14:00:00Z,30,0,0,0,0.2288,0.228,0.231,32.813333,32.7,32.9,4.038933,4.037,4.042,3871,3900,0,0,0,0
2020-06-20T15:00:00Z,29,0,0,0,0.228862,0.228,0.231,32.696552,32.6,32.8,4.038345,4.036,4.04,3901,3929,0,0,0,0
2020-06-20T16:00:00Z,29,0,0,0,0.229828,0.229,0.233,32.144828,31.7,32.6,4.037103,4.034,4.04,3930,3958,0,0,0,0
2020-06-20T17:00:00Z,30,0,0,0,0.230267,0.229,0.233,31.626667,31.3,31.8,4.0365,4.034,4.039,3959,3988,0,0,0,0
2020-06-20T18:00:00Z,29,0,0,0,0.231379,0.23,0.233,30.872414,30.1,31.3,4.03669,4.034,4.039,3989,4017,0,0,0,0
2020-06-20T19:00:00Z,30,0,0,0,0.232367,0.231,0.234,30.056667,30,30.1,4.035867,4.032,4.039,4018,4047,0,0,0,0
2020-06-20T20:00:00Z,29,0,0,0,0.231897,0.231,0.233,30.272414,30.1,30.4,4.035448,4.032,4.037,4048,4076,0,0,0,0
2020-06-20T21:00:00Z,30,0,0,0,0.2321,0.231,0.233,30.143333,30.1,30.3,4.035933,4.034,4.039,4077,4106,0,0,0,0
2020-06-20T22:00:00Z,27,0,0,0,0.231963,0.226,0.233,30.051852,30,30.1,4.035333,4.034,4.037,4107,4135,0,0,0,0
2020-06-20T23:00:00Z,30,0.088133,0,0.477,0.2315,0.23,0.233,30.31,30.1,30.6,4.034,4.032,4.036,4136,4165,0,0,0,0
2020-06-21T00:00:00Z,29,0.69931,0,1.133,0.230621,0.229,0.233,31.351724,30.5,32.2,4.035276,4.032,4.037,4166,4194,0,0,0,0
2020-06-21T01:00:00Z,29,2.044,1.003,4.503,0.227414,0.223,0.231,34.496552,32.2,40,4.036034,4.034,4.037,4195,4224,0,0,0,0
2020-06-21T02:00:00Z,29,3.213517,0.746,5.308,0.220379,0.218,0.223,42.913793,40.7,45.3,4.03869,4.037,4.042,4225,4253,0,0,0,0
2020-06-21T03:00:00Z,29,3.772483,1.358,5.11,0.21869,0.214,0.225,45.137931,39.5,49.7,4.039448,4.036,4.042,4254,4282,0,0,0,0
2020-06-21T04:00:00Z,29,3.61631,1.545,5.221,0.218379,0.213,0.223,45.141379,42.1,49.8,4.039586,4.037,4.042,4283,4312,0,0,0,0
2020-06-21T05:00:00Z,29,0.795,0.331,5.22,0.224828,0.218,0.23,37.758621,32.6,44.9,4.037379,4.034,4.04,4313,4341,0,0,0,0
2020-06-21T06:00:00Z,30,0.526733,0.397,0.608,0.230467,0.229,0.233,31.613333,31.3,32.6,4.0344,4.032,4.036,4342,4371,0,0,0,0
2020-06-21T07:00:00Z,29,0.177828,0,0.513,0.230552,0.229,0.232,31.434483,31.3,31.8,4.033724,4.032,4.036,4372,4400,0,0,0,0
2020-06-21T08:00:00Z,30,0.3695,0,0.749,0.230333,0.229,0.233,31.586667,31.1,32.3,4.034067,4.032,4.036,4401,4430,0,0,0,0
2020-06-21T09:00:00Z,29,0.567828,0.433,0.788,0.229759,0.228,0.233,32.32069,32.1,32.6,4.034586,4.031,4.037,4431,4459,0,0,0,0
2020-06-21T10:00:00Z,29,0.081448,0,0.419,0.229345,0.228,0.231,32.562069,32.5,32.6,4.035241,4.032,4.037,4460,4488,0,0,0,0
2020-06-21T11:00:00Z,30,0,0,0,0.2296,0.228,0.231,32.09,31.6,32.5,4.0347,4.032,4.037,4489,4518,0,0,0,0
2020-06-21T12:00:00Z,27,0,0,0,0.231148,0.23,0.233,31.151852,30.6,31.6,4.034222,4.032,4.036,4519,4547,0,0,0,0
2020-06-21T13:00:00Z,30,0,0,0,0.231533,0.23,0.233,30.74,30.6,31,4.0325,4.031,4.034,4548,4577,0,0,0,0
2020-06-21T14:00:00Z,27,0,0,0,0.23163,0.231,0.233,30.6,30.2,31,4.032333,4.031,4.034,4578,4606,0,0,0,0
2020-06-21T15:00:00Z,30,0,0,0,0.231767,0.23,0.233,30.35,30.1,30.6,4.031667,4.031,4.034,4607,4636,0,0,0,0
2020-06-21T16:00:00Z,28,0,0,0,0.231643,0.231,0.233,30.321429,30.1,30.7,4.031393,4.029,4.034,4637,4665,0,0,0,0
2020-06-21T17:00:00Z,28,0,0,0,0.2315,0.231,0.233,30.371429,30.1,30.6,4.031821,4.031,4.034,4666,4694,0,0,0,0
2020-06-21T18:00:00Z,29,0,0,0,0.231793,0.231,0.233,30.175862,30.1,30.3,4.031414,4.031,4.032,4695,4724,0,0,0,0
2020-06-21T19:00:00Z,28,0,0,0,0.232321,0.232,0.233,30.039286,29.9,30.1,4.030714,4.029,4.032,4725,4753,0,0,0,0
2020-06-21T20:00:00Z,30,0,0,0,0.232567,0.232,0.234,29.876667,29.6,30.1,4.030333,4.029,4.032,4754,4783,0,0,0,0
2020-06-21T21:00:00Z,29,0,0,0,0.232655,0.231,0.234,29.810345,29.6,30,4.030241,4.029,4.031,4784,4812,0,0,0,0
2020-06-21T22:00:00Z,30,0,0,0,0.2327,0.231,0.234,29.663333,29.5,30,4.0302,4.029,4.031,4813,4842,0,0,0,0
2020-06-21T23:00:00Z,29,0.118414,0,0.524,0.23231,0.231,0.233,29.989655,29.6,30.5,4.030552,4.029,4.032,4843,4871,0,0,0,0
2020-06-22T00:00:00Z,29,0.553379,0.365,0.734,0.230828,0.23,0.233,31.089655,30.5,31.6,4.030828,4.029,4.032,4872,4900,0,0,0,0
2020-06-22T01:00:00Z,29,1.919448,0.497,5.016,0.228138,0.221,0.231,33.875862,31.6,40.9,4.030931,4.029,4.032,4901,4930,0,0,0,0
2020-06-22T02:00:00Z,27,3.914222,0.708,5.244,0.218148,0.216,0.22,45.262963,42,47.5,4.033481,4.031,4.037,4931,4959,0,0,0,0
2020-06-22T03:00:00Z,29,4.863724,2.227,5.126,0.214862,0.213,0.218,48.834483,46.2,50.4,4.036034,4.034,4.039,4960,4988,0,0,0,0
2020-06-22T04:00:00Z,30,4.811133,1.208,5.197,0.213533,0.212,0.218,49.903333,48.7,50.9,4.035767,4.032,4.037,4989,5018,0,0,0,0
2020-06-22T05:00:00Z,29,4.574034,1.267,5.161,0.212828,0.21,0.216,50.87931,49.1,52.5,4.036241,4.034,4.039,5019,5047,0,0,0,0
2020-06-22T06:00:00Z,30,4.2191,0.813,5.353,0.213133,0.21,0.218,50.636667,48.1,52.9,4.036233,4.034,4.039,5048,5077,0,0,0,0
2020-06-22T07:00:00Z,29,3.033448,0.944,5.016,0.214862,0.21,0.219,48.834483,45.3,52.6,4.036069,4.034,4.039,5078,5106,0,0,0,0
2020-06-22T08:00:00Z,30,0.7106,0.575,0.941,0.222933,0.217,0.226,39.546667,37.4,45.6,4.033867,4.032,4.036,5107,5136,0,0,0,0
2020-06-22T09:00:00Z,28,0.224107,0,0.713,0.226464,0.225,0.228,36.078571,35.1,37.1,4.0325,4.031,4.036,5137,5165,0,0,0,0
2020-06-22T10:00:00Z,28,0,0,0,0.227964,0.227,0.23,34.207143,33.7,35.3,4.031536,4.029,4.034,5167,5194,0,0,0,0
2020-06-22T11:00:00Z,30,0,0,0,0.2285,0.228,0.23,33.196667,33,33.6,4.031433,4.031,4.032,5195,5224,0,0,0,0
2020-06-22T12:00:00Z,29,0,0,0,0.228448,0.228,0.231,33.072414,32.8,33.4,4.031138,4.029,4.032,5225,5253,0,0,0,0
2020-06-22T13:00:00Z,29,0,0,0,0.228517,0.228,0.23,32.806897,32.6,33,4.030517,4.029,4.031,5254,5283,0,0,0,0
2020-06-22T14:00:00Z,29,0,0,0,0.229069,0.228,0.231,32.551724,32.5,32.6,4.030276,4.029,4.032,5284,5312,0,0,0,0
2020-06-22T15:00:00Z,30,0,0,0,0.229733,0.228,0.233,31.92,31.6,32.5,4.029867,4.029,4.031,5313,5342,0,0,0,0
2020-06-22T16:00:00Z,27,0,0,0,0.229815,0.228,0.232,31.755556,31.6,32.1,4.029741,4.029,4.032,5343,5371,0,0,0,0
2020-06-22T17:00:00Z,30,0,0,0,0.2304,0.23,0.233,31.47,31.4,31.7,4.0296,4.029,4.031,5372,5401,0,0,0,0
2020-06-22T18:00:00Z,29,0,0,0,0.230241,0.23,0.232,31.503448,31.4,31.6,4.029483,4.027,4.031,5402,5430,0,0,0,0
2020-06-22T19:00:00Z,29,0,0,0,0.231,0.23,0.233,31.313793,31.2,31.4,4.029276,4.027,4.031,5431,5459,0,0,0,0
2020-06-22T20:00:00Z,30,0,0,0,0.2313,0.23,0.233,30.723333,30.6,31.2,4.029267,4.029,4.031,5460,5489,0,0,0,0
2020-06-22T21:00:00Z,29,0,0,0,0.231,0.23,0.233,30.934483,30.7,31.2,4.029,4.027,4.031,5490,5518,0,0,0,0
2020-06-22T22:00:00Z,30,0,0,0,0.231433,0.231,0.233,30.636667,30.2,31,4.029067,4.029,4.031,5519,5548,0,0,0,0
2020-06-22T23:00:00Z,25,0.02668,0,0.341,0.23104,0.23,0.232,30.932,30.3,31.5,4.02892,4.027,4.029,5549,5577,0,0,0,0
2020-06-23T00:00:00Z,30,0.502,0.324,0.656,0.2292,0.228,0.231,32.273333,31.5,32.7,4.029,4.027,4.031,5578,5607,0,0,0,0
2020-06-23T01:00:00Z,28,2.039464,0.639,4.949,0.227286,0.223,0.231,35.160714,32.8,42.2,4.029143,4.029,4.031,5608,5636,0,0,0,0
2020-06-23T02:00:00Z,29,4.917345,4.396,5.028,0.215276,0.212,0.22,48.437931,43.3,51.2,4.031276,4.029,4.034,5637,5665,0,0,0,0
2020-06-23T03:00:00Z,30,4.005433,1.049,5.407,0.215267,0.21,0.22,47.97,43.7,51.6,4.030567,4.029,4.032,5666,5695,0,0,0,0
2020-06-23T04:00:00Z,29,3.823241,1.364,5.343,0.216241,0.212,0.223,46.662069,43,50,4.030379,4.029,4.031,5696,5724,0,0,0,0
2020-06-23T05:00:00Z,28,4.973107,4.888,5.079,0.211393,0.208,0.218,51.239286,46.5,54.3,4.031107,4.029,4.032,5725,5753,0,0,0,0
2020-06-23T06:00:00Z,29,4.904345,4.836,4.99,0.207621,0.206,0.212,54.806897,53.8,55.6,4.03169,4.031,4.034,5754,5783,0,0,0,0
2020-06-23T07:00:00Z,26,3.134,1.34,4.861,0.212269,0.207,0.217,50.342308,47.3,54.8,4.031538,4.031,4.034,5784,5812,0,0,0,0
2020-06-23T08:00:00Z,30,1.045733,0.788,1.392,0.221333,0.215,0.225,41.26,39.4,47.2,4.0299,4.029,4.032,5813,5842,0,0,0,0
2020-06-23T09:00:00Z,28,0.556143,0.367,0.851,0.22375,0.223,0.227,38.225,37.3,39.4,4.029429,4.029,4.031,5843,5871,0,0,0,0
2020-06-23T10:00:00Z,29,0.068586,0,0.36,0.225793,0.224,0.229,36.306897,35.3,37.2,4.028931,4.027,4.031,5872,5900,0,0,0,0
2020-06-23T11:00:00Z,30,0,0,0,0.227167,0.226,0.228,34.886667,34.6,35.3,4.028667,4.027,4.029,5901,5930,0,0,0,0
2020-06-23T12:00:00Z,28,0,0,0,0.227857,0.227,0.229,34.021429,33.5,34.9,4.028143,4.027,4.029,5931,5959,0,0,0,0
2020-06-23T13:00:00Z,28,0,0,0,0.22825,0.228,0.231,33.207143,32.9,33.5,4.028143,4.027,4.029,5960,5988,0,0,0,0
2020-06-23T14:00:00Z,28,0,0,0,0.228179,0.228,0.23,33.475,33.2,33.7,4.027,4.027,4.027,5991,6018,0,0,0,0
2020-06-23T15:00:00Z,28,0,0,0,0.228286,0.227,0.23,33.257143,33,33.5,4.027107,4.026,4.029,6019,6047,0,0,0,0
2020-06-23T16:00:00Z,30,0,0,0,0.2283,0.228,0.231,32.906667,32.6,33.1,4.0272,4.027,4.029,6048,6077,0,0,0,0
2020-06-23T17:00:00Z,29,0,0,0,0.228931,0.228,0.233,32.672414,32.6,32.7,4.027034,4.026,4.029,6078,6106,0,0,0,0
2020-06-23T18:00:00Z,30,0,0,0,0.229033,0.228,0.231,32.476667,32.3,32.6,4.026833,4.026,4.027,6107,6136,0,0,0,0
2020-06-23T19:00:00Z,29,0,0,0,0.228897,0.228,0.231,32.47931,32.3,32.6,4.026966,4.026,4.027,6137,6165,0,0,0,0
2020-06-23T20:00:00Z,29,0,0,0,0.229,0.228,0.231,32.172414,31.8,32.4,4.02669,4.026,4.027,6166,6194,0,0,0,0
2020-06-23T21:00:00Z,30,0,0,0,0.229533,0.229,0.231,31.6,31.4,31.8,4.026733,4.026,4.029,6195,6224,0,0,0,0
2020-06-23T22:00:00Z,29,0,0,0,0.23,0.228,0.232,31.406897,31.4,31.5,4.026379,4.026,4.027,6225,6253,0,0,0,0
2020-06-23T23:00:00Z,30,0.102367,0,0.551,0.229933,0.229,0.231,31.473333,31.4,31.8,4.0264,4.026,4.027,6254,6283,0,0,0,0
2020-06-24T00:00:00Z,29,0.696586,0.446,1.09,0.228931,0.228,0.231,32.334483,31.9,32.6,4.026345,4.026,4.027,6284,6312,0,0,0,0
2020-06-24T01:00:00Z,29,1.772552,0.99,5.02,0.226966,0.224,0.229,34.751724,32.7,38,4.026103,4.026,4.027,6313,6341,0,0,0,0
2020-06-24T02:00:00Z,28,3.748071,1.336,4.754,0.21925,0.216,0.224,44.085714,38.6,46.6,4.026893,4.026,4.027,6342,6371,0,0,0,0
2020-06-24T03:00:00Z,29,3.203897,1.295,5.139,0.221379,0.218,0.223,41.234483,39.5,44.1,4.026586,4.026,4.027,6372,6400,0,0,0,0
2020-06-24T04:00:00Z,27,4.513296,1.469,5.325,0.216481,0.213,0.22,47.018519,44.7,48.7,4.026889,4.026,4.027,6401,6429,0,0,0,0
2020-06-24T05:00:00Z,29,4.719897,1.817,5.221,0.213793,0.211,0.218,49.510345,48.5,51.3,4.026931,4.026,4.027,6430,6459,0,0,0,0
2020-06-24T06:00:00Z,29,4.519793,1.528,4.931,0.210793,0.208,0.213,51.824138,51.1,52.5,4.026897,4.026,4.029,6460,6488,0,0,0,0
2020-06-24T07:00:00Z,28,2.464357,0.71,4.813,0.216607,0.211,0.223,46.339286,39.9,51.3,4.026679,4.026,4.027,6489,6517,0,0,0,0
2020-06-24T08:00:00Z,29,0.745897,0.341,1.18,0.224759,0.222,0.228,37.458621,36.7,39.5,4.025552,4.024,4.027,6518,6547,0,0,0,0
2020-06-24T09:00:00Z,29,0.739862,0.393,1.185,0.224586,0.224,0.227,37.027586,36.3,37.4,4.024828,4.022,4.026,6548,6576,0,0,0,0
2020-06-24T10:00:00Z,29,0.182414,0,0.372,0.226621,0.225,0.228,35.303448,34.5,36,4.024345,4.022,4.026,6577,6606,0,0,0,0
2020-06-24T11:00:00Z,28,0,0,0,0.227857,0.227,0.229,34.085714,34,34.5,4.024357,4.022,4.026,6607,6635,0,0,0,0
2020-06-24T12:00:00Z,30,0,0,0,0.2282,0.228,0.23,33.5,32.6,34,4.023433,4.021,4.026,6636,6665,0,0,0,0
2020-06-24T13:00:00Z,29,0,0,0,0.230069,0.229,0.233,31.382759,29.9,32.5,4.022897,4.021,4.026,6666,6694,0,0,0,0
2020-06-24T14:00:00Z,28,0,0,0,0.232536,0.231,0.234,29.525,29.3,30,4.020964,4.017,4.022,6695,6723,0,0,0,0
2020-06-24T15:00:00Z,30,0,0,0,0.231533,0.23,0.233,30.103333,29.5,30.4,4.020967,4.019,4.022,6724,6753,0,0,0,0
2020-06-24T16:00:00Z,29,0,0,0,0.233172,0.233,0.235,28.758621,28.5,29.4,4.019931,4.017,4.022,6754,6782,0,0,0,0
2020-06-24T17:00:00Z,30,0,0,0,0.231967,0.231,0.233,29.71,29,30,4.019267,4.017,4.021,6783,6812,0,0,0,0
2020-06-24T18:00:00Z,28,0,0,0,0.231286,0.23,0.233,29.964286,29.7,30,4.019321,4.017,4.022,6813,6841,0,0,0,0
2020-06-24T19:00:00Z,30,0,0,0,0.2322,0.231,0.233,29.54,29.3,29.6,4.018233,4.016,4.021,6842,6871,0,0,0,0
2020-06-24T20:00:00Z,29,0,0,0,0.232414,0.231,0.233,29.251724,29.1,29.4,4.017966,4.016,4.021,6872,6900,0,0,0,0
2020-06-24T21:00:00Z,30,0,0,0,0.232933,0.232,0.234,29.156667,29.1,29.2,4.0176,4.016,4.019,6901,6930,0,0,0,0
2020-06-24T22:00:00Z,29,0,0,0,0.232897,0.231,0.235,29.12069,29.1,29.2,4.016931,4.016,4.019,6931,6959,0,0,0,0
2020-06-24T23:00:00Z,30,0.275233,0,0.661,0.2327,0.231,0.234,29.353333,29.1,30,4.0161,4.014,4.019,6960,6989,0,0,0,0
2020-06-25T00:00:00Z,29,0.881828,0.667,1.182,0.230448,0.228,0.233,30.889655,30,32.2,4.015241,4.014,4.017,6990,7018,0,0,0,0
2020-06-25T01:00:00Z,29,1.179897,0.687,2.225,0.228241,0.227,0.23,33.258621,32.4,34,4.015207,4.012,4.017,7019,7047,0,0,0,0
2020-06-25T02:00:00Z,30,2.939267,0.839,5.133,0.224667,0.22,0.228,37.676667,33.7,42.3,4.015967,4.014,4.019,7048,7077,0,0,0,0
2020-06-25T03:00:00Z,29,3.030241,1.049,5.33,0.221276,0.218,0.224,41.034483,38.4,43.8,4.015379,4.014,4.017,7078,7106,0,0,0,0
2020-06-25T04:00:00Z,30,3.3744,1.213,5.364,0.218833,0.216,0.223,44.446667,40.7,46.7,4.0151,4.012,4.017,7107,7136,0,0,0,0
2020-06-25T05:00:00Z,28,1.332036,0.316,2.002,0.226143,0.222,0.229,35.332143,32.4,40.2,4.013179,4.011,4.017,7137,7165,0,0,0,0
2020-06-25T06:00:00Z,28,0.319643,0,0.493,0.230393,0.229,0.232,31.035714,30.7,32.1,4.011286,4.009,4.014,7166,7195,0,0,0,0
2020-06-25T07:00:00Z,28,0.282821,0,0.472,0.230464,0.23,0.233,31.246429,31.1,31.4,4.009679,4.007,4.012,7196,7224,0,0,0,0
2020-06-25T08:00:00Z,28,0.675393,0.475,0.857,0.229214,0.228,0.232,32.089286,31.4,32.7,4.009786,4.009,4.011,7225,7253,0,0,0,0
2020-06-25T09:00:00Z,30,0.558033,0.419,0.695,0.228767,0.228,0.232,32.42,32.1,32.6,4.008867,4.007,4.011,7254,7283,0,0,0,0
2020-06-25T10:00:00Z,27,0.027111,0,0.393,0.229407,0.228,0.233,31.744444,31.3,32.5,4.006778,4.006,4.009,7284,7312,0,0,0,0
2020-06-25T11:00:00Z,28,0,0,0,0.230393,0.23,0.232,31.253571,30.8,31.4,4.007036,4.004,4.009,7313,7341,0,0,0,0
2020-06-25T12:00:00Z,27,0,0,0,0.231111,0.23,0.234,30.325926,30.1,30.7,4.006,4.004,4.007,7342,7370,0,0,0,0
2020-06-25T13:00:00Z,29,0,0,0,0.231448,0.23,0.233,30.103448,30.1,30.2,4.004241,4.003,4.006,7371,7399,0,0,0,0
2020-06-25T14:00:00Z,29,0,0,0,0.231483,0.23,0.233,30.106897,30.1,30.2,4.003759,4.003,4.006,7400,7429,0,0,0,0
2020-06-25T15:00:00Z,29,0,0,0,0.231172,0.23,0.233,30.303448,30.1,30.5,4.003138,4.001,4.004,7430,7458,0,0,0,0
2020-06-25T16:00:00Z,27,0,0,0,0.231593,0.23,0.233,30.092593,30,30.2,4.002778,4.001,4.004,7459,7487,0,0,0,0
2020-06-25T17:00:00Z,29,0,0,0,0.232069,0.23,0.233,29.858621,29.5,30.1,4.001207,3.999,4.003,7488,7517,0,0,0,0
2020-06-25T18:00:00Z,29,0,0,0,0.232448,0.231,0.234,29.627586,29.5,30,4.000793,3.999,4.003,7518,7546,0,0,0,0
2020-06-25T19:00:00Z,30,0,0,0,0.231967,0.231,0.234,30.086667,30,30.1,4.000467,3.999,4.003,7547,7576,0,0,0,0
2020-06-25T20:00:00Z,28,0,0,0,0.231571,0.23,0.233,30.078571,30,30.1,3.999929,3.999,4.001,7577,7605,0,0,0,0
2020-06-25T21:00:00Z,30,0,0,0,0.232067,0.231,0.233,30.026667,29.9,30.1,3.999267,3.998,4.001,7606,7635,0,0,0,0
2020-06-25T22:00:00Z,29,0,0,0,0.23269,0.231,0.234,29.241379,29,29.8,3.998724,3.998,3.999,7636,7664,0,0,0,0
2020-06-25T23:00:00Z,30,0.237267,0,0.623,0.2323,0.231,0.234,29.58,29.1,30.1,3.9986,3.996,4.001,7665,7694,0,0,0,0
2020-06-26T00:00:00Z,27,0.725,0.385,1.258,0.230222,0.228,0.232,31.211111,30.1,32.4,3.997704,3.994,3.999,7695,7723,0,0,0,0
2020-06-26T01:00:00Z,29,2.088138,0.785,5.089,0.227414,0.222,0.23,34.062069,32.5,40.1,3.997448,3.994,3.999,7724,7752,0,0,0,0
2020-06-26T02:00:00Z,29,4.622448,3.222,4.962,0.217069,0.213,0.221,46.206897,40.8,48.1,3.998759,3.996,4.001,7753,7782,0,0,0,0
2020-06-26T03:00:00Z,28,4.800036,3.691,5.059,0.215929,0.213,0.219,47.314286,45.1,50,3.998643,3.998,3.999,7783,7811,0,0,0,0
2020-06-26T04:00:00Z,29,4.852931,4.493,4.959,0.213345,0.212,0.216,50.072414,49.6,50.5,3.998621,3.998,4.001,7812,7840,0,0,0,0
2020-06-26T05:00:00Z,29,4.860621,4.198,5.013,0.212552,0.211,0.215,50.524138,49.4,51.4,3.998379,3.996,4.001,7842,7870,0,0,0,0
2020-06-26T06:00:00Z,29,4.527241,1.43,5.167,0.213621,0.21,0.218,49.603448,46.1,51.8,3.996897,3.994,3.998,7871,7899,0,0,0,0
2020-06-26T07:00:00Z,29,3.596621,1.782,4.91,0.214448,0.211,0.219,48.868966,46.7,51.3,3.995207,3.993,3.996,7900,7928,0,0,0,0
2020-06-26T08:00:00Z,30,1.2877,0.725,1.751,0.221767,0.217,0.227,40.906667,38.1,46.5,3.9933,3.991,3.994,7929,7958,0,0,0,0
2020-06-26T09:00:00Z,29,0.777483,0.446,1.161,0.224931,0.224,0.228,37.055172,36.7,38,3.991793,3.989,3.994,7959,7987,0,0,0,0
2020-06-26T10:00:00Z,29,0.076552,0,0.415,0.226931,0.225,0.23,34.993103,34,36.6,3.989103,3.986,3.991,7988,8017,0,0,0,0
2020-06-26T11:00:00Z,28,0,0,0,0.228321,0.228,0.23,32.875,31.4,34,3.986929,3.984,3.989,8018,8046,0,0,0,0
2020-06-26T12:00:00Z,28,0,0,0,0.231643,0.23,0.233,30.153571,29.7,31.3,3.984393,3.983,3.988,8047,8075,0,0,0,0
2020-06-26T13:00:00Z,28,0,0,0,0.231214,0.23,0.233,30.828571,30.4,31.1,3.983607,3.983,3.986,8076,8104,0,0,0,0
2020-06-26T14:00:00Z,28,0,0,0,0.230607,0.23,0.232,31.039286,30.7,31.3,3.982071,3.981,3.984,8105,8134,0,0,0,0
2020-06-26T15:00:00Z,29,0,0,0,0.231,0.23,0.232,30.517241,30.4,30.6,3.980552,3.978,3.983,8135,8163,0,0,0,0
2020-06-26T16:00:00Z,29,0,0,0,0.231759,0.231,0.235,30.12069,30,30.4,3.978966,3.978,3.981,8164,8192,0,0,0,0
2020-06-26T17:00:00Z,29,0,0,0,0.232138,0.231,0.233,29.910345,29.8,30,3.977897,3.976,3.979,8193,8222,0,0,0,0
2020-06-26T18:00:00Z,29,0,0,0,0.231897,0.231,0.234,30.113793,30,30.5,3.976345,3.976,3.978,8223,8251,0,0,0,0
2020-06-26T19:00:00Z,29,0,0,0,0.232034,0.23,0.234,29.962069,29.8,30,3.975793,3.974,3.976,8252,8280,0,0,0,0
2020-06-26T20:00:00Z,30,0,0,0,0.232667,0.231,0.234,29.606667,29.4,29.9,3.975067,3.974,3.976,8281,8310,0,0,0,0
2020-06-26T21:00:00Z,29,0,0,0,0.232655,0.232,0.234,29.372414,29.2,29.5,3.974276,3.974,3.976,8311,8339,0,0,0,0
2020-06-26T22:00:00Z,30,0,0,0,0.232867,0.232,0.234,29.366667,29.3,29.5,3.973933,3.973,3.974,8340,8369,0,0,0,0
2020-06-26T23:00:00Z,29,0.2805,0,0.58,0.232172,0.231,0.233,29.875862,29.5,30.2,3.973724,3.973,3.974,8370,8398,0,0,0,0
2020-06-27T00:00:00Z,28,0.823071,0.602,1.075,0.230036,0.228,0.232,31.314286,30.3,32.2,3.973,3.971,3.974,8399,8427,0,0,0,0
2020-06-27T01:00:00Z,30,2.148033,1.115,5.218,0.2271,0.223,0.229,34.456667,32.3,38.5,3.973033,3.971,3.974,8428,8457,0,0,0,0
2020-06-27T02:00:00Z,28,3.10325,1.308,5.154,0.223179,0.222,0.226,38.721429,37.2,40,3.973143,3.971,3.974,8458,8486,0,0,0,0
2020-06-27T03:00:00Z,28,2.949357,0.551,5.533,0.221321,0.218,0.224,40.625,36.9,43.8,3.9725,3.97,3.974,8487,8515,0,0,0,0
2020-06-27T04:00:00Z,30,4.1186,1.176,5.523,0.218333,0.214,0.223,44.69,39.4,48,3.972167,3.97,3.973,8516,8545,0,0,0,0
2020-06-27T05:00:00Z,29,3.535138,1.203,5.185,0.219793,0.217,0.222,43.382759,42,45.9,3.970897,3.968,3.973,8546,8574,0,0,0,0
2020-06-27T06:00:00Z,28,4.599714,1.563,5.089,0.213929,0.211,0.219,50.157143,44.2,51.6,3.971429,3.97,3.973,8575,8603,0,0,0,0
2020-06-27T07:00:00Z,28,3.4555,1.418,4.884,0.216071,0.211,0.223,47.207143,42.8,51.6,3.969643,3.966,3.973,8604,8632,0,0,0,0
2020-06-27T08:00:00Z,28,0.939357,0.561,1.249,0.223464,0.221,0.227,38.7,37.9,41.4,3.964821,3.961,3.968,8635,8662,0,0,0,0
2020-06-27T09:00:00Z,28,0.925679,0.639,1.251,0.223964,0.223,0.226,37.621429,36.9,38.1,3.962393,3.961,3.966,8663,8691,0,0,0,0
2020-06-27T10:00:00Z,30,0.212517,0,0.613,0.225967,0.225,0.228,35.976667,35.3,36.7,3.959767,3.956,3.961,8692,8721,0,0,0,0
2020-06-27T11:00:00Z,29,0,0,0,0.227552,0.226,0.229,34.282759,32.5,35.3,3.957138,3.953,3.96,8722,8750,0,0,0,0
2020-06-27T12:00:00Z,27,0,0,0,0.23,0.229,0.233,31.603704,30.8,32.4,3.954593,3.951,3.958,8751,8779,0,0,0,0
2020-06-27T13:00:00Z,29,0,0,0,0.232379,0.23,0.235,29.431034,28.6,30.6,3.951414,3.948,3.955,8780,8809,0,0,0,0
2020-06-27T14:00:00Z,29,0,0,0,0.232897,0.232,0.234,28.968966,28.8,29.2,3.94931,3.946,3.953,8810,8838,0,0,0,0
2020-06-27T15:00:00Z,30,0,0,0,0.232733,0.232,0.235,29.323333,28.9,30,3.947967,3.945,3.95,8839,8868,0,0,0,0
2020-06-27T16:00:00Z,27,0,0,0,0.231556,0.23,0.233,30.092593,30,30.1,3.947222,3.945,3.95,8869,8897,0,0,0,0
2020-06-27T17:00:00Z,28,0,0,0,0.231464,0.23,0.233,30.103571,30.1,30.2,3.945571,3.945,3.948,8898,8926,0,0,0,0
2020-06-27T18:00:00Z,30,0,0,0,0.231767,0.23,0.233,30.01,30,30.1,3.9432,3.941,3.945,8927,8956,0,0,0,0
2020-06-27T19:00:00Z,29,0,0,0,0.232,0.231,0.233,30.02069,30,30.1,3.941379,3.938,3.943,8957,8985,0,0,0,0
2020-06-27T20:00:00Z,30,0,0,0,0.2314,0.23,0.233,30.136667,30.1,30.3,3.940767,3.938,3.943,8986,9015,0,0,0,0
2020-06-27T21:00:00Z,29,0,0,0,0.231862,0.23,0.233,30.110345,30.1,30.2,3.938207,3.935,3.941,9016,9044,0,0,0,0
2020-06-27T22:00:00Z,29,0,0,0,0.231966,0.231,0.233,30.072414,30,30.1,3.936897,3.935,3.938,9045,9073,0,0,0,0
2020-06-27T23:00:00Z,30,0,0,0,0.2313,0.23,0.233,30.213333,30,30.6,3.934933,3.932,3.938,9074,9103,0,0,0,0
2020-06-28T00:00:00Z,29,0.331172,0,0.547,0.230862,0.23,0.233,30.831034,30.5,31.3,3.933379,3.932,3.935,9104,9132,0,0,0,0
2020-06-28T01:00:00Z,30,0.833033,0.554,1.153,0.229733,0.228,0.232,31.8,31.3,32.6,3.932333,3.93,3.935,9133,9162,0,0,0,0
2020-06-28T02:00:00Z,28,1.657036,1.18,2.355,0.227857,0.226,0.23,33.832143,32.7,35.4,3.931179,3.93,3.933,9163,9191,0,0,0,0
2020-06-28T03:00:00Z,29,3.518483,1.864,4.295,0.223655,0.221,0.228,38.67931,35.4,40.7,3.932,3.93,3.933,9192,9220,0,0,0,0
2020-06-28T04:00:00Z,29,3.805828,1.385,5.172,0.22069,0.217,0.224,41.951724,39.2,45.1,3.931586,3.93,3.933,9221,9250,0,0,0,0
2020-06-28T05:00:00Z,29,3.937966,1.546,5.238,0.218138,0.217,0.222,44.782759,43.3,46.1,3.930793,3.928,3.933,9251,9279,0,0,0,0
2020-06-28T06:00:00Z,28,2.380464,0.605,4.695,0.219964,0.217,0.226,42.607143,38,45.1,3.929179,3.925,3.932,9281,9309,0,0,0,0
2020-06-28T07:00:00Z,28,2.3055,0.616,4.964,0.222357,0.219,0.225,39.942857,38,42.8,3.926893,3.925,3.928,9310,9338,0,0,0,0
2020-06-28T08:00:00Z,30,0.507,0,0.692,0.226867,0.224,0.23,35.32,34,37.7,3.924267,3.923,3.927,9339,9368,0,0,0,0
2020-06-28T09:00:00Z,28,0,0,0,0.230714,0.228,0.234,30.807143,27.2,34,3.922607,3.92,3.925,9369,9397,0,0,0,0
2020-06-28T10:00:00Z,29,0,0,0,0.234552,0.233,0.237,27.231034,27.2,27.3,3.920069,3.918,3.922,9398,9426,0,0,0,0
2020-06-28T11:00:00Z,29,0,0,0,0.234414,0.233,0.237,26.875862,26.6,27.3,3.918862,3.917,3.92,9428,9456,0,0,0,0
2020-06-28T12:00:00Z,29,0,0,0,0.234207,0.233,0.238,26.993103,26.4,27.3,3.917586,3.915,3.92,9457,9485,0,0,0,0
2020-06-28T13:00:00Z,28,0,0,0,0.235179,0.234,0.238,26.221429,26.1,26.6,3.915464,3.912,3.917,9486,9514,0,0,0,0
2020-06-28T14:00:00Z,28,0,0,0,0.234429,0.233,0.237,26.65,26.4,27,3.91325,3.91,3.915,9515,9544,0,0,0,0
2020-06-28T15:00:00Z,29,0,0,0,0.234138,0.233,0.236,27.262069,27,27.4,3.912138,3.91,3.913,9545,9573,0,0,0,0
2020-06-28T16:00:00Z,29,0,0,0,0.233897,0.233,0.236,27.372414,27.3,27.4,3.910552,3.908,3.913,9574,9602,0,0,0,0
2020-06-28T17:00:00Z,30,0,0,0,0.234067,0.233,0.236,27.43,27.3,27.5,3.908867,3.908,3.912,9603,9632,0,0,0,0
2020-06-28T18:00:00Z,29,0,0,0,0.233793,0.233,0.238,27.524138,27.5,27.6,3.907621,3.905,3.91,9633,9661,0,0,0,0
2020-06-28T19:00:00Z,30,0,0,0,0.2339,0.233,0.238,27.54,27.4,27.7,3.9067,3.905,3.908,9662,9691,0,0,0,0
2020-06-28T20:00:00Z,29,0,0,0,0.234,0.233,0.238,27.572414,27.4,27.7,3.905379,3.902,3.907,9692,9720,0,0,0,0
2020-06-28T21:00:00Z,30,0,0,0,0.233767,0.233,0.237,27.633333,27.5,27.7,3.903967,3.902,3.905,9721,9750,0,0,0,0
2020-06-28T22:00:00Z,29,0,0,0,0.233345,0.233,0.235,27.655172,27.5,27.8,3.903655,3.902,3.905,9751,9779,0,0,0,0
2020-06-28T23:00:00Z,28,0.210964,0,0.524,0.233286,0.233,0.235,28.425,27.8,29,3.902643,3.9,3.904,9780,9808,0,0,0,0
2020-06-29T00:00:00Z,30,0.705433,0.554,0.892,0.231867,0.23,0.233,29.86,29.1,30.2,3.9024,3.9,3.905,9809,9838,0,0,0,0
2020-06-29T01:00:00Z,29,1.012621,0.656,1.338,0.230069,0.228,0.232,31.424138,30.2,32.1,3.902138,3.9,3.904,9839,9867,0,0,0,0
2020-06-29T02:00:00Z,28,2.236571,1.003,4.424,0.227607,0.225,0.232,34.132143,31.6,36.4,3.9025,3.9,3.904,9868,9896,0,0,0,0
2020-06-29T03:00:00Z,27,2.279519,1.435,3.593,0.22563,0.224,0.228,36.077778,35.5,36.8,3.902222,3.9,3.904,9897,9925,0,0,0,0
2020-06-29T04:00:00Z,30,2.210733,0,5.033,0.2244,0.223,0.229,37.333333,32.4,38.6,3.902067,3.9,3.904,9926,9955,0,0,0,0
2020-06-29T05:00:00Z,28,0.438148,0,0.605,0.233107,0.23,0.236,28.260714,27.4,31.4,3.897893,3.895,3.9,9956,9983,0,0,0,0
2020-06-29T06:00:00Z,29,0.505172,0.393,0.631,0.233241,0.233,0.235,28.475862,28.2,28.7,3.895655,3.894,3.897,9985,10013,0,0,0,0
2020-06-29T07:00:00Z,29,0.348862,0,0.451,0.233138,0.233,0.235,28.7,28.5,29,3.894828,3.894,3.895,10014,10043,0,0,0,0
2020-06-29T08:00:00Z,29,0.364071,0.341,0.392,0.233241,0.233,0.236,28.031034,27.5,28.6,3.894414,3.894,3.895,10044,10072,0,0,0,0
2020-06-29T09:00:00Z,28,0.062481,0,0.349,0.233643,0.233,0.236,27.546429,27.4,27.7,3.893964,3.892,3.895,10073,10101,0,0,0,0
2020-06-29T10:00:00Z,29,0,0,0,0.233621,0.233,0.236,27.424138,27.4,27.6,3.892483,3.89,3.894,10102,10131,0,0,0,0
2020-06-29T11:00:00Z,26,0,0,0,0.233423,0.232,0.236,27.730769,27.5,28.1,3.891692,3.889,3.894,10132,10159,0,0,0,0
2020-06-29T12:00:00Z,30,0,0,0,0.233267,0.233,0.235,28.173333,28,28.4,3.890567,3.889,3.894,10160,10189,0,0,0,0
2020-06-29T13:00:00Z,29,0,0,0,0.233172,0.233,0.235,28.575862,28.4,28.6,3.89031,3.889,3.892,10190,10218,0,0,0,0
2020-06-29T14:00:00Z,25,0,0,0,0.23316,0.232,0.235,28.572,28.3,28.8,3.88928,3.887,3.892,10219,10247,0,0,0,0
2020-06-29T15:00:00Z,30,0,0,0,0.233367,0.233,0.235,28.493333,28.3,28.6,3.888833,3.885,3.89,10248,10277,0,0,0,0
2020-06-29T16:00:00Z,28,0,0,0,0.233286,0.233,0.236,28.175,28.1,28.6,3.8885,3.885,3.89,10278,10306,0,0,0,0
2020-06-29T17:00:00Z,26,0,0,0,0.233269,0.233,0.235,28.2,28.1,28.5,3.887769,3.885,3.889,10307,10335,0,0,0,0
2020-06-29T18:00:00Z,30,0,0,0,0.233233,0.233,0.235,28.39,28.1,28.6,3.887133,3.885,3.889,10336,10365,0,0,0,0
2020-06-29T19:00:00Z,29,0,0,0,0.233759,0.233,0.236,28.082759,27.9,28.2,3.886069,3.884,3.889,10366,10394,0,0,0,0
2020-06-29T20:00:00Z,30,0,0,0,0.233367,0.233,0.235,27.69,27.6,27.9,3.8856,3.884,3.887,10395,10424,0,0,0,0
2020-06-29T21:00:00Z,29,0,0,0,0.233931,0.233,0.236,27.689655,27.6,27.7,3.885069,3.884,3.887,10425,10453,0,0,0,0
2020-06-29T22:00:00Z,29,0,0,0,0.23369,0.233,0.236,27.72069,27.6,27.9,3.884552,3.882,3.887,10454,10482,0,0,0,0
2020-06-29T23:00:00Z,30,0.163267,0,0.575,0.233167,0.233,0.234,28.106667,27.8,28.6,3.8843,3.882,3.887,10483,10512,0,0,0,0
2020-06-30T00:00:00Z,29,1.03769,0.605,1.484,0.231931,0.23,0.234,30.044828,28.7,31.6,3.885034,3.882,3.889,10513,10541,0,0,0,0
2020-06-30T01:00:00Z,29,2.177448,1.321,4.314,0.227724,0.223,0.231,33.862069,32.3,39,3.887517,3.884,3.892,10543,10571,0,0,0,0
2020-06-30T02:00:00Z,29,3.946069,1.891,4.923,0.219517,0.218,0.223,43.3,39.5,45.1,3.892034,3.889,3.894,10572,10600,0,0,0,0
2020-06-30T03:00:00Z,29,4.221655,1.184,5.198,0.217138,0.216,0.221,46.489655,44.8,47.7,3.894103,3.892,3.895,10601,10629,0,0,0,0
2020-06-30T04:00:00Z,30,2.638267,0.47,5.444,0.220233,0.217,0.224,41.973333,36.9,44.7,3.893467,3.889,3.895,10630,10659,0,0,0,0
2020-06-30T05:00:00Z,28,1.930821,0.534,5.259,0.2245,0.222,0.228,37.414286,35.4,40.4,3.8915,3.89,3.894,10660,10688,0,0,0,0
2020-06-30T06:00:00Z,15,0.9322,0.431,1.574,0.226933,0.226,0.228,34.633333,33.3,35.4,3.889133,3.887,3.892,10689,10714,0,0,0,0
2020-06-30T07:00:00Z,22,0.417455,0.393,0.472,0.228591,0.228,0.232,32.768182,32.5,33,3.886455,3.884,3.889,10715,10742,0,0,0,0
2020-06-30T08:00:00Z,26,0.282308,0,0.393,0.229423,0.228,0.233,32.073077,31.6,32.6,3.884192,3.882,3.887,10743,10770,0,0,0,0
2020-06-30T09:00:00Z,21,0,0,0,0.23081,0.229,0.233,30.833333,30.2,31.5,3.882286,3.88,3.884,10771,10793,0,0,0,0
2020-06-30T10:00:00Z,22,0,0,0,0.231682,0.23,0.233,30.159091,30.1,30.7,3.879091,3.877,3.88,10804,10826,0,0,0,0
2020-06-30T11:00:00Z,24,0,0,0,0.231583,0.231,0.233,30.075,30,30.1,3.878583,3.875,3.88,10827,10854,0,0,0,0
2020-06-30T12:00:00Z,26,0,0,0,0.231731,0.231,0.233,29.973077,29.8,30.1,3.877962,3.875,3.88,10855,10882,0,0,0,0
2020-06-30T13:00:00Z,27,0,0,0,0.232259,0.231,0.233,29.885185,29.8,30,3.877852,3.875,3.88,10883,10911,0,0,0,0
2020-06-30T14:00:00Z,25,0,0,0,0.23204,0.231,0.233,29.92,29.8,30,3.87672,3.874,3.879,10913,10940,0,0,0,0
2020-06-30T15:00:00Z,27,0,0,0,0.232259,0.231,0.233,29.859259,29.6,30,3.875852,3.874,3.877,10941,10969,0,0,0,0
2020-06-30T16:00:00Z,29,0,0,0,0.233034,0.232,0.235,29.210345,29.1,29.5,3.876,3.874,3.879,10970,10998,0,0,0,0
2020-06-30T17:00:00Z,30,0,0,0,0.232967,0.232,0.234,29.053333,28.9,29.2,3.8752,3.872,3.877,10999,11028,0,0,0,0
2020-06-30T18:00:00Z,28,0,0,0,0.232857,0.232,0.234,29.128571,29.1,29.2,3.874929,3.874,3.877,11029,11057,0,0,0,0
2020-06-30T19:00:00Z,30,0,0,0,0.232933,0.231,0.235,29.05,28.9,29.2,3.8755,3.874,3.877,11058,11087,0,0,0,0
2020-06-30T20:00:00Z,29,0,0,0,0.232931,0.232,0.234,29.017241,28.8,29.2,3.874655,3.872,3.875,11088,11116,0,0,0,0
2020-06-30T21:00:00Z,30,0,0,0,0.233067,0.232,0.235,28.73,28.6,28.9,3.874333,3.872,3.875,11117,11146,0,0,0,0
2020-06-30T22:00:00Z,29,0,0,0,0.233034,0.232,0.235,28.706897,28.7,28.8,3.87431,3.872,3.877,11147,11175,0,0,0,0
2020-06-30T23:00:00Z,30,0.068267,0,0.439,0.2331,0.232,0.234,28.893333,28.7,29.3,3.873933,3.872,3.875,11176,11205,0,0,0,0
2020-07-01T00:00:00Z,28,0.539536,0.4,0.697,0.231821,0.231,0.233,30.121429,29.4,30.8,3.87475,3.874,3.877,11206,11234,0,0,0,0
2020-07-01T01:00:00Z,29,0.869552,0.633,1.112,0.230414,0.229,0.232,31.406897,30.9,32.2,3.874966,3.872,3.879,11235,11263,0,0,0,0
2020-07-01T02:00:00Z,25,2.66876,1.335,5.112,0.22564,0.223,0.229,36.06,32.6,38,3.87576,3.874,3.879,11265,11291,0,0,0,0
2020-07-01T03:00:00Z,29,2.913931,1.81,4.616,0.223724,0.222,0.226,38.262069,36.7,39.5,3.876586,3.875,3.879,11292,11320,0,0,0,0
2020-07-01T04:00:00Z,24,2.688417,1.472,5.326,0.223917,0.221,0.227,37.9875,36.6,41.4,3.87675,3.875,3.879,11321,11347,0,0,0,0
2020-07-01T05:00:00Z,26,3.691769,1.656,5.405,0.218846,0.216,0.222,44.076923,40.5,47.1,3.878769,3.877,3.88,11350,11376,0,0,0,0
2020-07-01T06:00:00Z,27,3.350296,1.467,5.179,0.219815,0.217,0.223,42.948148,40,44.7,3.87737,3.875,3.88,11377,11404,0,0,0,0
2020-07-01T07:00:00Z,25,0.85292,0,3.445,0.22464,0.219,0.23,37.548,33,43.4,3.87528,3.872,3.879,11405,11432,0,0,0,0
2020-07-01T08:00:00Z,27,0.988963,0,2.456,0.229296,0.228,0.233,32.377778,30.4,33.7,3.872,3.871,3.874,11434,11461,0,0,0,0
2020-07-01T09:00:00Z,22,0,0,0,0.232273,0.23,0.233,29.518182,28.7,30.5,3.870727,3.869,3.871,11462,11488,0,0,0,0
2020-07-01T10:00:00Z,25,0,0,0,0.23248,0.232,0.235,29.9,29.3,30.1,3.8694,3.869,3.871,11489,11516,0,0,0,0
2020-07-01T11:00:00Z,28,0,0,0,0.232357,0.232,0.234,29.989286,29.6,30.1,3.869071,3.869,3.871,11517,11545,0,0,0,0
2020-07-01T12:00:00Z,27,0,0,0,0.232259,0.231,0.233,30.037037,30,30.1,3.868333,3.867,3.869,11546,11573,0,0,0,0
2020-07-01T13:00:00Z,27,0,0,0,0.232407,0.232,0.234,30.02963,30,30.1,3.867556,3.866,3.869,11574,11602,0,0,0,0
2020-07-01T14:00:00Z,25,0,0,0,0.23228,0.231,0.234,30.088,30,30.2,3.86704,3.866,3.869,11603,11630,0,0,0,0
2020-07-01T15:00:00Z,28,0,0,0,0.232179,0.231,0.233,30.1,30,30.2,3.866607,3.864,3.867,11631,11658,0,0,0,0
2020-07-01T16:00:00Z,29,0,0,0,0.231724,0.231,0.233,30.437931,30.3,30.7,3.866552,3.866,3.867,11660,11688,0,0,0,0
2020-07-01T17:00:00Z,30,0,0,0,0.232133,0.231,0.233,30.196667,30.1,30.6,3.865933,3.864,3.867,11689,11718,0,0,0,0
2020-07-01T18:00:00Z,29,0,0,0,0.232345,0.231,0.233,30.089655,30,30.1,3.865103,3.862,3.867,11719,11747,0,0,0,0
2020-07-01T19:00:00Z,28,0,0,0,0.232429,0.232,0.236,29.857143,29.4,30.1,3.865036,3.864,3.867,11748,11776,0,0,0,0
2020-07-01T20:00:00Z,29,0,0,0,0.233034,0.232,0.234,29.389655,29.3,29.5,3.863414,3.861,3.866,11777,11806,0,0,0,0
2020-07-01T21:00:00Z,29,0,0,0,0.233138,0.232,0.235,29.306897,29.2,29.5,3.862966,3.859,3.866,11807,11835,0,0,0,0
2020-07-01T22:00:00Z,30,0,0,0,0.2332,0.232,0.236,29.176667,29,29.3,3.862,3.861,3.864,11836,11865,0,0,0,0
2020-07-01T23:00:00Z,29,0.283724,0,0.703,0.233172,0.232,0.235,29.32069,29,30.1,3.861552,3.859,3.864,11866,11894,0,0,0,0
2020-07-02T00:00:00Z,28,0.758429,0.392,1.31,0.232,0.231,0.233,30.439286,29.9,31.4,3.861714,3.859,3.864,11895,11923,0,0,0,0
2020-07-02T01:00:00Z,28,2.044321,1.107,5.146,0.229036,0.223,0.233,33.282143,31.4,40.6,3.862571,3.861,3.864,11924,11952,0,0,0,0
2020-07-02T02:00:00Z,8,4.88275,4.355,5.116,0.218125,0.214,0.223,45.6125,41.3,48.7,3.864875,3.864,3.867,11953,11978,0,0,0,0
2020-07-02T03:00:00Z,29,4.693069,2.217,5.175,0.215034,0.213,0.218,48.489655,46.1,50.6,3.865621,3.864,3.867,11979,12007,0,0,0,0
2020-07-02T04:00:00Z,27,4.383333,1.233,5.187,0.214519,0.213,0.219,49.177778,47,50.2,3.864926,3.862,3.867,12008,12036,0,0,0,0
2020-07-02T05:00:00Z,28,3.053429,1.179,5.32,0.219321,0.216,0.223,43.832143,41.1,47.4,3.861179,3.857,3.864,12038,12065,0,0,0,0
2020-07-02T06:00:00Z,27,2.769296,0.995,5.126,0.220074,0.218,0.223,43.518519,39.9,45.6,3.859815,3.857,3.862,12066,12093,0,0,0,0
2020-07-02T07:00:00Z,21,2.083048,0.839,4.747,0.220762,0.219,0.223,42.257143,39.3,44,3.857714,3.856,3.861,12094,12121,0,0,0,0
2020-07-02T08:00:00Z,28,1.065893,0.57,1.736,0.22475,0.22,0.228,37.614286,37,38.7,3.855821,3.854,3.857,12122,12150,0,0,0,0
2020-07-02T09:00:00Z,28,0.454964,0,1.066,0.226393,0.224,0.229,35.832143,33.1,36.9,3.853393,3.851,3.856,12151,12179,0,0,0,0
2020-07-02T10:00:00Z,23,0,0,0,0.230087,0.228,0.233,31.756522,31.3,32.8,3.849957,3.847,3.851,12180,12207,0,0,0,0
2020-07-02T11:00:00Z,28,0,0,0,0.232214,0.23,0.233,30.182143,29.3,31.4,3.847714,3.844,3.851,12208,12236,0,0,0,0
2020-07-02T12:00:00Z,28,0,0,0,0.233857,0.232,0.237,28.389286,27.8,30.1,3.846357,3.844,3.849,12237,12265,0,0,0,0
2020-07-02T13:00:00Z,29,0,0,0,0.233552,0.233,0.236,28.434483,28,28.7,3.845448,3.844,3.847,12266,12294,0,0,0,0
2020-07-02T14:00:00Z,26,0,0,0,0.233346,0.233,0.236,28.746154,28.2,29.1,3.844,3.842,3.846,12295,12322,0,0,0,0
2020-07-02T15:00:00Z,30,0,0,0,0.2339,0.233,0.236,27.803333,27.4,28.4,3.842733,3.842,3.844,12323,12352,0,0,0,0
2020-07-02T16:00:00Z,29,0,0,0,0.233862,0.233,0.236,27.989655,27.6,28.3,3.842414,3.841,3.844,12353,12381,0,0,0,0
2020-07-02T17:00:00Z,29,0,0,0,0.234414,0.233,0.236,27.986207,27.8,28.5,3.841621,3.841,3.842,12382,12410,0,0,0,0
2020-07-02T18:00:00Z,30,0,0,0,0.233367,0.233,0.236,28.593333,28.5,28.6,3.841367,3.841,3.842,12411,12440,0,0,0,0
2020-07-02T19:00:00Z,26,0,0,0,0.233731,0.233,0.236,28.196154,27.9,28.6,3.840962,3.839,3.842,12442,12469,0,0,0,0
2020-07-02T20:00:00Z,30,0,0,0,0.233233,0.233,0.234,28.25,28.1,28.6,3.8408,3.839,3.842,12470,12499,0,0,0,0
2020-07-02T21:00:00Z,29,0,0,0,0.233483,0.233,0.236,28.472414,28.2,28.7,3.841,3.839,3.842,12500,12528,0,0,0,0
2020-07-02T22:00:00Z,30,0,0,0,0.2338,0.233,0.236,28.236667,28.1,28.5,3.840633,3.838,3.842,12529,12558,0,0,0,0
2020-07-02T23:00:00Z,27,0,0,0,0.233444,0.233,0.236,28.322222,28.1,28.6,3.839519,3.838,3.841,12559,12587,0,0,0,0
2020-07-03T00:00:00Z,29,0.473966,0,0.943,0.232966,0.232,0.234,29.206897,28.5,30,3.839069,3.838,3.841,12588,12616,0,0,0,0
2020-07-03T01:00:00Z,30,1.249133,0.962,1.782,0.231367,0.229,0.233,30.97,30,32.1,3.8388,3.838,3.841,12617,12646,0,0,0,0
2020-07-03T02:00:00Z,29,2.549621,0.971,5.241,0.227793,0.224,0.233,33.896552,31.6,37.8,3.839207,3.838,3.841,12647,12675,0,0,0,0
2020-07-03T03:00:00Z,29,2.313483,0.78,2.945,0.226,0.224,0.228,36.486207,35.3,37,3.839897,3.839,3.841,12676,12704,0,0,0,0
2020-07-03T04:00:00Z,24,1.543292,1.069,1.984,0.22725,0.226,0.228,34.858333,34.3,35.3,3.839292,3.838,3.841,12705,12732,0,0,0,0
2020-07-03T05:00:00Z,26,1.247885,0.823,1.522,0.227808,0.227,0.23,34.311538,34,34.8,3.837346,3.836,3.839,12733,12761,0,0,0,0
2020-07-03T06:00:00Z,26,1.614231,0.733,2.492,0.228192,0.228,0.23,33.476923,32.8,34,3.835808,3.833,3.838,12762,12790,0,0,0,0
2020-07-03T07:00:00Z,24,1.86875,1.082,4.034,0.2275,0.227,0.228,34.7125,33.9,35.4,3.834917,3.833,3.838,12791,12818,0,0,0,0
2020-07-03T08:00:00Z,27,1.365296,0.952,1.669,0.228222,0.227,0.231,34.066667,33.5,34.5,3.833963,3.833,3.836,12819,12847,0,0,0,0
2020-07-03T09:00:00Z,29,0.659586,0.51,0.916,0.229034,0.228,0.232,32.810345,32.1,33.5,3.832517,3.829,3.834,12848,12876,0,0,0,0
2020-07-03T10:00:00Z,28,0.188286,0,0.529,0.230393,0.229,0.233,31.532143,30.8,32.2,3.831143,3.829,3.833,12877,12905,0,0,0,0
2020-07-03T11:00:00Z,24,0,0,0,0.231875,0.231,0.233,30.2875,30.1,30.8,3.829875,3.828,3.831,12906,12933,0,0,0,0
2020-07-03T12:00:00Z,30,0,0,0,0.2326,0.231,0.234,30.053333,30,30.3,3.8289,3.826,3.831,12935,12964,0,0,0,0
2020-07-03T13:00:00Z,29,0,0,0,0.232759,0.232,0.234,29.848276,29.7,30,3.828276,3.826,3.829,12965,12993,0,0,0,0
2020-07-03T14:00:00Z,28,0,0,0,0.23275,0.232,0.235,29.867857,29.6,30,3.826929,3.824,3.829,12994,13022,0,0,0,0
2020-07-03T15:00:00Z,28,0,0,0,0.23275,0.232,0.234,29.725,29.6,29.9,3.82575,3.823,3.828,13023,13051,0,0,0,0
2020-07-03T16:00:00Z,30,0,0,0,0.233067,0.232,0.236,29.676667,29.5,29.8,3.8249,3.823,3.826,13052,13081,0,0,0,0
2020-07-03T17:00:00Z,29,0,0,0,0.232966,0.232,0.234,29.772414,29.6,29.9,3.823897,3.823,3.826,13082,13110,0,0,0,0
2020-07-03T18:00:00Z,30,0,0,0,0.2329,0.231,0.235,29.766667,29.5,30,3.823567,3.821,3.826,13111,13140,0,0,0,0
2020-07-03T19:00:00Z,29,0,0,0,0.233,0.232,0.235,29.631034,29.4,29.8,3.823034,3.821,3.824,13141,13169,0,0,0,0
2020-07-03T20:00:00Z,29,0,0,0,0.232828,0.232,0.233,29.7,29.6,29.8,3.823069,3.821,3.824,13170,13198,0,0,0,0
2020-07-03T21:00:00Z,28,0,0,0,0.233036,0.232,0.234,29.392857,29.2,29.7,3.822464,3.819,3.824,13199,13228,0,0,0,0
2020-07-03T22:00:00Z,28,0,0,0,0.233214,0.232,0.235,29.203571,29.1,29.3,3.822179,3.821,3.824,13229,13257,0,0,0,0
2020-07-03T23:00:00Z,28,0.245429,0,0.682,0.233143,0.232,0.235,29.285714,29,29.8,3.821571,3.819,3.823,13258,13286,0,0,0,0
2020-07-04T00:00:00Z,30,0.8096,0.71,0.918,0.232,0.231,0.233,30.356667,29.8,31,3.821133,3.819,3.823,13287,13316,0,0,0,0
2020-07-04T01:00:00Z,29,2.139931,0.802,5.169,0.229586,0.226,0.232,32.544828,31,37.4,3.822103,3.821,3.824,13317,13345,0,0,0,0
2020-07-04T02:00:00Z,30,4.995233,4.784,5.044,0.2183,0.215,0.226,45.533333,38.4,48.2,3.825767,3.823,3.828,13346,13375,0,0,0,0
2020-07-04T03:00:00Z,29,4.680552,2.807,5.074,0.215586,0.213,0.219,48.07931,46,49.3,3.825931,3.824,3.829,13376,13404,0,0,0,0
2020-07-04T04:00:00Z,29,2.709517,2.074,5.048,0.222241,0.218,0.225,40.317241,38.5,45.7,3.82431,3.823,3.826,13405,13433,0,0,0,0
2020-07-04T05:00:00Z,30,3.2034,2.579,4.234,0.223333,0.222,0.227,39.953333,39.3,40.6,3.823367,3.821,3.826,13434,13463,0,0,0,0
2020-07-04T06:00:00Z,28,2.793214,1.733,4.623,0.223107,0.222,0.226,39.585714,38.6,40.5,3.822821,3.821,3.824,13464,13492,0,0,0,0
2020-07-04T07:00:00Z,26,3.024231,1.494,4.985,0.221769,0.219,0.224,41.346154,40,42.9,3.8225,3.821,3.824,13493,13521,0,0,0,0
2020-07-04T08:00:00Z,28,1.128036,0.821,1.441,0.224179,0.222,0.227,38.114286,36.8,41.3,3.821643,3.819,3.823,13523,13550,0,0,0,0
2020-07-04T09:00:00Z,27,0.493185,0,0.741,0.226185,0.225,0.228,36.133333,35.4,36.7,3.819741,3.819,3.821,13551,13579,0,0,0,0
2020-07-04T10:00:00Z,26,0.395808,0,0.602,0.226731,0.225,0.229,35.476923,34.8,36,3.8185,3.818,3.819,13580,13606,0,0,0,0
2020-07-04T11:00:00Z,25,0,0,0,0.22816,0.227,0.23,33.816,33.2,35.3,3.81788,3.816,3.819,13610,13636,0,0,0,0
2020-07-04T12:00:00Z,28,0,0,0,0.228607,0.228,0.231,32.992857,32.8,33.3,3.817357,3.816,3.818,13637,13665,0,0,0,0
2020-07-04T13:00:00Z,29,0,0,0,0.229276,0.228,0.232,32.644828,32.5,32.7,3.816414,3.816,3.818,13666,13694,0,0,0,0
2020-07-04T14:00:00Z,29,0,0,0,0.229793,0.229,0.232,32.148276,32,32.5,3.816,3.814,3.818,13695,13723,0,0,0,0
2020-07-04T15:00:00Z,27,0,0,0,0.230148,0.228,0.232,31.759259,31.6,32.3,3.814963,3.814,3.816,13724,13752,0,0,0,0
2020-07-04T16:00:00Z,29,0,0,0,0.230448,0.23,0.233,31.510345,31.4,31.7,3.814207,3.813,3.816,13753,13782,0,0,0,0
2020-07-04T17:00:00Z,26,0,0,0,0.230538,0.23,0.232,31.438462,31.3,31.6,3.813577,3.813,3.816,13785,13811,0,0,0,0
2020-07-04T18:00:00Z,28,0,0,0,0.231071,0.23,0.233,31.307143,31.1,31.4,3.812536,3.809,3.814,13812,13840,0,0,0,0
2020-07-04T19:00:00Z,30,0,0,0,0.231133,0.23,0.233,31.13,30.9,31.3,3.8112,3.809,3.813,13841,13870,0,0,0,0
2020-07-04T20:00:00Z,29,0,0,0,0.231724,0.231,0.233,30.668966,30.5,31.1,3.810345,3.808,3.813,13871,13899,0,0,0,0
2020-07-04T21:00:00Z,30,0,0,0,0.231567,0.231,0.233,30.3,30.1,30.5,3.809333,3.808,3.811,13900,13929,0,0,0,0
2020-07-04T22:00:00Z,29,0,0,0,0.232069,0.231,0.233,30.324138,30.2,30.6,3.808621,3.808,3.811,13930,13958,0,0,0,0
2020-07-04T23:00:00Z,29,0.226931,0,0.444,0.231517,0.23,0.233,30.834483,30.4,31.4,3.808138,3.805,3.809,13959,13987,0,0,0,0
2020-07-05T00:00:00Z,30,0.564033,0.4,0.706,0.2299,0.229,0.232,32.086667,31.4,32.7,3.807433,3.806,3.809,13988,14017,0,0,0,0
2020-07-05T01:00:00Z,29,1.827931,0.477,4.89,0.226966,0.219,0.23,35.065517,32.6,43.6,3.807793,3.806,3.811,14018,14046,0,0,0,0
2020-07-05T02:00:00Z,30,3.753233,2.414,4.897,0.2167,0.213,0.221,46.873333,42.9,50.3,3.810733,3.808,3.813,14047,14076,0,0,0,0
2020-07-05T03:00:00Z,27,3.518778,1.428,5.236,0.220741,0.216,0.223,41.944444,38,47.3,3.808222,3.806,3.809,14077,14104,0,0,0,0
2020-07-05T04:00:00Z,29,0.197828,0,1.31,0.225379,0.218,0.232,36.944828,31.4,45.8,3.806172,3.803,3.808,14105,14134,0,0,0,0
2020-07-05T05:00:00Z,28,2.207643,0,5.6,0.230071,0.224,0.233,31.939286,29.1,37,3.802857,3.8,3.806,14135,14163,0,0,0,0
2020-07-05T06:00:00Z,29,1.695759,0,5.312,0.227172,0.224,0.232,35.075862,33,36.8,3.801345,3.8,3.803,14164,14192,0,0,0,0
2020-07-05T07:00:00Z,28,0.012107,0,0.339,0.233607,0.228,0.236,28.192857,27,32.7,3.798,3.796,3.8,14193,14221,0,0,0,0
2020-07-05T08:00:00Z,29,0.214655,0,0.485,0.233621,0.233,0.235,27.793103,27.4,28.2,3.795,3.793,3.798,14222,14251,0,0,0,0
2020-07-05T09:00:00Z,29,0,0,0,0.233379,0.233,0.235,28.448276,28,28.7,3.793828,3.791,3.795,14252,14280,0,0,0,0
2020-07-05T10:00:00Z,28,0,0,0,0.233536,0.233,0.236,27.982143,27.3,28.7,3.792214,3.791,3.795,14281,14309,0,0,0,0
2020-07-05T11:00:00Z,28,0,0,0,0.23375,0.233,0.236,27.435714,27.3,27.7,3.790464,3.79,3.791,14310,14338,0,0,0,0
2020-07-05T12:00:00Z,28,0,0,0,0.234,0.233,0.236,27.728571,27.7,27.8,3.789857,3.788,3.79,14339,14367,0,0,0,0
2020-07-05T13:00:00Z,27,0,0,0,0.234148,0.233,0.236,27.737037,27.6,28.4,3.789259,3.788,3.79,14368,14396,0,0,0,0
2020-07-05T14:00:00Z,30,0,0,0,0.2334,0.233,0.236,27.996667,27.8,28.1,3.787,3.785,3.788,14397,14426,0,0,0,0
2020-07-05T15:00:00Z,29,0,0,0,0.23369,0.233,0.236,28.434483,28.1,28.6,3.785414,3.783,3.788,14427,14455,0,0,0,0
2020-07-05T16:00:00Z,29,0,0,0,0.233379,0.233,0.236,28.386207,28.2,28.6,3.783207,3.781,3.785,14456,14484,0,0,0,0
2020-07-05T17:00:00Z,30,0,0,0,0.233633,0.233,0.236,28.32,28.2,28.5,3.782667,3.78,3.785,14485,14514,0,0,0,0
2020-07-05T18:00:00Z,29,0,0,0,0.233448,0.233,0.236,28.331034,28.1,28.7,3.780414,3.778,3.783,14515,14543,0,0,0,0
2020-07-05T19:00:00Z,29,0,0,0,0.233448,0.233,0.236,28.706897,28.6,29,3.777897,3.775,3.78,14544,14573,0,0,0,0
2020-07-05T20:00:00Z,29,0,0,0,0.233276,0.233,0.235,28.665517,28.6,28.7,3.775793,3.773,3.778,14574,14602,0,0,0,0
2020-07-05T21:00:00Z,30,0,0,0,0.233167,0.232,0.235,28.653333,28.6,28.7,3.7749,3.773,3.778,14603,14632,0,0,0,0
2020-07-05T22:00:00Z,29,0,0,0,0.233241,0.233,0.235,28.624138,28.5,28.7,3.773448,3.772,3.775,14633,14661,0,0,0,0
2020-07-05T23:00:00Z,29,0.282036,0,0.754,0.233103,0.232,0.235,29.07931,28.7,30,3.772207,3.77,3.773,14662,14690,0,0,0,0
2020-07-06T00:00:00Z,29,0.894966,0.577,1.695,0.231034,0.229,0.233,31.103448,30.1,32.7,3.770103,3.767,3.773,14691,14720,0,0,0,0
2020-07-06T01:00:00Z,29,1.219276,0.477,2.333,0.227966,0.227,0.229,33.424138,32.2,35,3.768069,3.767,3.77,14721,14749,0,0,0,0
2020-07-06T02:00:00Z,28,1.0355,0.47,1.723,0.229607,0.228,0.232,32.010714,31.2,32.7,3.766679,3.765,3.768,14750,14778,0,0,0,0
2020-07-06T03:00:00Z,30,0.564067,0,4.064,0.232,0.23,0.235,29.816667,27.4,31.6,3.764867,3.763,3.767,14779,14808,0,0,0,0
2020-07-06T04:00:00Z,29,0.147862,0,0.551,0.234172,0.233,0.236,27.582759,27.4,28,3.763759,3.763,3.765,14809,14837,0,0,0,0
2020-07-06T05:00:00Z,30,1.454667,0.577,2.984,0.232767,0.23,0.236,29.293333,28.1,31.1,3.7632,3.763,3.765,14838,14867,0,0,0,0
2020-07-06T06:00:00Z,29,3.178621,0.385,5.315,0.227586,0.223,0.232,33.889655,31.3,37.9,3.763069,3.763,3.765,14868,14896,0,0,0,0
2020-07-06T07:00:00Z,30,3.343267,0.498,5.351,0.224767,0.223,0.229,36.986667,34,39.1,3.763,3.763,3.763,14897,14926,0,0,0,0
2020-07-06T08:00:00Z,28,1.0965,0.572,2.807,0.227286,0.223,0.231,34.592857,32.7,37.9,3.762786,3.762,3.763,14927,14955,0,0,0,0
2020-07-06T09:00:00Z,28,0.479786,0,0.972,0.229071,0.228,0.232,32.553571,32.4,32.7,3.761536,3.76,3.763,14956,14984,0,0,0,0
2020-07-06T10:00:00Z,30,0,0,0,0.230733,0.229,0.233,31.54,31.3,32.4,3.759333,3.757,3.762,14985,15014,0,0,0,0
2020-07-06T11:00:00Z,29,0,0,0,0.231828,0.231,0.234,30.493103,30.1,31.3,3.757552,3.755,3.76,15015,15043,0,0,0,0
2020-07-06T12:00:00Z,30,0,0,0,0.232367,0.232,0.233,30.093333,30,30.1,3.755233,3.752,3.758,15044,15073,0,0,0,0
2020-07-06T13:00:00Z,28,0,0,0,0.232321,0.231,0.234,30.1,30.1,30.1,3.753036,3.747,3.757,15074,15102,0,0,0,0
2020-07-06T14:00:00Z,30,0,0,0,0.232367,0.232,0.233,30.03,29.9,30.1,3.7495,3.748,3.753,15103,15132,0,0,0,0
2020-07-06T15:00:00Z,29,0,0,0,0.232655,0.231,0.234,29.962069,29.7,30,3.747828,3.747,3.75,15133,15161,0,0,0,0
2020-07-06T16:00:00Z,30,0,0,0,0.2326,0.232,0.235,29.616667,29.6,29.7,3.745633,3.743,3.748,15162,15191,0,0,0,0
2020-07-06T17:00:00Z,28,0,0,0,0.233071,0.233,0.234,29.482143,29.3,29.7,3.74375,3.742,3.747,15192,15220,0,0,0,0
2020-07-06T18:00:00Z,30,0,0,0,0.2333,0.232,0.236,29.56,29.3,29.8,3.741667,3.74,3.743,15221,15250,0,0,0,0
2020-07-06T19:00:00Z,26,0,0,0,0.232846,0.232,0.233,29.461538,29.1,29.9,3.739654,3.737,3.742,15251,15279,0,0,0,0
2020-07-06T20:00:00Z,29,0,0,0,0.233207,0.232,0.236,29.417241,29.1,29.5,3.738069,3.737,3.74,15280,15308,0,0,0,0
2020-07-06T21:00:00Z,29,0,0,0,0.233103,0.233,0.234,29.32069,29,29.6,3.736793,3.735,3.739,15309,15338,0,0,0,0
2020-07-06T22:00:00Z,29,0,0,0,0.233034,0.232,0.235,28.913793,28.8,29.3,3.735069,3.734,3.737,15339,15367,0,0,0,0
2020-07-06T23:00:00Z,29,0.184276,0,0.551,0.232862,0.232,0.235,29.793103,29.4,30.1,3.734103,3.732,3.735,15368,15396,0,0,0,0
2020-07-07T00:00:00Z,29,0.512517,0,0.911,0.23131,0.229,0.233,30.924138,30.1,31.8,3.732862,3.73,3.735,15397,15426,0,0,0,0
2020-07-07T01:00:00Z,29,1.634552,0.542,4.665,0.227276,0.22,0.231,34.848276,32,42,3.731345,3.729,3.734,15427,15455,0,0,0,0
2020-07-07T02:00:00Z,30,3.712767,0.575,5.277,0.2192,0.216,0.223,44.136667,40.8,47.3,3.731067,3.729,3.734,15456,15485,0,0,0,0
2020-07-07T03:00:00Z,28,4.621286,0.89,5.384,0.218286,0.216,0.223,45.3,42.7,46.6,3.728714,3.725,3.73,15487,15514,0,0,0,0
2020-07-07T04:00:00Z,30,4.381567,1.315,5.43,0.218033,0.216,0.22,45.323333,43.3,47.2,3.727867,3.725,3.73,15515,15544,0,0,0,0
2020-07-07T05:00:00Z,28,4.990786,1.782,5.269,0.217143,0.216,0.22,46.785714,45.8,48.7,3.726286,3.724,3.729,15545,15573,0,0,0,0
2020-07-07T06:00:00Z,29,4.52669,1.015,5.351,0.217517,0.213,0.221,46.041379,44.7,48.7,3.724655,3.722,3.727,15574,15602,0,0,0,0
2020-07-07T07:00:00Z,29,3.577345,0.483,5.341,0.21931,0.217,0.223,43.913793,42,46.1,3.722414,3.72,3.725,15604,15632,0,0,0,0
2020-07-07T08:00:00Z,29,0.877207,0.495,2.912,0.224759,0.22,0.228,37.682759,35.3,43.3,3.719862,3.717,3.722,15633,15661,0,0,0,0
2020-07-07T09:00:00Z,30,0.269867,0,0.918,0.2277,0.227,0.23,34.8,34.3,35.4,3.717067,3.715,3.719,15662,15691,0,0,0,0
2020-07-07T10:00:00Z,28,0,0,0,0.228357,0.227,0.231,33.703571,33.1,34.2,3.714929,3.714,3.717,15692,15720,0,0,0,0
2020-07-07T11:00:00Z,28,0,0,0,0.229286,0.228,0.232,32.675,32.4,33,3.713571,3.712,3.714,15721,15749,0,0,0,0
2020-07-07T12:00:00Z,30,0,0,0,0.230433,0.229,0.233,31.816667,31.5,32.4,3.712067,3.712,3.714,15750,15779,0,0,0,0
2020-07-07T13:00:00Z,29,0,0,0,0.230655,0.23,0.233,31.47931,31.4,31.6,3.711379,3.71,3.712,15780,15808,0,0,0,0
2020-07-07T14:00:00Z,30,0,0,0,0.2309,0.23,0.233,31.48,31.4,31.7,3.7102,3.71,3.712,15809,15838,0,0,0,0
2020-07-07T15:00:00Z,29,0,0,0,0.231103,0.23,0.233,31.410345,31.3,31.6,3.709379,3.709,3.71,15839,15867,0,0,0,0
2020-07-07T16:00:00Z,29,0,0,0,0.231414,0.23,0.233,31.262069,31,31.4,3.708103,3.707,3.709,15868,15896,0,0,0,0
2020-07-07T17:00:00Z,30,0,0,0,0.231667,0.231,0.233,30.51,30.2,30.9,3.706267,3.704,3.707,15897,15926,0,0,0,0
2020-07-07T18:00:00Z,29,0,0,0,0.232069,0.231,0.233,30.303448,30.2,30.4,3.703448,3.702,3.706,15927,15955,0,0,0,0
2020-07-07T19:00:00Z,30,0,0,0,0.232367,0.232,0.235,30.146667,30.1,30.3,3.702433,3.701,3.704,15956,15985,0,0,0,0
2020-07-07T20:00:00Z,29,0,0,0,0.232241,0.231,0.233,30.106897,30,30.2,3.699345,3.697,3.702,15986,16014,0,0,0,0
2020-07-07T21:00:00Z,29,0,0,0,0.232862,0.232,0.234,29.951724,29.8,30,3.695517,3.691,3.699,16015,16044,0,0,0,0
2020-07-07T22:00:00Z,29,0,0,0,0.233034,0.232,0.234,29.682759,29.6,29.9,3.690793,3.686,3.696,16045,16073,0,0,0,0
2020-07-07T23:00:00Z,30,0.281167,0,0.688,0.232433,0.231,0.234,30.196667,29.6,31,3.687767,3.684,3.694,16074,16103,0,0,0,0
2020-07-08T00:00:00Z,28,0.841429,0.685,1.087,0.230321,0.229,0.232,31.739286,31.1,32.3,3.684464,3.682,3.689,16104,16132,0,0,0,0
2020-07-08T01:00:00Z,28,1.859857,1.071,3.957,0.2275,0.223,0.229,34.435714,32.6,39.4,3.682714,3.682,3.684,16133,16161,0,0,0,0
2020-07-08T02:00:00Z,30,3.4076,1.335,4.998,0.2203,0.217,0.225,42.703333,37.4,46.2,3.682267,3.679,3.684,16162,16191,0,0,0,0
2020-07-08T03:00:00Z,29,4.186379,0.897,5.236,0.219241,0.216,0.225,43.803448,39.7,47.3,3.681,3.679,3.682,16192,16220,0,0,0,0
2020-07-08T04:00:00Z,30,1.239367,0,2.889,0.2248,0.216,0.233,37.89,29.6,47.3,3.678433,3.676,3.681,16221,16250,0,0,0,0
2020-07-08T05:00:00Z,29,0.737643,0,1.695,0.233,0.232,0.235,28.982759,28.1,30,3.675069,3.673,3.677,16251,16279,0,0,0,0
2020-07-08T06:00:00Z,29,0.083897,0,0.71,0.234724,0.233,0.238,27.337931,26.5,29.6,3.673034,3.671,3.676,16280,16308,0,0,0,0
2020-07-08T07:00:00Z,30,0.011367,0,0.341,0.2354,0.234,0.238,26.666667,26.2,27.2,3.670033,3.668,3.673,16309,16338,0,0,0,0
2020-07-08T08:00:00Z,27,0.908556,0.375,1.207,0.233704,0.233,0.237,28.196296,27.3,29.1,3.668,3.666,3.669,16339,16367,0,0,0,0
2020-07-08T09:00:00Z,29,0.859828,0.59,1.176,0.233276,0.233,0.236,29.037931,28.8,29.2,3.665793,3.664,3.668,16368,16396,0,0,0,0
2020-07-08T10:00:00Z,28,0.076286,0,0.549,0.233607,0.233,0.235,28.721429,28.4,29,3.6635,3.661,3.664,16397,16426,0,0,0,0
2020-07-08T11:00:00Z,28,0,0,0,0.233929,0.233,0.236,27.946429,27.8,28.3,3.661857,3.661,3.663,16428,16455,0,0,0,0
2020-07-08T12:00:00Z,29,0,0,0,0.234276,0.233,0.237,27.927586,27.8,28.1,3.66031,3.659,3.663,16456,16484,0,0,0,0
2020-07-08T13:00:00Z,30,0,0,0,0.234133,0.233,0.236,27.73,27.7,27.9,3.6592,3.659,3.661,16485,16514,0,0,0,0
2020-07-08T14:00:00Z,29,0,0,0,0.233759,0.233,0.236,27.927586,27.7,28.1,3.658586,3.658,3.659,16515,16543,0,0,0,0
2020-07-08T15:00:00Z,30,0,0,0,0.233567,0.233,0.235,28.213333,28.1,28.3,3.658,3.658,3.658,16544,16573,0,0,0,0
2020-07-08T16:00:00Z,28,0,0,0,0.23375,0.233,0.236,28.171429,28.1,28.4,3.657786,3.656,3.658,16574,16602,0,0,0,0
2020-07-08T17:00:00Z,29,0,0,0,0.233655,0.233,0.236,28.044828,27.9,28.1,3.656276,3.654,3.658,16603,16631,0,0,0,0
2020-07-08T18:00:00Z,30,0,0,0,0.233967,0.233,0.236,27.936667,27.8,28.1,3.655233,3.653,3.658,16632,16661,0,0,0,0
2020-07-08T19:00:00Z,29,0,0,0,0.233414,0.233,0.235,28.2,28,28.6,3.653828,3.653,3.656,16662,16690,0,0,0,0
2020-07-08T20:00:00Z,30,0,0,0,0.2337,0.233,0.236,28.606667,28.6,28.7,3.652367,3.649,3.654,16691,16720,0,0,0,0
2020-07-08T21:00:00Z,29,0,0,0,0.233586,0.233,0.235,28.282759,28.1,28.6,3.649724,3.648,3.653,16721,16749,0,0,0,0
2020-07-08T22:00:00Z,30,0,0,0,0.2342,0.233,0.236,27.763333,27.6,28.1,3.648567,3.646,3.651,16750,16779,0,0,0,0
2020-07-08T23:00:00Z,29,0.250448,0,0.487,0.233241,0.232,0.235,28.617241,27.8,29.5,3.647276,3.646,3.649,16780,16808,0,0,0,0
2020-07-09T00:00:00Z,30,0.720767,0.503,1.039,0.231867,0.23,0.233,30.466667,29.6,31.4,3.645233,3.643,3.648,16809,16838,0,0,0,0
2020-07-09T01:00:00Z,29,1.731586,1.053,2.911,0.227621,0.224,0.231,34.137931,31.6,37.4,3.644034,3.643,3.648,16839,16867,0,0,0,0
2020-07-09T02:00:00Z,29,4.219103,2.937,4.698,0.218276,0.215,0.223,45.131034,37.9,47.5,3.645276,3.643,3.648,16868,16896,0,0,0,0
2020-07-09T03:00:00Z,30,4.407533,1.759,5.244,0.2162,0.213,0.219,47.13,44.7,48.4,3.644167,3.643,3.646,16897,16926,0,0,0,0
2020-07-09T04:00:00Z,27,4.095259,1.494,5.205,0.217926,0.215,0.222,45.02963,43.3,46.8,3.643074,3.641,3.644,16927,16955,0,0,0,0
2020-07-09T05:00:00Z,29,2.336,0.774,5.153,0.221138,0.217,0.226,41.393103,38,44.7,3.64031,3.638,3.643,16956,16985,0,0,0,0
2020-07-09T06:00:00Z,29,2.462621,1.136,4.751,0.222345,0.22,0.226,40.003448,37.9,42,3.638207,3.636,3.64,16986,17014,0,0,0,0
2020-07-09T07:00:00Z,30,3.6282,1.235,4.511,0.218567,0.217,0.222,44.11,42,45.7,3.6371,3.635,3.638,17015,17044,0,0,0,0
2020-07-09T08:00:00Z,28,1.296429,0.931,3.283,0.22225,0.219,0.224,39.525,37.5,42.7,3.635107,3.633,3.636,17045,17073,0,0,0,0
2020-07-09T09:00:00Z,29,0.413828,0,0.969,0.225552,0.224,0.229,36.282759,35.4,37.4,3.633414,3.631,3.635,17074,17102,0,0,0,0
2020-07-09T10:00:00Z,30,0,0,0,0.2272,0.226,0.229,34.853333,34.5,35.3,3.631567,3.63,3.633,17103,17132,0,0,0,0
2020-07-09T11:00:00Z,29,0,0,0,0.228034,0.227,0.231,33.772414,33.2,34.5,3.63031,3.628,3.631,17133,17161,0,0,0,0
2020-07-09T12:00:00Z,30,0,0,0,0.228767,0.228,0.233,33.01,32.7,33.4,3.628367,3.626,3.631,17162,17191,0,0,0,0
2020-07-09T13:00:00Z,29,0,0,0,0.228897,0.228,0.231,32.672414,32.6,32.7,3.626345,3.625,3.628,17192,17220,0,0,0,0
2020-07-09T14:00:00Z,30,0,0,0,0.2292,0.229,0.23,32.276667,32,32.6,3.6249,3.623,3.626,17221,17250,0,0,0,0
2020-07-09T15:00:00Z,29,0,0,0,0.229586,0.228,0.232,32.158621,32,32.3,3.622793,3.621,3.625,17251,17279,0,0,0,0
2020-07-09T16:00:00Z,30,0,0,0,0.2295,0.229,0.233,32.033333,31.8,32.3,3.621733,3.618,3.625,17280,17309,0,0,0,0
2020-07-09T17:00:00Z,29,0,0,0,0.230724,0.229,0.233,31.458621,31.2,31.8,3.619448,3.616,3.621,17310,17338,0,0,0,0
2020-07-09T18:00:00Z,29,0,0,0,0.231103,0.23,0.233,30.72069,30.2,31.2,3.617069,3.615,3.62,17339,17368,0,0,0,0
2020-07-09T19:00:00Z,29,0,0,0,0.231724,0.231,0.233,30.134483,30.1,30.2,3.615345,3.613,3.616,17369,17397,0,0,0,0
2020-07-09T20:00:00Z,29,0,0,0,0.231793,0.231,0.233,30.096552,30,30.1,3.613483,3.611,3.615,17398,17426,0,0,0,0
2020-07-09T21:00:00Z,29,0,0,0,0.232241,0.231,0.233,30.034483,29.9,30.1,3.611759,3.61,3.615,17427,17456,0,0,0,0
2020-07-09T22:00:00Z,28,0,0,0,0.231893,0.23,0.233,30.046429,29.9,30.1,3.609643,3.608,3.611,17457,17485,0,0,0,0
2020-07-09T23:00:00Z,30,0.237867,0,0.67,0.2312,0.23,0.232,30.636667,30,31.6,3.608967,3.608,3.611,17486,17515,0,0,0,0
2020-07-10T00:00:00Z,28,0.815286,0.552,1.075,0.228714,0.228,0.231,32.582143,31.6,33.8,3.60775,3.607,3.608,17516,17544,0,0,0,0
2020-07-10T01:00:00Z,27,1.99563,1.021,3.857,0.224519,0.218,0.229,37.418519,33.6,44.6,3.607333,3.607,3.608,17545,17573,0,0,0,0
2020-07-10T02:00:00Z,29,3.825828,1.085,4.911,0.215793,0.213,0.22,47.165517,43.6,49.2,3.607655,3.607,3.608,17574,17603,0,0,0,0
2020-07-10T03:00:00Z,28,3.640536,1.331,5.213,0.216179,0.211,0.219,46.907143,43.3,50.6,3.607286,3.607,3.608,17604,17632,0,0,0,0
2020-07-10T04:00:00Z,28,4.692286,1.661,5.015,0.216786,0.213,0.219,46.182143,43.2,48.5,3.606571,3.605,3.607,17633,17661,0,0,0,0
2020-07-10T05:00:00Z,30,4.787933,1.94,5.028,0.214467,0.212,0.218,48.21,47.2,49.6,3.605667,3.605,3.607,17662,17691,0,0,0,0
2020-07-10T06:00:00Z,29,4.842138,4.608,4.975,0.213793,0.212,0.217,48.67931,47.6,49.2,3.605,3.605,3.605,17692,17720,0,0,0,0
2020-07-10T07:00:00Z,27,2.254704,0.693,4.552,0.219889,0.213,0.226,42.788889,36.5,48.6,3.603852,3.602,3.605,17721,17749,0,0,0,0
2020-07-10T08:00:00Z,29,0.571448,0.487,0.744,0.227483,0.226,0.229,34.382759,33.5,36,3.601034,3.598,3.603,17750,17779,0,0,0,0
2020-07-10T09:00:00Z,29,0.291793,0,0.48,0.228379,0.228,0.231,33.031034,32.7,33.5,3.598759,3.598,3.6,17780,17808,0,0,0,0
2020-07-10T10:00:00Z,29,0,0,0,0.22869,0.228,0.231,32.465517,32.1,32.9,3.596517,3.593,3.598,17809,17838,0,0,0,0
2020-07-10T11:00:00Z,29,0,0,0,0.229172,0.228,0.231,32.213793,31.6,32.6,3.593966,3.592,3.597,17839,17867,0,0,0,0
2020-07-10T12:00:00Z,29,0,0,0,0.230862,0.229,0.233,31.337931,31.2,31.6,3.593172,3.592,3.595,17868,17896,0,0,0,0
2020-07-10T13:00:00Z,29,0,0,0,0.231103,0.23,0.233,31.268966,31.1,31.3,3.591552,3.588,3.593,17897,17926,0,0,0,0
2020-07-10T14:00:00Z,29,0,0,0,0.230931,0.23,0.233,31.351724,31.2,31.4,3.589931,3.588,3.592,17927,17955,0,0,0,0
2020-07-10T15:00:00Z,28,0,0,0,0.230786,0.23,0.233,31.267857,31.1,31.4,3.587929,3.585,3.59,17956,17984,0,0,0,0
2020-07-10T16:00:00Z,30,0,0,0,0.231067,0.23,0.233,30.733333,30.6,31.1,3.5856,3.583,3.588,17985,18014,0,0,0,0
2020-07-10T17:00:00Z,29,0,0,0,0.231759,0.23,0.233,30.403448,30.1,30.8,3.583414,3.582,3.585,18015,18043,0,0,0,0
2020-07-10T18:00:00Z,29,0,0,0,0.232138,0.231,0.233,30.082759,30,30.1,3.58231,3.582,3.583,18044,18072,0,0,0,0
2020-07-10T19:00:00Z,30,0,0,0,0.232,0.231,0.233,30.09,30,30.1,3.5811,3.58,3.583,18073,18102,0,0,0,0
2020-07-10T20:00:00Z,29,0,0,0,0.231931,0.231,0.233,30.086207,30,30.1,3.579862,3.578,3.582,18103,18131,0,0,0,0
2020-07-10T21:00:00Z,30,0,0,0,0.231633,0.231,0.233,30.203333,30,30.4,3.578467,3.578,3.58,18132,18161,0,0,0,0
2020-07-10T22:00:00Z,29,0,0,0,0.23269,0.231,0.235,29.434483,29.2,30,3.577828,3.577,3.578,18162,18190,0,0,0,0
2020-07-10T23:00:00Z,30,0.210034,0,0.472,0.232067,0.231,0.233,29.926667,29.4,30.4,3.5773,3.577,3.578,18191,18220,0,0,0,0
2020-07-11T00:00:00Z,29,0.652,0.418,1.261,0.230759,0.228,0.233,31.048276,30.5,31.8,3.577,3.575,3.578,18221,18249,0,0,0,0
2020-07-11T01:00:00Z,29,1.907483,0.588,4.857,0.226172,0.219,0.232,35.737931,32.1,43.8,3.576793,3.575,3.578,18250,18279,0,0,0,0
2020-07-11T02:00:00Z,27,3.371074,0.908,5.192,0.218963,0.217,0.223,43.714815,40.4,46,3.576815,3.575,3.578,18281,18308,0,0,0,0
2020-07-11T03:00:00Z,29,4.890793,2.981,5.015,0.213448,0.211,0.219,49.6,46.3,50.6,3.57669,3.575,3.578,18309,18337,0,0,0,0
2020-07-11T04:00:00Z,29,4.611759,2.017,5.139,0.213759,0.212,0.218,48.896552,45.7,50.3,3.575172,3.574,3.577,18338,18366,0,0,0,0
2020-07-11T05:00:00Z,30,4.264033,1.731,5.42,0.217,0.214,0.22,46.023333,43.7,47.7,3.574067,3.572,3.575,18367,18396,0,0,0,0
2020-07-11T06:00:00Z,29,3.422379,1.364,5.167,0.219345,0.216,0.222,42.772414,40.8,46.3,3.572448,3.57,3.575,18397,18425,0,0,0,0
2020-07-11T07:00:00Z,30,4.3151,2.596,4.933,0.219067,0.216,0.223,43.236667,40.8,46,3.5706,3.567,3.574,18426,18455,0,0,0,0
2020-07-11T08:00:00Z,29,1.425069,0.741,4.703,0.221655,0.217,0.226,40.52069,37.1,45.1,3.569172,3.567,3.57,18456,18484,0,0,0,0
2020-07-11T09:00:00Z,30,0.824767,0.606,1.012,0.226167,0.224,0.228,36.166667,35.4,36.9,3.567333,3.565,3.569,18485,18514,0,0,0,0
2020-07-11T10:00:00Z,29,0.249,0,0.577,0.227621,0.226,0.229,34.410345,33.7,35.4,3.565,3.564,3.567,18515,18543,0,0,0,0
2020-07-11T11:00:00Z,30,0,0,0,0.228367,0.228,0.23,32.956667,32.7,33.6,3.563667,3.562,3.565,18544,18573,0,0,0,0
2020-07-11T12:00:00Z,29,0,0,0,0.228759,0.228,0.231,32.617241,32.5,32.8,3.561793,3.56,3.564,18574,18602,0,0,0,0
2020-07-11T13:00:00Z,30,0,0,0,0.229233,0.228,0.231,32.38,32.2,32.6,3.560833,3.559,3.562,18603,18632,0,0,0,0
2020-07-11T14:00:00Z,28,0,0,0,0.230143,0.228,0.232,31.65,31.4,32.3,3.5595,3.557,3.562,18633,18661,0,0,0,0
2020-07-11T15:00:00Z,28,0,0,0,0.230321,0.229,0.232,31.407143,31.4,31.5,3.557964,3.555,3.56,18662,18690,0,0,0,0
2020-07-11T16:00:00Z,30,0,0,0,0.230567,0.229,0.233,31.36,31.3,31.4,3.555533,3.555,3.557,18691,18720,0,0,0,0
2020-07-11T17:00:00Z,29,0,0,0,0.231172,0.23,0.233,30.851724,30.2,31.4,3.554724,3.554,3.557,18721,18749,0,0,0,0
2020-07-11T18:00:00Z,30,0,0,0,0.231967,0.231,0.233,30.1,30.1,30.1,3.553967,3.552,3.555,18750,18779,0,0,0,0
2020-07-11T19:00:00Z,29,0,0,0,0.232034,0.231,0.233,30.103448,30,30.3,3.553586,3.552,3.554,18780,18808,0,0,0,0
2020-07-11T20:00:00Z,29,0,0,0,0.231586,0.231,0.233,30.168966,30.1,30.3,3.552552,3.552,3.554,18809,18837,0,0,0,0
2020-07-11T21:00:00Z,28,0,0,0,0.232071,0.231,0.233,30.05,30,30.1,3.552,3.552,3.552,18839,18867,0,0,0,0
2020-07-11T22:00:00Z,28,0,0,0,0.232143,0.23,0.233,30.042857,30,30.1,3.5515,3.55,3.552,18868,18896,0,0,0,0
2020-07-11T23:00:00Z,30,0.065633,0,0.352,0.2318,0.231,0.233,30.17,30.1,30.4,3.550267,3.549,3.552,18897,18926,0,0,0,0
2020-07-12T00:00:00Z,29,0.492586,0.377,0.662,0.230586,0.229,0.232,31.148276,30.3,32,3.549034,3.547,3.55,18927,18955,0,0,0,0
2020-07-12T01:00:00Z,30,2.155433,0.706,4.916,0.224267,0.213,0.231,37.883333,32.1,49,3.5485,3.547,3.55,18956,18985,0,0,0,0
2020-07-12T02:00:00Z,29,4.657,0.913,5.089,0.209724,0.207,0.214,52.789655,50,54.3,3.549931,3.549,3.55,18986,19014,0,0,0,0
2020-07-12T03:00:00Z,29,4.091034,1.062,5.253,0.214517,0.21,0.219,48.355172,46.2,50.8,3.548621,3.547,3.55,19015,19043,0,0,0,0
2020-07-12T04:00:00Z,30,4.224667,1.41,5.458,0.215133,0.211,0.218,47.6,44.4,50.1,3.546667,3.545,3.549,19044,19073,0,0,0,0
2020-07-12T05:00:00Z,29,3.555379,1.075,5.548,0.216655,0.211,0.223,46.196552,41.3,49.4,3.544931,3.544,3.547,19074,19102,0,0,0,0
2020-07-12T06:00:00Z,28,3.829929,1.289,5.474,0.21875,0.214,0.223,44.196429,40.6,48.1,3.543321,3.541,3.545,19103,19131,0,0,0,0
2020-07-12T07:00:00Z,29,2.223345,0.91,5.011,0.219793,0.213,0.226,42.982759,37.7,48.6,3.542276,3.539,3.545,19132,19161,0,0,0,0
2020-07-12T08:00:00Z,28,0.63175,0.446,0.846,0.226036,0.224,0.228,36.089286,35.3,37.5,3.538857,3.536,3.542,19162,19190,0,0,0,0
2020-07-12T09:00:00Z,29,0.415259,0.321,0.734,0.22731,0.226,0.228,34.672414,34.3,35.3,3.537586,3.536,3.541,19191,19219,0,0,0,0
2020-07-12T10:00:00Z,30,0.022067,0,0.339,0.228333,0.228,0.231,33.886667,33.1,34.4,3.536867,3.536,3.539,19220,19249,0,0,0,0
2020-07-12T11:00:00Z,27,0,0,0,0.228667,0.228,0.231,32.562963,32.1,33,3.535259,3.534,3.537,19250,19278,0,0,0,0
2020-07-12T12:00:00Z,27,0,0,0,0.230296,0.229,0.233,31.551852,31.4,32.1,3.533556,3.532,3.536,19279,19308,0,0,0,0
2020-07-12T13:00:00Z,27,0,0,0,0.230815,0.229,0.233,31.144444,30.6,31.4,3.532185,3.531,3.534,19309,19337,0,0,0,0
2020-07-12T14:00:00Z,29,0,0,0,0.232586,0.231,0.235,29.506897,29.1,30.5,3.530897,3.529,3.532,19338,19366,0,0,0,0
2020-07-12T15:00:00Z,29,0,0,0,0.232724,0.231,0.234,29.841379,29.4,30.1,3.529759,3.529,3.531,19367,19395,0,0,0,0
2020-07-12T16:00:00Z,29,0,0,0,0.231828,0.231,0.233,30.141379,30.1,30.4,3.528483,3.526,3.531,19396,19425,0,0,0,0
2020-07-12T17:00:00Z,28,0,0,0,0.231929,0.231,0.233,30.107143,30.1,30.2,3.527857,3.527,3.529,19426,19454,0,0,0,0
2020-07-12T18:00:00Z,29,0,0,0,0.232,0.231,0.233,30.1,30.1,30.1,3.527172,3.526,3.529,19455,19483,0,0,0,0
2020-07-12T19:00:00Z,30,0,0,0,0.232233,0.231,0.234,29.983333,29.8,30.1,3.5263,3.526,3.527,19484,19513,0,0,0,0
2020-07-12T20:00:00Z,29,0,0,0,0.232276,0.231,0.233,29.813793,29.6,30.1,3.525793,3.522,3.527,19514,19542,0,0,0,0
2020-07-12T21:00:00Z,30,0,0,0,0.232367,0.231,0.234,29.656667,29.5,29.8,3.525133,3.524,3.526,19543,19572,0,0,0,0
2020-07-12T22:00:00Z,29,0,0,0,0.232448,0.231,0.234,29.455172,29.3,29.7,3.524828,3.522,3.526,19573,19601,0,0,0,0
2020-07-12T23:00:00Z,30,0.032867,0,0.337,0.232167,0.231,0.234,29.926667,29.5,30.1,3.524067,3.522,3.526,19602,19631,0,0,0,0
2020-07-13T00:00:00Z,29,0.482448,0.341,0.734,0.230517,0.229,0.233,31.1,30.2,32,3.523586,3.522,3.526,19632,19660,0,0,0,0
2020-07-13T01:00:00Z,30,2.097567,0.341,4.916,0.2253,0.216,0.229,36.66,32.1,47.3,3.5237,3.521,3.526,19661,19690,0,0,0,0
2020-07-13T02:00:00Z,29,3.346414,0.854,5.323,0.216793,0.214,0.219,46.510345,43.3,47.9,3.52631,3.526,3.527,19691,19719,0,0,0,0
2020-07-13T03:00:00Z,29,3.213897,0.68,5.244,0.219379,0.214,0.224,43.258621,39.5,48.5,3.525103,3.524,3.527,19720,19748,0,0,0,0
2020-07-13T04:00:00Z,30,4.031867,1.341,5.351,0.215233,0.213,0.219,47.353333,43.2,49.3,3.5246,3.522,3.526,19749,19778,0,0,0,0
2020-07-13T05:00:00Z,29,4.133862,1.3,5.121,0.215793,0.212,0.222,46.855172,42.3,49.7,3.523069,3.521,3.524,19779,19807,0,0,0,0
2020-07-13T06:00:00Z,28,2.519357,0.567,5.276,0.219214,0.213,0.226,43.35,35.2,49.2,3.5225,3.521,3.526,19808,19837,0,0,0,0
2020-07-13T07:00:00Z,26,0.077,0,0.438,0.228923,0.227,0.231,32.461538,31.6,34.5,3.519385,3.517,3.521,19838,19866,0,0,0,0
2020-07-13T08:00:00Z,27,0,0,0,0.231259,0.23,0.233,30.585185,30.1,31.5,3.517074,3.516,3.519,19867,19895,0,0,0,0
2020-07-13T09:00:00Z,29,0.280481,0,0.397,0.231724,0.231,0.233,30.431034,30.2,30.6,3.516828,3.514,3.519,19896,19925,0,0,0,0
2020-07-13T10:00:00Z,29,0.035393,0,0.341,0.231241,0.23,0.233,30.586207,30.4,30.8,3.515655,3.514,3.517,19926,19954,0,0,0,0
2020-07-13T11:00:00Z,30,0,0,0,0.231533,0.23,0.233,30.393333,30.2,30.6,3.513667,3.512,3.516,19955,19984,0,0,0,0
2020-07-13T12:00:00Z,29,0,0,0,0.231483,0.23,0.233,30.513793,30.3,30.6,3.513103,3.512,3.516,19985,20013,0,0,0,0
2020-07-13T13:00:00Z,29,0,0,0,0.23169,0.231,0.234,30.472414,30.1,30.7,3.511931,3.509,3.514,20014,20042,0,0,0,0
2020-07-13T14:00:00Z,30,0,0,0,0.232333,0.231,0.233,30.1,30.1,30.1,3.510767,3.509,3.512,20043,20072,0,0,0,0
2020-07-13T15:00:00Z,28,0,0,0,0.231929,0.231,0.233,30.1,30.1,30.1,3.509786,3.508,3.512,20073,20101,0,0,0,0
2020-07-13T16:00:00Z,30,0,0,0,0.231733,0.231,0.233,30.1,30.1,30.1,3.509067,3.508,3.511,20102,20131,0,0,0,0
2020-07-13T17:00:00Z,29,0,0,0,0.232172,0.23,0.233,29.910345,29.6,30.1,3.507586,3.506,3.509,20132,20160,0,0,0,0
2020-07-13T18:00:00Z,30,0,0,0,0.2323,0.231,0.235,30,29.6,30.1,3.5066,3.504,3.508,20161,20190,0,0,0,0
2020-07-13T19:00:00Z,29,0,0,0,0.232034,0.231,0.234,30.1,30.1,30.1,3.505586,3.504,3.508,20191,20219,0,0,0,0
2020-07-13T20:00:00Z,30,0,0,0,0.2323,0.231,0.235,30.033333,30,30.1,3.504333,3.503,3.508,20220,20249,0,0,0,0
2020-07-13T21:00:00Z,29,0,0,0,0.23231,0.231,0.233,29.927586,29.8,30,3.503552,3.501,3.504,20250,20278,0,0,0,0
2020-07-13T22:00:00Z,27,0,0,0,0.232111,0.231,0.233,29.951852,29.8,30.1,3.502815,3.501,3.504,20279,20307,0,0,0,0
2020-07-13T23:00:00Z,30,0.066552,0,0.508,0.231833,0.23,0.234,30.306667,30.1,31.1,3.502267,3.501,3.503,20308,20337,0,0,0,0
2020-07-14T00:00:00Z,29,0.514862,0.369,0.82,0.230276,0.229,0.232,31.503448,31.2,32.1,3.501828,3.501,3.503,20338,20366,0,0,0,0
2020-07-14T01:00:00Z,28,2.207464,0.774,4.331,0.2245,0.215,0.229,37.632143,32.3,47.8,3.501286,3.501,3.503,20367,20395,0,0,0,0
2020-07-14T02:00:00Z,29,4.582034,1.177,4.975,0.21431,0.213,0.217,49.258621,47.9,50.3,3.501897,3.501,3.503,20396,20425,0,0,0,0
2020-07-14T03:00:00Z,29,4.807793,1.399,5.226,0.21331,0.212,0.216,49.344828,48,50.8,3.501138,3.501,3.503,20426,20454,0,0,0,0
2020-07-14T04:00:00Z,27,4.64237,1.932,5.194,0.214704,0.213,0.219,47.940741,44.7,49.4,3.50063,3.499,3.501,20455,20483,0,0,0,0
2020-07-14T05:00:00Z,29,2.816483,0.825,5.508,0.220517,0.218,0.223,42.113793,40.7,43.8,3.499207,3.499,3.501,20485,20513,0,0,0,0
2020-07-14T06:00:00Z,29,3.394966,0.685,5.561,0.219552,0.214,0.222,42.703448,39.9,47.8,3.498759,3.498,3.499,20514,20542,0,0,0,0
2020-07-14T07:00:00Z,30,4.014467,0.829,5.325,0.2175,0.216,0.221,45.906667,44.3,47.3,3.4983,3.496,3.499,20543,20572,0,0,0,0
2020-07-14T08:00:00Z,29,1.90469,0.602,4.802,0.219586,0.215,0.223,42.97931,38.6,47.1,3.496207,3.494,3.498,20573,20601,0,0,0,0
2020-07-14T09:00:00Z,30,0.5155,0.339,0.872,0.224567,0.223,0.228,37.14,36.7,38.4,3.493733,3.491,3.496,20602,20631,0,0,0,0
2020-07-14T10:00:00Z,29,0.011241,0,0.326,0.226069,0.225,0.228,35.996552,35.4,36.7,3.491931,3.489,3.494,20632,20660,0,0,0,0
2020-07-14T11:00:00Z,30,0,0,0,0.226933,0.226,0.228,35.24,34.9,35.4,3.488567,3.484,3.491,20661,20690,0,0,0,0
2020-07-14T12:00:00Z,25,0,0,0,0.22764,0.227,0.229,34.08,33.2,34.9,3.48392,3.479,3.488,20691,20719,0,0,0,0
2020-07-14T13:00:00Z,29,0,0,0,0.228241,0.228,0.23,33.062069,33,33.2,3.479,3.476,3.483,20720,20748,0,0,0,0
2020-07-14T14:00:00Z,29,0,0,0,0.228552,0.228,0.231,32.631034,31.2,33.4,3.476586,3.475,3.479,20749,20778,0,0,0,0
2020-07-14T15:00:00Z,29,0,0,0,0.233724,0.231,0.236,27.493103,26.7,30.3,3.472724,3.471,3.475,20779,20807,0,0,0,0
2020-07-14T16:00:00Z,28,0,0,0,0.233857,0.233,0.236,27.085714,26.9,27.3,3.468714,3.466,3.471,20808,20837,0,0,0,0
2020-07-14T17:00:00Z,29,0,0,0,0.234,0.233,0.236,27.241379,26.9,27.4,3.464345,3.461,3.468,20838,20866,0,0,0,0
2020-07-14T18:00:00Z,29,0,0,0,0.234448,0.233,0.237,27.017241,26.7,27.3,3.459172,3.456,3.461,20867,20895,0,0,0,0
2020-07-14T19:00:00Z,30,0,0,0,0.234067,0.233,0.238,27.32,26.9,27.5,3.454733,3.451,3.458,20896,20925,0,0,0,0
2020-07-14T20:00:00Z,29,0,0,0,0.234,0.233,0.236,27.368966,27.3,27.4,3.450448,3.448,3.453,20926,20954,0,0,0,0
2020-07-14T21:00:00Z,30,0,0,0,0.2335,0.233,0.236,27.4,27.4,27.4,3.447333,3.446,3.448,20955,20984,0,0,0,0
2020-07-14T22:00:00Z,28,0,0,0,0.233464,0.233,0.236,27.5,27.4,27.7,3.445286,3.443,3.446,20985,21013,0,0,0,0
2020-07-14T23:00:00Z,29,0.029857,0,0.444,0.233379,0.233,0.236,27.796552,27.4,28.2,3.44031,3.437,3.443,21014,21043,0,0,0,0
2020-07-15T00:00:00Z,27,1.161259,0.488,1.838,0.231667,0.229,0.233,29.922222,28.2,32.1,3.434815,3.43,3.438,21044,21072,0,0,0,0
2020-07-15T01:00:00Z,29,2.468655,1.6,4.754,0.225724,0.221,0.231,35.955172,32.4,40.6,3.428414,3.425,3.432,21073,21101,0,0,0,0
2020-07-15T02:00:00Z,29,2.909655,1.723,5.351,0.224586,0.221,0.228,37.068966,35.3,40.6,3.422793,3.42,3.425,21102,21131,0,0,0,0
2020-07-15T03:00:00Z,29,4.234966,1.789,5.236,0.21869,0.215,0.223,43.703448,40.7,46.7,3.416655,3.413,3.42,21132,21160,0,0,0,0
2020-07-15T04:00:00Z,28,3.33525,2.537,4.9,0.221321,0.218,0.225,40.882143,39.6,44.2,3.410143,3.405,3.415,21161,21189,0,0,0,0
2020-07-15T05:00:00Z,30,4.169067,2.83,5.22,0.2201,0.217,0.224,42.236667,39.4,45.2,3.402767,3.399,3.407,21190,21219,0,0,0,0
2020-07-15T06:00:00Z,29,3.339724,1.75,5.116,0.218966,0.214,0.223,43.434483,40.8,46.1,3.397034,3.395,3.402,21220,21248,0,0,0,0
2020-07-15T07:00:00Z,30,2.2089,1.725,3.595,0.222767,0.222,0.224,39.51,38.8,40.7,3.394133,3.392,3.395,21249,21278,0,0,0,0
2020-07-15T08:00:00Z,29,1.588069,0.907,2.509,0.223241,0.223,0.225,38.368966,37.9,38.9,3.390724,3.389,3.394,21279,21307,0,0,0,0
2020-07-15T09:00:00Z,29,0.738586,0.419,0.969,0.224724,0.223,0.227,36.810345,36.4,37.6,3.38331,3.377,3.389,21308,21336,0,0,0,0
2020-07-15T10:00:00Z,28,0.075179,0,0.365,0.226464,0.225,0.228,35.310714,34.8,36.2,3.37525,3.369,3.379,21337,21366,0,0,0,0
2020-07-15T11:00:00Z,26,0,0,0,0.227769,0.226,0.229,33.976923,33.4,34.7,3.365385,3.359,3.371,21367,21395,0,0,0,0
2020-07-15T12:00:00Z,28,0,0,0,0.228107,0.228,0.23,33.057143,32.3,33.5,3.355,3.349,3.361,21396,21424,0,0,0,0
2020-07-15T13:00:00Z,29,0,0,0,0.228276,0.228,0.23,31.972414,31.8,32.3,3.346276,3.343,3.351,21425,21454,0,0,0,0
2020-07-15T14:00:00Z,28,0,0,0,0.227821,0.226,0.229,31.853571,31.5,32.1,3.341929,3.339,3.343,21455,21483,0,0,0,0
2020-07-15T15:00:00Z,29,0,0,0,0.226897,0.225,0.228,31.489655,31.4,31.6,3.335759,3.331,3.341,21484,21512,0,0,0,0
2020-07-15T16:00:00Z,29,0,0,0,0.225,0.223,0.227,31.627586,31.4,32,3.326276,3.321,3.331,21513,21541,0,0,0,0
2020-07-15T17:00:00Z,27,0,0,0,0.223519,0.223,0.226,30.97037,30.7,31.4,3.313667,3.31,3.321,21543,21571,0,0,0,0
2020-07-15T18:00:00Z,30,0,0,0,0.222833,0.221,0.227,30.433333,30.2,30.8,3.305067,3.3,3.311,21572,21601,0,0,0,0
2020-07-15T19:00:00Z,29,0,0,0,0.221241,0.219,0.224,30.210345,30.1,30.3,3.295138,3.291,3.3,21602,21630,0,0,0,0
2020-07-15T20:00:00Z,28,0,0,0,0.219357,0.218,0.224,30.1,30,30.2,3.288036,3.283,3.291,21631,21659,0,0,0,0
2020-07-15T21:00:00Z,30,0,0,0,0.217767,0.216,0.22,30.063333,30,30.1,3.278067,3.272,3.285,21660,21689,0,0,0,0
2020-07-15T22:00:00Z,29,0,0,0,0.214828,0.213,0.217,30.103448,30.1,30.2,3.266655,3.262,3.272,21690,21718,0,0,0,0
2020-07-15T23:00:00Z,30,0,0,0,0.212567,0.211,0.215,30.246667,30.1,30.4,3.256033,3.25,3.262,21719,21748,0,0,0,0
2020-07-16T00:00:00Z,29,0.180483,0,0.524,0.209793,0.207,0.213,30.593103,30.4,31,3.243414,3.239,3.248,21749,21777,0,0,0,0
2020-07-16T01:00:00Z,28,0.961786,0.419,4.577,0.207036,0.204,0.21,30.814286,29.8,31.5,3.233679,3.229,3.239,21778,21806,0,0,0,0
2020-07-16T02:00:00Z,29,0.982655,0,2.652,0.204069,0.203,0.207,31.248276,30.6,32.2,3.220552,3.214,3.229,21807,21836,0,0,0,0
2020-07-16T03:00:00Z,29,3.025138,0.916,4.915,0.199414,0.194,0.204,33.351724,30.7,38.2,3.207103,3.201,3.214,21837,21865,0,0,0,0
2020-07-16T04:00:00Z,30,4.349067,2.939,5.153,0.189867,0.185,0.194,40.12,38.6,43.3,3.192833,3.186,3.202,21866,21895,0,0,0,0
2020-07-16T05:00:00Z,29,4.80369,2.422,5.131,0.182414,0.179,0.186,44.586207,42.6,46.1,3.179448,3.169,3.186,21896,21924,0,0,0,0
2020-07-16T06:00:00Z,28,4.529607,3.244,5.28,0.174107,0.165,0.184,43.057143,40.7,45.8,3.148857,3.131,3.168,1,21938,0,0,0,0
2020-07-16T07:00:00Z,29,4.620552,1.233,5.59,0.16431,0.163,0.166,45.203448,42.3,47.1,3.121414,3.108,3.13,1,1,0,0,0,0
2020-07-16T08:00:00Z,29,2.039103,0.498,5.036,0.164379,0.163,0.167,41.841379,35.5,47.4,3.096448,3.082,3.108,1,1,0,0,0,0
2020-07-16T09:00:00Z,28,0.484357,0,1.73,0.165429,0.162,0.167,34.610714,33.4,35.4,3.070464,3.052,3.082,1,1,0,0,0,0
2020-07-16T10:00:00Z,30,0,0,0,0.1595,0.156,0.165,38.123333,32.9,63.3,3.0369,3.024,3.052,1,1,0,0,5,0
2020-07-16T11:00:00Z,28,0,0,0,0.155357,0.155,0.158,62.939286,62.3,63.2,2.999429,2.978,3.022,1,1,0,0,28,0
2020-07-16T12:00:00Z,29,0,0,0,0.155,0.155,0.155,61.97931,61.8,62.3,2.95831,2.938,2.975,1,1,0,0,29,0
2020-07-16T13:00:00Z,15,0,0,0,0.155,0.155,0.155,61.333333,61,61.8,2.922867,2.912,2.935,1,1,0,0,15,0
2020-09-04T06:00:00Z,16,0,0,0,0.223375,0.205,0.25,35.30625,34.9,35.5,3.469875,2.532,3.755,1,16,0,0,0,0
2020-09-04T07:00:00Z,29,0,0,0,0.228241,0.206,0.252,35.027586,34.7,35.3,3.917172,3.763,4.032,17,45,0,0,0,0
2020-09-04T08:00:00Z,30,0,0,0,0.231333,0.207,0.252,34.383333,34,34.7,4.0949,4.036,4.135,46,75,0,0,0,0
2020-09-04T09:00:00Z,29,0,0,0,0.229345,0.209,0.251,33.751724,33.4,34,4.147,4.135,4.159,76,104,0,0,0,0
2020-09-04T10:00:00Z,30,0,0,0,0.2324,0.209,0.255,32.95,32.7,33.5,4.172067,4.159,4.186,105,134,0,0,0,0
2020-09-04T11:00:00Z,29,0,0,0,0.235586,0.209,0.256,32.637931,32.4,32.7,4.180552,4.163,4.189,135,163,0,0,0,0
2020-09-04T12:00:00Z,30,0,0,0,0.230133,0.212,0.26,32.453333,32.4,32.5,4.1584,4.153,4.163,164,193,0,0,0,0
2020-09-04T13:00:00Z,29,0,0,0,0.229172,0.211,0.255,32.496552,32.4,32.5,4.151828,4.148,4.156,194,222,0,0,0,0
2020-09-04T14:00:00Z,30,0,0,0,0.232833,0.21,0.258,32.52,32.5,32.6,4.147233,4.144,4.149,223,252,0,0,0,0
2020-09-04T15:00:00Z,29,0,0,0,0.233241,0.212,0.257,31.858621,31.4,32.5,4.144172,4.143,4.146,253,281,0,0,0,0
2020-09-04T16:00:00Z,29,0,0,0,0.239517,0.214,0.257,31.127586,30.8,31.4,4.143034,4.141,4.144,282,310,0,0,0,0
2020-09-04T17:00:00Z,30,0,0,0,0.232133,0.213,0.254,31.623333,31.4,31.9,4.1416,4.139,4.143,311,340,0,0,0,0
2020-09-04T18:00:00Z,29,0,0,0,0.233207,0.212,0.257,31.962069,31.8,32.1,4.140172,4.138,4.141,341,369,0,0,0,0
2020-09-04T19:00:00Z,30,0,0,0,0.231033,0.213,0.256,32.016667,31.9,32.1,4.1389,4.138,4.141,370,399,0,0,0,0
2020-09-04T20:00:00Z,29,0,0,0,0.231759,0.213,0.257,32.068966,32,32.1,4.138828,4.136,4.141,400,428,0,0,0,0
2020-09-04T21:00:00Z,30,0,0,0,0.235833,0.212,0.257,32.063333,32,32.1,4.137833,4.136,4.139,429,458,0,0,0,0
2020-09-04T22:00:00Z,28,0,0,0,0.235321,0.214,0.256,32.010714,31.9,32.1,4.136679,4.135,4.138,459,486,0,0,0,0
2020-09-05T00:00:00Z,24,0,0,0,0.234208,0.213,0.258,32.054167,32,32.1,4.135875,4.135,4.138,523,546,0,0,0,0
2020-09-05T01:00:00Z,30,0,0,0,0.234567,0.213,0.257,32.063333,32,32.1,4.135367,4.135,4.136,547,576,0,0,0,0
2020-09-05T02:00:00Z,29,0,0,0,0.230552,0.212,0.255,32.1,32.1,32.1,4.135138,4.135,4.136,577,605,0,0,0,0
2020-09-05T03:00:00Z,30,0,0,0,0.234967,0.213,0.257,31.936667,31.8,32.1,4.135133,4.135,4.136,606,635,0,0,0,0
2020-09-05T04:00:00Z,29,0,0,0,0.232103,0.213,0.254,32.010345,31.9,32.1,4.135,4.135,4.135,636,664,0,0,0,0
2020-09-05T05:00:00Z,30,0,0,0,0.234067,0.213,0.253,32.203333,32.1,32.3,4.134733,4.133,4.135,665,694,0,0,0,0
2020-09-05T06:00:00Z,29,0.744241,0,1.13,0.226207,0.214,0.253,37.317241,32.2,39.8,4.129,4.126,4.135,1,697,0,0,0,0
2020-09-05T07:00:00Z,30,1.113233,0.711,2.048,0.222633,0.221,0.225,39.916667,39.5,40.7,4.1281,4.126,4.131,27,56,0,0,0,0
2020-09-05T08:00:00Z,29,0.425172,0,2.012,0.224931,0.221,0.23,37.372414,35.2,40.7,4.125724,4.123,4.13,57,85,0,0,0,0
2020-09-05T09:00:00Z,30,0,0,0,0.227967,0.227,0.23,34.023333,32.6,35.1,4.1218,4.12,4.125,86,115,0,0,0,0
2020-09-05T10:00:00Z,29,0,0,0,0.230172,0.229,0.232,31.568966,30.3,32.5,4.118069,4.116,4.12,116,144,0,0,0,0
2020-09-05T11:00:00Z,30,0,0,0,0.2314,0.23,0.233,31.046667,30.5,31.4,4.115933,4.115,4.118,145,174,0,0,0,0
2020-09-05T12:00:00Z,29,0,0,0,0.230414,0.229,0.233,31.434483,31.3,31.6,4.114655,4.111,4.116,175,203,0,0,0,0
2020-09-05T13:00:00Z,30,0,0,0,0.230533,0.229,0.233,31.46,31.4,31.6,4.113267,4.111,4.115,204,233,0,0,0,0
2020-09-05T14:00:00Z,29,0,0,0,0.230138,0.229,0.232,31.534483,31.4,31.6,4.111379,4.108,4.115,234,262,0,0,0,0
2020-09-05T15:00:00Z,29,0,0,0,0.230207,0.23,0.231,31.47931,31.4,31.8,4.109793,4.108,4.111,263,291,0,0,0,0
2020-09-05T16:00:00Z,30,0,0,0,0.230233,0.229,0.233,31.773333,31.5,32,4.1078,4.106,4.11,292,321,0,0,0,0
2020-09-05T17:00:00Z,29,0,0,0,0.231138,0.23,0.233,31.134483,30.8,31.5,4.106069,4.105,4.108,322,350,0,0,0,0
2020-09-05T18:00:00Z,30,0,0,0,0.2311,0.23,0.233,30.743333,30.5,31.1,4.105433,4.105,4.106,351,380,0,0,0,0
2020-09-05T19:00:00Z,29,0,0,0,0.231103,0.23,0.233,30.696552,30.4,31.1,4.104931,4.103,4.106,381,409,0,0,0,0
2020-09-05T20:00:00Z,30,0,0,0,0.231333,0.23,0.233,30.61,30.4,30.8,4.103833,4.102,4.105,410,439,0,0,0,0
2020-09-05T21:00:00Z,27,0,0,0,0.231074,0.23,0.233,30.662963,30.4,31.3,4.102222,4.1,4.105,440,468,0,0,0,0
2020-09-05T22:00:00Z,29,0,0,0,0.231483,0.23,0.233,30.227586,30.1,30.6,4.101138,4.098,4.103,469,497,0,0,0,0
2020-09-05T23:00:00Z,30,0.6824,0,1.661,0.230267,0.228,0.233,31.92,30.2,35,4.1006,4.098,4.102,498,527,0,0,0,0
2020-09-06T00:00:00Z,29,1.019276,0.364,2.514,0.228103,0.227,0.231,34.32069,33.6,35.2,4.100276,4.098,4.102,528,556,0,0,0,0
2020-09-06T01:00:00Z,29,1.016862,0.657,1.574,0.227655,0.226,0.23,34.634483,33.7,35.4,4.099655,4.098,4.102,557,585,0,0,0,0
2020-09-06T02:00:00Z,30,1.089967,0.751,1.669,0.225633,0.224,0.229,36.423333,35.4,36.9,4.098333,4.097,4.1,586,615,0,0,0,0
2020-09-06T03:00:00Z,29,1.07369,0.907,1.379,0.223759,0.223,0.227,38.303448,36.9,39.4,4.098759,4.095,4.102,616,644,0,0,0,0
2020-09-06T04:00:00Z,30,1.0624,0.797,1.451,0.222933,0.221,0.226,39.796667,39.3,40.7,4.0984,4.097,4.1,645,674,0,0,0,0
2020-09-06T05:00:00Z,29,1.205138,0.887,1.654,0.222414,0.221,0.225,40.72069,40.6,40.8,4.097138,4.093,4.1,675,703,0,0,0,0
2020-09-06T06:00:00Z,30,1.502633,1.123,1.832,0.2222,0.221,0.224,40.856667,40.6,41.3,4.094433,4.092,4.097,704,733,0,0,0,0
2020-09-06T07:00:00Z,28,1.179893,0.92,1.548,0.222643,0.222,0.224,40.421429,40.1,40.7,4.0935,4.092,4.095,734,762,0,0,0,0
2020-09-06T08:00:00Z,29,2.072517,0.444,3.39,0.22231,0.219,0.226,40.944828,39.4,42.8,4.092759,4.092,4.095,763,791,0,0,0,0
2020-09-06T09:00:00Z,30,0.8526,0,2.943,0.2237,0.22,0.229,38.746667,34.8,42.8,4.090267,4.087,4.095,792,821,0,0,0,0
2020-09-06T10:00:00Z,29,0,0,0,0.228552,0.227,0.231,33.737931,32.3,34.7,4.086655,4.085,4.088,822,850,0,0,0,0
2020-09-06T11:00:00Z,30,0,0,0,0.230433,0.229,0.232,31.586667,31.3,32.1,4.083733,4.082,4.087,851,880,0,0,0,0
2020-09-06T12:00:00Z,29,0,0,0,0.230241,0.229,0.233,31.606897,31.4,32.1,4.082931,4.082,4.085,881,909,0,0,0,0
2020-09-06T13:00:00Z,30,0,0,0,0.230967,0.23,0.234,31.35,31.2,31.4,4.082333,4.082,4.085,910,939,0,0,0,0
2020-09-06T14:00:00Z,29,0,0,0,0.231897,0.231,0.233,30.237931,29.9,31.3,4.082,4.082,4.082,940,968,0,0,0,0
2020-09-06T15:00:00Z,30,0,0,0,0.232,0.23,0.233,30.11,29.8,30.4,4.0819,4.08,4.083,969,998,0,0,0,0
2020-09-06T16:00:00Z,29,0,0,0,0.231483,0.231,0.233,30.57931,30.3,31,4.081379,4.08,4.082,999,1027,0,0,0,0
2020-09-06T17:00:00Z,30,0,0,0,0.231867,0.231,0.233,30.31,30,30.7,4.080467,4.08,4.082,1028,1057,0,0,0,0
2020-09-06T18:00:00Z,29,0,0,0,0.232207,0.231,0.233,30.003448,29.9,30.1,4.08,4.08,4.08,1058,1086,0,0,0,0
2020-09-06T19:00:00Z,29,0,0,0,0.232862,0.232,0.234,29.513793,29.4,29.8,4.079655,4.078,4.08,1087,1115,0,0,0,0
2020-09-06T20:00:00Z,30,0,0,0,0.233033,0.232,0.234,29.056667,28.7,29.5,4.079133,4.078,4.08,1116,1145,0,0,0,0
2020-09-06T21:00:00Z,29,0,0,0,0.233414,0.233,0.235,28.382759,28.1,28.8,4.07831,4.077,4.08,1146,1174,0,0,0,0
2020-09-06T22:00:00Z,30,0,0,0,0.2334,0.233,0.235,28.193333,28.1,28.6,4.0779,4.073,4.08,1175,1204,0,0,0,0
2020-09-06T23:00:00Z,29,0.811103,0,1.835,0.231414,0.228,0.234,30.672414,28.6,34,4.077828,4.077,4.078,1205,1233,0,0,0,0
2020-09-07T00:00:00Z,30,0.7631,0.482,1.851,0.229967,0.228,0.233,32.103333,31.4,34.1,4.078,4.077,4.08,1234,1263,0,0,0,0
2020-09-07T01:00:00Z,29,0.67769,0.529,1.023,0.229483,0.228,0.232,32.7,31.4,34.4,4.077931,4.077,4.08,1264,1292,0,0,0,0
2020-09-07T02:00:00Z,30,1.0034,0.918,1.266,0.2265,0.225,0.229,36.016667,34.5,36.7,4.0786,4.078,4.08,1293,1322,0,0,0,0
2020-09-07T03:00:00Z,29,0.944931,0.857,1.126,0.224483,0.223,0.227,37.465517,36.7,38,4.07831,4.077,4.08,1323,1351,0,0,0,0
2020-09-07T04:00:00Z,29,1.004379,0.787,1.43,0.223552,0.222,0.227,38.944828,38.1,39.9,4.078276,4.078,4.08,1352,1380,0,0,0,0
2020-09-07T05:00:00Z,30,1.2898,0.72,1.976,0.223133,0.222,0.226,39.943333,39.2,40.6,4.078133,4.077,4.08,1381,1410,0,0,0,0
2020-09-07T06:00:00Z,29,0.961586,0.615,2.099,0.224,0.223,0.228,38.010345,37.4,39.2,4.076862,4.075,4.078,1411,1439,0,0,0,0
2020-09-07T07:00:00Z,30,1.0504,0.393,1.727,0.223533,0.223,0.225,38.52,37.7,39.3,4.0759,4.073,4.078,1440,1469,0,0,0,0
2020-09-07T08:00:00Z,29,1.53631,0.498,2.324,0.225172,0.224,0.228,36.813793,36.6,37.5,4.073828,4.072,4.077,1470,1498,0,0,0,0
2020-09-07T09:00:00Z,30,1.4562,0.844,2.281,0.2244,0.223,0.227,37.283333,36.7,38,4.072833,4.072,4.075,1499,1528,0,0,0,0
2020-09-07T10:00:00Z,29,0.353207,0,1.202,0.226552,0.224,0.228,35.451724,33.5,36.9,4.071379,4.069,4.073,1529,1557,0,0,0,0
2020-09-07T11:00:00Z,30,0,0,0,0.229033,0.228,0.232,32.7,32.3,33.4,4.068,4.065,4.07,1558,1587,0,0,0,0
2020-09-07T12:00:00Z,28,0,0,0,0.22975,0.229,0.233,32.053571,31.9,32.2,4.067107,4.065,4.07,1588,1616,0,0,0,0
2020-09-07T13:00:00Z,29,0,0,0,0.230241,0.229,0.233,31.710345,31.5,31.9,4.065793,4.064,4.069,1617,1646,0,0,0,0
2020-09-07T14:00:00Z,29,0,0,0,0.230828,0.23,0.233,31.448276,31.4,31.7,4.065,4.064,4.067,1647,1675,0,0,0,0
2020-09-07T15:00:00Z,29,0,0,0,0.230241,0.23,0.232,31.496552,31.4,31.6,4.06469,4.062,4.067,1676,1704,0,0,0,0
2020-09-07T16:00:00Z,30,0,0,0,0.2311,0.23,0.233,31.233333,30.9,31.4,4.064067,4.062,4.065,1705,1734,0,0,0,0
2020-09-07T17:00:00Z,29,0,0,0,0.231207,0.23,0.233,30.927586,30.6,31.3,4.062897,4.06,4.064,1735,1763,0,0,0,0
2020-09-07T18:00:00Z,30,0,0,0,0.231367,0.231,0.233,30.78,30.6,31,4.062333,4.06,4.064,1764,1793,0,0,0,0
2020-09-07T19:00:00Z,29,0,0,0,0.231379,0.23,0.234,30.527586,30.2,30.8,4.061172,4.059,4.064,1794,1822,0,0,0,0
2020-09-07T20:00:00Z,30,0,0,0,0.231833,0.231,0.233,30.103333,30,30.2,4.0603,4.059,4.062,1823,1852,0,0,0,0
2020-09-07T21:00:00Z,29,0,0,0,0.231724,0.231,0.233,30.096552,30,30.1,4.06,4.059,4.062,1853,1881,0,0,0,0
2020-09-07T22:00:00Z,29,0,0,0,0.231793,0.231,0.233,30.093103,30,30.1,4.059552,4.057,4.062,1882,1910,0,0,0,0
2020-09-07T23:00:00Z,30,0.67369,0,1.42,0.230633,0.228,0.233,31.753333,30.1,34.5,4.059933,4.059,4.062,1911,1940,0,0,0,0
2020-09-08T00:00:00Z,29,0.756621,0.433,1.18,0.229034,0.228,0.231,32.855172,32.1,34.1,4.060138,4.057,4.062,1941,1969,0,0,0,0
2020-09-08T01:00:00Z,30,0.853567,0.682,1.226,0.227667,0.226,0.229,34.433333,34,35.4,4.0605,4.059,4.062,1970,1999,0,0,0,0
2020-09-08T02:00:00Z,29,1.452483,1.115,1.69,0.225586,0.223,0.228,37.151724,35.5,38,4.061103,4.059,4.064,2000,2028,0,0,0,0
2020-09-08T03:00:00Z,30,1.798233,1.576,1.966,0.2236,0.223,0.227,38.663333,38,39.1,4.061733,4.06,4.064,2029,2058,0,0,0,0
2020-09-08T04:00:00Z,29,1.990345,1.405,2.114,0.223345,0.222,0.226,39.837931,39,40.6,4.062931,4.06,4.065,2059,2087,0,0,0,0
2020-09-08T05:00:00Z,30,1.848233,1.728,2.074,0.222967,0.221,0.226,40.453333,40.1,40.7,4.062667,4.06,4.065,2088,2117,0,0,0,0
2020-09-08T06:00:00Z,28,1.892857,1.758,2.073,0.22275,0.221,0.225,40.632143,40.4,40.9,4.062143,4.06,4.064,2119,2146,0,0,0,0
2020-09-08T07:00:00Z,29,1.652207,1.466,1.854,0.222897,0.221,0.226,40.003448,39.2,40.7,4.060759,4.059,4.064,2147,2175,0,0,0,0
2020-09-08T08:00:00Z,30,1.545367,1.369,1.758,0.223833,0.223,0.226,38.403333,37.9,39.2,4.0593,4.057,4.062,2176,2205,0,0,0,0
2020-09-08T09:00:00Z,29,0.699,0.341,1.349,0.225931,0.224,0.229,36.503448,35.4,37.9,4.057897,4.055,4.06,2206,2234,0,0,0,0
2020-09-08T10:00:00Z,30,0.053833,0,0.336,0.227633,0.226,0.23,34.683333,33.9,35.4,4.0564,4.055,4.057,2235,2264,0,0,0,0
2020-09-08T11:00:00Z,29,0,0,0,0.229207,0.228,0.233,32.834483,32.5,33.7,4.055621,4.054,4.059,2265,2293,0,0,0,0
2020-09-08T12:00:00Z,30,0,0,0,0.229667,0.228,0.233,32.47,32.3,32.6,4.0545,4.054,4.055,2294,2323,0,0,0,0
2020-09-08T13:00:00Z,29,0,0,0,0.22969,0.229,0.233,32.427586,32.2,32.5,4.054345,4.054,4.055,2324,2352,0,0,0,0
2020-09-08T14:00:00Z,30,0,0,0,0.2296,0.229,0.232,32.593333,32.5,32.7,4.054367,4.054,4.055,2353,2382,0,0,0,0
2020-09-08T15:00:00Z,29,0,0,0,0.230483,0.229,0.233,31.872414,31.4,32.6,4.053621,4.052,4.055,2383,2411,0,0,0,0
2020-09-08T16:00:00Z,29,0,0,0,0.230862,0.23,0.233,31.448276,31.3,31.6,4.052931,4.05,4.055,2412,2440,0,0,0,0
2020-09-08T17:00:00Z,30,0,0,0,0.2311,0.23,0.233,31.263333,31,31.4,4.0526,4.05,4.054,2441,2470,0,0,0,0
2020-09-08T18:00:00Z,29,0,0,0,0.230966,0.229,0.233,31.372414,31.2,31.4,4.051862,4.05,4.054,2471,2499,0,0,0,0
2020-09-08T19:00:00Z,30,0,0,0,0.230733,0.23,0.233,31.35,31.2,31.4,4.051667,4.05,4.052,2500,2529,0,0,0,0
2020-09-08T20:00:00Z,29,0,0,0,0.230759,0.23,0.233,31.151724,30.9,31.3,4.051345,4.049,4.052,2530,2558,0,0,0,0
2020-09-08T21:00:00Z,30,0,0,0,0.231133,0.23,0.233,30.713333,30.6,30.9,4.0505,4.049,4.052,2559,2588,0,0,0,0
2020-09-08T22:00:00Z,29,0,0,0,0.231,0.23,0.233,30.613793,30.6,30.7,4.049897,4.049,4.052,2589,2617,0,0,0,0
2020-09-08T23:00:00Z,30,0.258567,0,0.875,0.2308,0.229,0.233,31.273333,30.6,32.1,4.0495,4.047,4.052,2618,2647,0,0,0,0
2020-09-09T00:00:00Z,29,0.852414,0.577,1.284,0.228966,0.228,0.232,33.013793,32.1,34.1,4.05,4.049,4.052,2648,2676,0,0,0,0
2020-09-09T01:00:00Z,30,1.2637,0.918,1.599,0.227967,0.226,0.23,34.85,34.1,35.9,4.050367,4.047,4.052,2677,2706,0,0,0,0
2020-09-09T02:00:00Z,29,1.198552,0.652,1.956,0.226483,0.224,0.228,36.217241,35.4,36.7,4.050759,4.049,4.052,2707,2735,0,0,0,0
2020-09-09T03:00:00Z,30,1.646533,0.995,2.005,0.2244,0.223,0.227,37.84,35.5,39.4,4.051,4.05,4.052,2736,2765,0,0,0,0
2020-09-09T04:00:00Z,29,1.546724,1.116,1.986,0.223379,0.222,0.227,39.327586,38.6,39.7,4.051172,4.05,4.052,2766,2794,0,0,0,0
2020-09-09T05:00:00Z,29,1.667517,0.341,2.02,0.223241,0.222,0.226,39.8,38.9,40.7,4.050759,4.05,4.052,2795,2823,0,0,0,0
2020-09-09T06:00:00Z,30,0,0,0,0.2269,0.223,0.23,35.573333,32.6,39.2,4.049667,4.045,4.052,2824,2853,0,0,0,0
2020-09-09T07:00:00Z,29,0.561793,0,1.479,0.229655,0.228,0.231,32.251724,31.7,32.7,4.046621,4.045,4.05,2854,2882,0,0,0,0
2020-09-09T08:00:00Z,30,0.836633,0.628,1.485,0.228567,0.228,0.232,33.453333,32.7,34,4.047633,4.044,4.049,2883,2912,0,0,0,0
2020-09-09T09:00:00Z,29,0.554586,0,0.851,0.229862,0.229,0.232,32.048276,31.5,32.7,4.046241,4.045,4.049,2913,2941,0,0,0,0
2020-09-09T10:00:00Z,30,0,0,0,0.231467,0.23,0.233,30.823333,30.1,31.6,4.044867,4.044,4.047,2942,2971,0,0,0,0
2020-09-09T11:00:00Z,29,0,0,0,0.231724,0.23,0.233,30.241379,30.1,30.4,4.044483,4.042,4.047,2972,3000,0,0,0,0
2020-09-09T12:00:00Z,30,0,0,0,0.231867,0.231,0.234,30.15,30.1,30.3,4.044233,4.042,4.045,3001,3030,0,0,0,0
2020-09-09T13:00:00Z,29,0,0,0,0.232,0.231,0.233,30.1,30.1,30.1,4.044138,4.042,4.045,3031,3059,0,0,0,0
2020-09-09T14:00:00Z,29,0,0,0,0.231931,0.231,0.234,30.113793,30.1,30.2,4.043103,4.042,4.044,3060,3088,0,0,0,0
2020-09-09T15:00:00Z,30,0,0,0,0.232167,0.231,0.233,30.11,30.1,30.2,4.043467,4.042,4.045,3089,3118,0,0,0,0
2020-09-09T16:00:00Z,29,0,0,0,0.231828,0.231,0.233,30.131034,30.1,30.3,4.04331,4.04,4.044,3119,3147,0,0,0,0
2020-09-09T17:00:00Z,30,0,0,0,0.232233,0.231,0.233,30.07,30,30.1,4.042267,4.04,4.044,3148,3177,0,0,0,0
2020-09-09T18:00:00Z,29,0,0,0,0.232345,0.231,0.233,29.886207,29.5,30.1,4.04169,4.039,4.044,3178,3206,0,0,0,0
2020-09-09T19:00:00Z,30,0,0,0,0.232433,0.232,0.234,29.833333,29.5,30.1,4.040967,4.039,4.044,3207,3236,0,0,0,0
2020-09-09T20:00:00Z,29,0,0,0,0.232207,0.231,0.234,29.986207,29.6,30.1,4.040586,4.039,4.042,3237,3265,0,0,0,0
2020-09-09T21:00:00Z,30,0,0,0,0.2327,0.232,0.234,29.493333,29.4,29.6,4.04,4.039,4.042,3266,3295,0,0,0,0
2020-09-09T22:00:00Z,29,0,0,0,0.232897,0.232,0.234,29.375862,29.2,29.6,4.040069,4.039,4.042,3296,3324,0,0,0,0
2020-09-09T23:00:00Z,29,0.148586,0,0.529,0.232621,0.231,0.234,29.741379,29.4,30.1,4.03969,4.037,4.042,3325,3353,0,0,0,0
2020-09-10T00:00:00Z,30,0.774067,0.528,1.062,0.230867,0.229,0.233,31.343333,30.1,32.3,4.040767,4.039,4.044,3354,3383,0,0,0,0
2020-09-10T01:00:00Z,29,0.880655,0.761,1.01,0.228828,0.228,0.23,33.024138,32.3,34,4.040828,4.039,4.044,3384,3412,0,0,0,0
2020-09-10T02:00:00Z,30,1.1327,0.864,1.374,0.227233,0.225,0.23,35.22,34,36.7,4.042067,4.04,4.044,3413,3442,0,0,0,0
2020-09-10T03:00:00Z,29,1.393759,1.182,1.643,0.224552,0.223,0.228,37.644828,36.7,38.6,4.043069,4.04,4.045,3443,3471,0,0,0,0
2020-09-10T04:00:00Z,30,1.640733,1.325,1.904,0.2233,0.223,0.226,39.053333,38.7,39.4,4.0437,4.04,4.045,3472,3501,0,0,0,0
2020-09-10T05:00:00Z,29,1.565207,1.151,1.836,0.222793,0.222,0.225,40.1,39.4,40.6,4.043103,4.04,4.045,3502,3530,0,0,0,0
2020-09-10T06:00:00Z,29,1.222897,1.144,1.369,0.223241,0.222,0.227,39.596552,39.3,39.9,4.042828,4.04,4.045,3531,3559,0,0,0,0
2020-09-10T07:00:00Z,30,1.229267,0.867,1.758,0.223833,0.223,0.227,38.5,37.6,39.4,4.042133,4.04,4.044,3560,3589,0,0,0,0
2020-09-10T08:00:00Z,29,1.480034,0.948,2.414,0.224345,0.223,0.228,38.162069,37.7,39.4,4.041103,4.039,4.044,3590,3618,0,0,0,0
2020-09-10T09:00:00Z,30,0.332233,0,1.254,0.225933,0.223,0.229,36.31,34,39.4,4.039967,4.037,4.044,3619,3648,0,0,0,0
2020-09-10T10:00:00Z,29,0,0,0,0.228931,0.228,0.231,33.010345,32.7,34,4.039,4.037,4.04,3649,3677,0,0,0,0
2020-09-10T11:00:00Z,30,0,0,0,0.229567,0.228,0.233,32.663333,32.6,32.7,4.0385,4.037,4.04,3678,3707,0,0,0,0
2020-09-10T12:00:00Z,29,0,0,0,0.229793,0.229,0.233,32.165517,31.6,32.6,4.037759,4.037,4.039,3708,3736,0,0,0,0
2020-09-10T13:00:00Z,30,0,0,0,0.230767,0.229,0.233,31.453333,31.3,31.7,4.036967,4.034,4.039,3737,3766,0,0,0,0
2020-09-10T14:00:00Z,28,0,0,0,0.23125,0.23,0.233,31.175,30.5,31.6,4.036643,4.034,4.039,3767,3795,0,0,0,0
2020-09-10T15:00:00Z,29,0,0,0,0.231759,0.23,0.233,30.610345,30.3,31.1,4.035621,4.034,4.037,3796,3824,0,0,0,0
2020-09-10T16:00:00Z,29,0,0,0,0.231724,0.231,0.233,30.531034,30.4,30.6,4.036,4.034,4.037,3825,3853,0,0,0,0
2020-09-10T17:00:00Z,30,0,0,0,0.2317,0.231,0.233,30.496667,30.2,30.6,4.035967,4.034,4.037,3854,3883,0,0,0,0
2020-09-10T18:00:00Z,29,0,0,0,0.231966,0.231,0.233,30.262069,30.1,30.6,4.035586,4.034,4.037,3884,3912,0,0,0,0
2020-09-10T19:00:00Z,30,0,0,0,0.232067,0.231,0.233,30.123333,30,30.4,4.035533,4.032,4.037,3913,3942,0,0,0,0
2020-09-10T20:00:00Z,29,0,0,0,0.23231,0.232,0.234,29.775862,29.5,30,4.035,4.032,4.037,3943,3971,0,0,0,0
2020-09-10T21:00:00Z,28,0,0,0,0.232857,0.232,0.234,29.435714,29.3,29.6,4.034714,4.032,4.036,3972,4001,0,0,0,0
2020-09-10T22:00:00Z,29,0,0,0,0.233034,0.232,0.234,29.072414,29,29.4,4.034862,4.032,4.037,4002,4030,0,0,0,0
2020-09-10T23:00:00Z,30,0.309467,0,0.602,0.232067,0.23,0.234,29.97,29.1,30.7,4.034567,4.032,4.037,4031,4060,0,0,0,0
2020-09-11T00:00:00Z,29,0.611552,0.433,0.808,0.230966,0.23,0.233,31.237931,30.5,31.8,4.034759,4.032,4.036,4061,4089,0,0,0,0
2020-09-11T01:00:00Z,29,1.115034,0.59,1.574,0.228931,0.227,0.232,33.324138,31.6,35.3,4.035345,4.034,4.037,4090,4118,0,0,0,0
2020-09-11T02:00:00Z,30,1.171267,0.844,1.51,0.2261,0.225,0.228,36.196667,35.3,36.7,4.036367,4.036,4.037,4119,4148,0,0,0,0
2020-09-11T03:00:00Z,29,0.989759,0.629,1.42,0.225759,0.224,0.228,36.924138,36.2,37.8,4.036586,4.034,4.039,4149,4177,0,0,0,0
2020-09-11T04:00:00Z,30,1.1239,0.777,1.533,0.223967,0.223,0.227,38.483333,37.2,39.5,4.037133,4.036,4.039,4178,4207,0,0,0,0
2020-09-11T05:00:00Z,29,1.114276,0.897,1.39,0.223414,0.222,0.226,39.665517,38.4,40.4,4.037724,4.036,4.039,4208,4236,0,0,0,0
2020-09-11T06:00:00Z,28,1.072571,0.848,1.422,0.223,0.221,0.226,39.953571,38.1,40.7,4.037286,4.036,4.039,4237,4264,0,0,0,0
2020-09-11T07:00:00Z,27,1.217,0.874,1.553,0.223259,0.222,0.225,39.088889,38.1,40.1,4.036444,4.034,4.037,4267,4295,0,0,0,0
2020-09-11T08:00:00Z,30,0.5592,0.319,1.092,0.225733,0.223,0.228,36.653333,35.4,38.1,4.036367,4.034,4.037,4296,4325,0,0,0,0
2020-09-11T09:00:00Z,29,0.154034,0,0.505,0.227897,0.227,0.231,34.555172,33.8,35.3,4.03469,4.032,4.036,4326,4354,0,0,0,0
2020-09-11T10:00:00Z,30,0,0,0,0.228667,0.228,0.231,33.006667,32.6,33.7,4.034433,4.031,4.036,4355,4384,0,0,0,0
2020-09-11T11:00:00Z,29,0,0,0,0.229724,0.229,0.231,32.151724,31.9,32.6,4.033586,4.032,4.036,4385,4413,0,0,0,0
2020-09-11T12:00:00Z,30,0,0,0,0.229667,0.229,0.231,32.076667,31.7,32.5,4.032967,4.031,4.034,4414,4443,0,0,0,0
2020-09-11T13:00:00Z,29,0,0,0,0.230517,0.228,0.233,31.727586,31.4,32.5,4.032793,4.031,4.036,4444,4472,0,0,0,0
2020-09-11T14:00:00Z,25,0,0,0,0.23104,0.23,0.233,31.248,31,31.4,4.03232,4.031,4.034,4473,4501,0,0,0,0
2020-09-11T15:00:00Z,29,0,0,0,0.230966,0.23,0.233,31.382759,31.3,31.4,4.032276,4.031,4.034,4502,4530,0,0,0,0
2020-09-11T16:00:00Z,30,0,0,0,0.230967,0.23,0.233,31.32,31.1,31.4,4.031833,4.031,4.034,4531,4560,0,0,0,0
2020-09-11T17:00:00Z,29,0,0,0,0.231276,0.23,0.233,31.051724,30.9,31.2,4.031862,4.031,4.034,4561,4589,0,0,0,0
2020-09-11T18:00:00Z,30,0,0,0,0.231133,0.23,0.233,30.936667,30.7,31.3,4.031467,4.029,4.034,4590,4619,0,0,0,0
2020-09-11T19:00:00Z,29,0,0,0,0.231483,0.23,0.233,31.12069,30.6,31.3,4.031586,4.031,4.034,4620,4648,0,0,0,0
2020-09-11T20:00:00Z,30,0,0,0,0.231833,0.231,0.235,30.453333,30.3,30.6,4.031333,4.029,4.032,4649,4678,0,0,0,0
2020-09-11T21:00:00Z,29,0,0,0,0.231655,0.231,0.234,30.517241,30.4,30.6,4.031034,4.029,4.032,4679,4707,0,0,0,0
2020-09-11T22:00:00Z,30,0,0,0,0.232067,0.231,0.233,30.133333,30.1,30.4,4.030933,4.029,4.032,4708,4737,0,0,0,0
2020-09-11T23:00:00Z,28,0.188321,0,0.582,0.231357,0.23,0.232,30.817857,30,31.4,4.030821,4.029,4.032,4738,4766,0,0,0,0
2020-09-12T00:00:00Z,29,0.540448,0.38,0.68,0.229517,0.228,0.233,32.248276,31.4,33.2,4.031069,4.029,4.032,4767,4795,0,0,0,0
2020-09-12T01:00:00Z,30,1.004167,0.675,1.397,0.227567,0.226,0.229,34.853333,33.4,36.5,4.032567,4.031,4.034,4796,4825,0,0,0,0
2020-09-12T02:00:00Z,29,1.253552,0.911,1.474,0.225069,0.224,0.227,37.02069,36.5,37.9,4.033172,4.032,4.036,4826,4854,0,0,0,0
2020-09-12T03:00:00Z,30,1.527667,1.285,1.915,0.223867,0.223,0.227,38.483333,37.7,39.4,4.033533,4.032,4.036,4855,4884,0,0,0,0
2020-09-12T04:00:00Z,29,1.053552,0.544,1.897,0.224931,0.222,0.229,37.534483,35.9,38.5,4.032655,4.031,4.034,4885,4913,0,0,0,0
2020-09-12T05:00:00Z,30,1.4716,0.751,1.928,0.224333,0.222,0.229,37.823333,35.7,40.2,4.0321,4.031,4.034,4914,4943,0,0,0,0
2020-09-12T06:00:00Z,29,1.309034,0.713,1.951,0.224034,0.223,0.228,38.282759,37.4,39.4,4.031655,4.031,4.032,4944,4972,0,0,0,0
2020-09-12T07:00:00Z,30,1.275267,0.954,1.587,0.2235,0.223,0.226,38.583333,38,39.4,4.031733,4.031,4.034,4973,5002,0,0,0,0
2020-09-12T08:00:00Z,29,1.02869,0.816,1.504,0.223655,0.223,0.226,38.044828,37.9,38.3,4.03169,4.031,4.034,5003,5031,0,0,0,0
2020-09-12T09:00:00Z,30,0.965133,0.39,2.24,0.2245,0.223,0.229,37.59,36.7,38.5,4.032033,4.031,4.034,5032,5061,0,0,0,0
2020-09-12T10:00:00Z,29,0.011862,0,0.344,0.228241,0.226,0.232,34.293103,30.5,36.6,4.031414,4.029,4.032,5062,5090,0,0,0,0
2020-09-12T11:00:00Z,30,0,0,0,0.234,0.232,0.237,28.096667,27.3,30.1,4.029333,4.029,4.031,5091,5120,0,0,0,0
2020-09-12T12:00:00Z,29,0,0,0,0.234172,0.233,0.237,28,27.3,28.8,4.029138,4.027,4.031,5121,5149,0,0,0,0
2020-09-12T13:00:00Z,29,0,0,0,0.232724,0.232,0.234,29.341379,28.8,29.8,4.029069,4.029,4.031,5150,5178,0,0,0,0
2020-09-12T14:00:00Z,30,0,0,0,0.232967,0.232,0.234,28.696667,28.6,28.9,4.029067,4.027,4.031,5179,5208,0,0,0,0
2020-09-12T15:00:00Z,29,0,0,0,0.233759,0.232,0.236,28.203448,27.2,29,4.028586,4.027,4.029,5209,5237,0,0,0,0
2020-09-12T16:00:00Z,29,0,0,0,0.234517,0.233,0.238,27.465517,27.2,27.7,4.02831,4.027,4.029,5238,5266,0,0,0,0
2020-09-12T17:00:00Z,30,0,0,0,0.234233,0.233,0.236,27.456667,27.4,27.7,4.027933,4.027,4.029,5267,5296,0,0,0,0
2020-09-12T18:00:00Z,29,0,0,0,0.233517,0.233,0.236,28.006897,27.7,28.4,4.027759,4.027,4.029,5297,5325,0,0,0,0
2020-09-12T19:00:00Z,30,0,0,0,0.233667,0.233,0.236,28.346667,28.2,28.6,4.0274,4.027,4.029,5326,5355,0,0,0,0
2020-09-12T20:00:00Z,29,0,0,0,0.23369,0.233,0.235,28.337931,28.1,28.6,4.027276,4.027,4.029,5356,5384,0,0,0,0
2020-09-12T21:00:00Z,30,0,0,0,0.233533,0.233,0.235,28.606667,28.5,28.7,4.0276,4.027,4.029,5385,5414,0,0,0,0
2020-09-12T22:00:00Z,29,0,0,0,0.23331,0.233,0.236,28.665517,28.6,28.7,4.027207,4.027,4.029,5415,5443,0,0,0,0
2020-09-12T23:00:00Z,30,0.2621,0,0.505,0.2327,0.231,0.234,29.376667,28.7,30.1,4.0272,4.027,4.029,5444,5473,0,0,0,0
2020-09-13T00:00:00Z,29,0.451552,0.329,0.734,0.231379,0.231,0.233,30.548276,30.1,31,4.027276,4.027,4.029,5474,5502,0,0,0,0
2020-09-13T01:00:00Z,30,0.8918,0.587,1.354,0.229567,0.228,0.234,32.313333,31.2,33,4.028267,4.027,4.029,5503,5532,0,0,0,0
2020-09-13T02:00:00Z,29,1.056414,0.916,1.113,0.229138,0.228,0.232,32.562069,32.3,32.7,4.027828,4.027,4.029,5533,5561,0,0,0,0
2020-09-13T03:00:00Z,30,1.153633,0.542,1.369,0.2288,0.228,0.231,33.196667,32.6,34,4.0276,4.027,4.029,5562,5591,0,0,0,0
2020-09-13T04:00:00Z,29,1.411897,0.523,1.899,0.22769,0.226,0.231,34.662069,33.3,36.6,4.028379,4.027,4.029,5592,5620,0,0,0,0
2020-09-13T05:00:00Z,30,1.582033,0.549,1.912,0.225667,0.224,0.228,36.723333,36.5,37,4.028733,4.027,4.031,5621,5650,0,0,0,0
2020-09-13T06:00:00Z,29,0.949893,0,1.645,0.228517,0.226,0.231,33.427586,31.8,36.7,4.028379,4.027,4.029,5651,5679,0,0,0,0
2020-09-13T07:00:00Z,29,1.330966,0.488,1.805,0.227448,0.226,0.23,34.544828,32.6,35.5,4.028655,4.027,4.029,5680,5708,0,0,0,0
2020-09-13T08:00:00Z,30,0.605467,0,1.184,0.229133,0.228,0.233,32.99,31.6,34.1,4.027467,4.027,4.029,5709,5738,0,0,0,0
2020-09-13T09:00:00Z,29,0,0,0,0.230931,0.23,0.232,31.241379,30.2,31.6,4.027,4.027,4.027,5739,5767,0,0,0,0
2020-09-13T10:00:00Z,30,0,0,0,0.2317,0.231,0.233,30.093333,30,30.1,4.027,4.027,4.027,5768,5797,0,0,0,0
2020-09-13T11:00:00Z,29,0,0,0,0.232724,0.232,0.234,29.644828,29.3,30,4.026897,4.026,4.027,5798,5826,0,0,0,0
2020-09-13T12:00:00Z,30,0,0,0,0.232567,0.231,0.234,29.57,29.1,30.1,4.026733,4.026,4.027,5827,5856,0,0,0,0
2020-09-13T13:00:00Z,29,0,0,0,0.233759,0.233,0.236,28.186207,27.2,29.1,4.026586,4.026,4.027,5857,5885,0,0,0,0
2020-09-13T14:00:00Z,29,0,0,0,0.235,0.234,0.238,27.213793,27,27.4,4.026345,4.026,4.027,5886,5914,0,0,0,0
2020-09-13T15:00:00Z,30,0,0,0,0.234567,0.233,0.236,27.476667,27.3,27.6,4.0263,4.026,4.027,5915,5944,0,0,0,0
2020-09-13T16:00:00Z,29,0,0,0,0.234069,0.233,0.236,27.72069,27.6,27.8,4.026034,4.024,4.027,5945,5973,0,0,0,0
2020-09-13T17:00:00Z,30,0,0,0,0.233967,0.233,0.236,27.913333,27.8,28.1,4.025633,4.024,4.027,5974,6003,0,0,0,0
2020-09-13T18:00:00Z,29,0,0,0,0.233897,0.233,0.236,27.77931,27.7,28,4.025897,4.024,4.027,6004,6032,0,0,0,0
2020-09-13T19:00:00Z,30,0,0,0,0.2337,0.233,0.236,27.916667,27.6,28.5,4.025633,4.024,4.027,6033,6062,0,0,0,0
2020-09-13T20:00:00Z,26,0,0,0,0.233654,0.233,0.236,28.265385,28,28.6,4.025192,4.024,4.027,6063,6091,0,0,0,0
2020-09-13T21:00:00Z,30,0,0,0,0.2334,0.233,0.236,28.606667,28.6,28.7,4.024733,4.022,4.026,6092,6121,0,0,0,0
2020-09-13T22:00:00Z,29,0,0,0,0.233138,0.232,0.235,28.62069,28.6,28.7,4.024966,4.022,4.026,6122,6150,0,0,0,0
2020-09-13T23:00:00Z,30,0,0,0,0.233567,0.233,0.235,28.503333,28.3,28.6,4.024467,4.022,4.026,6151,6180,0,0,0,0
2020-09-14T00:00:00Z,29,0,0,0,0.233207,0.233,0.235,28.996552,28.6,29.3,4.023379,4.022,4.026,6181,6209,0,0,0,0
2020-09-14T01:00:00Z,30,0.4016,0,0.741,0.2332,0.233,0.235,28.87,28.7,29.2,4.023367,4.021,4.026,6210,6239,0,0,0,0
2020-09-14T02:00:00Z,29,1.066586,0.787,1.323,0.231828,0.23,0.234,30.255172,29,31.4,4.023069,4.021,4.024,6240,6268,0,0,0,0
2020-09-14T03:00:00Z,30,1.705367,1.343,2.123,0.2289,0.227,0.233,33.186667,31.4,34.9,4.0244,4.022,4.026,6269,6298,0,0,0,0
2020-09-14T04:00:00Z,29,1.155897,0.772,1.712,0.228379,0.227,0.231,33.748276,33.2,34.6,4.025448,4.024,4.026,6299,6327,0,0,0,0
2020-09-14T05:00:00Z,29,1.702103,1.133,2.273,0.226897,0.224,0.229,35.110345,33.3,37.3,4.025448,4.024,4.026,6328,6356,0,0,0,0
2020-09-14T06:00:00Z,30,1.819833,1.6,2.179,0.2245,0.223,0.228,37.976667,37.4,38.5,4.025367,4.024,4.027,6357,6386,0,0,0,0
2020-09-14T07:00:00Z,29,1.460621,0.971,1.966,0.224793,0.222,0.227,37.437931,35.5,39.1,4.024759,4.022,4.026,6387,6415,0,0,0,0
2020-09-14T08:00:00Z,30,0.880667,0.624,0.982,0.2276,0.226,0.23,34.87,34.2,35.4,4.0233,4.021,4.026,6416,6445,0,0,0,0
2020-09-14T09:00:00Z,29,0.214586,0,0.602,0.228759,0.228,0.231,33.155172,32.6,34.1,4.022276,4.021,4.024,6446,6474,0,0,0,0
2020-09-14T10:00:00Z,30,0,0,0,0.2297,0.229,0.232,32.023333,31.3,32.5,4.0212,4.019,4.022,6475,6504,0,0,0,0
2020-09-14T11:00:00Z,29,0,0,0,0.233069,0.231,0.235,28.827586,27.7,31,4.020517,4.019,4.022,6505,6533,0,0,0,0
2020-09-14T12:00:00Z,30,0,0,0,0.2338,0.232,0.236,28.313333,27.9,29.1,4.020067,4.017,4.022,6534,6563,0,0,0,0
2020-09-14T13:00:00Z,29,0,0,0,0.232483,0.232,0.236,29.768966,29.1,30,4.020724,4.019,4.022,6564,6592,0,0,0,0
2020-09-14T14:00:00Z,28,0,0,0,0.232,0.231,0.233,30.071429,30,30.1,4.018571,4.014,4.021,6593,6621,0,0,0,0
2020-09-14T15:00:00Z,30,0,0,0,0.232433,0.231,0.234,29.796667,29.4,30,4.018533,4.017,4.021,6622,6651,0,0,0,0
2020-09-14T16:00:00Z,28,0,0,0,0.232929,0.232,0.234,29.146429,28.9,29.4,4.018,4.016,4.021,6652,6680,0,0,0,0
2020-09-14T17:00:00Z,30,0,0,0,0.233367,0.233,0.235,28.736667,28.6,29.1,4.017467,4.016,4.021,6681,6710,0,0,0,0
2020-09-14T18:00:00Z,29,0,0,0,0.233379,0.233,0.235,28.641379,28.6,28.9,4.016586,4.014,4.019,6711,6739,0,0,0,0
2020-09-14T19:00:00Z,30,0,0,0,0.233033,0.233,0.234,28.886667,28.7,29,4.016433,4.014,4.019,6740,6769,0,0,0,0
2020-09-14T20:00:00Z,29,0,0,0,0.233448,0.233,0.235,28.617241,28.5,28.7,4.014724,4.012,4.017,6770,6798,0,0,0,0
2020-09-14T21:00:00Z,30,0,0,0,0.233433,0.233,0.235,28.593333,28.5,28.6,4.0143,4.012,4.017,6799,6828,0,0,0,0
2020-09-14T22:00:00Z,29,0,0,0,0.233621,0.233,0.235,28.527586,28.3,28.6,4.013414,4.011,4.016,6829,6857,0,0,0,0
2020-09-14T23:00:00Z,25,0.19172,0,0.77,0.23304,0.232,0.235,28.936,28.2,30.1,4.01328,4.012,4.016,6858,6887,0,0,0,0
2020-09-15T00:00:00Z,29,0.611069,0.498,0.993,0.231138,0.23,0.233,30.834483,30.1,31.6,4.013448,4.012,4.016,6888,6916,0,0,0,0
2020-09-15T01:00:00Z,30,0.936367,0.58,1.285,0.229167,0.228,0.233,32.613333,31.6,34,4.0133,4.011,4.016,6917,6946,0,0,0,0
2020-09-15T02:00:00Z,29,1.289586,0.921,1.805,0.227655,0.226,0.23,34.889655,33.9,35.5,4.014379,4.012,4.017,6947,6975,0,0,0,0
2020-09-15T03:00:00Z,29,1.299,0.708,1.645,0.226138,0.224,0.228,36.62069,35.5,37.4,4.014931,4.012,4.017,6976,7004,0,0,0,0
2020-09-15T04:00:00Z,30,1.3433,0.805,1.694,0.225233,0.223,0.229,37.456667,36.8,38,4.0152,4.012,4.017,7005,7034,0,0,0,0
2020-09-15T05:00:00Z,29,1.516138,0.854,1.859,0.225241,0.223,0.228,37.310345,36.7,38.6,4.014759,4.012,4.017,7035,7063,0,0,0,0
2020-09-15T06:00:00Z,29,1.158862,0.628,1.677,0.22531,0.223,0.228,36.924138,36.6,38.1,4.012655,4.011,4.016,7064,7092,0,0,0,0
2020-09-15T07:00:00Z,29,0.781138,0.326,1.546,0.227828,0.226,0.23,34.472414,32.7,36.6,4.011276,4.009,4.014,7094,7122,0,0,0,0
2020-09-15T08:00:00Z,30,0.92,0.534,1.312,0.2274,0.226,0.23,35.336667,34.7,35.7,4.011133,4.009,4.012,7123,7152,0,0,0,0
2020-09-15T09:00:00Z,29,0.457828,0.356,0.551,0.228276,0.227,0.231,34.22069,33.8,34.6,4.010897,4.009,4.012,7153,7181,0,0,0,0
2020-09-15T10:00:00Z,30,0.124533,0,0.451,0.228867,0.228,0.233,33.56,32.8,34,4.010667,4.009,4.012,7182,7211,0,0,0,0
2020-09-15T11:00:00Z,29,0,0,0,0.229241,0.228,0.232,32.475862,31.6,33.1,4.009828,4.007,4.011,7212,7240,0,0,0,0
2020-09-15T12:00:00Z,30,0,0,0,0.2305,0.23,0.233,31.416667,31.4,31.6,4.007867,4.006,4.011,7241,7270,0,0,0,0
2020-09-15T13:00:00Z,29,0,0,0,0.231586,0.23,0.233,30.851724,30.1,31.4,4.006966,4.006,4.009,7271,7299,0,0,0,0
2020-09-15T14:00:00Z,29,0,0,0,0.232241,0.231,0.233,30.075862,30,30.1,4.006345,4.006,4.007,7300,7328,0,0,0,0
2020-09-15T15:00:00Z,29,0,0,0,0.232138,0.231,0.234,30.082759,30,30.1,4.005621,4.004,4.007,7330,7358,0,0,0,0
2020-09-15T16:00:00Z,29,0,0,0,0.232034,0.231,0.233,30.103448,30.1,30.2,4.004828,4.003,4.006,7359,7387,0,0,0,0
2020-09-15T17:00:00Z,30,0,0,0,0.232133,0.231,0.233,30.076667,29.9,30.2,4.004067,4.003,4.006,7388,7417,0,0,0,0
2020-09-15T18:00:00Z,29,0,0,0,0.232517,0.231,0.233,29.882759,29.6,30,4.003621,4.003,4.004,7418,7446,0,0,0,0
2020-09-15T19:00:00Z,30,0,0,0,0.2327,0.231,0.234,29.716667,29.6,29.8,4.003567,4.001,4.006,7447,7476,0,0,0,0
2020-09-15T20:00:00Z,29,0,0,0,0.232793,0.232,0.234,29.606897,29.5,29.8,4.003103,4.001,4.004,7477,7505,0,0,0,0
2020-09-15T21:00:00Z,30,0,0,0,0.2331,0.233,0.234,29.346667,29,29.5,4.0024,4.001,4.004,7506,7535,0,0,0,0
2020-09-15T22:00:00Z,29,0,0,0,0.233069,0.233,0.234,28.827586,28.7,28.9,4.001414,4.001,4.003,7536,7564,0,0,0,0
2020-09-15T23:00:00Z,30,0.1374,0,0.529,0.232933,0.231,0.234,29.326667,28.9,30,4.001133,3.999,4.003,7565,7594,0,0,0,0
2020-09-16T00:00:00Z,29,0.867793,0.577,1.182,0.230759,0.229,0.233,31.151724,30.1,32.6,4.000448,3.999,4.001,7595,7623,0,0,0,0
2020-09-16T01:00:00Z,30,1.0078,0.483,1.651,0.228867,0.228,0.231,32.966667,32.6,33.5,4.0002,3.999,4.001,7624,7653,0,0,0,0
2020-09-16T02:00:00Z,29,1.375828,0.733,1.818,0.227241,0.226,0.23,35.155172,33,36,4.000966,3.998,4.003,7654,7682,0,0,0,0
2020-09-16T03:00:00Z,30,1.279233,0.629,1.713,0.2255,0.224,0.228,36.546667,35.4,37.7,4.000267,3.999,4.001,7683,7712,0,0,0,0
2020-09-16T04:00:00Z,29,1.350931,0.93,1.738,0.224138,0.223,0.228,38.365517,36.8,39.4,4.000655,3.999,4.003,7713,7741,0,0,0,0
2020-09-16T05:00:00Z,30,1.181667,0.785,1.577,0.223867,0.223,0.227,38.466667,37.5,39.4,4,3.999,4.001,7742,7771,0,0,0,0
2020-09-16T06:00:00Z,29,1.384621,1.003,1.579,0.223241,0.223,0.226,39.186207,38.6,39.4,3.999448,3.998,4.001,7772,7800,0,0,0,0
2020-09-16T07:00:00Z,25,1.2516,1.108,1.441,0.22336,0.223,0.226,38.444,37.9,39.3,3.999,3.999,3.999,7801,7829,0,0,0,0
2020-09-16T08:00:00Z,30,1.0643,0.815,1.372,0.224833,0.223,0.228,37.573333,36.7,38,3.998567,3.998,4.001,7830,7859,0,0,0,0
2020-09-16T09:00:00Z,28,0.666536,0.408,0.839,0.226464,0.225,0.229,36.335714,35.4,36.7,3.99775,3.996,3.999,7860,7888,0,0,0,0
2020-09-16T10:00:00Z,29,0.050759,0,0.393,0.228103,0.227,0.231,34.734483,34,35.4,3.996621,3.994,3.999,7889,7918,0,0,0,0
2020-09-16T11:00:00Z,29,0,0,0,0.228517,0.228,0.231,33.289655,32.7,34,3.99531,3.994,3.998,7919,7947,0,0,0,0
2020-09-16T12:00:00Z,25,0,0,0,0.22956,0.229,0.232,32.368,32,32.7,3.99396,3.993,3.996,7948,7976,0,0,0,0
2020-09-16T13:00:00Z,30,0,0,0,0.2302,0.229,0.233,31.713333,31.4,32.1,3.992467,3.989,3.994,7977,8006,0,0,0,0
2020-09-16T14:00:00Z,26,0,0,0,0.230808,0.23,0.233,31.284615,31,31.4,3.99,3.988,3.991,8007,8035,0,0,0,0
2020-09-16T15:00:00Z,29,0,0,0,0.230931,0.229,0.233,31.427586,31.4,31.5,3.989414,3.988,3.991,8036,8064,0,0,0,0
2020-09-16T16:00:00Z,30,0,0,0,0.2311,0.229,0.233,31.176667,30.8,31.4,3.988267,3.986,3.991,8065,8094,0,0,0,0
2020-09-16T17:00:00Z,29,0,0,0,0.230931,0.23,0.233,30.993103,30.6,31.3,3.987966,3.986,3.991,8095,8123,0,0,0,0
2020-09-16T18:00:00Z,30,0,0,0,0.231667,0.231,0.233,30.563333,30.3,31.1,3.986633,3.986,3.989,8124,8153,0,0,0,0
2020-09-16T19:00:00Z,29,0,0,0,0.231724,0.23,0.233,30.272414,30.1,30.4,3.985621,3.983,3.988,8154,8182,0,0,0,0
2020-09-16T20:00:00Z,30,0,0,0,0.232033,0.231,0.233,30.13,30.1,30.2,3.983867,3.981,3.986,8183,8212,0,0,0,0
2020-09-16T21:00:00Z,29,0,0,0,0.231862,0.231,0.233,30.144828,30.1,30.3,3.983483,3.983,3.984,8213,8241,0,0,0,0
2020-09-16T22:00:00Z,30,0,0,0,0.231967,0.231,0.233,30.093333,30,30.1,3.982767,3.981,3.984,8242,8271,0,0,0,0
2020-09-16T23:00:00Z,29,0.085621,0,0.482,0.231793,0.231,0.233,30.255172,30,30.6,3.981448,3.979,3.984,8272,8300,0,0,0,0
2020-09-17T00:00:00Z,30,0.899367,0.503,1.287,0.229867,0.228,0.234,32.003333,30.6,33.2,3.979933,3.979,3.983,8301,8330,0,0,0,0
2020-09-17T01:00:00Z,29,1.567069,1.028,1.932,0.227931,0.226,0.231,34.468966,33.1,35.8,3.980034,3.979,3.983,8331,8359,0,0,0,0
2020-09-17T02:00:00Z,30,1.4479,1.03,1.93,0.225633,0.223,0.228,36.613333,35.8,37.3,3.9792,3.978,3.981,8360,8389,0,0,0,0
2020-09-17T03:00:00Z,29,1.389448,0.884,1.707,0.224414,0.223,0.228,37.613793,37,38,3.978759,3.978,3.979,8390,8418,0,0,0,0
2020-09-17T04:00:00Z,29,1.382207,0.839,1.887,0.223793,0.223,0.227,38.262069,37.8,39,3.978379,3.976,3.981,8419,8447,0,0,0,0
2020-09-17T05:00:00Z,30,1.389,0.997,1.728,0.2236,0.222,0.227,38.88,38.1,39.6,3.978,3.976,3.979,8448,8477,0,0,0,0
2020-09-17T06:00:00Z,28,1.380643,1.016,1.741,0.223071,0.222,0.226,39.442857,38.9,39.9,3.977821,3.976,3.979,8478,8505,0,0,0,0
2020-09-17T07:00:00Z,30,1.2657,0.418,1.717,0.224267,0.223,0.228,38.363333,37.1,39.4,3.976667,3.976,3.978,8507,8536,0,0,0,0
2020-09-17T08:00:00Z,28,0.998714,0.851,1.302,0.224357,0.223,0.227,37.628571,37.4,38.3,3.975786,3.974,3.978,8538,8565,0,0,0,0
2020-09-17T09:00:00Z,27,0.606148,0.339,0.869,0.225889,0.223,0.228,36.611111,35.4,37.4,3.975407,3.974,3.976,8566,8595,0,0,0,0
2020-09-17T10:00:00Z,28,0,0,0,0.227643,0.226,0.23,34.492857,32.8,35.4,3.974071,3.973,3.976,8596,8624,0,0,0,0
2020-09-17T11:00:00Z,30,0,0,0,0.231733,0.228,0.234,30.203333,28.9,32.7,3.973033,3.971,3.974,8625,8654,0,0,0,0
2020-09-17T12:00:00Z,29,0,0,0,0.233241,0.233,0.235,28.827586,28.7,29.1,3.97131,3.968,3.973,8655,8683,0,0,0,0
2020-09-17T13:00:00Z,29,0,0,0,0.233034,0.232,0.235,29.155172,28.9,29.5,3.969483,3.966,3.973,8684,8712,0,0,0,0
2020-09-17T14:00:00Z,30,0,0,0,0.233467,0.233,0.235,28.703333,28.7,28.8,3.9674,3.966,3.97,8713,8742,0,0,0,0
2020-09-17T15:00:00Z,29,0,0,0,0.232897,0.232,0.233,29.234483,28.7,29.6,3.966379,3.965,3.968,8743,8771,0,0,0,0
2020-09-17T16:00:00Z,29,0,0,0,0.231966,0.23,0.234,30.034483,29.6,30.1,3.965034,3.963,3.966,8772,8800,0,0,0,0
2020-09-17T17:00:00Z,30,0,0,0,0.232033,0.231,0.234,30.043333,30,30.1,3.9639,3.961,3.966,8801,8830,0,0,0,0
2020-09-17T18:00:00Z,29,0,0,0,0.232241,0.232,0.233,29.937931,29.6,30.1,3.961241,3.96,3.963,8831,8859,0,0,0,0
2020-09-17T19:00:00Z,30,0,0,0,0.2323,0.232,0.233,29.85,29.7,30,3.960833,3.958,3.963,8860,8889,0,0,0,0
2020-09-17T20:00:00Z,29,0,0,0,0.23269,0.232,0.234,29.517241,29.4,29.7,3.957828,3.955,3.96,8890,8918,0,0,0,0
2020-09-17T21:00:00Z,30,0,0,0,0.232933,0.232,0.234,29.253333,29.1,29.5,3.957067,3.956,3.96,8919,8948,0,0,0,0
2020-09-17T22:00:00Z,29,0,0,0,0.233,0.232,0.234,29.241379,29.2,29.4,3.955414,3.953,3.958,8949,8977,0,0,0,0
2020-09-17T23:00:00Z,30,0.176333,0,0.547,0.232533,0.232,0.233,29.536667,29.3,30,3.954867,3.953,3.956,8978,9007,0,0,0,0
2020-09-18T00:00:00Z,29,0.541931,0,0.866,0.231759,0.229,0.234,30.282759,30,31,3.953069,3.951,3.955,9008,9036,0,0,0,0
2020-09-18T01:00:00Z,30,0.9633,0.392,1.52,0.2303,0.229,0.232,31.57,31,32.1,3.952333,3.95,3.955,9037,9066,0,0,0,0
2020-09-18T02:00:00Z,29,1.667621,1.394,1.776,0.228621,0.228,0.232,33.313793,32.1,34.2,3.951138,3.95,3.953,9067,9095,0,0,0,0
2020-09-18T03:00:00Z,30,1.5773,0.775,1.915,0.2277,0.227,0.23,34.813333,34,35.3,3.951333,3.95,3.953,9096,9125,0,0,0,0
2020-09-18T04:00:00Z,29,1.266621,0.354,2.046,0.228379,0.227,0.231,33.872414,32.7,35.5,3.94931,3.948,3.951,9126,9154,0,0,0,0
2020-09-18T05:00:00Z,27,1.793444,1.39,1.951,0.22637,0.225,0.229,36.377778,35.7,36.7,3.949296,3.948,3.951,9155,9184,0,0,0,0
2020-09-18T06:00:00Z,27,1.547407,0.859,1.923,0.226222,0.225,0.229,36.477778,35.9,36.7,3.94763,3.946,3.95,9185,9213,0,0,0,0
2020-09-18T07:00:00Z,26,1.229615,0,1.599,0.227385,0.225,0.23,35.25,34.3,36.7,3.946231,3.945,3.948,9214,9242,0,0,0,0
2020-09-18T08:00:00Z,30,0.928467,0.536,1.362,0.228133,0.227,0.23,33.836667,33.1,34.8,3.944533,3.941,3.946,9243,9272,0,0,0,0
2020-09-18T09:00:00Z,29,0.177448,0,0.508,0.229276,0.228,0.232,32.562069,32.1,33,3.942379,3.94,3.945,9273,9301,0,0,0,0
2020-09-18T10:00:00Z,28,0,0,0,0.230536,0.229,0.232,31.25,30.6,32,3.939964,3.937,3.941,9302,9331,0,0,0,0
2020-09-18T11:00:00Z,29,0,0,0,0.231552,0.231,0.233,30.358621,30.1,30.6,3.937931,3.935,3.941,9332,9360,0,0,0,0
2020-09-18T12:00:00Z,30,0,0,0,0.232967,0.232,0.235,29.156667,28.6,30,3.9351,3.933,3.938,9361,9390,0,0,0,0
2020-09-18T13:00:00Z,29,0,0,0,0.233345,0.233,0.235,28.593103,28.4,28.7,3.933,3.932,3.935,9391,9419,0,0,0,0
2020-09-18T14:00:00Z,28,0,0,0,0.2335,0.233,0.236,28.267857,27.9,28.7,3.931357,3.928,3.933,9420,9448,0,0,0,0
2020-09-18T15:00:00Z,29,0,0,0,0.234103,0.233,0.235,27.937931,27.4,28.1,3.929862,3.928,3.932,9450,9478,0,0,0,0
2020-09-18T16:00:00Z,29,0,0,0,0.235724,0.234,0.238,26.903448,26.6,27.4,3.927345,3.925,3.928,9479,9507,0,0,0,0
2020-09-18T17:00:00Z,30,0,0,0,0.236033,0.235,0.238,26.656667,26.5,26.8,3.926433,3.925,3.928,9508,9537,0,0,0,0
2020-09-18T18:00:00Z,29,0,0,0,0.235966,0.235,0.238,26.7,26.7,26.7,3.924586,3.923,3.927,9538,9566,0,0,0,0
2020-09-18T19:00:00Z,30,0,0,0,0.235533,0.234,0.238,26.846667,26.7,27.2,3.9238,3.923,3.927,9567,9596,0,0,0,0
2020-09-18T20:00:00Z,29,0,0,0,0.234931,0.233,0.238,27.306897,27.2,27.4,3.923034,3.922,3.925,9597,9625,0,0,0,0
2020-09-18T21:00:00Z,30,0,0,0,0.234833,0.234,0.237,27.396667,27.3,27.4,3.9229,3.922,3.923,9626,9655,0,0,0,0
2020-09-18T22:00:00Z,29,0,0,0,0.234759,0.233,0.237,27.4,27.4,27.4,3.92231,3.922,3.923,9656,9684,0,0,0,0
2020-09-18T23:00:00Z,30,0.059133,0,0.498,0.233533,0.233,0.235,28.24,27.4,28.9,3.922067,3.922,3.923,9685,9714,0,0,0,0
2020-09-19T00:00:00Z,29,0.845655,0.498,1.185,0.231586,0.23,0.235,30.496552,29,31.5,3.922069,3.922,3.923,9715,9743,0,0,0,0
2020-09-19T01:00:00Z,30,0.472967,0,1.1,0.232067,0.23,0.234,30.35,29.5,31.5,3.9218,3.92,3.922,9744,9773,0,0,0,0
2020-09-19T02:00:00Z,29,1.602276,0.636,1.912,0.229414,0.228,0.233,32.596552,29.9,34,3.921586,3.92,3.922,9774,9802,0,0,0,0
2020-09-19T03:00:00Z,30,1.709333,1.279,1.938,0.2279,0.226,0.23,34.453333,33.5,35.4,3.9218,3.92,3.922,9803,9832,0,0,0,0
2020-09-19T04:00:00Z,29,1.502414,0.816,2.16,0.227966,0.227,0.229,33.862069,33,34.9,3.92069,3.918,3.922,9833,9861,0,0,0,0
2020-09-19T05:00:00Z,29,0.472,0,1.825,0.230034,0.226,0.235,31.724138,27.3,35.5,3.919448,3.915,3.922,9862,9890,0,0,0,0
2020-09-19T06:00:00Z,28,0.034964,0,0.339,0.235679,0.235,0.238,26.592857,26.3,27.2,3.915893,3.913,3.918,9891,9920,0,0,0,0
2020-09-19T07:00:00Z,29,0,0,0,0.235655,0.234,0.238,26.551724,26.3,26.8,3.913,3.912,3.915,9921,9949,0,0,0,0
2020-09-19T08:00:00Z,30,0,0,0,0.236067,0.235,0.238,26.746667,26.4,27,3.912633,3.91,3.915,9950,9979,0,0,0,0
2020-09-19T09:00:00Z,29,0,0,0,0.236345,0.235,0.238,26.427586,26.2,26.7,3.910414,3.908,3.913,9980,10008,0,0,0,0
2020-09-19T10:00:00Z,26,0,0,0,0.236308,0.235,0.238,26.426923,26.3,26.6,3.909385,3.907,3.912,10009,10038,0,0,0,0
2020-09-19T11:00:00Z,29,0,0,0,0.236207,0.234,0.238,26.589655,26.3,27,3.908207,3.907,3.91,10039,10067,0,0,0,0
2020-09-19T12:00:00Z,30,0,0,0,0.2355,0.234,0.238,27.07,26.9,27.2,3.9074,3.905,3.908,10068,10097,0,0,0,0
2020-09-19T13:00:00Z,27,0,0,0,0.235815,0.235,0.238,26.785185,26.7,26.9,3.906333,3.905,3.908,10098,10126,0,0,0,0
2020-09-19T14:00:00Z,27,0,0,0,0.235667,0.235,0.238,27.040741,26.9,27.2,3.904519,3.902,3.907,10127,10155,0,0,0,0
2020-09-19T15:00:00Z,30,0,0,0,0.235733,0.234,0.238,27.126667,27.1,27.2,3.9043,3.902,3.905,10156,10185,0,0,0,0
2020-09-19T16:00:00Z,29,0,0,0,0.235552,0.234,0.238,27.265517,27.2,27.4,3.903552,3.9,3.905,10186,10214,0,0,0,0
2020-09-19T17:00:00Z,30,0,0,0,0.235133,0.234,0.237,27.403333,27.4,27.5,3.9028,3.9,3.904,10215,10244,0,0,0,0
2020-09-19T18:00:00Z,28,0,0,0,0.235179,0.234,0.237,27.378571,27.3,27.4,3.901964,3.897,3.904,10245,10273,0,0,0,0
2020-09-19T19:00:00Z,29,0,0,0,0.235483,0.235,0.237,27.303448,27.3,27.4,3.900586,3.899,3.904,10274,10302,0,0,0,0
2020-09-19T20:00:00Z,30,0,0,0,0.235133,0.234,0.237,27.296667,27.2,27.4,3.900133,3.899,3.902,10303,10332,0,0,0,0
2020-09-19T21:00:00Z,29,0,0,0,0.235034,0.234,0.237,27.344828,27.2,27.4,3.899172,3.897,3.9,10333,10361,0,0,0,0
2020-09-19T22:00:00Z,30,0,0,0,0.235533,0.235,0.237,27.17,26.9,27.3,3.898867,3.897,3.902,10362,10391,0,0,0,0
2020-09-19T23:00:00Z,29,0.346138,0,0.564,0.234483,0.233,0.236,27.844828,27,28.6,3.897897,3.897,3.899,10392,10420,0,0,0,0
2020-09-20T00:00:00Z,30,0.797933,0.485,1.231,0.232333,0.23,0.236,29.87,28.6,31.4,3.899067,3.897,3.9,10421,10450,0,0,0,0
2020-09-20T01:00:00Z,29,0.906759,0.703,1.105,0.230828,0.229,0.232,31.424138,31.3,31.7,3.898862,3.897,3.9,10451,10479,0,0,0,0
2020-09-20T02:00:00Z,30,1.3117,0.959,1.705,0.229,0.227,0.232,33.173333,31.8,35.2,3.898967,3.897,3.9,10480,10509,0,0,0,0
2020-09-20T03:00:00Z,29,1.241448,0.946,1.756,0.225517,0.224,0.228,36.851724,35.3,37.9,3.899862,3.897,3.904,10510,10538,0,0,0,0
2020-09-20T04:00:00Z,30,1.0638,0.839,1.663,0.224433,0.223,0.228,38.04,37.8,38.8,3.899867,3.899,3.902,10539,10568,0,0,0,0
2020-09-20T05:00:00Z,29,1.484655,0.971,2.086,0.224,0.222,0.227,38.889655,37.9,39.9,3.900172,3.899,3.902,10569,10597,0,0,0,0
2020-09-20T06:00:00Z,30,1.504133,1.136,2.045,0.222467,0.221,0.224,40.42,40,40.7,3.9009,3.899,3.902,10598,10627,0,0,0,0
2020-09-20T07:00:00Z,29,0.866607,0.352,1.599,0.224931,0.222,0.229,37.637931,35.4,40.6,3.900172,3.897,3.902,10628,10656,0,0,0,0
2020-09-20T08:00:00Z,30,0.557233,0.341,0.846,0.2297,0.227,0.233,32.546667,30.6,35.3,3.896533,3.895,3.899,10657,10686,0,0,0,0
2020-09-20T09:00:00Z,29,0.283379,0,0.656,0.231138,0.23,0.233,31.268966,30.7,31.5,3.894793,3.894,3.895,10687,10715,0,0,0,0
2020-09-20T10:00:00Z,28,0,0,0,0.231714,0.231,0.233,30.642857,30.1,31.1,3.894429,3.892,3.895,10716,10744,0,0,0,0
2020-09-20T11:00:00Z,30,0,0,0,0.232567,0.231,0.235,29.65,29.1,30.1,3.893767,3.892,3.895,10745,10774,0,0,0,0
2020-09-20T12:00:00Z,27,0,0,0,0.233333,0.233,0.235,28.718519,28.5,29.1,3.892815,3.89,3.894,10775,10803,0,0,0,0
2020-09-20T13:00:00Z,30,0,0,0,0.233633,0.233,0.236,28.42,27.8,28.6,3.891533,3.89,3.894,10804,10833,0,0,0,0
2020-09-20T14:00:00Z,28,0,0,0,0.234571,0.233,0.237,27.821429,27.7,28,3.890429,3.889,3.892,10834,10862,0,0,0,0
2020-09-20T15:00:00Z,29,0,0,0,0.234034,0.233,0.236,28.2,28,28.6,3.889897,3.889,3.892,10863,10892,0,0,0,0
2020-09-20T16:00:00Z,26,0,0,0,0.233308,0.233,0.235,28.646154,28.6,29,3.889462,3.887,3.892,10893,10921,0,0,0,0
2020-09-20T17:00:00Z,29,0,0,0,0.234,0.233,0.236,28.42069,28.3,28.6,3.889241,3.887,3.892,10922,10950,0,0,0,0
2020-09-20T18:00:00Z,30,0,0,0,0.2339,0.233,0.236,28.283333,28.1,28.6,3.888,3.887,3.89,10951,10980,0,0,0,0
2020-09-20T19:00:00Z,29,0,0,0,0.234034,0.233,0.236,28.27931,28.1,28.6,3.887966,3.884,3.89,10981,11009,0,0,0,0
2020-09-20T20:00:00Z,30,0,0,0,0.233467,0.233,0.235,28.64,28.3,28.8,3.8872,3.885,3.889,11010,11039,0,0,0,0
2020-09-20T21:00:00Z,29,0,0,0,0.233586,0.233,0.235,28.62069,28.6,28.7,3.886586,3.885,3.889,11040,11068,0,0,0,0
2020-09-20T22:00:00Z,30,0,0,0,0.234,0.233,0.236,28.333333,28.1,28.6,3.8863,3.884,3.889,11069,11098,0,0,0,0
2020-09-20T23:00:00Z,29,0.179897,0,0.49,0.233034,0.231,0.236,29.237931,28.5,30.1,3.886103,3.884,3.889,11099,11127,0,0,0,0
2020-09-21T00:00:00Z,29,0.877793,0.424,1.285,0.231621,0.23,0.233,30.637931,30.1,31.5,3.88731,3.885,3.89,11128,11156,0,0,0,0
2020-09-21T01:00:00Z,25,1.12944,0.641,1.377,0.22916,0.228,0.232,32.408,31.5,33.2,3.88708,3.885,3.889,11157,11185,0,0,0,0
2020-09-21T02:00:00Z,30,1.482767,0.962,1.914,0.227667,0.226,0.231,34.72,33.3,36.4,3.888767,3.887,3.89,11186,11215,0,0,0,0
2020-09-21T03:00:00Z,29,1.278,0.838,1.835,0.226655,0.225,0.229,35.858621,35.4,36.7,3.889241,3.887,3.89,11216,11244,0,0,0,0
2020-09-21T04:00:00Z,30,1.2744,0.813,1.727,0.2251,0.224,0.228,37.043333,36.5,37.9,3.890367,3.889,3.894,11245,11274,0,0,0,0
2020-09-21T05:00:00Z,29,1.313897,1.023,1.817,0.225448,0.223,0.228,37.237931,36.5,38.4,3.890586,3.889,3.894,11275,11303,0,0,0,0
2020-09-21T06:00:00Z,29,1.316414,1.1,1.569,0.224552,0.223,0.228,37.986207,37.3,39.1,3.891345,3.889,3.892,11304,11332,0,0,0,0
2020-09-21T07:00:00Z,30,0.968833,0.623,1.18,0.224067,0.223,0.228,38.21,36.9,39.3,3.8924,3.892,3.894,11333,11362,0,0,0,0
2020-09-21T08:00:00Z,29,1.121103,0.864,1.356,0.223379,0.222,0.226,39.158621,38,39.4,3.893207,3.89,3.895,11363,11391,0,0,0,0
2020-09-21T09:00:00Z,30,0.401433,0,0.962,0.2262,0.223,0.23,36.516667,33.4,38,3.8902,3.887,3.894,11392,11421,0,0,0,0
2020-09-21T10:00:00Z,29,0,0,0,0.229724,0.228,0.233,32.313793,32,33,3.887586,3.885,3.89,11422,11450,0,0,0,0
2020-09-21T11:00:00Z,30,0,0,0,0.230533,0.229,0.234,31.466667,31.1,31.9,3.887,3.885,3.889,11451,11480,0,0,0,0
2020-09-21T12:00:00Z,26,0,0,0,0.230423,0.23,0.232,31.273077,31,31.4,3.885423,3.884,3.889,11481,11509,0,0,0,0
2020-09-21T13:00:00Z,30,0,0,0,0.231367,0.231,0.233,30.843333,30.6,31.1,3.8851,3.884,3.887,11510,11539,0,0,0,0
2020-09-21T14:00:00Z,29,0,0,0,0.231241,0.23,0.233,31.241379,31.1,31.3,3.884793,3.884,3.887,11540,11568,0,0,0,0
2020-09-21T15:00:00Z,29,0,0,0,0.23131,0.23,0.233,30.793103,30.4,31.3,3.884793,3.882,3.887,11569,11597,0,0,0,0
2020-09-21T16:00:00Z,30,0,0,0,0.231933,0.231,0.233,30.333333,30.1,30.6,3.883833,3.882,3.887,11598,11627,0,0,0,0
2020-09-21T17:00:00Z,29,0,0,0,0.232138,0.231,0.233,30.310345,30.2,30.4,3.883207,3.88,3.885,11628,11656,0,0,0,0
2020-09-21T18:00:00Z,30,0,0,0,0.232267,0.231,0.233,30.16,30.1,30.3,3.881833,3.88,3.885,11657,11686,0,0,0,0
2020-09-21T19:00:00Z,29,0,0,0,0.231966,0.231,0.234,30.1,30.1,30.1,3.880586,3.879,3.884,11687,11715,0,0,0,0
2020-09-21T20:00:00Z,29,0,0,0,0.232448,0.232,0.234,30.082759,30,30.1,3.880103,3.879,3.882,11716,11745,0,0,0,0
2020-09-21T21:00:00Z,29,0,0,0,0.232517,0.232,0.234,30.048276,30,30.1,3.880138,3.879,3.882,11746,11774,0,0,0,0
2020-09-21T22:00:00Z,30,0,0,0,0.232967,0.232,0.234,29.866667,29.6,30,3.8793,3.877,3.88,11775,11804,0,0,0,0
2020-09-21T23:00:00Z,29,0.186276,0,0.493,0.232138,0.231,0.234,30.396552,29.9,31.4,3.879172,3.877,3.88,11805,11833,0,0,0,0
2020-09-22T00:00:00Z,30,0.621333,0.488,0.995,0.229567,0.228,0.232,32.336667,31.4,33.1,3.880133,3.879,3.882,11834,11863,0,0,0,0
2020-09-22T01:00:00Z,22,0.927091,0.575,1.441,0.228409,0.227,0.231,33.972727,33.2,35.4,3.879182,3.877,3.88,11864,11889,0,0,0,0
2020-09-22T02:00:00Z,29,1.29969,0.684,1.756,0.226759,0.224,0.231,35.824138,34,37.8,3.879931,3.877,3.882,11890,11918,0,0,0,0
2020-09-22T03:00:00Z,30,1.3391,1.072,1.612,0.224767,0.223,0.228,37.72,36.7,39.3,3.881967,3.88,3.885,11919,11948,0,0,0,0
2020-09-22T04:00:00Z,28,1.253107,1.056,1.682,0.223893,0.222,0.226,38.632143,36.7,40.6,3.882214,3.88,3.885,11949,11976,0,0,0,0
2020-09-22T05:00:00Z,30,1.330867,1.033,1.538,0.222167,0.221,0.226,41.02,40.6,41.9,3.885133,3.882,3.887,11978,12007,0,0,0,0
2020-09-22T06:00:00Z,29,1.291379,0.913,1.589,0.222448,0.22,0.225,40.675862,39.3,41.8,3.885448,3.884,3.887,12008,12036,0,0,0,0
2020-09-22T07:00:00Z,25,0.61976,0,1.526,0.22488,0.223,0.228,38.132,35.4,40,3.88436,3.882,3.887,12038,12065,0,0,0,0
2020-09-22T08:00:00Z,30,0,0,0,0.227733,0.226,0.229,34.443333,33.4,35.4,3.8812,3.879,3.884,12066,12095,0,0,0,0
2020-09-22T09:00:00Z,28,0,0,0,0.228964,0.228,0.232,32.757143,32.6,33.2,3.88,3.879,3.884,12096,12124,0,0,0,0
2020-09-22T10:00:00Z,30,0,0,0,0.229567,0.229,0.233,32.6,32.4,32.7,3.879433,3.877,3.882,12125,12154,0,0,0,0
2020-09-22T11:00:00Z,29,0,0,0,0.230241,0.229,0.233,31.917241,31.7,32.3,3.878448,3.877,3.88,12155,12183,0,0,0,0
2020-09-22T12:00:00Z,25,0,0,0,0.23128,0.229,0.233,31.124,30.1,31.9,3.8774,3.875,3.879,12184,12212,0,0,0,0
2020-09-22T13:00:00Z,28,0,0,0,0.23325,0.232,0.236,29.257143,28.6,30.1,3.875357,3.872,3.879,12214,12242,0,0,0,0
2020-09-22T14:00:00Z,25,0,0,0,0.23444,0.234,0.235,27.9,27.4,28.6,3.8742,3.872,3.877,12243,12271,0,0,0,0
2020-09-22T15:00:00Z,30,0,0,0,0.2352,0.234,0.237,27.373333,27.3,27.6,3.8736,3.872,3.875,12272,12301,0,0,0,0
2020-09-22T16:00:00Z,29,0,0,0,0.235552,0.235,0.239,26.948276,26.7,27.2,3.873172,3.872,3.874,12302,12330,0,0,0,0
2020-09-22T17:00:00Z,30,0,0,0,0.2363,0.235,0.239,26.733333,26.7,26.9,3.872667,3.871,3.874,12331,12360,0,0,0,0
2020-09-22T18:00:00Z,29,0,0,0,0.235724,0.235,0.238,27.031034,26.7,27.3,3.872138,3.871,3.874,12361,12389,0,0,0,0
2020-09-22T19:00:00Z,30,0,0,0,0.2354,0.234,0.238,27.216667,26.9,27.4,3.8719,3.871,3.872,12390,12419,0,0,0,0
2020-09-22T20:00:00Z,29,0,0,0,0.235655,0.235,0.238,27.234483,27,27.3,3.871552,3.871,3.872,12420,12448,0,0,0,0
2020-09-22T21:00:00Z,29,0,0,0,0.235483,0.234,0.238,27.27931,27.2,27.4,3.871759,3.871,3.874,12449,12477,0,0,0,0
2020-09-22T22:00:00Z,30,0,0,0,0.235867,0.235,0.238,27.123333,27,27.2,3.8715,3.871,3.872,12478,12507,0,0,0,0
2020-09-22T23:00:00Z,29,0.137,0,0.446,0.234655,0.233,0.237,27.658621,27.2,28.8,3.871414,3.871,3.872,12508,12536,0,0,0,0
2020-09-23T00:00:00Z,30,0.470767,0.341,0.682,0.2323,0.231,0.234,29.883333,28.9,30.4,3.872,3.871,3.874,12537,12566,0,0,0,0
2020-09-23T01:00:00Z,29,0.65069,0.47,0.713,0.229621,0.228,0.233,32.306897,30.5,33.7,3.872966,3.872,3.874,12567,12595,0,0,0,0
2020-09-23T02:00:00Z,30,0.751633,0.618,1.258,0.2274,0.226,0.23,35.213333,33.9,36.7,3.8734,3.872,3.875,12596,12625,0,0,0,0
2020-09-23T03:00:00Z,28,1.356714,0.787,1.817,0.225071,0.223,0.228,37.607143,36.7,39,3.874321,3.872,3.875,12626,12653,0,0,0,0
2020-09-23T04:00:00Z,30,1.1103,0.779,1.574,0.2233,0.222,0.225,39.25,38.2,39.7,3.874933,3.874,3.877,12655,12684,0,0,0,0
2020-09-23T05:00:00Z,29,1.241483,0.959,1.592,0.223828,0.222,0.227,38.831034,37.9,40.1,3.874897,3.874,3.877,12685,12713,0,0,0,0
2020-09-23T06:00:00Z,28,1.509571,1.179,1.874,0.223214,0.221,0.225,39.3,38.8,39.5,3.874429,3.872,3.877,12714,12743,0,0,0,0
2020-09-23T07:00:00Z,24,0.473792,0,1.72,0.226625,0.223,0.229,35.670833,32.6,38.5,3.873333,3.871,3.875,12744,12772,0,0,0,0
2020-09-23T08:00:00Z,29,0.064276,0,0.393,0.232552,0.228,0.235,29.789655,28.6,32.5,3.871207,3.871,3.874,12773,12801,0,0,0,0
2020-09-23T09:00:00Z,30,0.204167,0,0.451,0.233233,0.232,0.236,29.306667,28.7,30,3.870333,3.869,3.871,12802,12831,0,0,0,0
2020-09-23T10:00:00Z,29,0,0,0,0.232862,0.232,0.233,29.589655,29.3,30,3.869966,3.869,3.871,12832,12860,0,0,0,0
2020-09-23T11:00:00Z,28,0,0,0,0.233107,0.232,0.235,29.357143,29.2,29.5,3.869571,3.869,3.871,12862,12890,0,0,0,0
2020-09-23T12:00:00Z,28,0,0,0,0.23325,0.233,0.235,29.1,29,29.3,3.869143,3.869,3.871,12891,12919,0,0,0,0
2020-09-23T13:00:00Z,29,0,0,0,0.233241,0.233,0.235,29.058621,29,29.1,3.868862,3.867,3.869,12920,12949,0,0,0,0
2020-09-23T14:00:00Z,29,0,0,0,0.233345,0.233,0.237,28.975862,28.9,29,3.868931,3.867,3.869,12950,12978,0,0,0,0
2020-09-23T15:00:00Z,29,0,0,0,0.233345,0.233,0.235,29.106897,29,29.3,3.868655,3.867,3.869,12979,13007,0,0,0,0
2020-09-23T16:00:00Z,30,0,0,0,0.2332,0.233,0.235,29.306667,29.1,29.5,3.8686,3.867,3.869,13008,13037,0,0,0,0
2020-09-23T17:00:00Z,29,0,0,0,0.233276,0.233,0.235,29.172414,29,29.5,3.867862,3.866,3.869,13038,13066,0,0,0,0
2020-09-23T18:00:00Z,30,0,0,0,0.2331,0.233,0.235,29.273333,29.1,29.4,3.8676,3.867,3.869,13067,13096,0,0,0,0
2020-09-23T19:00:00Z,29,0,0,0,0.233345,0.233,0.235,29.055172,28.7,29.3,3.867103,3.866,3.869,13097,13125,0,0,0,0
2020-09-23T20:00:00Z,30,0,0,0,0.233567,0.233,0.236,28.69,28.6,28.8,3.866567,3.864,3.869,13126,13155,0,0,0,0
2020-09-23T21:00:00Z,29,0,0,0,0.233793,0.233,0.237,28.706897,28.7,28.8,3.866483,3.864,3.867,13156,13184,0,0,0,0
2020-09-23T22:00:00Z,30,0,0,0,0.233867,0.233,0.236,28.616667,28.6,28.7,3.8661,3.864,3.867,13185,13214,0,0,0,0
2020-09-23T23:00:00Z,29,0.119276,0,0.47,0.233138,0.231,0.235,29.386207,28.7,30.4,3.866103,3.864,3.867,13215,13243,0,0,0,0
2020-09-24T00:00:00Z,30,0.528733,0.472,0.608,0.229933,0.228,0.232,31.803333,30.6,32.7,3.866767,3.866,3.869,13244,13273,0,0,0,0
2020-09-24T01:00:00Z,29,0.718414,0.615,0.951,0.227862,0.227,0.229,34.124138,32.7,35.5,3.867138,3.866,3.869,13274,13302,0,0,0,0
2020-09-24T02:00:00Z,29,0.890069,0.533,1.272,0.226759,0.225,0.228,35.917241,35.4,36.8,3.867138,3.866,3.869,13303,13332,0,0,0,0
2020-09-24T03:00:00Z,29,0.973034,0.536,1.495,0.224966,0.223,0.228,37.958621,35.6,39.4,3.867345,3.866,3.869,13333,13361,0,0,0,0
2020-09-24T04:00:00Z,30,1.318367,0.879,1.758,0.2222,0.221,0.226,40.623333,39.4,41.2,3.868,3.867,3.869,13362,13391,0,0,0,0
2020-09-24T05:00:00Z,29,1.289379,1.048,1.654,0.223621,0.222,0.227,39.482759,38,40.7,3.867552,3.867,3.869,13392,13420,0,0,0,0
2020-09-24T06:00:00Z,29,1.125172,0.523,1.786,0.223655,0.221,0.228,39.213793,36.4,40.9,3.867172,3.866,3.869,13421,13449,0,0,0,0
2020-09-24T07:00:00Z,30,0.195167,0,0.682,0.2316,0.226,0.234,30.526667,29,35.4,3.863267,3.861,3.867,13450,13479,0,0,0,0
2020-09-24T08:00:00Z,29,0,0,0,0.234414,0.233,0.238,28.075862,26.7,29.2,3.860448,3.859,3.864,13480,13508,0,0,0,0
2020-09-24T09:00:00Z,30,0,0,0,0.2366,0.235,0.238,26.476667,26.1,27.2,3.857967,3.856,3.861,13509,13538,0,0,0,0
2020-09-24T10:00:00Z,27,0,0,0,0.236,0.234,0.238,27.211111,27.1,27.3,3.857259,3.856,3.859,13539,13567,0,0,0,0
2020-09-24T11:00:00Z,30,0,0,0,0.2354,0.234,0.238,27.336667,27.1,27.4,3.8567,3.854,3.859,13568,13597,0,0,0,0
2020-09-24T12:00:00Z,29,0,0,0,0.235034,0.234,0.237,27.465517,27.4,27.7,3.856379,3.854,3.859,13598,13626,0,0,0,0
2020-09-24T13:00:00Z,29,0,0,0,0.233793,0.233,0.235,28.448276,27.7,28.7,3.856,3.854,3.857,13628,13656,0,0,0,0
2020-09-24T14:00:00Z,28,0,0,0,0.233286,0.232,0.236,28.982143,28.6,29.5,3.85575,3.854,3.857,13657,13685,0,0,0,0
2020-09-24T15:00:00Z,29,0,0,0,0.233448,0.232,0.236,29.193103,29.1,29.5,3.855586,3.852,3.857,13686,13714,0,0,0,0
2020-09-24T16:00:00Z,30,0,0,0,0.2332,0.233,0.235,29.28,29,29.5,3.854967,3.852,3.857,13715,13744,0,0,0,0
2020-09-24T17:00:00Z,29,0,0,0,0.233138,0.233,0.235,29.02069,28.9,29.1,3.854345,3.852,3.856,13745,13773,0,0,0,0
2020-09-24T18:00:00Z,30,0,0,0,0.233233,0.233,0.235,29.106667,28.9,29.4,3.853133,3.852,3.856,13774,13803,0,0,0,0
2020-09-24T19:00:00Z,29,0,0,0,0.233276,0.233,0.235,29.47931,29.2,29.6,3.853586,3.852,3.856,13804,13832,0,0,0,0
2020-09-24T20:00:00Z,30,0,0,0,0.233167,0.233,0.235,29.01,28.8,29.2,3.852633,3.851,3.854,13833,13862,0,0,0,0
2020-09-24T21:00:00Z,29,0,0,0,0.233655,0.233,0.236,28.668966,28.6,28.8,3.851862,3.851,3.854,13863,13891,0,0,0,0
2020-09-24T22:00:00Z,30,0,0,0,0.234167,0.233,0.237,28.413333,28.3,28.5,3.851333,3.849,3.852,13892,13921,0,0,0,0
2020-09-24T23:00:00Z,29,0.251034,0,0.595,0.233621,0.233,0.236,28.789655,28.3,29.4,3.850759,3.849,3.852,13922,13950,0,0,0,0
2020-09-25T00:00:00Z,30,0.755833,0.524,1.023,0.232467,0.231,0.235,30.056667,29.5,31,3.850533,3.847,3.852,13951,13980,0,0,0,0
2020-09-25T01:00:00Z,20,1.4796,1.084,1.722,0.2284,0.227,0.231,33.365,31.1,34.7,3.85105,3.849,3.854,13982,14009,0,0,0,0
2020-09-25T02:00:00Z,29,1.621172,1.231,1.902,0.226552,0.224,0.23,36.051724,35,38,3.851966,3.851,3.854,14010,14039,0,0,0,0
2020-09-25T03:00:00Z,29,1.723345,1.307,1.968,0.226345,0.224,0.228,36.268966,35.5,37.9,3.851862,3.849,3.854,14040,14068,0,0,0,0
2020-09-25T04:00:00Z,29,1.856241,1.418,2.023,0.224897,0.223,0.227,37.4,36.4,38,3.852138,3.851,3.854,14069,14098,0,0,0,0
2020-09-25T05:00:00Z,29,1.684483,1.305,1.958,0.225207,0.224,0.228,37.713793,37.4,38,3.852034,3.851,3.854,14099,14127,0,0,0,0
2020-09-25T06:00:00Z,30,1.1905,0.897,1.44,0.224933,0.223,0.229,37.73,36.7,38.6,3.8517,3.847,3.854,14128,14157,0,0,0,0
2020-09-25T07:00:00Z,29,1.27469,0.802,1.704,0.224414,0.223,0.228,38.562069,37.7,39.3,3.851897,3.851,3.854,14158,14186,0,0,0,0
2020-09-25T08:00:00Z,30,0.9791,0.575,1.42,0.2253,0.224,0.229,37.68,37.3,38,3.8512,3.849,3.854,14187,14216,0,0,0,0
2020-09-25T09:00:00Z,28,0.4045,0,0.708,0.227036,0.225,0.23,36.025,34.7,37.1,3.849357,3.847,3.851,14217,14245,0,0,0,0
2020-09-25T10:00:00Z,29,0.186103,0,0.513,0.228241,0.227,0.231,34.1,33.2,34.8,3.847517,3.846,3.849,14246,14275,0,0,0,0
2020-09-25T11:00:00Z,29,0,0,0,0.229207,0.228,0.231,32.689655,32.5,33.1,3.847,3.844,3.849,14276,14304,0,0,0,0
2020-09-25T12:00:00Z,29,0,0,0,0.230793,0.229,0.234,31.503448,30.6,32.5,3.845759,3.842,3.847,14305,14333,0,0,0,0
2020-09-25T13:00:00Z,30,0,0,0,0.231767,0.231,0.233,30.746667,30.5,31.3,3.844633,3.842,3.847,14334,14363,0,0,0,0
2020-09-25T14:00:00Z,29,0,0,0,0.230793,0.23,0.233,31.455172,31.1,31.6,3.844552,3.842,3.846,14364,14392,0,0,0,0
2020-09-25T15:00:00Z,30,0,0,0,0.232767,0.231,0.234,29.866667,29.1,31.1,3.843467,3.842,3.846,14393,14422,0,0,0,0
2020-09-25T16:00:00Z,29,0,0,0,0.233586,0.233,0.236,28.689655,28.6,28.9,3.842172,3.841,3.844,14423,14451,0,0,0,0
2020-09-25T17:00:00Z,30,0,0,0,0.2331,0.233,0.234,28.926667,28.7,29.1,3.8418,3.841,3.844,14452,14481,0,0,0,0
2020-09-25T18:00:00Z,29,0,0,0,0.233724,0.233,0.236,28.741379,28.6,28.9,3.841345,3.839,3.842,14482,14510,0,0,0,0
2020-09-25T19:00:00Z,30,0,0,0,0.2333,0.233,0.236,28.8,28.7,29,3.8412,3.839,3.842,14511,14540,0,0,0,0
2020-09-25T20:00:00Z,29,0,0,0,0.23369,0.233,0.236,28.693103,28.6,28.7,3.841034,3.839,3.842,14541,14569,0,0,0,0
2020-09-25T21:00:00Z,30,0,0,0,0.233367,0.233,0.235,28.66,28.6,28.7,3.840133,3.839,3.841,14570,14599,0,0,0,0
2020-09-25T22:00:00Z,29,0,0,0,0.233655,0.233,0.236,28.665517,28.6,28.7,3.840172,3.839,3.841,14600,14628,0,0,0,0
2020-09-25T23:00:00Z,30,0,0,0,0.2339,0.233,0.236,28.553333,28.3,28.7,3.8387,3.836,3.841,14629,14658,0,0,0,0
2020-09-26T00:00:00Z,29,0.334586,0,0.656,0.232931,0.232,0.235,29.072414,28.7,29.6,3.838586,3.836,3.841,14659,14687,0,0,0,0
2020-09-26T01:00:00Z,30,1.056933,0.68,1.389,0.230867,0.229,0.234,31.266667,29.8,32.7,3.8389,3.838,3.841,14688,14717,0,0,0,0
2020-09-26T02:00:00Z,29,1.399931,1.208,1.694,0.228586,0.228,0.233,33.441379,32.7,34.7,3.839276,3.838,3.841,14718,14746,0,0,0,0
2020-09-26T03:00:00Z,30,1.618333,1.062,1.863,0.226833,0.225,0.229,35.543333,34.4,36.7,3.839567,3.838,3.841,14747,14776,0,0,0,0
2020-09-26T04:00:00Z,29,1.683379,1.236,1.915,0.226138,0.225,0.23,36.668966,36.3,36.9,3.839655,3.838,3.841,14777,14805,0,0,0,0
2020-09-26T05:00:00Z,30,1.6445,1.177,1.963,0.224867,0.223,0.227,37.233333,36.8,37.9,3.839867,3.839,3.841,14806,14835,0,0,0,0
2020-09-26T06:00:00Z,28,1.207071,0,1.769,0.226179,0.224,0.228,36.046429,33,36.8,3.839357,3.838,3.841,14836,14864,0,0,0,0
2020-09-26T07:00:00Z,29,0.87831,0.501,1.049,0.228207,0.227,0.231,34.003448,33,35.2,3.838276,3.836,3.839,14865,14893,0,0,0,0
2020-09-26T08:00:00Z,30,0.616533,0,1.284,0.227533,0.226,0.23,35.013333,34.2,35.4,3.838233,3.836,3.839,14894,14923,0,0,0,0
2020-09-26T09:00:00Z,29,0,0,0,0.228828,0.228,0.231,33.148276,32.6,34.1,3.836552,3.834,3.838,14924,14952,0,0,0,0
2020-09-26T10:00:00Z,28,0,0,0,0.229429,0.228,0.232,32.389286,32,32.6,3.836143,3.834,3.838,14953,14982,0,0,0,0
2020-09-26T11:00:00Z,29,0,0,0,0.230241,0.229,0.232,31.989655,31.9,32.1,3.835621,3.833,3.838,14983,15011,0,0,0,0
2020-09-26T12:00:00Z,29,0,0,0,0.230138,0.229,0.233,31.7,31.6,31.9,3.834345,3.831,3.836,15012,15041,0,0,0,0
2020-09-26T13:00:00Z,29,0,0,0,0.230414,0.229,0.233,31.496552,31.4,31.8,3.834138,3.831,3.838,15042,15070,0,0,0,0
2020-09-26T14:00:00Z,27,0,0,0,0.230593,0.229,0.233,31.348148,28.8,32.2,3.833222,3.829,3.836,15071,15099,0,0,0,0
2020-09-26T15:00:00Z,30,0,0,0,0.236333,0.234,0.238,26.613333,26.1,28.6,3.829067,3.826,3.831,15100,15129,0,0,0,0
2020-09-26T16:00:00Z,29,0,0,0,0.236621,0.235,0.239,26.475862,26.1,26.9,3.827966,3.826,3.829,15130,15158,0,0,0,0
2020-09-26T17:00:00Z,29,0,0,0,0.236172,0.235,0.238,26.986207,26.7,27.2,3.828069,3.826,3.829,15159,15187,0,0,0,0
2020-09-26T18:00:00Z,30,0,0,0,0.235733,0.234,0.238,27.06,26.7,27.4,3.8278,3.826,3.829,15188,15217,0,0,0,0
2020-09-26T19:00:00Z,29,0,0,0,0.234931,0.234,0.236,27.541379,27.4,27.8,3.827931,3.826,3.829,15218,15246,0,0,0,0
2020-09-26T20:00:00Z,30,0,0,0,0.234667,0.234,0.237,27.863333,27.7,28,3.8275,3.824,3.829,15247,15276,0,0,0,0
2020-09-26T21:00:00Z,29,0,0,0,0.23431,0.233,0.236,28.089655,28,28.1,3.827034,3.824,3.828,15277,15305,0,0,0,0
2020-09-26T22:00:00Z,30,0,0,0,0.2345,0.233,0.237,28.04,28,28.2,3.825867,3.824,3.828,15306,15335,0,0,0,0
2020-09-26T23:00:00Z,29,0.1935,0,0.5,0.234138,0.233,0.236,28.510345,28.1,29.1,3.825621,3.823,3.828,15336,15364,0,0,0,0
2020-09-27T00:00:00Z,30,0.7268,0.534,0.911,0.232067,0.23,0.234,30.416667,29.2,32,3.8261,3.823,3.828,15365,15394,0,0,0,0
2020-09-27T01:00:00Z,29,1.124517,0.68,1.536,0.228897,0.227,0.232,32.906897,32.1,34,3.826414,3.824,3.828,15395,15423,0,0,0,0
2020-09-27T02:00:00Z,30,1.550667,1.128,1.992,0.228033,0.227,0.231,34.363333,33.8,35.4,3.8262,3.824,3.828,15424,15453,0,0,0,0
2020-09-27T03:00:00Z,29,1.697931,1.326,2.018,0.225793,0.223,0.229,36.924138,35.5,38,3.827207,3.824,3.829,15454,15482,0,0,0,0
2020-09-27T04:00:00Z,30,1.5981,1.207,2.092,0.225667,0.223,0.229,36.876667,35.8,38,3.827433,3.824,3.829,15483,15512,0,0,0,0
2020-09-27T05:00:00Z,29,0.456207,0,1.968,0.227586,0.224,0.233,34.841379,30.9,37.9,3.826552,3.824,3.829,15513,15541,0,0,0,0
2020-09-27T06:00:00Z,30,0.530367,0,1.366,0.234167,0.233,0.236,28.533333,27.7,30.3,3.8229,3.821,3.826,15542,15571,0,0,0,0
2020-09-27T07:00:00Z,29,1.098448,0.838,1.684,0.231828,0.23,0.233,30.531034,29.3,31.4,3.822138,3.821,3.824,15572,15600,0,0,0,0
2020-09-27T08:00:00Z,30,0.693733,0.431,0.944,0.231,0.229,0.233,31.193333,30.9,31.4,3.8218,3.819,3.823,15601,15630,0,0,0,0
2020-09-27T09:00:00Z,29,0.404448,0,0.706,0.230931,0.23,0.233,31.262069,30.7,31.4,3.822345,3.821,3.824,15631,15659,0,0,0,0
2020-09-27T10:00:00Z,26,0,0,0,0.232115,0.231,0.233,30.207692,30,30.7,3.821308,3.819,3.823,15660,15688,0,0,0,0
2020-09-27T11:00:00Z,29,0,0,0,0.233345,0.232,0.235,29.027586,28.4,30,3.819655,3.818,3.823,15690,15718,0,0,0,0
2020-09-27T12:00:00Z,28,0,0,0,0.234,0.233,0.237,28.439286,28.2,28.7,3.818786,3.818,3.821,15719,15747,0,0,0,0
2020-09-27T13:00:00Z,30,0,0,0,0.233433,0.233,0.236,28.706667,28.5,28.9,3.818567,3.818,3.819,15748,15777,0,0,0,0
2020-09-27T14:00:00Z,29,0,0,0,0.234172,0.233,0.236,28.227586,28.1,28.5,3.818241,3.818,3.819,15778,15806,0,0,0,0
2020-09-27T15:00:00Z,30,0,0,0,0.234033,0.233,0.236,28.416667,28.2,28.6,3.818,3.816,3.819,15807,15836,0,0,0,0
2020-09-27T16:00:00Z,29,0,0,0,0.233828,0.233,0.236,28.627586,28.6,28.7,3.818172,3.818,3.819,15837,15865,0,0,0,0
2020-09-27T17:00:00Z,30,0,0,0,0.233733,0.233,0.236,28.583333,28.2,28.7,3.817933,3.816,3.818,15866,15895,0,0,0,0
2020-09-27T18:00:00Z,29,0,0,0,0.234103,0.233,0.236,28.331034,28,28.6,3.817966,3.816,3.819,15896,15924,0,0,0,0
2020-09-27T19:00:00Z,30,0,0,0,0.234067,0.233,0.236,28.503333,28.3,28.6,3.8178,3.816,3.818,15925,15954,0,0,0,0
2020-09-27T20:00:00Z,29,0,0,0,0.234069,0.233,0.236,28.562069,28.4,28.6,3.816897,3.816,3.818,15955,15983,0,0,0,0
2020-09-27T21:00:00Z,30,0,0,0,0.2344,0.233,0.237,28.38,28.1,28.6,3.816333,3.814,3.818,15984,16013,0,0,0,0
2020-09-27T22:00:00Z,29,0,0,0,0.233931,0.233,0.236,28.386207,28.1,28.7,3.816483,3.816,3.818,16014,16042,0,0,0,0
2020-09-27T23:00:00Z,30,0.198767,0,0.577,0.233667,0.233,0.236,29.016667,28.6,30,3.816,3.814,3.818,16043,16072,0,0,0,0
2020-09-28T00:00:00Z,29,0.617931,0.398,1.262,0.232172,0.231,0.233,30.317241,30.1,30.8,3.816069,3.816,3.818,16073,16101,0,0,0,0
2020-09-28T01:00:00Z,7,1.241571,0.615,1.735,0.228571,0.228,0.232,33.571429,30.5,34.8,3.808,3.805,3.818,16102,16120,0,0,0,0
2020-09-28T02:00:00Z,29,0.944759,0,1.654,0.228552,0.228,0.231,33.234483,32.5,34,3.809069,3.808,3.813,16121,16149,0,0,0,0
2020-09-28T03:00:00Z,30,1.049933,0.372,1.976,0.229367,0.227,0.231,32.39,31.4,34.8,3.809033,3.806,3.811,16150,16179,0,0,0,0
2020-09-28T04:00:00Z,29,1.494655,0.839,2.071,0.226069,0.225,0.228,36.241379,35.4,36.8,3.810172,3.809,3.813,16180,16208,0,0,0,0
2020-09-28T05:00:00Z,30,1.1547,0.37,2.02,0.227,0.225,0.229,35.503333,34,36.8,3.810667,3.808,3.813,16209,16238,0,0,0,0
2020-09-28T06:00:00Z,29,0.972207,0,1.651,0.230138,0.228,0.232,31.77931,30.1,34,3.808897,3.806,3.811,16239,16267,0,0,0,0
2020-09-28T07:00:00Z,29,1.20531,0.333,2.014,0.22831,0.227,0.233,33.824138,31.4,35.3,3.808724,3.806,3.811,16268,16296,0,0,0,0
2020-09-28T08:00:00Z,30,0.9055,0.36,1.418,0.228667,0.228,0.231,32.68,32,33,3.807867,3.806,3.809,16297,16326,0,0,0,0
2020-09-28T09:00:00Z,29,0.603107,0.326,0.787,0.228379,0.227,0.23,32.810345,32.6,33,3.807069,3.805,3.809,16327,16355,0,0,0,0
2020-09-28T10:00:00Z,29,0.010897,0,0.316,0.229655,0.228,0.232,31.872414,31.1,32.6,3.806034,3.803,3.808,16356,16385,0,0,0,0
2020-09-28T11:00:00Z,29,0,0,0,0.231552,0.231,0.233,30.413793,30.1,31,3.805241,3.803,3.809,16386,16414,0,0,0,0
2020-09-28T12:00:00Z,29,0,0,0,0.232276,0.231,0.235,30.241379,30.1,30.5,3.804828,3.801,3.808,16415,16444,0,0,0,0
2020-09-28T13:00:00Z,29,0,0,0,0.232724,0.232,0.234,29.803448,29.6,30.1,3.803448,3.801,3.806,16445,16473,0,0,0,0
2020-09-28T14:00:00Z,29,0,0,0,0.232586,0.231,0.234,29.82069,29.6,30.1,3.802655,3.801,3.805,16474,16502,0,0,0,0
2020-09-28T15:00:00Z,29,0,0,0,0.232897,0.232,0.234,29.786207,29.6,30,3.801345,3.8,3.803,16504,16532,0,0,0,0
2020-09-28T16:00:00Z,30,0,0,0,0.2329,0.232,0.234,29.74,29.4,30,3.800267,3.798,3.801,16533,16562,0,0,0,0
2020-09-28T17:00:00Z,29,0,0,0,0.233,0.232,0.234,29.168966,28.7,29.4,3.799379,3.798,3.8,16563,16591,0,0,0,0
2020-09-28T18:00:00Z,30,0,0,0,0.2334,0.233,0.235,28.923333,28.7,29.1,3.7986,3.796,3.8,16592,16621,0,0,0,0
2020-09-28T19:00:00Z,29,0,0,0,0.233138,0.233,0.235,29.027586,28.9,29.1,3.797517,3.796,3.8,16622,16650,0,0,0,0
2020-09-28T20:00:00Z,30,0,0,0,0.233167,0.233,0.235,29.013333,28.9,29.1,3.796433,3.795,3.798,16651,16680,0,0,0,0
2020-09-28T21:00:00Z,29,0,0,0,0.233138,0.233,0.235,28.858621,28.7,29,3.795448,3.793,3.798,16681,16709,0,0,0,0
2020-09-28T22:00:00Z,7,0,0,0,0.233,0.233,0.233,28.742857,28.7,28.8,3.794429,3.791,3.796,16710,16716,0,0,0,0
2020-09-29T01:00:00Z,1,0.418,0.418,0.418,0.232,0.232,0.232,30.5,30.5,30.5,3.795,3.795,3.795,16825,16825,0,0,0,0
2020-09-29T02:00:00Z,25,1.6072,0.979,1.891,0.23064,0.228,0.235,31.196,28.7,32.7,3.7914,3.791,3.793,16831,16856,0,0,0,0
2020-09-29T03:00:00Z,30,1.642433,1.236,1.925,0.2278,0.227,0.23,34.066667,32.8,35,3.791067,3.79,3.793,16857,16886,0,0,0,0
2020-09-29T04:00:00Z,29,1.655379,0.8,2.104,0.227,0.226,0.23,35.217241,34.2,36,3.79069,3.79,3.791,16887,16915,0,0,0,0
2020-09-29T05:00:00Z,30,1.2275,0,2.028,0.2268,0.224,0.233,35.803333,34.5,37,3.790667,3.79,3.793,16916,16945,0,0,0,0
2020-09-29T06:00:00Z,27,1.162593,0,1.915,0.228407,0.228,0.231,33.266667,32.9,34.1,3.79,3.79,3.79,16946,16974,0,0,0,0
2020-09-29T07:00:00Z,23,0.949391,0.611,1.474,0.228609,0.228,0.231,33.052174,32.4,33.7,3.789957,3.788,3.791,16975,17003,0,0,0,0
2020-09-29T08:00:00Z,30,0.6621,0.565,0.759,0.2293,0.229,0.233,32.456667,32.3,32.5,3.788733,3.788,3.79,17004,17033,0,0,0,0
2020-09-29T09:00:00Z,27,0.106778,0,0.618,0.230593,0.229,0.232,31.8,31.2,32.5,3.787185,3.786,3.788,17034,17062,0,0,0,0
2020-09-29T10:00:00Z,29,0,0,0,0.23169,0.23,0.234,30.534483,30.1,31.3,3.78569,3.783,3.788,17063,17092,0,0,0,0
2020-09-29T11:00:00Z,27,0,0,0,0.234222,0.232,0.237,28.244444,27.3,30.1,3.784259,3.781,3.786,17093,17121,0,0,0,0
2020-09-29T12:00:00Z,27,0,0,0,0.235037,0.234,0.237,27.607407,27.3,28.3,3.781778,3.78,3.783,17122,17149,0,0,0,0
2020-09-29T13:00:00Z,28,0,0,0,0.233964,0.233,0.236,28.264286,28.1,28.4,3.781179,3.78,3.783,17153,17180,0,0,0,0
2020-09-29T14:00:00Z,28,0,0,0,0.23375,0.233,0.236,28.642857,28.4,28.8,3.778929,3.776,3.781,17181,17209,0,0,0,0
2020-09-29T15:00:00Z,30,0,0,0,0.2341,0.233,0.236,28.53,28.4,28.6,3.776233,3.775,3.778,17210,17239,0,0,0,0
2020-09-29T16:00:00Z,29,0,0,0,0.233621,0.233,0.236,28.624138,28.5,28.7,3.77469,3.773,3.778,17240,17268,0,0,0,0
2020-09-29T17:00:00Z,30,0,0,0,0.233733,0.233,0.238,28.57,28.4,28.7,3.7731,3.77,3.775,17269,17298,0,0,0,0
2020-09-29T18:00:00Z,29,0,0,0,0.233586,0.233,0.236,28.6,28.6,28.6,3.772,3.77,3.773,17299,17327,0,0,0,0
2020-09-29T19:00:00Z,30,0,0,0,0.2336,0.233,0.236,28.496667,28.3,28.6,3.770567,3.767,3.772,17328,17357,0,0,0,0
2020-09-29T20:00:00Z,29,0,0,0,0.233862,0.233,0.236,28.57931,28.4,28.6,3.768379,3.767,3.77,17358,17386,0,0,0,0
2020-09-29T21:00:00Z,30,0,0,0,0.234,0.233,0.236,28.563333,28.3,28.6,3.7674,3.767,3.77,17387,17416,0,0,0,0
2020-09-29T22:00:00Z,29,0,0,0,0.234345,0.233,0.236,28.17931,27.9,28.5,3.766172,3.765,3.767,17417,17445,0,0,0,0
2020-09-29T23:00:00Z,30,0.205833,0,0.6,0.233833,0.233,0.236,28.686667,28.1,29.6,3.7652,3.765,3.767,17446,17475,0,0,0,0
2020-09-30T00:00:00Z,29,1.029552,0.615,1.536,0.230862,0.228,0.234,31.268966,29.7,33.3,3.765069,3.765,3.767,17476,17504,0,0,0,0
2020-09-30T01:00:00Z,30,1.2647,0.882,1.595,0.227767,0.227,0.231,34.46,33.5,35.4,3.764333,3.763,3.765,17505,17534,0,0,0,0
2020-09-30T02:00:00Z,29,1.160172,0.925,1.52,0.226,0.224,0.228,36.6,35.5,37.1,3.76369,3.763,3.765,17535,17563,0,0,0,0
2020-09-30T03:00:00Z,30,1.163167,0.813,1.753,0.2242,0.223,0.227,38.43,37.3,39.4,3.763,3.763,3.763,17564,17593,0,0,0,0
2020-09-30T04:00:00Z,28,1.18625,0.818,1.607,0.224607,0.223,0.228,38.203571,37,39.4,3.76275,3.762,3.763,17594,17622,0,0,0,0
2020-09-30T05:00:00Z,30,1.125633,0.644,1.49,0.223867,0.223,0.227,38.58,37.4,39.9,3.7623,3.762,3.763,17623,17652,0,0,0,0
2020-09-30T06:00:00Z,28,1.33825,0.954,1.809,0.22275,0.221,0.225,39.621429,38.4,40.7,3.761536,3.758,3.763,17653,17681,0,0,0,0
2020-09-30T07:00:00Z,27,1.050926,0.508,1.679,0.22437,0.222,0.227,38.140741,36.9,39.9,3.76037,3.758,3.762,17682,17710,0,0,0,0
2020-09-30T08:00:00Z,30,0.7807,0.592,1.075,0.226,0.225,0.228,36.51,35.7,36.8,3.757933,3.755,3.76,17711,17740,0,0,0,0
2020-09-30T09:00:00Z,29,0.515793,0,0.849,0.227724,0.225,0.23,34.782759,33.4,36.7,3.756552,3.753,3.758,17741,17769,0,0,0,0
2020-09-30T10:00:00Z,30,0.037133,0,0.395,0.229367,0.228,0.233,32.273333,31.5,33.3,3.753833,3.752,3.755,17770,17799,0,0,0,0
2020-09-30T11:00:00Z,29,0,0,0,0.231069,0.23,0.233,31.396552,31.3,31.4,3.752621,3.75,3.757,17800,17828,0,0,0,0
2020-09-30T12:00:00Z,28,0,0,0,0.229893,0.229,0.232,31.639286,31.4,31.9,3.749929,3.747,3.753,17829,17858,0,0,0,0
2020-09-30T13:00:00Z,29,0,0,0,0.230793,0.23,0.233,31.396552,31.3,31.5,3.748241,3.747,3.75,17859,17887,0,0,0,0
2020-09-30T14:00:00Z,30,0,0,0,0.231233,0.23,0.233,31.31,31.2,31.4,3.746333,3.743,3.748,17888,17917,0,0,0,0
2020-09-30T15:00:00Z,29,0,0,0,0.230759,0.23,0.233,31.462069,31.3,31.6,3.744724,3.743,3.747,17918,17946,0,0,0,0
2020-09-30T16:00:00Z,30,0,0,0,0.230967,0.23,0.233,31.32,31.1,31.4,3.742967,3.74,3.747,17947,17976,0,0,0,0
2020-09-30T17:00:00Z,29,0,0,0,0.231586,0.231,0.233,30.351724,30.1,30.9,3.741138,3.739,3.743,17977,18005,0,0,0,0
2020-09-30T18:00:00Z,30,0,0,0,0.231967,0.231,0.233,30.333333,30.1,30.6,3.739733,3.739,3.742,18006,18035,0,0,0,0
2020-09-30T19:00:00Z,29,0,0,0,0.232345,0.231,0.235,30.089655,30,30.1,3.738034,3.735,3.74,18036,18064,0,0,0,0
2020-09-30T20:00:00Z,29,0,0,0,0.232621,0.231,0.234,29.855172,29.6,30,3.735655,3.734,3.737,18065,18093,0,0,0,0
2020-09-30T21:00:00Z,30,0,0,0,0.233033,0.232,0.234,29.566667,29.4,29.8,3.734467,3.732,3.737,18094,18123,0,0,0,0
2020-09-30T22:00:00Z,29,0,0,0,0.233,0.232,0.234,29.465517,29.1,29.6,3.732345,3.73,3.734,18124,18152,0,0,0,0
2020-09-30T23:00:00Z,30,0.1699,0,0.528,0.232767,0.232,0.234,29.803333,29.2,30.1,3.730667,3.729,3.732,18153,18182,0,0,0,0
2020-10-01T00:00:00Z,29,0.810828,0.551,1.049,0.229724,0.228,0.233,31.97931,30.1,33,3.729172,3.727,3.732,18183,18211,0,0,0,0
2020-10-01T01:00:00Z,30,1.057733,0.785,1.285,0.228333,0.227,0.231,33.876667,33.2,34.5,3.7265,3.722,3.73,18212,18241,0,0,0,0
2020-10-01T02:00:00Z,29,1.451586,1.31,1.761,0.227103,0.225,0.23,35.313793,34.3,36.7,3.724552,3.724,3.725,18242,18270,0,0,0,0
2020-10-01T03:00:00Z,30,1.624133,1.246,1.889,0.224667,0.223,0.228,37.06,36.1,38,3.722933,3.72,3.725,18271,18300,0,0,0,0
2020-10-01T04:00:00Z,29,1.655,1.062,2.094,0.224793,0.223,0.228,37.548276,36.7,39,3.72131,3.72,3.724,18301,18329,0,0,0,0
2020-10-01T05:00:00Z,30,1.208433,0.708,1.761,0.225633,0.224,0.228,36.43,35.4,37.4,3.719367,3.719,3.72,18330,18359,0,0,0,0
2020-10-01T06:00:00Z,28,1.329714,0.756,1.754,0.224786,0.223,0.228,37.585714,35.4,38.9,3.717857,3.715,3.719,18360,18387,0,0,0,0
2020-10-01T07:00:00Z,27,1.238889,0.872,1.504,0.22437,0.223,0.228,38.133333,37.6,38.7,3.715815,3.715,3.717,18389,18418,0,0,0,0
2020-10-01T08:00:00Z,29,1.033552,0.725,1.362,0.224966,0.223,0.227,37.489655,36.4,38,3.714552,3.714,3.715,18419,18447,0,0,0,0
2020-10-01T09:00:00Z,29,0.375714,0,0.757,0.227172,0.226,0.23,35.703448,34.8,36.4,3.712828,3.712,3.714,18448,18476,0,0,0,0
2020-10-01T10:00:00Z,29,0,0,0,0.228138,0.227,0.231,34.158621,32.9,34.9,3.712069,3.71,3.714,18477,18506,0,0,0,0
2020-10-01T11:00:00Z,29,0,0,0,0.229897,0.228,0.232,32.127586,31.4,33,3.710414,3.71,3.712,18507,18535,0,0,0,0
2020-10-01T12:00:00Z,28,0,0,0,0.229643,0.229,0.231,31.985714,31.6,32.1,3.709929,3.709,3.71,18536,18565,0,0,0,0
2020-10-01T13:00:00Z,29,0,0,0,0.229897,0.229,0.232,31.744828,31.5,32.1,3.708793,3.707,3.71,18566,18594,0,0,0,0
2020-10-01T14:00:00Z,28,0,0,0,0.231286,0.23,0.233,30.921429,30.6,31.5,3.706786,3.704,3.709,18595,18624,0,0,0,0
2020-10-01T15:00:00Z,29,0,0,0,0.232724,0.232,0.235,29.737931,28.7,30.7,3.704172,3.702,3.707,18625,18653,0,0,0,0
2020-10-01T16:00:00Z,30,0,0,0,0.233567,0.233,0.235,28.616667,28.6,28.7,3.702,3.701,3.704,18654,18683,0,0,0,0
2020-10-01T17:00:00Z,29,0,0,0,0.233172,0.233,0.235,28.827586,28.7,29,3.699655,3.697,3.702,18684,18712,0,0,0,0
2020-10-01T18:00:00Z,29,0,0,0,0.233345,0.233,0.235,28.910345,28.8,29.1,3.695724,3.691,3.701,18713,18741,0,0,0,0
2020-10-01T19:00:00Z,30,0,0,0,0.233067,0.233,0.235,29.136667,29.1,29.3,3.691367,3.684,3.696,18742,18771,0,0,0,0
2020-10-01T20:00:00Z,29,0,0,0,0.233138,0.232,0.235,29.237931,29.1,29.3,3.686414,3.682,3.691,18772,18800,0,0,0,0
2020-10-01T21:00:00Z,30,0,0,0,0.233167,0.233,0.235,29.14,28.8,29.4,3.683,3.682,3.686,18801,18830,0,0,0,0
2020-10-01T22:00:00Z,29,0,0,0,0.233517,0.233,0.236,28.706897,28.1,29,3.681862,3.681,3.684,18831,18859,0,0,0,0
2020-10-01T23:00:00Z,30,0.1083,0,0.472,0.233767,0.233,0.236,28.46,28.1,28.9,3.6808,3.679,3.682,18860,18889,0,0,0,0
2020-10-02T00:00:00Z,29,0.515207,0.329,0.603,0.23269,0.232,0.234,29.758621,29,30.1,3.680414,3.679,3.682,18890,18918,0,0,0,0
2020-10-02T01:00:00Z,29,0.656069,0,1.299,0.231793,0.23,0.234,30.5,30,31.6,3.678207,3.676,3.681,18919,18948,0,0,0,0
2020-10-02T02:00:00Z,28,1.313071,1.036,1.53,0.22875,0.228,0.231,32.732143,31.7,33.1,3.676,3.674,3.677,18949,18977,0,0,0,0
2020-10-02T03:00:00Z,30,1.411267,0.998,2.105,0.2277,0.224,0.231,34.093333,32.7,37.7,3.674267,3.669,3.676,18978,19007,0,0,0,0
2020-10-02T04:00:00Z,29,1.340724,1.075,1.733,0.225241,0.223,0.228,37.358621,36.2,38,3.673138,3.671,3.676,19008,19036,0,0,0,0
2020-10-02T05:00:00Z,30,1.245767,1.103,1.73,0.223133,0.222,0.225,39.243333,38,40.1,3.671,3.669,3.673,19037,19066,0,0,0,0
2020-10-02T06:00:00Z,29,1.182828,0.977,1.553,0.223069,0.222,0.225,39.448276,39,40.2,3.669069,3.666,3.671,19067,19095,0,0,0,0
2020-10-02T07:00:00Z,22,1.289773,0.946,1.554,0.223727,0.223,0.228,38.595455,37.4,39.3,3.667091,3.664,3.669,19096,19124,0,0,0,0
2020-10-02T08:00:00Z,29,0.294172,0,1.379,0.228724,0.224,0.233,33.213793,29.1,37.3,3.663586,3.661,3.666,19125,19153,0,0,0,0
2020-10-02T09:00:00Z,30,0,0,0,0.233267,0.233,0.235,28.896667,28.7,29.1,3.6608,3.659,3.663,19154,19183,0,0,0,0
2020-10-02T10:00:00Z,26,0,0,0,0.232846,0.232,0.235,29.415385,28.8,30.1,3.659692,3.659,3.661,19184,19212,0,0,0,0
2020-10-02T11:00:00Z,30,0,0,0,0.232067,0.231,0.233,30.323333,30.1,30.6,3.658933,3.658,3.659,19213,19242,0,0,0,0
2020-10-02T12:00:00Z,26,0,0,0,0.232,0.231,0.233,30.088462,30,30.1,3.658269,3.658,3.659,19243,19271,0,0,0,0
2020-10-02T13:00:00Z,29,0,0,0,0.232276,0.232,0.233,30.031034,29.9,30.1,3.657793,3.656,3.658,19272,19300,0,0,0,0
2020-10-02T14:00:00Z,28,0,0,0,0.232286,0.231,0.234,30.025,29.6,30.1,3.655929,3.654,3.658,19301,19330,0,0,0,0
2020-10-02T15:00:00Z,29,0,0,0,0.233034,0.232,0.234,29.437931,29.3,29.5,3.654552,3.653,3.656,19331,19359,0,0,0,0
2020-10-02T16:00:00Z,30,0,0,0,0.232933,0.232,0.234,29.53,29.3,29.6,3.653067,3.651,3.654,19360,19389,0,0,0,0
2020-10-02T17:00:00Z,29,0,0,0,0.233103,0.232,0.235,29.47931,29.3,29.6,3.651483,3.649,3.653,19390,19418,0,0,0,0
2020-10-02T18:00:00Z,30,0,0,0,0.233033,0.231,0.235,29.54,29.4,29.8,3.649267,3.648,3.651,19419,19448,0,0,0,0
2020-10-02T19:00:00Z,29,0,0,0,0.233103,0.233,0.234,29.196552,29.1,29.5,3.647931,3.646,3.651,19449,19477,0,0,0,0
2020-10-02T20:00:00Z,30,0,0,0,0.2329,0.232,0.234,29.36,29.1,29.6,3.645567,3.644,3.649,19478,19507,0,0,0,0
2020-10-02T21:00:00Z,29,0,0,0,0.232931,0.232,0.234,29.544828,29.1,29.8,3.643897,3.641,3.646,19508,19536,0,0,0,0
2020-10-02T22:00:00Z,30,0,0,0,0.2331,0.233,0.235,29.01,28.8,29.1,3.641833,3.641,3.644,19537,19566,0,0,0,0
2020-10-02T23:00:00Z,29,0.144552,0,0.464,0.232759,0.232,0.234,29.555172,29,30.1,3.640793,3.638,3.643,19567,19595,0,0,0,0
2020-10-03T00:00:00Z,30,0.626367,0,1.023,0.230633,0.229,0.233,31.246667,30.1,32.6,3.6398,3.638,3.641,19596,19625,0,0,0,0
2020-10-03T01:00:00Z,29,0.817414,0.483,1.049,0.228448,0.227,0.23,33.262069,32,35,3.638483,3.636,3.64,19626,19654,0,0,0,0
2020-10-03T02:00:00Z,30,1.258533,0.825,1.702,0.2256,0.222,0.228,36.726667,34.8,39.5,3.637633,3.635,3.64,19655,19684,0,0,0,0
2020-10-03T03:00:00Z,29,1.189414,0.505,1.738,0.223552,0.222,0.226,38.537931,37.1,39.8,3.637069,3.635,3.64,19685,19713,0,0,0,0
2020-10-03T04:00:00Z,30,1.2018,0.772,1.945,0.2229,0.22,0.227,39.576667,36.7,40.8,3.635333,3.635,3.636,19714,19743,0,0,0,0
2020-10-03T05:00:00Z,29,1.42869,0.747,2.1,0.222552,0.219,0.229,39.903448,37.9,42,3.634345,3.633,3.636,19744,19772,0,0,0,0
2020-10-03T06:00:00Z,27,1.314037,0.839,1.781,0.222778,0.221,0.227,39.725926,37.9,40.9,3.632852,3.631,3.635,19773,19801,0,0,0,0
2020-10-03T07:00:00Z,28,0.820786,0.511,1.225,0.224179,0.221,0.228,38.142857,36.7,41,3.630714,3.628,3.633,19802,19831,0,0,0,0
2020-10-03T08:00:00Z,29,0.611345,0,1.179,0.226448,0.224,0.231,36.434483,34,38,3.628897,3.626,3.63,19832,19860,0,0,0,0
2020-10-03T09:00:00Z,29,0.312207,0,0.538,0.229517,0.228,0.233,32.448276,30.8,34,3.626448,3.625,3.63,19861,19890,0,0,0,0
2020-10-03T10:00:00Z,29,0.114,0,0.524,0.230897,0.23,0.233,31.334483,31.1,31.4,3.625069,3.623,3.626,19891,19919,0,0,0,0
2020-10-03T11:00:00Z,29,0,0,0,0.231,0.23,0.233,31.272414,31,31.4,3.623276,3.621,3.625,19921,19949,0,0,0,0
2020-10-03T12:00:00Z,26,0,0,0,0.232038,0.23,0.235,30.842308,30.4,31.3,3.620692,3.618,3.623,19950,19978,0,0,0,0
2020-10-03T13:00:00Z,28,0,0,0,0.231857,0.231,0.234,30.282143,30.1,30.6,3.618357,3.616,3.621,19979,20007,0,0,0,0
2020-10-03T14:00:00Z,28,0,0,0,0.232357,0.232,0.234,30.053571,30,30.1,3.616,3.615,3.618,20008,20037,0,0,0,0
2020-10-03T15:00:00Z,29,0,0,0,0.232276,0.231,0.234,30.068966,30,30.1,3.614517,3.611,3.616,20038,20066,0,0,0,0
2020-10-03T16:00:00Z,30,0,0,0,0.232433,0.231,0.234,30.02,30,30.1,3.6127,3.61,3.615,20067,20096,0,0,0,0
2020-10-03T17:00:00Z,29,0,0,0,0.232207,0.231,0.234,30.072414,30,30.1,3.610931,3.61,3.613,20097,20125,0,0,0,0
2020-10-03T18:00:00Z,30,0,0,0,0.232333,0.231,0.234,30.05,30,30.1,3.609567,3.608,3.611,20126,20155,0,0,0,0
2020-10-03T19:00:00Z,29,0,0,0,0.232241,0.232,0.233,30.006897,30,30.1,3.608828,3.607,3.611,20156,20184,0,0,0,0
2020-10-03T20:00:00Z,30,0,0,0,0.2328,0.232,0.235,29.673333,29.3,30.1,3.607667,3.607,3.61,20185,20214,0,0,0,0
2020-10-03T21:00:00Z,29,0,0,0,0.233069,0.233,0.234,29.148276,29.1,29.3,3.607034,3.607,3.608,20215,20243,0,0,0,0
2020-10-03T22:00:00Z,30,0,0,0,0.233267,0.232,0.235,29.05,28.9,29.2,3.606533,3.605,3.607,20244,20273,0,0,0,0
2020-10-03T23:00:00Z,29,0.19631,0,0.577,0.232552,0.231,0.234,29.703448,29.1,30.9,3.605,3.605,3.605,20274,20302,0,0,0,0
2020-10-04T00:00:00Z,30,0.614,0.539,0.726,0.2296,0.228,0.231,31.94,31.1,32.9,3.605,3.605,3.605,20303,20332,0,0,0,0
2020-10-04T01:00:00Z,29,0.941897,0.734,1.458,0.227655,0.226,0.23,34.313793,33,35.1,3.604172,3.603,3.605,20333,20361,0,0,0,0
2020-10-04T02:00:00Z,29,1.221103,0.447,1.682,0.225862,0.224,0.228,36.086207,34.6,37.5,3.603034,3.602,3.605,20362,20390,0,0,0,0
2020-10-04T03:00:00Z,30,1.2524,0.813,1.912,0.225433,0.224,0.228,36.813333,36.6,37.5,3.602867,3.602,3.605,20391,20420,0,0,0,0
2020-10-04T04:00:00Z,29,1.265345,0.826,1.745,0.22431,0.223,0.228,38.117241,36.9,39.2,3.601759,3.597,3.603,20421,20449,0,0,0,0
2020-10-04T05:00:00Z,30,1.3114,0.846,1.758,0.223467,0.222,0.226,38.623333,37,40,3.600933,3.598,3.602,20450,20479,0,0,0,0
2020-10-04T06:00:00Z,26,1.358769,1.102,1.697,0.222423,0.22,0.225,40.311538,39.7,40.7,3.599846,3.598,3.602,20480,20508,0,0,0,0
2020-10-04T07:00:00Z,29,1.201931,0.944,1.441,0.223724,0.222,0.227,38.565517,37.5,40.7,3.597931,3.597,3.6,20509,20538,0,0,0,0
2020-10-04T08:00:00Z,29,0.955793,0.551,1.303,0.224517,0.223,0.228,37.517241,36.7,37.9,3.596345,3.595,3.598,20539,20567,0,0,0,0
2020-10-04T09:00:00Z,27,0.521667,0.341,0.787,0.226519,0.225,0.228,35.818519,34.2,36.7,3.593815,3.592,3.597,20568,20597,0,0,0,0
2020-10-04T10:00:00Z,25,0.01364,0,0.341,0.22864,0.228,0.231,33.36,32.7,34.2,3.59176,3.59,3.593,20598,20626,0,0,0,0
2020-10-04T11:00:00Z,29,0,0,0,0.229207,0.228,0.231,32.548276,32.1,32.7,3.590138,3.588,3.592,20627,20655,0,0,0,0
2020-10-04T12:00:00Z,29,0,0,0,0.229897,0.229,0.232,31.662069,31.4,32.1,3.588103,3.587,3.59,20656,20685,0,0,0,0
2020-10-04T13:00:00Z,29,0,0,0,0.231897,0.229,0.234,30.196552,27.6,31.6,3.586345,3.583,3.588,20686,20714,0,0,0,0
2020-10-04T14:00:00Z,29,0,0,0,0.234379,0.233,0.237,27.372414,27.3,27.5,3.584,3.582,3.587,20715,20744,0,0,0,0
2020-10-04T15:00:00Z,29,0,0,0,0.234207,0.233,0.236,27.631034,27.4,28,3.582517,3.582,3.583,20745,20773,0,0,0,0
2020-10-04T16:00:00Z,30,0,0,0,0.234167,0.233,0.237,27.886667,27.4,28.3,3.5817,3.58,3.583,20774,20803,0,0,0,0
2020-10-04T17:00:00Z,29,0,0,0,0.234621,0.234,0.236,27.37931,27.2,27.5,3.579862,3.578,3.582,20804,20832,0,0,0,0
2020-10-04T18:00:00Z,30,0,0,0,0.234533,0.233,0.237,27.57,27.3,28.1,3.579667,3.578,3.582,20833,20862,0,0,0,0
2020-10-04T19:00:00Z,29,0,0,0,0.233931,0.233,0.236,28.096552,27.9,28.4,3.578552,3.578,3.582,20863,20891,0,0,0,0
2020-10-04T20:00:00Z,30,0,0,0,0.2335,0.233,0.235,28.406667,28.2,28.6,3.5778,3.577,3.578,20892,20921,0,0,0,0
2020-10-04T21:00:00Z,29,0,0,0,0.233379,0.232,0.235,28.586207,28.2,28.7,3.577138,3.575,3.578,20922,20950,0,0,0,0
2020-10-04T22:00:00Z,30,0,0,0,0.234133,0.233,0.236,27.9,27.7,28.1,3.576933,3.575,3.577,20951,20980,0,0,0,0
2020-10-04T23:00:00Z,29,0.27931,0,0.611,0.23369,0.233,0.236,28.224138,27.7,28.8,3.576103,3.574,3.578,20981,21009,0,0,0,0
2020-10-05T00:00:00Z,29,0.826586,0.634,1.021,0.232621,0.231,0.235,29.67931,28.9,30.6,3.574586,3.574,3.575,21010,21038,0,0,0,0
2020-10-05T01:00:00Z,30,1.146967,0.985,1.317,0.230467,0.229,0.233,31.52,30.7,31.9,3.5731,3.572,3.575,21039,21068,0,0,0,0
2020-10-05T02:00:00Z,28,1.553643,1.143,1.922,0.228929,0.227,0.231,32.985714,31.7,34.3,3.572,3.57,3.574,21069,21097,0,0,0,0
2020-10-05T03:00:00Z,30,1.565067,1.074,1.861,0.227167,0.226,0.228,34.873333,34.1,35.4,3.570333,3.569,3.572,21098,21127,0,0,0,0
2020-10-05T04:00:00Z,29,1.497483,0.992,1.854,0.226621,0.225,0.228,35.437931,34.8,36,3.569172,3.567,3.57,21128,21156,0,0,0,0
2020-10-05T05:00:00Z,30,1.6215,0.98,1.895,0.225567,0.223,0.229,36.84,35.2,38.1,3.568367,3.565,3.57,21157,21186,0,0,0,0
2020-10-05T06:00:00Z,28,1.099107,0.392,1.915,0.226,0.223,0.232,36.046429,31.4,38.1,3.566571,3.564,3.569,21187,21215,0,0,0,0
2020-10-05T07:00:00Z,22,0.996091,0.354,1.341,0.229364,0.228,0.232,32.15,31.3,32.7,3.564727,3.562,3.567,21216,21244,0,0,0,0
2020-10-05T08:00:00Z,30,0.599667,0,1.174,0.2285,0.228,0.231,32.933333,32.7,33.3,3.564067,3.562,3.567,21245,21274,0,0,0,0
2020-10-05T09:00:00Z,29,0.162966,0,0.497,0.230103,0.228,0.234,31.751724,30.4,32.6,3.562069,3.56,3.564,21275,21303,0,0,0,0
2020-10-05T10:00:00Z,30,0,0,0,0.233167,0.231,0.236,28.776667,28,30.3,3.559367,3.557,3.562,21304,21333,0,0,0,0
2020-10-05T11:00:00Z,29,0,0,0,0.233931,0.233,0.236,28.07931,27.8,28.6,3.557621,3.555,3.559,21334,21362,0,0,0,0
2020-10-05T12:00:00Z,28,0,0,0,0.23325,0.232,0.235,28.55,28.3,28.6,3.555536,3.554,3.557,21363,21392,0,0,0,0
2020-10-05T13:00:00Z,29,0,0,0,0.233759,0.233,0.235,28.082759,27.9,28.5,3.554655,3.554,3.557,21393,21421,0,0,0,0
2020-10-05T14:00:00Z,26,0,0,0,0.234808,0.234,0.237,27.346154,27,27.8,3.554231,3.554,3.555,21422,21450,0,0,0,0
2020-10-05T15:00:00Z,29,0,0,0,0.235586,0.234,0.238,26.896552,26.8,27,3.552828,3.552,3.554,21451,21480,0,0,0,0
2020-10-05T16:00:00Z,29,0,0,0,0.235552,0.234,0.238,27.093103,26.9,27.2,3.552345,3.552,3.554,21481,21509,0,0,0,0
2020-10-05T17:00:00Z,30,0,0,0,0.235,0.234,0.237,27.203333,27.1,27.3,3.551933,3.55,3.552,21510,21539,0,0,0,0
2020-10-05T18:00:00Z,29,0,0,0,0.234552,0.233,0.237,27.506897,27.2,27.8,3.550759,3.55,3.552,21540,21568,0,0,0,0
2020-10-05T19:00:00Z,30,0,0,0,0.233867,0.233,0.236,27.93,27.8,28,3.549967,3.549,3.552,21569,21598,0,0,0,0
2020-10-05T20:00:00Z,29,0,0,0,0.234069,0.233,0.236,28.055172,27.9,28.1,3.549241,3.547,3.55,21599,21627,0,0,0,0
2020-10-05T21:00:00Z,30,0,0,0,0.234033,0.233,0.236,27.98,27.7,28.1,3.547933,3.545,3.549,21628,21657,0,0,0,0
2020-10-05T22:00:00Z,29,0,0,0,0.234,0.233,0.236,27.786207,27.7,28,3.546345,3.544,3.549,21658,21686,0,0,0,0
2020-10-05T23:00:00Z,30,0.295433,0,0.721,0.2337,0.233,0.236,28.373333,27.8,29.5,3.545,3.541,3.547,21687,21716,0,0,0,0
2020-10-06T00:00:00Z,28,0.730893,0.61,0.971,0.23225,0.231,0.234,29.957143,29.6,30.1,3.544429,3.542,3.547,21717,21745,0,0,0,0
2020-10-06T01:00:00Z,29,1.273621,0.997,1.543,0.229931,0.228,0.233,32.196552,30.2,33.8,3.543414,3.541,3.544,21746,21775,0,0,0,0
2020-10-06T02:00:00Z,27,1.446259,0.971,1.712,0.227259,0.225,0.23,34.725926,33.7,36.4,3.542296,3.541,3.544,21776,21804,0,0,0,0
2020-10-06T03:00:00Z,27,1.601778,1,1.925,0.225593,0.224,0.229,36.640741,36.3,36.7,3.541815,3.539,3.544,21805,21832,0,0,0,0
2020-10-06T04:00:00Z,27,1.299815,0.862,1.868,0.226222,0.224,0.229,35.448148,34.3,37.2,3.540407,3.537,3.542,21834,21863,0,0,0,0
2020-10-06T05:00:00Z,29,1.742966,1.285,1.904,0.22631,0.225,0.229,35.696552,34.4,36.7,3.538724,3.537,3.541,21864,21892,0,0,0,0
2020-10-06T06:00:00Z,30,1.433233,0.971,1.741,0.2263,0.225,0.228,36.22,35.4,36.7,3.5382,3.537,3.541,21893,21922,0,0,0,0
2020-10-06T07:00:00Z,23,1.15613,0.844,1.425,0.226957,0.226,0.229,35.126087,34.4,35.4,3.537217,3.536,3.539,21923,21949,0,0,0,0
2020-10-06T08:00:00Z,28,0.536036,0.344,0.708,0.227964,0.227,0.231,33.557143,33.1,34.3,3.536357,3.534,3.539,21953,21980,0,0,0,0
2020-10-06T09:00:00Z,30,0.304633,0,0.608,0.228767,0.228,0.232,32.686667,32.1,33.1,3.5354,3.534,3.537,21981,22010,0,0,0,0
2020-10-06T10:00:00Z,29,0,0,0,0.230138,0.229,0.232,31.544828,31.4,32,3.534069,3.532,3.536,22011,22039,0,0,0,0
2020-10-06T11:00:00Z,29,0,0,0,0.231207,0.23,0.233,31.17931,30.9,31.4,3.533069,3.531,3.536,22040,22068,0,0,0,0
2020-10-06T12:00:00Z,27,0,0,0,0.231259,0.23,0.233,31.192593,30.8,31.3,3.532074,3.531,3.534,22070,22096,0,0,0,0
2020-10-06T13:00:00Z,30,0,0,0,0.231733,0.231,0.233,30.29,30.1,30.8,3.5312,3.529,3.532,22099,22128,0,0,0,0
2020-10-06T14:00:00Z,24,0,0,0,0.231708,0.231,0.233,30.1,30.1,30.1,3.529833,3.527,3.531,22130,22156,0,0,0,0
2020-10-06T15:00:00Z,27,0,0,0,0.231481,0.23,0.233,30.340741,30.1,30.6,3.528889,3.527,3.532,22160,22186,0,0,0,0
2020-10-06T16:00:00Z,30,0,0,0,0.232033,0.231,0.234,30.1,30.1,30.1,3.5274,3.526,3.529,22187,22216,0,0,0,0
2020-10-06T17:00:00Z,29,0,0,0,0.231862,0.231,0.233,30.082759,30,30.1,3.526759,3.526,3.529,22217,22245,0,0,0,0
2020-10-06T18:00:00Z,30,0,0,0,0.2321,0.231,0.233,30.086667,30,30.1,3.5265,3.526,3.527,22246,22275,0,0,0,0
2020-10-06T19:00:00Z,29,0,0,0,0.232241,0.232,0.233,29.917241,29.6,30.1,3.525724,3.524,3.527,22276,22304,0,0,0,0
2020-10-06T20:00:00Z,30,0,0,0,0.232933,0.232,0.234,29.43,29.3,29.6,3.525133,3.524,3.527,22305,22334,0,0,0,0
2020-10-06T21:00:00Z,29,0,0,0,0.232931,0.232,0.234,29.424138,29.3,29.5,3.524207,3.522,3.526,22335,22363,0,0,0,0
2020-10-06T22:00:00Z,30,0,0,0,0.233,0.232,0.234,29.41,29.3,29.5,3.523267,3.522,3.526,22364,22393,0,0,0,0
2020-10-06T23:00:00Z,28,0.145929,0,0.549,0.232571,0.231,0.234,29.703571,29.3,30.1,3.522321,3.521,3.524,22394,22422,0,0,0,0
2020-10-07T00:00:00Z,30,0.809767,0.549,1.09,0.230633,0.229,0.233,30.963333,30.1,32,3.521967,3.519,3.524,22423,22452,0,0,0,0
2020-10-07T01:00:00Z,29,0.869724,0.562,1.182,0.229414,0.228,0.232,32.151724,32,32.4,3.521862,3.521,3.524,22453,22481,0,0,0,0
2020-10-07T02:00:00Z,29,0.103,0,0.944,0.232207,0.228,0.235,29.589655,27.2,32.2,3.521103,3.519,3.522,22482,22510,0,0,0,0
2020-10-07T03:00:00Z,30,0.1962,0,0.524,0.235167,0.234,0.238,26.956667,26.7,27.2,3.518733,3.517,3.521,22511,22540,0,0,0,0
2020-10-07T04:00:00Z,27,0.105037,0,0.41,0.234741,0.234,0.236,27.088889,26.7,27.4,3.517111,3.516,3.519,22541,22569,0,0,0,0
2020-10-07T05:00:00Z,30,1.087133,0.346,1.81,0.2338,0.233,0.236,28.183333,27.3,29.3,3.516833,3.516,3.519,22570,22599,0,0,0,0
2020-10-07T06:00:00Z,26,1.599846,1.203,1.932,0.231269,0.229,0.233,30.430769,29.5,31.7,3.5165,3.514,3.519,22600,22628,0,0,0,0
2020-10-07T07:00:00Z,25,1.15472,0.575,1.653,0.22968,0.229,0.232,31.644,31.4,32,3.51632,3.514,3.519,22629,22657,0,0,0,0
2020-10-07T08:00:00Z,30,0.8479,0.559,1.077,0.2304,0.229,0.232,31.4,31.3,31.5,3.515467,3.512,3.516,22658,22687,0,0,0,0
2020-10-07T09:00:00Z,27,0.489667,0,0.675,0.231111,0.23,0.233,30.744444,30.1,31.4,3.51337,3.511,3.516,22688,22716,0,0,0,0
2020-10-07T10:00:00Z,28,0,0,0,0.232679,0.232,0.233,29.625,29.1,30.1,3.511964,3.511,3.514,22717,22746,0,0,0,0
2020-10-07T11:00:00Z,29,0,0,0,0.233241,0.232,0.235,28.810345,28.7,29.1,3.510828,3.509,3.512,22747,22775,0,0,0,0
2020-10-07T12:00:00Z,26,0,0,0,0.233115,0.233,0.235,28.915385,28.7,29.2,3.509846,3.509,3.511,22776,22805,0,0,0,0
2020-10-07T13:00:00Z,29,0,0,0,0.233138,0.233,0.235,28.755172,28.7,29,3.508483,3.506,3.511,22806,22834,0,0,0,0
2020-10-07T14:00:00Z,29,0,0,0,0.23331,0.233,0.235,28.696552,28.6,28.7,3.507724,3.506,3.509,22835,22863,0,0,0,0
2020-10-07T15:00:00Z,28,0,0,0,0.233036,0.232,0.234,29,28.8,29.1,3.5065,3.504,3.508,22866,22893,0,0,0,0
2020-10-07T16:00:00Z,29,0,0,0,0.233172,0.233,0.236,28.748276,28.7,29,3.505241,3.504,3.508,22894,22922,0,0,0,0
2020-10-07T17:00:00Z,30,0,0,0,0.233467,0.233,0.235,28.423333,28.1,28.7,3.504233,3.503,3.508,22923,22952,0,0,0,0
2020-10-07T18:00:00Z,29,0,0,0,0.233621,0.233,0.236,28.258621,28.1,28.7,3.503586,3.503,3.506,22953,22981,0,0,0,0
2020-10-07T19:00:00Z,30,0,0,0,0.233167,0.233,0.235,28.586667,28.5,28.6,3.502867,3.501,3.504,22982,23011,0,0,0,0
2020-10-07T20:00:00Z,29,0,0,0,0.233931,0.233,0.236,28.141379,28,28.5,3.501966,3.501,3.503,23012,23040,0,0,0,0
2020-10-07T21:00:00Z,30,0,0,0,0.233767,0.233,0.235,28.016667,27.8,28.1,3.501067,3.501,3.503,23041,23070,0,0,0,0
2020-10-07T22:00:00Z,29,0,0,0,0.234069,0.233,0.236,27.682759,27.4,28.1,3.500517,3.499,3.501,23071,23099,0,0,0,0
2020-10-07T23:00:00Z,30,0.1449,0,0.603,0.2339,0.233,0.236,28.06,27.5,29,3.4998,3.499,3.501,23100,23129,0,0,0,0
2020-10-08T00:00:00Z,29,0.688552,0.572,0.792,0.231897,0.23,0.233,30.189655,29.1,31.4,3.499276,3.499,3.501,23130,23158,0,0,0,0
2020-10-08T01:00:00Z,30,0.894167,0.508,1.443,0.229333,0.228,0.231,32.103333,31.4,33.8,3.499067,3.499,3.501,23159,23188,0,0,0,0
2020-10-08T02:00:00Z,29,1.069103,0.815,1.387,0.226414,0.224,0.23,35.651724,34,36.9,3.499,3.499,3.499,23189,23217,0,0,0,0
2020-10-08T03:00:00Z,30,1.2176,0.903,1.81,0.225067,0.224,0.228,36.816667,35.9,37.7,3.4985,3.496,3.499,23218,23247,0,0,0,0
2020-10-08T04:00:00Z,29,1.543724,1.044,2.046,0.225517,0.223,0.228,36.227586,35.3,37.8,3.497103,3.494,3.498,23248,23276,0,0,0,0
2020-10-08T05:00:00Z,29,1.631828,1.107,1.968,0.225103,0.223,0.228,36.77931,36.5,37.5,3.49531,3.494,3.496,23277,23305,0,0,0,0
2020-10-08T06:00:00Z,28,1.216714,0.562,1.574,0.225357,0.224,0.228,36.635714,35,37.8,3.493357,3.491,3.496,23306,23335,0,0,0,0
2020-10-08T07:00:00Z,21,0.655476,0.441,1.102,0.227667,0.226,0.229,33.87619,32.8,35,3.489048,3.486,3.491,23336,23364,0,0,0,0
2020-10-08T08:00:00Z,30,0.086567,0,0.498,0.232067,0.228,0.237,29.76,27.4,33.1,3.4849,3.483,3.488,23365,23394,0,0,0,0
2020-10-08T09:00:00Z,27,0,0,0,0.23363,0.233,0.235,27.992593,27.4,28.7,3.480815,3.478,3.484,23395,23423,0,0,0,0
2020-10-08T10:00:00Z,24,0,0,0,0.23425,0.233,0.237,27.608333,27.3,28.6,3.476625,3.475,3.479,23424,23452,0,0,0,0
2020-10-08T11:00:00Z,30,0,0,0,0.2346,0.233,0.237,27.356667,27.3,27.4,3.473367,3.471,3.476,23453,23482,0,0,0,0
2020-10-08T12:00:00Z,27,0,0,0,0.234444,0.233,0.238,27.477778,27.4,27.7,3.470296,3.468,3.473,23483,23511,0,0,0,0
2020-10-08T13:00:00Z,29,0,0,0,0.234,0.233,0.236,27.662069,27.5,27.8,3.465517,3.463,3.468,23512,23540,0,0,0,0
2020-10-08T14:00:00Z,28,0,0,0,0.233786,0.233,0.235,27.953571,27.8,28.1,3.459821,3.456,3.463,23542,23570,0,0,0,0
2020-10-08T15:00:00Z,29,0,0,0,0.234241,0.233,0.236,28.062069,28,28.1,3.455345,3.453,3.458,23571,23599,0,0,0,0
2020-10-08T16:00:00Z,30,0,0,0,0.2337,0.233,0.236,28.1,28,28.2,3.450533,3.448,3.453,23600,23629,0,0,0,0
2020-10-08T17:00:00Z,29,0,0,0,0.233828,0.233,0.236,27.934483,27.8,28.1,3.447241,3.446,3.448,23630,23658,0,0,0,0
2020-10-08T18:00:00Z,30,0,0,0,0.233833,0.233,0.236,28.056667,27.8,28.1,3.444967,3.442,3.446,23659,23688,0,0,0,0
2020-10-08T19:00:00Z,29,0,0,0,0.233276,0.233,0.235,28.42069,28.1,28.7,3.440414,3.437,3.443,23689,23717,0,0,0,0
2020-10-08T20:00:00Z,30,0,0,0,0.233467,0.233,0.235,28.65,28.3,28.9,3.434067,3.43,3.437,23718,23747,0,0,0,0
2020-10-08T21:00:00Z,29,0,0,0,0.233655,0.233,0.237,28.417241,28.2,28.6,3.428621,3.425,3.432,23748,23776,0,0,0,0
2020-10-08T22:00:00Z,30,0,0,0,0.2334,0.233,0.235,28.503333,28.4,28.6,3.423367,3.42,3.427,23777,23806,0,0,0,0
2020-10-08T23:00:00Z,29,0.220414,0,0.524,0.233379,0.233,0.236,28.824138,28.5,29.4,3.418724,3.417,3.422,23807,23835,0,0,0,0
2020-10-09T00:00:00Z,29,0.683931,0.454,0.987,0.232138,0.231,0.233,30,29.5,30.7,3.412172,3.409,3.415,23836,23865,0,0,0,0
2020-10-09T01:00:00Z,23,1.217739,0.89,1.526,0.229435,0.228,0.232,32.352174,30.9,33.2,3.404783,3.399,3.41,23866,23894,0,0,0,0
2020-10-09T02:00:00Z,23,1.493913,1.02,1.772,0.228435,0.227,0.23,33.413043,32.7,34.2,3.39713,3.395,3.4,23895,23922,0,0,0,0
2020-10-09T03:00:00Z,30,1.458167,0.879,1.927,0.2274,0.225,0.229,34.18,33.2,35.7,3.393233,3.39,3.395,23924,23953,0,0,0,0
2020-10-09T04:00:00Z,29,1.445724,1.128,1.751,0.227069,0.226,0.228,34.655172,34,35.4,3.387552,3.384,3.39,23954,23982,0,0,0,0
2020-10-09T05:00:00Z,30,0.492633,0,1.763,0.230167,0.226,0.234,31.513333,28.1,35.1,3.380233,3.377,3.385,23983,24012,0,0,0,0
2020-10-09T06:00:00Z,29,0.045207,0,0.341,0.234103,0.233,0.236,27.768966,27.7,28,3.373103,3.371,3.377,24013,24041,0,0,0,0
2020-10-09T07:00:00Z,25,0.07764,0,0.328,0.23364,0.233,0.236,27.812,27.7,28,3.3672,3.364,3.371,24042,24070,0,0,0,0
2020-10-09T08:00:00Z,30,0.19569,0,0.346,0.233767,0.233,0.236,27.97,27.7,28.1,3.36,3.354,3.366,24071,24100,0,0,0,0
2020-10-09T09:00:00Z,27,0,0,0,0.233074,0.232,0.234,28.285185,28.1,28.6,3.350148,3.344,3.357,24101,24129,0,0,0,0
2020-10-09T10:00:00Z,27,0,0,0,0.231444,0.231,0.233,28.362963,28.1,28.7,3.342074,3.339,3.344,24130,24159,0,0,0,0
2020-10-09T11:00:00Z,29,0,0,0,0.230862,0.229,0.233,27.996552,27.9,28.1,3.337,3.333,3.341,24160,24188,0,0,0,0
2020-10-09T12:00:00Z,30,0,0,0,0.228767,0.228,0.231,27.926667,27.7,28.1,3.327167,3.323,3.333,24189,24218,0,0,0,0
2020-10-09T13:00:00Z,28,0,0,0,0.22775,0.226,0.231,27.717857,27.7,27.9,3.317357,3.313,3.323,24219,24247,0,0,0,0
2020-10-09T14:00:00Z,28,0,0,0,0.226071,0.224,0.229,27.460714,27.4,27.7,3.306464,3.301,3.311,24248,24276,0,0,0,0
2020-10-09T15:00:00Z,30,0,0,0,0.2242,0.223,0.227,27.4,27.4,27.4,3.2953,3.29,3.3,24277,24306,0,0,0,0
2020-10-09T16:00:00Z,28,0,0,0,0.222143,0.221,0.226,27.375,27.3,27.4,3.287607,3.283,3.291,24307,24335,0,0,0,0
2020-10-09T17:00:00Z,30,0,0,0,0.220167,0.218,0.223,27.26,27.2,27.3,3.2773,3.272,3.283,24336,24365,0,0,0,0
2020-10-09T18:00:00Z,29,0,0,0,0.217759,0.215,0.221,27.306897,27.2,27.4,3.265586,3.26,3.272,24366,24394,0,0,0,0
2020-10-09T19:00:00Z,29,0,0,0,0.215655,0.214,0.218,27.268966,27.2,27.3,3.255172,3.248,3.26,24395,24423,0,0,0,0
2020-10-09T20:00:00Z,30,0,0,0,0.2136,0.212,0.217,27.33,27.3,27.4,3.242167,3.237,3.248,24424,24453,0,0,0,0
2020-10-09T21:00:00Z,29,0,0,0,0.211483,0.21,0.214,27.303448,27.3,27.4,3.233724,3.229,3.237,24454,24482,0,0,0,0
2020-10-09T22:00:00Z,30,0,0,0,0.208767,0.207,0.211,27.293333,27.2,27.3,3.220467,3.214,3.227,24483,24512,0,0,0,0
2020-10-09T23:00:00Z,29,0.24031,0,0.5,0.205621,0.189,0.211,27.52069,27.1,28.1,3.205828,3.179,3.214,1,24522,0,0,0,0
2020-10-10T00:00:00Z,30,0.657133,0.498,0.866,0.2019,0.199,0.205,28.733333,28.1,29.4,3.190933,3.184,3.199,20,49,0,0,0,0
2020-10-10T01:00:00Z,29,0.993966,0.613,1.246,0.19731,0.195,0.202,30.055172,29.3,30.6,3.17969,3.173,3.184,50,78,0,0,0,0
2020-10-10T02:00:00Z,28,1.502071,1.12,1.754,0.18925,0.177,0.197,32.067857,30.5,32.7,3.158571,3.133,3.173,1,101,0,0,0,0
2020-10-10T03:00:00Z,30,1.504033,1.321,1.884,0.174967,0.172,0.179,32.846667,32.6,34,3.124433,3.112,3.133,1,1,0,0,0,0
2020-10-10T04:00:00Z,28,1.26275,0.341,1.861,0.16925,0.168,0.172,34.514286,32.7,35.4,3.098571,3.083,3.112,1,1,0,0,0,0
2020-10-10T05:00:00Z,28,1.324929,0,1.887,0.168393,0.164,0.173,30.603571,28.6,32.6,3.069714,3.054,3.083,1,1,0,0,0,0
2020-10-10T06:00:00Z,27,0.408296,0,0.61,0.163296,0.161,0.165,28.933333,27.3,31.3,3.033889,3.019,3.054,1,1,0,0,0,0
2020-10-10T07:00:00Z,26,0.496077,0.357,0.641,0.156038,0.155,0.161,53.584615,27.3,59.9,2.991077,2.973,3.016,1,1,0,0,0,0
2020-10-10T08:00:00Z,29,0.64,0.472,0.739,0.155,0.155,0.155,59.789655,59.4,59.9,2.947966,2.923,2.971,1,1,0,0,0,0
2020-10-10T09:00:00Z,5,0.4624,0.447,0.472,0.155,0.155,0.155,59.32,59.2,59.4,2.9182,2.915,2.92,1,1,0,0,0,0
2020-10-12T12:00:00Z,12,0,0,0,0.226833,0.21,0.247,32.691667,30.1,34,3.52925,2.818,3.747,2,15,0,0,0,0
2020-10-12T13:00:00Z,30,0,0,0,0.231833,0.209,0.25,33.813333,33.5,34,3.917233,3.758,4.036,16,45,0,0,0,0
2020-10-12T14:00:00Z,28,0,0,0,0.233893,0.211,0.25,33.492857,33.1,33.7,4.096643,4.042,4.135,46,74,0,0,0,0
2020-10-12T15:00:00Z,30,0,0,0,0.232267,0.211,0.251,32.72,32.5,33.1,4.147233,4.135,4.159,75,104,0,0,0,0
2020-10-12T16:00:00Z,29,0,0,0,0.229552,0.212,0.252,32.082759,31.6,32.5,4.172862,4.163,4.184,105,133,0,0,0,0
2020-10-12T17:00:00Z,30,0,0,0,0.236233,0.215,0.252,31.453333,31.3,31.6,4.179667,4.163,4.189,134,163,0,0,0,0
2020-10-12T18:00:00Z,29,0,0,0,0.235138,0.214,0.253,31.131034,31,31.3,4.157,4.153,4.163,164,192,0,0,0,0
2020-10-12T19:00:00Z,30,0,0,0,0.228267,0.214,0.25,30.91,30.8,31.1,4.1506,4.148,4.154,193,222,0,0,0,0
2020-10-12T20:00:00Z,29,0,0,0,0.230207,0.215,0.254,30.789655,30.7,30.9,4.147103,4.144,4.149,223,251,0,0,0,0
2020-10-12T21:00:00Z,30,0,0,0,0.2316,0.214,0.252,30.726667,30.6,30.8,4.143933,4.143,4.146,252,281,0,0,0,0
2020-10-12T22:00:00Z,29,0,0,0,0.233448,0.215,0.254,30.675862,30.6,30.7,4.142655,4.141,4.144,282,310,0,0,0,0
2020-10-12T23:00:00Z,29,0,0,0,0.236862,0.215,0.254,30.613793,30.6,30.7,4.141552,4.138,4.144,311,339,0,0,0,0
2020-10-13T00:00:00Z,30,0.238767,0,0.989,0.2303,0.216,0.254,30.646667,30.4,31.2,4.136867,4.133,4.141,340,369,0,0,0,0
2020-10-13T01:00:00Z,12,1.254417,0.813,1.402,0.23025,0.228,0.233,31.65,30.9,32.5,4.132167,4.131,4.133,371,382,0,0,0,0
2020-10-13T02:00:00Z,23,1.492174,1.353,1.646,0.227696,0.226,0.23,34.343478,33.3,35.5,4.123217,4.12,4.125,400,424,0,0,0,0
2020-10-13T03:00:00Z,30,1.316467,0.838,1.809,0.226733,0.225,0.23,35.313333,34.5,36.5,4.120767,4.118,4.125,425,454,0,0,0,0
2020-10-13T04:00:00Z,28,1.409429,0.872,1.941,0.227071,0.225,0.229,35.292857,34.3,35.8,4.119321,4.118,4.121,455,483,0,0,0,0
2020-10-13T05:00:00Z,30,1.450167,1.005,1.941,0.225267,0.223,0.228,37.27,35.6,39.1,4.117467,4.116,4.12,484,513,0,0,0,0
2020-10-13T06:00:00Z,28,1.125464,0.869,1.495,0.226714,0.224,0.229,35.778571,35.1,37.6,4.114929,4.113,4.118,514,542,0,0,0,0
2020-10-13T07:00:00Z,27,0.815444,0.497,1.198,0.227926,0.227,0.229,33.933333,32.7,35,4.111,4.108,4.113,543,571,0,0,0,0
2020-10-13T08:00:00Z,30,0.549633,0.362,0.734,0.229567,0.228,0.232,32.086667,31.8,32.7,4.1089,4.106,4.111,572,601,0,0,0,0
2020-10-13T09:00:00Z,28,0.121,0,0.524,0.231143,0.229,0.233,30.885714,29.6,31.8,4.107,4.105,4.11,602,630,0,0,0,0
2020-10-13T10:00:00Z,26,0,0,0,0.233423,0.232,0.236,29.057692,28.8,29.5,4.105154,4.105,4.106,631,660,0,0,0,0
2020-10-13T11:00:00Z,29,0,0,0,0.233276,0.232,0.235,29.124138,28.9,29.3,4.104448,4.103,4.105,661,689,0,0,0,0
2020-10-13T12:00:00Z,30,0,0,0,0.233367,0.232,0.236,28.906667,28.6,29.1,4.1029,4.1,4.105,690,719,0,0,0,0
2020-10-13T13:00:00Z,29,0,0,0,0.233517,0.233,0.235,28.62069,28.6,28.7,4.100586,4.098,4.103,720,748,0,0,0,0
2020-10-13T14:00:00Z,29,0,0,0,0.233448,0.233,0.235,28.658621,28.6,28.7,4.098414,4.095,4.1,749,777,0,0,0,0
2020-10-13T15:00:00Z,30,0,0,0,0.2334,0.233,0.235,28.653333,28.6,28.7,4.096667,4.093,4.1,778,807,0,0,0,0
2020-10-13T16:00:00Z,29,0,0,0,0.233276,0.232,0.235,28.944828,28.7,29.1,4.094862,4.093,4.097,808,836,0,0,0,0
2020-10-13T17:00:00Z,29,0,0,0,0.233379,0.233,0.235,28.610345,27.9,29.1,4.093345,4.09,4.097,837,866,0,0,0,0
2020-10-13T18:00:00Z,29,0,0,0,0.233759,0.233,0.236,28.034483,27.7,28.4,4.091724,4.09,4.093,867,895,0,0,0,0
2020-10-13T19:00:00Z,30,0,0,0,0.233633,0.232,0.235,28.383333,28.2,28.6,4.092,4.09,4.093,896,925,0,0,0,0
2020-10-13T20:00:00Z,29,0,0,0,0.233552,0.233,0.236,28.465517,28.1,28.6,4.090621,4.088,4.093,926,954,0,0,0,0
2020-10-13T21:00:00Z,30,0,0,0,0.2348,0.234,0.237,27.403333,27.2,28.1,4.088233,4.087,4.09,955,984,0,0,0,0
2020-10-13T22:00:00Z,29,0,0,0,0.234724,0.233,0.237,27.334483,27.2,27.4,4.087138,4.085,4.09,985,1013,0,0,0,0
2020-10-13T23:00:00Z,30,0,0,0,0.234633,0.233,0.237,27.41,27.3,27.6,4.086667,4.085,4.088,1014,1043,0,0,0,0
2020-10-14T00:00:00Z,28,0.479179,0,0.802,0.233786,0.233,0.236,28.275,27.7,29.1,4.085214,4.083,4.087,1044,1072,0,0,0,0
2020-10-14T01:00:00Z,29,0.562517,0.326,0.962,0.233,0.232,0.235,29.182759,28.9,29.5,4.083724,4.082,4.085,1073,1101,0,0,0,0
2020-10-14T02:00:00Z,29,0.490276,0,0.916,0.233345,0.231,0.236,29.113793,28.3,29.8,4.083138,4.082,4.085,1102,1131,0,0,0,0
2020-10-14T03:00:00Z,29,0.715103,0,1.095,0.233172,0.232,0.235,28.9,28.5,29.5,4.082483,4.082,4.083,1132,1160,0,0,0,0
2020-10-14T04:00:00Z,28,1.017786,0.385,1.415,0.233,0.231,0.235,29.25,28.4,30.1,4.082071,4.082,4.083,1161,1190,0,0,0,0
2020-10-14T05:00:00Z,29,0.845,0.438,1.313,0.232379,0.231,0.234,29.924138,29.5,30.1,4.081724,4.08,4.082,1191,1219,0,0,0,0
2020-10-14T06:00:00Z,29,0.111517,0,0.434,0.234,0.233,0.236,28.134483,27.5,29.4,4.080897,4.08,4.082,1220,1249,0,0,0,0
2020-10-14T07:00:00Z,27,0,0,0,0.235037,0.234,0.237,27.3,27.2,27.5,4.08,4.08,4.08,1250,1278,0,0,0,0
2020-10-14T08:00:00Z,30,0.021433,0,0.324,0.235467,0.234,0.237,27.28,27.2,27.4,4.079867,4.078,4.08,1279,1308,0,0,0,0
2020-10-14T09:00:00Z,29,0,0,0,0.234621,0.234,0.236,27.4,27.4,27.4,4.079103,4.078,4.08,1309,1337,0,0,0,0
2020-10-14T10:00:00Z,29,0,0,0,0.234793,0.234,0.237,27.403448,27.4,27.5,4.077793,4.075,4.08,1338,1366,0,0,0,0
2020-10-14T11:00:00Z,29,0,0,0,0.234862,0.234,0.237,27.4,27.4,27.4,4.07731,4.075,4.078,1368,1396,0,0,0,0
2020-10-14T12:00:00Z,28,0,0,0,0.234643,0.234,0.237,27.410714,27.3,27.6,4.076786,4.075,4.078,1397,1424,0,0,0,0
2020-10-14T13:00:00Z,29,0,0,0,0.234621,0.233,0.237,27.82069,27.7,28,4.076,4.073,4.078,1427,1455,0,0,0,0
2020-10-14T14:00:00Z,28,0,0,0,0.234036,0.233,0.236,27.8,27.7,27.9,4.074929,4.073,4.077,1456,1484,0,0,0,0
2020-10-14T15:00:00Z,30,0,0,0,0.234367,0.233,0.236,27.713333,27.5,27.9,4.0733,4.069,4.075,1485,1514,0,0,0,0
2020-10-14T16:00:00Z,29,0,0,0,0.234552,0.233,0.237,27.693103,27.6,27.8,4.072552,4.07,4.075,1515,1543,0,0,0,0
2020-10-14T17:00:00Z,30,0,0,0,0.234067,0.233,0.236,28.106667,27.7,28.3,4.072267,4.07,4.073,1544,1573,0,0,0,0
2020-10-14T18:00:00Z,29,0,0,0,0.23369,0.232,0.236,28.362069,28,28.6,4.071931,4.07,4.073,1574,1602,0,0,0,0
2020-10-14T19:00:00Z,30,0,0,0,0.233733,0.233,0.236,28.223333,28,28.4,4.071633,4.069,4.073,1603,1632,0,0,0,0
2020-10-14T20:00:00Z,29,0,0,0,0.233931,0.233,0.237,28.013793,27.9,28.1,4.069828,4.069,4.072,1633,1661,0,0,0,0
2020-10-14T21:00:00Z,29,0,0,0,0.234172,0.233,0.236,27.793103,27.7,28,4.068448,4.067,4.07,1662,1690,0,0,0,0
2020-10-14T22:00:00Z,29,0,0,0,0.234586,0.233,0.237,27.786207,27.7,27.9,4.067345,4.065,4.069,1691,1720,0,0,0,0
2020-10-14T23:00:00Z,29,0.095069,0,0.506,0.234069,0.233,0.236,28.1,27.7,28.7,4.06669,4.064,4.069,1721,1749,0,0,0,0
2020-10-15T00:00:00Z,30,0.540633,0,0.867,0.2328,0.232,0.234,29.37,28.7,29.9,4.0663,4.064,4.069,1750,1779,0,0,0,0
2020-10-15T01:00:00Z,27,1.007815,0.524,1.494,0.231481,0.228,0.234,30.833333,29.4,33,4.067148,4.065,4.069,1780,1808,0,0,0,0
2020-10-15T02:00:00Z,29,1.268552,0.798,1.731,0.227759,0.226,0.23,33.937931,33.1,35,4.067276,4.065,4.069,1809,1838,0,0,0,0
2020-10-15T03:00:00Z,29,1.149828,0.528,1.704,0.227448,0.226,0.232,34.348276,33.1,35.3,4.066759,4.065,4.07,1839,1867,0,0,0,0
2020-10-15T04:00:00Z,29,1.05769,0.485,1.64,0.225724,0.224,0.228,36.22069,34.2,37.7,4.065655,4.064,4.067,1868,1897,0,0,0,0
2020-10-15T05:00:00Z,29,1.037034,0.446,1.899,0.225276,0.223,0.228,36.848276,34.3,38,4.064,4.06,4.067,1898,1926,0,0,0,0
2020-10-15T06:00:00Z,27,1.052778,0.626,1.487,0.226148,0.225,0.23,36.014815,34.4,36.7,4.062593,4.06,4.064,1927,1955,0,0,0,0
2020-10-15T07:00:00Z,27,0.776778,0,1.184,0.22463,0.223,0.228,37.296296,33.5,39.4,4.062074,4.06,4.064,1956,1985,0,0,0,0
2020-10-15T08:00:00Z,29,0.447759,0,0.813,0.230586,0.228,0.233,31.32069,30.1,33.4,4.059,4.055,4.062,1986,2014,0,0,0,0
2020-10-15T09:00:00Z,28,0.158143,0,0.811,0.231643,0.23,0.233,30.392857,30.1,30.7,4.057036,4.055,4.06,2015,2044,0,0,0,0
2020-10-15T10:00:00Z,28,0,0,0,0.232393,0.231,0.233,29.992857,29.7,30.1,4.056786,4.055,4.059,2045,2073,0,0,0,0
2020-10-15T11:00:00Z,30,0,0,0,0.233167,0.232,0.236,29.34,28.7,29.9,4.055667,4.054,4.057,2074,2103,0,0,0,0
2020-10-15T12:00:00Z,26,0,0,0,0.233269,0.232,0.236,28.538462,28.2,28.7,4.054538,4.052,4.057,2104,2132,0,0,0,0
2020-10-15T13:00:00Z,29,0,0,0,0.233897,0.232,0.236,28.027586,27.5,28.5,4.053448,4.052,4.054,2133,2161,0,0,0,0
2020-10-15T14:00:00Z,29,0,0,0,0.234552,0.233,0.237,27.596552,27.5,27.7,4.052931,4.052,4.055,2162,2191,0,0,0,0
2020-10-15T15:00:00Z,28,0,0,0,0.23425,0.233,0.237,27.803571,27.6,27.9,4.052357,4.05,4.054,2193,2220,0,0,0,0
2020-10-15T16:00:00Z,30,0,0,0,0.234233,0.233,0.236,27.89,27.7,28.1,4.052867,4.052,4.054,2221,2250,0,0,0,0
2020-10-15T17:00:00Z,29,0,0,0,0.233966,0.233,0.236,28.106897,28.1,28.2,4.05131,4.05,4.052,2251,2279,0,0,0,0
2020-10-15T18:00:00Z,30,0,0,0,0.234167,0.233,0.236,28.066667,28,28.2,4.0515,4.049,4.054,2280,2309,0,0,0,0
2020-10-15T19:00:00Z,29,0,0,0,0.234172,0.233,0.236,27.810345,27.6,28,4.050655,4.049,4.052,2310,2338,0,0,0,0
2020-10-15T20:00:00Z,30,0,0,0,0.2348,0.233,0.237,27.46,27.4,27.6,4.050067,4.049,4.052,2339,2368,0,0,0,0
2020-10-15T21:00:00Z,29,0,0,0,0.235,0.234,0.238,27.396552,27.3,27.4,4.049483,4.047,4.052,2369,2397,0,0,0,0
2020-10-15T22:00:00Z,30,0,0,0,0.234933,0.233,0.238,27.546667,27.4,27.7,4.049,4.047,4.05,2398,2427,0,0,0,0
2020-10-15T23:00:00Z,29,0.069103,0,0.341,0.234207,0.233,0.237,27.989655,27.7,28.6,4.048448,4.045,4.05,2428,2456,0,0,0,0
2020-10-16T00:00:00Z,30,0.2429,0,0.444,0.233533,0.233,0.235,28.656667,28.6,28.7,4.048367,4.045,4.05,2457,2486,0,0,0,0
2020-10-16T01:00:00Z,28,0.63425,0.334,0.882,0.233393,0.232,0.235,29.221429,28.7,30.1,4.04825,4.045,4.05,2487,2515,0,0,0,0
2020-10-16T02:00:00Z,24,0.9215,0.813,1.067,0.231458,0.229,0.233,30.879167,30.1,31.4,4.048708,4.047,4.05,2516,2544,0,0,0,0
2020-10-16T03:00:00Z,30,1.278033,0.521,1.863,0.2296,0.228,0.234,32.39,31.3,33.6,4.048367,4.047,4.05,2545,2574,0,0,0,0
2020-10-16T04:00:00Z,28,1.088857,0.615,1.759,0.230036,0.228,0.233,32.35,31.3,33,4.047893,4.045,4.05,2575,2603,0,0,0,0
2020-10-16T05:00:00Z,30,1.225667,0.816,1.694,0.2306,0.228,0.233,31.69,30.6,32.6,4.047267,4.045,4.049,2604,2633,0,0,0,0
2020-10-16T06:00:00Z,28,1.049714,0,1.4,0.229536,0.228,0.232,32.253571,31.5,32.7,4.046571,4.045,4.049,2634,2662,0,0,0,0
2020-10-16T07:00:00Z,28,0.451071,0,1.215,0.230643,0.228,0.234,31.485714,27.9,32.7,4.046,4.044,4.049,2663,2692,0,0,0,0
2020-10-16T08:00:00Z,29,0.31769,0,0.497,0.234793,0.233,0.237,27.613793,27.4,27.8,4.042828,4.04,4.044,2693,2721,0,0,0,0
2020-10-16T09:00:00Z,28,0,0,0,0.234321,0.233,0.237,27.764286,27.7,27.9,4.042464,4.04,4.045,2722,2750,0,0,0,0
2020-10-16T10:00:00Z,29,0,0,0,0.234345,0.233,0.236,27.737931,27.5,27.9,4.041793,4.039,4.044,2751,2780,0,0,0,0
2020-10-16T11:00:00Z,28,0,0,0,0.234607,0.233,0.237,27.457143,27.4,27.9,4.04075,4.037,4.042,2782,2809,0,0,0,0
2020-10-16T12:00:00Z,30,0,0,0,0.2346,0.233,0.237,27.516667,27.4,27.9,4.040167,4.037,4.042,2810,2839,0,0,0,0
2020-10-16T13:00:00Z,28,0,0,0,0.234643,0.233,0.236,27.457143,27.4,27.5,4.040143,4.037,4.044,2840,2868,0,0,0,0
2020-10-16T14:00:00Z,28,0,0,0,0.234679,0.233,0.236,27.457143,27.4,27.5,4.039893,4.037,4.042,2869,2897,0,0,0,0
2020-10-16T15:00:00Z,29,0,0,0,0.235069,0.233,0.238,27.513793,27.3,27.8,4.039241,4.037,4.04,2898,2927,0,0,0,0
2020-10-16T16:00:00Z,29,0,0,0,0.235207,0.234,0.237,27.389655,27.3,27.4,4.038483,4.036,4.04,2928,2956,0,0,0,0
2020-10-16T17:00:00Z,30,0,0,0,0.2348,0.233,0.238,27.43,27.4,27.6,4.038267,4.036,4.04,2957,2986,0,0,0,0
2020-10-16T18:00:00Z,29,0,0,0,0.234724,0.233,0.236,27.441379,27.4,27.6,4.03731,4.036,4.039,2987,3015,0,0,0,0
2020-10-16T19:00:00Z,30,0,0,0,0.234433,0.233,0.236,27.676667,27.5,27.8,4.0369,4.036,4.039,3016,3045,0,0,0,0
2020-10-16T20:00:00Z,29,0,0,0,0.234586,0.233,0.237,27.813793,27.7,28.1,4.036759,4.036,4.039,3046,3074,0,0,0,0
2020-10-16T21:00:00Z,30,0,0,0,0.234167,0.233,0.237,27.846667,27.5,28.1,4.0368,4.036,4.039,3075,3104,0,0,0,0
2020-10-16T22:00:00Z,29,0,0,0,0.234862,0.233,0.238,27.427586,27.3,27.6,4.036414,4.034,4.039,3105,3133,0,0,0,0
2020-10-16T23:00:00Z,30,0,0,0,0.235933,0.234,0.238,26.96,26.8,27.3,4.035767,4.034,4.037,3134,3163,0,0,0,0
2020-10-17T00:00:00Z,29,0.237621,0,0.474,0.235793,0.234,0.238,26.97931,26.7,27.2,4.035793,4.032,4.037,3164,3192,0,0,0,0
2020-10-17T01:00:00Z,30,0.6924,0.431,0.971,0.234733,0.233,0.238,27.78,27.2,28.7,4.035467,4.032,4.037,3193,3222,0,0,0,0
2020-10-17T02:00:00Z,27,1.330815,0.87,1.709,0.232556,0.23,0.236,30.007407,28.7,31.5,4.035926,4.034,4.037,3223,3251,0,0,0,0
2020-10-17T03:00:00Z,29,1.672414,1.212,1.907,0.227828,0.226,0.231,34,31.6,35.3,4.037,4.034,4.039,3252,3280,0,0,0,0
2020-10-17T04:00:00Z,30,1.498933,0.998,1.743,0.2277,0.226,0.23,34.336667,33.5,34.9,4.0368,4.034,4.039,3281,3310,0,0,0,0
2020-10-17T05:00:00Z,29,1.66369,1.118,1.927,0.226759,0.224,0.231,35.641379,34,36.7,4.037483,4.036,4.039,3311,3339,0,0,0,0
2020-10-17T06:00:00Z,30,1.069233,0.762,1.428,0.227133,0.226,0.23,35.233333,35,35.4,4.037567,4.037,4.04,3340,3369,0,0,0,0
2020-10-17T07:00:00Z,27,0.726926,0.369,1.184,0.228222,0.227,0.229,33.622222,32.9,35,4.037778,4.036,4.039,3370,3396,0,0,0,0
2020-10-17T08:00:00Z,30,0.219367,0,0.811,0.232467,0.229,0.235,29.87,28.4,32.7,4.036233,4.034,4.039,3399,3428,0,0,0,0
2020-10-17T09:00:00Z,28,0,0,0,0.234679,0.233,0.238,28.067857,27.9,28.3,4.034429,4.032,4.036,3429,3457,0,0,0,0
2020-10-17T10:00:00Z,28,0,0,0,0.234821,0.233,0.236,27.675,27.5,28.1,4.034357,4.032,4.036,3458,3487,0,0,0,0
2020-10-17T11:00:00Z,29,0,0,0,0.234759,0.234,0.237,27.575862,27.5,27.6,4.033241,4.032,4.036,3488,3516,0,0,0,0
2020-10-17T12:00:00Z,28,0,0,0,0.234929,0.234,0.237,27.875,27.5,28.2,4.033429,4.032,4.036,3517,3545,0,0,0,0
2020-10-17T13:00:00Z,30,0,0,0,0.234533,0.233,0.236,28.003333,27.9,28.1,4.032667,4.031,4.036,3546,3575,0,0,0,0
2020-10-17T14:00:00Z,27,0,0,0,0.234148,0.233,0.236,28.185185,28.1,28.7,4.033111,4.031,4.036,3576,3604,0,0,0,0
2020-10-17T15:00:00Z,30,0,0,0,0.2344,0.233,0.237,28.043333,27.4,28.8,4.032933,4.032,4.034,3605,3634,0,0,0,0
2020-10-17T16:00:00Z,29,0,0,0,0.23531,0.234,0.237,27.382759,27.3,27.4,4.032034,4.031,4.034,3635,3663,0,0,0,0
2020-10-17T17:00:00Z,30,0,0,0,0.234967,0.234,0.236,27.54,27.3,27.9,4.032067,4.031,4.034,3664,3693,0,0,0,0
2020-10-17T18:00:00Z,29,0,0,0,0.234759,0.233,0.238,27.77931,27.7,28,4.031897,4.031,4.034,3694,3722,0,0,0,0
2020-10-17T19:00:00Z,30,0,0,0,0.234633,0.233,0.237,27.88,27.7,28,4.031733,4.031,4.032,3723,3752,0,0,0,0
2020-10-17T20:00:00Z,29,0,0,0,0.234586,0.233,0.237,27.851724,27.8,28,4.03131,4.031,4.032,3753,3781,0,0,0,0
2020-10-17T21:00:00Z,30,0,0,0,0.2347,0.233,0.237,27.8,27.3,28.1,4.030933,4.029,4.032,3782,3811,0,0,0,0
2020-10-17T22:00:00Z,29,0,0,0,0.23669,0.235,0.239,26.465517,26.3,27.2,4.030793,4.029,4.032,3812,3840,0,0,0,0
2020-10-17T23:00:00Z,30,0,0,0,0.236167,0.235,0.238,26.516667,26.3,26.8,4.0304,4.029,4.031,3841,3870,0,0,0,0
2020-10-18T00:00:00Z,29,0.036448,0,0.38,0.235552,0.234,0.238,27.165517,26.9,27.4,4.03069,4.029,4.032,3871,3899,0,0,0,0
2020-10-18T01:00:00Z,29,0.786276,0.4,1.22,0.233966,0.232,0.236,28.458621,27.4,30.1,4.030793,4.029,4.032,3900,3929,0,0,0,0
2020-10-18T02:00:00Z,28,1.422036,0.884,1.895,0.229964,0.227,0.233,32.292857,30.1,34.3,4.031214,4.029,4.032,3930,3958,0,0,0,0
2020-10-18T03:00:00Z,29,1.379379,0.918,1.731,0.228241,0.227,0.231,33.089655,32.7,34,4.03131,4.031,4.032,3959,3987,0,0,0,0
2020-10-18T04:00:00Z,30,1.397133,0.925,1.881,0.228133,0.227,0.229,33.813333,33.2,34.1,4.031267,4.029,4.032,3988,4017,0,0,0,0
2020-10-18T05:00:00Z,29,1.254655,0.972,1.369,0.228345,0.227,0.23,33.313793,33,33.8,4.030897,4.029,4.032,4018,4046,0,0,0,0
2020-10-18T06:00:00Z,30,0.826533,0.71,1.098,0.229867,0.228,0.233,32.083333,31.4,33,4.030467,4.029,4.031,4047,4076,0,0,0,0
2020-10-18T07:00:00Z,29,0.591103,0.524,0.708,0.231759,0.23,0.233,30.675862,30.1,31.4,4.029586,4.029,4.032,4077,4105,0,0,0,0
2020-10-18T08:00:00Z,30,0.415207,0.316,0.523,0.232633,0.231,0.234,30.01,29.7,30.1,4.0292,4.029,4.031,4106,4135,0,0,0,0
2020-10-18T09:00:00Z,29,0,0,0,0.233103,0.232,0.235,29.203448,28.7,29.7,4.029138,4.029,4.031,4136,4164,0,0,0,0
2020-10-18T10:00:00Z,30,0,0,0,0.233833,0.233,0.236,28.423333,28.1,28.7,4.029067,4.029,4.031,4165,4194,0,0,0,0
2020-10-18T11:00:00Z,29,0,0,0,0.234517,0.233,0.237,27.944828,27.7,28.1,4.028931,4.027,4.029,4195,4223,0,0,0,0
2020-10-18T12:00:00Z,30,0,0,0,0.234233,0.233,0.237,27.87,27.7,28,4.028733,4.027,4.031,4224,4253,0,0,0,0
2020-10-18T13:00:00Z,29,0,0,0,0.234345,0.233,0.237,28.089655,28,28.3,4.028862,4.027,4.029,4254,4282,0,0,0,0
2020-10-18T14:00:00Z,30,0,0,0,0.234,0.233,0.236,28.443333,28.2,28.6,4.0288,4.027,4.029,4283,4312,0,0,0,0
2020-10-18T15:00:00Z,29,0,0,0,0.234,0.233,0.236,28.175862,28.1,28.4,4.028862,4.027,4.029,4313,4341,0,0,0,0
2020-10-18T16:00:00Z,30,0,0,0,0.234067,0.233,0.236,28.3,28,28.5,4.028933,4.027,4.029,4342,4371,0,0,0,0
2020-10-18T17:00:00Z,29,0,0,0,0.233862,0.233,0.235,28.544828,28.3,28.6,4.028793,4.027,4.029,4372,4400,0,0,0,0
2020-10-18T18:00:00Z,29,0,0,0,0.234621,0.233,0.237,28.127586,28,28.3,4.028793,4.027,4.031,4401,4430,0,0,0,0
2020-10-18T19:00:00Z,29,0,0,0,0.233759,0.233,0.235,28.544828,28.1,28.7,4.028586,4.027,4.029,4431,4459,0,0,0,0
2020-10-18T20:00:00Z,30,0,0,0,0.2341,0.233,0.236,28.636667,28.6,28.7,4.0284,4.027,4.029,4460,4489,0,0,0,0
2020-10-18T21:00:00Z,29,0,0,0,0.234,0.233,0.236,28.6,28.6,28.6,4.028172,4.027,4.029,4490,4518,0,0,0,0
2020-10-18T22:00:00Z,30,0,0,0,0.234133,0.233,0.236,28.63,28.6,28.7,4.027933,4.027,4.029,4519,4548,0,0,0,0
2020-10-18T23:00:00Z,29,0.145414,0,0.446,0.234034,0.233,0.237,28.658621,28.6,28.8,4.027483,4.027,4.029,4549,4577,0,0,0,0
2020-10-19T00:00:00Z,29,0.813241,0.47,1.075,0.232207,0.23,0.234,30.151724,28.8,31.5,4.027897,4.027,4.029,4578,4606,0,0,0,0
2020-10-19T01:00:00Z,30,1.049533,0.729,1.33,0.229067,0.228,0.234,32.746667,31.5,34,4.0284,4.027,4.029,4607,4636,0,0,0,0
2020-10-19T02:00:00Z,29,1.359483,0.974,1.523,0.22769,0.227,0.229,34.389655,33.9,35.1,4.028655,4.027,4.031,4637,4665,0,0,0,0
2020-10-19T03:00:00Z,30,1.280967,0.713,1.781,0.2259,0.223,0.229,36.023333,34.9,37.3,4.028933,4.027,4.029,4666,4695,0,0,0,0
2020-10-19T04:00:00Z,28,1.425321,0.877,1.876,0.224679,0.223,0.227,37.246429,35.4,38.3,4.028929,4.027,4.029,4696,4724,0,0,0,0
2020-10-19T05:00:00Z,30,1.3056,0.795,1.669,0.2254,0.223,0.228,36.5,35.5,38,4.028333,4.027,4.029,4725,4754,0,0,0,0
2020-10-19T06:00:00Z,29,1.293724,0.862,1.951,0.225207,0.223,0.229,36.634483,35.5,38.9,4.028793,4.027,4.029,4755,4783,0,0,0,0
2020-10-19T07:00:00Z,23,0.956174,0.444,1.338,0.226087,0.223,0.228,36.065217,34.1,38.1,4.028043,4.027,4.029,4784,4813,0,0,0,0
2020-10-19T08:00:00Z,29,0.663931,0.506,1.044,0.228379,0.227,0.231,34.051724,34,34.3,4.02769,4.027,4.029,4814,4842,0,0,0,0
2020-10-19T09:00:00Z,28,0.301857,0,0.579,0.228929,0.228,0.232,33.485714,32.7,34,4.027357,4.027,4.029,4843,4871,0,0,0,0
2020-10-19T10:00:00Z,29,0,0,0,0.229621,0.228,0.233,32.234483,31.4,32.7,4.027069,4.027,4.029,4872,4900,0,0,0,0
2020-10-19T11:00:00Z,29,0,0,0,0.231276,0.23,0.233,31.348276,31.3,31.4,4.026931,4.026,4.027,4902,4930,0,0,0,0
2020-10-19T12:00:00Z,29,0,0,0,0.231759,0.23,0.234,31.162069,30.8,31.3,4.027,4.026,4.029,4931,4960,0,0,0,0
2020-10-19T13:00:00Z,29,0,0,0,0.232,0.231,0.234,30.47931,30.2,30.7,4.026655,4.026,4.027,4961,4989,0,0,0,0
2020-10-19T14:00:00Z,26,0,0,0,0.231692,0.23,0.233,31.215385,30.6,31.8,4.026692,4.026,4.027,4990,5019,0,0,0,0
2020-10-19T15:00:00Z,29,0,0,0,0.231241,0.23,0.233,31.286207,30.8,31.6,4.026517,4.024,4.027,5020,5048,0,0,0,0
2020-10-19T16:00:00Z,30,0,0,0,0.232133,0.231,0.236,30.506667,30.1,30.7,4.026667,4.026,4.027,5049,5078,0,0,0,0
2020-10-19T17:00:00Z,29,0,0,0,0.235034,0.231,0.238,27.768966,26.1,30.4,4.026345,4.026,4.027,5079,5107,0,0,0,0
2020-10-19T18:00:00Z,30,0,0,0,0.236667,0.235,0.239,26.55,26.2,27.1,4.025367,4.024,4.027,5108,5137,0,0,0,0
2020-10-19T19:00:00Z,29,0,0,0,0.235276,0.234,0.238,27.482759,27.2,28,4.025448,4.024,4.026,5138,5166,0,0,0,0
2020-10-19T20:00:00Z,29,0,0,0,0.234276,0.233,0.237,28.034483,27.9,28.1,4.025759,4.024,4.027,5167,5195,0,0,0,0
2020-10-19T21:00:00Z,30,0,0,0,0.234767,0.233,0.238,27.896667,27.6,28.1,4.025467,4.022,4.026,5196,5225,0,0,0,0
2020-10-19T22:00:00Z,29,0,0,0,0.235586,0.234,0.238,27.444828,27.4,27.6,4.024897,4.022,4.026,5226,5254,0,0,0,0
2020-10-19T23:00:00Z,30,0.2392,0,0.667,0.234767,0.233,0.237,27.843333,27.4,28.7,4.0245,4.022,4.027,5255,5284,0,0,0,0
2020-10-20T00:00:00Z,29,0.745241,0.68,0.833,0.232621,0.232,0.234,29.817241,28.8,30.5,4.024793,4.021,4.026,5285,5313,0,0,0,0
2020-10-20T01:00:00Z,30,0.892467,0.715,1.116,0.230367,0.228,0.233,31.796667,30.6,33.1,4.0254,4.024,4.027,5314,5343,0,0,0,0
2020-10-20T02:00:00Z,29,1.062172,0.808,1.43,0.227034,0.225,0.228,34.613793,33.4,36.1,4.025621,4.024,4.027,5344,5372,0,0,0,0
2020-10-20T03:00:00Z,30,1.0243,0.844,1.364,0.226267,0.224,0.228,35.796667,35.4,36.4,4.026,4.024,4.027,5373,5402,0,0,0,0
2020-10-20T04:00:00Z,28,1.227393,0.672,1.651,0.224786,0.223,0.228,37.121429,36,37.8,4.025571,4.024,4.026,5403,5431,0,0,0,0
2020-10-20T05:00:00Z,30,1.144267,0.866,1.712,0.2255,0.224,0.228,36.793333,36.1,37.5,4.024733,4.022,4.026,5432,5461,0,0,0,0
2020-10-20T06:00:00Z,28,1.06275,0.672,1.549,0.225321,0.223,0.228,36.589286,35.6,38,4.024786,4.022,4.026,5462,5490,0,0,0,0
2020-10-20T07:00:00Z,23,0.918087,0.649,1.115,0.226261,0.225,0.228,35.521739,35.4,36,4.024348,4.022,4.026,5491,5519,0,0,0,0
2020-10-20T08:00:00Z,30,0.6609,0.46,0.944,0.227333,0.225,0.229,35.106667,34.4,35.8,4.023367,4.021,4.024,5520,5549,0,0,0,0
2020-10-20T09:00:00Z,27,0.365519,0,0.682,0.228,0.227,0.23,34.111111,33.3,34.5,4.022519,4.021,4.024,5550,5578,0,0,0,0
2020-10-20T10:00:00Z,26,0,0,0,0.229231,0.228,0.232,32.557692,32.1,33.3,4.022077,4.021,4.024,5579,5607,0,0,0,0
2020-10-20T11:00:00Z,30,0,0,0,0.2305,0.229,0.234,31.823333,31.6,32.1,4.021167,4.019,4.022,5608,5637,0,0,0,0
2020-10-20T12:00:00Z,29,0,0,0,0.231621,0.23,0.233,30.917241,30.6,31.6,4.020931,4.017,4.022,5638,5666,0,0,0,0
2020-10-20T13:00:00Z,26,0,0,0,0.231423,0.229,0.233,31.265385,30.6,31.6,4.020846,4.019,4.022,5667,5696,0,0,0,0
2020-10-20T14:00:00Z,26,0,0,0,0.2315,0.23,0.233,30.926923,30.3,31.5,4.019923,4.017,4.022,5697,5724,0,0,0,0
2020-10-20T15:00:00Z,29,0,0,0,0.231483,0.23,0.233,30.951724,30.7,31.3,4.019414,4.017,4.021,5727,5755,0,0,0,0
2020-10-20T16:00:00Z,29,0,0,0,0.231414,0.231,0.233,31.117241,30.5,31.3,4.018448,4.017,4.021,5756,5784,0,0,0,0
2020-10-20T17:00:00Z,28,0,0,0,0.231857,0.231,0.233,30.428571,30.2,30.8,4.017321,4.014,4.019,5785,5813,0,0,0,0
2020-10-20T18:00:00Z,30,0,0,0,0.232467,0.232,0.234,30.103333,30,30.2,4.016867,4.016,4.019,5814,5843,0,0,0,0
2020-10-20T19:00:00Z,29,0,0,0,0.232759,0.232,0.234,29.87931,29.5,30.1,4.016897,4.014,4.019,5844,5872,0,0,0,0
2020-10-20T20:00:00Z,30,0,0,0,0.2331,0.232,0.236,29.366667,29.1,29.6,4.0154,4.014,4.017,5873,5902,0,0,0,0
2020-10-20T21:00:00Z,29,0,0,0,0.233379,0.232,0.237,29.151724,29,29.3,4.015552,4.012,4.017,5903,5931,0,0,0,0
2020-10-20T22:00:00Z,30,0,0,0,0.233467,0.232,0.236,29.15,28.9,29.4,4.014033,4.011,4.016,5932,5961,0,0,0,0
2020-10-20T23:00:00Z,29,0.069,0,0.436,0.233345,0.233,0.236,29.196552,28.9,29.8,4.013517,4.011,4.016,5962,5990,0,0,0,0
2020-10-21T00:00:00Z,30,0.682167,0.444,1.048,0.232,0.231,0.233,30.42,29.9,31.3,4.013367,4.011,4.016,5991,6020,0,0,0,0
2020-10-21T01:00:00Z,29,0.961586,0.485,1.274,0.230069,0.228,0.232,31.772414,31.3,32.6,4.013552,4.011,4.016,6021,6049,0,0,0,0
2020-10-21T02:00:00Z,30,1.0254,0.464,1.495,0.229267,0.228,0.232,32.783333,32.5,33.5,4.0135,4.012,4.017,6050,6079,0,0,0,0
2020-10-21T03:00:00Z,29,1.163414,0.761,1.564,0.227862,0.226,0.232,34.144828,32.7,35.3,4.013828,4.012,4.017,6080,6108,0,0,0,0
2020-10-21T04:00:00Z,29,1.194103,0.787,1.731,0.226207,0.224,0.23,35.862069,34.9,36.7,4.013483,4.011,4.016,6109,6137,0,0,0,0
2020-10-21T05:00:00Z,29,1.068172,0.782,1.317,0.225448,0.224,0.228,36.503448,35.8,36.8,4.013069,4.011,4.016,6139,6167,0,0,0,0
2020-10-21T06:00:00Z,26,0.891846,0.392,1.384,0.226808,0.225,0.229,35.565385,34.5,36.6,4.012,4.011,4.014,6168,6195,0,0,0,0
2020-10-21T07:00:00Z,24,0.353217,0,0.89,0.228458,0.228,0.232,33.579167,32.6,34.5,4.011125,4.007,4.012,6197,6226,0,0,0,0
2020-10-21T08:00:00Z,29,0,0,0,0.230345,0.229,0.233,31.744828,31.3,32.6,4.010345,4.007,4.012,6227,6255,0,0,0,0
2020-10-21T09:00:00Z,30,0,0,0,0.2332,0.232,0.236,29.556667,29.2,31,4.0096,4.007,4.011,6256,6285,0,0,0,0
2020-10-21T10:00:00Z,29,0,0,0,0.233207,0.232,0.236,29.575862,29.3,29.8,4.008655,4.007,4.011,6286,6314,0,0,0,0
2020-10-21T11:00:00Z,30,0,0,0,0.2332,0.232,0.236,29.183333,28.7,29.8,4.007733,4.007,4.009,6315,6344,0,0,0,0
2020-10-21T12:00:00Z,29,0,0,0,0.232931,0.232,0.235,29.844828,29.2,30.1,4.006759,4.006,4.007,6345,6373,0,0,0,0
2020-10-21T13:00:00Z,30,0,0,0,0.232833,0.232,0.235,29.643333,29.1,30,4.006533,4.006,4.007,6374,6403,0,0,0,0
2020-10-21T14:00:00Z,24,0,0,0,0.233417,0.233,0.236,29.279167,29.1,29.9,4.005625,4.003,4.007,6405,6432,0,0,0,0
2020-10-21T15:00:00Z,29,0,0,0,0.232759,0.231,0.235,29.941379,29.6,30.1,4.005931,4.004,4.007,6433,6461,0,0,0,0
2020-10-21T16:00:00Z,30,0,0,0,0.2326,0.231,0.234,29.956667,29.8,30,4.004133,4.003,4.006,6462,6491,0,0,0,0
2020-10-21T17:00:00Z,29,0,0,0,0.232621,0.232,0.234,30.093103,30,30.1,4.00431,4.003,4.006,6492,6520,0,0,0,0
2020-10-21T18:00:00Z,30,0,0,0,0.233067,0.232,0.235,29.853333,29.6,30.1,4.003433,4.001,4.004,6521,6550,0,0,0,0
2020-10-21T19:00:00Z,29,0,0,0,0.233138,0.232,0.235,29.596552,29.5,29.7,4.002897,4.001,4.004,6551,6579,0,0,0,0
2020-10-21T20:00:00Z,30,0,0,0,0.233033,0.232,0.234,29.37,29.3,29.5,4.001733,4.001,4.003,6580,6609,0,0,0,0
2020-10-21T21:00:00Z,29,0,0,0,0.233207,0.232,0.236,29.117241,29.1,29.3,4.001207,3.999,4.003,6610,6638,0,0,0,0
2020-10-21T22:00:00Z,30,0,0,0,0.233467,0.233,0.236,28.98,28.9,29.1,4.000933,3.999,4.003,6639,6668,0,0,0,0
2020-10-21T23:00:00Z,29,0.065207,0,0.475,0.233621,0.233,0.237,28.762069,28.6,29.2,3.999828,3.999,4.001,6669,6697,0,0,0,0
2020-10-22T00:00:00Z,30,0.592667,0.372,0.867,0.232567,0.231,0.234,30.083333,29.1,30.7,3.999467,3.998,4.001,6698,6727,0,0,0,0
2020-10-22T01:00:00Z,29,0.693517,0.542,0.857,0.231069,0.228,0.233,31.148276,30.4,32.6,3.999207,3.999,4.001,6728,6756,0,0,0,0
2020-10-22T02:00:00Z,30,0.882233,0.629,1.166,0.2274,0.225,0.229,34.356667,32.7,36.2,3.999133,3.998,4.001,6757,6786,0,0,0,0
2020-10-22T03:00:00Z,29,1.233655,0.833,1.553,0.22469,0.223,0.228,37.27931,36.5,37.9,3.999069,3.999,4.001,6787,6815,0,0,0,0
2020-10-22T04:00:00Z,28,1.029964,0.843,1.285,0.224786,0.223,0.228,37.321429,36.7,37.9,3.998786,3.998,3.999,6816,6844,0,0,0,0
2020-10-22T05:00:00Z,28,1.171821,0.684,1.541,0.2255,0.224,0.228,36.757143,36.3,37.4,3.998286,3.996,3.999,6845,6874,0,0,0,0
2020-10-22T06:00:00Z,28,1.072,0.672,1.441,0.225143,0.223,0.228,36.785714,35.8,38,3.997893,3.996,3.999,6875,6903,0,0,0,0
2020-10-22T07:00:00Z,27,1.011037,0.497,1.417,0.224852,0.223,0.227,37.407407,36.6,38,3.997259,3.994,3.998,6904,6933,0,0,0,0
2020-10-22T08:00:00Z,28,0.931571,0.756,1.028,0.225964,0.224,0.228,36.735714,36.7,36.9,3.995357,3.994,3.998,6935,6962,0,0,0,0
2020-10-22T09:00:00Z,29,0.114828,0,0.693,0.227379,0.226,0.23,35.124138,34,36.7,3.994552,3.994,3.996,6963,6992,0,0,0,0
2020-10-22T10:00:00Z,26,0,0,0,0.228385,0.227,0.231,33.261538,32.6,34,3.993231,3.991,3.996,6993,7021,0,0,0,0
2020-10-22T11:00:00Z,29,0,0,0,0.229828,0.229,0.233,32.17931,31.8,32.6,3.990793,3.989,3.993,7022,7050,0,0,0,0
2020-10-22T12:00:00Z,26,0,0,0,0.23,0.229,0.233,31.792308,31.6,32.1,3.989885,3.988,3.993,7051,7080,0,0,0,0
2020-10-22T13:00:00Z,29,0,0,0,0.230759,0.229,0.233,31.468966,31.4,31.6,3.988276,3.986,3.991,7081,7109,0,0,0,0
2020-10-22T14:00:00Z,22,0,0,0,0.229545,0.228,0.233,32.340909,31.5,32.7,3.986227,3.983,3.988,7110,7138,0,0,0,0
2020-10-22T15:00:00Z,26,0,0,0,0.233731,0.229,0.238,28.834615,27,32.6,3.983269,3.981,3.986,7139,7167,0,0,0,0
2020-10-22T16:00:00Z,29,0,0,0,0.235621,0.234,0.239,27.07931,26.7,27.3,3.981793,3.979,3.984,7168,7196,0,0,0,0
2020-10-22T17:00:00Z,30,0,0,0,0.2344,0.233,0.237,27.59,27.4,27.8,3.9807,3.978,3.983,7197,7226,0,0,0,0
2020-10-22T18:00:00Z,28,0,0,0,0.234,0.233,0.236,28.271429,27.8,28.6,3.979357,3.978,3.981,7227,7255,0,0,0,0
2020-10-22T19:00:00Z,29,0,0,0,0.233724,0.233,0.236,28.548276,28.3,28.7,3.978483,3.978,3.979,7256,7284,0,0,0,0
2020-10-22T20:00:00Z,29,0,0,0,0.233207,0.232,0.235,28.813793,28.7,29,3.978172,3.976,3.979,7286,7314,0,0,0,0
2020-10-22T21:00:00Z,30,0,0,0,0.2335,0.233,0.236,28.786667,28.7,28.9,3.977467,3.976,3.978,7315,7344,0,0,0,0
2020-10-22T22:00:00Z,29,0,0,0,0.233276,0.233,0.234,28.727586,28.6,28.9,3.976276,3.976,3.978,7345,7373,0,0,0,0
2020-10-22T23:00:00Z,29,0.057103,0,0.339,0.233345,0.232,0.235,28.748276,28.7,29,3.975724,3.974,3.976,7374,7402,0,0,0,0
2020-10-23T00:00:00Z,30,0.6247,0.367,1.261,0.233033,0.231,0.235,29.74,29,30.6,3.975867,3.974,3.976,7403,7432,0,0,0,0
2020-10-23T01:00:00Z,29,0.86969,0.649,1.062,0.230793,0.229,0.233,31.344828,30.7,31.8,3.975862,3.974,3.976,7433,7461,0,0,0,0
2020-10-23T02:00:00Z,30,1.2947,0.848,1.643,0.227633,0.226,0.23,34.4,32,36,3.975467,3.974,3.976,7462,7491,0,0,0,0
2020-10-23T03:00:00Z,29,1.20869,0.854,1.653,0.225655,0.224,0.228,36.124138,35.3,37,3.975103,3.974,3.976,7492,7520,0,0,0,0
2020-10-23T04:00:00Z,27,1.329519,0.89,1.617,0.226037,0.223,0.229,35.655556,35.3,36.9,3.974741,3.974,3.976,7521,7550,0,0,0,0
2020-10-23T05:00:00Z,29,1.303966,0.971,1.832,0.224897,0.224,0.228,36.989655,36.5,37.9,3.974103,3.973,3.976,7551,7579,0,0,0,0
2020-10-23T06:00:00Z,28,1.017321,0.813,1.553,0.225286,0.224,0.228,36.778571,35.7,37.6,3.973821,3.973,3.974,7580,7607,0,0,0,0
2020-10-23T07:00:00Z,25,0.63168,0.339,1.313,0.22656,0.224,0.229,35.192,33.8,36.7,3.97284,3.97,3.974,7612,7638,0,0,0,0
2020-10-23T08:00:00Z,29,0.509448,0,0.654,0.228276,0.227,0.23,33.744828,33.4,34,3.970759,3.97,3.973,7639,7667,0,0,0,0
2020-10-23T09:00:00Z,28,0.0455,0,0.323,0.228964,0.228,0.231,32.778571,32.6,33.2,3.969429,3.966,3.971,7668,7697,0,0,0,0
2020-10-23T10:00:00Z,27,0,0,0,0.229778,0.228,0.233,32.040741,31.4,32.6,3.967296,3.965,3.97,7698,7726,0,0,0,0
2020-10-23T11:00:00Z,29,0,0,0,0.231276,0.23,0.233,31.272414,31,31.4,3.965655,3.965,3.968,7727,7756,0,0,0,0
2020-10-23T12:00:00Z,29,0,0,0,0.232034,0.23,0.234,30.448276,30.1,31.1,3.963552,3.96,3.966,7757,7785,0,0,0,0
2020-10-23T13:00:00Z,30,0,0,0,0.2319,0.23,0.234,30.263333,30.1,30.6,3.9616,3.96,3.965,7786,7815,0,0,0,0
2020-10-23T14:00:00Z,29,0,0,0,0.232034,0.231,0.233,30.489655,30.3,30.6,3.960138,3.958,3.961,7816,7844,0,0,0,0
2020-10-23T15:00:00Z,29,0,0,0,0.232379,0.231,0.234,30.065517,29.9,30.4,3.958759,3.956,3.96,7845,7873,0,0,0,0
2020-10-23T16:00:00Z,30,0,0,0,0.232633,0.232,0.235,30,30,30,3.957067,3.955,3.96,7874,7903,0,0,0,0
2020-10-23T17:00:00Z,29,0,0,0,0.232379,0.231,0.234,30.034483,30,30.1,3.955793,3.955,3.958,7904,7932,0,0,0,0
2020-10-23T18:00:00Z,30,0,0,0,0.2324,0.231,0.234,30.086667,30,30.1,3.953667,3.95,3.956,7933,7962,0,0,0,0
2020-10-23T19:00:00Z,29,0,0,0,0.232655,0.231,0.236,30.017241,30,30.1,3.951862,3.95,3.955,7963,7991,0,0,0,0
2020-10-23T20:00:00Z,30,0,0,0,0.232533,0.232,0.234,29.91,29.8,30,3.9503,3.948,3.953,7992,8021,0,0,0,0
2020-10-23T21:00:00Z,29,0,0,0,0.232552,0.232,0.234,29.737931,29.6,30,3.948759,3.948,3.951,8022,8050,0,0,0,0
2020-10-23T22:00:00Z,30,0,0,0,0.232567,0.231,0.235,29.8,29.7,29.9,3.947067,3.946,3.95,8051,8080,0,0,0,0
2020-10-23T23:00:00Z,29,0.037552,0,0.383,0.232862,0.232,0.235,29.496552,29.4,29.6,3.945966,3.945,3.948,8081,8109,0,0,0,0
2020-10-24T00:00:00Z,27,0.569704,0.392,0.866,0.232148,0.231,0.234,30.111111,29.6,30.7,3.944333,3.94,3.946,8110,8138,0,0,0,0
2020-10-24T01:00:00Z,28,1.121893,0.825,1.3,0.22975,0.228,0.233,32.171429,30.9,34,3.941643,3.94,3.945,8139,8168,0,0,0,0
2020-10-24T02:00:00Z,29,1.141828,0.803,1.474,0.226414,0.224,0.229,35.665517,34,36.8,3.941621,3.94,3.945,8169,8197,0,0,0,0
2020-10-24T03:00:00Z,29,1.143931,0.828,1.613,0.224966,0.223,0.23,37.231034,35.7,38.2,3.940931,3.94,3.943,8198,8226,0,0,0,0
2020-10-24T04:00:00Z,30,1.3586,0.946,1.958,0.224933,0.223,0.227,36.93,35.5,38.1,3.938967,3.935,3.941,8227,8256,0,0,0,0
2020-10-24T05:00:00Z,29,1.472207,1.018,1.789,0.224483,0.223,0.228,37.631034,36.9,38.4,3.937828,3.935,3.94,8257,8285,0,0,0,0
2020-10-24T06:00:00Z,30,1.2956,0.997,1.679,0.224433,0.223,0.226,37.333333,36.8,38,3.936767,3.935,3.938,8286,8315,0,0,0,0
2020-10-24T07:00:00Z,29,0.994414,0.728,1.336,0.225724,0.224,0.228,36,35.6,36.7,3.933966,3.932,3.937,8316,8344,0,0,0,0
2020-10-24T08:00:00Z,30,0.4206,0,0.839,0.227233,0.225,0.23,34.466667,33,35.6,3.931433,3.928,3.933,8345,8374,0,0,0,0
2020-10-24T09:00:00Z,29,0,0,0,0.229379,0.228,0.232,32.289655,31.8,32.9,3.928828,3.927,3.932,8375,8403,0,0,0,0
2020-10-24T10:00:00Z,30,0,0,0,0.230833,0.229,0.233,30.89,30.1,31.8,3.926133,3.923,3.928,8404,8433,0,0,0,0
2020-10-24T11:00:00Z,29,0,0,0,0.232345,0.231,0.233,30.072414,30,30.1,3.924241,3.923,3.927,8434,8462,0,0,0,0
2020-10-24T12:00:00Z,30,0,0,0,0.2325,0.231,0.234,29.9,29.6,30,3.923067,3.923,3.925,8463,8492,0,0,0,0
2020-10-24T13:00:00Z,29,0,0,0,0.232966,0.232,0.235,29.255172,29.1,29.6,3.922414,3.922,3.923,8493,8521,0,0,0,0
2020-10-24T14:00:00Z,27,0,0,0,0.232852,0.231,0.234,29.292593,29.1,29.5,3.922074,3.922,3.923,8522,8550,0,0,0,0
2020-10-24T15:00:00Z,30,0,0,0,0.232633,0.232,0.233,29.423333,29.3,29.7,3.921533,3.92,3.922,8551,8580,0,0,0,0
2020-10-24T16:00:00Z,29,0,0,0,0.232586,0.231,0.234,29.931034,29.8,30,3.920414,3.918,3.922,8581,8609,0,0,0,0
2020-10-24T17:00:00Z,29,0,0,0,0.232103,0.231,0.233,29.917241,29.7,30.1,3.919,3.917,3.92,8610,8639,0,0,0,0
2020-10-24T18:00:00Z,29,0,0,0,0.232862,0.232,0.234,29.586207,29.3,29.8,3.917241,3.915,3.92,8640,8668,0,0,0,0
2020-10-24T19:00:00Z,29,0,0,0,0.232897,0.232,0.234,29.375862,29.3,29.5,3.916448,3.913,3.918,8669,8697,0,0,0,0
2020-10-24T20:00:00Z,30,0,0,0,0.2327,0.232,0.234,29.526667,29.5,29.6,3.914833,3.912,3.917,8698,8727,0,0,0,0
2020-10-24T21:00:00Z,29,0,0,0,0.232897,0.232,0.235,29.231034,29.1,29.5,3.913586,3.912,3.917,8728,8756,0,0,0,0
2020-10-24T22:00:00Z,30,0,0,0,0.233133,0.232,0.235,28.923333,28.7,29.1,3.911767,3.908,3.913,8757,8786,0,0,0,0
2020-10-24T23:00:00Z,29,0.109862,0,0.485,0.233241,0.232,0.236,28.944828,28.7,29.6,3.909828,3.908,3.913,8787,8815,0,0,0,0
2020-10-25T00:00:00Z,30,0.6264,0.447,0.8,0.2316,0.229,0.233,30.73,29.8,31.4,3.909467,3.908,3.912,8816,8845,0,0,0,0
2020-10-25T01:00:00Z,29,1.171517,0.603,1.463,0.228931,0.227,0.233,33.065517,31.4,34.5,3.909966,3.908,3.913,8846,8874,0,0,0,0
2020-10-25T02:00:00Z,30,0.883567,0,1.705,0.228067,0.225,0.233,33.846667,29.6,35.6,3.909367,3.907,3.912,8875,8904,0,0,0,0
2020-10-25T03:00:00Z,27,1.140111,0.498,1.841,0.232741,0.23,0.234,29.3,28.3,31.9,3.905296,3.904,3.907,8905,8933,0,0,0,0
2020-10-25T04:00:00Z,29,1.224069,0.749,1.649,0.227552,0.226,0.229,34.158621,32.4,35.6,3.907,3.905,3.91,8934,8962,0,0,0,0
2020-10-25T05:00:00Z,30,1.233967,0.839,1.705,0.226767,0.224,0.23,35.03,34,36.9,3.906833,3.905,3.91,8963,8992,0,0,0,0
2020-10-25T06:00:00Z,29,0.999103,0.708,1.39,0.226862,0.224,0.228,34.665517,33.5,36.7,3.905621,3.904,3.908,8993,9021,0,0,0,0
2020-10-25T07:00:00Z,30,1.028667,0,1.563,0.226533,0.225,0.228,35.016667,33.2,35.5,3.9049,3.902,3.907,9022,9051,0,0,0,0
2020-10-25T08:00:00Z,29,0.166862,0,0.508,0.23069,0.228,0.233,31.12069,30.3,32.9,3.902,3.9,3.904,9052,9080,0,0,0,0
2020-10-25T09:00:00Z,30,0.384167,0,0.708,0.231667,0.23,0.233,30.633333,30.2,31.1,3.900667,3.9,3.902,9081,9110,0,0,0,0
2020-10-25T10:00:00Z,26,0,0,0,0.232423,0.231,0.233,29.996154,29.8,30.2,3.899808,3.899,3.902,9111,9138,0,0,0,0
2020-10-25T11:00:00Z,30,0,0,0,0.2322,0.231,0.233,30.016667,30,30.1,3.8993,3.897,3.9,9140,9169,0,0,0,0
2020-10-25T12:00:00Z,27,0,0,0,0.23263,0.232,0.234,29.959259,29.7,30.1,3.898815,3.897,3.9,9170,9198,0,0,0,0
2020-10-25T13:00:00Z,29,0,0,0,0.232241,0.231,0.233,30.072414,30,30.1,3.897483,3.895,3.899,9199,9227,0,0,0,0
2020-10-25T14:00:00Z,27,0,0,0,0.232704,0.232,0.234,30.02963,29.7,30.1,3.896481,3.895,3.897,9228,9257,0,0,0,0
2020-10-25T15:00:00Z,29,0,0,0,0.233,0.232,0.234,29.151724,28.7,29.7,3.895207,3.894,3.897,9258,9286,0,0,0,0
2020-10-25T16:00:00Z,30,0,0,0,0.2331,0.232,0.236,29.17,29,29.4,3.895167,3.894,3.897,9287,9316,0,0,0,0
2020-10-25T17:00:00Z,29,0,0,0,0.233241,0.233,0.236,28.865517,28.7,29.2,3.89431,3.894,3.895,9317,9345,0,0,0,0
2020-10-25T18:00:00Z,30,0,0,0,0.233533,0.232,0.236,28.66,28.6,28.7,3.894,3.892,3.895,9346,9375,0,0,0,0
2020-10-25T19:00:00Z,29,0,0,0,0.23369,0.233,0.235,28.634483,28.6,28.7,3.893448,3.892,3.894,9376,9404,0,0,0,0
2020-10-25T20:00:00Z,29,0,0,0,0.23369,0.233,0.235,28.610345,28.5,28.7,3.892828,3.89,3.894,9405,9433,0,0,0,0
2020-10-25T21:00:00Z,30,0,0,0,0.233433,0.233,0.236,28.733333,28.7,28.8,3.8918,3.89,3.894,9434,9463,0,0,0,0
2020-10-25T22:00:00Z,29,0,0,0,0.233828,0.233,0.235,28.334483,28.1,28.7,3.890241,3.887,3.892,9464,9492,0,0,0,0
2020-10-25T23:00:00Z,30,0.1261,0,0.488,0.233867,0.233,0.235,28.476667,28.2,29,3.8895,3.887,3.892,9493,9522,0,0,0,0
2020-10-26T00:00:00Z,29,0.540207,0.375,0.718,0.232483,0.231,0.234,30.003448,29.2,30.7,3.889897,3.887,3.892,9523,9551,0,0,0,0
2020-10-26T01:00:00Z,30,0.825467,0.677,0.971,0.230033,0.228,0.232,31.946667,30.8,33.6,3.891533,3.889,3.894,9552,9581,0,0,0,0
2020-10-26T02:00:00Z,29,1.037897,0.82,1.121,0.226759,0.224,0.229,35.537931,33.9,37,3.892897,3.89,3.894,9582,9610,0,0,0,0
2020-10-26T03:00:00Z,30,1.123233,0.78,1.49,0.224867,0.223,0.228,37.64,37.1,38.2,3.893767,3.892,3.895,9611,9640,0,0,0,0
2020-10-26T04:00:00Z,28,1.074893,0.79,1.699,0.225714,0.224,0.228,36.896429,36.6,37.3,3.892357,3.89,3.894,9641,9669,0,0,0,0
2020-10-26T05:00:00Z,30,1.177767,0.78,1.887,0.225,0.223,0.228,37.136667,35.9,38.3,3.892,3.89,3.894,9670,9699,0,0,0,0
2020-10-26T06:00:00Z,29,1.327276,0.971,1.766,0.223897,0.222,0.227,38.810345,37.4,40.7,3.89231,3.889,3.894,9700,9728,0,0,0,0
2020-10-26T07:00:00Z,29,0.713931,0.498,1.185,0.225724,0.222,0.229,36.624138,34.5,40.7,3.891345,3.889,3.894,9729,9758,0,0,0,0
2020-10-26T08:00:00Z,29,1.143621,0.767,1.472,0.227,0.225,0.229,35.513793,34.3,36.5,3.889586,3.887,3.892,9759,9787,0,0,0,0
2020-10-26T09:00:00Z,27,0.464111,0,0.995,0.227185,0.225,0.228,34.911111,33.3,35.6,3.890074,3.889,3.892,9788,9816,0,0,0,0
2020-10-26T10:00:00Z,30,0,0,0,0.2294,0.228,0.231,32.503333,31.8,33.2,3.888033,3.885,3.89,9817,9846,0,0,0,0
2020-10-26T11:00:00Z,29,0,0,0,0.231379,0.229,0.233,31.417241,31.3,31.8,3.886172,3.884,3.889,9847,9875,0,0,0,0
2020-10-26T12:00:00Z,29,0,0,0,0.231345,0.229,0.233,30.965517,30.7,31.3,3.884655,3.884,3.887,9876,9904,0,0,0,0
2020-10-26T13:00:00Z,28,0,0,0,0.231036,0.23,0.232,30.971429,30.6,31.3,3.883786,3.88,3.887,9906,9933,0,0,0,0
2020-10-26T14:00:00Z,26,0,0,0,0.230962,0.23,0.233,31.192308,30.8,31.4,3.883577,3.88,3.885,9935,9964,0,0,0,0
2020-10-26T15:00:00Z,29,0,0,0,0.230931,0.229,0.233,31.268966,30.9,31.4,3.882793,3.88,3.885,9965,9993,0,0,0,0
2020-10-26T16:00:00Z,30,0,0,0,0.231133,0.23,0.233,31.083333,30.7,31.4,3.883367,3.88,3.885,9994,10023,0,0,0,0
2020-10-26T17:00:00Z,28,0,0,0,0.23175,0.23,0.233,30.682143,30.2,31.4,3.882643,3.88,3.885,10024,10051,0,0,0,0
2020-10-26T18:00:00Z,30,0,0,0,0.232167,0.231,0.233,30.103333,30.1,30.2,3.881233,3.879,3.884,10052,10081,0,0,0,0
2020-10-26T19:00:00Z,29,0,0,0,0.232103,0.231,0.234,30.010345,29.9,30.1,3.880172,3.879,3.882,10082,10110,0,0,0,0
2020-10-26T20:00:00Z,30,0,0,0,0.2329,0.232,0.236,29.733333,29.3,30,3.879633,3.877,3.88,10111,10140,0,0,0,0
2020-10-26T21:00:00Z,29,0,0,0,0.23331,0.232,0.235,28.982759,28.7,29.3,3.878586,3.877,3.88,10141,10169,0,0,0,0
2020-10-26T22:00:00Z,29,0,0,0,0.234,0.233,0.236,28.648276,28.6,28.7,3.877828,3.875,3.88,10170,10198,0,0,0,0
2020-10-26T23:00:00Z,30,0.1555,0,0.524,0.233533,0.232,0.236,28.683333,28.6,29.1,3.8768,3.875,3.879,10199,10228,0,0,0,0
2020-10-27T00:00:00Z,29,0.733448,0.551,0.872,0.232483,0.231,0.234,29.917241,29.1,30.7,3.877759,3.875,3.879,10229,10257,0,0,0,0
2020-10-27T01:00:00Z,30,0.816433,0.752,0.962,0.2303,0.228,0.233,31.6,30.7,32.9,3.8783,3.875,3.88,10258,10287,0,0,0,0
2020-10-27T02:00:00Z,29,1.083,0.777,1.407,0.226897,0.225,0.23,35.296552,33.1,36.7,3.879966,3.879,3.882,10288,10316,0,0,0,0
2020-10-27T03:00:00Z,28,1.235929,0.844,1.668,0.226,0.225,0.228,36.257143,35.7,36.7,3.881536,3.879,3.884,10317,10346,0,0,0,0
2020-10-27T04:00:00Z,28,1.484964,1.095,1.736,0.225929,0.224,0.23,36.657143,36.4,36.8,3.881857,3.88,3.884,10347,10375,0,0,0,0
2020-10-27T05:00:00Z,30,1.357667,0.78,1.704,0.226167,0.224,0.228,36.193333,35.4,36.9,3.881467,3.88,3.884,10376,10405,0,0,0,0
2020-10-27T06:00:00Z,27,1.321481,0.759,1.481,0.226889,0.225,0.228,35.311111,35.1,35.4,3.880148,3.879,3.882,10406,10434,0,0,0,0
2020-10-27T07:00:00Z,29,1.263897,0.944,1.408,0.22631,0.225,0.228,35.413793,34.8,35.8,3.879828,3.879,3.882,10435,10464,0,0,0,0
2020-10-27T08:00:00Z,29,0.725207,0.497,1.048,0.228069,0.227,0.23,34.158621,33.3,34.7,3.879138,3.877,3.882,10465,10493,0,0,0,0
2020-10-27T09:00:00Z,6,0.430167,0.419,0.474,0.229333,0.228,0.23,33.033333,32.9,33.2,3.879333,3.879,3.88,10494,10499,0,0,0,0
2020-10-28T02:00:00Z,7,1.057429,1.021,1.116,0.228714,0.228,0.231,32.614286,32.6,32.7,3.851286,3.851,3.852,10928,10934,0,0,0,0
2020-10-28T03:00:00Z,9,1.109111,0.918,1.18,0.228444,0.228,0.229,32.677778,32.6,32.7,3.852111,3.851,3.854,10935,10943,0,0,0,0
2020-10-28T09:00:00Z,26,0.259846,0,0.569,0.229615,0.228,0.231,32.065385,31.7,32.7,3.839308,3.838,3.841,11086,11111,0,0,0,0
2020-10-28T10:00:00Z,29,0,0,0,0.231414,0.229,0.233,30.810345,30.1,31.6,3.839207,3.838,3.841,11112,11140,0,0,0,0
2020-10-28T11:00:00Z,30,0,0,0,0.231633,0.23,0.233,30.27,30.1,30.6,3.838733,3.838,3.841,11141,11170,0,0,0,0
2020-10-28T12:00:00Z,28,0,0,0,0.232214,0.231,0.235,30.089286,30,30.1,3.838429,3.836,3.841,11171,11199,0,0,0,0
2020-10-28T13:00:00Z,30,0,0,0,0.2329,0.232,0.235,29.563333,29.4,30,3.8372,3.836,3.839,11200,11229,0,0,0,0
2020-10-28T14:00:00Z,26,0,0,0,0.232615,0.231,0.235,29.715385,29,30.1,3.836731,3.833,3.838,11230,11258,0,0,0,0
2020-10-28T15:00:00Z,30,0,0,0,0.233433,0.233,0.236,28.77,28.7,29,3.835633,3.833,3.838,11259,11288,0,0,0,0
2020-10-28T16:00:00Z,29,0,0,0,0.233069,0.232,0.234,28.886207,28.8,29,3.834931,3.833,3.838,11289,11317,0,0,0,0
2020-10-28T17:00:00Z,30,0,0,0,0.233433,0.233,0.235,28.763333,28.6,29,3.8346,3.833,3.838,11318,11347,0,0,0,0
2020-10-28T18:00:00Z,25,0,0,0,0.23368,0.233,0.235,28.628,28.6,28.7,3.83364,3.833,3.836,11348,11375,0,0,0,0
2020-10-28T19:00:00Z,30,0,0,0,0.233467,0.232,0.235,28.64,28.6,28.7,3.833433,3.831,3.834,11376,11405,0,0,0,0
2020-10-28T20:00:00Z,29,0,0,0,0.233655,0.233,0.235,28.593103,28.5,28.7,3.832552,3.829,3.834,11406,11434,0,0,0,0
2020-10-28T21:00:00Z,30,0,0,0,0.233633,0.233,0.235,28.546667,28.4,28.6,3.832,3.829,3.833,11435,11464,0,0,0,0
2020-10-28T22:00:00Z,29,0,0,0,0.233586,0.233,0.235,28.586207,28.5,28.6,3.830828,3.829,3.834,11465,11493,0,0,0,0
2020-10-28T23:00:00Z,30,0.061767,0,0.433,0.233567,0.232,0.236,28.8,28.6,29.3,3.83,3.829,3.833,11494,11523,0,0,0,0
2020-10-29T00:00:00Z,29,0.697517,0.446,1.344,0.231931,0.23,0.233,30.251724,29.3,31.7,3.831483,3.829,3.833,11524,11552,0,0,0,0
2020-10-29T01:00:00Z,30,1.1099,0.762,1.385,0.228433,0.227,0.23,33.233333,32,34.7,3.8325,3.831,3.834,11553,11582,0,0,0,0
2020-10-29T02:00:00Z,29,1.103138,0.882,1.407,0.227034,0.226,0.229,34.924138,34.4,35.3,3.83269,3.831,3.834,11583,11611,0,0,0,0
2020-10-29T03:00:00Z,29,1.293724,0.554,1.904,0.225207,0.223,0.228,37.248276,34.7,38.7,3.833138,3.831,3.836,11612,11640,0,0,0,0
2020-10-29T04:00:00Z,30,1.120867,0.677,1.713,0.2243,0.223,0.228,37.466667,36.7,38,3.832967,3.829,3.834,11641,11670,0,0,0,0
2020-10-29T05:00:00Z,29,1.262448,0.836,1.643,0.223759,0.223,0.227,38.07931,37.1,38.8,3.83231,3.831,3.834,11671,11699,0,0,0,0
2020-10-29T06:00:00Z,30,0.847,0.503,1.323,0.2263,0.223,0.23,35.6,32.3,37.8,3.830867,3.828,3.834,11700,11729,0,0,0,0
2020-10-29T07:00:00Z,29,0.203793,0,0.69,0.231138,0.229,0.233,30.827586,30,32,3.828207,3.826,3.831,11730,11758,0,0,0,0
2020-10-29T08:00:00Z,30,0.138433,0,0.367,0.232467,0.231,0.236,30.053333,30,30.1,3.8272,3.824,3.829,11759,11788,0,0,0,0
2020-10-29T09:00:00Z,29,0.095241,0,0.36,0.232448,0.231,0.234,30.031034,29.9,30.1,3.826069,3.824,3.828,11789,11817,0,0,0,0
2020-10-29T10:00:00Z,30,0,0,0,0.2326,0.231,0.236,29.653333,29.5,29.9,3.825367,3.823,3.828,11818,11847,0,0,0,0
2020-10-29T11:00:00Z,29,0,0,0,0.233172,0.232,0.236,29.17931,28.9,29.5,3.824483,3.823,3.826,11848,11876,0,0,0,0
2020-10-29T12:00:00Z,30,0,0,0,0.233467,0.233,0.235,28.606667,28.3,28.9,3.823533,3.823,3.826,11877,11906,0,0,0,0
2020-10-29T13:00:00Z,29,0,0,0,0.233897,0.233,0.236,28.382759,28.1,28.6,3.823345,3.821,3.826,11907,11935,0,0,0,0
2020-10-29T14:00:00Z,30,0,0,0,0.2336,0.233,0.236,28.17,28.1,28.3,3.8228,3.821,3.824,11936,11965,0,0,0,0
2020-10-29T15:00:00Z,29,0,0,0,0.234207,0.233,0.236,28.068966,27.9,28.3,3.822276,3.821,3.824,11966,11994,0,0,0,0
2020-10-29T16:00:00Z,30,0,0,0,0.233867,0.233,0.236,28.28,28.1,28.4,3.821933,3.819,3.823,11995,12024,0,0,0,0
2020-10-29T17:00:00Z,29,0,0,0,0.233759,0.233,0.236,28.262069,28.1,28.5,3.821379,3.819,3.824,12025,12053,0,0,0,0
2020-10-29T18:00:00Z,29,0,0,0,0.233759,0.233,0.236,28.151724,28.1,28.4,3.821241,3.818,3.823,12054,12082,0,0,0,0
2020-10-29T19:00:00Z,30,0,0,0,0.2336,0.233,0.236,28.62,28.4,28.7,3.820533,3.819,3.823,12083,12112,0,0,0,0
2020-10-29T20:00:00Z,29,0,0,0,0.233586,0.233,0.235,28.496552,28.3,28.6,3.819724,3.818,3.821,12113,12141,0,0,0,0
2020-10-29T21:00:00Z,30,0,0,0,0.233867,0.233,0.236,28.146667,28,28.5,3.819533,3.818,3.821,12142,12171,0,0,0,0
2020-10-29T22:00:00Z,29,0,0,0,0.234414,0.233,0.236,27.7,27.5,28,3.819103,3.818,3.821,12172,12200,0,0,0,0
2020-10-29T23:00:00Z,30,0.142267,0,0.513,0.233833,0.233,0.236,28.11,27.5,29,3.818733,3.818,3.821,12201,12230,0,0,0,0
2020-10-30T00:00:00Z,29,0.546379,0.341,0.943,0.232379,0.231,0.235,29.97931,29.1,30.2,3.818759,3.818,3.819,12231,12259,0,0,0,0
2020-10-30T01:00:00Z,30,0.860533,0.524,1.399,0.230067,0.228,0.233,31.94,30.3,32.8,3.8192,3.818,3.821,12260,12289,0,0,0,0
2020-10-30T02:00:00Z,29,1.146552,0.583,1.69,0.228,0.227,0.231,34.144828,32.7,35.4,3.819966,3.819,3.821,12290,12318,0,0,0,0
2020-10-30T03:00:00Z,30,1.1872,0.787,1.74,0.225733,0.223,0.23,36.79,34.5,38.2,3.820533,3.819,3.823,12319,12348,0,0,0,0
2020-10-30T04:00:00Z,29,1.172276,0.606,1.546,0.22531,0.224,0.228,37.165517,36.5,37.8,3.82031,3.819,3.823,12349,12377,0,0,0,0
2020-10-30T05:00:00Z,25,0.82204,0.482,1.389,0.22668,0.225,0.228,35.924,35.4,36.7,3.8192,3.818,3.821,12378,12406,0,0,0,0
2020-10-30T06:00:00Z,29,0.859172,0.341,1.405,0.225828,0.224,0.229,36.862069,35.3,38,3.819207,3.818,3.823,12407,12435,0,0,0,0
2020-10-30T07:00:00Z,25,0.30944,0,0.766,0.22772,0.227,0.229,34.364,34,35.2,3.81864,3.818,3.821,12436,12465,0,0,0,0
2020-10-30T08:00:00Z,29,0.871172,0.344,1.408,0.226241,0.224,0.229,36.182759,34.2,37.3,3.819069,3.818,3.821,12466,12494,0,0,0,0
2020-10-30T09:00:00Z,29,0,0,0,0.231138,0.227,0.233,31.32069,30,35.5,3.818345,3.818,3.821,12495,12524,0,0,0,0
2020-10-30T10:00:00Z,28,0,0,0,0.232321,0.231,0.235,30.078571,30,30.1,3.817357,3.816,3.818,12525,12553,0,0,0,0
2020-10-30T11:00:00Z,29,0,0,0,0.231655,0.23,0.233,30.744828,30.1,31.4,3.816897,3.816,3.818,12554,12582,0,0,0,0
2020-10-30T12:00:00Z,28,0,0,0,0.231929,0.229,0.234,30.671429,30,31.4,3.816643,3.816,3.818,12583,12612,0,0,0,0
2020-10-30T13:00:00Z,29,0,0,0,0.233207,0.232,0.235,29.317241,29.1,29.7,3.816069,3.816,3.818,12613,12641,0,0,0,0
2020-10-30T14:00:00Z,30,0,0,0,0.232867,0.232,0.234,29.74,29.6,30.1,3.816,3.816,3.816,12642,12671,0,0,0,0
2020-10-30T15:00:00Z,29,0,0,0,0.232862,0.232,0.235,30.093103,30,30.1,3.815793,3.814,3.816,12672,12700,0,0,0,0
2020-10-30T16:00:00Z,30,0,0,0,0.2326,0.232,0.234,30.056667,30,30.1,3.8154,3.814,3.816,12701,12730,0,0,0,0
2020-10-30T17:00:00Z,29,0,0,0,0.232897,0.232,0.236,30.1,30.1,30.1,3.814828,3.814,3.816,12731,12759,0,0,0,0
2020-10-30T18:00:00Z,29,0,0,0,0.232897,0.232,0.234,29.965517,29.5,30.1,3.814621,3.813,3.816,12760,12788,0,0,0,0
2020-10-30T19:00:00Z,30,0,0,0,0.233367,0.232,0.235,29.416667,29.3,29.5,3.8139,3.813,3.816,12789,12818,0,0,0,0
2020-10-30T20:00:00Z,29,0,0,0,0.232862,0.232,0.233,29.541379,29.4,29.6,3.813621,3.813,3.816,12819,12847,0,0,0,0
2020-10-30T21:00:00Z,30,0,0,0,0.2331,0.232,0.235,29.57,29.5,29.6,3.812633,3.811,3.814,12848,12877,0,0,0,0
2020-10-30T22:00:00Z,29,0,0,0,0.233172,0.232,0.235,29.444828,29.3,29.6,3.812138,3.809,3.814,12878,12906,0,0,0,0
2020-10-30T23:00:00Z,30,0.221367,0,0.577,0.232633,0.231,0.234,29.97,29.5,30.6,3.811333,3.809,3.813,12907,12936,0,0,0,0
2020-10-31T00:00:00Z,29,0.548034,0.444,0.769,0.231448,0.23,0.233,31.213793,30.6,31.4,3.81131,3.808,3.813,12937,12965,0,0,0,0
2020-10-31T01:00:00Z,30,0.9248,0.639,1.441,0.229467,0.228,0.233,32.626667,31.6,34,3.8115,3.809,3.814,12966,12995,0,0,0,0
2020-10-31T02:00:00Z,29,1.314069,1.036,1.627,0.22669,0.225,0.229,36.186207,34.1,37.4,3.81231,3.811,3.814,12996,13024,0,0,0,0
2020-10-31T03:00:00Z,30,1.069167,0.747,1.694,0.226733,0.224,0.23,36.176667,35,37.4,3.812067,3.811,3.813,13025,13054,0,0,0,0
2020-10-31T04:00:00Z,29,1.177966,0.857,1.638,0.226345,0.224,0.229,36.589655,35.3,37.9,3.811448,3.809,3.814,13055,13083,0,0,0,0
2020-10-31T05:00:00Z,30,1.140633,0.879,1.53,0.225,0.223,0.228,37.806667,37.3,38.4,3.8113,3.809,3.814,13084,13113,0,0,0,0
2020-10-31T06:00:00Z,29,1.298241,0.951,1.75,0.224138,0.223,0.227,38.648276,38,39.6,3.812241,3.809,3.814,13114,13142,0,0,0,0
2020-10-31T07:00:00Z,30,0.845633,0.419,1.381,0.225167,0.223,0.228,37.606667,35.4,39.4,3.810667,3.809,3.813,13143,13172,0,0,0,0
2020-10-31T08:00:00Z,29,0.766276,0.429,0.997,0.227034,0.226,0.229,35.968966,35.2,36.7,3.809241,3.808,3.811,13173,13201,0,0,0,0
2020-10-31T09:00:00Z,30,0.319067,0,0.638,0.227833,0.226,0.231,34.963333,30.9,36.2,3.808467,3.806,3.809,13202,13231,0,0,0,0
2020-10-31T10:00:00Z,28,0,0,0,0.234036,0.233,0.235,28.6,27.3,30.2,3.805107,3.801,3.808,13232,13260,0,0,0,0
2020-10-31T11:00:00Z,30,0,0,0,0.236733,0.235,0.239,26.34,26.1,27.2,3.8021,3.8,3.805,13261,13290,0,0,0,0
2020-10-31T12:00:00Z,29,0,0,0,0.236448,0.235,0.238,26.8,26.2,27.3,3.801586,3.8,3.803,13291,13319,0,0,0,0
2020-10-31T13:00:00Z,29,0,0,0,0.235172,0.234,0.237,27.475862,27.3,27.8,3.800759,3.8,3.803,13320,13348,0,0,0,0
2020-10-31T14:00:00Z,30,0,0,0,0.234633,0.233,0.237,27.836667,27.7,28,3.799933,3.798,3.801,13349,13378,0,0,0,0
2020-10-31T15:00:00Z,29,0,0,0,0.234,0.233,0.236,28.327586,28,28.6,3.799034,3.796,3.801,13379,13407,0,0,0,0
2020-10-31T16:00:00Z,30,0,0,0,0.233967,0.233,0.236,28.76,28.4,29.4,3.798333,3.796,3.8,13408,13437,0,0,0,0
2020-10-31T17:00:00Z,29,0,0,0,0.233517,0.232,0.236,29.017241,28.5,29.6,3.797724,3.796,3.8,13438,13466,0,0,0,0
2020-10-31T18:00:00Z,30,0,0,0,0.2344,0.233,0.236,28.116667,28,28.4,3.796267,3.795,3.798,13467,13496,0,0,0,0
2020-10-31T19:00:00Z,29,0,0,0,0.233517,0.233,0.235,28.42069,28.1,28.6,3.795793,3.793,3.798,13497,13525,0,0,0,0
2020-10-31T20:00:00Z,30,0,0,0,0.2341,0.233,0.236,28.446667,28.1,28.6,3.7948,3.793,3.798,13526,13555,0,0,0,0
2020-10-31T21:00:00Z,29,0,0,0,0.234069,0.233,0.236,28.172414,27.7,28.6,3.793621,3.793,3.795,13556,13584,0,0,0,0
2020-10-31T22:00:00Z,30,0,0,0,0.234633,0.233,0.237,27.906667,27.7,28.1,3.7926,3.791,3.795,13585,13614,0,0,0,0
2020-10-31T23:00:00Z,29,0.065621,0,0.419,0.233724,0.233,0.236,28.524138,28.1,28.7,3.791655,3.79,3.795,13615,13643,0,0,0,0
2020-11-01T00:00:00Z,30,0.492733,0.339,0.936,0.2333,0.233,0.236,29.42,28.7,30.1,3.7908,3.79,3.791,13644,13673,0,0,0,0
2020-11-01T01:00:00Z,29,1.04731,0.582,1.285,0.230483,0.228,0.232,31.648276,30.1,33.4,3.790966,3.79,3.793,13674,13702,0,0,0,0
2020-11-01T02:00:00Z,29,1.120655,0.492,1.641,0.227862,0.226,0.231,34.737931,33.6,35.5,3.790897,3.79,3.793,13703,13731,0,0,0,0
2020-11-01T03:00:00Z,30,0.917233,0.628,1.548,0.2267,0.225,0.229,35.93,35,36.9,3.7906,3.79,3.791,13732,13761,0,0,0,0
2020-11-01T04:00:00Z,28,1.108393,0.844,1.625,0.225464,0.224,0.228,37.121429,36.7,37.7,3.790536,3.79,3.791,13762,13790,0,0,0,0
2020-11-01T05:00:00Z,30,1.001967,0.541,1.477,0.225933,0.224,0.229,37.08,36.6,38,3.7898,3.788,3.79,13791,13820,0,0,0,0
2020-11-01T06:00:00Z,29,0.910379,0.388,1.704,0.225241,0.223,0.228,37.217241,35.4,39.1,3.789034,3.786,3.79,13821,13849,0,0,0,0
2020-11-01T07:00:00Z,30,0.6052,0,1.415,0.227133,0.225,0.229,35.233333,34,36.7,3.7876,3.786,3.79,13850,13879,0,0,0,0
2020-11-01T08:00:00Z,29,0.636621,0,1.01,0.227276,0.226,0.23,35.131034,34.5,35.6,3.786448,3.783,3.788,13880,13908,0,0,0,0
2020-11-01T09:00:00Z,30,0.082767,0,0.551,0.228067,0.227,0.231,34.3,33.4,35.5,3.7854,3.783,3.788,13909,13938,0,0,0,0
2020-11-01T10:00:00Z,28,0,0,0,0.228929,0.228,0.23,32.796429,32.5,33.4,3.783321,3.78,3.785,13939,13967,0,0,0,0
2020-11-01T11:00:00Z,30,0,0,0,0.2301,0.229,0.232,31.806667,31.4,32.5,3.782,3.781,3.783,13968,13997,0,0,0,0
2020-11-01T12:00:00Z,28,0,0,0,0.231714,0.23,0.233,30.864286,30.3,31.4,3.781071,3.778,3.783,13998,14026,0,0,0,0
2020-11-01T13:00:00Z,29,0,0,0,0.231759,0.231,0.233,30.8,30.3,31.4,3.779069,3.776,3.783,14027,14055,0,0,0,0
2020-11-01T14:00:00Z,30,0,0,0,0.2324,0.231,0.234,30.136667,30.1,30.3,3.7771,3.775,3.78,14056,14085,0,0,0,0
2020-11-01T15:00:00Z,29,0,0,0,0.232966,0.232,0.235,29.627586,28.6,30.2,3.775483,3.772,3.778,14086,14114,0,0,0,0
2020-11-01T16:00:00Z,30,0,0,0,0.2349,0.233,0.238,27.723333,27.3,28.6,3.773533,3.772,3.775,14115,14144,0,0,0,0
2020-11-01T17:00:00Z,29,0,0,0,0.235207,0.234,0.238,27.468966,27.3,28,3.772,3.77,3.773,14145,14173,0,0,0,0
2020-11-01T18:00:00Z,30,0,0,0,0.234267,0.233,0.237,28.24,27.9,28.6,3.7706,3.768,3.772,14174,14203,0,0,0,0
2020-11-01T19:00:00Z,29,0,0,0,0.233655,0.233,0.236,28.768966,28.6,28.9,3.769448,3.768,3.772,14204,14232,0,0,0,0
2020-11-01T20:00:00Z,29,0,0,0,0.233517,0.233,0.235,28.8,28.7,28.9,3.767966,3.767,3.77,14233,14262,0,0,0,0
2020-11-01T21:00:00Z,29,0,0,0,0.234034,0.233,0.236,28.758621,28.6,29,3.767138,3.765,3.768,14263,14291,0,0,0,0
2020-11-01T22:00:00Z,30,0,0,0,0.234033,0.233,0.236,28.64,28.6,28.7,3.766133,3.765,3.767,14292,14321,0,0,0,0
2020-11-01T23:00:00Z,29,0.090207,0,0.426,0.233379,0.233,0.235,28.941379,28.7,29.4,3.765,3.763,3.767,14322,14350,0,0,0,0
2020-11-02T00:00:00Z,30,0.6064,0.446,0.864,0.232667,0.231,0.233,30,29.4,30.6,3.7646,3.763,3.765,14351,14380,0,0,0,0
2020-11-02T01:00:00Z,28,0.943393,0.651,1.407,0.230786,0.229,0.233,31.514286,30.6,32.6,3.763714,3.763,3.765,14381,14409,0,0,0,0
2020-11-02T02:00:00Z,30,1.160733,0.657,1.563,0.227833,0.227,0.23,34.383333,32.6,35.4,3.763,3.763,3.763,14410,14439,0,0,0,0
2020-11-02T03:00:00Z,29,0.849448,0.552,1.285,0.228552,0.227,0.231,33.610345,33,34.6,3.762586,3.762,3.763,14440,14468,0,0,0,0
2020-11-02T04:00:00Z,29,0.915414,0.646,1.285,0.227414,0.227,0.229,35.206897,34.1,36.2,3.762241,3.76,3.763,14469,14497,0,0,0,0
2020-11-02T05:00:00Z,30,1.135333,1.038,1.218,0.225567,0.224,0.228,37.386667,36.4,37.9,3.761933,3.76,3.763,14498,14527,0,0,0,0
2020-11-02T06:00:00Z,29,1.03969,0.959,1.082,0.225379,0.223,0.228,36.906897,36.7,37.2,3.76131,3.76,3.762,14528,14556,0,0,0,0
2020-11-02T07:00:00Z,30,1.2024,0.989,1.358,0.226567,0.224,0.228,35.62,34.9,36.7,3.758767,3.757,3.762,14557,14586,0,0,0,0
2020-11-02T08:00:00Z,29,0.630103,0.344,0.971,0.227966,0.227,0.23,33.937931,32.7,34.9,3.756966,3.755,3.76,14587,14615,0,0,0,0
2020-11-02T09:00:00Z,30,0.0221,0,0.339,0.229333,0.228,0.231,32.463333,32.1,32.7,3.754533,3.752,3.757,14616,14645,0,0,0,0
2020-11-02T10:00:00Z,29,0,0,0,0.230897,0.229,0.233,31.182759,30.6,32,3.752414,3.75,3.755,14646,14674,0,0,0,0
2020-11-02T11:00:00Z,30,0,0,0,0.231833,0.231,0.233,30.516667,30.3,30.7,3.750733,3.748,3.753,14675,14704,0,0,0,0
2020-11-02T12:00:00Z,29,0,0,0,0.231862,0.231,0.233,30.224138,30.1,30.5,3.749138,3.747,3.752,14705,14733,0,0,0,0
2020-11-02T13:00:00Z,30,0,0,0,0.232767,0.232,0.235,29.796667,29.6,30.1,3.747567,3.745,3.75,14734,14763,0,0,0,0
2020-11-02T14:00:00Z,29,0,0,0,0.232793,0.232,0.233,29.534483,29.4,29.7,3.745828,3.743,3.748,14764,14792,0,0,0,0
2020-11-02T15:00:00Z,29,0,0,0,0.232655,0.231,0.234,29.844828,29.6,30,3.744138,3.742,3.747,14793,14821,0,0,0,0
2020-11-02T16:00:00Z,30,0,0,0,0.232933,0.232,0.235,29.54,29.1,30,3.742333,3.742,3.745,14822,14851,0,0,0,0
2020-11-02T17:00:00Z,29,0,0,0,0.233138,0.232,0.235,29.02069,28.9,29.1,3.740655,3.74,3.743,14852,14880,0,0,0,0
2020-11-02T18:00:00Z,30,0,0,0,0.2331,0.232,0.235,29.233333,29,29.5,3.7393,3.737,3.74,14881,14910,0,0,0,0
2020-11-02T19:00:00Z,29,0,0,0,0.232586,0.231,0.234,29.47931,29.3,29.6,3.737207,3.735,3.739,14911,14939,0,0,0,0
2020-11-02T20:00:00Z,30,0,0,0,0.233333,0.232,0.236,29.186667,29,29.4,3.735933,3.734,3.739,14940,14969,0,0,0,0
2020-11-02T21:00:00Z,29,0,0,0,0.233069,0.232,0.234,29.034483,28.9,29.1,3.734552,3.732,3.737,14970,14998,0,0,0,0
2020-11-02T22:00:00Z,30,0,0,0,0.233267,0.232,0.235,28.73,28.7,28.9,3.732867,3.73,3.735,14999,15028,0,0,0,0
2020-11-02T23:00:00Z,29,0.088034,0,0.482,0.233172,0.232,0.235,29.210345,28.7,29.9,3.73069,3.729,3.732,15029,15057,0,0,0,0
2020-11-03T00:00:00Z,30,0.657867,0.477,1.044,0.231533,0.229,0.233,30.623333,30,31.4,3.729533,3.727,3.732,15058,15087,0,0,0,0
2020-11-03T01:00:00Z,29,0.898069,0.592,1.259,0.23,0.228,0.233,31.665517,31.3,32.5,3.727828,3.724,3.73,15088,15116,0,0,0,0
2020-11-03T02:00:00Z,29,1.083034,0.651,1.52,0.228103,0.226,0.231,33.575862,32.6,35.2,3.726379,3.725,3.729,15117,15145,0,0,0,0
2020-11-03T03:00:00Z,30,1.1711,0.839,1.545,0.226233,0.225,0.228,35.96,35.3,36.7,3.7252,3.722,3.729,15146,15175,0,0,0,0
2020-11-03T04:00:00Z,29,1.161552,0.708,1.6,0.226345,0.224,0.229,36.010345,35.4,36.9,3.723448,3.719,3.725,15176,15204,0,0,0,0
2020-11-03T05:00:00Z,30,1.086933,0.813,1.341,0.226333,0.225,0.228,36.036667,35.3,36.7,3.721033,3.719,3.722,15205,15234,0,0,0,0
2020-11-03T06:00:00Z,29,0.944379,0.711,1.418,0.22669,0.225,0.229,35.903448,35.3,37.6,3.719828,3.719,3.722,15235,15263,0,0,0,0
2020-11-03T07:00:00Z,30,0.801667,0.551,2.064,0.225567,0.223,0.228,36.61,34.5,39.3,3.7182,3.715,3.72,15264,15293,0,0,0,0
2020-11-03T08:00:00Z,29,0.809414,0.583,1.18,0.227379,0.226,0.23,35.024138,34.4,35.4,3.715793,3.714,3.717,15294,15322,0,0,0,0
2020-11-03T09:00:00Z,30,0.1741,0,0.575,0.227867,0.227,0.231,34.226667,33.5,35.3,3.7144,3.712,3.717,15323,15352,0,0,0,0
2020-11-03T10:00:00Z,29,0,0,0,0.229172,0.228,0.232,32.644828,32.1,33.4,3.713103,3.712,3.714,15353,15381,0,0,0,0
2020-11-03T11:00:00Z,30,0,0,0,0.230133,0.228,0.232,31.786667,31.6,32,3.712,3.712,3.712,15382,15411,0,0,0,0
2020-11-03T12:00:00Z,29,0,0,0,0.230966,0.229,0.233,31.327586,30.6,31.7,3.710897,3.71,3.712,15412,15440,0,0,0,0
2020-11-03T13:00:00Z,30,0,0,0,0.232233,0.231,0.234,30.26,30.1,30.6,3.71,3.71,3.71,15441,15470,0,0,0,0
2020-11-03T14:00:00Z,29,0,0,0,0.232448,0.231,0.234,30.041379,30,30.1,3.70969,3.709,3.71,15471,15499,0,0,0,0
2020-11-03T15:00:00Z,29,0,0,0,0.232448,0.231,0.234,30.041379,29.8,30.2,3.708552,3.707,3.71,15500,15528,0,0,0,0
2020-11-03T16:00:00Z,30,0,0,0,0.2324,0.231,0.234,30.016667,29.7,30.1,3.706567,3.704,3.709,15529,15558,0,0,0,0
2020-11-03T17:00:00Z,29,0,0,0,0.232,0.231,0.234,29.962069,29.8,30.1,3.704,3.702,3.706,15559,15587,0,0,0,0
2020-11-03T18:00:00Z,30,0,0,0,0.2328,0.232,0.235,29.543333,29.4,29.8,3.702033,3.699,3.704,15588,15617,0,0,0,0
2020-11-03T19:00:00Z,29,0,0,0,0.233172,0.231,0.236,29.265517,29.1,29.6,3.699207,3.696,3.702,15618,15646,0,0,0,0
2020-11-03T20:00:00Z,26,0,0,0,0.233269,0.232,0.237,28.976923,28.8,29.1,3.696692,3.692,3.701,15647,15676,0,0,0,0
2020-11-03T21:00:00Z,29,0,0,0,0.233448,0.233,0.236,28.886207,28.8,29,3.692379,3.686,3.697,15677,15705,0,0,0,0
2020-11-03T22:00:00Z,30,0,0,0,0.233,0.232,0.234,29.07,28.9,29.2,3.687667,3.684,3.691,15706,15735,0,0,0,0
2020-11-03T23:00:00Z,29,0.049143,0,0.367,0.233,0.232,0.234,29.341379,29,30,3.685138,3.682,3.687,15736,15764,0,0,0,0
2020-11-04T00:00:00Z,30,0.430138,0,0.908,0.232033,0.231,0.236,30.406667,30,31.3,3.6827,3.681,3.686,15765,15794,0,0,0,0
2020-11-04T01:00:00Z,29,0.691759,0.529,1.075,0.230724,0.229,0.233,31.389655,31.3,31.6,3.681793,3.681,3.684,15795,15823,0,0,0,0
2020-11-04T02:00:00Z,26,1.140769,0.851,1.563,0.227385,0.221,0.232,34.330769,32,35.5,3.680654,3.677,3.682,15824,15853,0,0,0,0
2020-11-04T03:00:00Z,29,1.190862,0.797,1.923,0.226966,0.224,0.231,35.258621,34,37.2,3.679345,3.679,3.681,15854,15882,0,0,0,0
2020-11-04T04:00:00Z,30,0.9339,0.438,1.728,0.226633,0.224,0.231,35.44,32.8,36.9,3.677833,3.676,3.681,15883,15912,0,0,0,0
2020-11-04T05:00:00Z,29,1.18731,0.734,1.741,0.227621,0.224,0.231,34.3,32.7,37.3,3.676345,3.674,3.679,15913,15941,0,0,0,0
2020-11-04T06:00:00Z,29,1.238966,0.889,1.622,0.22431,0.223,0.228,38.106897,37.4,38.8,3.67431,3.671,3.676,15942,15970,0,0,0,0
2020-11-04T07:00:00Z,30,0.8349,0.7,1.494,0.228467,0.223,0.233,33.093333,31.4,38,3.6718,3.669,3.676,15971,16000,0,0,0,0
2020-11-04T08:00:00Z,29,0.344034,0,0.795,0.229345,0.228,0.231,32.589655,32.1,32.7,3.66931,3.668,3.671,16001,16029,0,0,0,0
2020-11-04T09:00:00Z,30,0,0,0,0.230067,0.228,0.233,31.973333,31.5,32.6,3.667567,3.666,3.669,16030,16059,0,0,0,0
2020-11-04T10:00:00Z,29,0,0,0,0.230966,0.23,0.233,31.272414,30.9,31.5,3.666172,3.663,3.668,16060,16088,0,0,0,0
2020-11-04T11:00:00Z,30,0,0,0,0.2315,0.23,0.233,30.636667,30.5,30.9,3.663667,3.661,3.666,16089,16118,0,0,0,0
2020-11-04T12:00:00Z,29,0,0,0,0.231828,0.23,0.233,30.265517,30.1,30.5,3.662897,3.661,3.664,16119,16147,0,0,0,0
2020-11-04T13:00:00Z,30,0,0,0,0.232233,0.231,0.234,30.056667,30,30.1,3.660933,3.659,3.663,16148,16177,0,0,0,0
2020-11-04T14:00:00Z,29,0,0,0,0.232621,0.231,0.234,30.006897,30,30.1,3.659414,3.659,3.661,16178,16206,0,0,0,0
2020-11-04T15:00:00Z,30,0,0,0,0.232567,0.231,0.234,29.83,29.6,30.1,3.658833,3.658,3.659,16207,16236,0,0,0,0
2020-11-04T16:00:00Z,29,0,0,0,0.232724,0.231,0.234,29.710345,29.4,30.1,3.658379,3.658,3.659,16237,16265,0,0,0,0
2020-11-04T17:00:00Z,26,0,0,0,0.233,0.232,0.235,29.315385,29,29.5,3.657885,3.656,3.659,16266,16295,0,0,0,0
2020-11-04T18:00:00Z,29,0,0,0,0.233,0.232,0.235,29.210345,29.1,29.4,3.657586,3.656,3.658,16296,16324,0,0,0,0
2020-11-04T19:00:00Z,30,0,0,0,0.2332,0.232,0.237,29.043333,28.9,29.1,3.656133,3.654,3.658,16325,16354,0,0,0,0
2020-11-04T20:00:00Z,29,0,0,0,0.233414,0.233,0.236,28.72069,28.5,28.9,3.654517,3.651,3.656,16355,16383,0,0,0,0
2020-11-04T21:00:00Z,30,0,0,0,0.233433,0.233,0.235,28.426667,28.1,28.6,3.6526,3.649,3.654,16384,16413,0,0,0,0
2020-11-04T22:00:00Z,29,0,0,0,0.233724,0.232,0.236,28.148276,28.1,28.3,3.651448,3.649,3.654,16414,16442,0,0,0,0
2020-11-04T23:00:00Z,29,0.168069,0,0.436,0.233448,0.232,0.235,28.641379,28.2,29.4,3.649759,3.648,3.653,16443,16471,0,0,0,0
2020-11-05T00:00:00Z,30,0.544931,0.328,0.839,0.232067,0.23,0.233,30.083333,29.5,31.2,3.6481,3.646,3.651,16472,16501,0,0,0,0
2020-11-05T01:00:00Z,29,0.822966,0.561,1.123,0.22931,0.227,0.232,32.365517,31.3,33.9,3.646448,3.643,3.649,16502,16530,0,0,0,0
2020-11-05T02:00:00Z,30,1.079467,0.802,1.312,0.226733,0.225,0.232,35.423333,34,36.7,3.645133,3.643,3.648,16531,16560,0,0,0,0
2020-11-05T03:00:00Z,29,1.157172,0.828,1.469,0.225345,0.223,0.228,36.993103,35.6,37.9,3.644172,3.643,3.646,16561,16589,0,0,0,0
2020-11-05T04:00:00Z,30,1.274,0.911,1.566,0.224,0.221,0.228,37.94,37.8,38,3.6431,3.641,3.644,16590,16619,0,0,0,0
2020-11-05T05:00:00Z,29,1.205828,0.923,1.51,0.223862,0.223,0.227,38.048276,37.9,38.3,3.641897,3.641,3.643,16620,16648,0,0,0,0
2020-11-05T06:00:00Z,30,1.149333,0.761,1.745,0.223567,0.222,0.228,39.063333,38.2,40.3,3.640667,3.64,3.643,16649,16678,0,0,0,0
2020-11-05T07:00:00Z,29,0.633483,0.382,0.892,0.225759,0.223,0.228,36.531034,35.8,38.2,3.638621,3.636,3.641,16679,16707,0,0,0,0
2020-11-05T08:00:00Z,30,0.639467,0.449,0.911,0.226667,0.225,0.228,35.746667,35.3,36.5,3.636933,3.633,3.64,16708,16737,0,0,0,0
2020-11-05T09:00:00Z,29,0.012586,0,0.365,0.227621,0.226,0.23,34.513793,34,35.4,3.635207,3.633,3.636,16738,16766,0,0,0,0
2020-11-05T10:00:00Z,30,0,0,0,0.2284,0.227,0.23,33.526667,32.7,34,3.632967,3.631,3.636,16767,16796,0,0,0,0
2020-11-05T11:00:00Z,29,0,0,0,0.229483,0.228,0.232,32.268966,32,32.7,3.631586,3.63,3.635,16797,16825,0,0,0,0
2020-11-05T12:00:00Z,30,0,0,0,0.229567,0.228,0.231,32.073333,31.9,32.2,3.630167,3.628,3.631,16826,16855,0,0,0,0
2020-11-05T13:00:00Z,29,0,0,0,0.229897,0.229,0.233,31.810345,31.6,32.1,3.629241,3.626,3.631,16856,16884,0,0,0,0
2020-11-05T14:00:00Z,29,0,0,0,0.230241,0.229,0.233,31.493103,31.4,31.6,3.627345,3.625,3.628,16885,16913,0,0,0,0
2020-11-05T15:00:00Z,30,0,0,0,0.230767,0.229,0.233,31.373333,31.2,31.5,3.6254,3.623,3.628,16914,16943,0,0,0,0
2020-11-05T16:00:00Z,29,0,0,0,0.231276,0.23,0.233,30.82069,30.6,31.1,3.623828,3.621,3.626,16944,16972,0,0,0,0
2020-11-05T17:00:00Z,30,0,0,0,0.231633,0.23,0.233,30.236667,30.1,30.6,3.621633,3.618,3.625,16973,17002,0,0,0,0
2020-11-05T18:00:00Z,29,0,0,0,0.232138,0.231,0.233,30.1,30.1,30.1,3.619759,3.618,3.623,17003,17031,0,0,0,0
2020-11-05T19:00:00Z,30,0,0,0,0.232133,0.231,0.234,30.083333,30,30.1,3.6182,3.616,3.62,17032,17061,0,0,0,0
2020-11-05T20:00:00Z,29,0,0,0,0.232034,0.23,0.234,30.1,30.1,30.1,3.615828,3.613,3.618,17062,17090,0,0,0,0
2020-11-05T21:00:00Z,29,0,0,0,0.232034,0.231,0.234,30.096552,30,30.1,3.614828,3.611,3.616,17091,17119,0,0,0,0
2020-11-05T22:00:00Z,30,0,0,0,0.2325,0.23,0.234,30.016667,30,30.1,3.613267,3.611,3.616,17120,17149,0,0,0,0
2020-11-05T23:00:00Z,29,0.078241,0,0.4,0.232379,0.231,0.234,30.065517,30,30.1,3.611207,3.61,3.613,17150,17178,0,0,0,0
2020-11-06T00:00:00Z,30,0.331,0,0.441,0.231667,0.23,0.233,30.486667,30.1,30.7,3.6107,3.61,3.613,17179,17208,0,0,0,0
2020-11-06T01:00:00Z,29,0.577862,0.354,0.764,0.231379,0.229,0.233,30.982759,30.6,31.5,3.609034,3.608,3.611,17209,17237,0,0,0,0
2020-11-06T02:00:00Z,30,0.976,0.761,1.271,0.229333,0.228,0.233,32.456667,31.6,33.1,3.6078,3.607,3.608,17238,17267,0,0,0,0
2020-11-06T03:00:00Z,29,1.398379,1.197,1.669,0.227655,0.226,0.229,34.17931,33.2,35.3,3.607207,3.607,3.608,17268,17296,0,0,0,0
2020-11-06T04:00:00Z,30,1.476533,1.064,1.728,0.226533,0.225,0.229,35.53,35.4,35.8,3.6069,3.605,3.608,17297,17326,0,0,0,0
2020-11-06T05:00:00Z,29,1.333586,0.946,1.574,0.226448,0.225,0.228,35.803448,35.3,36.5,3.606517,3.605,3.607,17327,17355,0,0,0,0
2020-11-06T06:00:00Z,30,1.308067,1.207,1.389,0.2268,0.225,0.229,35.566667,35.3,35.9,3.6056,3.605,3.607,17356,17385,0,0,0,0
2020-11-06T07:00:00Z,29,0.929897,0.741,1.136,0.227069,0.226,0.23,35.162069,34.5,35.8,3.605138,3.605,3.607,17386,17414,0,0,0,0
2020-11-06T08:00:00Z,30,0.686133,0.498,0.844,0.227367,0.226,0.229,34.443333,34.3,34.6,3.603867,3.603,3.605,17415,17444,0,0,0,0
2020-11-06T09:00:00Z,29,0.239414,0,0.493,0.228517,0.227,0.231,33.158621,32.3,34.3,3.602828,3.602,3.603,17445,17473,0,0,0,0
2020-11-06T10:00:00Z,29,0,0,0,0.229897,0.229,0.231,31.713793,31.4,32.3,3.601586,3.6,3.603,17474,17502,0,0,0,0
2020-11-06T11:00:00Z,30,0,0,0,0.2313,0.229,0.233,30.823333,30,31.4,3.600767,3.598,3.603,17503,17532,0,0,0,0
2020-11-06T12:00:00Z,29,0,0,0,0.232586,0.232,0.234,29.844828,29.5,30,3.598724,3.597,3.602,17533,17561,0,0,0,0
2020-11-06T13:00:00Z,30,0,0,0,0.233033,0.232,0.235,29.413333,29.1,29.8,3.596833,3.595,3.598,17562,17591,0,0,0,0
2020-11-06T14:00:00Z,29,0,0,0,0.23331,0.232,0.235,28.924138,28.7,29.4,3.594759,3.592,3.597,17592,17620,0,0,0,0
2020-11-06T15:00:00Z,29,0,0,0,0.233276,0.233,0.236,28.689655,28.6,28.7,3.592793,3.588,3.597,17621,17650,0,0,0,0
2020-11-06T16:00:00Z,29,0,0,0,0.233276,0.233,0.236,28.651724,28.6,28.7,3.591414,3.59,3.593,17651,17679,0,0,0,0
2020-11-06T17:00:00Z,30,0,0,0,0.2337,0.233,0.236,28.453333,28.2,28.6,3.589133,3.588,3.59,17680,17709,0,0,0,0
2020-11-06T18:00:00Z,29,0,0,0,0.233379,0.233,0.236,28.196552,28.1,28.4,3.588552,3.587,3.59,17710,17738,0,0,0,0
2020-11-06T19:00:00Z,30,0,0,0,0.233667,0.233,0.236,28.16,28.1,28.3,3.5867,3.585,3.588,17739,17768,0,0,0,0
2020-11-06T20:00:00Z,29,0,0,0,0.23369,0.233,0.236,28.310345,28.1,28.5,3.584828,3.582,3.587,17769,17797,0,0,0,0
2020-11-06T21:00:00Z,30,0,0,0,0.233533,0.232,0.235,28.16,28.1,28.3,3.583667,3.583,3.585,17798,17827,0,0,0,0
2020-11-06T22:00:00Z,29,0,0,0,0.234069,0.233,0.237,27.975862,27.8,28.1,3.582862,3.582,3.585,17828,17856,0,0,0,0
2020-11-06T23:00:00Z,30,0.0329,0,0.339,0.233667,0.232,0.236,28.3,27.7,28.9,3.582267,3.582,3.583,17857,17886,0,0,0,0
2020-11-07T00:00:00Z,29,0.466828,0.341,0.88,0.232448,0.231,0.234,29.77931,29,30.9,3.581793,3.58,3.583,17887,17915,0,0,0,0
2020-11-07T01:00:00Z,30,0.790667,0.656,0.916,0.229033,0.227,0.232,32.57,31.3,34.4,3.5812,3.58,3.582,17916,17945,0,0,0,0
2020-11-07T02:00:00Z,29,0.987828,0.864,1.18,0.225759,0.224,0.228,36.265517,34.6,37.6,3.58069,3.58,3.582,17946,17974,0,0,0,0
2020-11-07T03:00:00Z,29,1.034759,0.587,1.464,0.226448,0.224,0.23,35.951724,35,36.9,3.579862,3.578,3.582,17975,18003,0,0,0,0
2020-11-07T04:00:00Z,30,1.134467,0.68,1.566,0.226367,0.224,0.229,36.033333,34.9,37.3,3.5781,3.577,3.58,18004,18033,0,0,0,0
2020-11-07T05:00:00Z,29,1.165207,1.021,1.381,0.22431,0.223,0.227,37.913793,37.4,38.1,3.578069,3.577,3.58,18034,18062,0,0,0,0
2020-11-07T06:00:00Z,30,1.1878,0.708,1.54,0.223833,0.222,0.228,38.613333,37.9,39.4,3.577533,3.577,3.578,18063,18092,0,0,0,0
2020-11-07T07:00:00Z,29,0.587931,0.492,0.854,0.228793,0.224,0.231,33.248276,31.7,38,3.577276,3.577,3.578,18093,18121,0,0,0,0
2020-11-07T08:00:00Z,30,0.675933,0.446,0.892,0.228133,0.227,0.232,33.853333,32.7,34.4,3.575767,3.574,3.577,18122,18151,0,0,0,0
2020-11-07T09:00:00Z,29,0.240897,0,0.505,0.228621,0.227,0.231,33.07931,32.3,34,3.575172,3.574,3.577,18152,18180,0,0,0,0
2020-11-07T10:00:00Z,30,0,0,0,0.231033,0.229,0.233,31.423333,30.8,32.2,3.573267,3.57,3.575,18181,18210,0,0,0,0
2020-11-07T11:00:00Z,29,0,0,0,0.231655,0.23,0.233,30.444828,30.1,30.8,3.571276,3.569,3.574,18211,18239,0,0,0,0
2020-11-07T12:00:00Z,30,0,0,0,0.231967,0.231,0.233,30.213333,30.1,30.4,3.570033,3.567,3.572,18240,18269,0,0,0,0
2020-11-07T13:00:00Z,29,0,0,0,0.231931,0.231,0.234,30.124138,30.1,30.2,3.568966,3.567,3.57,18270,18298,0,0,0,0
2020-11-07T14:00:00Z,29,0,0,0,0.232345,0.231,0.233,30.127586,30.1,30.4,3.567483,3.565,3.569,18299,18327,0,0,0,0
2020-11-07T15:00:00Z,30,0,0,0,0.231567,0.23,0.233,30.396667,30.1,30.6,3.564933,3.562,3.567,18328,18357,0,0,0,0
2020-11-07T16:00:00Z,29,0,0,0,0.231862,0.231,0.233,30.248276,30.1,30.5,3.564103,3.562,3.565,18358,18386,0,0,0,0
2020-11-07T17:00:00Z,30,0,0,0,0.232067,0.23,0.234,30.186667,30.1,30.5,3.5628,3.562,3.565,18387,18416,0,0,0,0
2020-11-07T18:00:00Z,29,0,0,0,0.232172,0.23,0.233,30.182759,30.1,30.4,3.561862,3.56,3.564,18417,18445,0,0,0,0
2020-11-07T19:00:00Z,29,0,0,0,0.232414,0.231,0.234,30.010345,28.1,30.7,3.560897,3.559,3.564,18446,18475,0,0,0,0
2020-11-07T20:00:00Z,29,0,0,0,0.234483,0.233,0.238,27.682759,27.4,28.3,3.558828,3.557,3.56,18476,18504,0,0,0,0
2020-11-07T21:00:00Z,29,0,0,0,0.233517,0.233,0.235,28.106897,27.9,28.3,3.556862,3.555,3.559,18505,18533,0,0,0,0
2020-11-07T22:00:00Z,30,0,0,0,0.2339,0.233,0.236,28.096667,27.8,28.3,3.555233,3.554,3.557,18534,18563,0,0,0,0
2020-11-07T23:00:00Z,29,0.259276,0,0.549,0.233897,0.233,0.236,28.368966,27.8,29.1,3.554586,3.554,3.557,18564,18592,0,0,0,0
2020-11-08T00:00:00Z,30,0.568867,0.421,0.708,0.232933,0.232,0.236,29.583333,29.1,30.1,3.5542,3.554,3.555,18593,18622,0,0,0,0
2020-11-08T01:00:00Z,29,0.859276,0.603,1.239,0.231345,0.23,0.233,30.617241,30.1,31.3,3.554069,3.554,3.555,18623,18651,0,0,0,0
2020-11-08T02:00:00Z,30,1.267167,1.023,1.436,0.229567,0.228,0.233,32.266667,31.3,33,3.553733,3.552,3.554,18652,18681,0,0,0,0
2020-11-08T03:00:00Z,29,1.062241,0.854,1.418,0.228172,0.227,0.231,33.651724,32.7,34.6,3.553379,3.552,3.554,18682,18710,0,0,0,0
2020-11-08T04:00:00Z,30,0.9933,0.764,1.472,0.2268,0.226,0.228,35.31,34.7,35.7,3.5524,3.552,3.554,18711,18740,0,0,0,0
2020-11-08T05:00:00Z,29,1.167,0.703,1.531,0.226069,0.224,0.228,36.334483,35.5,36.7,3.551931,3.55,3.552,18741,18769,0,0,0,0
2020-11-08T06:00:00Z,30,0.917467,0.469,1.649,0.225833,0.223,0.229,36.54,34.8,38,3.551333,3.55,3.552,18770,18799,0,0,0,0
2020-11-08T07:00:00Z,29,0.563069,0.419,0.811,0.227172,0.225,0.228,35.086207,34.1,36.7,3.549828,3.549,3.55,18800,18828,0,0,0,0
2020-11-08T08:00:00Z,30,0.548333,0,0.866,0.227733,0.227,0.229,34.246667,34,34.5,3.549167,3.547,3.55,18829,18858,0,0,0,0
2020-11-08T09:00:00Z,29,0.470103,0.344,0.551,0.227966,0.227,0.23,33.77931,33.4,34.2,3.547828,3.545,3.55,18859,18887,0,0,0,0
2020-11-08T10:00:00Z,30,0,0,0,0.229667,0.228,0.231,32.206667,30.6,33.4,3.545533,3.544,3.547,18888,18917,0,0,0,0
2020-11-08T11:00:00Z,29,0,0,0,0.23269,0.231,0.233,29.389655,29.1,30.2,3.544103,3.542,3.547,18918,18946,0,0,0,0
2020-11-08T12:00:00Z,29,0,0,0,0.232897,0.232,0.234,29.482759,29.2,29.9,3.541828,3.539,3.544,18947,18975,0,0,0,0
2020-11-08T13:00:00Z,30,0,0,0,0.232633,0.231,0.234,29.79,29.6,30,3.541067,3.539,3.542,18976,19005,0,0,0,0
2020-11-08T14:00:00Z,29,0,0,0,0.232862,0.232,0.234,29.417241,29.2,29.7,3.538828,3.536,3.542,19006,19034,0,0,0,0
2020-11-08T15:00:00Z,30,0,0,0,0.233233,0.233,0.235,29.12,29,29.2,3.537267,3.536,3.539,19035,19064,0,0,0,0
2020-11-08T16:00:00Z,29,0,0,0,0.233379,0.233,0.235,28.755172,28.6,29,3.535931,3.534,3.539,19065,19093,0,0,0,0
2020-11-08T17:00:00Z,30,0,0,0,0.233733,0.233,0.236,28.563333,28.4,28.7,3.534533,3.531,3.537,19094,19123,0,0,0,0
2020-11-08T18:00:00Z,29,0,0,0,0.233586,0.233,0.235,28.3,28.1,28.6,3.533172,3.532,3.536,19124,19152,0,0,0,0
2020-11-08T19:00:00Z,30,0,0,0,0.2337,0.233,0.235,27.936667,27.6,28.1,3.531433,3.531,3.534,19153,19182,0,0,0,0
2020-11-08T20:00:00Z,29,0,0,0,0.234138,0.233,0.237,27.482759,27.4,27.7,3.530345,3.527,3.532,19183,19211,0,0,0,0
2020-11-08T21:00:00Z,30,0,0,0,0.234267,0.233,0.238,27.416667,27.4,27.5,3.528333,3.527,3.531,19212,19241,0,0,0,0
2020-11-08T22:00:00Z,29,0,0,0,0.234207,0.233,0.236,27.4,27.4,27.4,3.527483,3.526,3.529,19242,19270,0,0,0,0
2020-11-08T23:00:00Z,30,0,0,0,0.234267,0.233,0.237,27.78,27.4,28.1,3.5271,3.526,3.531,19271,19300,0,0,0,0
2020-11-09T00:00:00Z,29,0.634276,0,1.034,0.233138,0.231,0.236,29.041379,28.1,30.1,3.526414,3.526,3.527,19301,19329,0,0,0,0
2020-11-09T01:00:00Z,28,1.005893,0.787,1.182,0.22975,0.228,0.232,31.692857,30.2,33,3.526071,3.524,3.529,19330,19358,0,0,0,0
2020-11-09T02:00:00Z,29,1.211069,0.887,1.52,0.227586,0.226,0.229,34.210345,33.2,35.3,3.526103,3.524,3.527,19359,19387,0,0,0,0
2020-11-09T03:00:00Z,30,1.1164,0.954,1.485,0.227667,0.226,0.23,34.33,33.4,34.8,3.525667,3.524,3.527,19388,19417,0,0,0,0
2020-11-09T04:00:00Z,29,1.320793,1.1,1.653,0.226931,0.225,0.228,34.9,34.3,35.9,3.524552,3.524,3.526,19418,19446,0,0,0,0
2020-11-09T05:00:00Z,30,1.185167,1.021,1.415,0.226967,0.225,0.229,35.456667,34,36.2,3.524933,3.524,3.526,19447,19476,0,0,0,0
2020-11-09T06:00:00Z,29,1.302414,1.164,1.39,0.227724,0.227,0.23,34.289655,33.8,34.6,3.524414,3.522,3.526,19477,19505,0,0,0,0
2020-11-09T07:00:00Z,30,1.116333,0.734,1.477,0.2279,0.226,0.231,34.103333,33.9,34.5,3.5232,3.521,3.526,19506,19535,0,0,0,0
2020-11-09T08:00:00Z,29,0.221862,0,0.643,0.229172,0.228,0.231,32.382759,31.4,33.9,3.52269,3.521,3.524,19536,19564,0,0,0,0
2020-11-09T09:00:00Z,30,0,0,0,0.229567,0.229,0.233,31.876667,31.5,32.1,3.521233,3.519,3.524,19565,19594,0,0,0,0
2020-11-09T10:00:00Z,29,0,0,0,0.230621,0.23,0.233,31.32069,31.1,31.4,3.520448,3.519,3.522,19595,19623,0,0,0,0
2020-11-09T11:00:00Z,29,0,0,0,0.231448,0.23,0.233,30.593103,30.1,31.2,3.519966,3.519,3.521,19624,19652,0,0,0,0
2020-11-09T12:00:00Z,30,0,0,0,0.2318,0.231,0.236,30.16,30.1,30.4,3.518733,3.517,3.521,19653,19682,0,0,0,0
2020-11-09T13:00:00Z,29,0,0,0,0.232586,0.231,0.234,29.517241,29.1,30.4,3.517103,3.514,3.519,19683,19711,0,0,0,0
2020-11-09T14:00:00Z,30,0,0,0,0.232133,0.231,0.234,29.983333,29.7,30.1,3.516833,3.514,3.519,19712,19741,0,0,0,0
2020-11-09T15:00:00Z,29,0,0,0,0.232759,0.232,0.233,29.941379,29.7,30.1,3.516379,3.514,3.519,19742,19770,0,0,0,0
2020-11-09T16:00:00Z,30,0,0,0,0.231633,0.231,0.233,30.21,30.1,30.4,3.5155,3.512,3.517,19771,19800,0,0,0,0
2020-11-09T17:00:00Z,29,0,0,0,0.232,0.231,0.233,30.124138,30.1,30.4,3.514897,3.512,3.516,19801,19829,0,0,0,0
2020-11-09T18:00:00Z,30,0,0,0,0.232267,0.231,0.233,29.893333,29.5,30.1,3.513333,3.511,3.516,19830,19859,0,0,0,0
2020-11-09T19:00:00Z,29,0,0,0,0.233,0.232,0.235,29.289655,29.1,29.5,3.512207,3.511,3.514,19860,19888,0,0,0,0
2020-11-09T20:00:00Z,30,0,0,0,0.233133,0.232,0.235,28.993333,28.8,29.1,3.511433,3.509,3.512,19889,19918,0,0,0,0
2020-11-09T21:00:00Z,29,0,0,0,0.233138,0.233,0.235,28.682759,28.6,28.9,3.510759,3.509,3.512,19919,19947,0,0,0,0
2020-11-09T22:00:00Z,29,0,0,0,0.233828,0.233,0.236,28.372414,28,28.6,3.509655,3.508,3.511,19948,19976,0,0,0,0
2020-11-09T23:00:00Z,30,0.082897,0,0.459,0.2336,0.233,0.235,28.243333,27.9,28.6,3.5086,3.506,3.511,19977,20006,0,0,0,0
2020-11-10T00:00:00Z,26,0.649231,0.465,1.051,0.233308,0.232,0.235,29.088462,28.6,29.8,3.508154,3.506,3.509,20007,20035,0,0,0,0
2020-11-10T01:00:00Z,30,0.908667,0.669,1.272,0.231767,0.229,0.233,30.38,30,31.8,3.507633,3.506,3.509,20036,20065,0,0,0,0
2020-11-10T02:00:00Z,29,1.231,0.805,1.654,0.22831,0.227,0.231,33.331034,32,34.3,3.507759,3.506,3.509,20066,20094,0,0,0,0
2020-11-10T03:00:00Z,30,1.4605,1.277,1.63,0.228233,0.227,0.231,33.663333,33.2,34,3.5076,3.506,3.509,20095,20124,0,0,0,0
2020-11-10T04:00:00Z,29,1.621655,1.116,1.704,0.227103,0.226,0.23,35.034483,34,35.4,3.506517,3.504,3.509,20125,20153,0,0,0,0
2020-11-10T05:00:00Z,30,1.622333,1.536,1.687,0.227333,0.226,0.229,34.76,34.4,35.4,3.505067,3.504,3.508,20154,20183,0,0,0,0
2020-11-10T06:00:00Z,29,1.459517,1.269,1.546,0.227759,0.227,0.229,34.317241,33.5,34.8,3.504034,3.503,3.506,20184,20212,0,0,0,0
2020-11-10T07:00:00Z,30,1.0218,0.839,1.244,0.229067,0.228,0.231,32.533333,31.9,33.5,3.503267,3.503,3.504,20213,20242,0,0,0,0
2020-11-10T08:00:00Z,29,0.639931,0.492,0.838,0.230724,0.229,0.233,31.262069,30.6,31.8,3.502931,3.501,3.504,20243,20271,0,0,0,0
2020-11-10T09:00:00Z,30,0.147167,0,0.472,0.2318,0.231,0.233,30.236667,30,30.6,3.501533,3.501,3.503,20272,20301,0,0,0,0
2020-11-10T10:00:00Z,29,0,0,0,0.232414,0.232,0.234,29.968966,29.8,30.1,3.501138,3.501,3.503,20302,20330,0,0,0,0
2020-11-10T11:00:00Z,30,0,0,0,0.232367,0.231,0.234,29.666667,29.4,30,3.500933,3.499,3.501,20331,20360,0,0,0,0
2020-11-10T12:00:00Z,29,0,0,0,0.232586,0.232,0.234,29.493103,29.3,29.6,3.500103,3.499,3.501,20361,20389,0,0,0,0
2020-11-10T13:00:00Z,29,0,0,0,0.232586,0.232,0.233,29.5,29.3,29.7,3.49969,3.499,3.501,20390,20418,0,0,0,0
2020-11-10T14:00:00Z,30,0,0,0,0.2329,0.232,0.235,29.41,29.3,29.6,3.499067,3.499,3.501,20419,20448,0,0,0,0
2020-11-10T15:00:00Z,29,0,0,0,0.233103,0.232,0.235,28.817241,28.6,29.6,3.498966,3.498,3.499,20449,20477,0,0,0,0
2020-11-10T16:00:00Z,30,0,0,0,0.233267,0.233,0.235,28.563333,27.8,28.8,3.4985,3.496,3.499,20478,20507,0,0,0,0
2020-11-10T17:00:00Z,29,0,0,0,0.234241,0.233,0.237,27.444828,27.3,27.8,3.497103,3.494,3.498,20508,20536,0,0,0,0
2020-11-10T18:00:00Z,30,0,0,0,0.234533,0.233,0.238,27.356667,27.3,27.4,3.496667,3.494,3.498,20537,20566,0,0,0,0
2020-11-10T19:00:00Z,29,0,0,0,0.234862,0.234,0.236,27.324138,27.3,27.4,3.495414,3.493,3.498,20567,20595,0,0,0,0
2020-11-10T20:00:00Z,30,0,0,0,0.235133,0.233,0.238,26.893333,26.1,27.4,3.4945,3.493,3.496,20596,20625,0,0,0,0
2020-11-10T21:00:00Z,29,0,0,0,0.235552,0.234,0.238,26.403448,26.1,26.6,3.493448,3.491,3.496,20626,20654,0,0,0,0
2020-11-10T22:00:00Z,30,0,0,0,0.2357,0.234,0.238,26.67,26.5,26.7,3.491967,3.489,3.494,20655,20684,0,0,0,0
2020-11-10T23:00:00Z,29,0.011,0,0.319,0.235586,0.234,0.238,26.958621,26.6,27.4,3.490448,3.489,3.493,20685,20713,0,0,0,0
2020-11-11T00:00:00Z,30,0.563567,0.365,0.744,0.233867,0.233,0.237,28.07,27.4,28.6,3.488733,3.486,3.491,20714,20743,0,0,0,0
2020-11-11T01:00:00Z,29,0.797621,0.493,1.146,0.232862,0.232,0.235,29.186207,28.6,30,3.487897,3.486,3.489,20744,20772,0,0,0,0
2020-11-11T02:00:00Z,30,0.9542,0.621,1.43,0.232267,0.231,0.234,29.9,29.5,30.4,3.4864,3.484,3.488,20773,20802,0,0,0,0
2020-11-11T03:00:00Z,29,1.158966,0.787,1.779,0.231345,0.23,0.233,30.537931,30.1,32,3.484379,3.483,3.488,20803,20831,0,0,0,0
2020-11-11T04:00:00Z,29,1.440552,0.982,1.725,0.228345,0.227,0.23,33.148276,32.3,34,3.482138,3.479,3.484,20832,20860,0,0,0,0
2020-11-11T05:00:00Z,30,1.437067,1.259,1.653,0.228633,0.228,0.231,32.77,32.7,33,3.4792,3.476,3.481,20861,20890,0,0,0,0
2020-11-11T06:00:00Z,29,1.543345,1.233,1.756,0.228,0.227,0.229,33.534483,33,34.6,3.476793,3.475,3.479,20891,20919,0,0,0,0
2020-11-11T07:00:00Z,30,1.017267,0.488,1.741,0.227567,0.226,0.229,34.27,32.9,35.3,3.474433,3.473,3.476,20920,20949,0,0,0,0
2020-11-11T08:00:00Z,29,0.334107,0,0.664,0.230069,0.228,0.233,31.765517,31.1,32.7,3.471828,3.471,3.473,20950,20978,0,0,0,0
2020-11-11T09:00:00Z,30,0.086733,0,0.451,0.2312,0.229,0.233,30.78,30.2,31.2,3.469233,3.466,3.471,20979,21008,0,0,0,0
2020-11-11T10:00:00Z,29,0,0,0,0.231966,0.231,0.233,30.017241,29.8,30.2,3.465207,3.461,3.468,21009,21037,0,0,0,0
2020-11-11T11:00:00Z,30,0,0,0,0.232667,0.231,0.235,29.626667,29.5,29.9,3.4611,3.458,3.465,21038,21067,0,0,0,0
2020-11-11T12:00:00Z,29,0,0,0,0.233103,0.232,0.236,29.237931,29,29.5,3.456448,3.455,3.458,21068,21096,0,0,0,0
2020-11-11T13:00:00Z,30,0,0,0,0.232967,0.232,0.234,29.18,29,29.4,3.452933,3.45,3.456,21097,21126,0,0,0,0
2020-11-11T14:00:00Z,29,0,0,0,0.233103,0.232,0.236,29.206897,29.1,29.5,3.449414,3.448,3.451,21127,21155,0,0,0,0
2020-11-11T15:00:00Z,27,0,0,0,0.233222,0.232,0.235,28.859259,28.6,29.3,3.446963,3.446,3.448,21156,21184,0,0,0,0
2020-11-11T16:00:00Z,30,0,0,0,0.233567,0.233,0.237,28.596667,28.5,28.7,3.444433,3.442,3.446,21185,21214,0,0,0,0
2020-11-11T17:00:00Z,29,0,0,0,0.233621,0.233,0.235,28.22069,28,28.5,3.440862,3.437,3.445,21215,21243,0,0,0,0
2020-11-11T18:00:00Z,30,0,0,0,0.2336,0.233,0.236,27.913333,27.8,28.1,3.434833,3.432,3.438,21244,21273,0,0,0,0
2020-11-11T19:00:00Z,29,0,0,0,0.233724,0.233,0.236,27.710345,27.5,27.9,3.429448,3.427,3.433,21274,21302,0,0,0,0
2020-11-11T20:00:00Z,30,0,0,0,0.234367,0.233,0.237,27.49,27.4,27.5,3.423833,3.42,3.427,21303,21332,0,0,0,0
2020-11-11T21:00:00Z,11,0,0,0,0.234364,0.233,0.236,27.4,27.4,27.4,3.420364,3.42,3.422,21333,21343,0,0,0,0
2020-11-20T15:00:00Z,14,0,0,0,0.231714,0.23,0.234,30.442857,30.1,31.4,4.130143,4.126,4.131,1,14,0,0,0,0
2020-11-20T16:00:00Z,29,0,0,0,0.23331,0.232,0.237,28.906897,27,30.1,4.128207,4.125,4.131,9,37,0,0,0,0
2020-11-20T17:00:00Z,30,0,0,0,0.234067,0.233,0.237,28.18,27.4,28.8,4.125767,4.123,4.128,38,67,0,0,0,0
2020-11-20T18:00:00Z,29,0,0,0,0.233828,0.233,0.236,28.144828,27.4,28.7,4.122931,4.12,4.126,68,96,0,0,0,0
2020-11-20T19:00:00Z,30,0,0,0,0.233867,0.233,0.236,28.22,27.4,28.8,4.120067,4.116,4.125,97,126,0,0,0,0
2020-11-20T20:00:00Z,29,0,0,0,0.233897,0.233,0.236,28.165517,27.4,28.7,4.117517,4.116,4.12,127,155,0,0,0,0
2020-11-20T21:00:00Z,30,0,0,0,0.233633,0.233,0.236,28.196667,27.4,28.7,4.115233,4.113,4.118,156,185,0,0,0,0
2020-11-20T22:00:00Z,29,0,0,0,0.233793,0.232,0.236,28.286207,27.3,29.2,4.113345,4.111,4.115,186,214,0,0,0,0
2020-11-20T23:00:00Z,30,0.067567,0,0.536,0.232667,0.231,0.236,29.82,29.3,30.8,4.111933,4.11,4.115,215,244,0,0,0,0
2020-11-21T00:00:00Z,29,0.592759,0.428,0.82,0.230448,0.229,0.232,31.665517,31.1,32.2,4.11131,4.11,4.115,245,273,0,0,0,0
2020-11-21T01:00:00Z,30,0.720733,0.483,1.271,0.2287,0.227,0.231,33.34,32.1,34.6,4.110433,4.108,4.113,274,303,0,0,0,0
2020-11-21T02:00:00Z,29,0.968724,0.752,1.467,0.225655,0.223,0.228,36.7,34.8,38.4,4.110586,4.108,4.113,304,332,0,0,0,0
2020-11-21T03:00:00Z,30,0.927667,0.708,1.292,0.223767,0.222,0.227,38.62,37.9,39.4,4.109633,4.106,4.111,333,362,0,0,0,0
2020-11-21T04:00:00Z,29,0.756103,0.5,0.979,0.224828,0.223,0.227,37.234483,36.7,37.8,4.107103,4.106,4.11,363,391,0,0,0,0
2020-11-21T05:00:00Z,30,1.098833,0.875,1.259,0.224467,0.223,0.227,37.87,36.8,39.2,4.1062,4.106,4.108,392,421,0,0,0,0
2020-11-21T06:00:00Z,29,0.815,0.492,1.271,0.224862,0.223,0.229,37.644828,36.8,39,4.105448,4.105,4.106,422,450,0,0,0,0
2020-11-21T07:00:00Z,29,0.532621,0,1.602,0.225655,0.222,0.23,36.631034,31.6,38.9,4.104414,4.102,4.106,451,479,0,0,0,0
2020-11-21T08:00:00Z,30,0,0,0,0.232,0.229,0.235,30.236667,29.9,31.4,4.099933,4.097,4.103,480,509,0,0,0,0
2020-11-21T09:00:00Z,29,0,0,0,0.232552,0.231,0.234,29.917241,29.8,30.1,4.097759,4.097,4.1,510,538,0,0,0,0
2020-11-21T10:00:00Z,30,0,0,0,0.232133,0.231,0.234,30.043333,30,30.1,4.0962,4.093,4.098,539,568,0,0,0,0
2020-11-21T11:00:00Z,29,0,0,0,0.231828,0.23,0.234,30.127586,30,30.3,4.094345,4.092,4.097,569,597,0,0,0,0
2020-11-21T12:00:00Z,30,0,0,0,0.231733,0.23,0.233,30.106667,30.1,30.2,4.093167,4.092,4.097,598,627,0,0,0,0
2020-11-21T13:00:00Z,29,0,0,0,0.232414,0.231,0.233,30.037931,30,30.1,4.092552,4.09,4.095,628,656,0,0,0,0
2020-11-21T14:00:00Z,30,0,0,0,0.2328,0.232,0.234,29.906667,29.8,30,4.0908,4.088,4.092,657,686,0,0,0,0
2020-11-21T15:00:00Z,28,0,0,0,0.232643,0.231,0.235,30.007143,29.8,30.1,4.089679,4.087,4.092,687,715,0,0,0,0
2020-11-21T16:00:00Z,30,0,0,0,0.232267,0.231,0.235,30.11,30.1,30.2,4.088133,4.087,4.09,716,745,0,0,0,0
2020-11-21T17:00:00Z,29,0,0,0,0.232655,0.231,0.235,29.951724,29.6,30.3,4.087586,4.085,4.09,746,774,0,0,0,0
2020-11-21T18:00:00Z,30,0,0,0,0.2329,0.232,0.234,29.6,29.6,29.6,4.086367,4.085,4.088,775,804,0,0,0,0
2020-11-21T19:00:00Z,29,0,0,0,0.232793,0.232,0.235,29.389655,28.7,29.7,4.085138,4.083,4.087,805,833,0,0,0,0
2020-11-21T20:00:00Z,30,0,0,0,0.233233,0.232,0.235,28.86,28.7,29,4.0836,4.082,4.085,834,863,0,0,0,0
2020-11-21T21:00:00Z,29,0,0,0,0.23331,0.232,0.235,28.524138,28.1,28.7,4.082586,4.082,4.083,864,892,0,0,0,0
2020-11-21T22:00:00Z,29,0,0,0,0.234448,0.233,0.237,27.844828,27.7,28.1,4.081931,4.08,4.082,893,921,0,0,0,0
2020-11-21T23:00:00Z,30,0.109467,0,0.392,0.2343,0.233,0.237,27.966667,27.5,28.7,4.081333,4.08,4.082,922,951,0,0,0,0
2020-11-22T00:00:00Z,29,0.42231,0.367,0.52,0.232966,0.232,0.235,29.431034,28.7,30.1,4.081655,4.08,4.082,952,980,0,0,0,0
2020-11-22T01:00:00Z,30,0.693233,0,0.979,0.230733,0.228,0.234,31.473333,30.1,33.5,4.081733,4.08,4.082,981,1010,0,0,0,0
2020-11-22T02:00:00Z,29,1.075621,0.839,1.399,0.226862,0.225,0.228,35.334483,33.8,36.7,4.081793,4.08,4.082,1011,1039,0,0,0,0
2020-11-22T03:00:00Z,30,1.1324,0.702,1.523,0.226233,0.224,0.228,36.233333,35.4,36.7,4.081967,4.08,4.083,1040,1069,0,0,0,0
2020-11-22T04:00:00Z,29,0.962621,0.506,1.479,0.226207,0.225,0.229,36.193103,35.6,36.7,4.081586,4.08,4.082,1070,1098,0,0,0,0
2020-11-22T05:00:00Z,30,0.7826,0.434,1.22,0.226567,0.225,0.228,35.936667,35.3,36.7,4.080667,4.08,4.082,1099,1128,0,0,0,0
2020-11-22T06:00:00Z,29,0.910793,0.419,1.22,0.224034,0.222,0.23,38.386207,36.7,39.6,4.080345,4.08,4.082,1129,1157,0,0,0,0
2020-11-22T07:00:00Z,30,1.0967,0.629,1.353,0.2226,0.221,0.226,39.69,38,40.4,4.080467,4.08,4.082,1158,1187,0,0,0,0
2020-11-22T08:00:00Z,29,0.726207,0.498,1.025,0.225517,0.223,0.229,37.006897,35.7,38,4.079207,4.077,4.08,1188,1216,0,0,0,0
2020-11-22T09:00:00Z,30,0.2245,0,0.521,0.2279,0.226,0.231,34.36,32.7,35.6,4.0779,4.077,4.08,1217,1246,0,0,0,0
2020-11-22T10:00:00Z,29,0,0,0,0.230483,0.229,0.233,32.034483,31.6,32.7,4.076379,4.073,4.078,1247,1275,0,0,0,0
2020-11-22T11:00:00Z,30,0,0,0,0.230067,0.229,0.233,31.8,31.5,32.1,4.077,4.075,4.078,1276,1305,0,0,0,0
2020-11-22T12:00:00Z,29,0,0,0,0.230966,0.23,0.233,31.410345,31.4,31.5,4.075448,4.073,4.078,1306,1334,0,0,0,0
2020-11-22T13:00:00Z,29,0,0,0,0.230241,0.229,0.232,31.458621,31.3,31.6,4.072931,4.072,4.075,1335,1363,0,0,0,0
2020-11-22T14:00:00Z,30,0,0,0,0.231033,0.229,0.233,31.443333,31.4,31.5,4.0731,4.07,4.075,1364,1393,0,0,0,0
2020-11-22T15:00:00Z,29,0,0,0,0.23131,0.23,0.233,30.758621,30.2,31.4,4.072138,4.07,4.075,1394,1422,0,0,0,0
2020-11-22T16:00:00Z,30,0,0,0,0.232133,0.231,0.234,30.19,30.1,30.3,4.071167,4.069,4.073,1423,1452,0,0,0,0
2020-11-22T17:00:00Z,29,0,0,0,0.232379,0.231,0.233,30.065517,30,30.1,4.069724,4.067,4.073,1453,1481,0,0,0,0
2020-11-22T18:00:00Z,30,0,0,0,0.232267,0.231,0.233,30.033333,29.9,30.1,4.068767,4.065,4.07,1482,1511,0,0,0,0
2020-11-22T19:00:00Z,29,0,0,0,0.232828,0.231,0.234,29.948276,29.8,30.1,4.068207,4.065,4.07,1512,1540,0,0,0,0
2020-11-22T20:00:00Z,28,0,0,0,0.232821,0.232,0.234,30.003571,30,30.1,4.067393,4.065,4.07,1541,1570,0,0,0,0
2020-11-22T21:00:00Z,29,0,0,0,0.232759,0.232,0.235,29.755172,29.5,30.1,4.066414,4.064,4.069,1571,1599,0,0,0,0
2020-11-22T22:00:00Z,30,0,0,0,0.233233,0.232,0.235,29.373333,29.1,29.6,4.065533,4.064,4.067,1600,1629,0,0,0,0
2020-11-22T23:00:00Z,29,0,0,0,0.232931,0.232,0.234,29.303448,29.1,29.4,4.064379,4.062,4.065,1630,1658,0,0,0,0
2020-11-23T00:00:00Z,30,0.329867,0,0.534,0.232233,0.231,0.233,29.966667,29.4,30.7,4.063367,4.06,4.065,1659,1688,0,0,0,0
2020-11-23T01:00:00Z,29,0.688414,0.508,0.954,0.230379,0.227,0.233,32.034483,30.8,33.6,4.063724,4.06,4.067,1689,1717,0,0,0,0
2020-11-23T02:00:00Z,30,0.862967,0.811,0.889,0.226767,0.224,0.23,35.656667,34,37.1,4.0646,4.064,4.065,1718,1747,0,0,0,0
2020-11-23T03:00:00Z,29,1.010897,0.887,1.522,0.224207,0.223,0.228,38.206897,37.2,39.2,4.064448,4.062,4.067,1748,1776,0,0,0,0
2020-11-23T04:00:00Z,30,0.8573,0.733,1.254,0.224767,0.223,0.228,37.903333,37.3,39,4.0639,4.062,4.065,1777,1806,0,0,0,0
2020-11-23T05:00:00Z,29,0.795552,0.665,0.943,0.224828,0.223,0.228,37.537931,37,38.3,4.063276,4.062,4.065,1807,1835,0,0,0,0
2020-11-23T06:00:00Z,30,0.7565,0.48,0.948,0.223533,0.222,0.227,38.863333,38.3,39.4,4.063167,4.062,4.065,1836,1865,0,0,0,0
2020-11-23T07:00:00Z,29,0.979103,0.526,1.413,0.22331,0.222,0.225,38.941379,37.4,40.1,4.062655,4.06,4.065,1866,1894,0,0,0,0
2020-11-23T08:00:00Z,30,0.325167,0,1.482,0.2272,0.224,0.23,35.176667,34,37.4,4.059967,4.057,4.064,1895,1924,0,0,0,0
2020-11-23T09:00:00Z,29,0,0,0,0.228448,0.227,0.23,33.272414,32.1,34,4.058345,4.055,4.06,1925,1953,0,0,0,0
2020-11-23T10:00:00Z,30,0,0,0,0.2297,0.229,0.233,31.91,31.6,32.1,4.056333,4.054,4.057,1954,1983,0,0,0,0
2020-11-23T11:00:00Z,29,0,0,0,0.230207,0.229,0.232,31.903448,31.7,32,4.057379,4.054,4.059,1984,2012,0,0,0,0
2020-11-23T12:00:00Z,28,0,0,0,0.229643,0.228,0.232,32.028571,31.8,32.1,4.056536,4.054,4.059,2013,2040,0,0,0,0
2020-11-23T13:00:00Z,30,0,0,0,0.230367,0.229,0.232,31.543333,31.2,31.9,4.055267,4.054,4.057,2042,2071,0,0,0,0
2020-11-23T14:00:00Z,29,0,0,0,0.231759,0.23,0.233,30.382759,30.1,31.1,4.054069,4.052,4.055,2072,2100,0,0,0,0
2020-11-23T15:00:00Z,30,0,0,0,0.2315,0.23,0.233,30.94,30.4,31.4,4.054,4.052,4.055,2101,2130,0,0,0,0
2020-11-23T16:00:00Z,29,0,0,0,0.231759,0.23,0.233,30.355172,30.1,30.9,4.053,4.052,4.055,2131,2159,0,0,0,0
2020-11-23T17:00:00Z,30,0,0,0,0.232233,0.231,0.233,29.996667,29.6,30.1,4.053,4.052,4.054,2160,2189,0,0,0,0
2020-11-23T18:00:00Z,29,0,0,0,0.232172,0.231,0.233,30.02069,29.6,30.3,4.052138,4.05,4.054,2190,2218,0,0,0,0
2020-11-23T19:00:00Z,30,0,0,0,0.232333,0.231,0.234,29.95,29.6,30.1,4.051733,4.05,4.054,2219,2248,0,0,0,0
2020-11-23T20:00:00Z,29,0,0,0,0.23269,0.232,0.236,29.634483,29.3,30,4.050655,4.049,4.052,2249,2277,0,0,0,0
2020-11-23T21:00:00Z,30,0,0,0,0.233267,0.232,0.235,28.89,28.1,29.9,4.050067,4.049,4.054,2278,2307,0,0,0,0
2020-11-23T22:00:00Z,29,0,0,0,0.233793,0.233,0.236,27.948276,27.8,28.1,4.049345,4.047,4.05,2308,2336,0,0,0,0
2020-11-23T23:00:00Z,30,0.022233,0,0.339,0.233467,0.233,0.235,28.4,27.9,28.7,4.049167,4.045,4.052,2337,2366,0,0,0,0
2020-11-24T00:00:00Z,29,0.465,0.359,0.656,0.232621,0.231,0.234,29.637931,28.8,30.3,4.049276,4.047,4.052,2367,2395,0,0,0,0
2020-11-24T01:00:00Z,30,0.694333,0.603,0.851,0.230533,0.228,0.233,31.593333,30.4,32.7,4.0497,4.047,4.052,2396,2425,0,0,0,0
2020-11-24T02:00:00Z,29,0.965172,0.8,1.164,0.227655,0.226,0.23,34.303448,32.9,35.5,4.049759,4.049,4.052,2426,2454,0,0,0,0
2020-11-24T03:00:00Z,29,0.961793,0.682,1.338,0.225931,0.224,0.228,36.189655,35.3,36.7,4.050828,4.05,4.052,2455,2483,0,0,0,0
2020-11-24T04:00:00Z,30,1.2557,1,1.668,0.225667,0.224,0.228,36.89,36.7,37.4,4.050933,4.05,4.052,2484,2513,0,0,0,0
2020-11-24T05:00:00Z,25,1.45832,1.089,1.686,0.22536,0.224,0.228,37.424,36.7,37.9,4.0506,4.049,4.052,2514,2542,0,0,0,0
2020-11-24T06:00:00Z,29,1.244897,0.885,1.549,0.225517,0.223,0.228,36.889655,35.9,37.9,4.050414,4.049,4.052,2543,2572,0,0,0,0
2020-11-24T07:00:00Z,29,0.915138,0.68,1.7,0.226793,0.224,0.23,35.810345,35.2,37.4,4.049759,4.049,4.052,2573,2601,0,0,0,0
2020-11-24T08:00:00Z,30,0.6675,0.365,0.957,0.2278,0.226,0.231,34.366667,33.8,35.3,4.048833,4.045,4.05,2602,2631,0,0,0,0
2020-11-24T09:00:00Z,29,0.1425,0,0.485,0.228586,0.228,0.231,33.041379,32.9,33.6,4.048345,4.045,4.05,2632,2660,0,0,0,0
2020-11-24T10:00:00Z,30,0,0,0,0.229433,0.228,0.232,32.383333,32.1,32.8,4.0472,4.045,4.049,2661,2690,0,0,0,0
2020-11-24T11:00:00Z,29,0,0,0,0.229897,0.229,0.232,31.982759,31.6,32.2,4.045931,4.044,4.049,2691,2719,0,0,0,0
2020-11-24T12:00:00Z,30,0,0,0,0.230267,0.229,0.233,31.7,31.6,31.9,4.0453,4.044,4.047,2720,2749,0,0,0,0
2020-11-24T13:00:00Z,29,0,0,0,0.230966,0.23,0.233,31.258621,30.7,31.6,4.044517,4.042,4.047,2750,2778,0,0,0,0
2020-11-24T14:00:00Z,30,0,0,0,0.231333,0.23,0.233,30.576667,30.4,30.8,4.044367,4.042,4.047,2779,2808,0,0,0,0
2020-11-24T15:00:00Z,29,0,0,0,0.231862,0.231,0.233,30.265517,30.1,30.6,4.043724,4.042,4.045,2809,2837,0,0,0,0
2020-11-24T16:00:00Z,30,0,0,0,0.231667,0.23,0.233,30.286667,30.1,30.5,4.042933,4.04,4.045,2838,2867,0,0,0,0
2020-11-24T17:00:00Z,27,0,0,0,0.23263,0.23,0.234,30.096296,30,30.1,4.042593,4.04,4.044,2868,2896,0,0,0,0
2020-11-24T18:00:00Z,30,0,0,0,0.232567,0.231,0.234,30.01,29.9,30.1,4.0421,4.04,4.045,2897,2926,0,0,0,0
2020-11-24T19:00:00Z,29,0,0,0,0.232621,0.231,0.236,30.013793,29.9,30.1,4.04169,4.039,4.045,2927,2955,0,0,0,0
2020-11-24T20:00:00Z,30,0,0,0,0.232567,0.231,0.234,29.956667,29.7,30.1,4.0409,4.039,4.044,2956,2985,0,0,0,0
2020-11-24T21:00:00Z,29,0,0,0,0.232759,0.232,0.234,29.465517,29.1,30,4.041,4.039,4.044,2986,3014,0,0,0,0
2020-11-24T22:00:00Z,30,0,0,0,0.233067,0.232,0.235,28.906667,28.8,29.1,4.039833,4.037,4.044,3015,3044,0,0,0,0
2020-11-24T23:00:00Z,29,0.047759,0,0.369,0.233241,0.232,0.235,28.893103,28.7,29.1,4.039483,4.039,4.04,3045,3073,0,0,0,0
2020-11-25T00:00:00Z,29,0.525517,0.39,0.662,0.232517,0.232,0.234,29.62069,29,30.1,4.039586,4.037,4.042,3074,3102,0,0,0,0
2020-11-25T01:00:00Z,25,0.75376,0.577,0.966,0.23076,0.229,0.233,31.068,30.1,32,4.03984,4.039,4.042,3103,3131,0,0,0,0
2020-11-25T02:00:00Z,30,0.865767,0.575,1.013,0.2278,0.225,0.231,34.056667,31.9,36.4,4.040433,4.039,4.044,3132,3161,0,0,0,0
2020-11-25T03:00:00Z,29,0.915241,0.706,1.079,0.225586,0.224,0.229,36.655172,36.5,36.7,4.042586,4.04,4.045,3162,3190,0,0,0,0
2020-11-25T04:00:00Z,30,1.1838,0.785,1.413,0.225767,0.224,0.228,36.623333,35.8,37.3,4.041633,4.039,4.044,3191,3220,0,0,0,0
2020-11-25T05:00:00Z,29,1.330241,1.08,1.428,0.224966,0.223,0.228,37.193103,36.9,37.5,4.041,4.039,4.044,3221,3249,0,0,0,0
2020-11-25T06:00:00Z,30,0.986833,0.733,1.443,0.225667,0.223,0.228,36.8,35.9,37.8,4.040233,4.039,4.042,3250,3279,0,0,0,0
2020-11-25T07:00:00Z,29,1.133414,0.656,1.472,0.224586,0.223,0.228,37.917241,37,38.3,4.040724,4.039,4.042,3280,3308,0,0,0,0
2020-11-25T08:00:00Z,29,0.663759,0.523,0.921,0.226621,0.224,0.228,35.672414,35.2,36.8,4.039862,4.039,4.044,3309,3337,0,0,0,0
2020-11-25T09:00:00Z,30,0.13131,0,0.526,0.228533,0.227,0.232,33.676667,32.5,35.1,4.0383,4.036,4.04,3338,3367,0,0,0,0
2020-11-25T10:00:00Z,29,0,0,0,0.230103,0.228,0.233,31.682759,31.5,32.3,4.037,4.036,4.04,3368,3396,0,0,0,0
2020-11-25T11:00:00Z,30,0,0,0,0.230767,0.229,0.233,31.36,31.3,31.5,4.036867,4.034,4.039,3397,3426,0,0,0,0
2020-11-25T12:00:00Z,29,0,0,0,0.231138,0.23,0.233,31.341379,31.2,31.4,4.036966,4.036,4.039,3427,3455,0,0,0,0
2020-11-25T13:00:00Z,30,0,0,0,0.2317,0.23,0.233,30.73,30.6,31.1,4.0364,4.034,4.039,3456,3485,0,0,0,0
2020-11-25T14:00:00Z,29,0,0,0,0.23169,0.23,0.234,30.596552,30.4,30.7,4.035552,4.034,4.037,3486,3514,0,0,0,0
2020-11-25T15:00:00Z,30,0,0,0,0.231533,0.229,0.233,30.536667,30.3,30.7,4.0357,4.034,4.037,3515,3544,0,0,0,0
2020-11-25T16:00:00Z,29,0,0,0,0.231517,0.23,0.233,30.531034,30.4,30.6,4.035759,4.034,4.037,3545,3573,0,0,0,0
2020-11-25T17:00:00Z,29,0,0,0,0.231724,0.23,0.233,30.186207,30.1,30.4,4.035103,4.032,4.036,3574,3602,0,0,0,0
2020-11-25T18:00:00Z,30,0,0,0,0.231967,0.231,0.233,30.1,30.1,30.1,4.035033,4.034,4.037,3603,3632,0,0,0,0
2020-11-25T19:00:00Z,29,0,0,0,0.232138,0.231,0.233,30.082759,30,30.1,4.034931,4.034,4.037,3633,3661,0,0,0,0
2020-11-25T20:00:00Z,30,0,0,0,0.232733,0.231,0.235,29.63,29.3,30.1,4.034333,4.032,4.036,3662,3691,0,0,0,0
2020-11-25T21:00:00Z,29,0,0,0,0.232828,0.232,0.233,29.317241,29.1,29.5,4.033655,4.032,4.036,3692,3720,0,0,0,0
2020-11-25T22:00:00Z,30,0,0,0,0.233067,0.232,0.235,29.206667,29.1,29.3,4.032767,4.031,4.034,3721,3750,0,0,0,0
2020-11-25T23:00:00Z,29,0.06131,0,0.516,0.232448,0.231,0.234,29.562069,29.3,30,4.03269,4.032,4.034,3751,3779,0,0,0,0
2020-11-26T00:00:00Z,30,0.411,0,0.675,0.2318,0.23,0.235,30.323333,30,30.6,4.033167,4.031,4.036,3780,3809,0,0,0,0
2020-11-26T01:00:00Z,29,0.781143,0,1.441,0.231586,0.229,0.233,30.686207,30,32.5,4.032345,4.031,4.036,3810,3838,0,0,0,0
2020-11-26T02:00:00Z,30,1.252133,1.021,1.458,0.228667,0.228,0.232,32.993333,32.5,33.6,4.032967,4.031,4.036,3839,3868,0,0,0,0
2020-11-26T03:00:00Z,29,1.379621,0.952,1.586,0.227345,0.223,0.23,34.582759,33.2,36.7,4.032862,4.031,4.034,3869,3897,0,0,0,0
2020-11-26T04:00:00Z,30,1.2648,0.746,1.661,0.226133,0.225,0.228,36.216667,35.8,36.7,4.034267,4.032,4.036,3898,3927,0,0,0,0
2020-11-26T05:00:00Z,29,1.288586,0.797,1.704,0.225621,0.224,0.228,36.610345,36,37.1,4.034793,4.032,4.037,3928,3956,0,0,0,0
2020-11-26T06:00:00Z,30,1.2425,0.875,1.835,0.224633,0.223,0.228,37.326667,36.7,38.2,4.034867,4.034,4.036,3957,3986,0,0,0,0
2020-11-26T07:00:00Z,29,1.364172,0.6,1.892,0.224069,0.223,0.227,38.324138,37.3,39.2,4.035552,4.034,4.037,3987,4015,0,0,0,0
2020-11-26T08:00:00Z,30,0.534667,0.47,0.641,0.2272,0.225,0.23,35.33,34,36.9,4.033667,4.032,4.036,4016,4045,0,0,0,0
2020-11-26T09:00:00Z,29,0.134862,0,0.551,0.228724,0.228,0.231,33.141379,32.3,34,4.032345,4.031,4.034,4046,4074,0,0,0,0
2020-11-26T10:00:00Z,29,0,0,0,0.230448,0.229,0.232,31.558621,31.4,32.2,4.032034,4.031,4.034,4075,4103,0,0,0,0
2020-11-26T11:00:00Z,30,0,0,0,0.2306,0.229,0.233,31.393333,31.3,31.4,4.031833,4.031,4.034,4104,4133,0,0,0,0
2020-11-26T12:00:00Z,29,0,0,0,0.231069,0.23,0.233,31.293103,31,31.4,4.03169,4.029,4.036,4134,4162,0,0,0,0
2020-11-26T13:00:00Z,30,0,0,0,0.2313,0.23,0.233,31.083333,30.7,31.4,4.031533,4.031,4.034,4163,4192,0,0,0,0
2020-11-26T14:00:00Z,29,0,0,0,0.231,0.23,0.233,31.210345,30.5,31.4,4.031586,4.031,4.032,4193,4221,0,0,0,0
2020-11-26T15:00:00Z,30,0,0,0,0.231533,0.23,0.233,30.246667,30.1,30.4,4.031433,4.029,4.032,4222,4251,0,0,0,0
2020-11-26T16:00:00Z,29,0,0,0,0.232345,0.231,0.234,30.07931,30,30.2,4.031414,4.031,4.032,4252,4280,0,0,0,0
2020-11-26T17:00:00Z,30,0,0,0,0.232767,0.231,0.234,29.656667,29.5,30,4.0308,4.029,4.032,4281,4310,0,0,0,0
2020-11-26T18:00:00Z,29,0,0,0,0.232862,0.231,0.235,29.455172,29.2,29.6,4.030828,4.029,4.032,4311,4339,0,0,0,0
2020-11-26T19:00:00Z,30,0,0,0,0.2331,0.232,0.235,29.1,29,29.2,4.030467,4.029,4.032,4340,4369,0,0,0,0
2020-11-26T20:00:00Z,29,0,0,0,0.233172,0.232,0.235,28.962069,28.9,29.1,4.02969,4.027,4.031,4370,4398,0,0,0,0
2020-11-26T21:00:00Z,30,0,0,0,0.233367,0.232,0.235,28.81,28.7,29,4.029967,4.029,4.032,4399,4428,0,0,0,0
2020-11-26T22:00:00Z,29,0,0,0,0.233586,0.232,0.237,28.641379,28.6,28.7,4.029552,4.029,4.031,4429,4457,0,0,0,0
2020-11-26T23:00:00Z,27,0.051074,0,0.367,0.233519,0.233,0.235,28.592593,28.4,28.8,4.029519,4.029,4.031,4458,4486,0,0,0,0
2020-11-27T00:00:00Z,29,0.572034,0.382,0.761,0.232724,0.231,0.235,29.610345,28.8,30.4,4.02969,4.029,4.031,4487,4515,0,0,0,0
2020-11-27T01:00:00Z,30,0.7947,0.662,0.957,0.230867,0.228,0.233,31.176667,30.4,32.3,4.029933,4.029,4.031,4516,4545,0,0,0,0
2020-11-27T02:00:00Z,29,0.902897,0.792,1.012,0.228241,0.226,0.231,33.593103,32.5,35.3,4.029966,4.029,4.031,4546,4574,0,0,0,0
2020-11-27T03:00:00Z,30,0.933633,0.788,1.023,0.2261,0.224,0.229,36.326667,35.3,36.7,4.0308,4.029,4.032,4575,4604,0,0,0,0
2020-11-27T04:00:00Z,29,0.804552,0.706,0.908,0.226207,0.225,0.228,35.665517,35.5,36.2,4.030793,4.029,4.032,4605,4633,0,0,0,0
2020-11-27T05:00:00Z,30,1.063233,0.89,1.233,0.226533,0.225,0.229,36.13,35.6,36.6,4.030333,4.029,4.034,4634,4663,0,0,0,0
2020-11-27T06:00:00Z,29,1.052655,0.897,1.19,0.226931,0.226,0.229,35.448276,35.3,35.7,4.02969,4.029,4.031,4664,4692,0,0,0,0
2020-11-27T07:00:00Z,28,0.904821,0.628,1.048,0.227286,0.226,0.228,35.271429,34.5,35.5,4.029786,4.029,4.031,4693,4722,0,0,0,0
2020-11-27T08:00:00Z,29,0.596345,0.319,0.785,0.227966,0.227,0.23,34.017241,33.3,34.3,4.029552,4.029,4.031,4723,4751,0,0,0,0
2020-11-27T09:00:00Z,30,0.120433,0,0.341,0.2288,0.228,0.231,32.876667,32.6,33.2,4.029333,4.029,4.031,4752,4781,0,0,0,0
2020-11-27T10:00:00Z,29,0,0,0,0.229862,0.229,0.233,31.844828,31.5,32.6,4.029345,4.027,4.031,4782,4810,0,0,0,0
2020-11-27T11:00:00Z,30,0,0,0,0.230333,0.229,0.233,31.436667,31.4,31.5,4.028733,4.027,4.029,4811,4840,0,0,0,0
2020-11-27T12:00:00Z,29,0,0,0,0.231069,0.23,0.233,31.393103,31.3,31.4,4.028586,4.027,4.029,4841,4869,0,0,0,0
2020-11-27T13:00:00Z,30,0,0,0,0.2312,0.23,0.233,30.96,30.6,31.3,4.027867,4.027,4.029,4870,4899,0,0,0,0
2020-11-27T14:00:00Z,29,0,0,0,0.23131,0.23,0.233,30.613793,30.5,30.7,4.02769,4.027,4.029,4900,4928,0,0,0,0
2020-11-27T15:00:00Z,29,0,0,0,0.231379,0.23,0.233,30.855172,30.6,31.2,4.027552,4.027,4.029,4929,4957,0,0,0,0
2020-11-27T16:00:00Z,30,0.005333,0,0.16,0.236433,0.23,0.384,30.441379,30.1,30.7,4.027414,4.027,4.029,4958,4987,0,0,0,0
2020-11-27T17:00:00Z,29,0,0,0,0.232103,0.23,0.234,30.117241,30,30.3,4.027034,4.026,4.029,4988,5016,0,0,0,0
2020-11-27T18:00:00Z,30,0,0,0,0.232533,0.231,0.234,29.653333,29.4,30,4.0269,4.026,4.027,5017,5046,0,0,0,0
2020-11-27T19:00:00Z,29,0,0,0,0.232828,0.232,0.234,29.265517,29.1,29.4,4.027,4.026,4.029,5047,5075,0,0,0,0
2020-11-27T20:00:00Z,30,0,0,0,0.2332,0.232,0.235,28.963333,28.6,29.3,4.027,4.027,4.027,5076,5105,0,0,0,0
2020-11-27T21:00:00Z,29,0,0,0,0.233828,0.233,0.236,28.210345,27.9,28.6,4.02669,4.026,4.027,5106,5134,0,0,0,0
2020-11-27T22:00:00Z,30,0,0,0,0.234,0.233,0.236,27.85,27.7,28,4.026567,4.026,4.027,5135,5164,0,0,0,0
2020-11-27T23:00:00Z,29,0.036621,0,0.367,0.234172,0.233,0.238,27.87931,27.7,28.6,4.026517,4.024,4.027,5165,5193,0,0,0,0
2020-11-28T00:00:00Z,30,0.435333,0.347,0.579,0.233233,0.232,0.235,29.06,28.6,29.9,4.0266,4.026,4.027,5194,5223,0,0,0,0
2020-11-28T01:00:00Z,29,0.71869,0.626,0.869,0.230828,0.228,0.234,30.937931,30,32.6,4.026448,4.026,4.027,5224,5252,0,0,0,0
2020-11-28T02:00:00Z,30,0.9362,0.823,1.166,0.227667,0.226,0.23,34.383333,32.6,35.4,4.0269,4.026,4.029,5253,5282,0,0,0,0
2020-11-28T03:00:00Z,29,1.20169,0.89,1.381,0.225931,0.224,0.228,35.882759,35.4,36.5,4.026966,4.026,4.029,5283,5311,0,0,0,0
2020-11-28T04:00:00Z,30,0.946633,0.857,1.092,0.227667,0.226,0.23,34.73,34.3,35.4,4.026933,4.026,4.027,5312,5341,0,0,0,0
2020-11-28T05:00:00Z,29,1.263,1.082,1.436,0.226724,0.224,0.229,35.97931,34.8,36.7,4.027,4.026,4.029,5342,5370,0,0,0,0
2020-11-28T06:00:00Z,29,1.298207,0.977,1.548,0.225069,0.223,0.228,37.437931,36.7,38.1,4.026862,4.026,4.027,5371,5399,0,0,0,0
2020-11-28T07:00:00Z,30,1.1928,0.943,1.704,0.225433,0.223,0.228,36.756667,36.2,37.9,4.026833,4.026,4.027,5400,5429,0,0,0,0
2020-11-28T08:00:00Z,29,0.807759,0.597,1.22,0.226724,0.225,0.228,35.724138,34.8,36.7,4.026621,4.026,4.027,5430,5458,0,0,0,0
2020-11-28T09:00:00Z,30,0.182867,0,0.577,0.2281,0.227,0.23,33.68,32.8,34.7,4.0265,4.026,4.027,5459,5488,0,0,0,0
2020-11-28T10:00:00Z,29,0,0,0,0.228931,0.228,0.231,32.637931,32.5,32.8,4.026241,4.026,4.027,5489,5517,0,0,0,0
2020-11-28T11:00:00Z,30,0,0,0,0.228833,0.228,0.231,32.67,32.6,32.7,4.026033,4.024,4.027,5518,5547,0,0,0,0
2020-11-28T12:00:00Z,29,0,0,0,0.229276,0.228,0.231,32.358621,31.9,32.6,4.025793,4.024,4.027,5548,5576,0,0,0,0
2020-11-28T13:00:00Z,30,0,0,0,0.230567,0.229,0.233,31.43,31.2,31.8,4.0257,4.024,4.027,5577,5606,0,0,0,0
2020-11-28T14:00:00Z,28,0,0,0,0.230643,0.229,0.233,31.292857,31.2,31.4,4.025214,4.022,4.026,5607,5635,0,0,0,0
2020-11-28T15:00:00Z,29,0,0,0,0.23131,0.229,0.233,30.772414,30.6,31.1,4.025448,4.022,4.026,5636,5664,0,0,0,0
2020-11-28T16:00:00Z,30,0,0,0,0.231267,0.23,0.233,30.666667,30.5,31,4.024733,4.022,4.026,5665,5694,0,0,0,0
2020-11-28T17:00:00Z,29,0,0,0,0.231448,0.23,0.233,30.644828,30.4,30.9,4.024103,4.021,4.026,5695,5723,0,0,0,0
2020-11-28T18:00:00Z,30,0,0,0,0.2317,0.23,0.233,30.463333,30.3,30.7,4.024267,4.022,4.026,5724,5753,0,0,0,0
2020-11-28T19:00:00Z,29,0,0,0,0.232138,0.23,0.234,30.217241,30.1,30.5,4.023517,4.022,4.026,5754,5782,0,0,0,0
2020-11-28T20:00:00Z,30,0,0,0,0.232133,0.231,0.233,30.096667,30,30.1,4.023533,4.022,4.026,5783,5812,0,0,0,0
2020-11-28T21:00:00Z,29,0,0,0,0.233,0.231,0.236,29.496552,28.6,30.1,4.022586,4.021,4.026,5813,5841,0,0,0,0
2020-11-28T22:00:00Z,30,0,0,0,0.234167,0.233,0.236,28.153333,27.7,28.7,4.0218,4.021,4.024,5842,5871,0,0,0,0
2020-11-28T23:00:00Z,29,0,0,0,0.233621,0.233,0.235,28.065517,27.6,28.3,4.021655,4.019,4.024,5872,5900,0,0,0,0
2020-11-29T00:00:00Z,30,0.143933,0,0.498,0.234,0.233,0.237,28.07,27.6,28.7,4.0216,4.019,4.024,5901,5930,0,0,0,0
2020-11-29T01:00:00Z,29,0.929345,0.46,1.364,0.232621,0.23,0.236,29.92069,28.7,31.4,4.021345,4.019,4.024,5931,5959,0,0,0,0
2020-11-29T02:00:00Z,30,1.304,1.023,1.586,0.230467,0.228,0.233,31.833333,31.4,32.6,4.0209,4.019,4.024,5960,5989,0,0,0,0
2020-11-29T03:00:00Z,29,1.154069,0.784,1.504,0.229414,0.228,0.231,32.3,31.8,32.7,4.021103,4.019,4.024,5990,6018,0,0,0,0
2020-11-29T04:00:00Z,29,1.363759,0.925,1.453,0.228345,0.227,0.232,32.934483,32.5,33.3,4.01869,4.016,4.021,6019,6047,0,0,0,0
2020-11-29T05:00:00Z,30,1.145467,0.769,1.431,0.228867,0.228,0.232,32.673333,32.5,32.9,4.019267,4.017,4.021,6048,6077,0,0,0,0
2020-11-29T06:00:00Z,29,1.385655,1.133,1.571,0.228379,0.227,0.231,33.696552,32.8,34.1,4.018931,4.017,4.021,6078,6106,0,0,0,0
2020-11-29T07:00:00Z,27,0.890333,0.528,1.11,0.229333,0.228,0.233,32.22963,31.8,33.4,4.017407,4.016,4.021,6107,6135,0,0,0,0
2020-11-29T08:00:00Z,13,0.447231,0,0.69,0.229769,0.228,0.232,31.776923,31.6,32.1,4.016538,4.014,4.019,6136,6160,0,0,0,0
2020-11-29T09:00:00Z,16,0,0,0,0.231125,0.229,0.233,31.3,31.1,31.4,4.012625,4.011,4.014,6165,6188,0,0,0,0
2020-11-29T10:00:00Z,12,0,0,0,0.231667,0.23,0.233,30.6,30.4,30.9,4.0105,4.009,4.012,6194,6211,0,0,0,0
2020-11-29T11:00:00Z,27,0,0,0,0.232963,0.231,0.235,28.959259,27.8,30.6,4.008778,4.007,4.011,6220,6246,0,0,0,0
2020-11-29T12:00:00Z,30,0,0,0,0.2335,0.233,0.236,28.303333,27.8,28.7,4.0081,4.006,4.011,6247,6276,0,0,0,0
2020-11-29T13:00:00Z,29,0,0,0,0.233448,0.232,0.236,28.686207,28.6,28.8,4.007621,4.006,4.011,6277,6305,0,0,0,0
2020-11-29T14:00:00Z,30,0,0,0,0.233267,0.231,0.235,28.983333,28.7,29.4,4.006867,4.006,4.009,6306,6335,0,0,0,0
2020-11-29T15:00:00Z,29,0,0,0,0.232655,0.227,0.234,29.355172,29.1,29.6,4.006345,4.004,4.007,6336,6364,0,0,0,0
2020-11-29T16:00:00Z,30,0,0,0,0.233233,0.232,0.235,29.036667,28.9,29.1,4.005767,4.004,4.009,6365,6394,0,0,0,0
2020-11-29T17:00:00Z,29,0,0,0,0.233034,0.231,0.235,29.013793,28.9,29.1,4.00469,4.003,4.006,6395,6423,0,0,0,0
2020-11-29T18:00:00Z,30,0,0,0,0.233333,0.232,0.235,28.82,28.7,29,4.004367,4.001,4.006,6424,6453,0,0,0,0
2020-11-29T19:00:00Z,29,0,0,0,0.233069,0.232,0.234,28.893103,28.7,29.1,4.003897,4.003,4.006,6454,6482,0,0,0,0
2020-11-29T20:00:00Z,30,0,0,0,0.233433,0.233,0.235,28.696667,28.6,28.8,4.003,4.001,4.004,6483,6512,0,0,0,0
2020-11-29T21:00:00Z,29,0,0,0,0.233724,0.233,0.236,28.103448,27.7,28.6,4.001621,3.999,4.003,6513,6541,0,0,0,0
2020-11-29T22:00:00Z,30,0,0,0,0.2343,0.233,0.237,27.626667,27.5,27.7,4.001133,3.999,4.003,6542,6571,0,0,0,0
2020-11-29T23:00:00Z,29,0,0,0,0.23431,0.233,0.237,27.768966,27.6,27.9,4.000517,3.999,4.003,6572,6600,0,0,0,0
2020-11-30T00:00:00Z,29,0.393172,0,0.544,0.233517,0.233,0.237,28.693103,28,29.1,4.000586,3.999,4.003,6601,6629,0,0,0,0
2020-11-30T01:00:00Z,30,0.834633,0.574,1.033,0.2319,0.23,0.234,30.056667,29.1,31.4,3.9996,3.999,4.001,6630,6659,0,0,0,0
2020-11-30T02:00:00Z,29,1.213897,0.88,1.526,0.229172,0.228,0.232,32.389655,31.4,33.1,3.999828,3.999,4.003,6660,6688,0,0,0,0
2020-11-30T03:00:00Z,30,1.075533,0.841,1.382,0.228267,0.227,0.231,33.536667,32.8,34,3.999567,3.998,4.001,6689,6718,0,0,0,0
2020-11-30T04:00:00Z,29,1.156966,0.959,1.267,0.228448,0.227,0.231,33.682759,32.8,34,3.999414,3.998,4.001,6719,6747,0,0,0,0
2020-11-30T05:00:00Z,26,1.109462,0.664,1.336,0.227654,0.227,0.229,34.534615,34,35,3.998269,3.996,4.001,6748,6776,0,0,0,0
2020-11-30T06:00:00Z,30,1.155567,0.757,1.417,0.2268,0.226,0.228,35.386667,35,35.8,3.9983,3.996,3.999,6777,6806,0,0,0,0
2020-11-30T07:00:00Z,29,0.945379,0.656,1.038,0.227828,0.227,0.23,34.603448,34.3,35.3,3.997724,3.996,3.999,6807,6835,0,0,0,0
2020-11-30T08:00:00Z,30,0.741167,0.544,0.926,0.228167,0.227,0.23,34.12,33.5,34.5,3.996267,3.994,3.998,6836,6865,0,0,0,0
2020-11-30T09:00:00Z,29,0.164793,0,0.523,0.228966,0.228,0.232,32.775862,32.1,33.5,3.994552,3.991,3.996,6866,6894,0,0,0,0
2020-11-30T10:00:00Z,29,0,0,0,0.230724,0.229,0.233,31.375862,31.1,31.9,3.993379,3.991,3.996,6895,6923,0,0,0,0
2020-11-30T11:00:00Z,30,0,0,0,0.232267,0.231,0.234,29.733333,27.4,31,3.992867,3.991,3.996,6924,6953,0,0,0,0
2020-11-30T12:00:00Z,29,0,0,0,0.235414,0.234,0.238,26.989655,26.8,27.4,3.989966,3.988,3.994,6954,6982,0,0,0,0
2020-11-30T13:00:00Z,29,0,0,0,0.23469,0.234,0.237,27.258621,26.9,27.4,3.989345,3.986,3.993,6983,7012,0,0,0,0
2020-11-30T14:00:00Z,28,0,0,0,0.234107,0.233,0.237,27.575,27.3,28,3.987786,3.984,3.989,7013,7041,0,0,0,0
2020-11-30T15:00:00Z,30,0,0,0,0.233933,0.233,0.236,28.146667,28.1,28.3,3.987,3.984,3.989,7042,7071,0,0,0,0
2020-11-30T16:00:00Z,29,0,0,0,0.233552,0.233,0.236,28.272414,28.1,28.6,3.985897,3.983,3.988,7072,7100,0,0,0,0
2020-11-30T17:00:00Z,29,0,0,0,0.233172,0.232,0.234,28.765517,28.7,28.9,3.985207,3.983,3.988,7101,7129,0,0,0,0
2020-11-30T18:00:00Z,30,0,0,0,0.2335,0.233,0.236,28.596667,28.4,28.8,3.983333,3.981,3.986,7130,7159,0,0,0,0
2020-11-30T19:00:00Z,29,0,0,0,0.233517,0.233,0.235,28.613793,28.5,28.7,3.983207,3.981,3.984,7160,7188,0,0,0,0
2020-11-30T20:00:00Z,30,0,0,0,0.233767,0.233,0.236,28.533333,28.4,28.6,3.982,3.979,3.984,7189,7218,0,0,0,0
2020-11-30T21:00:00Z,29,0,0,0,0.23369,0.233,0.236,28.506897,28.1,28.7,3.980862,3.979,3.983,7219,7247,0,0,0,0
2020-11-30T22:00:00Z,30,0,0,0,0.2339,0.233,0.238,28.036667,27.6,28.3,3.978867,3.978,3.981,7248,7277,0,0,0,0
2020-11-30T23:00:00Z,29,0,0,0,0.234138,0.233,0.237,27.662069,27.6,27.9,3.978414,3.978,3.979,7278,7306,0,0,0,0
2020-12-01T00:00:00Z,30,0.352167,0,0.603,0.233733,0.232,0.237,28.59,28,29,3.977567,3.976,3.979,7307,7336,0,0,0,0
2020-12-01T01:00:00Z,29,0.854724,0.588,1.153,0.232207,0.229,0.235,30.096552,29.1,31.4,3.977379,3.976,3.979,7337,7365,0,0,0,0
2020-12-01T02:00:00Z,30,1.271367,0.997,1.52,0.229467,0.228,0.233,32.43,31.3,33.9,3.977433,3.976,3.979,7366,7395,0,0,0,0
2020-12-01T03:00:00Z,29,1.441552,1.139,1.641,0.228034,0.227,0.229,33.917241,33.6,34.5,3.976483,3.976,3.978,7396,7424,0,0,0,0
2020-12-01T04:00:00Z,30,1.5286,1.172,1.695,0.227333,0.226,0.231,34.973333,34.6,35.3,3.976133,3.974,3.978,7425,7454,0,0,0,0
2020-12-01T05:00:00Z,29,1.422172,1.074,1.73,0.226552,0.225,0.228,35.493103,35,36.4,3.976,3.976,3.976,7455,7483,0,0,0,0
2020-12-01T06:00:00Z,29,1.038483,0.638,1.602,0.227138,0.225,0.232,35.310345,34,36.7,3.975103,3.974,3.976,7484,7512,0,0,0,0
2020-12-01T07:00:00Z,30,1.1824,0.895,1.417,0.226967,0.226,0.228,35.076667,34.4,35.6,3.974267,3.974,3.976,7513,7542,0,0,0,0
2020-12-01T08:00:00Z,29,0.766448,0.487,1.061,0.227759,0.226,0.23,34.348276,33.4,34.9,3.973862,3.973,3.974,7543,7571,0,0,0,0
2020-12-01T09:00:00Z,29,0.513655,0,0.787,0.228448,0.228,0.232,33.051724,32.7,33.4,3.973345,3.971,3.974,7572,7600,0,0,0,0
2020-12-01T10:00:00Z,30,0,0,0,0.2304,0.228,0.233,31.736667,31.3,32.6,3.972133,3.97,3.974,7601,7630,0,0,0,0
2020-12-01T11:00:00Z,29,0,0,0,0.231379,0.23,0.233,31.262069,31,31.4,3.970759,3.968,3.973,7631,7659,0,0,0,0
2020-12-01T12:00:00Z,30,0,0,0,0.230967,0.23,0.232,30.996667,30.7,31.2,3.9688,3.966,3.971,7660,7689,0,0,0,0
2020-12-01T13:00:00Z,29,0,0,0,0.231448,0.23,0.233,30.444828,30.2,30.7,3.966724,3.965,3.968,7690,7718,0,0,0,0
2020-12-01T14:00:00Z,30,0,0,0,0.2314,0.23,0.233,30.39,30.3,30.5,3.965167,3.963,3.966,7719,7748,0,0,0,0
2020-12-01T15:00:00Z,29,0,0,0,0.231552,0.23,0.233,30.493103,30.3,30.6,3.964241,3.961,3.966,7749,7777,0,0,0,0
2020-12-01T16:00:00Z,28,0,0,0,0.232357,0.231,0.233,30.1,29.8,30.3,3.961393,3.96,3.963,7778,7807,0,0,0,0
2020-12-01T17:00:00Z,29,0,0,0,0.232483,0.231,0.233,29.875862,29.6,30,3.959621,3.956,3.961,7808,7836,0,0,0,0
2020-12-01T18:00:00Z,30,0,0,0,0.232667,0.231,0.235,29.776667,29.6,30,3.9583,3.956,3.961,7837,7866,0,0,0,0
2020-12-01T19:00:00Z,29,0,0,0,0.232621,0.231,0.234,29.57931,29.4,29.7,3.956241,3.953,3.958,7867,7895,0,0,0,0
2020-12-01T20:00:00Z,29,0,0,0,0.232862,0.232,0.236,29.37931,29,29.8,3.954586,3.953,3.956,7896,7924,0,0,0,0
2020-12-01T21:00:00Z,30,0,0,0,0.233233,0.233,0.236,28.92,28.6,29.1,3.953067,3.95,3.955,7925,7954,0,0,0,0
2020-12-01T22:00:00Z,29,0,0,0,0.233655,0.233,0.235,28.482759,28.2,28.6,3.95069,3.95,3.953,7955,7983,0,0,0,0
2020-12-01T23:00:00Z,30,0.021333,0,0.324,0.233367,0.233,0.235,28.496667,28.2,28.8,3.949733,3.948,3.951,7984,8013,0,0,0,0
2020-12-02T00:00:00Z,29,0.459103,0,0.706,0.232655,0.231,0.235,29.696552,28.9,30.1,3.948586,3.946,3.951,8014,8042,0,0,0,0
2020-12-02T01:00:00Z,30,0.674733,0.472,0.944,0.230833,0.229,0.233,30.866667,30.1,31.5,3.947267,3.946,3.95,8043,8072,0,0,0,0
2020-12-02T02:00:00Z,29,0.798,0.623,1.049,0.228379,0.226,0.231,33.286207,31.5,35.3,3.94731,3.946,3.95,8073,8101,0,0,0,0
2020-12-02T03:00:00Z,30,0.786867,0.328,0.971,0.226167,0.225,0.228,35.656667,35.3,36,3.946667,3.946,3.948,8102,8131,0,0,0,0
2020-12-02T04:00:00Z,29,0.750552,0.367,1.023,0.226828,0.225,0.229,35.517241,35.4,35.8,3.945483,3.943,3.946,8132,8160,0,0,0,0
2020-12-02T05:00:00Z,30,0.8451,0.67,1.338,0.226667,0.225,0.229,36.46,35.7,36.9,3.944733,3.943,3.946,8161,8190,0,0,0,0
2020-12-02T06:00:00Z,29,0.797655,0.334,1.021,0.225379,0.223,0.228,37.237931,36.7,38.3,3.943759,3.941,3.945,8191,8219,0,0,0,0
2020-12-02T07:00:00Z,30,0.987333,0.328,1.645,0.2243,0.223,0.229,38.076667,36.9,38.8,3.942933,3.941,3.945,8220,8249,0,0,0,0
2020-12-02T08:00:00Z,29,0.727276,0.374,1.321,0.22669,0.224,0.228,35.806897,34.5,37.7,3.939586,3.937,3.943,8250,8278,0,0,0,0
2020-12-02T09:00:00Z,30,0.240533,0,0.6,0.2288,0.228,0.231,33.63,32.7,34.4,3.937333,3.935,3.94,8279,8308,0,0,0,0
2020-12-02T10:00:00Z,29,0,0,0,0.230138,0.228,0.233,31.989655,31.4,32.7,3.935,3.933,3.937,8309,8337,0,0,0,0
2020-12-02T11:00:00Z,30,0,0,0,0.230433,0.229,0.234,31.496667,31.4,31.6,3.932633,3.932,3.935,8338,8367,0,0,0,0
2020-12-02T12:00:00Z,29,0,0,0,0.23069,0.23,0.232,31.403448,31.4,31.5,3.931655,3.93,3.933,8368,8396,0,0,0,0
2020-12-02T13:00:00Z,30,0,0,0,0.2312,0.23,0.233,31.333333,31.2,31.4,3.930033,3.927,3.932,8397,8426,0,0,0,0
2020-12-02T14:00:00Z,29,0,0,0,0.231724,0.231,0.233,30.872414,30.3,31.3,3.928379,3.927,3.93,8427,8455,0,0,0,0
2020-12-02T15:00:00Z,29,0,0,0,0.232517,0.231,0.234,30.065517,30,30.2,3.926552,3.925,3.928,8456,8484,0,0,0,0
2020-12-02T16:00:00Z,30,0,0,0,0.2331,0.232,0.235,29.633333,28.9,30,3.9248,3.923,3.927,8485,8514,0,0,0,0
2020-12-02T17:00:00Z,29,0,0,0,0.234,0.233,0.236,28.631034,28.5,28.9,3.923276,3.923,3.925,8515,8543,0,0,0,0
2020-12-02T18:00:00Z,30,0,0,0,0.234433,0.233,0.237,28.14,27.9,28.4,3.9228,3.922,3.923,8544,8573,0,0,0,0
2020-12-02T19:00:00Z,29,0,0,0,0.234276,0.233,0.236,27.710345,27.4,28,3.922379,3.922,3.923,8574,8602,0,0,0,0
2020-12-02T20:00:00Z,30,0,0,0,0.235333,0.234,0.237,27.373333,27.3,27.4,3.921933,3.92,3.922,8603,8632,0,0,0,0
2020-12-02T21:00:00Z,29,0,0,0,0.235586,0.234,0.237,27.168966,26.9,27.3,3.920552,3.918,3.922,8633,8661,0,0,0,0
2020-12-02T22:00:00Z,30,0,0,0,0.236267,0.235,0.238,26.75,26.6,26.9,3.919433,3.917,3.922,8662,8691,0,0,0,0
2020-12-02T23:00:00Z,29,0,0,0,0.236414,0.235,0.238,26.631034,26.4,27,3.918586,3.917,3.92,8692,8720,0,0,0,0
2020-12-03T00:00:00Z,29,0.167828,0,0.419,0.235207,0.234,0.237,27.403448,27,28,3.917793,3.917,3.92,8721,8750,0,0,0,0
2020-12-03T01:00:00Z,27,0.587889,0.434,0.762,0.232963,0.23,0.236,29.392593,28.1,31.4,3.91663,3.915,3.918,8751,8779,0,0,0,0
2020-12-03T02:00:00Z,21,0.912905,0.767,1.1,0.228619,0.227,0.233,33.17619,31.4,35,3.917,3.915,3.92,8780,8807,0,0,0,0
2020-12-03T03:00:00Z,15,0.798,0.759,0.862,0.227133,0.226,0.23,35.366667,35.3,35.4,3.914733,3.913,3.917,8815,8834,0,0,0,0
2020-12-03T04:00:00Z,23,0.753478,0.734,0.77,0.227217,0.226,0.23,35.247826,35.1,35.4,3.912217,3.91,3.913,8836,8863,0,0,0,0
2020-12-03T05:00:00Z,19,0.841105,0.761,0.959,0.226895,0.226,0.229,35.631579,35.4,36.1,3.908474,3.907,3.91,8865,8891,0,0,0,0
2020-12-03T06:00:00Z,26,0.978038,0.757,1.08,0.226038,0.224,0.229,36.696154,36.6,36.8,3.907538,3.905,3.91,8894,8920,0,0,0,0
2020-12-03T07:00:00Z,29,0.953345,0.475,1.258,0.226172,0.224,0.229,36.658621,35.6,37.4,3.906931,3.904,3.91,8921,8949,0,0,0,0
2020-12-03T08:00:00Z,28,0.49375,0.385,0.629,0.227179,0.225,0.229,35.260714,34.5,36.7,3.905143,3.904,3.907,8950,8978,0,0,0,0
2020-12-03T09:00:00Z,23,0.074087,0,0.367,0.228565,0.227,0.231,33.621739,32.7,34.8,3.901783,3.9,3.905,8979,9006,0,0,0,0
2020-12-03T10:00:00Z,29,0,0,0,0.229517,0.228,0.232,32.472414,32.1,32.7,3.89969,3.899,3.9,9007,9036,0,0,0,0
2020-12-03T11:00:00Z,29,0,0,0,0.231345,0.23,0.233,30.965517,30.1,32,3.898966,3.897,3.902,9037,9065,0,0,0,0
2020-12-03T12:00:00Z,30,0,0,0,0.2322,0.231,0.233,30.286667,30,30.5,3.8976,3.895,3.899,9066,9095,0,0,0,0
2020-12-03T13:00:00Z,29,0,0,0,0.232276,0.231,0.233,30.12069,30,30.3,3.897,3.895,3.899,9096,9124,0,0,0,0
2020-12-03T14:00:00Z,28,0,0,0,0.232571,0.232,0.233,29.9,29.5,30.1,3.895929,3.895,3.899,9125,9153,0,0,0,0
2020-12-03T15:00:00Z,30,0,0,0,0.233467,0.233,0.236,29.066667,28.7,29.4,3.8948,3.894,3.897,9154,9183,0,0,0,0
2020-12-03T16:00:00Z,29,0,0,0,0.234,0.233,0.237,28.417241,28.1,28.7,3.894276,3.894,3.895,9184,9212,0,0,0,0
2020-12-03T17:00:00Z,30,0,0,0,0.234833,0.233,0.237,27.706667,27.4,28.1,3.8937,3.892,3.895,9213,9242,0,0,0,0
2020-12-03T18:00:00Z,29,0,0,0,0.235172,0.234,0.238,27.306897,27.1,27.4,3.892207,3.89,3.894,9243,9271,0,0,0,0
2020-12-03T19:00:00Z,30,0,0,0,0.236167,0.235,0.238,26.856667,26.7,27.1,3.891767,3.889,3.894,9272,9301,0,0,0,0
2020-12-03T20:00:00Z,29,0,0,0,0.236345,0.235,0.238,26.372414,26.1,26.7,3.890793,3.889,3.894,9302,9330,0,0,0,0
2020-12-03T21:00:00Z,30,0,0,0,0.236833,0.235,0.238,26.08,26,26.1,3.889967,3.887,3.892,9331,9360,0,0,0,0
2020-12-03T22:00:00Z,29,0,0,0,0.237345,0.236,0.241,25.744828,25.4,26.1,3.888828,3.885,3.89,9361,9389,0,0,0,0
2020-12-03T23:00:00Z,30,0,0,0,0.237667,0.236,0.24,25.6,25.3,26,3.887933,3.885,3.889,9390,9419,0,0,0,0
2020-12-04T00:00:00Z,29,0.299621,0,0.487,0.236207,0.235,0.238,26.517241,26,27.1,3.887034,3.884,3.889,9420,9448,0,0,0,0
2020-12-04T01:00:00Z,30,0.5987,0.457,0.715,0.2342,0.233,0.236,28.213333,27.2,29.8,3.888233,3.887,3.89,9449,9478,0,0,0,0
2020-12-04T02:00:00Z,29,0.919448,0.734,1.138,0.229724,0.228,0.233,31.962069,30,33,3.889897,3.887,3.892,9479,9507,0,0,0,0
2020-12-04T03:00:00Z,30,0.802033,0.733,0.893,0.228133,0.227,0.23,33.763333,33,34,3.890133,3.889,3.892,9508,9537,0,0,0,0
2020-12-04T04:00:00Z,29,0.690379,0.662,0.72,0.22869,0.227,0.232,33.582759,33.4,33.8,3.890414,3.889,3.892,9538,9566,0,0,0,0
2020-12-04T05:00:00Z,30,0.752967,0.687,0.813,0.228033,0.227,0.231,34.353333,33.8,35,3.890133,3.889,3.892,9567,9596,0,0,0,0
2020-12-04T06:00:00Z,29,0.933,0.813,1.082,0.225966,0.224,0.228,36.17931,35,36.8,3.890966,3.889,3.892,9597,9625,0,0,0,0
2020-12-04T07:00:00Z,29,1.015897,0.859,1.233,0.225552,0.223,0.229,37.013793,36.7,37.4,3.891655,3.89,3.894,9626,9654,0,0,0,0
2020-12-04T08:00:00Z,30,0.633833,0.447,1.34,0.2271,0.224,0.231,35.136667,34,36.9,3.890167,3.889,3.892,9655,9684,0,0,0,0
2020-12-04T09:00:00Z,29,0.174069,0,0.439,0.22869,0.228,0.23,33.231034,32.6,34,3.889069,3.887,3.89,9685,9713,0,0,0,0
2020-12-04T10:00:00Z,30,0,0,0,0.2304,0.229,0.233,31.746667,31.3,32.6,3.887333,3.885,3.889,9714,9743,0,0,0,0
2020-12-04T11:00:00Z,29,0,0,0,0.231172,0.23,0.233,31.237931,31.1,31.3,3.886276,3.884,3.889,9744,9772,0,0,0,0
2020-12-04T12:00:00Z,30,0,0,0,0.232367,0.231,0.234,30.183333,30,31.1,3.885667,3.884,3.887,9773,9802,0,0,0,0
2020-12-04T13:00:00Z,29,0,0,0,0.233069,0.232,0.234,29.537931,29.2,30.1,3.885,3.882,3.887,9803,9831,0,0,0,0
2020-12-04T14:00:00Z,30,0,0,0,0.233133,0.233,0.234,29.23,29.1,29.4,3.8836,3.88,3.887,9832,9861,0,0,0,0
2020-12-04T15:00:00Z,29,0,0,0,0.233034,0.232,0.234,29.024138,28.7,29.3,3.882966,3.88,3.885,9862,9890,0,0,0,0
2020-12-04T16:00:00Z,30,0,0,0,0.233933,0.233,0.236,28.23,27.8,28.7,3.881233,3.879,3.884,9891,9920,0,0,0,0
2020-12-04T17:00:00Z,29,0,0,0,0.234621,0.233,0.237,27.596552,27.5,27.7,3.880586,3.877,3.884,9921,9949,0,0,0,0
2020-12-04T18:00:00Z,30,0,0,0,0.235067,0.234,0.237,27.33,27.2,27.5,3.88,3.877,3.882,9950,9979,0,0,0,0
2020-12-04T19:00:00Z,29,0,0,0,0.235828,0.235,0.238,26.958621,26.7,27.2,3.879517,3.877,3.882,9980,10008,0,0,0,0
2020-12-04T20:00:00Z,30,0,0,0,0.236233,0.235,0.239,26.576667,26.4,26.7,3.878967,3.877,3.88,10009,10038,0,0,0,0
2020-12-04T21:00:00Z,29,0,0,0,0.236621,0.235,0.239,26.255172,26.2,26.4,3.877345,3.875,3.879,10039,10067,0,0,0,0
2020-12-04T22:00:00Z,29,0,0,0,0.236828,0.235,0.239,26.158621,26.1,26.2,3.878138,3.875,3.88,10068,10096,0,0,0,0
2020-12-04T23:00:00Z,30,0,0,0,0.236467,0.235,0.239,26.38,26.1,27,3.877167,3.874,3.879,10097,10126,0,0,0,0
2020-12-05T00:00:00Z,29,0.294897,0,0.479,0.235207,0.233,0.238,27.437931,27.1,28,3.878103,3.877,3.879,10127,10155,0,0,0,0
2020-12-05T01:00:00Z,30,0.621733,0.488,0.769,0.233233,0.23,0.236,29.47,28.1,31.4,3.8784,3.877,3.88,10156,10185,0,0,0,0
2020-12-05T02:00:00Z,29,0.925483,0.759,1.077,0.229379,0.228,0.233,32.982759,31.4,34.1,3.880414,3.877,3.884,10186,10214,0,0,0,0
2020-12-05T03:00:00Z,30,0.901133,0.879,0.926,0.227733,0.227,0.231,34.503333,34.1,34.7,3.881933,3.88,3.884,10215,10244,0,0,0,0
2020-12-05T04:00:00Z,29,0.832103,0.788,0.897,0.228345,0.227,0.231,34.196552,34,34.6,3.881966,3.879,3.884,10245,10273,0,0,0,0
2020-12-05T05:00:00Z,30,0.8262,0.562,0.916,0.227933,0.227,0.23,34.786667,34.2,35.4,3.882533,3.88,3.884,10274,10303,0,0,0,0
2020-12-05T06:00:00Z,29,0.945,0.684,1.326,0.227241,0.225,0.23,36.131034,35.4,36.8,3.882828,3.88,3.885,10304,10332,0,0,0,0
2020-12-05T07:00:00Z,30,1.025567,0.629,1.489,0.226233,0.224,0.228,36.493333,35.3,37.7,3.882933,3.88,3.885,10333,10362,0,0,0,0
2020-12-05T08:00:00Z,29,0.573862,0,1.121,0.228,0.226,0.23,34.610345,33.3,35.3,3.880552,3.879,3.884,10363,10391,0,0,0,0
2020-12-05T09:00:00Z,30,0.186767,0,0.577,0.2295,0.228,0.232,32.86,32.3,33.3,3.879533,3.877,3.882,10392,10421,0,0,0,0
2020-12-05T10:00:00Z,29,0,0,0,0.230724,0.229,0.233,31.651724,31.3,32.2,3.878828,3.877,3.88,10422,10450,0,0,0,0
2020-12-05T11:00:00Z,30,0,0,0,0.2313,0.23,0.233,30.96,30.7,31.3,3.877567,3.875,3.88,10451,10480,0,0,0,0
2020-12-05T12:00:00Z,27,0,0,0,0.231963,0.231,0.234,30.62963,30.6,30.8,3.878407,3.875,3.88,10481,10509,0,0,0,0
2020-12-05T13:00:00Z,28,0,0,0,0.232107,0.231,0.234,30.492857,30.1,30.7,3.875821,3.874,3.879,10510,10538,0,0,0,0
2020-12-05T14:00:00Z,29,0,0,0,0.232793,0.232,0.234,29.803448,29.3,30.1,3.875103,3.874,3.877,10539,10567,0,0,0,0
2020-12-05T15:00:00Z,29,0,0,0,0.233448,0.233,0.236,29.041379,28.9,29.3,3.873931,3.872,3.875,10568,10596,0,0,0,0
2020-12-05T16:00:00Z,30,0,0,0,0.233567,0.233,0.236,28.696667,28.6,28.8,3.8737,3.872,3.875,10597,10626,0,0,0,0
2020-12-05T17:00:00Z,29,0,0,0,0.234276,0.233,0.236,28.224138,28,28.6,3.872828,3.872,3.874,10627,10655,0,0,0,0
2020-12-05T18:00:00Z,30,0,0,0,0.2348,0.233,0.238,27.716667,27.5,28,3.872367,3.871,3.874,10656,10685,0,0,0,0
2020-12-05T19:00:00Z,29,0,0,0,0.235069,0.233,0.238,27.672414,27.6,27.7,3.872069,3.871,3.874,10686,10714,0,0,0,0
2020-12-05T20:00:00Z,30,0,0,0,0.2349,0.233,0.238,27.413333,27.3,27.7,3.872033,3.871,3.874,10715,10744,0,0,0,0
2020-12-05T21:00:00Z,29,0,0,0,0.235586,0.234,0.238,27.348276,27.3,27.4,3.871793,3.871,3.872,10745,10773,0,0,0,0
2020-12-05T22:00:00Z,30,0,0,0,0.236267,0.234,0.238,26.883333,26.5,27.3,3.871167,3.871,3.872,10774,10803,0,0,0,0
2020-12-05T23:00:00Z,29,0,0,0,0.236138,0.234,0.238,26.637931,26.4,26.9,3.871207,3.871,3.872,10804,10832,0,0,0,0
2020-12-06T00:00:00Z,30,0.15,0,0.416,0.2353,0.234,0.238,27.22,26.9,27.6,3.871133,3.871,3.872,10833,10862,0,0,0,0
2020-12-06T01:00:00Z,29,0.573966,0.423,0.734,0.23331,0.231,0.237,29.127586,27.7,30.9,3.871483,3.871,3.872,10863,10891,0,0,0,0
2020-12-06T02:00:00Z,30,0.876667,0.734,1.107,0.229033,0.228,0.233,32.82,31.2,34,3.8722,3.871,3.874,10892,10921,0,0,0,0
2020-12-06T03:00:00Z,27,0.778963,0.708,0.828,0.227741,0.226,0.231,34.537037,34,34.9,3.872556,3.871,3.874,10922,10950,0,0,0,0
2020-12-06T04:00:00Z,29,0.662828,0.61,0.716,0.227828,0.226,0.23,34.417241,34.2,34.6,3.872724,3.871,3.874,10951,10979,0,0,0,0
2020-12-06T05:00:00Z,30,0.7679,0.621,1.118,0.2272,0.226,0.23,35.433333,34.5,36.6,3.873367,3.872,3.875,10980,11009,0,0,0,0
2020-12-06T06:00:00Z,29,1.16669,0.903,1.561,0.22631,0.224,0.229,36.689655,36.6,36.9,3.873586,3.872,3.875,11010,11038,0,0,0,0
2020-12-06T07:00:00Z,30,1.134667,0.784,1.467,0.2247,0.223,0.227,37.57,36.7,38,3.873367,3.872,3.875,11039,11068,0,0,0,0
2020-12-06T08:00:00Z,27,0.517889,0.367,0.659,0.227667,0.226,0.232,35.285185,34.2,36.9,3.872667,3.871,3.875,11069,11097,0,0,0,0
2020-12-06T09:00:00Z,30,0.201536,0,0.369,0.228567,0.228,0.233,33.676667,32.9,34.1,3.871533,3.871,3.872,11098,11127,0,0,0,0
2020-12-06T10:00:00Z,29,0,0,0,0.229586,0.228,0.232,32.57931,32.2,32.8,3.871276,3.871,3.872,11128,11156,0,0,0,0
2020-12-06T11:00:00Z,30,0,0,0,0.230033,0.225,0.233,31.783333,31.4,32.2,3.870733,3.869,3.871,11157,11186,0,0,0,0
2020-12-06T12:00:00Z,29,0,0,0,0.230724,0.229,0.233,31.348276,30.8,31.6,3.870379,3.869,3.871,11187,11215,0,0,0,0
2020-12-06T13:00:00Z,30,0,0,0,0.232267,0.231,0.236,30.243333,30.1,30.7,3.869867,3.869,3.871,11216,11245,0,0,0,0
2020-12-06T14:00:00Z,29,0,0,0,0.232552,0.231,0.234,30.058621,30,30.1,3.869138,3.869,3.871,11246,11274,0,0,0,0
2020-12-06T15:00:00Z,30,0,0,0,0.232667,0.232,0.235,29.966667,29.7,30,3.868933,3.867,3.869,11275,11304,0,0,0,0
2020-12-06T16:00:00Z,29,0,0,0,0.233207,0.232,0.236,29.668966,29.4,29.9,3.868724,3.867,3.869,11305,11333,0,0,0,0
2020-12-06T17:00:00Z,30,0,0,0,0.233067,0.232,0.235,29.516667,29.3,29.6,3.868267,3.867,3.869,11334,11363,0,0,0,0
2020-12-06T18:00:00Z,29,0,0,0,0.233103,0.232,0.235,29.293103,29.1,29.5,3.868,3.866,3.869,11364,11392,0,0,0,0
2020-12-06T19:00:00Z,29,0,0,0,0.233552,0.233,0.235,28.813793,28.6,29.2,3.86731,3.866,3.869,11393,11421,0,0,0,0
2020-12-06T20:00:00Z,30,0,0,0,0.2344,0.233,0.236,28.346667,27.9,28.6,3.866967,3.866,3.869,11422,11451,0,0,0,0
2020-12-06T21:00:00Z,29,0,0,0,0.234552,0.233,0.237,27.713793,27.7,27.8,3.86669,3.866,3.867,11452,11480,0,0,0,0
2020-12-06T22:00:00Z,30,0,0,0,0.2345,0.233,0.236,27.706667,27.6,27.8,3.866533,3.866,3.867,11481,11510,0,0,0,0
2020-12-06T23:00:00Z,29,0.011138,0,0.323,0.234276,0.233,0.236,27.741379,27.6,28,3.865966,3.864,3.867,11511,11539,0,0,0,0
2020-12-07T00:00:00Z,30,0.481133,0.339,0.775,0.233633,0.233,0.236,28.576667,28,29.6,3.866067,3.864,3.867,11540,11569,0,0,0,0
2020-12-07T01:00:00Z,29,0.856759,0.759,0.992,0.232276,0.23,0.234,30.175862,29.6,31.4,3.866379,3.866,3.867,11570,11598,0,0,0,0
2020-12-07T02:00:00Z,30,1.1961,0.938,1.426,0.229,0.228,0.231,32.643333,31.5,33.4,3.866867,3.864,3.869,11599,11628,0,0,0,0
2020-12-07T03:00:00Z,29,1.235483,0.98,1.43,0.228655,0.228,0.231,33.555172,33.1,34,3.866931,3.866,3.869,11629,11657,0,0,0,0
2020-12-07T04:00:00Z,30,1.373433,0.992,1.522,0.228433,0.227,0.231,34.136667,33.5,34.9,3.866967,3.866,3.869,11658,11687,0,0,0,0
2020-12-07T05:00:00Z,29,1.395103,1.089,1.587,0.227483,0.226,0.231,35.258621,34.9,35.5,3.866552,3.864,3.867,11688,11716,0,0,0,0
2020-12-07T06:00:00Z,30,1.1759,0.844,1.282,0.2282,0.227,0.231,34.446667,34,35,3.865667,3.862,3.867,11717,11746,0,0,0,0
2020-12-07T07:00:00Z,29,1.051069,0.734,1.284,0.227552,0.226,0.229,34.748276,34,35.3,3.864138,3.862,3.866,11747,11775,0,0,0,0
2020-12-07T08:00:00Z,29,0.753276,0.629,0.964,0.228448,0.228,0.231,33.789655,33.4,34,3.863793,3.862,3.866,11776,11804,0,0,0,0
2020-12-07T09:00:00Z,30,0.320759,0,0.633,0.2289,0.228,0.233,32.87,32.6,33.7,3.862933,3.861,3.866,11805,11834,0,0,0,0
2020-12-07T10:00:00Z,29,0,0,0,0.229483,0.229,0.232,32.210345,31.6,32.6,3.861448,3.859,3.862,11835,11863,0,0,0,0
2020-12-07T11:00:00Z,23,0,0,0,0.23113,0.229,0.233,31.365217,31.1,31.6,3.859783,3.857,3.862,11864,11892,0,0,0,0
2020-12-07T12:00:00Z,29,0,0,0,0.231448,0.23,0.233,30.634483,30.4,31.1,3.85831,3.857,3.859,11893,11921,0,0,0,0
2020-12-07T13:00:00Z,29,0,0,0,0.232138,0.231,0.234,30.172414,30,30.6,3.857241,3.854,3.861,11922,11950,0,0,0,0
2020-12-07T14:00:00Z,30,0,0,0,0.232933,0.232,0.235,29.8,29.4,30,3.856167,3.854,3.857,11951,11980,0,0,0,0
2020-12-07T15:00:00Z,29,0,0,0,0.233172,0.232,0.235,29.255172,29,29.4,3.855897,3.854,3.857,11981,12009,0,0,0,0
2020-12-07T16:00:00Z,30,0,0,0,0.233533,0.232,0.236,28.763333,28.7,29,3.854833,3.852,3.857,12010,12039,0,0,0,0
2020-12-07T17:00:00Z,29,0,0,0,0.233759,0.233,0.236,28.534483,28.3,28.7,3.854103,3.852,3.857,12040,12068,0,0,0,0
2020-12-07T18:00:00Z,27,0,0,0,0.234148,0.233,0.236,28.122222,27.9,28.6,3.852148,3.851,3.854,12069,12097,0,0,0,0
2020-12-07T19:00:00Z,29,0,0,0,0.234483,0.233,0.237,27.789655,27.7,27.9,3.851448,3.849,3.852,12098,12126,0,0,0,0
2020-12-07T20:00:00Z,30,0,0,0,0.2348,0.233,0.237,27.536667,27.3,27.7,3.8507,3.849,3.852,12127,12156,0,0,0,0
2020-12-07T21:00:00Z,29,0,0,0,0.234966,0.234,0.237,27.4,27.4,27.4,3.850207,3.849,3.852,12157,12185,0,0,0,0
2020-12-07T22:00:00Z,30,0,0,0,0.2352,0.234,0.238,27.36,27.3,27.4,3.849567,3.847,3.852,12186,12215,0,0,0,0
2020-12-07T23:00:00Z,29,0,0,0,0.235345,0.233,0.238,27.324138,27.3,27.4,3.848862,3.847,3.851,12216,12244,0,0,0,0
2020-12-08T00:00:00Z,30,0.210333,0,0.395,0.234267,0.233,0.237,27.933333,27.4,28.6,3.847967,3.846,3.851,12245,12274,0,0,0,0
2020-12-08T01:00:00Z,27,0.526037,0.319,0.746,0.232704,0.23,0.235,29.514815,28.6,31.1,3.848222,3.846,3.851,12275,12303,0,0,0,0
2020-12-08T02:00:00Z,29,0.872759,0.746,0.977,0.229103,0.228,0.231,32.675862,31.3,34.2,3.850103,3.847,3.852,12304,12332,0,0,0,0
2020-12-08T03:00:00Z,29,0.905207,0.761,1.003,0.22769,0.227,0.229,34.537931,34.3,34.8,3.850759,3.849,3.852,12333,12361,0,0,0,0
2020-12-08T04:00:00Z,30,1.001167,0.764,1.31,0.227733,0.226,0.231,34.89,34.3,35.5,3.850333,3.849,3.852,12362,12391,0,0,0,0
2020-12-08T05:00:00Z,29,1.43469,1.026,1.651,0.226655,0.225,0.228,36.124138,35.5,36.7,3.850759,3.849,3.852,12392,12420,0,0,0,0
2020-12-08T06:00:00Z,30,1.4323,1.341,1.569,0.2266,0.225,0.23,36.24,35.6,36.7,3.850833,3.849,3.852,12421,12450,0,0,0,0
2020-12-08T07:00:00Z,29,1.167655,0.944,1.441,0.227103,0.226,0.229,35.234483,34.5,35.5,3.849759,3.847,3.851,12451,12479,0,0,0,0
2020-12-08T08:00:00Z,30,0.704867,0.474,0.928,0.228667,0.227,0.231,33.61,32.8,34.5,3.847967,3.846,3.851,12480,12509,0,0,0,0
2020-12-08T09:00:00Z,29,0.28,0,0.452,0.229621,0.228,0.232,32.382759,31.8,32.8,3.846621,3.844,3.849,12510,12538,0,0,0,0
2020-12-08T10:00:00Z,30,0,0,0,0.230867,0.229,0.233,31.353333,31.1,31.7,3.8459,3.844,3.847,12539,12568,0,0,0,0
2020-12-08T11:00:00Z,29,0,0,0,0.231379,0.23,0.233,30.813793,30.4,31.1,3.844483,3.842,3.846,12569,12597,0,0,0,0
2020-12-08T12:00:00Z,30,0,0,0,0.2319,0.231,0.233,30.21,30.1,30.4,3.843667,3.842,3.846,12598,12627,0,0,0,0
2020-12-08T13:00:00Z,29,0,0,0,0.232552,0.232,0.234,30.096552,30,30.1,3.842655,3.841,3.846,12628,12656,0,0,0,0
2020-12-08T14:00:00Z,30,0,0,0,0.232667,0.232,0.234,30.023333,30,30.1,3.842333,3.841,3.846,12657,12686,0,0,0,0
2020-12-08T15:00:00Z,29,0,0,0,0.232897,0.232,0.234,29.77931,29.6,30,3.841724,3.841,3.844,12687,12715,0,0,0,0
2020-12-08T16:00:00Z,29,0,0,0,0.233379,0.232,0.236,29.217241,29,29.6,3.841345,3.841,3.842,12716,12744,0,0,0,0
2020-12-08T17:00:00Z,30,0,0,0,0.2334,0.233,0.235,28.816667,28.7,29,3.8409,3.839,3.842,12745,12774,0,0,0,0
2020-12-08T18:00:00Z,29,0,0,0,0.233448,0.233,0.235,28.648276,28.4,28.9,3.839931,3.839,3.842,12775,12803,0,0,0,0
2020-12-08T19:00:00Z,30,0,0,0,0.234167,0.233,0.236,28.303333,28.2,28.5,3.8394,3.838,3.841,12804,12833,0,0,0,0
2020-12-08T20:00:00Z,29,0,0,0,0.234,0.233,0.236,28.193103,28,28.4,3.838966,3.838,3.841,12834,12862,0,0,0,0
2020-12-08T21:00:00Z,30,0,0,0,0.234267,0.233,0.236,27.873333,27.7,28.1,3.8386,3.836,3.841,12863,12892,0,0,0,0
2020-12-08T22:00:00Z,29,0,0,0,0.234828,0.233,0.237,27.686207,27.6,27.7,3.837793,3.836,3.839,12893,12921,0,0,0,0
2020-12-08T23:00:00Z,28,0,0,0,0.234571,0.233,0.237,27.803571,27.7,28.1,3.837429,3.834,3.841,12922,12950,0,0,0,0
2020-12-09T00:00:00Z,30,0.2969,0,0.524,0.234033,0.233,0.237,28.436667,28.1,28.8,3.836667,3.834,3.838,12951,12980,0,0,0,0
2020-12-09T01:00:00Z,29,0.800621,0.547,0.944,0.232517,0.231,0.234,29.658621,28.8,30.3,3.835621,3.834,3.839,12981,13009,0,0,0,0
2020-12-09T02:00:00Z,30,1.2097,0.749,1.431,0.2301,0.228,0.233,31.92,30.2,32.7,3.8362,3.834,3.838,13010,13039,0,0,0,0
2020-12-09T03:00:00Z,29,1.420345,1.343,1.513,0.228586,0.228,0.232,32.972414,32.6,33.3,3.836586,3.834,3.839,13040,13068,0,0,0,0
2020-12-09T04:00:00Z,30,1.3857,1.294,1.474,0.228533,0.227,0.233,33.863333,33.3,34.2,3.8364,3.834,3.838,13069,13098,0,0,0,0
2020-12-09T05:00:00Z,29,1.380724,1.279,1.518,0.228,0.227,0.233,34.851724,34.4,35.2,3.836724,3.834,3.839,13099,13127,0,0,0,0
2020-12-09T06:00:00Z,30,1.060133,0.88,1.338,0.227967,0.227,0.23,34.406667,33.9,35.1,3.835,3.833,3.838,13128,13157,0,0,0,0
2020-12-09T07:00:00Z,29,0.880517,0.718,0.954,0.228276,0.228,0.23,33.996552,33.8,34.1,3.834862,3.833,3.838,13158,13186,0,0,0,0
2020-12-09T08:00:00Z,30,0.6457,0.542,0.697,0.228767,0.228,0.231,33.023333,32.8,33.6,3.834,3.831,3.836,13187,13216,0,0,0,0
2020-12-09T09:00:00Z,29,0.237414,0,0.534,0.229483,0.228,0.233,32.596552,32.3,32.9,3.833759,3.831,3.836,13217,13245,0,0,0,0
2020-12-09T10:00:00Z,29,0,0,0,0.230414,0.229,0.233,31.955172,31.4,32.5,3.832966,3.831,3.834,13246,13275,0,0,0,0
2020-12-09T11:00:00Z,29,0,0,0,0.231207,0.23,0.233,31.313793,31.3,31.4,3.831138,3.829,3.833,13276,13304,0,0,0,0
2020-12-09T12:00:00Z,29,0,0,0,0.230793,0.229,0.233,31.351724,31.3,31.4,3.830241,3.829,3.833,13305,13333,0,0,0,0
2020-12-09T13:00:00Z,30,0,0,0,0.2314,0.229,0.233,30.97,30.7,31.4,3.829533,3.828,3.833,13334,13363,0,0,0,0
2020-12-09T14:00:00Z,29,0,0,0,0.23169,0.23,0.233,30.458621,30.1,31.1,3.828655,3.826,3.831,13364,13392,0,0,0,0
2020-12-09T15:00:00Z,30,0,0,0,0.2328,0.231,0.234,29.916667,29.6,30.1,3.828133,3.826,3.831,13393,13422,0,0,0,0
2020-12-09T16:00:00Z,29,0,0,0,0.232897,0.232,0.234,29.448276,29.1,29.6,3.827172,3.826,3.829,13423,13451,0,0,0,0
2020-12-09T17:00:00Z,30,0,0,0,0.233267,0.232,0.235,28.826667,28.6,29.1,3.826267,3.824,3.828,13452,13481,0,0,0,0
2020-12-09T18:00:00Z,29,0,0,0,0.23369,0.233,0.236,28.462069,28.1,28.7,3.824759,3.823,3.828,13482,13510,0,0,0,0
2020-12-09T19:00:00Z,30,0,0,0,0.234733,0.233,0.237,27.67,27.5,28,3.823633,3.823,3.826,13511,13540,0,0,0,0
2020-12-09T20:00:00Z,29,0,0,0,0.234621,0.233,0.237,27.410345,27.4,27.5,3.823138,3.821,3.824,13541,13569,0,0,0,0
2020-12-09T21:00:00Z,30,0,0,0,0.2351,0.234,0.237,27.5,27.4,27.7,3.8223,3.821,3.824,13570,13599,0,0,0,0
2020-12-09T22:00:00Z,29,0,0,0,0.234759,0.233,0.237,27.634483,27.5,27.7,3.821483,3.819,3.823,13600,13628,0,0,0,0
2020-12-09T23:00:00Z,30,0,0,0,0.234133,0.233,0.237,27.973333,27.7,28.4,3.8217,3.821,3.824,13629,13658,0,0,0,0
2020-12-10T00:00:00Z,29,0.363107,0,0.628,0.233552,0.233,0.235,28.758621,28.3,29.2,3.821,3.819,3.823,13659,13687,0,0,0,0
2020-12-10T01:00:00Z,30,0.721167,0.436,1.195,0.2326,0.23,0.234,29.773333,29.1,31.4,3.8206,3.819,3.823,13688,13717,0,0,0,0
2020-12-10T02:00:00Z,29,1.192345,0.762,1.677,0.228069,0.226,0.231,33.737931,31.6,35.2,3.822621,3.821,3.824,13718,13746,0,0,0,0
2020-12-10T03:00:00Z,29,1.270759,1.025,1.554,0.227897,0.226,0.232,34.613793,34,35.4,3.822414,3.821,3.824,13747,13775,0,0,0,0
2020-12-10T07:00:00Z,26,0.315423,0,0.784,0.233654,0.23,0.236,28.5,27.6,31.3,3.807962,3.806,3.809,13852,13877,0,0,0,0
2020-12-10T08:00:00Z,30,0.582867,0.424,0.682,0.232633,0.232,0.234,29.713333,28.9,30.1,3.807133,3.806,3.809,13878,13907,0,0,0,0
2020-12-10T09:00:00Z,29,0.302,0,0.605,0.231931,0.23,0.234,30.162069,30,30.3,3.807552,3.805,3.809,13908,13936,0,0,0,0
2020-12-10T10:00:00Z,30,0,0,0,0.232533,0.231,0.234,29.893333,29.6,30,3.806467,3.805,3.808,13937,13966,0,0,0,0
2020-12-10T11:00:00Z,29,0,0,0,0.232448,0.231,0.234,30.062069,29.9,30.2,3.806069,3.805,3.808,13967,13995,0,0,0,0
2020-12-10T12:00:00Z,30,0,0,0,0.232533,0.231,0.234,30.026667,30,30.1,3.806333,3.805,3.808,13996,14025,0,0,0,0
2020-12-10T13:00:00Z,29,0,0,0,0.232069,0.231,0.234,30.103448,30.1,30.2,3.805414,3.803,3.808,14026,14054,0,0,0,0
2020-12-10T14:00:00Z,30,0,0,0,0.232733,0.231,0.235,29.896667,29.6,30.1,3.805133,3.803,3.806,14055,14084,0,0,0,0
2020-12-10T15:00:00Z,29,0,0,0,0.232586,0.231,0.235,29.865517,28.7,30.1,3.803828,3.801,3.806,14085,14113,0,0,0,0
2020-12-10T16:00:00Z,30,0,0,0,0.234233,0.233,0.236,27.843333,27.5,28.6,3.802567,3.8,3.805,14114,14143,0,0,0,0
2020-12-10T17:00:00Z,28,0,0,0,0.234107,0.233,0.236,27.85,27.7,28.1,3.802571,3.801,3.805,14144,14172,0,0,0,0
2020-12-10T18:00:00Z,29,0,0,0,0.234448,0.233,0.236,27.989655,27.7,28.1,3.801172,3.8,3.803,14173,14201,0,0,0,0
2020-12-10T19:00:00Z,30,0,0,0,0.233967,0.233,0.236,28.04,28,28.1,3.800533,3.8,3.803,14202,14231,0,0,0,0
2020-12-10T20:00:00Z,29,0,0,0,0.233966,0.233,0.236,28.165517,28.1,28.4,3.800103,3.798,3.801,14232,14260,0,0,0,0
2020-12-10T21:00:00Z,30,0,0,0,0.233733,0.233,0.235,28.093333,28,28.1,3.7993,3.798,3.801,14261,14290,0,0,0,0
2020-12-10T22:00:00Z,29,0,0,0,0.234276,0.233,0.237,27.996552,27.8,28.1,3.797517,3.796,3.8,14291,14319,0,0,0,0
2020-12-10T23:00:00Z,30,0,0,0,0.233967,0.233,0.237,28.156667,28,28.3,3.796833,3.795,3.8,14320,14349,0,0,0,0
2020-12-11T00:00:00Z,29,0.454379,0,0.918,0.233345,0.232,0.235,29.02069,28.4,30,3.796793,3.795,3.798,14350,14378,0,0,0,0
2020-12-11T01:00:00Z,30,0.615067,0.321,1.023,0.232067,0.231,0.233,30.123333,30,30.6,3.7961,3.795,3.8,14379,14408,0,0,0,0
2020-12-11T02:00:00Z,29,1.093,0.877,1.307,0.229862,0.228,0.232,31.993103,30.8,32.6,3.79569,3.795,3.798,14409,14437,0,0,0,0
2020-12-11T03:00:00Z,30,1.127533,0.734,1.572,0.2291,0.228,0.232,32.736667,32.5,33.2,3.795633,3.793,3.798,14438,14467,0,0,0,0
2020-12-11T04:00:00Z,29,1.35431,1.166,1.627,0.228379,0.227,0.23,34.031034,33,34.4,3.795724,3.795,3.798,14468,14496,0,0,0,0
2020-12-11T05:00:00Z,30,1.259433,0.918,1.499,0.2279,0.227,0.23,34.646667,34.3,35.2,3.795633,3.795,3.798,14497,14526,0,0,0,0
2020-12-11T06:00:00Z,29,1.015207,0,1.567,0.227207,0.225,0.23,35.217241,34.1,35.5,3.795069,3.793,3.796,14527,14555,0,0,0,0
2020-12-11T07:00:00Z,30,0,0,0,0.229267,0.228,0.231,32.493333,31.6,34,3.793867,3.791,3.795,14556,14585,0,0,0,0
2020-12-11T08:00:00Z,29,0.365448,0,0.551,0.230966,0.229,0.233,31.251724,31.1,31.6,3.792724,3.791,3.795,14586,14614,0,0,0,0
2020-12-11T09:00:00Z,29,0.266759,0,0.549,0.230586,0.23,0.232,31.368966,31.3,31.4,3.791276,3.791,3.793,14615,14643,0,0,0,0
2020-12-11T10:00:00Z,30,0,0,0,0.231733,0.23,0.233,30.446667,30.1,31.3,3.7908,3.79,3.793,14644,14673,0,0,0,0
2020-12-11T11:00:00Z,29,0,0,0,0.232483,0.232,0.234,30.034483,29.8,30.1,3.790379,3.79,3.791,14674,14702,0,0,0,0
2020-12-11T12:00:00Z,30,0,0,0,0.233067,0.232,0.235,29.766667,29.6,29.9,3.789667,3.788,3.79,14703,14732,0,0,0,0
2020-12-11T13:00:00Z,26,0,0,0,0.232808,0.231,0.235,29.830769,29.6,30,3.788385,3.786,3.79,14733,14761,0,0,0,0
2020-12-11T14:00:00Z,30,0,0,0,0.232733,0.232,0.234,29.996667,29.6,30.1,3.787267,3.785,3.79,14762,14791,0,0,0,0
2020-12-11T15:00:00Z,29,0,0,0,0.232517,0.231,0.234,30.051724,30,30.1,3.786172,3.785,3.788,14792,14820,0,0,0,0
2020-12-11T16:00:00Z,29,0,0,0,0.232586,0.231,0.234,29.862069,29.4,30.1,3.785241,3.781,3.788,14821,14849,0,0,0,0
2020-12-11T17:00:00Z,30,0,0,0,0.2326,0.232,0.234,29.813333,29.6,30,3.784267,3.781,3.786,14850,14879,0,0,0,0
2020-12-11T18:00:00Z,29,0,0,0,0.232966,0.232,0.235,29.227586,29.1,29.6,3.78369,3.781,3.785,14880,14908,0,0,0,0
2020-12-11T19:00:00Z,30,0,0,0,0.233333,0.233,0.235,29.183333,29,29.5,3.781133,3.78,3.783,14909,14938,0,0,0,0
2020-12-11T20:00:00Z,29,0,0,0,0.233207,0.232,0.235,29.493103,29.3,29.6,3.780138,3.778,3.783,14939,14967,0,0,0,0
2020-12-11T21:00:00Z,30,0,0,0,0.2331,0.232,0.235,29.466667,29.2,29.6,3.777167,3.775,3.78,14968,14997,0,0,0,0
2020-12-11T22:00:00Z,29,0,0,0,0.233138,0.233,0.234,29.203448,29.1,29.4,3.776138,3.775,3.78,14998,15026,0,0,0,0
2020-12-11T23:00:00Z,30,0,0,0,0.2329,0.232,0.234,29.53,29.1,30,3.7747,3.773,3.776,15027,15056,0,0,0,0
2020-12-12T00:00:00Z,29,0.499759,0,0.8,0.232,0.231,0.233,30.472414,30,31.3,3.772966,3.772,3.775,15057,15085,0,0,0,0
2020-12-12T01:00:00Z,30,0.6108,0.457,0.98,0.231167,0.23,0.233,31.24,31.1,31.4,3.771967,3.77,3.773,15086,15115,0,0,0,0
2020-12-12T02:00:00Z,29,1.039138,0.767,1.23,0.228621,0.227,0.232,33.513793,31.6,34.7,3.770276,3.768,3.772,15116,15144,0,0,0,0
2020-12-12T03:00:00Z,30,1.0659,0.706,1.369,0.2274,0.224,0.23,35.376667,34.4,36.5,3.77,3.768,3.772,15145,15174,0,0,0,0
2020-12-12T04:00:00Z,29,1.169069,0.846,1.572,0.226552,0.225,0.23,36.403448,35.4,36.9,3.768379,3.767,3.77,15175,15203,0,0,0,0
2020-12-12T05:00:00Z,30,0.708733,0,1.228,0.227167,0.225,0.229,35.783333,34.1,37,3.767633,3.765,3.77,15204,15233,0,0,0,0
2020-12-12T06:00:00Z,29,0.762414,0.498,0.943,0.227793,0.227,0.23,34.462069,34,35.3,3.766069,3.765,3.768,15234,15262,0,0,0,0
2020-12-12T07:00:00Z,30,1.0066,0.764,1.308,0.228033,0.227,0.23,34.756667,34,35.4,3.765,3.765,3.765,15263,15292,0,0,0,0
2020-12-12T08:00:00Z,29,0.696414,0.418,0.872,0.227759,0.227,0.231,34.527586,33.5,35.3,3.764034,3.763,3.765,15293,15321,0,0,0,0
2020-12-12T09:00:00Z,29,0.350034,0,0.556,0.228483,0.228,0.23,32.889655,32.5,33.5,3.76331,3.762,3.765,15322,15350,0,0,0,0
2020-12-12T10:00:00Z,30,0,0,0,0.230233,0.229,0.233,31.656667,31.3,32.5,3.7629,3.762,3.763,15351,15380,0,0,0,0
2020-12-12T11:00:00Z,29,0,0,0,0.231241,0.23,0.233,30.882759,30.6,31.3,3.761897,3.76,3.763,15381,15409,0,0,0,0
2020-12-12T12:00:00Z,30,0,0,0,0.231333,0.23,0.233,30.626667,30.4,30.9,3.760933,3.758,3.762,15410,15439,0,0,0,0
2020-12-12T13:00:00Z,28,0,0,0,0.231679,0.23,0.233,30.364286,30.1,30.6,3.75875,3.757,3.762,15440,15468,0,0,0,0
2020-12-12T14:00:00Z,30,0,0,0,0.2322,0.231,0.233,30.073333,30,30.1,3.757,3.755,3.758,15469,15498,0,0,0,0
2020-12-12T15:00:00Z,29,0,0,0,0.23231,0.231,0.234,30.031034,29.9,30.1,3.755276,3.753,3.757,15499,15527,0,0,0,0
2020-12-12T16:00:00Z,30,0,0,0,0.232033,0.231,0.233,30.063333,30,30.2,3.753133,3.75,3.755,15528,15557,0,0,0,0
2020-12-12T17:00:00Z,29,0,0,0,0.232724,0.232,0.234,29.537931,29.2,30,3.750966,3.748,3.753,15558,15586,0,0,0,0
2020-12-12T18:00:00Z,30,0,0,0,0.233,0.232,0.234,29.193333,29.1,29.3,3.748933,3.748,3.75,15587,15616,0,0,0,0
2020-12-12T19:00:00Z,29,0,0,0,0.233069,0.232,0.234,29.093103,29,29.2,3.747586,3.745,3.75,15617,15645,0,0,0,0
2020-12-12T20:00:00Z,30,0,0,0,0.232967,0.232,0.236,28.83,28.6,29.1,3.745467,3.742,3.748,15646,15675,0,0,0,0
2020-12-12T21:00:00Z,29,0,0,0,0.233276,0.233,0.235,28.6,28.6,28.6,3.743552,3.742,3.747,15676,15704,0,0,0,0
2020-12-12T22:00:00Z,29,0,0,0,0.23331,0.233,0.235,28.634483,28.6,28.7,3.741759,3.74,3.745,15705,15733,0,0,0,0
2020-12-12T23:00:00Z,30,0,0,0,0.232933,0.232,0.235,28.906667,28.7,29.3,3.739767,3.737,3.742,15734,15763,0,0,0,0
2020-12-13T00:00:00Z,29,0.466517,0,0.931,0.231966,0.23,0.235,29.889655,29.2,30.6,3.738414,3.737,3.74,15764,15792,0,0,0,0
2020-12-13T01:00:00Z,30,0.806267,0.562,1.077,0.230367,0.228,0.232,31.246667,30.6,32.4,3.737033,3.735,3.74,15793,15822,0,0,0,0
2020-12-13T02:00:00Z,29,0.542759,0.349,0.79,0.229862,0.228,0.233,31.606897,31.4,32.2,3.735483,3.734,3.737,15823,15851,0,0,0,0
2020-12-13T03:00:00Z,30,1.0742,0.746,1.6,0.228067,0.224,0.231,33.713333,31.7,35.4,3.734067,3.732,3.735,15852,15881,0,0,0,0
2020-12-13T04:00:00Z,29,1.152103,0.897,1.651,0.226793,0.225,0.229,35.762069,35.3,36.5,3.732966,3.732,3.734,15882,15910,0,0,0,0
2020-12-13T05:00:00Z,29,0.791621,0.392,1.292,0.228103,0.226,0.231,33.893103,32.7,35.2,3.729793,3.727,3.732,15911,15939,0,0,0,0
2020-12-13T06:00:00Z,30,0.404667,0,1.336,0.228267,0.227,0.23,33.413333,32.5,34.3,3.728767,3.725,3.73,15940,15969,0,0,0,0
2020-12-13T07:00:00Z,29,0.445172,0,0.633,0.229172,0.228,0.231,32.382759,32.1,32.6,3.726517,3.724,3.729,15970,15998,0,0,0,0
2020-12-13T08:00:00Z,30,0.6664,0.613,0.692,0.2292,0.228,0.232,32.5,32.2,32.7,3.7231,3.72,3.725,15999,16028,0,0,0,0
2020-12-13T09:00:00Z,29,0.285276,0,0.634,0.229586,0.228,0.232,32.268966,31.4,32.7,3.720793,3.719,3.724,16029,16057,0,0,0,0
2020-12-13T10:00:00Z,30,0,0,0,0.2305,0.229,0.232,31.103333,30.6,31.4,3.718933,3.717,3.72,16058,16087,0,0,0,0
2020-12-13T11:00:00Z,29,0,0,0,0.231655,0.23,0.233,30.17931,30.1,30.5,3.716379,3.715,3.719,16088,16116,0,0,0,0
2020-12-13T12:00:00Z,30,0,0,0,0.232067,0.231,0.233,29.996667,29.9,30.1,3.714733,3.714,3.717,16117,16146,0,0,0,0
2020-12-13T13:00:00Z,29,0,0,0,0.232138,0.231,0.233,29.868966,29.7,30,3.713586,3.712,3.714,16147,16175,0,0,0,0
2020-12-13T14:00:00Z,30,0,0,0,0.232233,0.231,0.234,30.04,30,30.1,3.712,3.71,3.714,16176,16205,0,0,0,0
2020-12-13T15:00:00Z,29,0,0,0,0.232241,0.23,0.235,29.834483,29.4,30.1,3.711034,3.71,3.712,16206,16234,0,0,0,0
2020-12-13T16:00:00Z,29,0,0,0,0.232138,0.231,0.234,29.686207,29.5,29.9,3.709931,3.709,3.712,16235,16263,0,0,0,0
2020-12-13T17:00:00Z,29,0,0,0,0.232724,0.231,0.234,29.589655,29.5,29.7,3.709172,3.707,3.71,16264,16293,0,0,0,0
2020-12-13T18:00:00Z,29,0,0,0,0.232517,0.23,0.234,29.431034,29,29.7,3.706655,3.704,3.707,16294,16322,0,0,0,0
2020-12-13T19:00:00Z,30,0,0,0,0.233333,0.232,0.236,28.816667,28.6,29.1,3.7053,3.702,3.707,16323,16352,0,0,0,0
2020-12-13T20:00:00Z,29,0,0,0,0.233069,0.232,0.235,28.810345,28.7,29,3.702621,3.699,3.706,16353,16381,0,0,0,0
2020-12-13T21:00:00Z,29,0,0,0,0.23369,0.233,0.236,28.434483,28.2,28.6,3.701241,3.699,3.704,16382,16410,0,0,0,0
2020-12-13T22:00:00Z,30,0,0,0,0.233367,0.233,0.235,28.546667,28.4,28.6,3.698667,3.694,3.701,16411,16440,0,0,0,0
2020-12-13T23:00:00Z,29,0,0,0,0.233517,0.233,0.236,28.565517,28.5,28.7,3.693655,3.691,3.697,16441,16469,0,0,0,0
2020-12-14T00:00:00Z,30,0.302233,0,0.472,0.232933,0.231,0.235,29.256667,28.7,30.1,3.688633,3.684,3.694,16470,16499,0,0,0,0
2020-12-14T01:00:00Z,29,0.60731,0.475,0.738,0.230966,0.229,0.233,30.934483,30.1,32.3,3.685241,3.682,3.689,16500,16528,0,0,0,0
2020-12-14T02:00:00Z,30,0.917167,0.544,1.112,0.2275,0.226,0.229,34.31,32.5,35.4,3.684167,3.681,3.687,16529,16558,0,0,0,0
2020-12-14T03:00:00Z,29,0.94169,0.823,1.135,0.226517,0.225,0.229,35.917241,35.4,36.6,3.682552,3.681,3.684,16559,16587,0,0,0,0
2020-12-14T04:00:00Z,30,0.947433,0.582,1.185,0.226633,0.225,0.232,35.74,35.3,36.4,3.6811,3.679,3.682,16588,16617,0,0,0,0
2020-12-14T05:00:00Z,29,1.056483,0.706,1.284,0.225931,0.224,0.228,36.444828,35.4,37.2,3.680103,3.679,3.681,16618,16646,0,0,0,0
2020-12-14T06:00:00Z,30,0.900267,0.577,1.525,0.225067,0.223,0.228,36.98,35.9,37.8,3.677433,3.674,3.679,16647,16676,0,0,0,0
2020-12-14T07:00:00Z,29,0.589,0.326,1.138,0.226517,0.224,0.228,35.7,34,36.8,3.675379,3.673,3.677,16677,16705,0,0,0,0
2020-12-14T08:00:00Z,30,0.399933,0,0.654,0.228433,0.228,0.231,32.963333,32.1,33.7,3.673367,3.671,3.676,16706,16735,0,0,0,0
2020-12-14T09:00:00Z,29,0,0,0,0.230621,0.229,0.233,31.265517,30.8,31.9,3.671172,3.668,3.674,16736,16764,0,0,0,0
2020-12-14T10:00:00Z,30,0,0,0,0.230633,0.229,0.233,31.286667,31.1,31.4,3.6689,3.666,3.673,16765,16794,0,0,0,0
2020-12-14T11:00:00Z,23,0,0,0,0.230957,0.229,0.233,31.008696,30.7,31.4,3.665739,3.664,3.669,16795,16817,0,0,0,0
2020-12-15T08:00:00Z,9,0.52,0.483,0.564,0.229222,0.228,0.231,32.333333,32.1,32.6,3.635,3.633,3.636,17434,17442,0,0,0,0
2020-12-15T09:00:00Z,29,0.264552,0,0.474,0.230103,0.229,0.233,31.751724,31.5,32.1,3.63431,3.633,3.636,17443,17471,0,0,0,0
2020-12-15T10:00:00Z,30,0,0,0,0.230467,0.229,0.232,31.316667,30.7,31.8,3.6326,3.631,3.635,17472,17501,0,0,0,0
2020-12-15T11:00:00Z,29,0,0,0,0.23131,0.23,0.233,30.837931,30.1,31.3,3.631379,3.63,3.633,17502,17530,0,0,0,0
2020-12-15T12:00:00Z,30,0,0,0,0.231833,0.231,0.234,30.183333,30.1,30.4,3.630033,3.628,3.631,17531,17560,0,0,0,0
2020-12-15T13:00:00Z,29,0,0,0,0.231828,0.231,0.233,30.134483,30.1,30.3,3.628483,3.626,3.63,17561,17589,0,0,0,0
2020-12-15T14:00:00Z,30,0,0,0,0.2317,0.23,0.233,30.46,30.3,30.6,3.6267,3.625,3.628,17590,17619,0,0,0,0
2020-12-15T15:00:00Z,29,0,0,0,0.231483,0.23,0.233,30.655172,30.5,30.8,3.625069,3.623,3.626,17620,17648,0,0,0,0
2020-12-15T16:00:00Z,29,0,0,0,0.232207,0.23,0.233,30.02069,29.7,30.6,3.623621,3.62,3.626,17649,17677,0,0,0,0
2020-12-15T17:00:00Z,30,0,0,0,0.232567,0.231,0.233,29.77,29.4,30,3.621233,3.618,3.626,17678,17707,0,0,0,0
2020-12-15T18:00:00Z,29,0,0,0,0.232931,0.232,0.235,29.32069,29,29.6,3.619,3.616,3.621,17708,17736,0,0,0,0
2020-12-15T19:00:00Z,30,0,0,0,0.2333,0.232,0.235,28.716667,28.7,28.9,3.617433,3.615,3.62,17737,17766,0,0,0,0
2020-12-15T20:00:00Z,29,0,0,0,0.233103,0.232,0.234,28.668966,28.6,28.7,3.615862,3.615,3.618,17767,17795,0,0,0,0
2020-12-15T21:00:00Z,30,0,0,0,0.233433,0.233,0.235,28.303333,27.9,28.6,3.6144,3.611,3.616,17796,17825,0,0,0,0
2020-12-15T22:00:00Z,29,0,0,0,0.233966,0.233,0.236,27.827586,27.7,28,3.612448,3.61,3.615,17826,17854,0,0,0,0
2020-12-15T23:00:00Z,30,0,0,0,0.233733,0.233,0.235,28.043333,27.7,28.6,3.610567,3.608,3.613,17855,17884,0,0,0,0
2020-12-16T00:00:00Z,29,0,0,0,0.233345,0.232,0.235,28.786207,28.6,29.1,3.61,3.608,3.611,17885,17913,0,0,0,0
2020-12-16T01:00:00Z,30,0.363967,0,0.846,0.2321,0.23,0.234,29.973333,29.1,31.4,3.6085,3.607,3.61,17914,17943,0,0,0,0
2020-12-16T02:00:00Z,29,0.91431,0.785,1.169,0.228103,0.225,0.233,33.637931,31.6,35.3,3.608897,3.608,3.61,17944,17972,0,0,0,0
2020-12-16T03:00:00Z,30,0.890233,0.734,0.974,0.226133,0.225,0.228,35.976667,35.4,36.7,3.608733,3.608,3.61,17973,18002,0,0,0,0
2020-12-16T04:00:00Z,19,0.818474,0.734,0.864,0.226421,0.225,0.229,35.663158,35.5,35.9,3.608053,3.607,3.61,18003,18021,0,0,0,0
2020-12-16T09:00:00Z,11,0.349364,0,0.523,0.229,0.228,0.231,32.118182,31.6,32.6,3.578182,3.577,3.58,18143,18153,0,0,0,0
2020-12-16T10:00:00Z,30,0,0,0,0.231933,0.23,0.233,30.523333,29.8,31.6,3.5775,3.577,3.578,18154,18183,0,0,0,0
2020-12-16T11:00:00Z,29,0,0,0,0.232655,0.231,0.235,29.455172,29.2,29.9,3.576862,3.575,3.578,18184,18212,0,0,0,0
2020-12-16T12:00:00Z,30,0,0,0,0.232767,0.232,0.235,29.066667,28.8,29.5,3.575533,3.575,3.577,18213,18242,0,0,0,0
2020-12-16T13:00:00Z,29,0,0,0,0.232655,0.231,0.235,29.027586,29,29.1,3.574828,3.574,3.577,18243,18271,0,0,0,0
2020-12-16T14:00:00Z,29,0,0,0,0.232655,0.231,0.234,29.362069,29.1,29.7,3.574207,3.572,3.575,18272,18300,0,0,0,0
2020-12-16T15:00:00Z,30,0,0,0,0.2324,0.231,0.234,29.633333,29.4,29.8,3.573,3.57,3.575,18301,18330,0,0,0,0
2020-12-16T16:00:00Z,29,0,0,0,0.23231,0.231,0.235,29.775862,29.3,30,3.572069,3.57,3.574,18331,18359,0,0,0,0
2020-12-16T17:00:00Z,30,0,0,0,0.232967,0.232,0.235,29.196667,29.1,29.4,3.57,3.569,3.572,18360,18389,0,0,0,0
2020-12-16T18:00:00Z,29,0,0,0,0.232966,0.232,0.235,29.165517,28.9,29.4,3.569034,3.567,3.57,18390,18418,0,0,0,0
2020-12-16T19:00:00Z,30,0,0,0,0.233033,0.232,0.234,28.926667,28.8,29.1,3.5675,3.565,3.57,18419,18448,0,0,0,0
2020-12-16T20:00:00Z,29,0,0,0,0.233414,0.232,0.237,28.727586,28.6,29,3.565828,3.564,3.569,18449,18477,0,0,0,0
2020-12-16T21:00:00Z,27,0,0,0,0.233111,0.233,0.234,28.603704,28.6,28.7,3.564259,3.562,3.567,18478,18507,0,0,0,0
2020-12-16T22:00:00Z,29,0,0,0,0.233207,0.232,0.235,28.417241,28.2,28.6,3.563724,3.562,3.565,18508,18536,0,0,0,0
2020-12-16T23:00:00Z,30,0,0,0,0.233333,0.233,0.235,28.413333,28.2,28.7,3.561967,3.559,3.564,18537,18566,0,0,0,0
2020-12-17T00:00:00Z,29,0.278759,0,0.656,0.232931,0.231,0.235,29.075862,28.7,30,3.560621,3.56,3.564,18567,18595,0,0,0,0
2020-12-17T01:00:00Z,30,0.619333,0.544,0.759,0.231433,0.229,0.234,30.803333,30,31.6,3.5603,3.559,3.562,18596,18625,0,0,0,0
2020-12-17T02:00:00Z,29,0.934241,0.734,1.03,0.228207,0.226,0.232,33.610345,31.7,35,3.559552,3.559,3.562,18626,18654,0,0,0,0
2020-12-17T03:00:00Z,30,0.978467,0.682,1.159,0.226833,0.225,0.229,35.243333,34.2,36,3.558933,3.557,3.56,18655,18684,0,0,0,0
2020-12-17T04:00:00Z,29,0.771897,0.488,1.013,0.227034,0.226,0.23,35.093103,34.4,35.4,3.558,3.555,3.56,18685,18713,0,0,0,0
2020-12-17T05:00:00Z,30,0.970867,0.6,1.325,0.226533,0.225,0.228,35.47,35,35.9,3.557067,3.555,3.559,18714,18743,0,0,0,0
2020-12-17T06:00:00Z,29,0.805655,0.498,1.467,0.226724,0.226,0.229,35.389655,35,35.7,3.555966,3.555,3.559,18744,18772,0,0,0,0
2020-12-17T07:00:00Z,29,0.887517,0.647,1.194,0.226241,0.224,0.228,35.786207,35.3,36.7,3.554724,3.554,3.557,18773,18801,0,0,0,0
2020-12-17T08:00:00Z,30,0.7364,0.457,1.285,0.225933,0.224,0.229,36.1,35.3,36.7,3.554333,3.554,3.555,18802,18831,0,0,0,0
2020-12-17T09:00:00Z,29,0.328414,0,0.649,0.227966,0.227,0.229,33.724138,32.7,35.2,3.553862,3.552,3.554,18832,18860,0,0,0,0
2020-12-17T10:00:00Z,30,0,0,0,0.229067,0.228,0.231,32.266667,31.6,32.7,3.552533,3.552,3.554,18861,18890,0,0,0,0
2020-12-17T11:00:00Z,29,0,0,0,0.230448,0.229,0.233,31.524138,31.4,31.6,3.552069,3.55,3.554,18891,18919,0,0,0,0
2020-12-17T12:00:00Z,30,0,0,0,0.230533,0.229,0.233,31.37,31.2,31.6,3.551933,3.55,3.552,18920,18949,0,0,0,0
2020-12-17T13:00:00Z,29,0,0,0,0.231103,0.23,0.233,30.848276,30.5,31.3,3.550345,3.55,3.552,18950,18978,0,0,0,0
2020-12-17T14:00:00Z,30,0,0,0,0.231067,0.229,0.233,31.136667,30.6,31.4,3.549767,3.547,3.552,18979,19008,0,0,0,0
2020-12-17T15:00:00Z,29,0,0,0,0.230655,0.229,0.232,30.982759,30.4,31.4,3.548931,3.547,3.55,19009,19037,0,0,0,0
2020-12-17T16:00:00Z,30,0,0,0,0.232033,0.231,0.234,30.123333,30,30.4,3.5473,3.545,3.55,19038,19067,0,0,0,0
2020-12-17T17:00:00Z,29,0,0,0,0.232655,0.231,0.235,29.87931,29.5,30.1,3.545207,3.544,3.549,19068,19096,0,0,0,0
2020-12-17T18:00:00Z,30,0,0,0,0.233033,0.232,0.235,29.143333,28.8,29.5,3.543533,3.541,3.545,19097,19126,0,0,0,0
2020-12-17T19:00:00Z,29,0,0,0,0.233,0.232,0.236,28.851724,28.7,29.1,3.541724,3.539,3.544,19127,19155,0,0,0,0
2020-12-17T20:00:00Z,29,0,0,0,0.233483,0.233,0.237,28.637931,28.5,28.7,3.541,3.539,3.542,19156,19184,0,0,0,0
2020-12-17T21:00:00Z,30,0,0,0,0.2337,0.233,0.236,28.026667,27.9,28.4,3.538333,3.537,3.541,19185,19214,0,0,0,0
2020-12-17T22:00:00Z,29,0,0,0,0.234034,0.233,0.237,27.686207,27.6,27.8,3.53769,3.536,3.539,19215,19243,0,0,0,0
2020-12-17T23:00:00Z,30,0,0,0,0.2341,0.233,0.236,27.796667,27.5,28.3,3.536233,3.534,3.537,19244,19273,0,0,0,0
2020-12-18T00:00:00Z,29,0.407517,0,0.68,0.232897,0.231,0.235,29.1,28.3,30.1,3.535759,3.534,3.537,19274,19302,0,0,0,0
2020-12-18T01:00:00Z,30,0.7517,0.631,0.884,0.230833,0.229,0.233,31.01,30.1,32.1,3.5352,3.532,3.536,19303,19332,0,0,0,0
2020-12-18T02:00:00Z,29,1.05331,0.851,1.3,0.228034,0.226,0.23,33.92069,32.2,35.3,3.535207,3.532,3.537,19333,19361,0,0,0,0
2020-12-18T03:00:00Z,30,1.029833,0.943,1.218,0.226667,0.225,0.231,35.373333,35.3,35.4,3.534333,3.532,3.536,19362,19391,0,0,0,0
2020-12-18T04:00:00Z,29,1.137483,1.031,1.233,0.227138,0.226,0.229,35.286207,35,35.4,3.533862,3.532,3.536,19392,19420,0,0,0,0
2020-12-18T05:00:00Z,30,1.069767,0.757,1.326,0.227133,0.225,0.229,35.016667,34.6,35.4,3.532767,3.531,3.534,19421,19450,0,0,0,0
2020-12-18T06:00:00Z,29,0.976552,0.561,1.271,0.227207,0.225,0.229,35.034483,34.2,35.4,3.532069,3.531,3.534,19451,19479,0,0,0,0
2020-12-18T07:00:00Z,30,0.4826,0,1.048,0.2278,0.226,0.229,34.066667,33.4,35.4,3.531533,3.531,3.534,19480,19509,0,0,0,0
2020-12-18T08:00:00Z,29,0.58369,0,0.944,0.227517,0.226,0.229,34.365517,34,35,3.530931,3.529,3.532,19510,19538,0,0,0,0
2020-12-18T09:00:00Z,30,0,0,0,0.2284,0.228,0.23,33.13,32.5,34,3.530133,3.529,3.531,19539,19568,0,0,0,0
2020-12-18T10:00:00Z,29,0,0,0,0.229621,0.228,0.231,31.924138,31.4,32.5,3.529,3.527,3.531,19569,19597,0,0,0,0
2020-12-18T11:00:00Z,29,0,0,0,0.230793,0.23,0.233,31.286207,31.1,31.4,3.527828,3.524,3.529,19598,19626,0,0,0,0
2020-12-18T12:00:00Z,30,0,0,0,0.231,0.23,0.233,31.056667,30.7,31.3,3.5271,3.526,3.529,19627,19656,0,0,0,0
2020-12-18T13:00:00Z,29,0,0,0,0.231414,0.23,0.233,30.52069,30.4,30.6,3.526448,3.524,3.527,19657,19685,0,0,0,0
2020-12-18T14:00:00Z,30,0,0,0,0.231567,0.23,0.234,30.173333,30.1,30.5,3.5259,3.524,3.527,19686,19715,0,0,0,0
2020-12-18T15:00:00Z,29,0,0,0,0.232552,0.231,0.234,29.886207,29.6,30.1,3.524931,3.522,3.527,19716,19744,0,0,0,0
2020-12-18T16:00:00Z,30,0,0,0,0.232667,0.232,0.233,29.33,29.1,29.6,3.523133,3.522,3.524,19745,19774,0,0,0,0
2020-12-18T17:00:00Z,29,0,0,0,0.233,0.231,0.235,28.765517,28.6,29,3.522345,3.521,3.524,19775,19803,0,0,0,0
2020-12-18T18:00:00Z,30,0,0,0,0.2333,0.233,0.236,28.6,28.6,28.6,3.5216,3.519,3.524,19804,19833,0,0,0,0
2020-12-18T19:00:00Z,29,0,0,0,0.233621,0.233,0.236,28.3,28.1,28.6,3.520897,3.519,3.522,19834,19862,0,0,0,0
2020-12-18T20:00:00Z,29,0,0,0,0.233793,0.233,0.236,27.893103,27.7,28.1,3.520172,3.519,3.521,19863,19891,0,0,0,0
2020-12-18T21:00:00Z,30,0,0,0,0.233767,0.233,0.236,27.743333,27.6,27.9,3.519733,3.517,3.521,19892,19921,0,0,0,0
2020-12-18T22:00:00Z,29,0,0,0,0.234207,0.233,0.236,27.565517,27.5,27.7,3.517931,3.516,3.521,19922,19950,0,0,0,0
2020-12-18T23:00:00Z,30,0,0,0,0.234367,0.233,0.237,27.616667,27.5,27.8,3.5172,3.516,3.519,19951,19980,0,0,0,0
2020-12-19T00:00:00Z,29,0.189931,0,0.408,0.233483,0.232,0.236,28.175862,27.8,28.6,3.516345,3.514,3.519,19981,20009,0,0,0,0
2020-12-19T01:00:00Z,30,0.5828,0.419,0.921,0.232833,0.23,0.235,29.246667,28.6,30,3.515933,3.514,3.517,20010,20039,0,0,0,0
2020-12-19T02:00:00Z,29,0.957966,0.734,1.064,0.230138,0.228,0.233,31.517241,30.1,32.7,3.516241,3.514,3.519,20040,20068,0,0,0,0
2020-12-19T03:00:00Z,30,1.196733,0.736,1.338,0.227867,0.227,0.229,33.72,32.7,34.3,3.5161,3.514,3.517,20069,20098,0,0,0,0
2020-12-19T04:00:00Z,29,1.369759,1.294,1.436,0.227069,0.226,0.229,34.713793,34.4,35,3.515897,3.512,3.519,20099,20127,0,0,0,0
2020-12-19T05:00:00Z,30,1.366467,0.938,1.499,0.227133,0.226,0.229,35.163333,34.9,35.4,3.515233,3.512,3.517,20128,20157,0,0,0,0
2020-12-19T06:00:00Z,29,1.185552,1.079,1.312,0.227103,0.226,0.229,35.241379,35,35.4,3.515414,3.514,3.517,20158,20186,0,0,0,0
2020-12-19T07:00:00Z,30,0.7579,0.333,1.141,0.227667,0.226,0.23,34.67,33.6,35.4,3.5141,3.511,3.517,20187,20216,0,0,0,0
2020-12-19T08:00:00Z,29,0.41069,0,0.638,0.228724,0.228,0.231,33.331034,32.7,34,3.512724,3.511,3.516,20217,20245,0,0,0,0
2020-12-19T09:00:00Z,30,0.2652,0,0.531,0.228933,0.228,0.231,32.64,32.2,32.8,3.511933,3.511,3.516,20246,20275,0,0,0,0
2020-12-19T10:00:00Z,29,0,0,0,0.230345,0.229,0.233,31.868966,31.3,32.6,3.51069,3.509,3.512,20276,20304,0,0,0,0
2020-12-19T11:00:00Z,30,0,0,0,0.2314,0.23,0.233,30.73,30.2,31.3,3.509433,3.508,3.512,20305,20334,0,0,0,0
2020-12-19T12:00:00Z,29,0,0,0,0.232,0.231,0.233,30.006897,29.8,30.2,3.508724,3.506,3.511,20335,20363,0,0,0,0
2020-12-19T13:00:00Z,29,0,0,0,0.232379,0.231,0.233,29.462069,29.1,29.8,3.508172,3.506,3.509,20364,20392,0,0,0,0
2020-12-19T14:00:00Z,30,0,0,0,0.2331,0.232,0.235,28.92,28.8,29.1,3.506667,3.504,3.508,20393,20422,0,0,0,0
2020-12-19T15:00:00Z,29,0,0,0,0.233345,0.233,0.235,28.675862,28.6,28.8,3.505517,3.504,3.508,20423,20451,0,0,0,0
2020-12-19T16:00:00Z,30,0,0,0,0.2335,0.233,0.234,28.253333,28.1,28.5,3.504667,3.503,3.506,20452,20481,0,0,0,0
2020-12-19T17:00:00Z,29,0,0,0,0.233966,0.233,0.236,27.941379,27.7,28.1,3.504138,3.503,3.506,20482,20510,0,0,0,0
2020-12-19T18:00:00Z,30,0,0,0,0.234233,0.233,0.236,27.693333,27.6,27.8,3.5036,3.503,3.506,20511,20540,0,0,0,0
2020-12-19T19:00:00Z,29,0,0,0,0.234586,0.233,0.237,27.451724,27.4,27.7,3.502828,3.501,3.504,20541,20569,0,0,0,0
2020-12-19T20:00:00Z,30,0,0,0,0.234867,0.234,0.236,27.316667,27.2,27.4,3.5022,3.501,3.503,20570,20599,0,0,0,0
2020-12-19T21:00:00Z,29,0,0,0,0.235103,0.234,0.238,27.148276,27,27.3,3.501138,3.501,3.503,20600,20628,0,0,0,0
2020-12-19T22:00:00Z,30,0,0,0,0.235,0.233,0.236,26.853333,26.7,27.1,3.500867,3.499,3.501,20629,20658,0,0,0,0
2020-12-19T23:00:00Z,29,0,0,0,0.234724,0.233,0.237,27.2,26.9,27.4,3.500862,3.499,3.501,20659,20687,0,0,0,0
2020-12-20T00:00:00Z,30,0.5153,0.319,0.659,0.233867,0.233,0.236,27.78,27.4,28.4,3.5004,3.499,3.501,20688,20717,0,0,0,0
2020-12-20T01:00:00Z,29,0.841931,0.629,1.015,0.233207,0.232,0.236,29.172414,28.6,30,3.50031,3.499,3.501,20718,20746,0,0,0,0
2020-12-20T02:00:00Z,30,1.161433,0.941,1.548,0.230733,0.228,0.233,31.14,29.9,32.9,3.4996,3.499,3.501,20747,20776,0,0,0,0
2020-12-20T03:00:00Z,29,1.068276,0.923,1.171,0.228345,0.228,0.231,32.731034,32.6,32.9,3.499414,3.499,3.501,20777,20805,0,0,0,0
2020-12-20T04:00:00Z,30,1.266033,1.167,1.469,0.228067,0.227,0.23,33.323333,32.9,33.9,3.499,3.499,3.499,20806,20835,0,0,0,0
2020-12-20T05:00:00Z,29,1.224966,0.972,1.476,0.228172,0.227,0.231,33.634483,33,34,3.498793,3.498,3.499,20836,20864,0,0,0,0
2020-12-20T06:00:00Z,29,1.057414,1.007,1.126,0.228655,0.228,0.233,32.789655,32.6,33.1,3.49831,3.496,3.499,20865,20893,0,0,0,0
2020-12-20T07:00:00Z,30,0.95,0.836,1.057,0.2287,0.228,0.23,32.67,32.6,32.7,3.4968,3.496,3.498,20894,20923,0,0,0,0
2020-12-20T08:00:00Z,29,0.678034,0.585,0.82,0.228931,0.228,0.231,32.431034,32.1,32.6,3.495724,3.494,3.498,20924,20952,0,0,0,0
2020-12-20T09:00:00Z,30,0.308,0,0.582,0.230667,0.229,0.233,31.383333,30.4,32.1,3.494267,3.493,3.496,20953,20982,0,0,0,0
2020-12-20T10:00:00Z,29,0,0,0,0.232103,0.231,0.233,29.813793,29.3,30.3,3.492966,3.489,3.496,20983,21011,0,0,0,0
2020-12-20T11:00:00Z,30,0,0,0,0.233333,0.233,0.236,28.93,28.7,29.3,3.4905,3.486,3.493,21012,21041,0,0,0,0
2020-12-20T12:00:00Z,29,0,0,0,0.233414,0.233,0.236,28.472414,28.1,28.7,3.488448,3.486,3.491,21042,21070,0,0,0,0
2020-12-20T13:00:00Z,30,0,0,0,0.2338,0.233,0.236,27.703333,27.4,28.1,3.485667,3.483,3.489,21071,21100,0,0,0,0
2020-12-20T14:00:00Z,29,0,0,0,0.23431,0.233,0.236,27.358621,27.3,27.4,3.483,3.479,3.486,21101,21129,0,0,0,0
2020-12-20T15:00:00Z,30,0,0,0,0.235067,0.234,0.237,27.3,27.2,27.4,3.4807,3.479,3.484,21130,21159,0,0,0,0
2020-12-20T16:00:00Z,29,0,0,0,0.235276,0.234,0.238,27.168966,27,27.3,3.478207,3.476,3.481,21160,21188,0,0,0,0
2020-12-20T17:00:00Z,30,0,0,0,0.2355,0.234,0.238,26.813333,26.7,27,3.475767,3.475,3.478,21189,21218,0,0,0,0
2020-12-20T18:00:00Z,29,0,0,0,0.235552,0.235,0.238,26.47931,26.3,26.7,3.473207,3.471,3.475,21219,21247,0,0,0,0
2020-12-20T19:00:00Z,30,0,0,0,0.2361,0.234,0.238,26.246667,26.1,26.5,3.4709,3.47,3.473,21248,21277,0,0,0,0
2020-12-20T20:00:00Z,29,0,0,0,0.23669,0.234,0.238,26.110345,26.1,26.2,3.467931,3.465,3.471,21278,21306,0,0,0,0
2020-12-20T21:00:00Z,30,0,0,0,0.236367,0.235,0.238,26.1,26.1,26.1,3.463867,3.461,3.466,21307,21336,0,0,0,0
2020-12-20T22:00:00Z,29,0,0,0,0.236345,0.235,0.239,26.065517,25.9,26.1,3.459138,3.456,3.461,21337,21365,0,0,0,0
2020-12-20T23:00:00Z,29,0.035069,0,0.352,0.236724,0.236,0.239,25.913793,25.7,26.1,3.454276,3.451,3.456,21366,21394,0,0,0,0
2020-12-21T00:00:00Z,30,0.4289,0.365,0.472,0.2353,0.233,0.237,26.623333,26.2,27.3,3.450733,3.448,3.453,21395,21424,0,0,0,0
2020-12-21T01:00:00Z,29,0.537207,0.424,0.656,0.234207,0.233,0.237,28.017241,27.3,29.4,3.447862,3.446,3.45,21425,21453,0,0,0,0
2020-12-21T02:00:00Z,30,0.913333,0.659,1.2,0.2302,0.228,0.235,31.563333,29.6,32.7,3.4462,3.445,3.448,21454,21483,0,0,0,0
2020-12-21T03:00:00Z,29,0.875241,0.761,0.993,0.228552,0.228,0.232,32.834483,32.6,33.3,3.444069,3.442,3.446,21484,21512,0,0,0,0
2020-12-21T04:00:00Z,30,0.831967,0.759,0.905,0.2283,0.228,0.23,32.863333,32.7,33.1,3.439933,3.437,3.443,21513,21542,0,0,0,0
2020-12-21T05:00:00Z,29,0.918034,0.788,1.021,0.227931,0.227,0.229,33.655172,33.1,34.1,3.434379,3.432,3.438,21543,21571,0,0,0,0
2020-12-21T06:00:00Z,30,1.023033,0.87,1.302,0.227467,0.226,0.229,34.653333,34.1,35.3,3.4294,3.427,3.433,21572,21601,0,0,0,0
2020-12-21T07:00:00Z,29,1.165034,0.71,1.307,0.226414,0.224,0.228,36.062069,35.4,36.7,3.424207,3.42,3.427,21602,21630,0,0,0,0
2020-12-21T08:00:00Z,30,0.650867,0.434,0.954,0.227667,0.226,0.229,34.316667,33.3,35.3,3.419233,3.417,3.422,21631,21660,0,0,0,0
2020-12-21T09:00:00Z,29,0.194483,0,0.469,0.229034,0.228,0.233,32.489655,31.5,33.1,3.415069,3.412,3.417,21661,21689,0,0,0,0
2020-12-21T10:00:00Z,30,0,0,0,0.2314,0.229,0.235,30.476667,30,31.4,3.410033,3.405,3.413,21690,21719,0,0,0,0
2020-12-21T11:00:00Z,29,0,0,0,0.232793,0.231,0.235,29.3,28.9,30,3.403414,3.4,3.407,21720,21748,0,0,0,0
2020-12-21T12:00:00Z,30,0,0,0,0.233167,0.233,0.235,28.713333,28.6,28.9,3.398033,3.395,3.4,21749,21778,0,0,0,0
2020-12-21T13:00:00Z,29,0,0,0,0.233448,0.233,0.235,28.468966,28.3,28.6,3.394586,3.394,3.395,21779,21807,0,0,0,0
2020-12-21T14:00:00Z,29,0,0,0,0.233586,0.233,0.235,28.293103,28.1,28.5,3.391724,3.387,3.394,21808,21836,0,0,0,0
2020-12-21T15:00:00Z,30,0,0,0,0.233833,0.233,0.236,27.973333,27.8,28.1,3.386167,3.382,3.389,21837,21866,0,0,0,0
2020-12-21T16:00:00Z,29,0,0,0,0.23369,0.233,0.236,27.834483,27.5,28,3.379379,3.376,3.384,21867,21895,0,0,0,0
2020-12-21T17:00:00Z,30,0,0,0,0.2339,0.233,0.236,27.563333,27.4,27.7,3.373,3.369,3.376,21896,21925,0,0,0,0
2020-12-21T18:00:00Z,29,0,0,0,0.234621,0.233,0.237,27.42069,27.3,27.5,3.368,3.366,3.371,21926,21954,0,0,0,0
2020-12-21T19:00:00Z,30,0,0,0,0.2347,0.233,0.238,27.22,26.6,27.4,3.362567,3.359,3.366,21955,21984,0,0,0,0
2020-12-21T20:00:00Z,29,0,0,0,0.236138,0.235,0.238,26.217241,25.9,26.6,3.355138,3.351,3.359,21985,22013,0,0,0,0
2020-12-21T21:00:00Z,30,0,0,0,0.237267,0.234,0.242,25.07,23.8,26.3,3.346867,3.343,3.351,22014,22043,0,0,0,0
2020-12-21T22:00:00Z,29,0,0,0,0.236448,0.234,0.239,24.793103,24.3,25.2,3.342241,3.341,3.344,22044,22072,0,0,0,0
2020-12-21T23:00:00Z,30,0,0,0,0.2354,0.234,0.239,25.153333,24.7,26,3.3379,3.334,3.341,22073,22102,0,0,0,0
2020-12-22T00:00:00Z,29,0.329103,0,0.706,0.232448,0.229,0.238,26.055172,24.8,27.3,3.329552,3.324,3.334,22103,22131,0,0,0,0
2020-12-22T01:00:00Z,30,0.938967,0.731,1.103,0.228167,0.226,0.231,27.976667,27.3,28.8,3.320433,3.316,3.324,22132,22161,0,0,0,0
2020-12-22T02:00:00Z,29,1.185897,1.118,1.282,0.225103,0.223,0.228,29.541379,28.9,30.1,3.312414,3.308,3.316,22162,22190,0,0,0,0
2020-12-22T03:00:00Z,30,1.3478,1.295,1.42,0.2213,0.219,0.225,31.056667,30.1,31.4,3.303233,3.298,3.308,22191,22220,0,0,0,0
2020-12-22T04:00:00Z,29,1.470069,1.341,1.587,0.218414,0.217,0.223,32.351724,31.4,33,3.293621,3.29,3.298,22221,22249,0,0,0,0
2020-12-22T05:00:00Z,29,1.486793,1.226,1.625,0.216552,0.215,0.219,32.658621,32.5,32.7,3.288207,3.285,3.29,22250,22278,0,0,0,0
2020-12-22T06:00:00Z,30,1.098433,0.854,1.395,0.215633,0.214,0.219,32.11,31.6,32.7,3.280967,3.275,3.286,22279,22308,0,0,0,0
2020-12-22T07:00:00Z,29,1.053759,0.869,1.128,0.214138,0.213,0.216,31.737931,31.4,31.9,3.270621,3.265,3.277,22309,22337,0,0,0,0
2020-12-22T08:00:00Z,30,0.659967,0.351,0.839,0.212967,0.211,0.216,31.18,30.5,31.4,3.2611,3.257,3.267,22338,22367,0,0,0,0
2020-12-22T09:00:00Z,29,0.093862,0,0.452,0.211828,0.21,0.215,29.710345,27.3,30.4,3.249897,3.245,3.257,22368,22396,0,0,0,0
2020-12-22T10:00:00Z,30,0,0,0,0.2135,0.211,0.218,27.05,26.5,27.5,3.239167,3.235,3.245,22397,22426,0,0,0,0
2020-12-22T11:00:00Z,29,0,0,0,0.210586,0.209,0.213,27.613793,27.5,27.7,3.232172,3.227,3.235,22427,22455,0,0,0,0
2020-12-22T12:00:00Z,30,0,0,0,0.208433,0.207,0.211,27.75,27.5,28,3.2194,3.214,3.227,22456,22485,0,0,0,0
2020-12-22T13:00:00Z,29,0,0,0,0.206276,0.203,0.209,27.565517,27.5,27.7,3.207586,3.201,3.214,2,22506,0,0,0,0
2020-12-22T14:00:00Z,29,0,0,0,0.203552,0.202,0.206,27.655172,27.4,27.7,3.192828,3.186,3.201,10,38,0,0,0,0
2020-12-22T15:00:00Z,30,0,0,0,0.2012,0.199,0.205,27.42,27.3,27.6,3.182333,3.178,3.186,39,68,0,0,0,0
2020-12-22T16:00:00Z,29,0,0,0,0.198828,0.197,0.202,27.227586,26.9,27.4,3.171103,3.164,3.179,69,97,0,0,0,0
2020-12-22T17:00:00Z,30,0,0,0,0.1905,0.185,0.2,26.4,26.1,26.9,3.1432,3.128,3.164,1,109,0,0,0,0
2020-12-22T18:00:00Z,29,0,0,0,0.184655,0.182,0.188,25.065517,24.6,26.1,3.114759,3.103,3.128,1,1,0,0,0,0
2020-12-22T19:00:00Z,29,0,0,0,0.181069,0.178,0.184,24.665517,24.5,24.7,3.088759,3.079,3.102,1,1,0,0,0,0
2020-12-22T20:00:00Z,29,0,0,0,0.175517,0.172,0.179,24.748276,24.7,24.9,3.065069,3.052,3.079,1,1,0,0,0,0
2020-12-22T21:00:00Z,29,0,0,0,0.16931,0.165,0.172,24.906897,24.7,25.2,3.036138,3.024,3.05,1,1,0,0,0,0
2020-12-22T22:00:00Z,30,0,0,0,0.161867,0.155,0.167,30.88,25.1,58.6,3.0048,2.986,3.024,1,1,0,0,0,0
2020-12-22T23:00:00Z,29,0,0,0,0.155,0.155,0.155,58.127586,57.7,58.5,2.965724,2.947,2.983,1,1,0,0,0,0
2020-12-23T00:00:00Z,20,0,0,0,0.155,0.155,0.155,57.47,57.2,57.8,2.92995,2.915,2.945,1,1,0,0,0,0
