ts,n_samples,solar2_v_avg,solar2_v_min,solar2_v_max,current2_a_avg,current2_a_min,current2_a_max,temp_c_avg,temp_c_min,temp_c_max,lipo2_v_avg,lipo2_v_min,lipo2_v_max,boot_count_min,boot_count_max,solar2_v_n_oor,current2_a_n_oor,temp_c_n_oor,lipo2_v_n_oor
2021-02-09T15:00:00Z,16,0,0,0,0.239312,0.211,0.255,32.05,29.6,33.4,3.50425,2.549,3.809,1,20,0,0,0,0
2021-02-09T16:00:00Z,21,0,0,0,0.22881,0.208,0.255,32.947619,32.7,33.6,4.007476,3.93,4.067,29,49,0,0,0,0
2021-02-09T17:00:00Z,29,0,0,0,0.234103,0.211,0.253,32.751724,32.6,32.9,4.113103,4.069,4.139,50,78,0,0,0,0
2021-02-09T18:00:00Z,30,0,0,0,0.228,0.208,0.259,32.25,31.8,32.6,4.1521,4.139,4.164,79,108,0,0,0,0
2021-02-09T19:00:00Z,29,0,0,0,0.239276,0.213,0.261,31.710345,31.4,32,4.176724,4.166,4.184,109,137,0,0,0,0
2021-02-09T20:00:00Z,30,0,0,0,0.232,0.208,0.259,31.38,31.3,31.5,4.1743,4.158,4.187,138,167,0,0,0,0
2021-02-09T21:00:00Z,29,0,0,0,0.234966,0.21,0.258,31.1,30.8,31.3,4.153793,4.148,4.158,168,196,0,0,0,0
2021-02-09T22:00:00Z,30,0,0,0,0.2367,0.209,0.26,31.116667,30.7,31.3,4.146667,4.144,4.149,197,226,0,0,0,0
2021-02-09T23:00:00Z,29,0,0,0,0.231586,0.21,0.258,31.224138,30.6,31.4,4.143483,4.141,4.146,227,255,0,0,0,0
2021-02-10T00:00:00Z,30,0,0,0,0.234933,0.21,0.257,31.163333,30.7,31.4,4.141867,4.141,4.143,256,285,0,0,0,0
2021-02-10T01:00:00Z,28,0.717143,0,1.071,0.232214,0.219,0.249,30.653571,30.1,31.4,4.1325,4.13,4.141,286,314,0,0,0,0
2021-02-10T02:00:00Z,29,1.277379,0.807,1.579,0.228759,0.227,0.231,33.02069,31.3,34.7,4.13031,4.128,4.131,315,343,0,0,0,0
2021-02-10T03:00:00Z,30,1.289667,0.892,1.758,0.2277,0.226,0.23,33.973333,32.9,35.4,4.128767,4.126,4.131,344,373,0,0,0,0
2021-02-10T04:00:00Z,29,1.252,0.766,1.697,0.225724,0.224,0.228,36.431034,35.4,37.7,4.126207,4.123,4.128,374,402,0,0,0,0
2021-02-10T05:00:00Z,30,1.289967,1.048,1.617,0.225267,0.223,0.228,37.153333,36.2,37.9,4.124867,4.12,4.128,403,432,0,0,0,0
2021-02-10T06:00:00Z,29,1.376448,1.074,1.784,0.225586,0.223,0.228,36.651724,35.5,38.3,4.12169,4.12,4.125,433,461,0,0,0,0
2021-02-10T07:00:00Z,30,0.746167,0.374,1.459,0.2254,0.223,0.229,36.793333,34.3,39.2,4.1199,4.116,4.125,462,491,0,0,0,0
2021-02-10T08:00:00Z,28,0.6,0.405,1.187,0.227929,0.227,0.23,34.132143,34,34.5,4.117214,4.115,4.12,492,520,0,0,0,0
2021-02-10T09:00:00Z,30,0.054733,0,0.524,0.2288,0.227,0.232,33.09,31.8,34.5,4.1145,4.111,4.116,521,550,0,0,0,0
2021-02-10T10:00:00Z,29,0,0,0,0.230759,0.229,0.233,31.217241,30.5,31.7,4.112069,4.11,4.115,551,579,0,0,0,0
2021-02-10T11:00:00Z,29,0,0,0,0.232241,0.231,0.235,30.110345,29.9,30.4,4.110586,4.108,4.113,580,608,0,0,0,0
2021-02-10T12:00:00Z,30,0,0,0,0.2329,0.232,0.234,29.58,29.1,30,4.109167,4.108,4.111,609,638,0,0,0,0
2021-02-10T13:00:00Z,29,0,0,0,0.233172,0.232,0.236,29.182759,29.1,29.3,4.10631,4.105,4.108,639,667,0,0,0,0
2021-02-10T14:00:00Z,30,0,0,0,0.233167,0.232,0.235,28.866667,28.6,29.3,4.105733,4.105,4.108,668,697,0,0,0,0
2021-02-10T15:00:00Z,29,0,0,0,0.233621,0.233,0.236,28.503448,28.3,28.7,4.105103,4.103,4.106,698,726,0,0,0,0
2021-02-10T16:00:00Z,30,0,0,0,0.233233,0.232,0.236,28.683333,28.3,29,4.104533,4.103,4.105,727,756,0,0,0,0
2021-02-10T17:00:00Z,29,0,0,0,0.233724,0.233,0.236,28.182759,28.1,28.5,4.103552,4.102,4.105,757,785,0,0,0,0
2021-02-10T18:00:00Z,30,0,0,0,0.233567,0.233,0.235,28.25,28.1,28.4,4.102467,4.1,4.105,786,815,0,0,0,0
2021-02-10T19:00:00Z,29,0,0,0,0.233862,0.233,0.236,27.927586,27.7,28.2,4.100138,4.098,4.102,816,844,0,0,0,0
2021-02-10T20:00:00Z,30,0,0,0,0.234233,0.233,0.236,27.953333,27.8,28.1,4.0983,4.095,4.102,845,874,0,0,0,0
2021-02-10T21:00:00Z,29,0,0,0,0.234034,0.233,0.237,27.658621,27.5,27.8,4.097276,4.095,4.1,875,903,0,0,0,0
2021-02-10T22:00:00Z,28,0,0,0,0.234036,0.233,0.237,27.653571,27.5,27.7,4.097036,4.095,4.098,904,932,0,0,0,0
2021-02-10T23:00:00Z,30,0,0,0,0.2337,0.233,0.236,27.753333,27.7,27.8,4.094267,4.092,4.097,933,962,0,0,0,0
2021-02-11T00:00:00Z,29,0.335586,0,0.551,0.233241,0.232,0.236,28.455172,27.9,29.1,4.09431,4.092,4.097,963,991,0,0,0,0
2021-02-11T01:00:00Z,30,0.8077,0.393,1.41,0.232433,0.23,0.236,29.76,29,31.6,4.093933,4.092,4.097,992,1021,0,0,0,0
2021-02-11T02:00:00Z,29,1.35669,0.87,1.791,0.228103,0.226,0.232,33.513793,31.6,35.8,4.093345,4.09,4.095,1022,1050,0,0,0,0
2021-02-11T03:00:00Z,30,1.197767,0.761,1.809,0.228,0.226,0.231,33.85,32.7,35.5,4.092533,4.09,4.095,1051,1080,0,0,0,0
2021-02-11T04:00:00Z,29,0.638414,0,1.441,0.228793,0.227,0.231,33.193103,31.3,35,4.090793,4.088,4.093,1081,1109,0,0,0,0
2021-02-11T05:00:00Z,30,1.019367,0.528,1.358,0.229433,0.228,0.233,32.133333,31.3,32.7,4.088767,4.087,4.092,1110,1139,0,0,0,0
2021-02-11T06:00:00Z,29,0.671464,0.367,1.302,0.230345,0.228,0.232,31.737931,31.2,32.6,4.087276,4.085,4.09,1140,1168,0,0,0,0
2021-02-11T07:00:00Z,29,1.082483,0.628,1.546,0.228724,0.228,0.231,32.634483,31.7,32.9,4.086207,4.085,4.088,1169,1197,0,0,0,0
2021-02-11T08:00:00Z,30,0.451133,0.372,0.588,0.231033,0.228,0.233,31.013333,30.2,32.3,4.085133,4.083,4.087,1198,1227,0,0,0,0
2021-02-11T09:00:00Z,29,0.523966,0.316,0.656,0.231793,0.23,0.234,30.424138,30.1,30.6,4.083931,4.082,4.085,1228,1256,0,0,0,0
2021-02-11T10:00:00Z,30,0,0,0,0.232633,0.232,0.234,29.64,29.1,30.1,4.082667,4.082,4.083,1257,1286,0,0,0,0
2021-02-11T11:00:00Z,29,0,0,0,0.232862,0.232,0.234,28.924138,28.7,29.1,4.082207,4.082,4.083,1287,1315,0,0,0,0
2021-02-11T12:00:00Z,30,0,0,0,0.233167,0.233,0.234,28.616667,28.4,28.7,4.0814,4.08,4.082,1316,1345,0,0,0,0
2021-02-11T13:00:00Z,29,0,0,0,0.233345,0.232,0.235,28.582759,28.2,28.7,4.08069,4.08,4.082,1346,1374,0,0,0,0
2021-02-11T14:00:00Z,30,0,0,0,0.233767,0.233,0.236,28.07,27.8,28.1,4.08,4.08,4.08,1375,1404,0,0,0,0
2021-02-11T15:00:00Z,29,0,0,0,0.233759,0.233,0.235,27.751724,27.6,27.9,4.08,4.08,4.08,1405,1433,0,0,0,0
2021-02-11T16:00:00Z,28,0,0,0,0.234607,0.233,0.237,27.417857,27.3,27.6,4.079357,4.078,4.08,1434,1462,0,0,0,0
2021-02-11T17:00:00Z,30,0,0,0,0.2347,0.233,0.238,27.306667,27,27.4,4.0785,4.077,4.08,1463,1492,0,0,0,0
2021-02-11T18:00:00Z,29,0,0,0,0.234655,0.233,0.238,27.165517,27,27.3,4.078207,4.078,4.08,1493,1521,0,0,0,0
2021-02-11T19:00:00Z,30,0,0,0,0.235067,0.233,0.237,27.13,26.9,27.3,4.077367,4.075,4.078,1522,1551,0,0,0,0
2021-02-11T20:00:00Z,29,0,0,0,0.234966,0.234,0.237,27.210345,27,27.4,4.076793,4.075,4.078,1552,1580,0,0,0,0
2021-02-13T07:00:00Z,11,0.996727,0.775,1.42,0.226909,0.226,0.228,34.809091,34,35.3,4.016909,4.014,4.019,2425,2435,0,0,0,0
2021-02-13T08:00:00Z,30,0.828867,0.488,1.277,0.228167,0.227,0.23,33.353333,32.7,34,4.017933,4.016,4.019,2436,2465,0,0,0,0
2021-02-13T09:00:00Z,29,0.566966,0.365,0.785,0.229862,0.228,0.232,31.648276,30.6,32.9,4.018069,4.016,4.021,2466,2494,0,0,0,0
2021-02-13T10:00:00Z,30,0.033433,0,0.346,0.232467,0.231,0.234,29.566667,28.6,30.4,4.017167,4.016,4.019,2495,2524,0,0,0,0
2021-02-13T11:00:00Z,29,0,0,0,0.233966,0.233,0.236,27.817241,27.4,28.6,4.01631,4.014,4.019,2525,2553,0,0,0,0
2021-02-13T12:00:00Z,30,0,0,0,0.234733,0.233,0.237,27.29,27,27.4,4.015633,4.012,4.017,2554,2583,0,0,0,0
2021-02-13T13:00:00Z,29,0,0,0,0.235724,0.234,0.238,26.831034,26.7,27,4.014,4.012,4.016,2584,2612,0,0,0,0
2021-02-13T14:00:00Z,30,0,0,0,0.236033,0.235,0.238,26.353333,26.1,26.7,4.013533,4.011,4.016,2613,2642,0,0,0,0
2021-02-13T15:00:00Z,29,0,0,0,0.23631,0.234,0.238,26.103448,26.1,26.2,4.013966,4.011,4.016,2643,2671,0,0,0,0
2021-02-13T16:00:00Z,30,0,0,0,0.236233,0.235,0.238,26.1,26.1,26.1,4.012733,4.011,4.016,2672,2701,0,0,0,0
2021-02-13T17:00:00Z,29,0,0,0,0.236517,0.235,0.238,26.1,26.1,26.1,4.011828,4.009,4.014,2702,2730,0,0,0,0
2021-02-13T18:00:00Z,30,0,0,0,0.2368,0.235,0.239,26.04,26,26.1,4.012367,4.011,4.014,2731,2760,0,0,0,0
2021-02-13T19:00:00Z,29,0,0,0,0.237138,0.236,0.24,25.631034,25.3,26,4.011897,4.011,4.014,2761,2789,0,0,0,0
2021-02-13T20:00:00Z,29,0,0,0,0.237172,0.236,0.238,25.268966,25.2,25.7,4.011448,4.009,4.012,2790,2818,0,0,0,0
2021-02-13T21:00:00Z,30,0,0,0,0.237467,0.235,0.24,25.513333,25.4,25.8,4.011267,4.009,4.012,2819,2848,0,0,0,0
2021-02-13T22:00:00Z,29,0,0,0,0.237034,0.235,0.239,25.841379,25.7,26,4.010379,4.007,4.012,2849,2877,0,0,0,0
2021-02-13T23:00:00Z,30,0,0,0,0.237,0.236,0.239,26,25.9,26.1,4.0102,4.009,4.011,2878,2907,0,0,0,0
2021-02-14T00:00:00Z,29,0.334483,0,0.551,0.235655,0.234,0.237,26.458621,26.1,27.3,4.009552,4.007,4.011,2908,2936,0,0,0,0
2021-02-14T01:00:00Z,30,0.793633,0.497,1.223,0.233833,0.233,0.237,27.933333,27.3,28.9,4.009833,4.007,4.012,2937,2966,0,0,0,0
2021-02-14T02:00:00Z,29,1.08631,0.706,1.344,0.232276,0.231,0.233,29.889655,28.9,30.1,4.009552,4.007,4.011,2967,2995,0,0,0,0
2021-02-14T03:00:00Z,29,1.261345,0.895,1.627,0.229345,0.226,0.233,32.403448,30.1,34.5,4.009379,4.007,4.012,2996,3025,0,0,0,0
2021-02-14T04:00:00Z,29,1.525448,1.071,1.704,0.227345,0.225,0.23,34.8,34,35.4,4.010103,4.009,4.011,3026,3054,0,0,0,0
2021-02-14T05:00:00Z,30,1.294733,0.823,1.682,0.228067,0.226,0.231,33.903333,32.6,35.4,4.0091,4.007,4.012,3055,3084,0,0,0,0
2021-02-14T06:00:00Z,29,1.394966,1.092,1.686,0.226828,0.226,0.228,35.131034,33.9,36.5,4.00831,4.007,4.011,3085,3113,0,0,0,0
2021-02-14T07:00:00Z,29,0.765034,0.392,1.208,0.228517,0.226,0.231,33.093103,31.6,35.5,4.007276,4.006,4.011,3114,3142,0,0,0,0
2021-02-14T08:00:00Z,30,0.9748,0.661,1.153,0.2279,0.226,0.229,33.81,32.4,34.9,4.0062,4.006,4.007,3143,3172,0,0,0,0
2021-02-14T09:00:00Z,29,0.576793,0.38,0.777,0.230655,0.228,0.233,31.2,30,32.3,4.005862,4.004,4.009,3173,3201,0,0,0,0
2021-02-14T10:00:00Z,30,0.048966,0,0.367,0.233333,0.232,0.236,28.796667,27.7,29.8,4.0043,4.003,4.006,3202,3231,0,0,0,0
2021-02-14T11:00:00Z,29,0,0,0,0.234552,0.233,0.238,27.27931,26.9,27.7,4.003828,4.001,4.006,3232,3260,0,0,0,0
2021-02-14T12:00:00Z,30,0,0,0,0.2361,0.234,0.238,26.58,26.4,26.8,4.0034,4.001,4.004,3261,3290,0,0,0,0
2021-02-14T13:00:00Z,29,0,0,0,0.235586,0.235,0.236,26.289655,26.2,26.4,4.002448,4.001,4.003,3291,3319,0,0,0,0
2021-02-14T14:00:00Z,30,0,0,0,0.236233,0.234,0.238,26.186667,26.1,26.2,4.001733,4.001,4.003,3320,3349,0,0,0,0
2021-02-14T15:00:00Z,29,0,0,0,0.236276,0.235,0.239,26.1,26.1,26.1,4.001,3.999,4.003,3350,3378,0,0,0,0
2021-02-14T16:00:00Z,30,0,0,0,0.236133,0.233,0.238,26.156667,26.1,26.2,4.0008,3.999,4.003,3379,3408,0,0,0,0
2021-02-14T17:00:00Z,29,0,0,0,0.236172,0.234,0.238,26.096552,26,26.1,4.000379,3.999,4.003,3409,3437,0,0,0,0
2021-02-14T18:00:00Z,30,0,0,0,0.236733,0.235,0.239,25.953333,25.5,26.1,3.9997,3.998,4.001,3438,3467,0,0,0,0
2021-02-14T19:00:00Z,29,0,0,0,0.237448,0.236,0.24,25.148276,25,25.4,3.998931,3.998,4.001,3468,3496,0,0,0,0
2021-02-14T20:00:00Z,29,0,0,0,0.237172,0.236,0.24,25.103448,25,25.2,3.998793,3.998,3.999,3497,3525,0,0,0,0
2021-02-14T21:00:00Z,30,0,0,0,0.2376,0.236,0.24,25.033333,24.9,25.1,3.998233,3.996,3.999,3526,3555,0,0,0,0
2021-02-14T22:00:00Z,29,0,0,0,0.237621,0.236,0.239,24.858621,24.8,25,3.998034,3.996,3.999,3556,3584,0,0,0,0
2021-02-14T23:00:00Z,30,0,0,0,0.238067,0.236,0.241,24.983333,24.8,25.7,3.997133,3.994,3.998,3585,3614,0,0,0,0
2021-02-15T00:00:00Z,29,0.387345,0,0.795,0.23631,0.234,0.239,26.262069,25.8,26.9,3.995793,3.994,3.998,3615,3643,0,0,0,0
2021-02-15T01:00:00Z,30,0.841567,0.6,1.189,0.2335,0.233,0.235,28.103333,27.2,28.7,3.996433,3.994,3.999,3644,3673,0,0,0,0
2021-02-15T02:00:00Z,29,1.208414,0.667,1.692,0.231759,0.228,0.235,30.3,28.7,32.9,3.995586,3.994,3.998,3674,3702,0,0,0,0
2021-02-15T03:00:00Z,30,1.3312,1.098,1.54,0.227633,0.226,0.23,34.08,32.8,35.4,3.996233,3.993,3.998,3703,3732,0,0,0,0
2021-02-15T04:00:00Z,29,1.398655,1.061,1.7,0.226759,0.225,0.229,35.093103,34.4,35.7,3.996069,3.994,3.998,3733,3761,0,0,0,0
2021-02-15T05:00:00Z,30,1.379233,1.151,1.684,0.2267,0.226,0.229,35.223333,34.8,35.6,3.994667,3.993,3.998,3762,3791,0,0,0,0
2021-02-15T06:00:00Z,29,1.236655,0.811,1.561,0.226759,0.224,0.229,35.3,33.9,36.6,3.994276,3.993,3.996,3792,3820,0,0,0,0
2021-02-15T07:00:00Z,29,1.205345,0.957,1.458,0.225897,0.224,0.228,36.106897,35.3,36.7,3.993897,3.991,3.996,3821,3849,0,0,0,0
2021-02-15T08:00:00Z,30,1.0253,0.825,1.246,0.227267,0.225,0.23,34.52,32.7,36.3,3.992333,3.989,3.994,3850,3879,0,0,0,0
2021-02-15T09:00:00Z,28,0.612643,0.354,0.836,0.230893,0.229,0.233,31.296429,30,32.6,3.990429,3.988,3.993,3880,3908,0,0,0,0
2021-02-15T10:00:00Z,30,0.032933,0,0.341,0.233267,0.231,0.236,28.9,28,30,3.9886,3.986,3.991,3909,3938,0,0,0,0
2021-02-15T11:00:00Z,29,0,0,0,0.234448,0.233,0.236,27.475862,27.3,27.9,3.987241,3.986,3.989,3939,3967,0,0,0,0
2021-02-15T12:00:00Z,30,0,0,0,0.2353,0.234,0.237,26.9,26.6,27.3,3.985367,3.983,3.988,3968,3997,0,0,0,0
2021-02-15T13:00:00Z,28,0,0,0,0.235679,0.234,0.238,26.317857,26.1,26.6,3.984179,3.983,3.986,3998,4026,0,0,0,0
2021-02-15T14:00:00Z,30,0,0,0,0.236367,0.235,0.238,26.116667,26.1,26.2,3.984267,3.983,3.986,4027,4056,0,0,0,0
2021-02-15T15:00:00Z,29,0,0,0,0.236483,0.235,0.24,26.096552,26,26.1,3.983172,3.981,3.984,4057,4085,0,0,0,0
2021-02-15T16:00:00Z,30,0,0,0,0.236733,0.235,0.239,26.096667,26,26.1,3.982267,3.979,3.984,4086,4115,0,0,0,0
2021-02-15T17:00:00Z,29,0,0,0,0.237172,0.236,0.238,26,25.9,26.1,3.981207,3.979,3.983,4116,4144,0,0,0,0
2021-02-15T18:00:00Z,29,0,0,0,0.236759,0.235,0.239,25.958621,25.7,26.1,3.980172,3.979,3.983,4145,4173,0,0,0,0
2021-02-15T19:00:00Z,30,0,0,0,0.2376,0.236,0.24,25.253333,25,25.7,3.979267,3.978,3.981,4174,4203,0,0,0,0
2021-02-15T20:00:00Z,29,0,0,0,0.237379,0.236,0.24,24.910345,24.8,25,3.978207,3.976,3.979,4204,4232,0,0,0,0
2021-02-15T21:00:00Z,30,0,0,0,0.237933,0.237,0.241,24.87,24.8,24.9,3.977533,3.976,3.979,4233,4262,0,0,0,0
2021-02-15T22:00:00Z,29,0,0,0,0.238241,0.237,0.241,24.713793,24.7,24.8,3.976897,3.976,3.978,4263,4291,0,0,0,0
2021-02-15T23:00:00Z,30,0,0,0,0.2379,0.237,0.239,24.713333,24.7,24.9,3.976,3.976,3.976,4292,4321,0,0,0,0
2021-02-16T00:00:00Z,29,0.436828,0,0.687,0.236448,0.234,0.239,25.955172,25,26.8,3.975724,3.974,3.976,4322,4350,0,0,0,0
2021-02-16T01:00:00Z,30,0.816067,0.644,1.031,0.234133,0.232,0.237,27.786667,26.9,28.8,3.975867,3.974,3.976,4351,4380,0,0,0,0
2021-02-16T02:00:00Z,29,1.12,0.815,1.277,0.231207,0.228,0.233,30.827586,29,32.6,3.975448,3.974,3.976,4381,4409,0,0,0,0
2021-02-16T03:00:00Z,30,1.211667,0.869,1.338,0.227633,0.226,0.23,34.29,32.7,35.4,3.976067,3.976,3.978,4410,4439,0,0,0,0
2021-02-16T04:00:00Z,29,1.287828,0.856,1.494,0.226414,0.225,0.228,35.686207,35,36.6,3.975379,3.974,3.976,4440,4468,0,0,0,0
2021-02-16T05:00:00Z,30,1.404933,1.069,1.648,0.225633,0.223,0.229,36.586667,35.8,37.3,3.975067,3.974,3.976,4469,4498,0,0,0,0
2021-02-16T06:00:00Z,29,1.218172,0.807,1.474,0.225241,0.223,0.228,36.717241,35.4,37.4,3.974621,3.974,3.976,4499,4527,0,0,0,0
2021-02-16T07:00:00Z,30,1.182,0.733,1.467,0.226133,0.223,0.231,36,34.4,38,3.973933,3.973,3.974,4528,4557,0,0,0,0
2021-02-16T08:00:00Z,29,0.996862,0.774,1.259,0.227759,0.226,0.23,34,32.7,35.2,3.973379,3.973,3.974,4558,4586,0,0,0,0
2021-02-16T09:00:00Z,29,0.600517,0.341,0.866,0.230759,0.228,0.233,31.186207,30,32.6,3.972552,3.971,3.974,4587,4615,0,0,0,0
2021-02-16T10:00:00Z,30,0.021733,0,0.334,0.232933,0.232,0.234,28.89,28.1,30,3.971167,3.968,3.973,4616,4645,0,0,0,0
2021-02-16T11:00:00Z,29,0,0,0,0.234276,0.233,0.237,27.531034,27.3,28,3.969828,3.968,3.971,4646,4674,0,0,0,0
2021-02-16T12:00:00Z,30,0,0,0,0.235533,0.234,0.238,26.983333,26.7,27.3,3.967433,3.965,3.971,4675,4704,0,0,0,0
2021-02-16T13:00:00Z,29,0,0,0,0.236276,0.235,0.238,26.427586,26.2,26.7,3.965655,3.963,3.968,4705,4733,0,0,0,0
2021-02-16T14:00:00Z,30,0,0,0,0.2369,0.235,0.239,26.113333,26.1,26.2,3.964033,3.961,3.966,4734,4763,0,0,0,0
2021-02-16T15:00:00Z,29,0,0,0,0.236586,0.235,0.238,26.141379,26.1,26.2,3.962,3.96,3.965,4764,4792,0,0,0,0
2021-02-16T16:00:00Z,30,0,0,0,0.236567,0.235,0.238,26.126667,26.1,26.2,3.960733,3.96,3.963,4793,4822,0,0,0,0
2021-02-16T17:00:00Z,29,0,0,0,0.236862,0.235,0.238,26.1,26.1,26.1,3.959172,3.956,3.961,4823,4851,0,0,0,0
2021-02-16T18:00:00Z,30,0,0,0,0.236867,0.236,0.239,26.056667,25.9,26.1,3.957,3.956,3.96,4852,4881,0,0,0,0
2021-02-16T19:00:00Z,29,0,0,0,0.236862,0.235,0.239,26.068966,26,26.1,3.955862,3.953,3.958,4882,4910,0,0,0,0
2021-02-16T20:00:00Z,30,0,0,0,0.237233,0.236,0.239,25.786667,25.7,26,3.9545,3.953,3.956,4911,4940,0,0,0,0
2021-02-16T21:00:00Z,29,0,0,0,0.237483,0.236,0.239,25.334483,25.1,25.8,3.953034,3.951,3.956,4941,4969,0,0,0,0
2021-02-16T22:00:00Z,29,0,0,0,0.237448,0.236,0.24,25.065517,24.8,25.2,3.95131,3.948,3.953,4970,4998,0,0,0,0
2021-02-16T23:00:00Z,30,0,0,0,0.238033,0.237,0.24,24.776667,24.7,24.9,3.949733,3.948,3.951,4999,5028,0,0,0,0
2021-02-17T00:00:00Z,29,0.360414,0,0.657,0.236862,0.235,0.238,25.789655,25,26.4,3.948931,3.948,3.951,5029,5057,0,0,0,0
2021-02-17T01:00:00Z,29,0.749931,0.524,1.077,0.234379,0.233,0.237,27.682759,26.5,29,3.948,3.946,3.95,5058,5086,0,0,0,0
2021-02-17T02:00:00Z,30,1.041033,0.91,1.166,0.230267,0.228,0.234,31.343333,29.1,33.7,3.947667,3.946,3.95,5087,5116,0,0,0,0
2021-02-17T03:00:00Z,29,1.173379,0.857,1.415,0.226828,0.224,0.231,35.151724,34,36.7,3.948276,3.946,3.95,5117,5145,0,0,0,0
2021-02-17T04:00:00Z,30,1.123033,1.051,1.23,0.225133,0.224,0.228,36.7,36.7,36.7,3.948467,3.946,3.95,5146,5175,0,0,0,0
2021-02-17T05:00:00Z,29,1.033897,0.995,1.084,0.225759,0.224,0.228,36.648276,36.4,36.9,3.946897,3.946,3.948,5176,5204,0,0,0,0
2021-02-17T06:00:00Z,30,1.035267,0.997,1.126,0.224567,0.223,0.228,37.776667,36.9,39,3.946133,3.943,3.948,5205,5234,0,0,0,0
2021-02-17T07:00:00Z,29,1.089103,0.971,1.269,0.223241,0.222,0.226,38.824138,38,39.3,3.945897,3.945,3.948,5235,5263,0,0,0,0
2021-02-17T08:00:00Z,29,0.889414,0.733,0.987,0.224966,0.223,0.228,36.862069,35,38,3.94431,3.941,3.946,5264,5292,0,0,0,0
2021-02-17T09:00:00Z,30,0.57831,0,0.851,0.228433,0.227,0.231,33.476667,32,34.9,3.9406,3.938,3.943,5293,5322,0,0,0,0
2021-02-17T10:00:00Z,29,0,0,0,0.231276,0.229,0.233,30.651724,29.6,31.9,3.937621,3.935,3.94,5323,5351,0,0,0,0
2021-02-17T11:00:00Z,30,0,0,0,0.233333,0.232,0.236,28.976667,28.6,29.6,3.933967,3.932,3.937,5352,5381,0,0,0,0
2021-02-17T12:00:00Z,29,0,0,0,0.234655,0.233,0.238,28.02069,27.7,28.6,3.933,3.93,3.935,5382,5410,0,0,0,0
2021-02-17T13:00:00Z,30,0,0,0,0.235133,0.233,0.237,27.47,27.4,27.7,3.931,3.93,3.933,5411,5440,0,0,0,0
2021-02-17T14:00:00Z,28,0,0,0,0.235071,0.234,0.237,27.389286,27.3,27.4,3.928857,3.927,3.932,5441,5469,0,0,0,0
2021-02-17T15:00:00Z,30,0,0,0,0.2351,0.234,0.238,27.396667,27.3,27.4,3.9282,3.927,3.93,5470,5499,0,0,0,0
2021-02-17T16:00:00Z,28,0,0,0,0.235929,0.235,0.238,27.060714,26.8,27.4,3.926536,3.925,3.928,5500,5528,0,0,0,0
2021-02-17T17:00:00Z,29,0,0,0,0.236069,0.234,0.238,26.72069,26.5,26.9,3.925138,3.923,3.927,5529,5557,0,0,0,0
2021-02-17T18:00:00Z,30,0,0,0,0.236433,0.235,0.238,26.303333,26.1,26.6,3.923667,3.923,3.925,5558,5587,0,0,0,0
2021-02-17T19:00:00Z,29,0,0,0,0.237207,0.236,0.239,26.110345,26.1,26.2,3.923103,3.922,3.925,5588,5616,0,0,0,0
2021-02-17T20:00:00Z,30,0,0,0,0.237333,0.236,0.239,26.1,26.1,26.1,3.922833,3.922,3.925,5617,5646,0,0,0,0
2021-02-17T21:00:00Z,29,0,0,0,0.237345,0.236,0.239,25.896552,25.5,26.1,3.922172,3.922,3.923,5647,5675,0,0,0,0
2021-02-17T22:00:00Z,30,0,0,0,0.237667,0.236,0.239,25.533333,25.3,25.7,3.921867,3.92,3.922,5676,5705,0,0,0,0
2021-02-17T23:00:00Z,29,0,0,0,0.237759,0.237,0.239,25.562069,25.3,25.8,3.921448,3.92,3.922,5706,5734,0,0,0,0
2021-02-18T00:00:00Z,30,0.364267,0,0.611,0.236833,0.235,0.239,26.35,25.8,27.3,3.920933,3.918,3.922,5735,5764,0,0,0,0
2021-02-18T01:00:00Z,29,0.714103,0.603,0.821,0.234172,0.233,0.236,28.003448,27.3,29,3.920621,3.92,3.922,5765,5793,0,0,0,0
2021-02-18T02:00:00Z,30,0.957667,0.816,1.097,0.2311,0.228,0.233,30.933333,29.1,33.6,3.920533,3.92,3.922,5794,5823,0,0,0,0
2021-02-18T03:00:00Z,29,1.245724,0.918,1.448,0.227138,0.225,0.23,34.837931,34,35.9,3.921517,3.92,3.922,5824,5852,0,0,0,0
2021-02-18T04:00:00Z,30,1.368167,0.933,1.641,0.226933,0.225,0.23,35.23,34.5,35.8,3.921267,3.92,3.922,5853,5882,0,0,0,0
2021-02-18T05:00:00Z,29,1.296034,0.797,1.761,0.226724,0.226,0.229,35.82069,35,36.7,3.920207,3.918,3.922,5883,5911,0,0,0,0
2021-02-18T06:00:00Z,30,1.301033,0.861,1.54,0.226267,0.224,0.23,36.8,35.3,37.7,3.920533,3.92,3.922,5912,5941,0,0,0,0
2021-02-18T07:00:00Z,29,1.167483,1.016,1.408,0.224483,0.223,0.228,37.972414,37.7,38.3,3.920483,3.918,3.922,5942,5970,0,0,0,0
2021-02-18T08:00:00Z,28,0.889643,0.652,1.036,0.226679,0.225,0.23,36.153571,35,37.8,3.918214,3.915,3.92,5971,5999,0,0,0,0
2021-02-18T09:00:00Z,30,0.464733,0,0.733,0.228533,0.227,0.231,33.506667,32.7,34.9,3.9162,3.913,3.918,6000,6029,0,0,0,0
2021-02-18T10:00:00Z,29,0,0,0,0.229897,0.228,0.233,31.851724,30.6,32.7,3.915345,3.913,3.917,6030,6058,0,0,0,0
2021-02-18T11:00:00Z,30,0,0,0,0.232267,0.231,0.234,29.92,29.4,30.5,3.912233,3.908,3.915,6059,6088,0,0,0,0
2021-02-18T12:00:00Z,28,0,0,0,0.233179,0.232,0.235,29.096429,28.8,29.4,3.909107,3.907,3.91,6090,6117,0,0,0,0
2021-02-18T13:00:00Z,30,0,0,0,0.233533,0.232,0.236,28.663333,28.6,28.7,3.908,3.905,3.91,6118,6147,0,0,0,0
2021-02-18T14:00:00Z,29,0,0,0,0.233552,0.233,0.235,28.637931,28.6,28.7,3.906966,3.905,3.908,6148,6176,0,0,0,0
2021-02-18T15:00:00Z,30,0,0,0,0.233633,0.233,0.236,28.67,28.6,28.7,3.906233,3.905,3.908,6177,6206,0,0,0,0
2021-02-18T16:00:00Z,29,0,0,0,0.233793,0.233,0.238,28.52069,28.1,28.8,3.905034,3.904,3.907,6207,6235,0,0,0,0
2021-02-18T17:00:00Z,28,0,0,0,0.234821,0.233,0.236,27.907143,27.7,28.1,3.904,3.902,3.905,6236,6264,0,0,0,0
2021-02-18T18:00:00Z,30,0,0,0,0.234667,0.233,0.237,27.58,27.3,27.9,3.902467,3.9,3.905,6265,6294,0,0,0,0
2021-02-18T19:00:00Z,29,0,0,0,0.235828,0.234,0.238,27.013793,26.7,27.3,3.901586,3.9,3.904,6295,6323,0,0,0,0
2021-02-18T20:00:00Z,26,0,0,0,0.236577,0.235,0.239,26.373077,26.1,26.7,3.900808,3.899,3.902,6324,6353,0,0,0,0
2021-02-18T21:00:00Z,29,0,0,0,0.237034,0.236,0.239,25.937931,25.5,26.1,3.899034,3.897,3.9,6354,6382,0,0,0,0
2021-02-18T22:00:00Z,30,0,0,0,0.238067,0.237,0.24,25.196667,25.1,25.5,3.898333,3.895,3.9,6383,6412,0,0,0,0
2021-02-18T23:00:00Z,29,0,0,0,0.238034,0.237,0.24,25.027586,24.9,25.2,3.897276,3.895,3.899,6413,6441,0,0,0,0
2021-02-19T00:00:00Z,30,0.384067,0,0.523,0.236567,0.234,0.239,26.416667,25.2,27.4,3.897533,3.895,3.899,6442,6471,0,0,0,0
2021-02-19T01:00:00Z,28,0.638,0.524,0.761,0.23375,0.232,0.238,28.625,27.4,30.1,3.89875,3.897,3.9,6472,6500,0,0,0,0
2021-02-19T02:00:00Z,30,0.857367,0.754,0.954,0.229633,0.227,0.234,32.223333,30.1,34.5,3.899267,3.897,3.902,6501,6530,0,0,0,0
2021-02-19T03:00:00Z,29,0.998828,0.944,1.075,0.226379,0.224,0.228,36.041379,34.6,36.9,3.900034,3.899,3.902,6531,6559,0,0,0,0
2021-02-19T04:00:00Z,29,1.120862,1.057,1.194,0.225172,0.224,0.228,37.103448,36.9,37.3,3.900414,3.899,3.902,6560,6588,0,0,0,0
2021-02-19T05:00:00Z,30,1.135667,0.99,1.238,0.224967,0.224,0.228,36.873333,36.7,37.1,3.899967,3.899,3.902,6589,6618,0,0,0,0
2021-02-19T06:00:00Z,29,1.20169,1.1,1.392,0.224552,0.223,0.228,37.931034,36.8,38.7,3.899862,3.899,3.902,6619,6647,0,0,0,0
2021-02-19T07:00:00Z,30,0.9962,0.539,1.377,0.224633,0.223,0.228,37.883333,35.7,39.3,3.8998,3.899,3.902,6648,6677,0,0,0,0
2021-02-19T08:00:00Z,29,0.888897,0.46,1.364,0.226034,0.223,0.231,36.703448,34.2,38.6,3.89869,3.895,3.9,6678,6706,0,0,0,0
2021-02-19T09:00:00Z,30,0.499733,0,1.023,0.228933,0.227,0.233,33.116667,31.6,34.1,3.896267,3.895,3.899,6707,6736,0,0,0,0
2021-02-19T10:00:00Z,29,0,0,0,0.231483,0.23,0.233,30.817241,30.2,31.5,3.894759,3.894,3.895,6737,6765,0,0,0,0
2021-02-19T11:00:00Z,30,0,0,0,0.232667,0.231,0.234,29.956667,29.5,30.1,3.894133,3.892,3.895,6766,6795,0,0,0,0
2021-02-19T12:00:00Z,29,0,0,0,0.232966,0.232,0.234,29.141379,28.8,29.5,3.893586,3.892,3.894,6796,6824,0,0,0,0
2021-02-19T13:00:00Z,29,0,0,0,0.233414,0.233,0.235,28.637931,28.6,28.7,3.892759,3.89,3.894,6825,6853,0,0,0,0
2021-02-19T14:00:00Z,30,0,0,0,0.234067,0.233,0.236,28.463333,28.3,28.6,3.891067,3.89,3.894,6854,6883,0,0,0,0
2021-02-19T15:00:00Z,29,0,0,0,0.233862,0.233,0.236,28.544828,28.3,28.6,3.890828,3.889,3.892,6884,6912,0,0,0,0
2021-02-19T16:00:00Z,30,0,0,0,0.2345,0.233,0.238,27.86,27.6,28.2,3.889433,3.887,3.892,6913,6942,0,0,0,0
2021-02-19T17:00:00Z,29,0,0,0,0.234724,0.233,0.237,27.434483,27.4,27.5,3.889034,3.887,3.89,6943,6971,0,0,0,0
2021-02-19T18:00:00Z,30,0,0,0,0.234967,0.233,0.238,27.296667,27.1,27.4,3.887633,3.885,3.89,6972,7001,0,0,0,0
2021-02-19T19:00:00Z,29,0,0,0,0.235862,0.234,0.238,26.889655,26.7,27.2,3.886379,3.884,3.889,7002,7030,0,0,0,0
2021-02-19T20:00:00Z,30,0,0,0,0.236333,0.235,0.238,26.496667,26.2,26.8,3.885067,3.882,3.889,7031,7060,0,0,0,0
2021-02-19T21:00:00Z,29,0,0,0,0.236897,0.236,0.238,26.127586,26.1,26.2,3.883379,3.882,3.885,7061,7089,0,0,0,0
2021-02-19T22:00:00Z,29,0,0,0,0.23731,0.235,0.239,26.051724,26,26.1,3.88231,3.88,3.885,7090,7118,0,0,0,0
2021-02-19T23:00:00Z,30,0,0,0,0.237167,0.236,0.24,25.906667,25.7,26.1,3.881667,3.88,3.884,7119,7148,0,0,0,0
2021-02-20T00:00:00Z,29,0.417448,0,0.556,0.235931,0.234,0.238,26.717241,26.1,27.4,3.881897,3.88,3.885,7149,7177,0,0,0,0
2021-02-20T01:00:00Z,30,0.701233,0.565,0.805,0.233533,0.232,0.236,28.626667,27.4,30.1,3.882867,3.88,3.885,7178,7207,0,0,0,0
2021-02-20T02:00:00Z,29,0.896724,0.81,0.966,0.23,0.228,0.232,32.010345,30.1,34,3.885172,3.882,3.887,7208,7236,0,0,0,0
2021-02-20T03:00:00Z,30,0.974233,0.943,0.997,0.2262,0.224,0.229,35.87,34.1,37,3.887933,3.885,3.889,7237,7266,0,0,0,0
2021-02-20T04:00:00Z,29,0.916448,0.852,0.98,0.224828,0.223,0.228,37.406897,37,37.8,3.889517,3.887,3.892,7267,7295,0,0,0,0
2021-02-20T05:00:00Z,30,0.892133,0.854,0.946,0.225067,0.223,0.228,36.976667,36.9,37.4,3.889733,3.887,3.892,7296,7325,0,0,0,0
2021-02-20T06:00:00Z,29,1.027276,0.926,1.231,0.224103,0.223,0.228,38.172414,37.4,39.4,3.890241,3.889,3.892,7326,7354,0,0,0,0
2021-02-20T07:00:00Z,30,1.1187,0.926,1.418,0.223333,0.222,0.227,39.603333,38.7,40.4,3.890733,3.889,3.892,7355,7384,0,0,0,0
2021-02-20T08:00:00Z,29,0.855069,0.685,0.934,0.225241,0.223,0.228,36.886207,35.3,38.6,3.889862,3.887,3.892,7385,7413,0,0,0,0
2021-02-20T09:00:00Z,30,0.514167,0.316,0.718,0.2284,0.227,0.232,33.496667,32.6,35.1,3.888,3.887,3.89,7414,7443,0,0,0,0
2021-02-20T10:00:00Z,29,0,0,0,0.230759,0.229,0.233,31.57931,30.4,32.6,3.886552,3.884,3.889,7444,7472,0,0,0,0
2021-02-20T11:00:00Z,30,0,0,0,0.232867,0.232,0.234,29.926667,29.5,30.3,3.884567,3.882,3.887,7473,7502,0,0,0,0
2021-02-20T12:00:00Z,29,0,0,0,0.233241,0.232,0.235,29.013793,28.8,29.5,3.883,3.882,3.885,7503,7531,0,0,0,0
2021-02-20T13:00:00Z,29,0,0,0,0.233655,0.233,0.235,28.631034,28.3,28.8,3.882069,3.88,3.884,7532,7560,0,0,0,0
2021-02-20T14:00:00Z,30,0,0,0,0.233633,0.233,0.235,28.13,28,28.3,3.8807,3.879,3.882,7561,7590,0,0,0,0
2021-02-20T15:00:00Z,29,0,0,0,0.234138,0.233,0.236,27.789655,27.3,28.3,3.880172,3.879,3.884,7591,7619,0,0,0,0
2021-02-20T16:00:00Z,30,0,0,0,0.235267,0.234,0.238,27.246667,27,27.3,3.879433,3.877,3.882,7620,7649,0,0,0,0
2021-02-20T17:00:00Z,29,0,0,0,0.236069,0.234,0.238,27.02069,26.8,27.2,3.879034,3.877,3.88,7650,7678,0,0,0,0
2021-02-20T18:00:00Z,30,0,0,0,0.236,0.234,0.238,26.59,26.5,26.8,3.8784,3.877,3.88,7679,7708,0,0,0,0
2021-02-20T19:00:00Z,29,0,0,0,0.236069,0.235,0.238,26.589655,26.4,26.7,3.877759,3.875,3.879,7709,7737,0,0,0,0
2021-02-20T20:00:00Z,30,0,0,0,0.236233,0.235,0.238,26.276667,26.2,26.5,3.877333,3.875,3.879,7738,7767,0,0,0,0
2021-02-20T21:00:00Z,29,0,0,0,0.237172,0.236,0.239,26.075862,25.9,26.2,3.87631,3.875,3.879,7768,7796,0,0,0,0
2021-02-20T22:00:00Z,30,0,0,0,0.237367,0.236,0.239,25.75,25.4,26,3.875567,3.874,3.877,7797,7826,0,0,0,0
2021-02-20T23:00:00Z,29,0,0,0,0.237862,0.236,0.239,25.458621,25.2,26.1,3.875172,3.874,3.877,7827,7855,0,0,0,0
2021-02-21T00:00:00Z,30,0.4981,0.352,0.656,0.235567,0.234,0.239,26.8,26.1,27.4,3.875167,3.874,3.877,7856,7885,0,0,0,0
2021-02-21T01:00:00Z,29,0.713724,0.47,0.864,0.233931,0.233,0.236,28.348276,27.4,29.6,3.875931,3.874,3.877,7886,7914,0,0,0,0
2021-02-21T02:00:00Z,29,1.038207,0.864,1.295,0.230379,0.228,0.233,31.617241,29.7,33.4,3.877966,3.875,3.88,7915,7943,0,0,0,0
2021-02-21T03:00:00Z,30,1.2941,1.156,1.433,0.227067,0.225,0.228,35.046667,33.5,35.5,3.879633,3.877,3.882,7944,7973,0,0,0,0
2021-02-21T04:00:00Z,29,1.359483,1.079,1.625,0.225828,0.225,0.228,36.127586,35.4,36.7,3.880345,3.879,3.882,7974,8002,0,0,0,0
2021-02-21T05:00:00Z,30,1.360567,0.974,1.635,0.226767,0.225,0.229,35.806667,35.3,36.7,3.8803,3.879,3.882,8003,8032,0,0,0,0
2021-02-21T06:00:00Z,29,1.497621,1.074,1.735,0.224897,0.223,0.228,37.510345,36.7,38.4,3.881931,3.88,3.884,8033,8061,0,0,0,0
2021-02-21T07:00:00Z,29,1.371552,1.054,2.051,0.224034,0.223,0.226,38.17931,37.1,39.1,3.882207,3.88,3.884,8062,8091,0,0,0,0
2021-02-21T08:00:00Z,29,0.947483,0.759,1.121,0.226172,0.224,0.228,36.355172,35.4,37.3,3.881138,3.879,3.884,8092,8120,0,0,0,0
2021-02-21T09:00:00Z,30,0.3877,0,0.759,0.229033,0.227,0.233,33.113333,31.3,35.3,3.8788,3.877,3.88,8121,8150,0,0,0,0
2021-02-21T10:00:00Z,29,0,0,0,0.231828,0.231,0.233,30.358621,29.6,31.3,3.877138,3.875,3.879,8151,8179,0,0,0,0
2021-02-21T11:00:00Z,30,0,0,0,0.2334,0.233,0.235,28.996667,28.6,29.6,3.875367,3.874,3.877,8180,8209,0,0,0,0
2021-02-21T12:00:00Z,29,0,0,0,0.234103,0.233,0.236,28.282759,28.1,28.6,3.874483,3.874,3.875,8210,8238,0,0,0,0
2021-02-21T13:00:00Z,30,0,0,0,0.233967,0.233,0.236,28.016667,27.8,28.1,3.8742,3.872,3.877,8239,8268,0,0,0,0
2021-02-21T14:00:00Z,29,0,0,0,0.234586,0.233,0.237,27.558621,27.4,27.7,3.87369,3.872,3.875,8269,8297,0,0,0,0
2021-02-21T15:00:00Z,29,0,0,0,0.234448,0.233,0.237,27.506897,27.4,27.6,3.872897,3.871,3.874,8298,8326,0,0,0,0
2021-02-21T16:00:00Z,30,0,0,0,0.235233,0.234,0.238,27.306667,27.2,27.4,3.871967,3.871,3.874,8327,8356,0,0,0,0
2021-02-21T17:00:00Z,29,0,0,0,0.235621,0.234,0.238,26.97931,26.6,27.3,3.871483,3.871,3.872,8357,8385,0,0,0,0
2021-02-21T18:00:00Z,30,0,0,0,0.235967,0.235,0.238,26.283333,26.2,26.5,3.871433,3.871,3.872,8386,8415,0,0,0,0
2021-02-21T19:00:00Z,29,0,0,0,0.236931,0.235,0.239,26.110345,26.1,26.2,3.871069,3.869,3.872,8416,8444,0,0,0,0
2021-02-21T20:00:00Z,30,0,0,0,0.237267,0.236,0.24,25.816667,25.3,26.1,3.871033,3.871,3.872,8445,8474,0,0,0,0
2021-02-21T21:00:00Z,29,0,0,0,0.237966,0.237,0.24,25.117241,24.9,25.3,3.870931,3.869,3.871,8475,8503,0,0,0,0
2021-02-21T22:00:00Z,30,0,0,0,0.238067,0.237,0.24,24.993333,24.9,25.1,3.870733,3.869,3.871,8504,8533,0,0,0,0
2021-02-21T23:00:00Z,29,0,0,0,0.237897,0.236,0.241,25.068966,24.9,25.3,3.870517,3.869,3.871,8534,8562,0,0,0,0
2021-02-22T00:00:00Z,30,0.421867,0,0.585,0.236867,0.235,0.24,26.32,25.4,26.9,3.871,3.871,3.871,8563,8592,0,0,0,0
2021-02-22T01:00:00Z,29,0.814966,0.447,1.135,0.233966,0.232,0.237,28.403448,27,30,3.871069,3.871,3.872,8593,8621,0,0,0,0
2021-02-22T02:00:00Z,29,1.07,0.751,1.235,0.230207,0.228,0.233,31.731034,30.1,34,3.871552,3.871,3.872,8622,8650,0,0,0,0
2021-02-22T03:00:00Z,29,1.095862,1.059,1.138,0.227207,0.225,0.23,35.168966,34.2,35.7,3.873103,3.872,3.874,8652,8680,0,0,0,0
2021-02-22T04:00:00Z,29,1.187483,0.706,1.454,0.225966,0.224,0.228,36.389655,35.4,36.9,3.874,3.872,3.875,8681,8709,0,0,0,0
2021-02-22T05:00:00Z,30,1.2559,1.13,1.522,0.225867,0.224,0.229,37.033333,36.7,37.9,3.873433,3.871,3.875,8710,8739,0,0,0,0
2021-02-22T06:00:00Z,29,1.362069,0.98,1.69,0.223655,0.222,0.227,38.772414,37.3,39.9,3.873862,3.872,3.877,8740,8768,0,0,0,0
2021-02-22T07:00:00Z,30,1.300333,0.985,2.235,0.223967,0.223,0.227,38.396667,36.6,39.5,3.8745,3.874,3.877,8769,8798,0,0,0,0
2021-02-22T08:00:00Z,29,0.94169,0.602,1.138,0.227828,0.225,0.231,34.496552,32.6,36.6,3.872448,3.871,3.874,8799,8827,0,0,0,0
2021-02-22T09:00:00Z,30,0.397033,0,0.602,0.2313,0.229,0.235,31.016667,30,32.6,3.8711,3.869,3.872,8828,8857,0,0,0,0
2021-02-22T10:00:00Z,29,0,0,0,0.233276,0.232,0.235,28.993103,28.2,30,3.870586,3.869,3.871,8858,8886,0,0,0,0
2021-02-22T11:00:00Z,30,0,0,0,0.234567,0.233,0.237,27.54,27.4,28.1,3.869267,3.869,3.871,8887,8916,0,0,0,0
2021-02-22T12:00:00Z,29,0,0,0,0.235517,0.234,0.238,27.175862,26.8,27.4,3.869,3.869,3.869,8917,8945,0,0,0,0
2021-02-22T13:00:00Z,29,0,0,0,0.236207,0.235,0.238,26.7,26.6,26.8,3.868862,3.867,3.869,8946,8974,0,0,0,0
2021-02-22T14:00:00Z,30,0,0,0,0.2364,0.235,0.238,26.393333,26.3,26.6,3.868733,3.867,3.869,8975,9004,0,0,0,0
2021-02-22T15:00:00Z,29,0,0,0,0.236552,0.235,0.239,26.2,26.2,26.2,3.868379,3.867,3.869,9005,9033,0,0,0,0
2021-02-22T16:00:00Z,30,0,0,0,0.236167,0.235,0.238,26.3,26.2,26.4,3.867733,3.867,3.869,9034,9063,0,0,0,0
2021-02-22T17:00:00Z,29,0,0,0,0.236862,0.235,0.238,26.103448,26,26.2,3.867655,3.866,3.869,9064,9092,0,0,0,0
2021-02-22T18:00:00Z,30,0,0,0,0.2364,0.235,0.238,26.123333,26.1,26.2,3.867067,3.866,3.869,9093,9122,0,0,0,0
2021-02-22T19:00:00Z,29,0,0,0,0.237069,0.235,0.239,26.082759,26,26.1,3.866931,3.864,3.869,9123,9151,0,0,0,0
2021-02-22T20:00:00Z,30,0,0,0,0.237133,0.235,0.238,25.903333,25.8,26,3.866267,3.864,3.867,9152,9181,0,0,0,0
2021-02-22T21:00:00Z,29,0,0,0,0.237483,0.236,0.239,25.875862,25.4,26.1,3.866345,3.864,3.867,9182,9210,0,0,0,0
2021-02-22T22:00:00Z,29,0,0,0,0.237966,0.236,0.24,25.255172,25.1,25.4,3.865552,3.864,3.867,9211,9239,0,0,0,0
2021-02-22T23:00:00Z,30,0,0,0,0.237733,0.236,0.24,25.35,25,26,3.864933,3.862,3.867,9240,9269,0,0,0,0
2021-02-23T00:00:00Z,29,0.440414,0,0.603,0.236069,0.234,0.241,26.727586,26.1,27.4,3.865517,3.864,3.867,9270,9298,0,0,0,0
2021-02-23T01:00:00Z,28,0.846643,0.526,1.213,0.23325,0.232,0.235,28.792857,27.4,30.6,3.865536,3.862,3.867,9299,9326,0,0,0,0
2021-02-23T02:00:00Z,22,0.967182,0.692,1.115,0.229455,0.228,0.232,32.209091,31,33.5,3.8665,3.864,3.867,9328,9356,0,0,0,0
2021-02-23T03:00:00Z,28,1.132929,0.751,1.448,0.227143,0.225,0.23,34.821429,33.1,36.4,3.866071,3.864,3.867,9357,9385,0,0,0,0
2021-02-23T04:00:00Z,28,1.259964,0.956,1.517,0.226179,0.224,0.23,36.046429,34.3,36.9,3.866393,3.866,3.867,9386,9414,0,0,0,0
2021-02-23T05:00:00Z,28,1.294786,1.051,1.44,0.225214,0.223,0.23,37.182143,36.7,37.9,3.866214,3.864,3.867,9415,9443,0,0,0,0
2021-02-23T06:00:00Z,29,1.196586,0.979,1.641,0.224138,0.223,0.228,38.413793,38,39.1,3.86631,3.864,3.867,9444,9472,0,0,0,0
2021-02-23T07:00:00Z,21,1.184381,0.951,1.651,0.223238,0.222,0.226,39.119048,38,39.9,3.865952,3.864,3.867,9473,9500,0,0,0,0
2021-02-23T08:00:00Z,26,0.879808,0.723,1.069,0.226385,0.223,0.231,35.926923,34.3,38,3.863577,3.861,3.866,9501,9529,0,0,0,0
2021-02-23T09:00:00Z,29,0.536759,0.351,0.711,0.22931,0.227,0.232,32.482759,31.2,34.1,3.861138,3.859,3.864,9530,9558,0,0,0,0
2021-02-23T10:00:00Z,28,0.035393,0,0.341,0.232321,0.231,0.234,29.953571,29.1,31,3.857857,3.856,3.861,9559,9586,0,0,0,0
2021-02-23T11:00:00Z,26,0,0,0,0.233308,0.233,0.234,28.642308,28.3,29.1,3.856538,3.854,3.859,9588,9616,0,0,0,0
2021-02-23T12:00:00Z,22,0,0,0,0.234045,0.233,0.236,28.027273,27.7,28.2,3.855091,3.854,3.856,9617,9645,0,0,0,0
2021-02-23T13:00:00Z,22,0,0,0,0.234227,0.233,0.235,27.490909,27.4,27.6,3.853818,3.852,3.856,9646,9674,0,0,0,0
2021-02-23T14:00:00Z,27,0,0,0,0.235111,0.234,0.237,27.333333,27.3,27.4,3.852852,3.851,3.854,9675,9703,0,0,0,0
2021-02-23T15:00:00Z,25,0,0,0,0.23596,0.235,0.238,27.12,26.9,27.3,3.852,3.851,3.854,9705,9732,0,0,0,0
2021-02-23T16:00:00Z,28,0,0,0,0.235786,0.234,0.238,26.814286,26.7,27,3.851107,3.849,3.852,9733,9761,0,0,0,0
2021-02-23T17:00:00Z,29,0,0,0,0.236241,0.235,0.238,26.651724,26.5,26.8,3.850552,3.849,3.852,9762,9790,0,0,0,0
2021-02-23T18:00:00Z,30,0,0,0,0.235967,0.235,0.238,26.896667,26.6,27,3.850567,3.849,3.852,9791,9820,0,0,0,0
2021-02-23T19:00:00Z,29,0,0,0,0.236069,0.235,0.239,26.927586,26.7,27.1,3.849552,3.847,3.851,9821,9849,0,0,0,0
2021-02-23T20:00:00Z,30,0,0,0,0.2358,0.235,0.238,26.823333,26.7,27.1,3.849,3.847,3.851,9850,9879,0,0,0,0
2021-02-23T21:00:00Z,29,0,0,0,0.235862,0.234,0.238,26.813793,26.7,27.1,3.848448,3.847,3.851,9880,9908,0,0,0,0
2021-02-23T22:00:00Z,30,0,0,0,0.2364,0.235,0.238,26.616667,26.4,26.8,3.847833,3.846,3.849,9909,9938,0,0,0,0
2021-02-23T23:00:00Z,29,0,0,0,0.236552,0.235,0.238,26.603448,26.5,26.8,3.847483,3.846,3.849,9939,9967,0,0,0,0
2021-02-24T00:00:00Z,28,0.454607,0,0.813,0.234893,0.233,0.237,27.525,26.8,28.3,3.846929,3.846,3.849,9968,9995,0,0,0,0
2021-02-24T01:00:00Z,29,0.918897,0.556,1.207,0.23269,0.231,0.235,29.582759,28.6,31.1,3.847138,3.846,3.849,9997,10025,0,0,0,0
2021-02-24T02:00:00Z,29,1.217621,0.866,1.564,0.229069,0.228,0.232,32.472414,31.3,34,3.847793,3.846,3.851,10026,10054,0,0,0,0
2021-02-24T03:00:00Z,30,1.272733,0.918,1.548,0.2267,0.224,0.23,35.523333,33.6,36.8,3.8488,3.847,3.851,10055,10084,0,0,0,0
2021-02-24T04:00:00Z,29,1.379759,1.021,1.586,0.226,0.223,0.229,36.368966,34.6,37.9,3.849241,3.847,3.852,10085,10113,0,0,0,0
2021-02-24T05:00:00Z,29,1.399241,1.049,1.746,0.227,0.224,0.229,35.524138,34,36.9,3.847862,3.846,3.851,10114,10142,0,0,0,0
2021-02-24T06:00:00Z,30,1.285967,0.997,1.536,0.224267,0.223,0.228,37.87,37.2,38,3.849333,3.847,3.851,10143,10172,0,0,0,0
2021-02-24T07:00:00Z,29,1.282655,0.93,2.061,0.22369,0.221,0.228,38.882759,37.8,40.1,3.84931,3.847,3.852,10173,10201,0,0,0,0
2021-02-24T08:00:00Z,30,0.9324,0.652,1.156,0.226367,0.224,0.231,36.026667,34,37.7,3.847433,3.846,3.851,10202,10231,0,0,0,0
2021-02-24T09:00:00Z,29,0.535138,0.354,0.733,0.22931,0.228,0.233,32.32069,31.4,33.8,3.845379,3.844,3.847,10232,10260,0,0,0,0
2021-02-24T10:00:00Z,29,0.045552,0,0.341,0.232034,0.23,0.234,30.186207,29,31.4,3.843793,3.842,3.846,10261,10289,0,0,0,0
2021-02-24T11:00:00Z,30,0,0,0,0.2339,0.233,0.236,28.406667,27.9,28.9,3.8422,3.841,3.846,10290,10319,0,0,0,0
2021-02-24T12:00:00Z,29,0,0,0,0.234621,0.233,0.236,27.568966,27.4,27.9,3.841621,3.841,3.844,10320,10348,0,0,0,0
2021-02-24T13:00:00Z,30,0,0,0,0.234867,0.234,0.237,27.43,27.4,27.6,3.841333,3.841,3.842,10349,10378,0,0,0,0
2021-02-24T14:00:00Z,29,0,0,0,0.234414,0.233,0.237,27.531034,27.4,27.7,3.840897,3.839,3.842,10379,10407,0,0,0,0
2021-02-24T15:00:00Z,30,0,0,0,0.234533,0.233,0.237,27.903333,27.7,28.1,3.8407,3.839,3.842,10408,10437,0,0,0,0
2021-02-24T16:00:00Z,29,0,0,0,0.234655,0.233,0.237,27.558621,27.4,27.7,3.839586,3.838,3.841,10438,10466,0,0,0,0
2021-02-24T17:00:00Z,29,0,0,0,0.234586,0.233,0.236,27.72069,27.6,27.9,3.839517,3.838,3.841,10467,10495,0,0,0,0
2021-02-24T18:00:00Z,30,0,0,0,0.234567,0.233,0.236,27.56,27.4,27.8,3.838667,3.836,3.839,10496,10525,0,0,0,0
2021-02-24T19:00:00Z,29,0,0,0,0.235034,0.234,0.237,27.17931,26.9,27.4,3.838586,3.838,3.839,10526,10554,0,0,0,0
2021-02-24T20:00:00Z,30,0,0,0,0.235933,0.234,0.238,26.77,26.7,26.9,3.8375,3.834,3.839,10555,10584,0,0,0,0
2021-02-24T21:00:00Z,29,0,0,0,0.236207,0.235,0.238,26.413793,26.2,26.7,3.836586,3.834,3.839,10585,10613,0,0,0,0
2021-02-24T22:00:00Z,30,0,0,0,0.236733,0.235,0.238,26.206667,26.2,26.3,3.836333,3.834,3.838,10614,10643,0,0,0,0
2021-02-24T23:00:00Z,29,0,0,0,0.236621,0.235,0.238,26.272414,26.1,26.7,3.835724,3.834,3.838,10644,10672,0,0,0,0
2021-02-25T00:00:00Z,30,0.468733,0,0.628,0.234733,0.233,0.238,27.626667,26.7,28.6,3.835733,3.834,3.838,10673,10702,0,0,0,0
2021-02-25T01:00:00Z,29,0.765379,0.631,0.874,0.232931,0.231,0.236,29.658621,28.6,30.8,3.836724,3.834,3.839,10703,10731,0,0,0,0
2021-02-25T02:00:00Z,29,0.993724,0.741,1.582,0.228897,0.227,0.231,32.713793,31,34.2,3.837793,3.836,3.839,10732,10760,0,0,0,0
2021-02-25T03:00:00Z,30,1.275067,0.854,1.625,0.227333,0.226,0.229,34.96,33.5,36.7,3.837933,3.836,3.839,10761,10790,0,0,0,0
2021-02-25T04:00:00Z,29,1.409241,1.031,1.694,0.225621,0.224,0.227,36.696552,36.5,37,3.837828,3.836,3.839,10791,10819,0,0,0,0
2021-02-25T05:00:00Z,30,1.404133,0.972,1.654,0.226533,0.224,0.229,36.256667,35.5,36.9,3.837467,3.836,3.839,10820,10849,0,0,0,0
2021-02-25T06:00:00Z,29,1.338862,0.916,1.718,0.224724,0.223,0.228,37.834483,36.8,39.4,3.83831,3.838,3.839,10850,10878,0,0,0,0
2021-02-25T07:00:00Z,29,1.187897,0.787,1.564,0.223759,0.223,0.227,38.782759,38.2,39.4,3.838724,3.836,3.841,10879,10907,0,0,0,0
2021-02-25T08:00:00Z,30,1.001767,0.761,1.284,0.2256,0.223,0.228,37.3,36.2,38,3.838033,3.836,3.841,10908,10937,0,0,0,0
2021-02-25T09:00:00Z,29,0.606,0.372,0.811,0.227793,0.226,0.23,35.062069,33.5,36.2,3.834966,3.833,3.838,10938,10966,0,0,0,0
2021-02-25T10:00:00Z,30,0.046033,0,0.36,0.230033,0.228,0.233,31.94,30.4,33.5,3.833367,3.831,3.836,10967,10996,0,0,0,0
2021-02-25T11:00:00Z,29,0,0,0,0.232759,0.231,0.233,29.717241,29.2,30.3,3.831207,3.829,3.833,10997,11025,0,0,0,0
2021-02-25T12:00:00Z,30,0,0,0,0.233667,0.233,0.236,28.586667,27.9,29.1,3.829833,3.828,3.833,11026,11055,0,0,0,0
2021-02-25T13:00:00Z,29,0,0,0,0.234345,0.233,0.237,27.651724,27.5,27.9,3.828138,3.826,3.829,11056,11084,0,0,0,0
2021-02-25T14:00:00Z,27,0,0,0,0.234852,0.233,0.238,27.488889,27.3,27.7,3.827556,3.826,3.829,11085,11113,0,0,0,0
2021-02-25T15:00:00Z,30,0,0,0,0.235033,0.233,0.238,27.346667,27.3,27.5,3.826267,3.824,3.828,11114,11143,0,0,0,0
2021-02-25T16:00:00Z,29,0,0,0,0.234483,0.233,0.237,27.468966,27.4,27.7,3.825621,3.823,3.828,11144,11172,0,0,0,0
2021-02-25T17:00:00Z,30,0,0,0,0.234167,0.233,0.235,27.736667,27.6,28,3.8251,3.823,3.828,11173,11202,0,0,0,0
2021-02-25T18:00:00Z,29,0,0,0,0.233621,0.233,0.236,28.058621,27.9,28.1,3.825034,3.824,3.826,11203,11231,0,0,0,0
2021-02-25T19:00:00Z,29,0,0,0,0.234138,0.233,0.236,28.137931,28,28.3,3.824724,3.823,3.826,11232,11260,0,0,0,0
2021-02-25T20:00:00Z,30,0,0,0,0.2343,0.233,0.236,27.986667,27.7,28.3,3.823933,3.821,3.826,11261,11290,0,0,0,0
2021-02-25T21:00:00Z,29,0,0,0,0.234759,0.233,0.237,27.731034,27.7,27.9,3.823897,3.823,3.826,11291,11319,0,0,0,0
2021-02-25T22:00:00Z,30,0,0,0,0.234767,0.233,0.237,27.463333,27.3,27.7,3.822767,3.821,3.824,11320,11349,0,0,0,0
2021-02-25T23:00:00Z,29,0,0,0,0.234448,0.233,0.237,27.610345,27.4,28,3.822276,3.821,3.824,11350,11378,0,0,0,0
2021-02-26T00:00:00Z,30,0.412897,0,0.756,0.233667,0.233,0.235,28.57,28,29.5,3.822333,3.821,3.824,11379,11408,0,0,0,0
2021-02-26T01:00:00Z,29,0.904241,0.551,1.321,0.232483,0.23,0.234,30.062069,29.5,31.4,3.822207,3.821,3.824,11409,11437,0,0,0,0
2021-02-26T02:00:00Z,30,1.246967,0.911,1.6,0.228767,0.226,0.232,33.023333,31.5,34.9,3.823,3.819,3.824,11438,11467,0,0,0,0
2021-02-26T03:00:00Z,29,1.316,0.995,1.751,0.226138,0.224,0.228,36.362069,35.3,37.8,3.823655,3.821,3.826,11468,11496,0,0,0,0
2021-02-26T04:00:00Z,30,1.3229,1.048,1.836,0.2263,0.224,0.229,36.32,35.4,37.3,3.823933,3.823,3.826,11497,11526,0,0,0,0
2021-02-26T05:00:00Z,29,1.193483,0.892,1.558,0.226,0.224,0.231,36.634483,35.1,37.7,3.823759,3.823,3.826,11527,11555,0,0,0,0
2021-02-26T06:00:00Z,29,1.198517,1.021,1.574,0.223966,0.223,0.229,38.506897,36.7,39.4,3.823966,3.823,3.826,11556,11584,0,0,0,0
2021-02-26T07:00:00Z,30,1.1602,0.93,2.028,0.2237,0.223,0.226,39.093333,37.9,40.3,3.825467,3.824,3.826,11585,11614,0,0,0,0
2021-02-26T08:00:00Z,29,0.921966,0.734,1.225,0.225793,0.224,0.228,36.696552,35.3,37.7,3.823966,3.823,3.826,11615,11643,0,0,0,0
2021-02-26T09:00:00Z,30,0.566733,0.37,0.759,0.228067,0.227,0.232,33.96,32.7,35.3,3.8229,3.821,3.824,11644,11673,0,0,0,0
2021-02-26T10:00:00Z,29,0.047069,0,0.359,0.229862,0.228,0.233,32.103448,31.4,32.7,3.821862,3.821,3.824,11674,11702,0,0,0,0
2021-02-26T11:00:00Z,30,0,0,0,0.232,0.23,0.233,30.3,29.8,31.4,3.82,3.819,3.823,11703,11732,0,0,0,0
2021-02-26T12:00:00Z,28,0,0,0,0.233071,0.232,0.235,29.525,29.1,29.9,3.81925,3.818,3.821,11733,11761,0,0,0,0
2021-02-26T13:00:00Z,27,0,0,0,0.233407,0.233,0.235,28.766667,28.7,29.1,3.818333,3.818,3.819,11762,11790,0,0,0,0
2021-02-26T14:00:00Z,29,0,0,0,0.233,0.232,0.235,29.117241,28.8,29.5,3.818138,3.818,3.819,11791,11819,0,0,0,0
2021-02-26T15:00:00Z,30,0,0,0,0.233233,0.233,0.236,28.93,28.7,29.1,3.8181,3.818,3.819,11820,11849,0,0,0,0
2021-02-26T16:00:00Z,29,0,0,0,0.233207,0.232,0.235,29.07931,29,29.1,3.818034,3.818,3.819,11850,11878,0,0,0,0
2021-02-26T17:00:00Z,29,0,0,0,0.233379,0.233,0.235,28.837931,28.7,29.1,3.818,3.818,3.818,11879,11907,0,0,0,0
2021-02-26T18:00:00Z,30,0,0,0,0.233533,0.233,0.236,29.04,28.9,29.1,3.817733,3.816,3.818,11908,11937,0,0,0,0
2021-02-26T19:00:00Z,29,0,0,0,0.23331,0.233,0.237,29.068966,28.9,29.2,3.817586,3.816,3.818,11938,11966,0,0,0,0
2021-02-26T20:00:00Z,30,0,0,0,0.233367,0.233,0.236,28.733333,28.6,29,3.816133,3.816,3.818,11967,11996,0,0,0,0
2021-02-26T21:00:00Z,29,0,0,0,0.233862,0.233,0.236,28.593103,28.4,28.7,3.816483,3.816,3.818,11997,12025,0,0,0,0
2021-02-26T22:00:00Z,30,0,0,0,0.233767,0.233,0.236,28.216667,28.1,28.4,3.815933,3.814,3.816,12026,12055,0,0,0,0
2021-02-26T23:00:00Z,29,0,0,0,0.234,0.233,0.237,28.168966,28.1,28.5,3.815931,3.814,3.816,12056,12084,0,0,0,0
2021-02-27T00:00:00Z,29,0.433724,0,0.792,0.233345,0.232,0.236,29.041379,28.5,30,3.815172,3.814,3.816,12085,12113,0,0,0,0
2021-02-27T01:00:00Z,30,0.850867,0.592,1.336,0.231767,0.23,0.233,30.58,30,31.6,3.815433,3.813,3.816,12114,12143,0,0,0,0
2021-02-27T02:00:00Z,29,1.168793,0.715,1.627,0.229517,0.227,0.233,32.72069,31.4,34.9,3.815862,3.814,3.816,12144,12172,0,0,0,0
2021-02-27T03:00:00Z,30,1.255767,1.015,1.599,0.226333,0.223,0.229,36.313333,35.2,37.9,3.816067,3.816,3.818,12173,12202,0,0,0,0
2021-02-27T04:00:00Z,29,1.228828,0.936,1.584,0.225103,0.223,0.228,37.32069,36.7,38,3.816552,3.816,3.818,12203,12231,0,0,0,0
2021-02-27T05:00:00Z,30,1.187733,0.941,1.69,0.225467,0.223,0.228,37.076667,36,38,3.816067,3.816,3.818,12232,12261,0,0,0,0
2021-02-27T06:00:00Z,29,1.228966,0.993,1.485,0.22469,0.223,0.228,37.7,36.2,39.5,3.816345,3.816,3.818,12262,12290,0,0,0,0
2021-02-27T07:00:00Z,29,1.038552,0.844,1.479,0.224069,0.223,0.227,38.086207,37.9,38.9,3.816069,3.816,3.818,12291,12319,0,0,0,0
2021-02-27T08:00:00Z,30,0.914833,0.743,1.139,0.2259,0.224,0.229,36.996667,35.7,38,3.816133,3.816,3.818,12320,12349,0,0,0,0
2021-02-27T09:00:00Z,29,0.544966,0.351,0.746,0.227724,0.226,0.229,34.582759,33.5,35.6,3.815586,3.814,3.816,12350,12378,0,0,0,0
2021-02-27T10:00:00Z,30,0.033567,0,0.341,0.229867,0.228,0.233,32.216667,31.3,33.4,3.814267,3.814,3.816,12379,12408,0,0,0,0
2021-02-27T11:00:00Z,29,0,0,0,0.231931,0.231,0.234,30.496552,30.1,31.3,3.81369,3.813,3.816,12409,12437,0,0,0,0
2021-02-27T12:00:00Z,30,0,0,0,0.233033,0.232,0.235,29.49,29,30.1,3.812333,3.811,3.814,12438,12467,0,0,0,0
2021-02-27T13:00:00Z,29,0,0,0,0.233448,0.233,0.236,28.82069,28.7,29,3.811828,3.809,3.813,12468,12496,0,0,0,0
2021-02-27T14:00:00Z,29,0,0,0,0.233586,0.233,0.236,28.786207,28.6,29,3.811,3.809,3.813,12497,12525,0,0,0,0
2021-02-27T15:00:00Z,30,0,0,0,0.233233,0.232,0.235,28.81,28.7,29,3.809967,3.808,3.813,12526,12555,0,0,0,0
2021-02-27T16:00:00Z,29,0,0,0,0.233621,0.233,0.236,28.655172,28.4,28.7,3.808828,3.806,3.811,12556,12584,0,0,0,0
2021-02-27T17:00:00Z,30,0,0,0,0.234033,0.233,0.236,28.136667,28,28.3,3.807867,3.806,3.809,12585,12614,0,0,0,0
2021-02-27T18:00:00Z,29,0,0,0,0.234138,0.233,0.236,27.772414,27.4,28.1,3.807241,3.805,3.809,12615,12643,0,0,0,0
2021-02-27T19:00:00Z,30,0,0,0,0.2347,0.233,0.237,27.483333,27.4,27.7,3.806733,3.805,3.808,12644,12673,0,0,0,0
2021-02-27T20:00:00Z,29,0,0,0,0.234862,0.233,0.237,27.427586,27.4,27.5,3.805379,3.803,3.808,12674,12702,0,0,0,0
2021-02-27T21:00:00Z,30,0,0,0,0.234667,0.233,0.237,27.48,27.4,27.6,3.8049,3.803,3.806,12703,12732,0,0,0,0
2021-02-27T22:00:00Z,29,0,0,0,0.235207,0.234,0.237,27.396552,27.3,27.4,3.803966,3.8,3.808,12733,12761,0,0,0,0
2021-02-27T23:00:00Z,26,0,0,0,0.235,0.234,0.238,27.457692,27.3,27.8,3.803038,3.801,3.806,12762,12790,0,0,0,0
2021-02-28T00:00:00Z,30,0.430233,0,0.995,0.2336,0.232,0.236,28.67,27.8,30,3.802367,3.8,3.803,12791,12820,0,0,0,0
2021-02-28T01:00:00Z,29,0.748759,0.62,1.021,0.230621,0.229,0.233,31.42069,30.1,32.7,3.802862,3.801,3.805,12821,12849,0,0,0,0
2021-02-28T02:00:00Z,30,0.9311,0.695,1.284,0.2275,0.225,0.231,34.516667,32.7,36.6,3.8031,3.801,3.806,12850,12879,0,0,0,0
2021-02-28T03:00:00Z,29,1.128621,0.665,1.574,0.225621,0.224,0.229,36.868966,36.3,38,3.804241,3.801,3.806,12880,12908,0,0,0,0
2021-02-28T04:00:00Z,30,1.120433,0.905,1.525,0.224967,0.223,0.228,37.56,36,39.4,3.8037,3.801,3.808,12909,12938,0,0,0,0
2021-02-28T05:00:00Z,29,1.174138,0.79,1.52,0.225448,0.222,0.228,37.137931,35.4,40.4,3.802379,3.8,3.805,12939,12967,0,0,0,0
2021-02-28T06:00:00Z,30,1.143267,0.711,2.174,0.223233,0.222,0.226,39.806667,38.1,40.7,3.803133,3.801,3.805,12968,12997,0,0,0,0
2021-02-28T07:00:00Z,29,1.258724,0.9,1.641,0.223414,0.222,0.227,39.772414,38.7,40.7,3.802414,3.8,3.805,12998,13026,0,0,0,0
2021-02-28T08:00:00Z,29,0.699862,0.421,1.128,0.224483,0.223,0.228,37.765517,35.5,39.4,3.801828,3.8,3.805,13027,13055,0,0,0,0
2021-02-28T09:00:00Z,30,0.560133,0.395,0.713,0.227667,0.226,0.229,34.67,33.5,35.4,3.8005,3.798,3.801,13056,13085,0,0,0,0
2021-02-28T10:00:00Z,29,0.023897,0,0.354,0.229793,0.228,0.232,32.410345,31.5,33.4,3.798655,3.796,3.801,13086,13114,0,0,0,0
2021-02-28T11:00:00Z,30,0,0,0,0.2315,0.229,0.234,30.893333,30.1,31.4,3.796633,3.795,3.798,13115,13144,0,0,0,0
2021-02-28T12:00:00Z,29,0,0,0,0.232517,0.231,0.234,29.934483,29.6,30.1,3.795345,3.793,3.798,13145,13173,0,0,0,0
2021-02-28T13:00:00Z,30,0,0,0,0.233067,0.232,0.235,29.326667,29.1,29.6,3.7936,3.793,3.795,13174,13203,0,0,0,0
2021-02-28T14:00:00Z,29,0,0,0,0.233517,0.233,0.236,28.82069,28.7,29.1,3.792517,3.791,3.795,13204,13232,0,0,0,0
2021-02-28T15:00:00Z,29,0,0,0,0.233276,0.233,0.235,28.786207,28.6,29.1,3.791276,3.79,3.793,13233,13261,0,0,0,0
2021-02-28T16:00:00Z,30,0,0,0,0.233433,0.232,0.234,28.62,28.4,28.7,3.790467,3.79,3.791,13262,13291,0,0,0,0
2021-02-28T17:00:00Z,29,0,0,0,0.233966,0.233,0.237,28.172414,28,28.6,3.790172,3.79,3.791,13292,13320,0,0,0,0
2021-02-28T18:00:00Z,30,0,0,0,0.234,0.233,0.236,28.11,28,28.2,3.789767,3.788,3.791,13321,13350,0,0,0,0
2021-02-28T19:00:00Z,29,0,0,0,0.234069,0.233,0.236,27.875862,27.6,28.1,3.789034,3.788,3.79,13351,13379,0,0,0,0
2021-02-28T20:00:00Z,30,0,0,0,0.234633,0.233,0.237,27.526667,27.4,27.6,3.7879,3.785,3.79,13380,13409,0,0,0,0
2021-02-28T21:00:00Z,29,0,0,0,0.234517,0.233,0.237,27.655172,27.6,27.7,3.78669,3.786,3.788,13410,13438,0,0,0,0
2021-02-28T22:00:00Z,30,0,0,0,0.234633,0.233,0.237,27.603333,27.5,27.7,3.786267,3.785,3.788,13439,13468,0,0,0,0
2021-02-28T23:00:00Z,29,0.011,0,0.319,0.234483,0.233,0.236,27.637931,27.5,28.1,3.785724,3.785,3.786,13469,13497,0,0,0,0
2021-03-01T00:00:00Z,29,0.474483,0.336,0.569,0.233,0.231,0.236,29.489655,28.2,30.4,3.785276,3.783,3.786,13498,13526,0,0,0,0
2021-03-01T01:00:00Z,30,0.7044,0.487,1.148,0.230733,0.229,0.233,31.606667,30.5,32.2,3.784133,3.781,3.786,13527,13556,0,0,0,0
2021-03-01T02:00:00Z,29,1.333,1.026,1.554,0.22769,0.224,0.232,34.572414,32.3,37.5,3.784069,3.781,3.786,13557,13585,0,0,0,0
2021-03-01T03:00:00Z,21,1.14081,0.854,1.602,0.223714,0.222,0.227,38.77619,37.9,39.4,3.781048,3.778,3.785,13586,13613,0,0,0,0
2021-03-01T04:00:00Z,29,0.999793,0.733,1.282,0.223483,0.222,0.228,39.324138,38.8,39.9,3.779276,3.776,3.781,13614,13642,0,0,0,0
2021-03-01T05:00:00Z,30,1.079233,0.657,1.403,0.223467,0.222,0.227,39.543333,38.6,40.4,3.7778,3.776,3.781,13643,13672,0,0,0,0
2021-03-01T06:00:00Z,29,1.481793,1.13,2.173,0.221414,0.219,0.225,41.993103,40,43.3,3.776724,3.775,3.78,13673,13701,0,0,0,0
2021-03-01T07:00:00Z,30,0.8692,0.734,1.362,0.222467,0.22,0.226,40.703333,39,42.7,3.7759,3.773,3.778,13702,13731,0,0,0,0
2021-03-01T08:00:00Z,29,0.684759,0.587,0.772,0.224897,0.223,0.23,37.710345,36.7,38.9,3.774621,3.773,3.776,13732,13760,0,0,0,0
2021-03-01T09:00:00Z,30,0.476833,0.331,0.579,0.227767,0.226,0.23,34.703333,33.3,36.4,3.772433,3.77,3.775,13761,13790,0,0,0,0
2021-03-01T10:00:00Z,29,0,0,0,0.229828,0.228,0.233,32.113793,31.3,33.2,3.770621,3.768,3.773,13791,13819,0,0,0,0
2021-03-01T11:00:00Z,30,0,0,0,0.231733,0.23,0.233,30.516667,30.1,31.3,3.7688,3.768,3.77,13820,13849,0,0,0,0
2021-03-01T12:00:00Z,29,0,0,0,0.232655,0.232,0.234,30.075862,30,30.1,3.767552,3.767,3.77,13850,13878,0,0,0,0
2021-03-01T13:00:00Z,29,0,0,0,0.232897,0.232,0.234,29.634483,29.4,29.9,3.766759,3.765,3.768,13879,13907,0,0,0,0
2021-03-01T14:00:00Z,30,0,0,0,0.2332,0.233,0.234,29.1,28.8,29.4,3.765067,3.765,3.767,13908,13937,0,0,0,0
2021-03-01T15:00:00Z,29,0,0,0,0.233241,0.232,0.236,29.248276,28.8,29.6,3.764724,3.763,3.765,13938,13966,0,0,0,0
2021-03-01T16:00:00Z,30,0,0,0,0.233367,0.232,0.235,28.83,28.7,29.1,3.763,3.763,3.763,13967,13996,0,0,0,0
2021-03-01T17:00:00Z,29,0,0,0,0.233345,0.233,0.236,28.827586,28.7,29.1,3.762966,3.762,3.763,13997,14025,0,0,0,0
2021-03-01T18:00:00Z,30,0,0,0,0.233667,0.233,0.237,28.62,28.5,28.7,3.7625,3.76,3.763,14026,14055,0,0,0,0
2021-03-01T19:00:00Z,29,0,0,0,0.234,0.233,0.237,28.344828,28.1,28.6,3.761655,3.76,3.763,14056,14084,0,0,0,0
2021-03-01T20:00:00Z,30,0,0,0,0.234333,0.233,0.237,28.073333,27.9,28.2,3.760533,3.758,3.762,14085,14114,0,0,0,0
2021-03-01T21:00:00Z,29,0,0,0,0.234414,0.233,0.237,28.1,27.8,28.4,3.758897,3.757,3.76,14115,14143,0,0,0,0
2021-03-01T22:00:00Z,29,0,0,0,0.234379,0.233,0.237,27.803448,27.7,28,3.757828,3.757,3.76,14144,14172,0,0,0,0
2021-03-01T23:00:00Z,30,0,0,0,0.234533,0.233,0.236,27.813333,27.7,28.2,3.755833,3.755,3.758,14173,14202,0,0,0,0
2021-03-02T00:00:00Z,29,0.525483,0,0.767,0.233172,0.232,0.235,29.372414,28.3,30.5,3.754034,3.753,3.755,14203,14231,0,0,0,0
2021-03-02T01:00:00Z,30,0.979933,0.792,1.197,0.230367,0.229,0.234,31.583333,30.6,31.9,3.752933,3.752,3.755,14232,14261,0,0,0,0
2021-03-02T02:00:00Z,29,1.227931,0.951,1.389,0.228897,0.227,0.233,33.455172,31.9,35.5,3.751241,3.748,3.753,14262,14290,0,0,0,0
2021-03-02T03:00:00Z,30,1.189933,0.887,1.463,0.224833,0.223,0.227,37.333333,35.6,38.4,3.750467,3.748,3.752,14291,14320,0,0,0,0
2021-03-02T04:00:00Z,29,1.099897,0.866,1.577,0.224379,0.223,0.228,37.865517,36.7,38.7,3.748345,3.747,3.75,14321,14349,0,0,0,0
2021-03-02T05:00:00Z,29,1.084483,0.721,1.422,0.223069,0.222,0.226,39.865517,38.2,40.6,3.747724,3.747,3.75,14350,14378,0,0,0,0
2021-03-02T06:00:00Z,30,1.247467,0.861,2.322,0.2228,0.221,0.225,40.473333,39.4,42,3.7462,3.745,3.747,14379,14408,0,0,0,0
2021-03-02T07:00:00Z,29,1.080207,0.82,1.495,0.224069,0.221,0.228,38.293103,37.4,40.8,3.744103,3.742,3.747,14409,14437,0,0,0,0
2021-03-02T08:00:00Z,30,0.772667,0.631,1.02,0.225833,0.223,0.229,37.07,35.5,38.3,3.742033,3.74,3.743,14438,14467,0,0,0,0
2021-03-02T09:00:00Z,29,0.575414,0.398,0.921,0.227759,0.226,0.231,34.851724,34,35.5,3.739931,3.737,3.742,14468,14496,0,0,0,0
2021-03-02T10:00:00Z,30,0.0335,0,0.356,0.2297,0.228,0.232,32.296667,31.3,33.9,3.738233,3.735,3.74,14497,14526,0,0,0,0
2021-03-02T11:00:00Z,29,0,0,0,0.231724,0.23,0.233,30.565517,30.1,31.3,3.735966,3.735,3.739,14527,14555,0,0,0,0
2021-03-02T12:00:00Z,29,0,0,0,0.232655,0.232,0.234,29.982759,29.7,30.1,3.734138,3.732,3.735,14556,14584,0,0,0,0
2021-03-02T13:00:00Z,30,0,0,0,0.2329,0.232,0.235,29.646667,29.5,29.8,3.7327,3.73,3.735,14585,14614,0,0,0,0
2021-03-02T14:00:00Z,29,0,0,0,0.232586,0.231,0.235,29.551724,29.4,29.8,3.731103,3.73,3.734,14615,14643,0,0,0,0
2021-03-02T15:00:00Z,28,0,0,0,0.233071,0.232,0.235,29.628571,29.4,30,3.728714,3.725,3.732,14644,14672,0,0,0,0
2021-03-02T16:00:00Z,30,0,0,0,0.233267,0.232,0.235,29.183333,29,29.6,3.7258,3.722,3.729,14673,14702,0,0,0,0
2021-03-02T17:00:00Z,29,0,0,0,0.233483,0.233,0.235,28.727586,28.6,29,3.724483,3.722,3.727,14703,14731,0,0,0,0
2021-03-02T18:00:00Z,30,0,0,0,0.233867,0.233,0.236,28.6,28.6,28.6,3.722367,3.72,3.725,14732,14761,0,0,0,0
2021-03-02T19:00:00Z,29,0,0,0,0.233862,0.233,0.235,28.317241,28,28.6,3.719724,3.715,3.722,14762,14790,0,0,0,0
2021-03-02T20:00:00Z,30,0,0,0,0.234233,0.233,0.237,27.886667,27.8,28,3.717567,3.715,3.72,14791,14820,0,0,0,0
2021-03-02T21:00:00Z,29,0,0,0,0.234793,0.233,0.237,27.506897,27.4,27.7,3.715897,3.714,3.717,14821,14849,0,0,0,0
2021-03-02T22:00:00Z,29,0,0,0,0.234897,0.234,0.236,27.4,27.4,27.4,3.714379,3.714,3.715,14850,14878,0,0,0,0
2021-03-02T23:00:00Z,30,0.033833,0,0.346,0.235,0.233,0.238,27.44,27.3,27.9,3.712767,3.712,3.715,14879,14908,0,0,0,0
2021-03-03T00:00:00Z,29,0.487034,0.347,0.58,0.233345,0.232,0.236,29.044828,28.1,30,3.712,3.712,3.712,14909,14937,0,0,0,0
2021-03-03T01:00:00Z,30,0.690667,0.587,0.792,0.2311,0.229,0.233,31.24,30,32.7,3.711333,3.71,3.712,14938,14967,0,0,0,0
2021-03-03T02:00:00Z,29,0.839034,0.711,0.987,0.227552,0.225,0.23,34.286207,32.7,36.1,3.710483,3.71,3.712,14968,14996,0,0,0,0
2021-03-03T03:00:00Z,30,0.8898,0.792,0.925,0.2247,0.223,0.228,37.4,36.5,38.4,3.710067,3.71,3.712,14997,15026,0,0,0,0
2021-03-03T04:00:00Z,29,0.958483,0.846,1.277,0.223517,0.222,0.227,39.103448,38.4,39.4,3.709931,3.709,3.71,15027,15055,0,0,0,0
2021-03-03T05:00:00Z,28,0.914143,0.698,1.525,0.222929,0.221,0.227,40.346429,39.4,40.7,3.709714,3.709,3.71,15056,15084,0,0,0,0
2021-03-03T06:00:00Z,29,0.944241,0.651,1.264,0.224517,0.223,0.228,38.241379,37.8,39.3,3.707172,3.706,3.709,15085,15113,0,0,0,0
2021-03-03T07:00:00Z,30,0.8882,0.756,1.023,0.2247,0.223,0.228,37.55,36.9,37.9,3.7058,3.704,3.707,15114,15143,0,0,0,0
2021-03-03T08:00:00Z,29,0.769897,0.534,1.016,0.225,0.223,0.228,37.365517,36.7,38,3.703862,3.702,3.706,15144,15172,0,0,0,0
2021-03-03T09:00:00Z,30,0.6732,0.36,0.93,0.225867,0.224,0.228,36.393333,35.3,36.9,3.700833,3.699,3.702,15173,15202,0,0,0,0
2021-03-03T10:00:00Z,29,0.034448,0,0.347,0.228414,0.226,0.233,33.644828,32.2,35.3,3.698103,3.694,3.701,15203,15231,0,0,0,0
2021-03-03T11:00:00Z,29,0,0,0,0.23069,0.229,0.233,31.331034,30.7,32.1,3.69331,3.687,3.697,15232,15260,0,0,0,0
2021-03-03T12:00:00Z,30,0,0,0,0.231833,0.231,0.233,30.156667,30,30.6,3.686833,3.684,3.692,15261,15290,0,0,0,0
2021-03-03T13:00:00Z,29,0,0,0,0.232862,0.232,0.233,29.8,29.6,30,3.683621,3.682,3.687,15291,15319,0,0,0,0
2021-03-03T14:00:00Z,30,0,0,0,0.232967,0.232,0.235,29.763333,29.6,30,3.681933,3.681,3.684,15320,15349,0,0,0,0
2021-03-03T15:00:00Z,29,0,0,0,0.232759,0.232,0.235,29.768966,29.1,30.1,3.681414,3.681,3.682,15350,15378,0,0,0,0
2021-03-03T16:00:00Z,29,0,0,0,0.233379,0.232,0.236,29.093103,28.9,29.3,3.679345,3.677,3.681,15379,15407,0,0,0,0
2021-03-03T17:00:00Z,30,0,0,0,0.233133,0.233,0.235,29.093333,28.9,29.3,3.677133,3.676,3.679,15408,15437,0,0,0,0
2021-03-03T18:00:00Z,29,0,0,0,0.233448,0.233,0.235,28.724138,28.6,29,3.674862,3.673,3.677,15438,15466,0,0,0,0
2021-03-03T19:00:00Z,30,0,0,0,0.233767,0.233,0.235,28.52,28.3,28.6,3.673667,3.671,3.674,15467,15496,0,0,0,0
2021-03-03T20:00:00Z,29,0,0,0,0.234103,0.233,0.236,28.065517,27.9,28.4,3.671655,3.669,3.674,15497,15525,0,0,0,0
2021-03-03T21:00:00Z,30,0,0,0,0.233933,0.233,0.235,27.793333,27.5,28,3.67,3.668,3.673,15526,15555,0,0,0,0
2021-03-03T22:00:00Z,29,0,0,0,0.235241,0.234,0.238,27.431034,27.4,27.6,3.667897,3.666,3.669,15556,15584,0,0,0,0
2021-03-03T23:00:00Z,29,0.011172,0,0.324,0.235,0.234,0.237,27.493103,27.4,27.9,3.665862,3.664,3.668,15585,15613,0,0,0,0
2021-03-04T00:00:00Z,30,0.587367,0.331,0.915,0.233433,0.232,0.235,28.89,28,30.1,3.6645,3.663,3.666,15614,15643,0,0,0,0
2021-03-04T01:00:00Z,29,0.930138,0.834,1.069,0.229966,0.228,0.233,32.127586,30.1,33.8,3.663517,3.663,3.666,15644,15672,0,0,0,0
2021-03-04T02:00:00Z,30,0.8943,0.831,1.049,0.227633,0.224,0.231,35.15,33.9,36.8,3.662867,3.661,3.664,15673,15702,0,0,0,0
2021-03-04T03:00:00Z,29,0.896655,0.82,1.048,0.224517,0.223,0.228,38.096552,36.9,39.2,3.662207,3.661,3.664,15703,15731,0,0,0,0
2021-03-04T04:00:00Z,30,0.871,0.813,0.977,0.2234,0.221,0.226,39.943333,39.3,40.7,3.6614,3.659,3.663,15732,15761,0,0,0,0
2021-03-04T05:00:00Z,29,0.818138,0.764,0.98,0.22269,0.221,0.227,40.803448,40.6,41.1,3.659552,3.659,3.661,15762,15790,0,0,0,0
2021-03-04T06:00:00Z,29,0.979069,0.734,1.722,0.221414,0.219,0.223,41.910345,41.2,42.8,3.659276,3.659,3.661,15791,15819,0,0,0,0
2021-03-04T07:00:00Z,30,0.7705,0.706,0.91,0.221967,0.219,0.226,41.156667,39.9,42.8,3.658533,3.658,3.659,15820,15849,0,0,0,0
2021-03-04T08:00:00Z,29,0.698,0.613,0.767,0.223759,0.222,0.227,38.496552,37.4,39.8,3.657931,3.656,3.658,15850,15878,0,0,0,0
2021-03-04T09:00:00Z,30,0.4682,0.336,0.602,0.226867,0.225,0.23,35.77,34.5,37.1,3.6564,3.654,3.658,15879,15908,0,0,0,0
2021-03-04T10:00:00Z,29,0.033034,0,0.324,0.229034,0.228,0.233,33.382759,32.6,34.5,3.654483,3.653,3.656,15909,15937,0,0,0,0
2021-03-04T11:00:00Z,30,0,0,0,0.230067,0.228,0.233,31.77,31.3,32.5,3.652533,3.651,3.654,15938,15967,0,0,0,0
2021-03-04T12:00:00Z,29,0,0,0,0.231345,0.23,0.233,30.686207,30.1,31.4,3.650483,3.648,3.653,15968,15996,0,0,0,0
2021-03-04T13:00:00Z,29,0,0,0,0.232517,0.232,0.234,30.075862,30,30.1,3.64831,3.646,3.649,15997,16025,0,0,0,0
2021-03-04T14:00:00Z,29,0,0,0,0.232448,0.232,0.233,29.803448,29.6,30,3.646138,3.644,3.648,16026,16055,0,0,0,0
2021-03-04T15:00:00Z,29,0,0,0,0.233103,0.232,0.235,29.375862,29.1,29.7,3.643241,3.641,3.644,16056,16084,0,0,0,0
2021-03-04T16:00:00Z,29,0,0,0,0.233034,0.232,0.234,29.041379,28.7,29.3,3.642103,3.64,3.643,16085,16113,0,0,0,0
2021-03-04T17:00:00Z,30,0,0,0,0.233667,0.233,0.236,28.486667,28.1,28.7,3.639733,3.636,3.641,16114,16143,0,0,0,0
2021-03-04T18:00:00Z,29,0,0,0,0.234276,0.233,0.236,28.075862,28,28.3,3.638069,3.636,3.64,16144,16172,0,0,0,0
2021-03-04T19:00:00Z,30,0,0,0,0.234167,0.233,0.237,27.793333,27.6,28.2,3.635833,3.635,3.638,16173,16202,0,0,0,0
2021-03-04T20:00:00Z,29,0,0,0,0.234862,0.233,0.237,27.596552,27.4,27.8,3.634931,3.633,3.636,16203,16231,0,0,0,0
2021-03-04T21:00:00Z,30,0,0,0,0.235033,0.233,0.238,27.246667,27,27.4,3.633267,3.631,3.635,16232,16261,0,0,0,0
2021-03-04T22:00:00Z,29,0,0,0,0.23531,0.234,0.236,27.02069,26.8,27.2,3.631862,3.63,3.633,16262,16290,0,0,0,0
2021-03-04T23:00:00Z,30,0.047267,0,0.377,0.235633,0.234,0.238,26.896667,26.7,27.4,3.6304,3.63,3.631,16291,16320,0,0,0,0
2021-03-05T00:00:00Z,29,0.500103,0.393,0.557,0.233793,0.232,0.237,28.786207,27.5,30.1,3.629552,3.628,3.631,16321,16349,0,0,0,0
2021-03-05T01:00:00Z,29,0.618862,0.561,0.661,0.230241,0.228,0.233,31.534483,30.1,33,3.628483,3.626,3.63,16350,16378,0,0,0,0
2021-03-05T02:00:00Z,17,0.696882,0.657,0.734,0.227882,0.227,0.229,34.129412,33.1,35.2,3.628235,3.626,3.63,16379,16395,0,0,0,0
2021-03-05T11:00:00Z,29,0,0,0,0.231828,0.229,0.234,30.3,29.9,32,3.498448,3.496,3.499,16527,16555,0,0,0,0
2021-03-05T12:00:00Z,29,0,0,0,0.232931,0.232,0.235,29.589655,29.3,29.9,3.498138,3.496,3.499,16556,16584,0,0,0,0
2021-03-05T13:00:00Z,22,0,0,0,0.233455,0.232,0.237,29.077273,28.9,29.3,3.496727,3.496,3.498,16585,16613,0,0,0,0
2021-03-05T14:00:00Z,29,0,0,0,0.233345,0.232,0.235,28.744828,28.6,29,3.495931,3.494,3.498,16614,16643,0,0,0,0
2021-03-05T15:00:00Z,29,0,0,0,0.233586,0.232,0.236,28.641379,28.6,28.7,3.493724,3.493,3.496,16644,16672,0,0,0,0
2021-03-05T16:00:00Z,30,0,0,0,0.233667,0.233,0.236,28.65,28.6,28.8,3.4926,3.491,3.494,16673,16702,0,0,0,0
2021-03-05T17:00:00Z,29,0,0,0,0.233517,0.232,0.236,28.268966,27.9,28.7,3.491276,3.488,3.493,16703,16731,0,0,0,0
2021-03-05T18:00:00Z,29,0,0,0,0.233793,0.233,0.235,28.158621,28,28.3,3.488276,3.486,3.491,16732,16760,0,0,0,0
2021-03-05T19:00:00Z,30,0,0,0,0.2341,0.233,0.237,27.853333,27.6,28.1,3.485967,3.484,3.489,16761,16790,0,0,0,0
2021-03-05T20:00:00Z,29,0,0,0,0.234138,0.233,0.236,27.627586,27.5,27.7,3.483655,3.481,3.486,16791,16819,0,0,0,0
2021-03-05T21:00:00Z,30,0,0,0,0.234267,0.233,0.236,27.543333,27.4,27.7,3.482,3.481,3.484,16820,16849,0,0,0,0
2021-03-05T22:00:00Z,29,0,0,0,0.234655,0.233,0.238,27.365517,27.3,27.4,3.479172,3.476,3.483,16850,16878,0,0,0,0
2021-03-05T23:00:00Z,30,0.0457,0,0.365,0.2352,0.234,0.237,27.363333,27.3,27.7,3.476933,3.475,3.478,16879,16908,0,0,0,0
2021-03-06T00:00:00Z,29,0.518448,0.378,0.611,0.233138,0.231,0.235,29.306897,27.9,30.1,3.475034,3.473,3.476,16909,16937,0,0,0,0
2021-03-06T01:00:00Z,30,0.692833,0.602,0.761,0.230433,0.228,0.233,31.6,30.1,32.7,3.4726,3.471,3.475,16938,16967,0,0,0,0
2021-03-06T02:00:00Z,29,0.813552,0.759,0.875,0.227517,0.225,0.231,34.531034,32.8,36.1,3.470759,3.47,3.473,16968,16996,0,0,0,0
2021-03-06T03:00:00Z,29,0.913345,0.759,0.998,0.225,0.223,0.228,37.393103,36.4,38.6,3.468207,3.466,3.47,16997,17025,0,0,0,0
2021-03-06T04:00:00Z,30,0.8478,0.756,0.923,0.2234,0.222,0.227,39.273333,38.6,39.9,3.4639,3.461,3.466,17026,17055,0,0,0,0
2021-03-06T05:00:00Z,28,0.834714,0.747,0.902,0.2225,0.221,0.225,40.542857,39.9,41,3.458536,3.456,3.461,17056,17084,0,0,0,0
2021-03-06T06:00:00Z,30,0.8777,0.8,1.313,0.221667,0.22,0.223,41.25,40.7,42,3.4547,3.451,3.456,17085,17114,0,0,0,0
2021-03-06T07:00:00Z,29,0.774241,0.685,0.925,0.222448,0.22,0.225,40.693103,39.5,41.5,3.450552,3.448,3.453,17115,17143,0,0,0,0
2021-03-06T08:00:00Z,29,0.690034,0.615,0.759,0.224069,0.223,0.228,38.131034,37.1,39.4,3.447655,3.446,3.448,17144,17172,0,0,0,0
2021-03-06T09:00:00Z,30,0.482533,0.337,0.602,0.226667,0.224,0.229,35.97,34.6,37,3.4461,3.445,3.448,17173,17202,0,0,0,0
2021-03-06T10:00:00Z,29,0.011172,0,0.324,0.228966,0.228,0.231,33.082759,32.2,34.4,3.442966,3.44,3.445,17203,17231,0,0,0,0
2021-03-06T11:00:00Z,30,0,0,0,0.230233,0.229,0.232,31.583333,31.3,32.1,3.437367,3.432,3.44,17232,17261,0,0,0,0
2021-03-06T12:00:00Z,29,0,0,0,0.231552,0.229,0.233,30.717241,30.2,31.3,3.431483,3.428,3.435,17262,17290,0,0,0,0
2021-03-06T13:00:00Z,30,0,0,0,0.2318,0.231,0.233,30.1,30.1,30.1,3.4258,3.423,3.43,17291,17320,0,0,0,0
2021-03-06T14:00:00Z,29,0,0,0,0.232138,0.231,0.233,30.096552,30,30.1,3.420966,3.418,3.423,17321,17349,0,0,0,0
2021-03-06T15:00:00Z,29,0,0,0,0.232379,0.231,0.234,30.02069,29.9,30.1,3.416483,3.413,3.418,17350,17378,0,0,0,0
2021-03-06T16:00:00Z,30,0,0,0,0.232533,0.231,0.233,30.02,29.8,30.1,3.4096,3.407,3.413,17379,17408,0,0,0,0
2021-03-06T17:00:00Z,29,0,0,0,0.232621,0.231,0.235,29.572414,29.4,29.7,3.403483,3.4,3.407,17409,17437,0,0,0,0
2021-03-06T18:00:00Z,30,0,0,0,0.232933,0.232,0.235,29.24,29,29.6,3.398067,3.395,3.402,17438,17467,0,0,0,0
2021-03-06T19:00:00Z,29,0,0,0,0.233621,0.232,0.237,28.624138,28.4,28.9,3.394379,3.394,3.395,17468,17496,0,0,0,0
2021-03-06T20:00:00Z,30,0,0,0,0.2339,0.233,0.236,28.376667,28.1,28.6,3.3905,3.387,3.394,17497,17526,0,0,0,0
2021-03-06T21:00:00Z,29,0,0,0,0.233828,0.233,0.235,27.989655,27.9,28.1,3.384172,3.38,3.389,17527,17555,0,0,0,0
2021-03-06T22:00:00Z,29,0,0,0,0.23431,0.233,0.236,27.696552,27.5,27.9,3.376828,3.372,3.38,17556,17584,0,0,0,0
2021-03-06T23:00:00Z,30,0.033967,0,0.354,0.2344,0.233,0.237,27.893333,27.7,28.6,3.370267,3.367,3.374,17585,17614,0,0,0,0
2021-03-07T00:00:00Z,29,0.53369,0.37,0.656,0.232586,0.231,0.235,29.582759,28.6,30.3,3.364897,3.359,3.369,17615,17643,0,0,0,0
2021-03-07T01:00:00Z,29,0.727759,0.639,0.815,0.230069,0.228,0.233,31.748276,30.4,33.1,3.356621,3.352,3.362,17644,17672,0,0,0,0
2021-03-07T02:00:00Z,30,0.816,0.702,0.869,0.225967,0.223,0.229,35.046667,33.3,36.7,3.349033,3.344,3.354,17673,17702,0,0,0,0
2021-03-07T03:00:00Z,29,0.843966,0.734,0.957,0.221931,0.22,0.224,37.744828,36.7,38.8,3.343069,3.341,3.346,17703,17731,0,0,0,0
2021-03-07T04:00:00Z,30,0.831567,0.764,1.051,0.218233,0.217,0.22,39.696667,38.9,40.5,3.338633,3.333,3.341,17732,17761,0,0,0,0
2021-03-07T05:00:00Z,29,0.858103,0.785,1.321,0.216207,0.215,0.219,40.755172,40.6,41,3.329621,3.324,3.334,17762,17790,0,0,0,0
2021-03-07T06:00:00Z,30,0.869067,0.538,1.323,0.214633,0.213,0.216,40.716667,39.4,41.2,3.3207,3.316,3.326,17791,17820,0,0,0,0
2021-03-07T07:00:00Z,29,0.768966,0.718,0.856,0.21531,0.213,0.218,39.268966,38,39.9,3.312828,3.308,3.316,17821,17849,0,0,0,0
2021-03-07T08:00:00Z,29,0.745552,0.656,0.811,0.216897,0.215,0.218,36.941379,35.8,38,3.305138,3.298,3.31,17850,17878,0,0,0,0
2021-03-07T09:00:00Z,30,0.500867,0.351,0.636,0.2175,0.216,0.219,34.736667,33.5,35.8,3.2945,3.29,3.3,17879,17908,0,0,0,0
2021-03-07T10:00:00Z,29,0.034276,0,0.341,0.217552,0.216,0.22,32.186207,31.4,33.3,3.287207,3.283,3.29,17909,17937,0,0,0,0
2021-03-07T11:00:00Z,30,0,0,0,0.2172,0.215,0.221,30.653333,30.1,31.4,3.279633,3.273,3.285,17938,17967,0,0,0,0
2021-03-07T12:00:00Z,29,0,0,0,0.216724,0.214,0.219,29.855172,29.6,30.1,3.26769,3.263,3.273,17968,17996,0,0,0,0
2021-03-07T13:00:00Z,30,0,0,0,0.214533,0.213,0.218,29.593333,29.5,29.7,3.258367,3.253,3.263,17997,18026,0,0,0,0
2021-03-07T14:00:00Z,29,0,0,0,0.212828,0.212,0.215,29.317241,29.1,29.6,3.247069,3.24,3.255,18027,18055,0,0,0,0
2021-03-07T15:00:00Z,29,0,0,0,0.210414,0.208,0.213,29.575862,29.3,30,3.237034,3.235,3.242,18056,18084,0,0,0,0
2021-03-07T16:00:00Z,30,0,0,0,0.207833,0.207,0.21,29.716667,29.5,30,3.2287,3.222,3.234,18085,18114,0,0,0,0
2021-03-07T17:00:00Z,29,0,0,0,0.206586,0.205,0.209,29.237931,28.7,29.6,3.214655,3.209,3.22,18115,18143,0,0,0,0
2021-03-07T18:00:00Z,30,0,0,0,0.2046,0.203,0.206,28.656667,28.5,28.8,3.2019,3.194,3.209,18144,18173,0,0,0,0
2021-03-07T19:00:00Z,29,0,0,0,0.202586,0.201,0.204,28.113793,27.8,28.5,3.188069,3.184,3.194,18174,18202,0,0,0,0
2021-03-07T20:00:00Z,30,0,0,0,0.1998,0.198,0.203,28.006667,27.7,28.1,3.179233,3.173,3.184,18203,18232,0,0,0,0
2021-03-07T21:00:00Z,29,0,0,0,0.193172,0.185,0.201,27.482759,27.3,27.7,3.154897,3.135,3.173,1,18248,0,0,0,0
2021-03-07T22:00:00Z,29,0,0,0,0.184276,0.182,0.188,27.182759,27,27.3,3.126483,3.116,3.133,1,1,0,0,0,0
2021-03-07T23:00:00Z,29,0,0,0,0.181,0.179,0.183,27.031034,26.8,27.3,3.102966,3.09,3.113,1,1,0,0,0,0
2021-03-08T00:00:00Z,29,0.37231,0,0.649,0.175379,0.171,0.179,28.041379,27.3,29,3.078655,3.069,3.088,1,1,0,0,0,0
2021-03-08T01:00:00Z,30,0.694933,0.6,0.767,0.165633,0.159,0.172,31.233333,29.1,33,3.051833,3.036,3.067,1,1,0,0,0,0
2021-03-08T02:00:00Z,29,0.801897,0.751,0.897,0.157586,0.156,0.161,56.486207,33.2,65.9,3.021724,3.006,3.034,1,1,0,0,21,0
2021-03-08T03:00:00Z,29,0.779069,0.687,0.91,0.155103,0.155,0.156,66.824138,65.9,67.2,2.985828,2.97,3.006,1,1,0,0,29,0
2021-03-08T04:00:00Z,29,0.800517,0.751,0.841,0.155,0.155,0.155,67.2,67.2,67.2,2.944379,2.92,2.966,1,1,0,0,29,0
2021-03-08T05:00:00Z,3,0.812667,0.81,0.815,0.155,0.155,0.155,67.2,67.2,67.2,2.918333,2.917,2.92,1,1,0,0,3,0
2021-04-07T21:00:00Z,20,0,0,0,0.23275,0.199,0.267,32.845,30.1,34,3.5479,2.574,3.795,1,20,0,0,0,0
2021-04-07T22:00:00Z,30,0,0,0,0.226067,0.199,0.267,34.06,34,34.2,3.960033,3.808,4.06,21,50,0,0,0,0
2021-04-07T23:00:00Z,29,0,0,0,0.231966,0.202,0.266,33.796552,33.4,34,4.111897,4.065,4.136,51,79,0,0,0,0
2021-04-08T00:00:00Z,30,0,0,0,0.239633,0.202,0.267,33.076667,32.8,33.4,4.152133,4.138,4.166,80,109,0,0,0,0
2021-04-08T01:00:00Z,29,0,0,0,0.230552,0.203,0.267,32.682759,32.6,32.8,4.177552,4.168,4.186,110,138,0,0,0,0
2021-04-08T02:00:00Z,30,0,0,0,0.231933,0.207,0.267,32.286667,32,32.6,4.1711,4.158,4.187,139,168,0,0,0,0
2021-04-08T03:00:00Z,29,0,0,0,0.238172,0.204,0.269,31.855172,31.8,31.9,4.151586,4.146,4.158,169,197,0,0,0,0
2021-04-08T04:00:00Z,30,0,0,0,0.232533,0.204,0.268,31.906667,31.8,32,4.144,4.141,4.146,198,227,0,0,0,0
2021-04-08T05:00:00Z,29,0,0,0,0.240586,0.207,0.271,31.851724,31.8,32,4.141345,4.138,4.144,228,256,0,0,0,0
2021-04-08T06:00:00Z,30,0,0,0,0.242767,0.206,0.271,31.906667,31.8,32,4.1395,4.138,4.141,257,286,0,0,0,0
2021-04-08T07:00:00Z,28,0,0,0,0.240857,0.206,0.27,31.589286,30.7,31.8,4.136,4.131,4.141,287,315,0,0,0,0
2021-04-08T08:00:00Z,29,0,0,0,0.231241,0.228,0.234,31.231034,30.8,31.4,4.130034,4.126,4.131,316,345,0,0,0,0
2021-04-08T09:00:00Z,29,0,0,0,0.229897,0.228,0.233,31.303448,31.1,31.4,4.127586,4.125,4.13,346,374,0,0,0,0
2021-04-08T10:00:00Z,29,0,0,0,0.230793,0.228,0.234,30.989655,30.7,31.2,4.124862,4.123,4.126,375,403,0,0,0,0
2021-04-08T11:00:00Z,30,0,0,0,0.230967,0.228,0.234,31.17,31.1,31.3,4.122167,4.12,4.125,404,433,0,0,0,0
2021-04-08T12:00:00Z,28,0,0,0,0.230964,0.228,0.233,31.296429,31.2,31.3,4.119536,4.118,4.123,434,462,0,0,0,0
2021-04-08T13:00:00Z,28,0,0,0,0.230857,0.228,0.234,31.303571,31.3,31.4,4.116714,4.115,4.12,463,491,0,0,0,0
2021-04-08T14:00:00Z,26,0,0,0,0.230538,0.223,0.238,31.330769,31.3,31.4,4.114615,4.113,4.116,494,521,0,0,0,0
2021-04-08T15:00:00Z,27,0,0,0,0.231407,0.222,0.242,31.07037,30.8,31.4,4.111222,4.108,4.115,522,550,0,0,0,0
2021-04-08T16:00:00Z,29,0,0,0,0.232345,0.223,0.242,30.775862,30.7,30.9,4.110103,4.106,4.113,551,579,0,0,0,0
2021-04-08T17:00:00Z,30,0,0,0,0.233633,0.222,0.241,30.656667,30.6,30.7,4.108067,4.106,4.11,580,609,0,0,0,0
2021-04-08T18:00:00Z,29,0,0,0,0.232414,0.223,0.241,30.6,30.6,30.6,4.106345,4.106,4.108,610,638,0,0,0,0
2021-04-08T19:00:00Z,30,0,0,0,0.2307,0.223,0.241,30.586667,30.5,30.6,4.105667,4.105,4.106,639,668,0,0,0,0
2021-04-08T20:00:00Z,29,0,0,0,0.232655,0.223,0.241,30.551724,30.5,30.6,4.105034,4.105,4.106,669,697,0,0,0,0
2021-04-08T21:00:00Z,29,0,0,0,0.233655,0.223,0.242,30.503448,30.4,30.6,4.104828,4.103,4.106,698,726,0,0,0,0
2021-04-08T22:00:00Z,30,0,0,0,0.231133,0.223,0.242,30.406667,30.3,30.5,4.103933,4.102,4.105,727,756,0,0,0,0
2021-04-08T23:00:00Z,29,0,0,0,0.232379,0.223,0.241,30.389655,30.3,30.4,4.102966,4.1,4.105,757,785,0,0,0,0
2021-04-09T00:00:00Z,30,0,0,0,0.231033,0.223,0.241,30.516667,30.4,30.6,4.1014,4.098,4.103,786,815,0,0,0,0
2021-04-09T01:00:00Z,29,0,0,0,0.231138,0.222,0.242,30.610345,30.6,30.7,4.09969,4.095,4.103,816,844,0,0,0,0
2021-04-09T02:00:00Z,30,0,0,0,0.230733,0.222,0.24,30.78,30.6,31,4.098367,4.095,4.102,845,874,0,0,0,0
2021-04-09T03:00:00Z,29,0,0,0,0.229448,0.222,0.24,31.086207,31,31.2,4.097103,4.093,4.098,875,903,0,0,0,0
2021-04-09T04:00:00Z,28,0,0,0,0.229857,0.222,0.24,31.246429,31.1,31.4,4.094893,4.092,4.098,904,932,0,0,0,0
2021-04-09T05:00:00Z,30,0,0,0,0.229267,0.222,0.242,31.2,31.1,31.3,4.0929,4.09,4.095,933,962,0,0,0,0
2021-04-09T06:00:00Z,29,0,0,0,0.231276,0.222,0.242,31.289655,31.2,31.3,4.092172,4.09,4.093,963,991,0,0,0,0
2021-04-09T07:00:00Z,30,0,0,0,0.231967,0.222,0.242,31.25,31.2,31.3,4.091333,4.09,4.093,992,1021,0,0,0,0
2021-04-09T08:00:00Z,29,0,0,0,0.232759,0.222,0.24,31.303448,31.3,31.4,4.089448,4.088,4.092,1022,1050,0,0,0,0
2021-04-09T09:00:00Z,30,0,0,0,0.233,0.223,0.242,31.3,31.3,31.3,4.088167,4.087,4.09,1051,1080,0,0,0,0
2021-04-09T10:00:00Z,29,0,0,0,0.231862,0.223,0.242,31.296552,31.2,31.3,4.087586,4.087,4.09,1081,1109,0,0,0,0
2021-04-09T11:00:00Z,29,0,0,0,0.231379,0.222,0.242,31.227586,31.1,31.3,4.086103,4.085,4.087,1110,1139,0,0,0,0
2021-04-09T12:00:00Z,29,0,0,0,0.230966,0.223,0.243,31.262069,31.2,31.3,4.085207,4.083,4.087,1140,1168,0,0,0,0
2021-04-09T13:00:00Z,26,0,0,0,0.231615,0.226,0.235,31.311538,31.3,31.4,4.083192,4.082,4.085,1169,1197,0,0,0,0
2021-04-09T14:00:00Z,28,0,0,0,0.2325,0.227,0.238,29.482143,28.5,31.4,4.081893,4.08,4.083,1198,1226,0,0,0,0
2021-04-09T15:00:00Z,29,0,0,0,0.23369,0.23,0.237,28.731034,28,29.6,4.080621,4.08,4.082,1227,1255,0,0,0,0
2021-04-09T16:00:00Z,30,0,0,0,0.231833,0.228,0.235,30.006667,29.7,30.1,4.080267,4.08,4.082,1256,1285,0,0,0,0
2021-04-09T17:00:00Z,29,0,0,0,0.231621,0.228,0.236,30.1,30.1,30.1,4.080138,4.08,4.082,1286,1314,0,0,0,0
2021-04-09T18:00:00Z,30,0,0,0,0.230367,0.227,0.234,30.1,30.1,30.1,4.0798,4.078,4.08,1315,1344,0,0,0,0
2021-04-09T19:00:00Z,29,0,0,0,0.232207,0.227,0.236,30.1,30.1,30.1,4.079241,4.078,4.08,1345,1373,0,0,0,0
2021-04-09T20:00:00Z,30,0,0,0,0.2318,0.227,0.236,30.1,30.1,30.1,4.079133,4.078,4.08,1374,1403,0,0,0,0
2021-04-09T21:00:00Z,29,0,0,0,0.231724,0.227,0.236,30.1,30.1,30.1,4.078138,4.078,4.08,1404,1432,0,0,0,0
2021-04-09T22:00:00Z,30,0,0,0,0.231733,0.227,0.235,30.1,30.1,30.1,4.077633,4.075,4.078,1433,1462,0,0,0,0
2021-04-09T23:00:00Z,29,0,0,0,0.231138,0.228,0.235,30.1,30.1,30.1,4.077345,4.075,4.078,1463,1491,0,0,0,0
2021-04-10T00:00:00Z,29,0,0,0,0.231517,0.227,0.236,30.265517,30.1,30.4,4.077069,4.075,4.078,1492,1520,0,0,0,0
2021-04-10T01:00:00Z,30,0,0,0,0.231533,0.227,0.234,30.486667,30.4,30.6,4.075867,4.073,4.078,1521,1550,0,0,0,0
2021-04-10T02:00:00Z,29,0,0,0,0.232966,0.228,0.237,29.793103,28.6,30.6,4.07431,4.073,4.077,1551,1579,0,0,0,0
2021-04-10T03:00:00Z,30,0,0,0,0.2339,0.228,0.238,28.423333,28,29.2,4.072967,4.07,4.075,1580,1609,0,0,0,0
2021-04-10T04:00:00Z,29,0,0,0,0.232862,0.228,0.238,29.944828,29.3,30.2,4.072862,4.072,4.075,1610,1638,0,0,0,0
2021-04-10T05:00:00Z,29,0,0,0,0.231172,0.227,0.234,30.486207,30.2,30.8,4.072517,4.072,4.073,1639,1667,0,0,0,0
2021-04-10T06:00:00Z,30,0,0,0,0.230367,0.227,0.235,30.953333,30.7,31.2,4.071433,4.069,4.073,1668,1697,0,0,0,0
2021-04-10T07:00:00Z,28,0,0,0,0.23075,0.227,0.236,31.210714,31.1,31.3,4.070179,4.067,4.072,1698,1726,0,0,0,0
2021-04-10T08:00:00Z,29,0,0,0,0.230621,0.226,0.236,30.962069,29.8,31.3,4.069345,4.067,4.072,1727,1755,0,0,0,0
2021-04-10T09:00:00Z,30,0,0,0,0.232833,0.228,0.238,28.81,28.1,29.6,4.0667,4.064,4.07,1756,1785,0,0,0,0
2021-04-10T10:00:00Z,29,0,0,0,0.233172,0.229,0.237,28.065517,27.7,28.8,4.065483,4.065,4.067,1786,1814,0,0,0,0
2021-04-10T11:00:00Z,28,0,0,0,0.233036,0.231,0.235,28.878571,27.8,29.6,4.064786,4.062,4.067,1815,1843,0,0,0,0
2021-04-10T12:00:00Z,29,0,0,0,0.234586,0.232,0.238,27.465517,27.3,27.7,4.063931,4.062,4.065,1844,1872,0,0,0,0
2021-04-10T13:00:00Z,30,0,0,0,0.233367,0.231,0.238,28.376667,27.3,29.1,4.063833,4.062,4.065,1873,1902,0,0,0,0
2021-04-10T14:00:00Z,27,0,0,0,0.23237,0.23,0.235,29.551852,29.2,29.9,4.062741,4.06,4.064,1903,1931,0,0,0,0
2021-04-10T15:00:00Z,29,0,0,0,0.231517,0.23,0.233,30.024138,29.9,30.1,4.06269,4.06,4.064,1932,1960,0,0,0,0
2021-04-10T16:00:00Z,30,0,0,0,0.2322,0.229,0.234,30.1,30.1,30.1,4.061967,4.06,4.065,1961,1990,0,0,0,0
2021-04-10T17:00:00Z,29,0,0,0,0.232207,0.229,0.235,30.096552,30,30.1,4.060966,4.06,4.062,1991,2019,0,0,0,0
2021-04-10T18:00:00Z,30,0,0,0,0.231667,0.229,0.235,30.1,30.1,30.1,4.059933,4.059,4.062,2020,2049,0,0,0,0
2021-04-10T19:00:00Z,29,0,0,0,0.232,0.229,0.234,30.096552,30,30.1,4.059448,4.059,4.062,2050,2078,0,0,0,0
2021-04-10T20:00:00Z,29,0,0,0,0.231793,0.229,0.233,30.089655,30,30.1,4.059034,4.055,4.06,2079,2107,0,0,0,0
2021-04-10T21:00:00Z,30,0,0,0,0.232,0.23,0.234,30.096667,30,30.1,4.058533,4.057,4.06,2108,2137,0,0,0,0
2021-04-10T22:00:00Z,29,0,0,0,0.231655,0.23,0.234,30.1,30.1,30.1,4.058,4.055,4.06,2138,2166,0,0,0,0
2021-04-10T23:00:00Z,30,0,0,0,0.2322,0.229,0.233,30.096667,30,30.1,4.057267,4.055,4.059,2167,2196,0,0,0,0
2021-04-11T00:00:00Z,29,0,0,0,0.231862,0.229,0.233,30.1,30.1,30.1,4.057345,4.054,4.06,2197,2225,0,0,0,0
2021-04-11T01:00:00Z,30,0,0,0,0.2316,0.229,0.233,30.156667,30.1,30.3,4.0564,4.055,4.059,2226,2255,0,0,0,0
2021-04-11T02:00:00Z,29,0,0,0,0.232138,0.229,0.234,29.486207,28.6,30.4,4.055483,4.054,4.057,2256,2284,0,0,0,0
2021-04-11T03:00:00Z,30,0,0,0,0.233467,0.233,0.236,28.283333,28.1,28.6,4.054833,4.054,4.057,2285,2314,0,0,0,0
2021-04-11T04:00:00Z,29,0,0,0,0.233724,0.233,0.237,28.148276,27.9,28.3,4.054069,4.052,4.055,2315,2343,0,0,0,0
2021-04-11T05:00:00Z,29,0,0,0,0.233793,0.233,0.236,27.893103,27.7,28.1,4.053379,4.052,4.055,2344,2372,0,0,0,0
2021-04-11T06:00:00Z,29,0,0,0,0.233517,0.233,0.235,28.227586,27.7,29.3,4.052207,4.05,4.054,2373,2402,0,0,0,0
2021-04-11T07:00:00Z,27,0,0,0,0.232444,0.231,0.235,29.818519,29.4,30.1,4.052148,4.05,4.054,2403,2431,0,0,0,0
2021-04-11T08:00:00Z,29,0,0,0,0.232172,0.23,0.234,30.096552,30,30.1,4.052138,4.05,4.054,2432,2460,0,0,0,0
2021-04-11T09:00:00Z,29,0,0,0,0.232517,0.23,0.234,29.375862,28.6,30.2,4.050552,4.049,4.052,2461,2489,0,0,0,0
2021-04-11T10:00:00Z,30,0,0,0,0.233433,0.232,0.236,28.803333,28,29.7,4.050867,4.049,4.052,2490,2519,0,0,0,0
2021-04-11T11:00:00Z,29,0,0,0,0.232172,0.23,0.234,30.017241,29.7,30.1,4.051,4.049,4.052,2520,2548,0,0,0,0
2021-04-11T12:00:00Z,29,0,0,0,0.232276,0.23,0.234,30.1,30.1,30.1,4.051103,4.05,4.052,2549,2577,0,0,0,0
2021-04-11T13:00:00Z,28,0,0,0,0.231857,0.23,0.233,30.114286,30.1,30.2,4.05025,4.049,4.052,2578,2607,0,0,0,0
2021-04-11T14:00:00Z,27,0,0,0,0.231519,0.23,0.233,30.255556,30.2,30.4,4.050185,4.047,4.052,2608,2636,0,0,0,0
2021-04-11T15:00:00Z,29,0,0,0,0.231552,0.23,0.234,30.344828,30.3,30.4,4.049069,4.047,4.05,2637,2665,0,0,0,0
2021-04-11T16:00:00Z,30,0,0,0,0.231433,0.23,0.233,30.416667,30.4,30.5,4.049133,4.047,4.05,2666,2695,0,0,0,0
2021-04-11T17:00:00Z,29,0,0,0,0.231448,0.23,0.233,30.468966,30.4,30.5,4.048345,4.047,4.05,2696,2724,0,0,0,0
2021-04-11T18:00:00Z,29,0,0,0,0.231586,0.229,0.233,30.5,30.5,30.5,4.048483,4.045,4.05,2725,2753,0,0,0,0
2021-04-11T19:00:00Z,30,0,0,0,0.231567,0.229,0.234,30.506667,30.5,30.6,4.048,4.045,4.05,2754,2783,0,0,0,0
2021-04-11T20:00:00Z,29,0,0,0,0.231172,0.23,0.233,30.537931,30.5,30.6,4.04769,4.045,4.049,2784,2812,0,0,0,0
2021-04-11T21:00:00Z,30,0,0,0,0.2313,0.23,0.233,30.59,30.5,30.6,4.047533,4.047,4.049,2813,2842,0,0,0,0
2021-04-11T22:00:00Z,29,0,0,0,0.231586,0.23,0.234,30.568966,30.5,30.6,4.046759,4.044,4.049,2843,2871,0,0,0,0
2021-04-11T23:00:00Z,30,0,0,0,0.2317,0.23,0.233,30.406667,30.3,30.5,4.0459,4.042,4.049,2872,2901,0,0,0,0
2021-04-12T00:00:00Z,29,0,0,0,0.231552,0.229,0.235,30.441379,30.4,30.5,4.045414,4.042,4.047,2902,2930,0,0,0,0
2021-04-12T01:00:00Z,30,0,0,0,0.231633,0.23,0.233,30.486667,30.4,30.6,4.044933,4.042,4.047,2931,2960,0,0,0,0
2021-04-12T02:00:00Z,29,0,0,0,0.231276,0.23,0.233,30.568966,30.5,30.6,4.04469,4.044,4.047,2961,2989,0,0,0,0
2021-04-12T03:00:00Z,30,0,0,0,0.2315,0.23,0.233,30.633333,30.6,30.8,4.0434,4.04,4.045,2990,3019,0,0,0,0
2021-04-12T04:00:00Z,29,0,0,0,0.230759,0.229,0.233,30.868966,30.7,31.2,4.042069,4.04,4.045,3020,3048,0,0,0,0
2021-04-12T05:00:00Z,29,0,0,0,0.230966,0.229,0.233,30.817241,30.7,30.9,4.041138,4.039,4.044,3049,3077,0,0,0,0
2021-04-12T06:00:00Z,29,0,0,0,0.231172,0.23,0.233,30.844828,30.7,31.2,4.040897,4.04,4.044,3078,3107,0,0,0,0
2021-04-12T07:00:00Z,29,0,0,0,0.231276,0.226,0.233,30.624138,30.6,30.7,4.040345,4.039,4.044,3108,3136,0,0,0,0
2021-04-12T08:00:00Z,29,0,0,0,0.23131,0.229,0.233,30.631034,30.6,30.7,4.040069,4.037,4.042,3137,3165,0,0,0,0
2021-04-12T09:00:00Z,30,0,0,0,0.2314,0.229,0.233,30.563333,30.2,30.8,4.040067,4.039,4.044,3166,3195,0,0,0,0
2021-04-12T10:00:00Z,29,0,0,0,0.231862,0.23,0.235,30.106897,30.1,30.2,4.03931,4.037,4.04,3196,3224,0,0,0,0
2021-04-12T11:00:00Z,29,0,0,0,0.231931,0.23,0.233,30.137931,30.1,30.2,4.039207,4.037,4.042,3225,3253,0,0,0,0
2021-04-12T12:00:00Z,27,0,0,0,0.231407,0.23,0.233,30.181481,30.1,30.6,4.038741,4.037,4.04,3254,3282,0,0,0,0
2021-04-12T13:00:00Z,30,0,0,0,0.2319,0.23,0.234,30.096667,30,30.1,4.038533,4.037,4.04,3283,3312,0,0,0,0
2021-04-12T14:00:00Z,28,0,0,0,0.232179,0.23,0.235,30.039286,30,30.1,4.037571,4.034,4.039,3313,3341,0,0,0,0
2021-04-12T15:00:00Z,29,0,0,0,0.232552,0.231,0.234,29.862069,29.7,30,4.036793,4.036,4.039,3342,3370,0,0,0,0
2021-04-12T16:00:00Z,30,0,0,0,0.232333,0.231,0.233,29.743333,29.6,29.9,4.037233,4.036,4.039,3371,3400,0,0,0,0
2021-04-12T17:00:00Z,29,0,0,0,0.232276,0.231,0.234,30.006897,29.9,30.1,4.03669,4.036,4.039,3401,3429,0,0,0,0
2021-04-12T18:00:00Z,30,0,0,0,0.2318,0.23,0.233,30.073333,30,30.1,4.036633,4.034,4.039,3430,3459,0,0,0,0
2021-04-12T19:00:00Z,29,0,0,0,0.232552,0.231,0.235,30.1,30.1,30.1,4.036138,4.034,4.039,3460,3488,0,0,0,0
2021-04-12T20:00:00Z,30,0,0,0,0.232,0.23,0.234,30.1,30.1,30.1,4.035967,4.034,4.039,3489,3518,0,0,0,0
2021-04-12T21:00:00Z,29,0,0,0,0.23131,0.229,0.233,30.1,30.1,30.1,4.035517,4.034,4.037,3519,3547,0,0,0,0
2021-04-12T22:00:00Z,30,0,0,0,0.231767,0.23,0.233,30.1,30.1,30.1,4.035633,4.034,4.037,3548,3577,0,0,0,0
2021-04-12T23:00:00Z,29,0,0,0,0.232034,0.23,0.234,30.103448,30.1,30.2,4.035034,4.032,4.037,3578,3606,0,0,0,0
2021-04-13T00:00:00Z,29,0,0,0,0.231448,0.229,0.233,30.310345,30.1,30.5,4.035621,4.034,4.037,3607,3635,0,0,0,0
2021-04-13T01:00:00Z,30,0,0,0,0.231133,0.229,0.234,30.593333,30.5,30.6,4.0354,4.032,4.037,3636,3665,0,0,0,0
2021-04-13T02:00:00Z,29,0,0,0,0.231172,0.23,0.233,30.696552,30.6,30.8,4.035379,4.034,4.036,3666,3694,0,0,0,0
2021-04-13T03:00:00Z,30,0,0,0,0.230967,0.229,0.233,30.726667,30.6,30.8,4.0353,4.034,4.037,3695,3724,0,0,0,0
2021-04-13T04:00:00Z,29,0,0,0,0.231241,0.23,0.233,30.775862,30.7,30.8,4.034862,4.032,4.037,3725,3753,0,0,0,0
2021-04-13T05:00:00Z,30,0,0,0,0.230833,0.229,0.232,31.016667,30.8,31.1,4.034067,4.032,4.036,3754,3783,0,0,0,0
2021-04-13T06:00:00Z,29,0,0,0,0.231,0.229,0.233,30.97931,30.9,31.1,4.035069,4.032,4.037,3784,3812,0,0,0,0
2021-04-13T07:00:00Z,30,0,0,0,0.230833,0.229,0.233,31.173333,31.1,31.3,4.034467,4.032,4.036,3813,3842,0,0,0,0
2021-04-13T08:00:00Z,29,0,0,0,0.230793,0.229,0.232,31.2,31.1,31.3,4.034207,4.032,4.036,3843,3871,0,0,0,0
2021-04-13T09:00:00Z,30,0,0,0,0.231233,0.229,0.233,30.883333,30.1,31.2,4.0332,4.032,4.036,3872,3901,0,0,0,0
2021-04-13T10:00:00Z,29,0,0,0,0.232724,0.231,0.236,29.172414,28.6,30.5,4.034172,4.031,4.036,3902,3930,0,0,0,0
2021-04-13T11:00:00Z,28,0,0,0,0.233821,0.233,0.236,27.975,27.4,28.6,4.032321,4.031,4.034,3931,3959,0,0,0,0
2021-04-13T12:00:00Z,27,0,0,0,0.233259,0.231,0.237,28.907407,27.4,29.7,4.031963,4.031,4.034,3960,3988,0,0,0,0
2021-04-13T13:00:00Z,26,0,0,0,0.232231,0.231,0.236,30.05,29.8,30.1,4.031615,4.029,4.032,3989,4017,0,0,0,0
2021-04-13T14:00:00Z,28,0,0,0,0.231786,0.23,0.234,30.103571,30.1,30.2,4.032286,4.032,4.036,4018,4046,0,0,0,0
2021-04-13T15:00:00Z,29,0,0,0,0.23331,0.232,0.236,28.475862,27.8,29.8,4.031828,4.031,4.032,4047,4075,0,0,0,0
2021-04-13T16:00:00Z,30,0,0,0,0.2331,0.231,0.235,29.05,27.7,29.8,4.0313,4.029,4.032,4076,4105,0,0,0,0
2021-04-13T17:00:00Z,28,0,0,0,0.232536,0.231,0.233,29.989286,29.9,30,4.031071,4.029,4.032,4106,4134,0,0,0,0
2021-04-13T18:00:00Z,30,0,0,0,0.232233,0.23,0.233,30.06,30,30.1,4.030933,4.029,4.031,4135,4164,0,0,0,0
2021-04-13T19:00:00Z,29,0,0,0,0.232034,0.231,0.233,30.075862,30,30.1,4.030966,4.029,4.032,4165,4193,0,0,0,0
2021-04-13T20:00:00Z,30,0,0,0,0.232033,0.23,0.234,30.08,30,30.1,4.030567,4.029,4.032,4194,4223,0,0,0,0
2021-04-13T21:00:00Z,29,0,0,0,0.231966,0.23,0.233,30.093103,30,30.1,4.030172,4.029,4.031,4224,4252,0,0,0,0
2021-04-13T22:00:00Z,30,0,0,0,0.232067,0.231,0.234,30.096667,30,30.1,4.0308,4.029,4.032,4253,4282,0,0,0,0
2021-04-13T23:00:00Z,29,0,0,0,0.232103,0.231,0.233,30.096552,30,30.1,4.030793,4.029,4.032,4283,4311,0,0,0,0
2021-04-14T00:00:00Z,30,0,0,0,0.232133,0.23,0.234,30.1,30.1,30.1,4.0306,4.029,4.032,4312,4341,0,0,0,0
2021-04-14T01:00:00Z,29,0,0,0,0.231483,0.23,0.234,30.175862,30.1,30.3,4.030483,4.029,4.032,4342,4370,0,0,0,0
2021-04-14T02:00:00Z,29,0,0,0,0.231517,0.23,0.233,30.355172,30.3,30.4,4.030069,4.029,4.032,4371,4399,0,0,0,0
2021-04-14T03:00:00Z,30,0,0,0,0.231633,0.23,0.233,30.4,30.3,30.5,4.0296,4.029,4.031,4400,4429,0,0,0,0
2021-04-14T04:00:00Z,29,0,0,0,0.231241,0.229,0.233,30.606897,30.5,30.7,4.029345,4.029,4.031,4430,4458,0,0,0,0
2021-04-14T05:00:00Z,30,0,0,0,0.231633,0.23,0.234,30.826667,30.7,31.2,4.029967,4.029,4.032,4459,4488,0,0,0,0
2021-04-14T06:00:00Z,29,0,0,0,0.231448,0.23,0.233,30.9,30.8,31,4.03,4.029,4.032,4489,4517,0,0,0,0
2021-04-14T07:00:00Z,29,0,0,0,0.231483,0.23,0.233,30.948276,30.8,31.1,4.029483,4.029,4.031,4518,4546,0,0,0,0
2021-04-14T08:00:00Z,30,0,0,0,0.231233,0.229,0.233,31.013333,30.9,31.2,4.029067,4.029,4.031,4547,4576,0,0,0,0
2021-04-14T09:00:00Z,29,0,0,0,0.230931,0.229,0.234,31.134483,31,31.3,4.029,4.027,4.031,4577,4605,0,0,0,0
2021-04-14T10:00:00Z,29,0,0,0,0.230897,0.23,0.232,30.989655,30.9,31.2,4.029,4.029,4.029,4606,4634,0,0,0,0
2021-04-14T11:00:00Z,29,0,0,0,0.231069,0.229,0.233,30.92069,30.8,31.1,4.028862,4.027,4.029,4635,4663,0,0,0,0
2021-04-14T12:00:00Z,30,0,0,0,0.230733,0.229,0.232,30.856667,30.8,31,4.028267,4.027,4.029,4664,4693,0,0,0,0
2021-04-14T13:00:00Z,29,0,0,0,0.230828,0.23,0.233,30.917241,30.8,31.1,4.02769,4.027,4.029,4694,4722,0,0,0,0
2021-04-14T14:00:00Z,28,0,0,0,0.230679,0.229,0.233,31.035714,30.3,31.2,4.027357,4.027,4.029,4723,4751,0,0,0,0
2021-04-14T15:00:00Z,28,0,0,0,0.233107,0.231,0.235,28.764286,28.1,30.1,4.027107,4.026,4.029,4752,4780,0,0,0,0
2021-04-14T16:00:00Z,29,0,0,0,0.23231,0.231,0.234,29.758621,28.8,30.1,4.027069,4.027,4.029,4781,4810,0,0,0,0
2021-04-14T17:00:00Z,29,0,0,0,0.231793,0.23,0.234,30.1,30.1,30.1,4.027069,4.027,4.029,4811,4839,0,0,0,0
2021-04-14T18:00:00Z,29,0,0,0,0.231897,0.23,0.234,30.1,30.1,30.1,4.027,4.027,4.027,4840,4868,0,0,0,0
2021-04-14T19:00:00Z,30,0,0,0,0.232233,0.23,0.233,30.1,30.1,30.1,4.027,4.027,4.027,4869,4898,0,0,0,0
2021-04-14T20:00:00Z,29,0,0,0,0.23169,0.23,0.234,30.1,30.1,30.1,4.027,4.027,4.027,4899,4927,0,0,0,0
2021-04-14T21:00:00Z,30,0,0,0,0.2317,0.23,0.233,30.1,30.1,30.1,4.026967,4.026,4.027,4928,4957,0,0,0,0
2021-04-14T22:00:00Z,29,0,0,0,0.231552,0.23,0.234,30.1,30.1,30.1,4.026931,4.026,4.027,4958,4986,0,0,0,0
2021-04-14T23:00:00Z,30,0,0,0,0.2319,0.231,0.233,30.1,30.1,30.1,4.027,4.027,4.027,4987,5016,0,0,0,0
2021-04-15T00:00:00Z,29,0,0,0,0.231552,0.231,0.234,30.134483,30.1,30.3,4.027,4.027,4.027,5017,5045,0,0,0,0
2021-04-15T01:00:00Z,29,0,0,0,0.231241,0.229,0.233,30.406897,30.2,30.6,4.026931,4.026,4.027,5046,5075,0,0,0,0
2021-04-15T02:00:00Z,29,0,0,0,0.231345,0.23,0.233,30.565517,30.5,30.6,4.026966,4.026,4.027,5076,5104,0,0,0,0
2021-04-15T03:00:00Z,30,0,0,0,0.231,0.229,0.233,30.433333,30.4,30.5,4.026733,4.026,4.027,5105,5134,0,0,0,0
2021-04-15T04:00:00Z,29,0,0,0,0.231069,0.229,0.233,30.610345,30.5,30.7,4.026793,4.026,4.027,5135,5163,0,0,0,0
2021-04-15T05:00:00Z,30,0,0,0,0.230667,0.229,0.233,30.796667,30.7,30.9,4.026633,4.026,4.027,5164,5193,0,0,0,0
2021-04-15T06:00:00Z,29,0,0,0,0.230724,0.229,0.233,30.996552,30.5,31.1,4.026414,4.026,4.027,5194,5222,0,0,0,0
2021-04-15T07:00:00Z,30,0,0,0,0.233333,0.232,0.236,28.863333,28.2,30.2,4.026267,4.026,4.027,5223,5252,0,0,0,0
2021-04-15T08:00:00Z,29,0,0,0,0.233966,0.233,0.237,27.82069,27.6,28.1,4.026034,4.024,4.027,5253,5281,0,0,0,0
2021-04-15T09:00:00Z,29,0,0,0,0.234103,0.233,0.237,27.468966,27.3,27.9,4.025793,4.024,4.026,5282,5310,0,0,0,0
2021-04-15T10:00:00Z,30,0,0,0,0.233033,0.232,0.236,28.96,28,29.6,4.026,4.024,4.027,5311,5340,0,0,0,0
2021-04-15T11:00:00Z,29,0,0,0,0.232414,0.231,0.233,29.896552,29.6,30.1,4.026345,4.026,4.027,5341,5369,0,0,0,0
2021-04-15T12:00:00Z,30,0,0,0,0.232067,0.231,0.234,30.096667,30,30.1,4.0263,4.026,4.027,5370,5399,0,0,0,0
2021-04-15T13:00:00Z,29,0,0,0,0.231724,0.23,0.234,30.172414,30.1,30.3,4.026241,4.026,4.027,5400,5428,0,0,0,0
2021-04-15T14:00:00Z,28,0,0,0,0.231643,0.229,0.233,30.335714,30.3,30.4,4.026036,4.024,4.027,5429,5457,0,0,0,0
2021-04-15T15:00:00Z,28,0,0,0,0.231536,0.23,0.233,30.389286,30.3,30.5,4.025714,4.024,4.026,5458,5486,0,0,0,0
2021-04-15T16:00:00Z,30,0,0,0,0.231567,0.23,0.233,30.476667,30.4,30.5,4.0257,4.024,4.027,5487,5516,0,0,0,0
2021-04-15T17:00:00Z,29,0,0,0,0.231586,0.23,0.234,30.572414,30.5,30.6,4.025621,4.024,4.027,5517,5545,0,0,0,0
2021-04-15T18:00:00Z,29,0,0,0,0.231517,0.23,0.235,30.493103,30.3,30.6,4.025655,4.024,4.027,5546,5574,0,0,0,0
2021-04-15T19:00:00Z,30,0,0,0,0.2317,0.23,0.233,30.256667,30.2,30.3,4.0257,4.024,4.027,5575,5604,0,0,0,0
2021-04-15T20:00:00Z,29,0,0,0,0.231759,0.231,0.234,30.113793,30.1,30.2,4.025241,4.024,4.026,5605,5633,0,0,0,0
2021-04-15T21:00:00Z,30,0,0,0,0.231867,0.23,0.233,30.1,30.1,30.1,4.025,4.022,4.026,5634,5663,0,0,0,0
2021-04-15T22:00:00Z,29,0,0,0,0.231586,0.23,0.234,30.1,30.1,30.1,4.024759,4.024,4.026,5664,5692,0,0,0,0
2021-04-15T23:00:00Z,30,0,0,0,0.232,0.23,0.233,30.1,30.1,30.1,4.024267,4.022,4.026,5693,5722,0,0,0,0
2021-04-16T00:00:00Z,29,0,0,0,0.232241,0.231,0.234,30.1,30.1,30.1,4.024138,4.022,4.026,5723,5751,0,0,0,0
2021-04-16T01:00:00Z,30,0,0,0,0.2321,0.231,0.234,30.1,30.1,30.1,4.0244,4.022,4.026,5752,5781,0,0,0,0
2021-04-16T02:00:00Z,29,0,0,0,0.231966,0.23,0.233,30.127586,30.1,30.2,4.023655,4.022,4.026,5782,5810,0,0,0,0
2021-04-16T03:00:00Z,29,0,0,0,0.231517,0.23,0.233,30.368966,30.2,30.4,4.023655,4.022,4.026,5811,5839,0,0,0,0
2021-04-16T04:00:00Z,29,0,0,0,0.231586,0.23,0.233,30.555172,30.4,30.7,4.023069,4.021,4.026,5840,5868,0,0,0,0
2021-04-16T05:00:00Z,30,0,0,0,0.231567,0.23,0.234,30.6,30.6,30.6,4.022767,4.021,4.026,5869,5898,0,0,0,0
2021-04-16T06:00:00Z,29,0,0,0,0.231517,0.23,0.233,30.710345,30.6,31,4.022897,4.022,4.026,5899,5927,0,0,0,0
2021-04-16T07:00:00Z,30,0,0,0,0.230967,0.23,0.233,31.16,30.9,31.3,4.0222,4.017,4.024,5928,5957,0,0,0,0
2021-04-16T08:00:00Z,29,0,0,0,0.231414,0.23,0.234,31.127586,30.9,31.3,4.022,4.019,4.024,5958,5986,0,0,0,0
2021-04-16T09:00:00Z,28,0,0,0,0.23125,0.229,0.233,31.05,30.9,31.4,4.0215,4.019,4.024,5987,6015,0,0,0,0
2021-04-16T10:00:00Z,29,0,0,0,0.231414,0.23,0.233,30.851724,30.8,31,4.021103,4.019,4.022,6016,6044,0,0,0,0
2021-04-16T11:00:00Z,30,0,0,0,0.231433,0.23,0.233,30.82,30.7,31,4.02,4.017,4.022,6045,6074,0,0,0,0
2021-04-16T12:00:00Z,29,0,0,0,0.231586,0.23,0.233,30.7,30.6,30.8,4.019966,4.017,4.022,6075,6103,0,0,0,0
2021-04-16T13:00:00Z,16,0,0,0,0.231438,0.23,0.234,31.1,30.8,31.3,4.01925,4.016,4.022,6104,6131,0,0,0,0
2021-04-16T14:00:00Z,15,0,0,0,0.230867,0.23,0.232,31.3,31.2,31.4,4.016933,4.014,4.019,6133,6158,0,0,0,0
2021-04-16T15:00:00Z,20,0,0,0,0.2308,0.23,0.233,31.3,31.3,31.3,4.0162,4.014,4.019,6161,6188,0,0,0,0
2021-04-16T16:00:00Z,29,0,0,0,0.230966,0.228,0.233,31.068966,30.8,31.3,4.016241,4.012,4.019,6189,6217,0,0,0,0
2021-04-16T17:00:00Z,29,0,0,0,0.231621,0.23,0.233,30.665517,30.6,30.8,4.016069,4.014,4.019,6218,6246,0,0,0,0
2021-04-16T18:00:00Z,30,0,0,0,0.231433,0.23,0.233,30.463333,30.4,30.6,4.015233,4.012,4.019,6247,6276,0,0,0,0
2021-04-16T19:00:00Z,29,0,0,0,0.232,0.231,0.233,30.303448,30.2,30.4,4.014862,4.012,4.017,6277,6305,0,0,0,0
2021-04-16T20:00:00Z,30,0,0,0,0.231767,0.23,0.234,30.22,30.2,30.3,4.014967,4.012,4.017,6306,6335,0,0,0,0
2021-04-16T21:00:00Z,29,0,0,0,0.231828,0.23,0.233,30.148276,30.1,30.2,4.014172,4.011,4.019,6336,6364,0,0,0,0
2021-04-16T22:00:00Z,30,0,0,0,0.232,0.23,0.234,30.1,30.1,30.1,4.013067,4.012,4.016,6365,6394,0,0,0,0
2021-04-16T23:00:00Z,29,0,0,0,0.231655,0.23,0.233,30.175862,30.1,30.3,4.012241,4.011,4.014,6395,6423,0,0,0,0
2021-04-17T00:00:00Z,30,0,0,0,0.231567,0.23,0.233,30.443333,30.3,30.6,4.011967,4.011,4.014,6424,6453,0,0,0,0
2021-04-17T01:00:00Z,29,0,0,0,0.231414,0.229,0.234,30.682759,30.6,30.8,4.012034,4.011,4.014,6454,6482,0,0,0,0
2021-04-17T02:00:00Z,29,0,0,0,0.231241,0.229,0.233,31.010345,30.8,31.1,4.012483,4.012,4.014,6483,6511,0,0,0,0
2021-04-17T03:00:00Z,30,0,0,0,0.2315,0.23,0.233,31.143333,31,31.2,4.011967,4.011,4.014,6512,6541,0,0,0,0
2021-04-17T04:00:00Z,28,0,0,0,0.230786,0.229,0.233,31.153571,31.1,31.3,4.011286,4.009,4.012,6542,6570,0,0,0,0
2021-04-17T05:00:00Z,29,0,0,0,0.231034,0.225,0.233,31.137931,31.1,31.3,4.011345,4.009,4.014,6571,6600,0,0,0,0
2021-04-17T06:00:00Z,29,0,0,0,0.231448,0.23,0.233,31.165517,31.1,31.3,4.011,4.009,4.014,6601,6629,0,0,0,0
2021-04-17T07:00:00Z,29,0,0,0,0.231207,0.23,0.233,31.186207,30.3,31.3,4.010138,4.009,4.012,6630,6658,0,0,0,0
2021-04-17T08:00:00Z,30,0.0147,0,0.441,0.233,0.231,0.234,29.013333,28.6,30.1,4.009,4.001,4.011,6659,6688,0,0,0,0
2021-04-17T09:00:00Z,29,0.606724,0.449,1.043,0.228759,0.228,0.232,33.317241,30.1,34.1,4.000931,3.999,4.003,6689,6717,0,0,0,0
2021-04-17T10:00:00Z,30,0.2569,0,0.554,0.2296,0.228,0.232,32.283333,31.4,33,4.0004,3.999,4.001,6718,6747,0,0,0,0
2021-04-17T11:00:00Z,29,0,0,0,0.231103,0.229,0.233,31.189655,30.8,31.4,3.999552,3.999,4.001,6748,6776,0,0,0,0
2021-04-17T12:00:00Z,30,0,0,0,0.231533,0.231,0.233,30.68,30.6,30.9,3.999133,3.998,4.001,6777,6806,0,0,0,0
2021-04-17T13:00:00Z,19,0,0,0,0.231368,0.23,0.233,30.747368,30.6,30.9,3.998842,3.998,3.999,6807,6833,0,0,0,0
2021-04-17T14:00:00Z,16,0,0,0,0.232188,0.231,0.234,30.2,30.1,30.6,3.997875,3.996,3.999,6836,6861,0,0,0,0
2021-04-17T15:00:00Z,23,0,0,0,0.232043,0.231,0.233,30.16087,30.1,30.3,3.995435,3.993,3.998,6863,6891,0,0,0,0
2021-04-17T16:00:00Z,29,0,0,0,0.232276,0.231,0.234,29.813793,29.5,30.1,3.99469,3.993,3.998,6892,6920,0,0,0,0
2021-04-17T17:00:00Z,29,0,0,0,0.232655,0.232,0.234,29.655172,29.5,29.8,3.993966,3.993,3.996,6921,6949,0,0,0,0
2021-04-17T18:00:00Z,30,0,0,0,0.2329,0.232,0.234,29.43,29.3,29.6,3.993467,3.991,3.994,6950,6979,0,0,0,0
2021-04-17T19:00:00Z,29,0,0,0,0.233034,0.233,0.234,29.248276,29.1,29.4,3.992828,3.991,3.996,6980,7008,0,0,0,0
2021-04-17T20:00:00Z,30,0,0,0,0.233033,0.232,0.235,29.266667,29.1,29.5,3.992733,3.991,3.994,7009,7038,0,0,0,0
2021-04-17T21:00:00Z,29,0,0,0,0.232931,0.232,0.233,29.162069,29.1,29.4,3.991241,3.988,3.993,7039,7067,0,0,0,0
2021-04-17T22:00:00Z,30,0,0,0,0.233367,0.233,0.235,28.966667,28.3,29.3,3.990633,3.988,3.993,7068,7097,0,0,0,0
2021-04-17T23:00:00Z,29,0.231414,0,0.602,0.233448,0.233,0.235,28.772414,28.5,29,3.989345,3.986,3.993,7098,7126,0,0,0,0
2021-04-18T00:00:00Z,29,0.953897,0.634,1.507,0.231931,0.23,0.233,30.42069,29,31.7,3.988345,3.986,3.991,7127,7155,0,0,0,0
2021-04-18T01:00:00Z,30,1.1446,0.556,2.333,0.231067,0.23,0.233,30.78,30.4,31.4,3.9873,3.984,3.989,7156,7185,0,0,0,0
2021-04-18T02:00:00Z,29,2.525724,1.308,4.264,0.226552,0.223,0.233,35.386207,31.4,39.7,3.98769,3.986,3.989,7186,7214,0,0,0,0
2021-04-18T03:00:00Z,30,1.9169,1.002,4.579,0.226167,0.224,0.228,36.016667,35.2,37.1,3.992033,3.988,3.994,7215,7244,0,0,0,0
2021-04-18T04:00:00Z,29,1.087759,0.501,2.014,0.228517,0.227,0.233,33.306897,30.2,35,3.989241,3.986,3.994,7245,7273,0,0,0,0
2021-04-18T05:00:00Z,27,1.713259,0.944,2.361,0.231519,0.23,0.236,30.72963,29.5,32.1,3.987111,3.986,3.989,7274,7302,0,0,0,0
2021-04-18T06:00:00Z,28,3.261893,1.73,5.008,0.225536,0.218,0.232,36.6,32.3,44.5,3.98825,3.986,3.991,7303,7331,0,0,0,0
2021-04-18T07:00:00Z,29,3.581966,1.479,4.588,0.218828,0.217,0.222,44.172414,39.9,45.7,3.990931,3.989,3.993,7332,7361,0,0,0,0
2021-04-18T08:00:00Z,29,1.678793,0.969,2.196,0.225966,0.223,0.23,36.682759,34.7,39.4,3.990517,3.988,3.993,7362,7390,0,0,0,0
2021-04-18T09:00:00Z,26,0.808385,0.524,1.177,0.228577,0.227,0.231,33.257692,32.6,34.5,3.986038,3.984,3.989,7391,7419,0,0,0,0
2021-04-18T10:00:00Z,30,0.1361,0,0.505,0.230433,0.228,0.233,31.716667,31.1,32.6,3.984567,3.983,3.986,7420,7449,0,0,0,0
2021-04-18T11:00:00Z,29,0,0,0,0.231793,0.231,0.233,30.282759,30.1,30.9,3.983862,3.981,3.986,7450,7478,0,0,0,0
2021-04-18T12:00:00Z,28,0,0,0,0.232179,0.231,0.233,30.078571,30,30.1,3.983321,3.981,3.984,7479,7507,0,0,0,0
2021-04-18T13:00:00Z,18,0,0,0,0.232167,0.232,0.233,29.983333,29.9,30,3.981111,3.979,3.983,7508,7535,0,0,0,0
2021-04-18T14:00:00Z,14,0,0,0,0.2325,0.231,0.234,29.814286,29.5,30,3.979143,3.978,3.981,7536,7563,0,0,0,0
2021-04-18T15:00:00Z,22,0,0,0,0.232955,0.232,0.234,29.5,29.3,29.6,3.977864,3.976,3.979,7565,7592,0,0,0,0
2021-04-18T16:00:00Z,30,0,0,0,0.233133,0.232,0.235,29.36,29.1,29.6,3.977867,3.976,3.978,7593,7622,0,0,0,0
2021-04-18T17:00:00Z,29,0,0,0,0.233241,0.233,0.236,29.034483,28.7,29.2,3.976828,3.976,3.978,7623,7651,0,0,0,0
2021-04-18T18:00:00Z,30,0,0,0,0.233267,0.233,0.235,28.723333,28.7,28.8,3.9764,3.976,3.978,7652,7681,0,0,0,0
2021-04-18T19:00:00Z,29,0,0,0,0.233379,0.233,0.235,28.731034,28.7,28.8,3.975931,3.974,3.976,7682,7710,0,0,0,0
2021-04-18T20:00:00Z,30,0,0,0,0.233467,0.233,0.236,28.53,28.1,28.7,3.974933,3.974,3.976,7711,7740,0,0,0,0
2021-04-18T21:00:00Z,29,0,0,0,0.233759,0.233,0.237,28.1,28.1,28.1,3.974483,3.974,3.976,7741,7769,0,0,0,0
2021-04-18T22:00:00Z,30,0,0,0,0.233733,0.232,0.235,27.983333,27.9,28.1,3.974067,3.974,3.976,7770,7799,0,0,0,0
2021-04-18T23:00:00Z,29,0.579724,0,1.63,0.233172,0.231,0.236,29.027586,28,31.7,3.974,3.974,3.974,7800,7828,0,0,0,0
2021-04-19T00:00:00Z,29,1.81531,0.887,2.533,0.227345,0.224,0.229,34.731034,32.1,37.2,3.974069,3.974,3.976,7829,7857,0,0,0,0
2021-04-19T01:00:00Z,30,2.862833,1.179,4.103,0.2238,0.222,0.227,38.583333,37.2,41.4,3.974067,3.974,3.976,7858,7887,0,0,0,0
2021-04-19T02:00:00Z,29,3.787828,1.18,5.057,0.219793,0.216,0.224,43.582759,40.6,46.1,3.974483,3.974,3.976,7888,7916,0,0,0,0
2021-04-19T03:00:00Z,30,4.761433,3.857,5.115,0.218067,0.215,0.22,45.59,43.9,47,3.974267,3.974,3.976,7917,7946,0,0,0,0
2021-04-19T04:00:00Z,29,4.909207,1.705,5.139,0.214414,0.213,0.219,49.117241,47.2,50.1,3.974069,3.974,3.976,7947,7975,0,0,0,0
2021-04-19T05:00:00Z,30,4.5684,1.166,5.21,0.214933,0.213,0.218,48.47,45.7,50,3.973833,3.973,3.974,7976,8005,0,0,0,0
2021-04-19T06:00:00Z,29,3.299793,1.128,5.174,0.220276,0.217,0.225,42.951724,39.9,46,3.971207,3.97,3.974,8006,8034,0,0,0,0
2021-04-19T07:00:00Z,30,1.944833,0.81,5.139,0.221767,0.218,0.224,40.41,38,45.1,3.971,3.97,3.973,8035,8064,0,0,0,0
2021-04-19T08:00:00Z,29,1.623241,1.131,2.289,0.22631,0.223,0.228,35.889655,34.4,38,3.962034,3.948,3.971,8065,8093,0,0,0,0
2021-04-19T09:00:00Z,29,0.558586,0,1.704,0.229862,0.228,0.233,32.244828,30.1,34.5,3.942793,3.935,3.951,8094,8122,0,0,0,0
2021-04-19T10:00:00Z,30,0,0,0,0.2326,0.231,0.234,29.543333,29.2,30.1,3.935167,3.933,3.938,8123,8152,0,0,0,0
2021-04-19T11:00:00Z,28,0,0,0,0.232679,0.231,0.234,29.407143,29.3,29.6,3.933393,3.932,3.935,8153,8181,0,0,0,0
2021-04-19T12:00:00Z,30,0,0,0,0.233033,0.232,0.234,29.256667,29.1,29.5,3.932067,3.93,3.933,8182,8211,0,0,0,0
2021-04-19T13:00:00Z,29,0,0,0,0.233172,0.232,0.234,29.406897,29.1,29.6,3.931034,3.93,3.933,8212,8240,0,0,0,0
2021-04-19T14:00:00Z,30,0,0,0,0.2331,0.232,0.235,29,28.8,29.1,3.929333,3.928,3.932,8241,8270,0,0,0,0
2021-04-19T15:00:00Z,29,0,0,0,0.23331,0.233,0.235,28.782759,28.7,29,3.927897,3.925,3.932,8271,8299,0,0,0,0
2021-04-19T16:00:00Z,29,0,0,0,0.233103,0.232,0.235,29.086207,29,29.2,3.927448,3.925,3.93,8300,8328,0,0,0,0
2021-04-19T17:00:00Z,30,0,0,0,0.232933,0.232,0.236,28.75,28.6,29,3.925667,3.923,3.927,8329,8358,0,0,0,0
2021-04-19T18:00:00Z,29,0,0,0,0.233103,0.232,0.234,28.451724,28.1,28.6,3.924276,3.922,3.927,8359,8387,0,0,0,0
2021-04-19T19:00:00Z,30,0,0,0,0.233467,0.233,0.235,28.066667,28,28.2,3.923433,3.922,3.927,8388,8417,0,0,0,0
2021-04-19T20:00:00Z,29,0,0,0,0.233966,0.233,0.237,28.12069,28.1,28.3,3.922828,3.922,3.923,8418,8446,0,0,0,0
2021-04-19T21:00:00Z,30,0,0,0,0.2336,0.233,0.236,28.1,28.1,28.1,3.922167,3.922,3.923,8447,8476,0,0,0,0
2021-04-19T22:00:00Z,29,0,0,0,0.233483,0.233,0.236,28.144828,28.1,28.3,3.921931,3.92,3.922,8477,8505,0,0,0,0
2021-04-19T23:00:00Z,30,0.650967,0,2.055,0.232567,0.229,0.234,29.41,28.3,32.7,3.9212,3.918,3.922,8506,8535,0,0,0,0
2021-04-20T00:00:00Z,29,2.436931,1.582,4.224,0.226448,0.223,0.228,35.889655,32.8,39.1,3.921931,3.92,3.922,8536,8564,0,0,0,0
2021-04-20T01:00:00Z,30,3.333567,1.038,4.283,0.222633,0.22,0.226,40.013333,38.8,42.6,3.922033,3.922,3.923,8565,8594,0,0,0,0
2021-04-20T02:00:00Z,29,3.798586,0.989,5.018,0.220759,0.218,0.226,42.127586,38.8,44.6,3.921345,3.918,3.923,8595,8623,0,0,0,0
2021-04-20T03:00:00Z,29,3.476448,1.126,5.125,0.219483,0.218,0.223,43.165517,41.2,44.7,3.919172,3.918,3.92,8624,8652,0,0,0,0
2021-04-20T04:00:00Z,30,2.686433,1.554,4.964,0.222033,0.219,0.225,40.606667,39.6,42.7,3.916467,3.913,3.918,8653,8682,0,0,0,0
2021-04-20T05:00:00Z,29,2.955724,1.792,3.914,0.221379,0.219,0.225,41.734483,40,42.7,3.914172,3.91,3.917,8683,8711,0,0,0,0
2021-04-20T06:00:00Z,30,3.617333,2.125,4.441,0.2214,0.22,0.223,41.53,40.8,42.2,3.912533,3.91,3.915,8712,8741,0,0,0,0
2021-04-20T07:00:00Z,29,2.533241,1.933,3.017,0.223103,0.221,0.226,39.675862,38.5,40.7,3.910172,3.908,3.913,8742,8770,0,0,0,0
2021-04-20T08:00:00Z,30,1.344,0.662,1.889,0.2251,0.223,0.228,37.58,36,38.5,3.907767,3.907,3.91,8771,8800,0,0,0,0
2021-04-20T09:00:00Z,29,0.527103,0.347,0.913,0.227793,0.226,0.231,34.893103,33.5,35.7,3.904621,3.902,3.907,8801,8829,0,0,0,0
2021-04-20T10:00:00Z,30,0.057,0,0.498,0.229667,0.228,0.233,32.02,29.8,33.4,3.901667,3.9,3.904,8830,8859,0,0,0,0
2021-04-20T11:00:00Z,28,0,0,0,0.233179,0.232,0.235,29.292857,28.9,29.6,3.899964,3.899,3.902,8860,8888,0,0,0,0
2021-04-20T12:00:00Z,29,0,0,0,0.232483,0.231,0.234,29.910345,29.7,30.1,3.899172,3.897,3.9,8889,8917,0,0,0,0
2021-04-20T13:00:00Z,30,0,0,0,0.2316,0.231,0.233,30.423333,30.1,30.6,3.899033,3.897,3.902,8918,8947,0,0,0,0
2021-04-20T14:00:00Z,29,0,0,0,0.232172,0.23,0.234,30.162069,30.1,30.3,3.897069,3.895,3.899,8948,8976,0,0,0,0
2021-04-20T15:00:00Z,30,0,0,0,0.232233,0.231,0.233,30.096667,30,30.1,3.895533,3.895,3.897,8977,9006,0,0,0,0
2021-04-20T16:00:00Z,29,0,0,0,0.232414,0.232,0.234,30.031034,30,30.1,3.894724,3.894,3.895,9007,9035,0,0,0,0
2021-04-20T17:00:00Z,29,0,0,0,0.232621,0.231,0.236,29.927586,29.8,30,3.89431,3.894,3.895,9036,9064,0,0,0,0
2021-04-20T18:00:00Z,30,0,0,0,0.232867,0.232,0.234,29.776667,29.6,30,3.8939,3.89,3.895,9065,9094,0,0,0,0
2021-04-20T19:00:00Z,29,0,0,0,0.232931,0.232,0.234,29.551724,29.5,29.7,3.892621,3.89,3.894,9095,9123,0,0,0,0
2021-04-20T20:00:00Z,30,0,0,0,0.232933,0.232,0.234,29.463333,29.4,29.5,3.890433,3.889,3.894,9124,9153,0,0,0,0
2021-04-20T21:00:00Z,29,0,0,0,0.233138,0.232,0.234,29.437931,29.3,29.5,3.889069,3.887,3.892,9154,9182,0,0,0,0
2021-04-20T22:00:00Z,29,0,0,0,0.233207,0.232,0.235,29.168966,29.1,29.3,3.887138,3.885,3.889,9183,9211,0,0,0,0
2021-04-20T23:00:00Z,29,0.125069,0,0.4,0.232862,0.231,0.234,29.52069,29.1,30,3.886172,3.884,3.889,9212,9241,0,0,0,0
2021-04-21T00:00:00Z,29,0.591103,0.413,0.826,0.231862,0.231,0.233,30.124138,30,30.6,3.885379,3.884,3.889,9242,9270,0,0,0,0
2021-04-21T01:00:00Z,30,1.552533,0.864,2.397,0.229733,0.228,0.233,31.91,30.6,33.5,3.884067,3.882,3.885,9271,9300,0,0,0,0
2021-04-21T02:00:00Z,29,2.589759,2.376,3.609,0.227379,0.226,0.23,34.631034,33.6,35.5,3.884759,3.882,3.887,9301,9329,0,0,0,0
2021-04-21T03:00:00Z,30,3.095267,1.258,4.511,0.224367,0.221,0.227,38.126667,35.7,41.4,3.885133,3.882,3.887,9330,9359,0,0,0,0
2021-04-21T04:00:00Z,29,2.894793,1.599,5.174,0.223621,0.222,0.227,38.365517,37.3,41.1,3.885,3.882,3.887,9360,9388,0,0,0,0
2021-04-21T05:00:00Z,29,3.490103,1.441,5.349,0.220483,0.218,0.224,42.810345,40.6,45.8,3.884138,3.88,3.887,9389,9417,0,0,0,0
2021-04-21T06:00:00Z,30,2.348067,1.387,4.998,0.223067,0.219,0.226,39.736667,37.2,43.8,3.879567,3.877,3.884,9418,9447,0,0,0,0
2021-04-21T07:00:00Z,29,0.989379,0.68,1.536,0.227069,0.225,0.229,35.317241,34.3,36.9,3.87569,3.874,3.879,9448,9476,0,0,0,0
2021-04-21T08:00:00Z,30,0.794333,0.657,0.902,0.228,0.227,0.23,34.13,34,34.4,3.8729,3.871,3.875,9477,9506,0,0,0,0
2021-04-21T09:00:00Z,25,0.51252,0,0.777,0.22816,0.227,0.229,33.788,32.7,34.3,3.87092,3.869,3.872,9507,9535,0,0,0,0
2021-04-21T10:00:00Z,30,0,0,0,0.230367,0.229,0.233,31.76,31.3,32.7,3.869267,3.869,3.871,9536,9565,0,0,0,0
2021-04-21T11:00:00Z,29,0,0,0,0.231034,0.23,0.233,31.051724,30.9,31.3,3.868241,3.867,3.869,9566,9594,0,0,0,0
2021-04-21T12:00:00Z,29,0,0,0,0.231517,0.23,0.233,30.682759,30.6,30.9,3.867207,3.866,3.869,9595,9623,0,0,0,0
2021-04-21T13:00:00Z,30,0,0,0,0.231533,0.231,0.233,30.536667,30.3,30.7,3.866167,3.864,3.867,9624,9653,0,0,0,0
2021-04-21T14:00:00Z,28,0,0,0,0.232143,0.231,0.233,30.121429,30.1,30.3,3.864357,3.862,3.866,9654,9682,0,0,0,0
2021-04-21T15:00:00Z,29,0,0,0,0.232138,0.232,0.234,30.1,30.1,30.1,3.862138,3.861,3.866,9683,9711,0,0,0,0
2021-04-21T16:00:00Z,30,0,0,0,0.232533,0.232,0.235,29.9,29.7,30.1,3.860967,3.859,3.862,9712,9741,0,0,0,0
2021-04-21T17:00:00Z,29,0,0,0,0.232448,0.231,0.235,29.948276,29.7,30,3.859379,3.857,3.862,9742,9770,0,0,0,0
2021-04-21T18:00:00Z,30,0,0,0,0.232667,0.232,0.233,29.57,29.4,29.7,3.857333,3.854,3.861,9771,9800,0,0,0,0
2021-04-21T19:00:00Z,29,0,0,0,0.233,0.232,0.234,29.389655,29.3,29.6,3.855621,3.852,3.859,9801,9829,0,0,0,0
2021-04-21T20:00:00Z,30,0,0,0,0.232733,0.232,0.235,29.51,28.8,29.6,3.853767,3.852,3.857,9830,9859,0,0,0,0
2021-04-21T21:00:00Z,29,0,0,0,0.235552,0.233,0.238,26.724138,26,28.6,3.859345,3.846,3.869,9860,9888,0,0,0,0
2021-04-21T22:00:00Z,30,0,0,0,0.236767,0.236,0.238,25.996667,25.9,26.1,3.869067,3.869,3.871,9889,9918,0,0,0,0
2021-04-21T23:00:00Z,29,0,0,0,0.236793,0.236,0.24,26.058621,26,26.1,3.869345,3.869,3.871,9919,9947,0,0,0,0
2021-04-22T00:00:00Z,29,0.341621,0,0.761,0.235724,0.234,0.238,26.410345,26.1,27.3,3.869069,3.869,3.871,9948,9976,0,0,0,0
2021-04-22T01:00:00Z,30,1.355233,0.788,2.148,0.232967,0.231,0.236,28.64,27.3,30.3,3.869133,3.867,3.871,9977,10006,0,0,0,0
2021-04-22T02:00:00Z,29,3.000724,2.225,4.339,0.229103,0.227,0.232,32.72069,30.4,35.4,3.869966,3.869,3.871,10007,10035,0,0,0,0
2021-04-22T03:00:00Z,30,3.286167,2.018,5.312,0.2274,0.224,0.23,34.683333,32.9,36.6,3.870333,3.869,3.871,10036,10065,0,0,0,0
2021-04-22T04:00:00Z,29,3.155931,1.707,5.235,0.226103,0.223,0.229,36.696552,35.3,38.2,3.870586,3.869,3.871,10066,10094,0,0,0,0
2021-04-22T05:00:00Z,30,2.829033,1.362,4.772,0.2255,0.223,0.229,36.853333,35.4,38.7,3.870467,3.869,3.871,10095,10124,0,0,0,0
2021-04-22T06:00:00Z,29,3.492966,1.69,5.228,0.221793,0.22,0.225,41.127586,39.4,42.4,3.871034,3.871,3.872,10125,10153,0,0,0,0
2021-04-22T07:00:00Z,29,2.208793,0.962,3.909,0.224379,0.222,0.227,38.058621,35.5,40.3,3.87031,3.869,3.871,10154,10182,0,0,0,0
2021-04-22T08:00:00Z,30,1.085267,0.574,1.526,0.2274,0.226,0.231,34.74,32.7,35.4,3.869,3.869,3.869,10183,10212,0,0,0,0
2021-04-22T09:00:00Z,29,1.177759,0.87,1.477,0.228586,0.228,0.231,32.582759,32,32.9,3.868241,3.867,3.869,10213,10241,0,0,0,0
2021-04-22T10:00:00Z,30,0.099433,0,0.736,0.230267,0.228,0.232,31.593333,30.5,32.9,3.8674,3.864,3.869,10242,10271,0,0,0,0
2021-04-22T11:00:00Z,29,0,0,0,0.231966,0.231,0.234,30.148276,30,30.5,3.866483,3.864,3.867,10272,10300,0,0,0,0
2021-04-22T12:00:00Z,30,0,0,0,0.232633,0.231,0.235,29.833333,29.6,30,3.8661,3.864,3.867,10301,10330,0,0,0,0
2021-04-22T13:00:00Z,29,0,0,0,0.232897,0.232,0.234,29.582759,29.5,29.7,3.865448,3.862,3.867,10331,10359,0,0,0,0
2021-04-22T14:00:00Z,29,0,0,0,0.232517,0.232,0.234,29.896552,29.7,30,3.864483,3.862,3.866,10360,10388,0,0,0,0
2021-04-22T15:00:00Z,30,0,0,0,0.2328,0.232,0.234,29.77,29.6,29.9,3.8644,3.862,3.866,10389,10418,0,0,0,0
2021-04-22T16:00:00Z,29,0,0,0,0.233103,0.232,0.235,29.42069,29.3,29.6,3.862793,3.861,3.866,10419,10447,0,0,0,0
2021-04-22T17:00:00Z,30,0,0,0,0.233633,0.233,0.236,28.17,27.7,29.3,3.8621,3.861,3.866,10448,10477,0,0,0,0
2021-04-22T18:00:00Z,29,0,0,0,0.233621,0.233,0.236,28.348276,28,28.6,3.86069,3.857,3.862,10478,10506,0,0,0,0
2021-04-22T19:00:00Z,30,0,0,0,0.2336,0.233,0.235,28.326667,28.1,28.6,3.859433,3.856,3.861,10507,10536,0,0,0,0
2021-04-22T20:00:00Z,29,0,0,0,0.233897,0.233,0.236,27.931034,27.7,28.1,3.857931,3.854,3.861,10537,10565,0,0,0,0
2021-04-22T21:00:00Z,30,0,0,0,0.2345,0.234,0.236,27.466667,27.3,27.7,3.857567,3.854,3.861,10566,10595,0,0,0,0
2021-04-22T22:00:00Z,29,0,0,0,0.234483,0.233,0.237,27.382759,27.3,27.7,3.856655,3.854,3.859,10596,10624,0,0,0,0
2021-04-22T23:00:00Z,29,0.637069,0,1.746,0.233172,0.228,0.236,29.141379,27.7,32.7,3.857379,3.854,3.861,10625,10653,0,0,0,0
2021-04-23T00:00:00Z,30,1.748867,0.656,2.637,0.227667,0.226,0.231,34.246667,32.7,36.7,3.8605,3.859,3.862,10654,10683,0,0,0,0
2021-04-23T01:00:00Z,29,2.401483,1.336,3.455,0.225241,0.223,0.23,36.896552,35.2,38.6,3.862207,3.861,3.866,10684,10712,0,0,0,0
2021-04-23T02:00:00Z,30,3.357967,1.677,5.269,0.225,0.219,0.228,37.413333,35.3,43.9,3.8616,3.859,3.864,10713,10742,0,0,0,0
2021-04-23T03:00:00Z,28,4.875107,1.494,5.203,0.216821,0.215,0.221,46.735714,44.6,47.7,3.865357,3.862,3.867,10743,10771,0,0,0,0
2021-04-23T04:00:00Z,30,4.05,1.276,5.266,0.218667,0.215,0.224,44.84,40.7,48.2,3.861367,3.857,3.866,10772,10801,0,0,0,0
2021-04-23T05:00:00Z,29,4.009379,1.128,5.248,0.215483,0.212,0.223,47.982759,41.1,51.2,3.857724,3.852,3.861,10802,10830,0,0,0,0
2021-04-23T06:00:00Z,29,2.405552,1.262,5.279,0.222828,0.22,0.225,39.324138,37,42.3,3.847276,3.844,3.851,10831,10859,0,0,0,0
2021-04-23T07:00:00Z,30,1.207033,0.367,2.939,0.225433,0.223,0.229,36.506667,33.2,38.6,3.843267,3.842,3.846,10860,10889,0,0,0,0
2021-04-23T08:00:00Z,29,0.325828,0,0.907,0.229586,0.228,0.232,31.941379,31.4,33,3.841241,3.839,3.842,10890,10918,0,0,0,0
2021-04-23T09:00:00Z,30,0,0,0,0.2319,0.229,0.234,30.063333,28.2,31.7,3.8394,3.834,3.841,10919,10948,0,0,0,0
2021-04-23T10:00:00Z,29,0,0,0,0.233966,0.233,0.235,27.675862,27.4,28.1,3.834138,3.831,3.836,10949,10977,0,0,0,0
2021-04-23T11:00:00Z,29,0,0,0,0.233276,0.233,0.235,28.637931,28,28.9,3.832345,3.829,3.834,10978,11006,0,0,0,0
2021-04-23T12:00:00Z,30,0,0,0,0.2336,0.233,0.236,28.12,27.7,28.5,3.831233,3.829,3.834,11007,11036,0,0,0,0
2021-04-23T13:00:00Z,29,0,0,0,0.234448,0.233,0.237,27.458621,27.4,27.6,3.829103,3.826,3.833,11037,11065,0,0,0,0
2021-04-23T14:00:00Z,30,0,0,0,0.234367,0.233,0.236,27.713333,27.4,28,3.8293,3.828,3.831,11066,11095,0,0,0,0
2021-04-23T15:00:00Z,29,0,0,0,0.233793,0.233,0.236,28.02069,27.8,28.1,3.828345,3.826,3.831,11096,11124,0,0,0,0
2021-04-23T16:00:00Z,29,0,0,0,0.233793,0.233,0.236,28,27.8,28.1,3.827828,3.824,3.829,11125,11153,0,0,0,0
2021-04-23T17:00:00Z,30,0,0,0,0.233833,0.233,0.235,28.006667,27.9,28.1,3.826967,3.824,3.829,11154,11183,0,0,0,0
2021-04-23T18:00:00Z,29,0,0,0,0.233931,0.233,0.236,28.089655,28,28.2,3.826483,3.824,3.828,11184,11212,0,0,0,0
2021-04-23T19:00:00Z,30,0,0,0,0.234,0.233,0.236,28.006667,27.7,28.2,3.8248,3.824,3.826,11213,11242,0,0,0,0
2021-04-23T20:00:00Z,29,0,0,0,0.234103,0.233,0.236,27.617241,27.4,27.7,3.823862,3.823,3.826,11243,11271,0,0,0,0
2021-04-23T21:00:00Z,30,0,0,0,0.234267,0.233,0.236,27.496667,27.4,27.8,3.823233,3.821,3.824,11272,11301,0,0,0,0
2021-04-23T22:00:00Z,29,0,0,0,0.234414,0.233,0.238,27.648276,27.5,27.9,3.822379,3.819,3.824,11302,11330,0,0,0,0
2021-04-23T23:00:00Z,30,0.948533,0,2.471,0.2324,0.228,0.237,29.57,27.7,33,3.8221,3.819,3.824,11331,11360,0,0,0,0
2021-04-24T00:00:00Z,29,2.613897,1.607,3.777,0.225828,0.223,0.23,36.748276,33.5,39.7,3.825034,3.823,3.828,11361,11389,0,0,0,0
2021-04-24T01:00:00Z,29,3.859759,1.226,4.669,0.220207,0.218,0.224,42.382759,40,44.2,3.825655,3.824,3.828,11390,11418,0,0,0,0
2021-04-24T02:00:00Z,30,4.1824,1.205,5.326,0.218867,0.216,0.223,44.223333,41.9,47.3,3.824167,3.821,3.828,11419,11448,0,0,0,0
2021-04-24T03:00:00Z,29,4.157966,0.921,5.403,0.217241,0.214,0.221,46.262069,43.8,48.4,3.820069,3.818,3.823,11449,11477,0,0,0,0
2021-04-24T04:00:00Z,29,4.70169,1.272,5.507,0.215655,0.213,0.221,47.489655,43.3,50.2,3.81631,3.813,3.818,11478,11506,0,0,0,0
2021-04-24T05:00:00Z,30,4.690767,1.294,5.454,0.214067,0.212,0.218,49.47,47.3,51.6,3.8021,3.791,3.813,11507,11536,0,0,0,0
2021-04-24T06:00:00Z,29,2.214345,1.213,5.134,0.219966,0.211,0.228,42.765517,37.3,51.6,3.790655,3.79,3.793,11537,11565,0,0,0,0
2021-04-24T07:00:00Z,30,1.623533,1.123,2.294,0.223267,0.222,0.226,39.383333,38,39.8,3.789667,3.788,3.79,11566,11595,0,0,0,0
2021-04-24T08:00:00Z,29,1.138034,0.761,1.758,0.224345,0.222,0.228,37.52069,36,39.3,3.788069,3.786,3.79,11596,11624,0,0,0,0
2021-04-24T09:00:00Z,29,0.551552,0,0.864,0.22769,0.226,0.23,34.396552,33,36.3,3.786448,3.785,3.788,11625,11653,0,0,0,0
2021-04-24T10:00:00Z,30,0,0,0,0.229833,0.228,0.232,32.093333,31.5,32.8,3.783967,3.78,3.786,11654,11683,0,0,0,0
2021-04-24T11:00:00Z,29,0,0,0,0.230414,0.229,0.233,31.324138,30.6,31.5,3.78,3.776,3.783,11684,11712,0,0,0,0
2021-04-24T12:00:00Z,30,0,0,0,0.2322,0.231,0.233,29.86,29.5,30.4,3.760267,3.649,3.778,11713,11742,0,0,0,0
2021-04-24T13:00:00Z,29,0,0,0,0.232655,0.232,0.234,29.6,29.4,29.8,3.766448,3.753,3.776,11743,11771,0,0,0,0
2021-04-24T14:00:00Z,30,0,0,0,0.2326,0.232,0.234,29.646667,29.3,30,3.759933,3.748,3.768,11772,11801,0,0,0,0
2021-04-24T15:00:00Z,29,0,0,0,0.233,0.232,0.234,28.937931,28.7,29.3,3.773172,3.763,3.783,11802,11830,0,0,0,0
2021-04-24T16:00:00Z,28,0,0,0,0.233536,0.233,0.236,28.642857,28.6,28.7,3.777179,3.768,3.783,11831,11859,0,0,0,0
2021-04-24T17:00:00Z,30,0,0,0,0.233333,0.233,0.235,28.6,28.6,28.6,3.777467,3.772,3.781,11860,11889,0,0,0,0
2021-04-24T18:00:00Z,29,0,0,0,0.233276,0.233,0.235,28.575862,28.4,28.6,3.772828,3.77,3.776,11890,11918,0,0,0,0
2021-04-24T19:00:00Z,30,0,0,0,0.233367,0.233,0.234,28.146667,28,28.4,3.778767,3.775,3.785,11919,11948,0,0,0,0
2021-04-24T20:00:00Z,29,0,0,0,0.23369,0.233,0.236,27.827586,27.7,28,3.778793,3.773,3.783,11949,11977,0,0,0,0
2021-04-24T21:00:00Z,29,0,0,0,0.234,0.233,0.236,27.7,27.7,27.7,3.774,3.772,3.776,11978,12006,0,0,0,0
2021-04-24T22:00:00Z,30,0,0,0,0.233867,0.233,0.236,27.733333,27.6,28,3.772767,3.768,3.775,12007,12036,0,0,0,0
2021-04-24T23:00:00Z,29,1.015828,0,2.376,0.231655,0.228,0.235,30.217241,28.1,33.8,3.775241,3.77,3.79,12037,12065,0,0,0,0
2021-04-25T00:00:00Z,30,2.936833,1.838,4.355,0.2249,0.221,0.229,37.496667,34,40.7,3.786467,3.773,3.8,12066,12095,0,0,0,0
2021-04-25T01:00:00Z,29,4.089103,3.096,4.962,0.220069,0.218,0.222,42.610345,40.7,45.1,3.805483,3.786,3.819,12096,12124,0,0,0,0
2021-04-25T02:00:00Z,28,4.754643,3.332,5.023,0.216643,0.214,0.22,47.128571,44.9,48.7,3.780679,3.755,3.801,12125,12153,0,0,0,0
2021-04-25T03:00:00Z,30,4.442033,1.021,5.42,0.2157,0.213,0.218,48.003333,47.2,48.9,3.789867,3.783,3.793,12154,12183,0,0,0,0
2021-04-25T04:00:00Z,29,4.716724,0.813,5.271,0.214655,0.213,0.218,48.789655,47.3,50.3,3.787103,3.763,3.795,12184,12212,0,0,0,0
2021-04-25T05:00:00Z,30,3.601133,0.87,5.43,0.217567,0.214,0.22,45.296667,41.1,49.1,3.826367,3.763,3.859,12213,12242,0,0,0,0
2021-04-25T06:00:00Z,29,2.014931,0.757,5.059,0.220379,0.216,0.223,42.272414,40.4,47.3,3.864448,3.861,3.869,12243,12271,0,0,0,0
2021-04-25T07:00:00Z,30,1.356167,1.074,1.686,0.222933,0.222,0.225,39.533333,38.6,40.3,3.862333,3.861,3.864,12272,12301,0,0,0,0
2021-04-25T08:00:00Z,29,0.958207,0.852,1.064,0.223448,0.223,0.226,38.572414,38,39.4,3.861379,3.861,3.862,12302,12330,0,0,0,0
2021-04-25T09:00:00Z,29,0.618828,0.434,0.861,0.226207,0.224,0.228,35.827586,34.7,37.9,3.863241,3.861,3.866,12331,12359,0,0,0,0
2021-04-25T10:00:00Z,30,0.081367,0,0.418,0.228267,0.227,0.23,33.32,32.3,34.5,3.8646,3.862,3.866,12360,12389,0,0,0,0
2021-04-25T11:00:00Z,29,0,0,0,0.230207,0.229,0.232,31.710345,31.4,32.2,3.864483,3.862,3.866,12390,12418,0,0,0,0
2021-04-25T12:00:00Z,23,0,0,0,0.230739,0.229,0.233,30.926087,30,31.4,3.862261,3.859,3.864,12419,12447,0,0,0,0
2021-04-25T13:00:00Z,27,0,0,0,0.232222,0.232,0.233,29.881481,29.6,30.1,3.860222,3.856,3.862,12448,12476,0,0,0,0
2021-04-25T14:00:00Z,29,0,0,0,0.232379,0.231,0.233,29.858621,29.6,30,3.859897,3.857,3.861,12477,12505,0,0,0,0
2021-04-25T15:00:00Z,29,0,0,0,0.232517,0.231,0.234,29.641379,29.4,29.9,3.858,3.856,3.861,12506,12534,0,0,0,0
2021-04-25T16:00:00Z,30,0,0,0,0.2328,0.232,0.234,29.373333,28.9,29.8,3.8575,3.856,3.861,12535,12564,0,0,0,0
2021-04-25T17:00:00Z,29,0,0,0,0.233241,0.233,0.235,28.827586,28.7,29,3.856,3.854,3.857,12565,12593,0,0,0,0
2021-04-25T18:00:00Z,29,0,0,0,0.233103,0.232,0.234,28.944828,28.8,29,3.855655,3.854,3.857,12594,12622,0,0,0,0
2021-04-25T19:00:00Z,29,0,0,0,0.233103,0.233,0.235,28.824138,28.7,28.9,3.854931,3.851,3.857,12623,12651,0,0,0,0
2021-04-25T20:00:00Z,30,0,0,0,0.2332,0.233,0.235,28.673333,28.6,28.7,3.854533,3.854,3.856,12652,12681,0,0,0,0
2021-04-25T21:00:00Z,29,0,0,0,0.23331,0.233,0.235,28.686207,28.6,28.7,3.853862,3.852,3.856,12682,12710,0,0,0,0
2021-04-25T22:00:00Z,29,0,0,0,0.23369,0.233,0.235,28.6,28.6,28.6,3.853379,3.852,3.854,12711,12739,0,0,0,0
2021-04-25T23:00:00Z,30,0.700933,0,2.076,0.2321,0.228,0.235,29.82,28.6,32.7,3.8527,3.851,3.854,12740,12769,0,0,0,0
2021-04-26T00:00:00Z,29,3.019069,2.219,4.334,0.225586,0.223,0.229,36.410345,32.9,38.5,3.855138,3.852,3.859,12770,12798,0,0,0,0
2021-04-26T01:00:00Z,29,3.609172,1.115,4.798,0.221241,0.219,0.224,41.558621,38.9,43.9,3.860345,3.857,3.864,12799,12827,0,0,0,0
2021-04-26T02:00:00Z,30,4.352,1.048,5.22,0.218167,0.216,0.223,45.003333,43.3,47.3,3.863533,3.861,3.866,12828,12857,0,0,0,0
2021-04-26T03:00:00Z,29,4.283103,0.805,5.392,0.216448,0.213,0.223,46.758621,41.2,50,3.863621,3.861,3.866,12858,12886,0,0,0,0
2021-04-26T04:00:00Z,29,4.524138,0.987,5.261,0.216241,0.213,0.222,47.586207,44,49.9,3.862966,3.862,3.866,12887,12915,0,0,0,0
2021-04-26T05:00:00Z,30,3.901433,1.241,5.339,0.215967,0.212,0.219,47.26,44,50.6,3.862167,3.861,3.864,12916,12945,0,0,0,0
2021-04-26T06:00:00Z,29,1.351379,0.861,3.226,0.221241,0.218,0.223,41.151724,39.5,43.8,3.861,3.859,3.862,12946,12974,0,0,0,0
2021-04-26T07:00:00Z,29,1.180862,1.03,1.526,0.222862,0.222,0.226,39.765517,39.4,40.1,3.859138,3.857,3.861,12975,13003,0,0,0,0
2021-04-26T08:00:00Z,30,1.180967,1.092,1.259,0.2238,0.223,0.226,38.426667,37.8,39.4,3.856967,3.854,3.861,13004,13033,0,0,0,0
2021-04-26T09:00:00Z,29,0.928034,0.608,1.205,0.226345,0.224,0.23,36.17931,34.4,37.7,3.855517,3.854,3.859,13034,13062,0,0,0,0
2021-04-26T10:00:00Z,29,0.244862,0,0.6,0.228655,0.227,0.232,33.410345,32.7,34.4,3.852828,3.852,3.854,13063,13091,0,0,0,0
2021-04-26T11:00:00Z,30,0,0,0,0.2299,0.229,0.232,32.19,31.7,32.7,3.8515,3.849,3.854,13092,13121,0,0,0,0
2021-04-26T12:00:00Z,29,0,0,0,0.230207,0.229,0.232,31.534483,31.4,31.7,3.850828,3.849,3.852,13122,13150,0,0,0,0
2021-04-26T13:00:00Z,29,0,0,0,0.230552,0.23,0.232,31.355172,31.1,31.4,3.849552,3.847,3.851,13151,13179,0,0,0,0
2021-04-26T14:00:00Z,28,0,0,0,0.23075,0.23,0.233,31.096429,30.9,31.2,3.848036,3.846,3.851,13180,13208,0,0,0,0
2021-04-26T15:00:00Z,30,0,0,0,0.231033,0.23,0.233,30.636667,30.4,30.9,3.847333,3.846,3.849,13209,13238,0,0,0,0
2021-04-26T16:00:00Z,29,0,0,0,0.231379,0.23,0.233,30.296552,30.1,30.4,3.846828,3.846,3.849,13239,13267,0,0,0,0
2021-04-26T17:00:00Z,29,0,0,0,0.231759,0.23,0.233,30.096552,30,30.1,3.846241,3.844,3.847,13268,13296,0,0,0,0
2021-04-26T18:00:00Z,30,0,0,0,0.231733,0.231,0.233,30.1,30.1,30.1,3.845233,3.844,3.847,13297,13326,0,0,0,0
2021-04-26T19:00:00Z,29,0,0,0,0.231966,0.231,0.233,30.02069,30,30.1,3.844069,3.842,3.846,13327,13355,0,0,0,0
2021-04-26T20:00:00Z,29,0,0,0,0.232379,0.231,0.233,29.996552,29.9,30.1,3.843414,3.841,3.846,13356,13384,0,0,0,0
2021-04-26T21:00:00Z,30,0,0,0,0.2322,0.231,0.233,29.866667,29.7,30,3.842867,3.842,3.846,13385,13414,0,0,0,0
2021-04-26T22:00:00Z,29,0,0,0,0.232448,0.232,0.234,29.931034,29.7,30,3.841897,3.841,3.844,13415,13443,0,0,0,0
2021-04-26T23:00:00Z,29,0.142,0,0.547,0.233517,0.232,0.236,28.57931,27.4,29.6,3.816862,3.669,3.842,13444,13472,0,0,0,0
2021-04-27T00:00:00Z,30,1.073967,0.421,2.071,0.233467,0.231,0.238,28.463333,27.4,30,3.754467,3.71,3.79,13473,13502,0,0,0,0
2021-04-27T01:00:00Z,29,2.315897,1.177,4.318,0.229828,0.227,0.233,32.151724,29.9,35.4,3.808034,3.79,3.826,13503,13531,0,0,0,0
2021-04-27T02:00:00Z,29,3.64669,2.125,5.048,0.224103,0.222,0.228,38.289655,35.4,40.2,3.831138,3.809,3.839,13532,13560,0,0,0,0
2021-04-27T03:00:00Z,30,3.990967,2.327,5.061,0.2221,0.219,0.226,40.653333,38.1,43.3,3.838667,3.834,3.841,13561,13590,0,0,0,0
2021-04-27T04:00:00Z,29,4.954103,3.068,5.175,0.218207,0.214,0.223,45.572414,41.9,48.4,3.841483,3.839,3.844,13591,13619,0,0,0,0
2021-04-27T05:00:00Z,29,4.188138,2.884,5.18,0.218517,0.215,0.223,44.565517,41,47.7,3.841138,3.839,3.842,13620,13648,0,0,0,0
2021-04-27T06:00:00Z,30,2.8686,2.212,3.619,0.222167,0.22,0.226,40.566667,40,40.9,3.841267,3.841,3.842,13649,13678,0,0,0,0
2021-04-27T07:00:00Z,29,1.958241,1.572,2.233,0.22269,0.222,0.224,39.644828,39,40,3.841207,3.839,3.842,13679,13707,0,0,0,0
2021-04-27T08:00:00Z,29,1.147241,0.898,1.615,0.225345,0.223,0.228,36.910345,36,38.8,3.84031,3.839,3.841,13708,13736,0,0,0,0
2021-04-27T09:00:00Z,30,0.677933,0,0.916,0.2273,0.226,0.23,35.23,34,36.6,3.8389,3.836,3.841,13737,13766,0,0,0,0
2021-04-27T10:00:00Z,29,0,0,0,0.228621,0.228,0.231,33.065517,32.6,34,3.836621,3.834,3.838,13767,13795,0,0,0,0
2021-04-27T11:00:00Z,29,0,0,0,0.229862,0.229,0.232,31.927586,31.4,32.6,3.83569,3.833,3.838,13796,13824,0,0,0,0
2021-04-27T12:00:00Z,30,0,0,0,0.2305,0.23,0.231,31.216667,31,31.4,3.8342,3.831,3.836,13825,13854,0,0,0,0
2021-04-27T13:00:00Z,29,0,0,0,0.231414,0.23,0.233,30.67931,30.5,31.2,3.833793,3.833,3.836,13855,13883,0,0,0,0
2021-04-27T14:00:00Z,30,0,0,0,0.231267,0.229,0.233,30.8,30.3,31.3,3.833033,3.831,3.834,13884,13913,0,0,0,0
2021-04-27T15:00:00Z,29,0,0,0,0.231586,0.23,0.233,30.117241,30.1,30.2,3.832207,3.829,3.834,13914,13942,0,0,0,0
2021-04-27T16:00:00Z,29,0,0,0,0.231655,0.231,0.233,30.1,30.1,30.1,3.831069,3.829,3.833,13943,13971,0,0,0,0
2021-04-27T17:00:00Z,30,0,0,0,0.231733,0.231,0.233,30.1,30.1,30.1,3.8304,3.828,3.833,13972,14001,0,0,0,0
2021-04-27T18:00:00Z,29,0,0,0,0.232,0.231,0.233,30.058621,30,30.1,3.828897,3.828,3.831,14002,14030,0,0,0,0
2021-04-27T19:00:00Z,29,0,0,0,0.231897,0.231,0.233,30.041379,29.8,30.1,3.828379,3.828,3.831,14031,14059,0,0,0,0
2021-04-27T20:00:00Z,30,0,0,0,0.232967,0.232,0.235,29.5,29.4,29.7,3.8278,3.826,3.829,14060,14089,0,0,0,0
2021-04-27T21:00:00Z,29,0,0,0,0.232759,0.232,0.234,29.3,29.2,29.4,3.826034,3.823,3.828,14090,14118,0,0,0,0
2021-04-27T22:00:00Z,29,0,0,0,0.232966,0.232,0.234,29.155172,29.1,29.3,3.825138,3.823,3.828,14119,14147,0,0,0,0
2021-04-27T23:00:00Z,30,0.766733,0,1.428,0.231467,0.23,0.233,30.4,29.3,31.6,3.824533,3.823,3.826,14148,14177,0,0,0,0
2021-04-28T00:00:00Z,29,2.583103,1.448,3.821,0.227724,0.225,0.23,34.189655,31.8,36.7,3.825931,3.824,3.828,14178,14206,0,0,0,0
2021-04-28T01:00:00Z,29,3.803034,2.712,4.879,0.223621,0.222,0.226,38.106897,36.7,39.6,3.826655,3.824,3.829,14207,14235,0,0,0,0
2021-04-28T02:00:00Z,30,4.105733,2.447,4.993,0.221367,0.219,0.223,41.533333,39.4,43.3,3.828067,3.826,3.829,14236,14265,0,0,0,0
2021-04-28T03:00:00Z,29,3.302207,1.441,5.22,0.221724,0.218,0.224,40.744828,38.8,43.3,3.829069,3.828,3.831,14266,14294,0,0,0,0
2021-04-28T04:00:00Z,29,4.350241,2.071,5.244,0.220655,0.218,0.224,42.148276,38.4,44.7,3.82831,3.826,3.831,14295,14323,0,0,0,0
2021-04-28T05:00:00Z,30,3.354433,1.731,5.192,0.219867,0.217,0.223,42.86,39.3,45.9,3.8279,3.826,3.829,14324,14353,0,0,0,0
2021-04-28T06:00:00Z,20,2.2023,1.403,2.925,0.223,0.222,0.225,39.415,38.1,40.3,3.82685,3.823,3.828,14354,14381,0,0,0,0
2021-04-28T07:00:00Z,30,1.8293,1.548,2.174,0.2233,0.223,0.226,38.466667,37.4,39.2,3.824667,3.823,3.826,14382,14411,0,0,0,0
2021-04-28T08:00:00Z,29,1.185483,0.818,1.538,0.225931,0.224,0.229,36.362069,34.9,37.4,3.824621,3.823,3.826,14412,14440,0,0,0,0
2021-04-28T09:00:00Z,29,0.495414,0,0.802,0.228069,0.227,0.229,33.593103,32.6,34.8,3.822241,3.821,3.824,14441,14469,0,0,0,0
2021-04-28T10:00:00Z,30,0,0,0,0.2298,0.229,0.232,31.963333,31.5,32.7,3.820733,3.819,3.823,14470,14499,0,0,0,0
2021-04-28T11:00:00Z,29,0,0,0,0.230448,0.229,0.233,31.337931,31.1,31.5,3.81969,3.819,3.821,14500,14528,0,0,0,0
2021-04-28T12:00:00Z,29,0,0,0,0.230931,0.23,0.233,30.689655,30.4,31.1,3.818724,3.818,3.819,14529,14557,0,0,0,0
2021-04-28T13:00:00Z,30,0,0,0,0.2315,0.231,0.233,30.23,30.1,30.4,3.8183,3.818,3.819,14558,14587,0,0,0,0
2021-04-28T14:00:00Z,29,0,0,0,0.231793,0.231,0.233,30.096552,30,30.1,3.817897,3.816,3.819,14588,14616,0,0,0,0
2021-04-28T15:00:00Z,29,0,0,0,0.231966,0.231,0.233,29.996552,29.9,30.1,3.817759,3.816,3.819,14617,14645,0,0,0,0
2021-04-28T16:00:00Z,27,0,0,0,0.232148,0.231,0.233,29.911111,29.7,30.1,3.817037,3.816,3.818,14646,14674,0,0,0,0
2021-04-28T17:00:00Z,24,0,0,0,0.232042,0.231,0.233,29.641667,29.3,30.1,3.815917,3.814,3.816,14675,14702,0,0,0,0
2021-04-28T18:00:00Z,29,0,0,0,0.232966,0.232,0.234,29.186207,29.1,29.4,3.815586,3.814,3.816,14703,14731,0,0,0,0
2021-04-28T19:00:00Z,30,0,0,0,0.232867,0.231,0.234,29.113333,29,29.2,3.815333,3.814,3.816,14732,14761,0,0,0,0
2021-04-28T20:00:00Z,29,0,0,0,0.23269,0.232,0.234,29.389655,29.1,29.6,3.815103,3.814,3.816,14762,14790,0,0,0,0
2021-04-28T21:00:00Z,29,0,0,0,0.232517,0.231,0.233,29.606897,29.5,29.7,3.814793,3.813,3.816,14791,14819,0,0,0,0
2021-04-28T22:00:00Z,30,0,0,0,0.232233,0.231,0.234,29.816667,29.6,30,3.814033,3.813,3.816,14820,14849,0,0,0,0
2021-04-28T23:00:00Z,29,0.418207,0,1.102,0.231621,0.23,0.233,30.272414,30.1,31.1,3.813828,3.813,3.814,14850,14878,0,0,0,0
2021-04-29T00:00:00Z,30,2.659533,1.395,4.142,0.227733,0.225,0.232,34.433333,31.3,36.7,3.814167,3.813,3.816,14879,14908,0,0,0,0
2021-04-29T01:00:00Z,29,3.351034,1.982,4.864,0.223172,0.22,0.227,39.468966,36.6,42,3.815724,3.814,3.816,14909,14937,0,0,0,0
2021-04-29T02:00:00Z,29,4.234,2.694,5.205,0.219552,0.218,0.223,43.251724,42,44.8,3.816,3.814,3.818,14938,14966,0,0,0,0
2021-04-29T03:00:00Z,30,4.9721,4.802,5.084,0.216267,0.213,0.22,47.27,44.9,49,3.773367,3.658,3.816,14967,14996,0,0,0,0
2021-04-29T04:00:00Z,29,4.959172,3.941,5.171,0.214207,0.213,0.216,49.089655,48.2,51.1,3.710103,3.654,3.734,14997,15025,0,0,0,0
2021-04-29T05:00:00Z,29,3.465724,2.01,5.089,0.216828,0.21,0.224,46.658621,40.3,51.7,3.701897,3.628,3.735,15026,15054,0,0,0,0
2021-04-29T06:00:00Z,30,2.111533,1.336,3.066,0.223233,0.222,0.226,39.306667,38,40.6,3.742667,3.709,3.793,15055,15084,0,0,0,0
2021-04-29T07:00:00Z,20,1.4482,1.195,1.799,0.22465,0.223,0.227,37.125,36.7,38.1,3.73705,3.709,3.773,15085,15104,0,0,0,0
2021-04-30T08:00:00Z,10,1.0094,0.933,1.074,0.2256,0.225,0.228,36.36,35.7,36.7,3.5702,3.569,3.572,15767,15776,0,0,0,0
2021-04-30T09:00:00Z,30,0.768333,0.595,0.903,0.227433,0.226,0.231,34.886667,34.1,35.5,3.5679,3.56,3.572,15777,15806,0,0,0,0
2021-04-30T10:00:00Z,29,0.191379,0,0.59,0.228448,0.228,0.23,33.127586,32.4,34,3.475345,3.428,3.56,15807,15835,0,0,0,0
2021-04-30T11:00:00Z,29,0,0,0,0.229828,0.229,0.231,31.682759,31.3,32.3,3.469793,3.445,3.489,15836,15864,0,0,0,0
2021-04-30T12:00:00Z,30,0,0,0,0.230967,0.23,0.233,31.15,30.7,31.4,3.464967,3.446,3.484,15865,15894,0,0,0,0
2021-04-30T13:00:00Z,29,0,0,0,0.231172,0.23,0.233,30.475862,30.3,30.7,3.477621,3.455,3.489,15895,15923,0,0,0,0
2021-04-30T14:00:00Z,29,0,0,0,0.231759,0.231,0.233,30.110345,30.1,30.2,3.48,3.47,3.486,15924,15952,0,0,0,0
2021-04-30T15:00:00Z,30,0,0,0,0.2319,0.231,0.233,30.09,30,30.1,3.472467,3.451,3.498,15953,15982,0,0,0,0
2021-04-30T16:00:00Z,29,0,0,0,0.232207,0.231,0.234,30.037931,30,30.1,3.508483,3.496,3.524,15983,16011,0,0,0,0
2021-04-30T17:00:00Z,30,0,0,0,0.2326,0.231,0.234,29.866667,29.6,30,3.525567,3.521,3.529,16012,16041,0,0,0,0
2021-04-30T18:00:00Z,29,0,0,0,0.232207,0.231,0.234,29.634483,29.6,29.7,3.527172,3.522,3.531,16042,16070,0,0,0,0
2021-04-30T19:00:00Z,29,0,0,0,0.232862,0.232,0.233,29.396552,29.3,29.6,3.529241,3.524,3.534,16071,16099,0,0,0,0
2021-04-30T20:00:00Z,30,0,0,0,0.2331,0.232,0.235,29.166667,29.1,29.3,3.542767,3.534,3.547,16100,16129,0,0,0,0
2021-04-30T21:00:00Z,28,0,0,0,0.233179,0.232,0.235,29.107143,29,29.2,3.548929,3.547,3.55,16130,16157,0,0,0,0
2021-04-30T22:00:00Z,26,0,0,0,0.232615,0.231,0.234,28.938462,28.9,29.1,3.55,3.549,3.552,16162,16187,0,0,0,0
2021-04-30T23:00:00Z,26,1.077346,0,2.135,0.230462,0.228,0.233,31.211538,29.3,34,3.550808,3.549,3.552,16192,16217,0,0,0,0
2021-05-01T00:00:00Z,29,3.124517,1.143,4.721,0.226448,0.224,0.23,35.913793,34,37,3.548759,3.539,3.552,16218,16246,0,0,0,0
2021-05-01T01:00:00Z,30,4.632167,2.953,5.072,0.223067,0.22,0.226,39.553333,37.4,42,3.507933,3.438,3.542,16247,16276,0,0,0,0
2021-05-01T02:00:00Z,29,4.363862,0.925,5.297,0.218931,0.218,0.221,44.013793,42.3,44.9,3.51869,3.491,3.529,16277,16305,0,0,0,0
2021-05-01T03:00:00Z,29,3.757,0.974,5.462,0.21931,0.218,0.223,43.893103,42.3,44.9,3.518759,3.516,3.521,16306,16334,0,0,0,0
2021-05-01T04:00:00Z,30,2.7963,0.997,5.279,0.2206,0.218,0.224,42.373333,39.6,44.6,3.517967,3.511,3.526,16335,16364,0,0,0,0
2021-05-01T05:00:00Z,29,2.633379,1.431,5.215,0.221724,0.217,0.226,41.251724,38.4,46,3.535793,3.522,3.541,16365,16393,0,0,0,0
2021-05-01T06:00:00Z,30,1.7285,1.049,2.912,0.2232,0.222,0.226,39.063333,38.4,39.4,3.535467,3.534,3.537,16394,16423,0,0,0,0
2021-05-01T07:00:00Z,29,1.243931,0.892,1.456,0.223655,0.223,0.227,38.110345,37.9,38.6,3.533103,3.531,3.536,16424,16452,0,0,0,0
2021-05-01T08:00:00Z,29,0.993276,0.734,1.559,0.224862,0.223,0.227,36.913793,35.4,37.9,3.53331,3.529,3.539,16453,16481,0,0,0,0
2021-05-01T09:00:00Z,30,0.5346,0.337,0.731,0.227667,0.226,0.231,34.766667,33.9,35.4,3.5348,3.532,3.539,16482,16511,0,0,0,0
2021-05-01T10:00:00Z,29,0,0,0,0.228966,0.228,0.232,32.689655,32,33.7,3.537586,3.527,3.542,16512,16540,0,0,0,0
2021-05-01T11:00:00Z,29,0,0,0,0.229966,0.229,0.233,31.541379,31.4,32,3.508207,3.479,3.527,16541,16569,0,0,0,0
2021-05-01T12:00:00Z,30,0,0,0,0.230933,0.23,0.233,31.206667,30.9,31.4,3.4644,3.448,3.478,16570,16599,0,0,0,0
2021-05-01T13:00:00Z,29,0,0,0,0.230793,0.23,0.233,30.668966,30.3,30.9,3.456448,3.45,3.461,16600,16628,0,0,0,0
2021-05-01T14:00:00Z,29,0,0,0,0.231552,0.23,0.233,30.189655,30.1,30.4,3.458793,3.446,3.473,16629,16657,0,0,0,0
2021-05-01T15:00:00Z,30,0,0,0,0.231667,0.231,0.233,30.1,30.1,30.1,3.483567,3.47,3.489,16658,16687,0,0,0,0
2021-05-01T16:00:00Z,29,0,0,0,0.232,0.231,0.234,30.055172,30,30.1,3.491897,3.484,3.499,16688,16716,0,0,0,0
2021-05-01T17:00:00Z,29,0,0,0,0.231793,0.231,0.233,29.941379,29.8,30,3.501,3.499,3.503,16717,16745,0,0,0,0
2021-05-01T18:00:00Z,30,0,0,0,0.232333,0.231,0.235,29.686667,29.6,29.9,3.503867,3.501,3.506,16746,16775,0,0,0,0
2021-05-01T19:00:00Z,29,0,0,0,0.232276,0.231,0.233,29.696552,29.6,29.8,3.503931,3.503,3.506,16776,16804,0,0,0,0
2021-05-01T20:00:00Z,29,0,0,0,0.232655,0.232,0.234,29.6,29.5,29.7,3.503862,3.503,3.506,16805,16833,0,0,0,0
2021-05-01T21:00:00Z,30,0,0,0,0.2328,0.232,0.235,29.533333,29.5,29.6,3.504167,3.503,3.506,16834,16863,0,0,0,0
2021-05-01T22:00:00Z,29,0,0,0,0.232793,0.232,0.234,29.437931,29.3,29.6,3.502828,3.501,3.504,16864,16892,0,0,0,0
2021-05-01T23:00:00Z,29,1.058759,0,2.309,0.230759,0.227,0.235,31.268966,29.4,34.6,3.503103,3.501,3.504,16893,16921,0,0,0,0
2021-05-02T00:00:00Z,30,3.2841,1.836,4.232,0.225433,0.223,0.231,36.5,34.6,38.4,3.503933,3.503,3.506,16922,16951,0,0,0,0
2021-05-02T01:00:00Z,29,4.355931,2.945,5.089,0.221414,0.218,0.223,40.748276,38.8,42.9,3.505552,3.499,3.511,16952,16980,0,0,0,0
2021-05-02T02:00:00Z,30,4.421933,1.036,5.085,0.218167,0.214,0.221,45.166667,42.9,48.6,3.478767,3.437,3.509,16981,17010,0,0,0,0
2021-05-02T03:00:00Z,29,5.04769,4.708,5.141,0.214,0.212,0.217,49.458621,48.7,50.6,3.496793,3.491,3.499,17011,17039,0,0,0,0
2021-05-02T04:00:00Z,29,4.416276,1.459,5.377,0.215655,0.213,0.219,47.593103,43.8,50.1,3.488931,3.484,3.501,17040,17068,0,0,0,0
2021-05-02T05:00:00Z,30,2.264267,1.34,5.489,0.2214,0.218,0.224,40.926667,39.7,43.9,3.5032,3.499,3.506,17069,17098,0,0,0,0
2021-05-02T06:00:00Z,28,1.644179,1.144,2.404,0.222429,0.221,0.225,40.271429,39.8,40.7,3.502357,3.501,3.504,17099,17127,0,0,0,0
2021-05-02T07:00:00Z,29,1.448138,1.207,2.043,0.223345,0.222,0.228,38.996552,38.4,39.5,3.501414,3.501,3.503,17128,17156,0,0,0,0
2021-05-02T08:00:00Z,29,1.01069,0.848,1.197,0.224793,0.223,0.228,37.248276,36.7,38.4,3.501966,3.501,3.503,17157,17185,0,0,0,0
2021-05-02T09:00:00Z,30,0.6861,0.513,0.838,0.227067,0.225,0.229,35.166667,34.2,36.7,3.4622,3.43,3.501,17186,17215,0,0,0,0
2021-05-02T10:00:00Z,29,0.142966,0,0.524,0.228483,0.228,0.231,33.103448,32.5,34.1,3.440828,3.428,3.461,17216,17244,0,0,0,0
2021-05-02T11:00:00Z,29,0,0,0,0.229931,0.229,0.232,31.910345,31.6,32.5,3.482379,3.448,3.499,17245,17273,0,0,0,0
2021-05-02T12:00:00Z,30,0,0,0,0.230133,0.229,0.232,31.43,31.3,31.5,3.5006,3.499,3.503,17274,17303,0,0,0,0
2021-05-02T13:00:00Z,29,0,0,0,0.230483,0.229,0.232,31.141379,30.9,31.4,3.505207,3.503,3.508,17304,17332,0,0,0,0
2021-05-02T14:00:00Z,29,0,0,0,0.230931,0.23,0.233,30.703448,30.6,30.9,3.507448,3.506,3.509,17333,17361,0,0,0,0
2021-05-02T15:00:00Z,30,0,0,0,0.230967,0.23,0.232,30.46,30.4,30.6,3.507967,3.504,3.509,17362,17391,0,0,0,0
2021-05-02T16:00:00Z,29,0,0,0,0.231379,0.23,0.233,30.2,30.1,30.3,3.507862,3.506,3.509,17392,17420,0,0,0,0
2021-05-02T17:00:00Z,30,0,0,0,0.2317,0.231,0.234,30.1,30.1,30.1,3.5081,3.506,3.511,17421,17450,0,0,0,0
2021-05-02T18:00:00Z,29,0,0,0,0.231448,0.23,0.233,30.093103,30,30.1,3.50831,3.506,3.509,17451,17479,0,0,0,0
2021-05-02T19:00:00Z,29,0,0,0,0.231862,0.231,0.234,30.1,30.1,30.1,3.507483,3.506,3.509,17480,17508,0,0,0,0
2021-05-02T20:00:00Z,30,0,0,0,0.2317,0.23,0.233,30.1,30.1,30.1,3.507067,3.506,3.508,17509,17538,0,0,0,0
2021-05-02T21:00:00Z,29,0,0,0,0.231897,0.231,0.233,29.975862,29.8,30.1,3.506207,3.504,3.508,17539,17567,0,0,0,0
2021-05-02T22:00:00Z,30,0,0,0,0.232,0.231,0.233,29.773333,29.6,29.9,3.504567,3.503,3.506,17568,17597,0,0,0,0
2021-05-02T23:00:00Z,29,0.582793,0,1.449,0.231034,0.229,0.233,30.617241,29.9,31.6,3.503966,3.503,3.506,17598,17626,0,0,0,0
2021-05-03T00:00:00Z,29,1.606103,0.674,3.247,0.229276,0.228,0.233,32.427586,31.4,34.3,3.503448,3.501,3.504,17627,17655,0,0,0,0
2021-05-03T01:00:00Z,30,4.0473,0.91,4.884,0.224,0.22,0.227,38.213333,34.5,42.3,3.5029,3.499,3.506,17656,17685,0,0,0,0
2021-05-03T02:00:00Z,29,4.825069,3.745,5.116,0.21931,0.218,0.223,43.527586,42,44.7,3.46031,3.418,3.501,17686,17714,0,0,0,0
2021-05-03T03:00:00Z,29,4.791931,1.873,5.32,0.217,0.213,0.222,46.337931,44.1,49.1,3.43469,3.402,3.494,17715,17743,0,0,0,0
2021-05-03T04:00:00Z,30,3.947433,1.599,5.297,0.218767,0.215,0.223,44.253333,41.9,47.3,3.450167,3.417,3.475,17744,17773,0,0,0,0
2021-05-03T05:00:00Z,29,2.484207,1.485,4.751,0.220828,0.218,0.226,41.862069,40.2,43.6,3.473897,3.471,3.476,17774,17802,0,0,0,0
2021-05-03T06:00:00Z,30,1.731133,1.515,2.315,0.222733,0.221,0.226,40.143333,39.9,40.6,3.472933,3.471,3.475,17803,17832,0,0,0,0
2021-05-03T07:00:00Z,29,1.580276,1.18,2.212,0.223207,0.221,0.227,39.717241,38.6,40.4,3.471966,3.468,3.475,17833,17861,0,0,0,0
2021-05-03T08:00:00Z,29,0.963552,0.787,1.171,0.224138,0.223,0.227,37.634483,36.9,38.4,3.474448,3.47,3.479,17862,17890,0,0,0,0
2021-05-03T09:00:00Z,30,0.615433,0.457,0.769,0.226133,0.225,0.228,36.106667,35.3,36.8,3.481767,3.476,3.484,17891,17920,0,0,0,0
2021-05-03T10:00:00Z,29,0.107,0,0.446,0.227621,0.226,0.23,34.265517,33.2,35.4,3.482379,3.481,3.484,17921,17949,0,0,0,0
2021-05-03T11:00:00Z,29,0,0,0,0.22869,0.228,0.232,32.603448,32.1,33.1,3.479069,3.476,3.483,17950,17978,0,0,0,0
2021-05-03T12:00:00Z,29,0,0,0,0.229759,0.229,0.232,31.627586,31.4,32.1,3.475172,3.473,3.479,17979,18008,0,0,0,0
2021-05-03T13:00:00Z,29,0,0,0,0.230828,0.23,0.233,31.17931,30.7,31.4,3.467241,3.463,3.473,18009,18037,0,0,0,0
2021-05-03T14:00:00Z,29,0,0,0,0.231172,0.23,0.234,30.375862,30.1,30.7,3.456345,3.448,3.465,18038,18066,0,0,0,0
2021-05-03T15:00:00Z,30,0,0,0,0.231833,0.231,0.233,30.093333,30,30.1,3.4472,3.446,3.448,18067,18096,0,0,0,0
2021-05-03T16:00:00Z,28,0,0,0,0.231929,0.23,0.233,29.982143,29.9,30.1,3.446071,3.445,3.448,18097,18125,0,0,0,0
2021-05-03T17:00:00Z,30,0,0,0,0.232433,0.231,0.233,29.576667,29.3,30,3.4409,3.43,3.446,18126,18155,0,0,0,0
2021-05-03T18:00:00Z,29,0,0,0,0.232552,0.232,0.234,29.282759,29.2,29.4,3.429621,3.425,3.433,18156,18184,0,0,0,0
2021-05-03T19:00:00Z,29,0,0,0,0.232586,0.232,0.234,29.327586,29.2,29.4,3.427828,3.423,3.432,18185,18213,0,0,0,0
2021-05-03T20:00:00Z,30,0,0,0,0.2327,0.232,0.234,29.08,28.9,29.3,3.423467,3.42,3.427,18214,18243,0,0,0,0
2021-05-03T21:00:00Z,29,0,0,0,0.232897,0.232,0.233,28.872414,28.7,28.9,3.419862,3.412,3.427,18244,18272,0,0,0,0
2021-05-03T22:00:00Z,30,0,0,0,0.2332,0.232,0.235,28.68,28.6,28.8,3.415967,3.407,3.422,18273,18302,0,0,0,0
2021-05-03T23:00:00Z,29,0.950448,0,2.186,0.230931,0.227,0.234,30.962069,28.7,34.9,3.413828,3.41,3.418,18303,18331,0,0,0,0
2021-05-04T00:00:00Z,29,3.335897,1.69,4.487,0.223276,0.22,0.228,38.958621,35.1,42,3.454931,3.413,3.47,18332,18360,0,0,0,0
2021-05-04T01:00:00Z,30,4.4337,2.489,4.839,0.2191,0.217,0.222,43.76,42,45.7,3.469467,3.466,3.471,18361,18390,0,0,0,0
2021-05-04T02:00:00Z,29,3.205448,1.112,5.271,0.219655,0.216,0.224,43.244828,40.1,46.5,3.460724,3.456,3.468,18391,18419,0,0,0,0
2021-05-04T03:00:00Z,30,4.7367,1.782,5.384,0.217233,0.214,0.222,45.863333,40.2,48.7,3.434867,3.405,3.46,18420,18449,0,0,0,0
2021-05-04T04:00:00Z,29,3.926828,2.399,5.071,0.218483,0.215,0.223,44.437931,41.6,47.4,3.401897,3.394,3.413,18450,18478,0,0,0,0
2021-05-04T05:00:00Z,29,2.318448,1.961,3.134,0.221172,0.22,0.224,41.534483,41.3,41.9,3.399414,3.397,3.402,18479,18507,0,0,0,0
2021-05-04T06:00:00Z,30,2.186833,1.215,3.129,0.221167,0.219,0.224,41.446667,40.7,42.2,3.397767,3.392,3.402,18508,18537,0,0,0,0
2021-05-04T07:00:00Z,29,1.936345,1.258,2.576,0.223345,0.222,0.227,38.968966,36.8,40.8,3.372897,3.311,3.397,18538,18566,0,0,0,0
2021-05-04T08:00:00Z,30,1.145767,0.788,1.471,0.2242,0.223,0.227,37.88,37.4,38,3.348967,3.341,3.352,18567,18596,0,0,0,0
2021-05-04T09:00:00Z,29,0.701586,0.446,0.903,0.225897,0.224,0.228,36.155172,35.4,37.3,3.342414,3.334,3.356,18597,18625,0,0,0,0
2021-05-04T10:00:00Z,29,0.039724,0,0.419,0.227759,0.226,0.229,34.368966,33.6,35.3,3.340517,3.331,3.351,18626,18654,0,0,0,0
2021-05-04T11:00:00Z,30,0,0,0,0.2285,0.228,0.23,32.896667,32.6,33.5,3.340267,3.321,3.351,18655,18684,0,0,0,0
2021-05-04T12:00:00Z,29,0,0,0,0.229138,0.228,0.231,32.289655,32,32.6,3.34531,3.338,3.352,18685,18713,0,0,0,0
2021-05-04T13:00:00Z,29,0,0,0,0.229379,0.228,0.232,31.617241,31.4,32,3.343793,3.334,3.352,18714,18742,0,0,0,0
2021-05-04T14:00:00Z,30,0,0,0,0.230433,0.229,0.232,31.38,31.3,31.4,3.341033,3.338,3.347,18743,18772,0,0,0,0
2021-05-04T15:00:00Z,29,0,0,0,0.230621,0.23,0.233,31.227586,30.9,31.4,3.332276,3.321,3.341,18773,18801,0,0,0,0
2021-05-04T16:00:00Z,30,0,0,0,0.231167,0.23,0.233,30.53,30.2,30.9,3.333967,3.323,3.341,18802,18831,0,0,0,0
2021-05-04T17:00:00Z,22,0,0,0,0.231682,0.231,0.233,30.140909,30.1,30.3,3.322636,3.314,3.328,18832,18853,0,0,0,0
2021-07-13T09:00:00Z,23,0,0,0,0.22513,0.218,0.236,34.621739,32.7,35.2,3.375304,2.027,3.673,1,27,0,0,0,2
2021-07-13T10:00:00Z,28,0,0,0,0.226607,0.217,0.237,34.935714,34.6,35.2,3.822786,3.686,3.895,28,55,0,0,0,0
2021-07-13T11:00:00Z,28,0,0,0,0.226643,0.217,0.236,33.375,32.6,34.8,3.923,3.899,3.941,56,84,0,0,0,0
2021-07-13T12:00:00Z,28,0,0,0,0.230464,0.224,0.24,31.925,31.5,32.7,3.962857,3.935,3.974,85,112,0,0,0,0
2021-07-13T13:00:00Z,29,0,0,0,0.231759,0.224,0.238,31.248276,30.9,31.4,3.981138,3.974,3.988,113,141,0,0,0,0
2021-07-13T14:00:00Z,23,0,0,0,0.230087,0.222,0.24,30.530435,30.1,31,3.969957,3.953,3.988,142,169,0,0,0,0
2021-07-13T15:00:00Z,28,0,0,0,0.230929,0.223,0.24,30.342857,30.2,30.7,3.954071,3.948,3.96,170,197,0,0,0,0
2021-07-13T16:00:00Z,27,0,0,0,0.230111,0.222,0.24,31.222222,30.7,31.4,3.955926,3.946,3.97,198,225,0,0,0,0
2021-07-13T17:00:00Z,29,0,0,0,0.230103,0.222,0.241,31.510345,31.4,31.6,3.966759,3.963,3.97,226,254,0,0,0,0
2021-07-13T18:00:00Z,29,0,0,0,0.230586,0.229,0.239,31.47931,31.4,31.8,4.122862,3.97,4.131,255,283,0,0,0,0
2021-07-13T19:00:00Z,28,0,0,0,0.231929,0.231,0.233,30.25,29.6,31.4,4.121036,4.118,4.126,284,311,0,0,0,0
2021-07-13T20:00:00Z,29,0,0,0,0.231517,0.23,0.233,30.268966,29.7,30.7,4.117379,4.116,4.12,312,340,0,0,0,0
2021-07-13T21:00:00Z,27,0,0,0,0.23137,0.23,0.233,31.033333,30.7,31.3,4.113259,4.11,4.116,341,368,0,0,0,0
2021-07-13T22:00:00Z,29,0,0,0,0.232655,0.23,0.235,29.348276,27.3,31.4,4.106966,4.103,4.113,369,397,0,0,0,0
2021-07-13T23:00:00Z,29,0.106517,0,0.447,0.234966,0.234,0.237,27.062069,26.8,27.3,4.103448,4.1,4.105,398,426,0,0,0,0
2021-07-14T00:00:00Z,28,0.921821,0.474,1.653,0.234071,0.233,0.236,27.914286,27.3,29.3,4.099714,4.095,4.103,427,454,0,0,0,0
2021-07-14T01:00:00Z,29,2.446724,1.646,3.739,0.230586,0.228,0.234,31.662069,29.5,34.7,4.093379,4.092,4.097,455,483,0,0,0,0
2021-07-14T02:00:00Z,28,3.706286,2.178,5.03,0.225107,0.223,0.228,36.814286,35,38,4.093607,4.092,4.095,484,511,0,0,0,0
2021-07-14T03:00:00Z,27,2.063444,1.481,2.753,0.227037,0.224,0.229,35.162963,34.2,36.7,4.090481,4.087,4.095,512,540,0,0,0,0
2021-07-14T04:00:00Z,26,2.871192,2.286,3.442,0.225538,0.223,0.228,36.746154,35.4,38.3,4.087846,4.085,4.09,541,569,0,0,0,0
2021-07-14T05:00:00Z,26,2.275269,1.582,2.87,0.225654,0.224,0.228,36.434615,35.4,36.9,4.0865,4.085,4.088,570,596,0,0,0,0
2021-07-14T06:00:00Z,27,2.377704,1.815,2.717,0.225259,0.223,0.228,37.118519,35.5,38.3,4.084556,4.083,4.087,598,626,0,0,0,0
2021-07-14T07:00:00Z,27,1.769259,1.413,2.202,0.225815,0.223,0.228,36.522222,35.2,37.9,4.082519,4.082,4.085,629,655,0,0,0,0
2021-07-14T08:00:00Z,27,0.796037,0,1.467,0.22837,0.227,0.232,33.751852,31.6,35.2,4.080889,4.08,4.082,656,683,0,0,0,0
2021-07-14T09:00:00Z,28,0.117,0,0.339,0.233286,0.231,0.234,28.760714,28.1,31.4,4.078786,4.078,4.08,684,711,0,0,0,0
2021-07-14T10:00:00Z,27,0,0,0,0.233556,0.233,0.236,28.714815,28.1,29.2,4.077556,4.075,4.078,712,740,0,0,0,0
2021-07-14T11:00:00Z,29,0,0,0,0.233138,0.233,0.234,29,28.8,29.3,4.076241,4.075,4.078,741,769,0,0,0,0
2021-07-14T12:00:00Z,24,0,0,0,0.233042,0.233,0.234,29.041667,28.9,29.5,4.073542,4.07,4.075,770,797,0,0,0,0
2021-07-14T13:00:00Z,26,0,0,0,0.233731,0.233,0.236,28.680769,28.6,28.9,4.071808,4.069,4.075,798,824,0,0,0,0
2021-07-14T14:00:00Z,16,0,0,0,0.233313,0.233,0.235,28.68125,28.6,28.7,4.07,4.069,4.072,826,844,0,0,0,0
2021-07-14T15:00:00Z,28,0,0,0,0.233393,0.232,0.236,28.667857,28.2,30.1,4.06175,4.059,4.064,850,877,0,0,0,0
2021-07-14T16:00:00Z,28,0,0,0,0.234214,0.233,0.236,28.307143,28.1,28.6,4.060143,4.059,4.062,878,906,0,0,0,0
2021-07-14T17:00:00Z,28,0,0,0,0.234214,0.233,0.237,28.096429,27.9,28.4,4.059571,4.057,4.06,907,934,0,0,0,0
2021-07-14T18:00:00Z,29,0,0,0,0.234034,0.233,0.236,28.065517,27.4,28.3,4.058862,4.057,4.06,935,963,0,0,0,0
2021-07-14T19:00:00Z,29,0,0,0,0.235241,0.234,0.237,27.103448,26.7,27.4,4.056724,4.055,4.059,964,992,0,0,0,0
2021-07-14T20:00:00Z,29,0,0,0,0.236414,0.235,0.238,26.565517,26.4,26.7,4.054966,4.052,4.059,993,1021,0,0,0,0
2021-07-14T21:00:00Z,28,0,0,0,0.235964,0.235,0.238,26.921429,26.7,27.2,4.054143,4.052,4.055,1022,1049,0,0,0,0
2021-07-14T22:00:00Z,29,0,0,0,0.235828,0.235,0.238,27.113793,26.8,27.3,4.053759,4.052,4.055,1050,1078,0,0,0,0
2021-07-14T23:00:00Z,29,0.270034,0,0.811,0.235207,0.234,0.238,27.337931,26.9,27.8,4.052276,4.05,4.054,1079,1107,0,0,0,0
2021-07-15T00:00:00Z,28,1.067607,0.851,1.294,0.233357,0.233,0.235,29.042857,28,29.7,4.052286,4.05,4.054,1108,1135,0,0,0,0
2021-07-15T01:00:00Z,29,1.693655,0.956,3.867,0.232034,0.228,0.234,30.717241,29.6,33.2,4.052,4.05,4.054,1136,1164,0,0,0,0
2021-07-15T02:00:00Z,29,3.209966,1.93,4.636,0.227379,0.225,0.231,34.817241,33.3,36.7,4.052759,4.05,4.054,1165,1193,0,0,0,0
2021-07-15T03:00:00Z,26,3.369654,2.678,3.862,0.226769,0.225,0.229,35.361538,34,36.7,4.052308,4.052,4.054,1194,1220,0,0,0,0
2021-07-15T04:00:00Z,29,3.070517,1.617,3.658,0.224966,0.223,0.228,37.182759,36.7,37.9,4.051793,4.05,4.054,1221,1249,0,0,0,0
2021-07-15T05:00:00Z,28,2.789679,1.881,3.709,0.225536,0.224,0.228,36.803571,36.2,38.3,4.051357,4.05,4.052,1250,1278,0,0,0,0
2021-07-15T06:00:00Z,28,1.846571,0.846,3.57,0.226071,0.223,0.229,36.528571,34,39.2,4.050179,4.045,4.052,1279,1306,0,0,0,0
2021-07-15T07:00:00Z,29,1.030103,0.695,1.59,0.230552,0.228,0.234,31.631034,30,34,4.047862,4.045,4.05,1307,1335,0,0,0,0
2021-07-15T08:00:00Z,28,0.767286,0,1.784,0.2315,0.229,0.235,30.982143,27.3,32.5,4.046429,4.045,4.049,1336,1364,0,0,0,0
2021-07-15T09:00:00Z,28,0,0,0,0.236571,0.235,0.238,26.457143,26.1,27.2,4.044464,4.04,4.047,1365,1392,0,0,0,0
2021-07-15T10:00:00Z,29,0,0,0,0.236828,0.236,0.238,26.141379,26.1,26.2,4.042931,4.04,4.045,1393,1421,0,0,0,0
2021-07-15T11:00:00Z,29,0,0,0,0.23631,0.235,0.238,26.337931,26.2,26.4,4.041759,4.037,4.045,1422,1450,0,0,0,0
2021-07-15T12:00:00Z,28,0,0,0,0.236464,0.235,0.238,26.332143,26.2,26.5,4.040571,4.039,4.042,1451,1478,0,0,0,0
2021-07-15T13:00:00Z,27,0,0,0,0.235704,0.234,0.237,26.611111,26.5,26.7,4.039741,4.037,4.042,1479,1505,0,0,0,0
2021-07-15T14:00:00Z,26,0,0,0,0.236654,0.236,0.238,26.311538,26.2,26.7,4.0385,4.037,4.04,1507,1535,0,0,0,0
2021-07-15T15:00:00Z,27,0,0,0,0.237148,0.236,0.238,26.1,26.1,26.1,4.036889,4.034,4.039,1536,1563,0,0,0,0
2021-07-15T16:00:00Z,26,0,0,0,0.237231,0.236,0.238,26.107692,26,26.3,4.036615,4.034,4.039,1564,1591,0,0,0,0
2021-07-15T17:00:00Z,16,0,0,0,0.236562,0.236,0.238,26.41875,26.2,26.7,4.034562,4.032,4.037,1592,1615,0,0,0,0
2021-07-15T18:00:00Z,25,0,0,0,0.23688,0.235,0.238,26.108,26.1,26.2,4.03384,4.032,4.036,1623,1647,0,0,0,0
2021-07-15T19:00:00Z,29,0,0,0,0.23731,0.236,0.239,26.096552,26,26.1,4.033103,4.032,4.036,1648,1676,0,0,0,0
2021-07-15T20:00:00Z,28,0,0,0,0.237071,0.236,0.238,26.185714,26.1,26.2,4.032536,4.031,4.034,1677,1704,0,0,0,0
2021-07-15T21:00:00Z,29,0,0,0,0.237069,0.236,0.238,26.2,26.2,26.2,4.032172,4.031,4.034,1705,1733,0,0,0,0
2021-07-15T22:00:00Z,28,0,0,0,0.236964,0.236,0.238,26.207143,26.2,26.3,4.031679,4.031,4.034,1734,1761,0,0,0,0
2021-07-15T23:00:00Z,29,0.993828,0,2.443,0.234793,0.231,0.238,27.844828,26.3,30.7,4.03169,4.029,4.034,1762,1790,0,0,0,0
2021-07-16T00:00:00Z,28,3.563964,0.89,4.634,0.227964,0.225,0.231,34.064286,31.2,36.7,4.033357,4.032,4.036,1791,1818,0,0,0,0
2021-07-16T01:00:00Z,29,3.952276,0.89,5.018,0.223517,0.221,0.226,38.734483,36.7,42.3,4.032759,4.031,4.036,1819,1847,0,0,0,0
2021-07-16T02:00:00Z,29,3.942414,2.084,4.928,0.222034,0.219,0.226,41.117241,38.8,43.3,4.034103,4.032,4.037,1848,1876,0,0,0,0
2021-07-16T03:00:00Z,28,3.115214,1.915,3.716,0.224857,0.223,0.227,37.421429,36.6,38.8,4.032107,4.031,4.034,1877,1904,0,0,0,0
2021-07-16T04:00:00Z,29,3.088724,2.504,3.499,0.224897,0.223,0.227,37.086207,36.7,37.9,4.031552,4.031,4.032,1905,1933,0,0,0,0
2021-07-16T05:00:00Z,27,3.221111,2.36,3.667,0.224259,0.219,0.228,37.603704,37.3,37.9,4.031704,4.031,4.032,1934,1962,0,0,0,0
2021-07-16T06:00:00Z,28,2.925036,1.756,3.575,0.223464,0.223,0.226,38.95,37.9,39.6,4.031679,4.031,4.034,1963,1990,0,0,0,0
2021-07-16T07:00:00Z,28,1.973036,1.197,2.468,0.225036,0.224,0.228,37.75,37.1,38.7,4.031179,4.031,4.032,1991,2019,0,0,0,0
2021-07-16T08:00:00Z,27,1.093778,0.524,1.81,0.226074,0.224,0.228,36.644444,35.7,37.9,4.030704,4.029,4.032,2020,2047,0,0,0,0
2021-07-16T09:00:00Z,29,0.776517,0.424,1.235,0.227655,0.226,0.229,35.431034,34.2,36.4,4.030241,4.029,4.031,2048,2076,0,0,0,0
2021-07-16T10:00:00Z,29,0.392966,0,0.882,0.228552,0.227,0.232,33.910345,33,34.5,4.029276,4.027,4.031,2077,2105,0,0,0,0
2021-07-16T11:00:00Z,27,0,0,0,0.230185,0.229,0.233,32.266667,31.6,32.8,4.029148,4.029,4.031,2106,2134,0,0,0,0
2021-07-16T12:00:00Z,27,0,0,0,0.231148,0.23,0.233,31.437037,31.3,31.6,4.028704,4.027,4.029,2135,2162,0,0,0,0
2021-07-16T13:00:00Z,29,0,0,0,0.231207,0.229,0.232,31.262069,31,31.4,4.027897,4.027,4.029,2163,2191,0,0,0,0
2021-07-16T14:00:00Z,27,0,0,0,0.231815,0.23,0.233,30.733333,30.2,31.3,4.027148,4.027,4.029,2192,2219,0,0,0,0
2021-07-16T15:00:00Z,29,0,0,0,0.232483,0.232,0.235,30.124138,30.1,30.2,4.027103,4.026,4.029,2220,2248,0,0,0,0
2021-07-16T16:00:00Z,28,0,0,0,0.232143,0.232,0.233,30.1,30.1,30.1,4.027071,4.027,4.029,2249,2276,0,0,0,0
2021-07-16T17:00:00Z,28,0,0,0,0.232821,0.232,0.236,30.035714,29.7,30.1,4.026929,4.026,4.027,2277,2305,0,0,0,0
2021-07-16T18:00:00Z,29,0,0,0,0.233103,0.232,0.235,29.444828,29.1,29.6,4.026897,4.026,4.027,2306,2334,0,0,0,0
2021-07-16T19:00:00Z,28,0,0,0,0.233179,0.233,0.235,29.032143,29,29.2,4.026714,4.026,4.027,2335,2362,0,0,0,0
2021-07-16T20:00:00Z,29,0,0,0,0.233621,0.233,0.236,28.82069,28.6,29,4.026552,4.026,4.027,2363,2391,0,0,0,0
2021-07-16T21:00:00Z,29,0,0,0,0.234138,0.233,0.236,28.410345,28.2,28.6,4.026448,4.026,4.027,2392,2420,0,0,0,0
2021-07-16T22:00:00Z,28,0,0,0,0.234214,0.233,0.236,28.042857,27.9,28.2,4.026107,4.024,4.027,2421,2448,0,0,0,0
2021-07-16T23:00:00Z,29,0.762724,0,2.832,0.233276,0.23,0.237,29.037931,28.1,31.5,4.025966,4.024,4.027,2449,2477,0,0,0,0
2021-07-17T00:00:00Z,28,3.777607,1.341,4.588,0.226821,0.224,0.232,35.732143,32,38.7,4.026571,4.026,4.027,2478,2505,0,0,0,0
2021-07-17T01:00:00Z,28,4.425714,2.666,5.023,0.222571,0.219,0.226,40.517857,39,42.9,4.026964,4.026,4.027,2506,2534,0,0,0,0
2021-07-17T02:00:00Z,29,4.316276,1.589,5.095,0.218828,0.217,0.222,44.751724,42.3,47.2,4.027,4.027,4.027,2535,2563,0,0,0,0
2021-07-17T03:00:00Z,28,1.652214,1.102,2.307,0.224643,0.221,0.228,38.403571,37.4,42,4.026893,4.026,4.027,2564,2591,0,0,0,0
2021-07-17T04:00:00Z,29,1.674345,1.303,2.574,0.225276,0.224,0.228,37.017241,36.7,37.7,4.026793,4.026,4.027,2592,2620,0,0,0,0
2021-07-17T05:00:00Z,29,1.344345,0.713,1.745,0.225345,0.224,0.228,36.906897,36,37.6,4.026138,4.024,4.027,2621,2649,0,0,0,0
2021-07-17T06:00:00Z,28,1.530786,0.866,2.284,0.22575,0.224,0.228,37.067857,36.7,37.4,4.026286,4.026,4.027,2650,2677,0,0,0,0
2021-07-17T07:00:00Z,29,1.313448,0.88,1.705,0.225655,0.224,0.228,36.934483,36.7,37.4,4.026103,4.024,4.027,2678,2706,0,0,0,0
2021-07-17T08:00:00Z,29,1.040655,0.739,1.504,0.226966,0.225,0.23,35.772414,35,36.9,4.025621,4.024,4.027,2707,2735,0,0,0,0
2021-07-17T09:00:00Z,24,0.795125,0.47,1.284,0.227042,0.225,0.229,35.545833,35,36.6,4.024833,4.022,4.026,2736,2762,0,0,0,0
2021-07-17T10:00:00Z,25,0.25316,0,0.539,0.22836,0.227,0.231,34.064,33.4,35,4.02364,4.021,4.026,2766,2791,0,0,0,0
2021-07-17T11:00:00Z,29,0,0,0,0.229276,0.228,0.232,32.706897,32.3,33.3,4.022552,4.021,4.024,2792,2820,0,0,0,0
2021-07-17T12:00:00Z,28,0,0,0,0.230393,0.229,0.232,31.967857,31.6,32.2,4.021179,4.019,4.024,2821,2848,0,0,0,0
2021-07-17T13:00:00Z,25,0,0,0,0.23128,0.23,0.234,31.248,30.4,31.6,4.01944,4.017,4.022,2850,2876,0,0,0,0
2021-07-17T14:00:00Z,27,0,0,0,0.232222,0.231,0.233,30.148148,30.1,30.3,4.018037,4.017,4.021,2877,2905,0,0,0,0
2021-07-17T15:00:00Z,26,0,0,0,0.232385,0.231,0.234,30.1,30.1,30.1,4.017385,4.016,4.019,2907,2933,0,0,0,0
2021-07-17T16:00:00Z,28,0,0,0,0.232964,0.232,0.234,30.060714,30,30.1,4.016857,4.014,4.019,2934,2962,0,0,0,0
2021-07-17T17:00:00Z,29,0,0,0,0.234103,0.233,0.237,28.424138,27.4,30,4.015379,4.012,4.019,2963,2991,0,0,0,0
2021-07-17T18:00:00Z,28,0,0,0,0.234857,0.234,0.238,27.689286,27.5,28,4.014143,4.012,4.016,2992,3019,0,0,0,0
2021-07-17T19:00:00Z,29,0,0,0,0.234345,0.233,0.236,28.093103,28,28.3,4.013138,4.011,4.016,3020,3048,0,0,0,0
2021-07-17T20:00:00Z,28,0,0,0,0.233964,0.233,0.236,28.467857,28.3,28.6,4.012714,4.012,4.016,3049,3076,0,0,0,0
2021-07-17T21:00:00Z,29,0,0,0,0.233586,0.233,0.236,28.658621,28.6,28.7,4.011862,4.011,4.014,3077,3105,0,0,0,0
2021-07-17T22:00:00Z,29,0,0,0,0.233793,0.233,0.236,28.7,28.7,28.7,4.011897,4.009,4.014,3106,3134,0,0,0,0
2021-07-17T23:00:00Z,27,0.878778,0,2.063,0.232185,0.229,0.234,30.1,28.7,32.1,4.011481,4.009,4.012,3135,3162,0,0,0,0
2021-07-18T00:00:00Z,29,1.982276,0.782,4.782,0.22869,0.224,0.231,33.32069,31.4,38,4.011517,4.009,4.012,3163,3191,0,0,0,0
2021-07-18T01:00:00Z,29,3.05831,1.579,5.116,0.225793,0.223,0.228,36.441379,34.7,39.2,4.012,4.011,4.014,3192,3220,0,0,0,0
2021-07-18T02:00:00Z,28,3.687143,0.969,5.351,0.223786,0.222,0.227,39.242857,36.7,40.7,4.011714,4.011,4.012,3221,3248,0,0,0,0
2021-07-18T03:00:00Z,29,2.293069,1.059,3.104,0.224931,0.223,0.228,37.355172,36.7,39.8,4.011034,4.009,4.012,3249,3277,0,0,0,0
2021-07-18T04:00:00Z,28,2.786214,2.228,3.558,0.224143,0.223,0.227,37.914286,36.7,39.1,4.010071,4.007,4.011,3278,3305,0,0,0,0
2021-07-18T05:00:00Z,29,2.356793,1.456,3.188,0.224517,0.223,0.228,37.865517,36.6,39.3,4.009759,4.007,4.012,3306,3334,0,0,0,0
2021-07-18T06:00:00Z,28,2.055643,0.982,3.106,0.225857,0.224,0.228,36.460714,35.7,36.9,4.008107,4.006,4.011,3335,3363,0,0,0,0
2021-07-18T07:00:00Z,26,1.234654,0.598,2.174,0.227231,0.226,0.23,35.073077,34.5,35.9,4.0065,4.006,4.007,3364,3391,0,0,0,0
2021-07-18T08:00:00Z,29,0.480103,0,0.682,0.229655,0.227,0.233,32.458621,31,34.3,4.005448,4.004,4.007,3392,3420,0,0,0,0
2021-07-18T09:00:00Z,28,0.236857,0,0.454,0.232,0.231,0.233,30.721429,30.2,31.2,4.003857,4.001,4.006,3421,3448,0,0,0,0
2021-07-18T10:00:00Z,29,0,0,0,0.234793,0.232,0.238,27.717241,26.1,30.1,4.002414,3.999,4.004,3449,3477,0,0,0,0
2021-07-18T11:00:00Z,16,0,0,0,0.236437,0.235,0.238,26.7375,26.1,27.4,4.00025,3.999,4.001,3478,3498,0,0,0,0
2021-07-18T12:00:00Z,12,0,0,0,0.2345,0.234,0.235,27.525,27.4,27.6,3.99825,3.998,3.999,3505,3530,0,0,0,0
2021-07-18T13:00:00Z,26,0,0,0,0.234423,0.233,0.235,27.669231,27.5,27.7,3.998192,3.996,3.999,3532,3560,0,0,0,0
2021-07-18T14:00:00Z,26,0,0,0,0.235538,0.234,0.238,27.265385,27.1,27.4,3.996808,3.994,3.999,3561,3588,0,0,0,0
2021-07-18T15:00:00Z,25,0,0,0,0.23468,0.234,0.238,27.46,27.3,27.7,3.99508,3.993,3.998,3589,3616,0,0,0,0
2021-07-18T16:00:00Z,29,0,0,0,0.234724,0.234,0.236,27.696552,27.6,27.7,3.993621,3.993,3.996,3617,3645,0,0,0,0
2021-07-18T17:00:00Z,29,0,0,0,0.234621,0.234,0.237,27.658621,27.5,27.7,3.992655,3.989,3.994,3646,3674,0,0,0,0
2021-07-18T18:00:00Z,28,0,0,0,0.235179,0.234,0.237,27.45,27.4,27.6,3.990393,3.988,3.993,3675,3702,0,0,0,0
2021-07-18T19:00:00Z,29,0,0,0,0.235,0.234,0.238,27.47931,27.4,27.7,3.988828,3.986,3.991,3703,3731,0,0,0,0
2021-07-18T20:00:00Z,28,0,0,0,0.235357,0.234,0.237,27.385714,27.3,27.4,3.987214,3.986,3.989,3732,3759,0,0,0,0
2021-07-18T21:00:00Z,29,0,0,0,0.23531,0.234,0.237,27.365517,27.2,27.7,3.985655,3.983,3.988,3760,3788,0,0,0,0
2021-07-18T22:00:00Z,29,0,0,0,0.234862,0.234,0.237,27.637931,27.6,27.7,3.984069,3.983,3.986,3789,3817,0,0,0,0
2021-07-18T23:00:00Z,28,0.330679,0,0.669,0.2345,0.234,0.237,27.810714,27.6,28.1,3.982857,3.981,3.984,3818,3845,0,0,0,0
2021-07-19T00:00:00Z,29,1.222586,0.682,1.935,0.232828,0.231,0.234,29.386207,28.2,30.8,3.981207,3.979,3.983,3846,3874,0,0,0,0
2021-07-19T01:00:00Z,28,2.280464,1.9,2.894,0.229571,0.229,0.232,32.260714,31.3,32.8,3.980786,3.979,3.983,3875,3902,0,0,0,0
2021-07-19T02:00:00Z,28,2.486536,1.771,4.931,0.228071,0.225,0.231,34.296429,32.4,36.4,3.980607,3.979,3.984,3903,3931,0,0,0,0
2021-07-19T03:00:00Z,25,2.80044,1.676,3.785,0.22596,0.224,0.229,36.12,33,37.9,3.97896,3.978,3.981,3932,3959,0,0,0,0
2021-07-19T04:00:00Z,26,2.896692,1.784,3.631,0.224462,0.223,0.228,38.026923,37.3,38.7,3.978423,3.978,3.979,3960,3988,0,0,0,0
2021-07-19T05:00:00Z,27,2.016852,1.43,2.914,0.224556,0.223,0.227,37.788889,37.1,38.4,3.976926,3.976,3.979,3989,4016,0,0,0,0
2021-07-19T06:00:00Z,28,1.886071,0.656,3.068,0.225036,0.223,0.228,37.428571,35.8,38.9,3.976,3.974,3.978,4017,4045,0,0,0,0
2021-07-19T07:00:00Z,26,1.314038,0.523,3.227,0.229346,0.226,0.232,32.569231,30.6,35.4,3.974308,3.974,3.976,4046,4073,0,0,0,0
2021-07-19T08:00:00Z,28,0.702036,0,1.794,0.230714,0.227,0.238,31.939286,25.5,34.8,3.973536,3.971,3.974,4074,4102,0,0,0,0
2021-07-19T09:00:00Z,27,0,0,0,0.23863,0.238,0.241,24.72963,24.7,25.2,3.969519,3.966,3.973,4103,4130,0,0,0,0
2021-07-19T10:00:00Z,27,0,0,0,0.238,0.237,0.239,24.881481,24.7,25.5,3.966,3.961,3.968,4131,4158,0,0,0,0
2021-07-19T11:00:00Z,28,0,0,0,0.237643,0.236,0.241,25.975,25.5,26.1,3.964714,3.961,3.968,4159,4187,0,0,0,0
2021-07-19T12:00:00Z,26,0,0,0,0.237308,0.236,0.239,26.138462,26.1,26.2,3.961923,3.958,3.965,4188,4216,0,0,0,0
2021-07-19T13:00:00Z,27,0,0,0,0.23663,0.235,0.238,26.511111,26.2,26.9,3.959889,3.958,3.963,4217,4244,0,0,0,0
2021-07-19T14:00:00Z,25,0,0,0,0.23712,0.236,0.239,26.212,25.9,26.8,3.955,3.951,3.96,4245,4272,0,0,0,0
2021-07-19T15:00:00Z,25,0,0,0,0.23808,0.237,0.24,25.436,25.3,25.9,3.95272,3.95,3.955,4273,4299,0,0,0,0
2021-07-19T16:00:00Z,29,0,0,0,0.237483,0.237,0.239,26.031034,25.7,26.2,3.950655,3.948,3.953,4301,4329,0,0,0,0
2021-07-19T17:00:00Z,27,0,0,0,0.236222,0.235,0.238,26.57037,26.2,27.2,3.948704,3.948,3.951,4330,4357,0,0,0,0
2021-07-19T18:00:00Z,29,0,0,0,0.235552,0.235,0.238,27.258621,27.1,27.3,3.946379,3.945,3.948,4358,4386,0,0,0,0
2021-07-19T19:00:00Z,28,0,0,0,0.236036,0.235,0.238,26.964286,26.9,27.1,3.944786,3.943,3.948,4387,4414,0,0,0,0
2021-07-19T20:00:00Z,29,0,0,0,0.236138,0.235,0.238,27.068966,27,27.2,3.942483,3.94,3.945,4415,4443,0,0,0,0
2021-07-19T21:00:00Z,29,0,0,0,0.235931,0.234,0.238,26.87931,26.8,27.1,3.939552,3.937,3.941,4444,4472,0,0,0,0
2021-07-19T22:00:00Z,28,0,0,0,0.236107,0.235,0.238,26.742857,26.7,26.9,3.936929,3.933,3.94,4473,4500,0,0,0,0
2021-07-19T23:00:00Z,29,0.406241,0,0.77,0.234724,0.233,0.236,27.603448,27,28.6,3.934379,3.932,3.937,4501,4529,0,0,0,0
2021-07-20T00:00:00Z,28,1.355107,0.826,2.137,0.232286,0.23,0.234,30.05,28.7,31.6,3.933143,3.932,3.935,4530,4557,0,0,0,0
2021-07-20T01:00:00Z,29,3.981241,2.771,4.943,0.224586,0.221,0.23,37.903448,31.7,41,3.933862,3.932,3.937,4558,4586,0,0,0,0
2021-07-20T02:00:00Z,27,4.088556,0.949,5.377,0.221556,0.218,0.224,41.203704,38.2,43.3,3.932926,3.932,3.935,4587,4614,0,0,0,0
2021-07-20T03:00:00Z,28,1.863036,1.054,2.783,0.224286,0.221,0.228,38.160714,36.7,42,3.931071,3.928,3.935,4615,4643,0,0,0,0
2021-07-20T04:00:00Z,28,2.0135,1.085,3.509,0.226357,0.225,0.228,35.842857,34.5,36.7,3.927536,3.927,3.93,4644,4672,0,0,0,0
2021-07-20T05:00:00Z,25,2.09876,0.705,3.46,0.22688,0.225,0.231,35.096,32.7,36.7,3.92528,3.923,3.928,4674,4700,0,0,0,0
2021-07-20T06:00:00Z,27,1.105222,0.344,2.11,0.231667,0.228,0.235,30.7,29.6,34,3.922963,3.922,3.925,4701,4729,0,0,0,0
2021-07-20T07:00:00Z,26,1.210115,0.341,1.786,0.233308,0.232,0.236,28.969231,27.6,30.1,3.922,3.92,3.923,4730,4757,0,0,0,0
2021-07-20T08:00:00Z,29,1.510621,0.971,2.02,0.231069,0.23,0.233,31.089655,30.2,31.4,3.920276,3.918,3.922,4758,4786,0,0,0,0
2021-07-20T09:00:00Z,26,1.057385,0.667,1.361,0.231269,0.23,0.233,31.269231,30.9,31.4,3.92,3.918,3.922,4787,4815,0,0,0,0
2021-07-20T10:00:00Z,27,0.423593,0,0.708,0.232,0.231,0.233,30.381481,30.1,31.1,3.917815,3.915,3.92,4816,4843,0,0,0,0
2021-07-20T11:00:00Z,29,0,0,0,0.233103,0.232,0.235,29.348276,28.8,30,3.916069,3.913,3.918,4844,4872,0,0,0,0
2021-07-20T12:00:00Z,26,0,0,0,0.233885,0.233,0.236,28.642308,28.6,28.7,3.912615,3.91,3.915,4873,4900,0,0,0,0
2021-07-20T13:00:00Z,26,0,0,0,0.233423,0.233,0.236,28.673077,28.6,28.8,3.909192,3.907,3.912,4901,4927,0,0,0,0
2021-07-20T14:00:00Z,27,0,0,0,0.233222,0.232,0.235,28.688889,28.6,28.7,3.907111,3.905,3.91,4929,4957,0,0,0,0
2021-07-20T15:00:00Z,27,0,0,0,0.233407,0.233,0.236,28.651852,28.6,28.7,3.905296,3.902,3.907,4958,4985,0,0,0,0
2021-07-20T16:00:00Z,28,0,0,0,0.233679,0.233,0.235,28.521429,28.4,28.6,3.903857,3.902,3.905,4986,5014,0,0,0,0
2021-07-20T17:00:00Z,29,0,0,0,0.233552,0.233,0.235,28.286207,28,28.6,3.902207,3.9,3.904,5015,5043,0,0,0,0
2021-07-20T18:00:00Z,28,0,0,0,0.234036,0.233,0.238,28.078571,28,28.1,3.900679,3.899,3.902,5044,5071,0,0,0,0
2021-07-20T19:00:00Z,29,0,0,0,0.234241,0.233,0.236,27.848276,27.6,28.1,3.899241,3.897,3.9,5072,5100,0,0,0,0
2021-07-20T20:00:00Z,28,0,0,0,0.234607,0.234,0.236,27.65,27.5,27.7,3.897857,3.895,3.899,5101,5128,0,0,0,0
2021-07-20T21:00:00Z,29,0,0,0,0.234207,0.233,0.236,27.713793,27.5,27.9,3.896759,3.894,3.899,5129,5157,0,0,0,0
2021-07-20T22:00:00Z,28,0,0,0,0.234321,0.233,0.236,27.939286,27.8,28,3.895393,3.894,3.897,5158,5185,0,0,0,0
2021-07-20T23:00:00Z,29,0.465276,0,1.863,0.233172,0.232,0.236,28.810345,27.8,30.1,3.894414,3.894,3.897,5186,5214,0,0,0,0
2021-07-21T00:00:00Z,28,1.766036,0.695,4.483,0.231107,0.226,0.233,31.210714,30,35.4,3.894107,3.894,3.895,5215,5242,0,0,0,0
2021-07-21T01:00:00Z,29,2.467379,1.049,4.849,0.226621,0.225,0.228,35.248276,34.5,36.1,3.89431,3.892,3.895,5243,5271,0,0,0,0
2021-07-21T02:00:00Z,28,3.649,0.838,5.22,0.223393,0.22,0.228,39.342857,35.5,42,3.894607,3.894,3.895,5272,5299,0,0,0,0
2021-07-21T03:00:00Z,29,1.288069,0,2.704,0.22931,0.221,0.234,32.568966,28.3,42,3.892414,3.889,3.895,5300,5328,0,0,0,0
2021-07-21T04:00:00Z,28,2.565107,1.323,3.17,0.230821,0.229,0.233,31.171429,30,32.6,3.889679,3.889,3.892,5329,5356,0,0,0,0
2021-07-21T05:00:00Z,29,3.110207,1.718,4.021,0.226103,0.224,0.229,35.665517,32.7,36.9,3.890655,3.889,3.892,5357,5385,0,0,0,0
2021-07-21T06:00:00Z,22,2.005818,1.317,3.332,0.225636,0.224,0.228,36.259091,35.4,37.2,3.890364,3.889,3.892,5386,5412,0,0,0,0
2021-07-21T07:00:00Z,17,2.258,1.587,3.124,0.226353,0.225,0.228,35.441176,34.4,36.7,3.888471,3.887,3.89,5413,5440,0,0,0,0
2021-07-21T08:00:00Z,26,1.496731,0.969,1.863,0.228346,0.228,0.231,33.7,32.8,34.3,3.887,3.885,3.889,5441,5469,0,0,0,0
2021-07-21T09:00:00Z,28,0.766714,0.549,0.944,0.2295,0.228,0.232,32.321429,31.5,33.1,3.884571,3.882,3.887,5470,5497,0,0,0,0
2021-07-21T10:00:00Z,28,0.115214,0,0.541,0.231536,0.23,0.233,30.671429,30.1,31.4,3.882429,3.88,3.884,5498,5526,0,0,0,0
2021-07-21T11:00:00Z,28,0,0,0,0.232607,0.232,0.234,29.975,29.7,30.1,3.880643,3.879,3.884,5527,5554,0,0,0,0
2021-07-21T12:00:00Z,27,0,0,0,0.232926,0.232,0.234,29.607407,29.6,29.7,3.879593,3.877,3.882,5555,5583,0,0,0,0
2021-07-21T13:00:00Z,23,0,0,0,0.232783,0.231,0.234,29.53913,29.4,29.7,3.879261,3.877,3.88,5584,5611,0,0,0,0
2021-07-21T14:00:00Z,20,0,0,0,0.23315,0.233,0.235,29.14,28.9,29.6,3.8777,3.875,3.879,5613,5639,0,0,0,0
2021-07-21T15:00:00Z,26,0,0,0,0.233077,0.232,0.235,28.934615,28.8,29.1,3.876231,3.875,3.879,5640,5668,0,0,0,0
2021-07-21T16:00:00Z,28,0,0,0,0.233179,0.233,0.234,28.925,28.8,29,3.875286,3.874,3.877,5670,5697,0,0,0,0
2021-07-21T17:00:00Z,28,0,0,0,0.233179,0.233,0.235,28.753571,28.6,28.9,3.87475,3.872,3.877,5698,5725,0,0,0,0
2021-07-21T18:00:00Z,29,0,0,0,0.233483,0.233,0.236,28.606897,28.6,28.7,3.874621,3.872,3.877,5726,5754,0,0,0,0
2021-07-21T19:00:00Z,28,0,0,0,0.233464,0.233,0.236,28.6,28.6,28.6,3.873714,3.871,3.875,5755,5782,0,0,0,0
2021-07-21T20:00:00Z,28,0,0,0,0.233143,0.233,0.235,28.6,28.6,28.6,3.873464,3.872,3.875,5783,5811,0,0,0,0
2021-07-21T21:00:00Z,28,0,0,0,0.233607,0.233,0.236,28.307143,28.1,28.6,3.872821,3.871,3.874,5812,5839,0,0,0,0
2021-07-21T22:00:00Z,29,0,0,0,0.233897,0.233,0.236,28.282759,28.1,28.6,3.872414,3.871,3.874,5840,5868,0,0,0,0
2021-07-21T23:00:00Z,25,0.08108,0,0.495,0.23344,0.233,0.236,28.676,28.3,29,3.87228,3.871,3.874,5869,5896,0,0,0,0
2021-07-22T00:00:00Z,29,0,0,0,0.236862,0.233,0.24,26.165517,24.7,28.2,3.871207,3.871,3.874,5897,5925,0,0,0,0
2021-07-22T01:00:00Z,26,0.212385,0,0.68,0.238731,0.238,0.242,24.696154,24.6,24.7,3.870308,3.869,3.871,5926,5953,0,0,0,0
2021-07-22T02:00:00Z,27,2.579778,0.764,4.483,0.234222,0.231,0.239,28.385185,24.8,30.9,3.870815,3.869,3.872,5954,5982,0,0,0,0
2021-07-22T03:00:00Z,24,1.6,1.289,2.271,0.233417,0.232,0.235,28.583333,28.1,29.4,3.870917,3.869,3.871,5983,6010,0,0,0,0
2021-07-22T04:00:00Z,27,2.122259,1.756,2.699,0.231778,0.23,0.234,30.325926,28.6,31.4,3.870852,3.869,3.871,6011,6039,0,0,0,0
2021-07-22T05:00:00Z,24,1.791125,1.31,2.13,0.230833,0.229,0.233,31.616667,31.3,32.3,3.870917,3.869,3.871,6040,6067,0,0,0,0
2021-07-22T06:00:00Z,26,2.304808,1.668,2.816,0.228808,0.228,0.232,32.919231,32.2,34.2,3.870885,3.869,3.872,6068,6094,0,0,0,0
2021-07-22T07:00:00Z,25,2.52776,1.207,3.25,0.22684,0.225,0.228,35.26,34.2,36.4,3.87104,3.871,3.872,6096,6124,0,0,0,0
2021-07-22T08:00:00Z,24,1.593417,1.048,2.478,0.2275,0.226,0.23,34.5125,33.3,35.5,3.870917,3.869,3.871,6125,6152,0,0,0,0
2021-07-22T09:00:00Z,26,1.005154,0.734,1.235,0.229269,0.228,0.232,33.126923,32.7,33.3,3.870962,3.869,3.872,6153,6180,0,0,0,0
2021-07-22T10:00:00Z,27,0.371778,0,0.78,0.229889,0.229,0.232,32.151852,31.5,32.7,3.870259,3.869,3.871,6181,6209,0,0,0,0
2021-07-22T11:00:00Z,24,0,0,0,0.231208,0.23,0.233,30.916667,30.6,31.4,3.869083,3.869,3.871,6210,6237,0,0,0,0
2021-07-22T12:00:00Z,25,0,0,0,0.2318,0.231,0.233,30.548,30.4,30.6,3.86892,3.867,3.869,6238,6266,0,0,0,0
2021-07-22T13:00:00Z,24,0,0,0,0.232125,0.231,0.233,30.116667,30,30.3,3.86875,3.867,3.869,6268,6294,0,0,0,0
2021-07-22T14:00:00Z,26,0,0,0,0.232885,0.232,0.234,29.646154,29.3,30,3.867692,3.867,3.869,6295,6322,0,0,0,0
2021-07-22T15:00:00Z,27,0,0,0,0.233074,0.232,0.235,29.02963,28.8,29.2,3.866556,3.866,3.867,6324,6351,0,0,0,0
2021-07-22T16:00:00Z,25,0,0,0,0.23312,0.233,0.234,29.096,29,29.1,3.86604,3.864,3.867,6353,6379,0,0,0,0
2021-07-22T17:00:00Z,29,0,0,0,0.233207,0.233,0.235,29.010345,28.9,29.1,3.865897,3.864,3.867,6380,6408,0,0,0,0
2021-07-22T18:00:00Z,29,0,0,0,0.233207,0.232,0.235,28.865517,28.8,28.9,3.864621,3.862,3.866,6409,6437,0,0,0,0
2021-07-22T19:00:00Z,28,0,0,0,0.233143,0.233,0.235,28.960714,28.9,29,3.862429,3.861,3.864,6438,6465,0,0,0,0
2021-07-22T20:00:00Z,28,0,0,0,0.233393,0.233,0.236,28.85,28.6,29,3.861714,3.859,3.864,6466,6493,0,0,0,0
2021-07-22T21:00:00Z,29,0,0,0,0.23331,0.233,0.235,28.6,28.5,28.7,3.860931,3.857,3.862,6494,6522,0,0,0,0
2021-07-22T22:00:00Z,29,0,0,0,0.233172,0.233,0.235,28.551724,28.4,28.6,3.860621,3.857,3.862,6523,6551,0,0,0,0
2021-07-22T23:00:00Z,28,0.273429,0,0.713,0.23325,0.233,0.235,28.910714,28.6,29.6,3.860179,3.859,3.862,6552,6579,0,0,0,0
2021-07-23T00:00:00Z,29,0.796414,0.628,0.957,0.23231,0.232,0.234,30.044828,29.6,30.1,3.859828,3.857,3.862,6580,6608,0,0,0,0
2021-07-23T01:00:00Z,27,2.102333,0.956,4.575,0.229778,0.227,0.232,32.292593,30.1,35.4,3.859963,3.857,3.861,6609,6636,0,0,0,0
2021-07-23T02:00:00Z,28,2.736536,1.264,4.847,0.226429,0.224,0.228,35.696429,34.6,36.9,3.860607,3.859,3.862,6637,6665,0,0,0,0
2021-07-23T03:00:00Z,27,2.118037,0,3.699,0.226556,0.224,0.235,35.414815,28,37.4,3.859667,3.856,3.862,6666,6693,0,0,0,0
2021-07-23T04:00:00Z,24,2.06725,0.577,4.036,0.233208,0.228,0.238,28.925,27.2,33.4,3.855042,3.854,3.857,6694,6721,0,0,0,0
2021-07-23T05:00:00Z,24,1.134292,0,3.804,0.231333,0.227,0.239,30.945833,25.7,35.3,3.854458,3.852,3.857,6722,6750,0,0,0,0
2021-07-23T06:00:00Z,25,0,0,0,0.23728,0.236,0.238,25.96,25.4,26.3,3.85128,3.847,3.854,6751,6778,0,0,0,0
2021-07-23T07:00:00Z,28,0.524929,0.339,0.602,0.235679,0.234,0.238,26.982143,26.4,27.3,3.850214,3.849,3.852,6779,6807,0,0,0,0
2021-07-23T08:00:00Z,23,0.606522,0.549,0.68,0.234304,0.233,0.235,27.556522,27.3,28,3.849478,3.847,3.852,6808,6835,0,0,0,0
2021-07-23T09:00:00Z,26,0.541077,0.37,0.743,0.234,0.233,0.236,28.223077,27.9,28.6,3.848462,3.847,3.851,6837,6863,0,0,0,0
2021-07-23T10:00:00Z,27,0.188926,0,0.356,0.234519,0.233,0.236,28.359259,28.1,28.6,3.848185,3.847,3.851,6864,6892,0,0,0,0
2021-07-23T11:00:00Z,26,0,0,0,0.234115,0.233,0.236,28.092308,28,28.4,3.847038,3.846,3.849,6893,6920,0,0,0,0
2021-07-23T12:00:00Z,29,0,0,0,0.234172,0.233,0.236,28.158621,28.1,28.3,3.84631,3.846,3.847,6921,6949,0,0,0,0
2021-07-23T13:00:00Z,24,0,0,0,0.23425,0.233,0.236,28.141667,28.1,28.3,3.845083,3.844,3.846,6950,6977,0,0,0,0
2021-07-23T14:00:00Z,25,0,0,0,0.23436,0.233,0.236,28.428,28.1,28.7,3.8436,3.842,3.844,6978,7005,0,0,0,0
2021-07-23T15:00:00Z,20,0,0,0,0.23375,0.233,0.236,28.71,28.7,28.8,3.8436,3.842,3.846,7006,7032,0,0,0,0
2021-07-23T16:00:00Z,29,0,0,0,0.233862,0.233,0.236,28.682759,28.6,28.7,3.842069,3.841,3.844,7034,7062,0,0,0,0
2021-07-23T17:00:00Z,28,0,0,0,0.233357,0.233,0.235,28.75,28.7,28.8,3.841821,3.841,3.844,7063,7090,0,0,0,0
2021-07-23T18:00:00Z,29,0,0,0,0.233655,0.233,0.236,28.696552,28.6,28.7,3.840966,3.839,3.842,7091,7119,0,0,0,0
2021-07-23T19:00:00Z,29,0,0,0,0.233862,0.233,0.236,28.682759,28.6,28.7,3.839828,3.839,3.841,7120,7148,0,0,0,0
2021-07-23T20:00:00Z,28,0,0,0,0.233714,0.233,0.235,28.671429,28.6,28.7,3.838679,3.834,3.841,7149,7176,0,0,0,0
2021-07-23T21:00:00Z,29,0,0,0,0.233759,0.233,0.235,28.658621,28.6,28.7,3.837621,3.836,3.839,7177,7205,0,0,0,0
2021-07-23T22:00:00Z,28,0,0,0,0.234,0.233,0.236,28.685714,28.6,28.7,3.836607,3.833,3.838,7206,7233,0,0,0,0
2021-07-23T23:00:00Z,29,0.235276,0,0.797,0.233655,0.233,0.235,28.962069,28.7,29.7,3.836759,3.836,3.838,7234,7262,0,0,0,0
2021-07-24T00:00:00Z,29,2.816276,0.631,4.372,0.229069,0.224,0.234,33.382759,29.8,37.2,3.837172,3.834,3.839,7263,7291,0,0,0,0
2021-07-24T01:00:00Z,28,3.472321,0.918,5.231,0.223214,0.222,0.226,39.271429,37.4,40.7,3.838643,3.836,3.841,7292,7319,0,0,0,0
2021-07-24T02:00:00Z,16,3.360313,1.408,5.31,0.22225,0.221,0.224,40.8,39.4,41.5,3.839,3.836,3.841,7320,7346,0,0,0,0
2021-07-24T03:00:00Z,29,2.841103,1.469,4.139,0.223931,0.222,0.227,37.955172,36.7,39.9,3.836862,3.834,3.839,7347,7375,0,0,0,0
2021-07-24T04:00:00Z,27,2.745407,1.364,3.704,0.224148,0.223,0.227,38.203704,37.6,38.7,3.836296,3.834,3.838,7376,7403,0,0,0,0
2021-07-24T05:00:00Z,26,3.1645,2.32,3.901,0.224038,0.223,0.228,38.319231,37.7,39.4,3.834808,3.833,3.838,7404,7432,0,0,0,0
2021-07-24T06:00:00Z,22,3.033136,2.287,3.709,0.224409,0.223,0.227,37.940909,37.3,38.7,3.832409,3.829,3.836,7433,7460,0,0,0,0
2021-07-24T07:00:00Z,24,2.175583,1.266,3.488,0.225,0.223,0.228,36.995833,35.5,38.2,3.830625,3.829,3.834,7461,7488,0,0,0,0
2021-07-24T08:00:00Z,28,1.223821,0.708,1.861,0.227071,0.225,0.229,35.471429,34.8,36.5,3.828929,3.826,3.833,7489,7517,0,0,0,0
2021-07-24T09:00:00Z,28,0.819143,0.575,1.259,0.227857,0.227,0.23,34.25,33.5,34.8,3.828,3.826,3.829,7518,7545,0,0,0,0
2021-07-24T10:00:00Z,27,0.289296,0,0.579,0.22863,0.228,0.23,32.825926,32.3,33.5,3.826444,3.824,3.828,7546,7574,0,0,0,0
2021-07-24T11:00:00Z,26,0,0,0,0.230769,0.229,0.234,31.692308,31.4,32.2,3.824269,3.823,3.826,7575,7602,0,0,0,0
2021-07-24T12:00:00Z,18,0,0,0,0.231278,0.23,0.233,31.266667,30.9,31.4,3.822222,3.821,3.824,7603,7631,0,0,0,0
2021-07-24T13:00:00Z,26,0,0,0,0.232,0.231,0.234,30.503846,29.2,30.9,3.820462,3.819,3.823,7632,7659,0,0,0,0
2021-07-24T14:00:00Z,24,0,0,0,0.232042,0.231,0.233,30.108333,30,30.3,3.818667,3.818,3.821,7660,7687,0,0,0,0
2021-07-24T15:00:00Z,23,0,0,0,0.232565,0.232,0.235,30.1,30.1,30.1,3.818348,3.818,3.819,7688,7715,0,0,0,0
2021-07-24T16:00:00Z,27,0,0,0,0.232593,0.232,0.233,30.081481,30,30.1,3.817963,3.816,3.819,7716,7744,0,0,0,0
2021-07-24T17:00:00Z,28,0,0,0,0.233071,0.232,0.235,29.814286,29.6,30,3.816929,3.816,3.818,7745,7772,0,0,0,0
2021-07-24T18:00:00Z,29,0,0,0,0.233103,0.232,0.235,29.213793,29,29.5,3.816207,3.816,3.818,7773,7801,0,0,0,0
2021-07-24T19:00:00Z,29,0,0,0,0.233414,0.233,0.236,28.924138,28.8,29.1,3.815931,3.814,3.816,7802,7830,0,0,0,0
2021-07-24T20:00:00Z,28,0,0,0,0.235964,0.233,0.238,27.032143,26,28.9,3.815,3.814,3.816,7831,7858,0,0,0,0
2021-07-24T21:00:00Z,29,0,0,0,0.237655,0.237,0.241,26.096552,26,26.1,3.813966,3.813,3.816,7859,7887,0,0,0,0
2021-07-24T22:00:00Z,29,0,0,0,0.237552,0.236,0.239,26.1,26.1,26.1,3.812793,3.811,3.814,7888,7916,0,0,0,0
2021-07-24T23:00:00Z,28,0.163,0,0.864,0.236786,0.236,0.239,26.278571,26.1,26.9,3.811464,3.809,3.814,7917,7944,0,0,0,0
2021-07-25T00:00:00Z,29,1.089793,0.802,2.028,0.234828,0.233,0.238,27.655172,27.1,28.5,3.810276,3.808,3.813,7945,7973,0,0,0,0
2021-07-25T01:00:00Z,28,2.974893,1.302,4.652,0.230286,0.228,0.234,31.603571,28.6,33,3.811286,3.809,3.813,7974,8001,0,0,0,0
2021-07-25T02:00:00Z,24,3.321833,1.53,5.154,0.226667,0.224,0.23,35.254167,32.5,37.4,3.81125,3.809,3.813,8002,8028,0,0,0,0
2021-07-25T03:00:00Z,25,2.88296,0.952,4.495,0.2262,0.224,0.228,35.96,33.5,37.7,3.81084,3.809,3.813,8030,8058,0,0,0,0
2021-07-25T04:00:00Z,24,2.500583,0.377,4.277,0.226167,0.224,0.228,35.654167,33.5,36.7,3.809333,3.808,3.811,8059,8086,0,0,0,0
2021-07-25T05:00:00Z,25,2.7296,0.957,3.721,0.22888,0.226,0.233,33.144,31.4,35.5,3.80744,3.805,3.809,8087,8113,0,0,0,0
2021-07-25T06:00:00Z,28,2.221893,1.364,3.437,0.226321,0.224,0.231,36.007143,34.8,37.6,3.805929,3.805,3.809,8115,8143,0,0,0,0
2021-07-25T07:00:00Z,26,1.4665,0.747,2.161,0.225654,0.224,0.228,36.388462,35.8,37.4,3.804538,3.801,3.808,8144,8171,0,0,0,0
2021-07-25T08:00:00Z,26,1.092538,0.524,1.861,0.227154,0.226,0.229,35.103846,34.6,35.9,3.803154,3.801,3.805,8172,8200,0,0,0,0
2021-07-25T09:00:00Z,23,0.716478,0,1.184,0.22813,0.227,0.23,34.091304,33.5,34.8,3.800609,3.798,3.803,8202,8228,0,0,0,0
2021-07-25T10:00:00Z,26,0.182962,0,0.72,0.229462,0.228,0.233,32.515385,31.4,34,3.798538,3.796,3.8,8229,8256,0,0,0,0
2021-07-25T11:00:00Z,29,0,0,0,0.232931,0.231,0.236,29.689655,27.4,31.4,3.796,3.795,3.798,8257,8285,0,0,0,0
2021-07-25T12:00:00Z,23,0,0,0,0.235522,0.234,0.237,27.373913,27.3,27.4,3.79387,3.793,3.795,8286,8313,0,0,0,0
2021-07-25T13:00:00Z,23,0,0,0,0.234913,0.234,0.237,27.747826,27.5,28.1,3.791522,3.791,3.793,8317,8341,0,0,0,0
2021-07-25T14:00:00Z,28,0,0,0,0.234179,0.233,0.236,28.489286,28.2,28.6,3.790821,3.79,3.793,8342,8370,0,0,0,0
2021-07-25T15:00:00Z,26,0,0,0,0.234231,0.233,0.236,28.534615,28.1,28.7,3.789615,3.788,3.79,8372,8398,0,0,0,0
2021-07-25T16:00:00Z,26,0,0,0,0.234192,0.233,0.236,28.119231,28,28.3,3.7875,3.785,3.79,8399,8426,0,0,0,0
2021-07-25T17:00:00Z,29,0,0,0,0.234414,0.233,0.236,28.096552,28,28.2,3.785966,3.783,3.788,8427,8455,0,0,0,0
2021-07-25T18:00:00Z,28,0,0,0,0.234214,0.233,0.236,28.032143,27.9,28.1,3.784143,3.781,3.786,8456,8483,0,0,0,0
2021-07-25T19:00:00Z,29,0,0,0,0.234483,0.234,0.236,28.037931,27.8,28.2,3.781586,3.78,3.783,8484,8512,0,0,0,0
2021-07-25T20:00:00Z,29,0,0,0,0.234897,0.234,0.236,27.703448,27.7,27.8,3.779966,3.778,3.783,8513,8541,0,0,0,0
2021-07-25T21:00:00Z,28,0,0,0,0.234429,0.233,0.235,27.682143,27.6,27.7,3.777964,3.776,3.781,8542,8569,0,0,0,0
2021-07-25T22:00:00Z,29,0,0,0,0.235,0.234,0.237,27.444828,27.4,27.6,3.775552,3.773,3.778,8570,8598,0,0,0,0
2021-07-25T23:00:00Z,29,0.819241,0,2.145,0.233897,0.232,0.237,28.77931,27.4,30.1,3.773138,3.772,3.775,8599,8627,0,0,0,0
2021-07-26T00:00:00Z,28,3.272429,0.839,4.772,0.228679,0.223,0.234,33.553571,30,37.9,3.771643,3.77,3.773,8628,8655,0,0,0,0
2021-07-26T01:00:00Z,29,4.45369,2.806,5.01,0.222724,0.219,0.226,40.017241,37.9,42.6,3.771276,3.768,3.773,8656,8684,0,0,0,0
2021-07-26T02:00:00Z,27,3.90563,0.905,5.349,0.220778,0.219,0.224,42.266667,40.7,43.2,3.76863,3.767,3.77,8685,8712,0,0,0,0
2021-07-26T03:00:00Z,26,3.005769,0.89,5.192,0.223154,0.22,0.228,39.092308,36.7,42.7,3.766115,3.765,3.768,8713,8741,0,0,0,0
2021-07-26T04:00:00Z,27,2.534741,1.151,4.59,0.22337,0.221,0.226,39.037037,37.6,41.1,3.764481,3.763,3.765,8742,8769,0,0,0,0
2021-07-26T05:00:00Z,22,2.501727,1.671,3.498,0.224409,0.223,0.227,37.554545,36.7,39.3,3.762318,3.762,3.763,8771,8797,0,0,0,0
2021-07-26T06:00:00Z,26,2.001885,1.102,2.814,0.223808,0.223,0.227,38.361538,37.9,39.3,3.760615,3.758,3.762,8798,8824,0,0,0,0
2021-07-26T07:00:00Z,27,1.477963,0.761,2.204,0.225111,0.224,0.228,37.037037,36.7,37.4,3.758037,3.755,3.76,8826,8854,0,0,0,0
2021-07-26T08:00:00Z,23,1.321217,0.705,1.881,0.225304,0.224,0.228,36.682609,35.9,36.9,3.753957,3.75,3.757,8855,8882,0,0,0,0
2021-07-26T09:00:00Z,29,0.900034,0.551,1.18,0.22731,0.226,0.229,35.165517,34.7,35.7,3.74931,3.748,3.752,8883,8911,0,0,0,0
2021-07-26T10:00:00Z,27,0.287037,0,0.971,0.228519,0.227,0.231,33.592593,32.7,34.6,3.747481,3.747,3.75,8912,8939,0,0,0,0
2021-07-26T11:00:00Z,27,0,0,0,0.230111,0.229,0.233,32.214815,31.6,32.7,3.743296,3.742,3.747,8940,8968,0,0,0,0
2021-07-26T12:00:00Z,25,0,0,0,0.23148,0.23,0.233,31.428,31.3,31.6,3.73984,3.739,3.742,8969,8996,0,0,0,0
2021-07-26T13:00:00Z,27,0,0,0,0.231778,0.23,0.234,30.407407,27.8,31.2,3.736889,3.734,3.739,8997,9024,0,0,0,0
2021-07-26T14:00:00Z,26,0,0,0,0.232192,0.231,0.234,30.453846,30.3,30.6,3.733731,3.732,3.737,9025,9052,0,0,0,0
2021-07-26T15:00:00Z,27,0,0,0,0.232296,0.232,0.234,30.2,30.1,30.4,3.730111,3.727,3.734,9053,9081,0,0,0,0
2021-07-26T16:00:00Z,28,0,0,0,0.232571,0.231,0.234,30.067857,30,30.1,3.726214,3.722,3.729,9082,9109,0,0,0,0
2021-07-26T17:00:00Z,29,0,0,0,0.232966,0.232,0.234,29.97931,29.9,30,3.723207,3.72,3.727,9110,9138,0,0,0,0
2021-07-26T18:00:00Z,15,0,0,0,0.232533,0.232,0.236,29.96,29.9,30,3.719467,3.717,3.722,9139,9160,0,0,0,0
2021-07-26T19:00:00Z,4,0,0,0,0.2335,0.233,0.234,28.975,28.9,29.1,3.712,3.712,3.712,9189,9192,0,0,0,0
2021-07-26T20:00:00Z,28,0,0,0,0.2335,0.233,0.235,28.660714,28.6,28.8,3.710429,3.71,3.712,9193,9220,0,0,0,0
2021-07-26T21:00:00Z,29,0,0,0,0.233931,0.233,0.236,28.541379,28.4,28.6,3.708862,3.707,3.71,9221,9249,0,0,0,0
2021-07-26T22:00:00Z,29,0,0,0,0.234034,0.233,0.237,28.406897,28.2,28.6,3.70631,3.704,3.709,9250,9278,0,0,0,0
2021-07-26T23:00:00Z,28,0.984786,0,2.783,0.232643,0.23,0.234,29.878571,28.4,32.2,3.702821,3.701,3.704,9279,9306,0,0,0,0
2021-07-27T00:00:00Z,29,1.583517,0.769,4.495,0.229931,0.229,0.232,32.093103,31.3,33.4,3.700172,3.696,3.704,9307,9335,0,0,0,0
2021-07-27T01:00:00Z,26,3.088346,1.443,5.203,0.225692,0.223,0.229,36.715385,34.5,38.2,3.695346,3.691,3.701,9336,9363,0,0,0,0
2021-07-27T02:00:00Z,25,3.80692,1.787,5.313,0.22268,0.221,0.225,39.956,37.9,42,3.68804,3.684,3.694,9364,9391,0,0,0,0
2021-07-27T03:00:00Z,27,3.67737,2.064,5.38,0.222704,0.221,0.224,40.222222,39.3,41.1,3.683593,3.682,3.687,9392,9420,0,0,0,0
2021-07-27T04:00:00Z,29,2.87731,0.982,5.256,0.221828,0.218,0.226,40.775862,38.1,43.8,3.681552,3.679,3.682,9421,9449,0,0,0,0
2021-07-27T05:00:00Z,28,2.313429,1.259,3.304,0.224714,0.223,0.228,37.667857,36.9,38.3,3.677857,3.674,3.681,9450,9477,0,0,0,0
2021-07-27T06:00:00Z,26,0.657125,0,2.738,0.229231,0.223,0.234,32.965385,28.5,38,3.672654,3.669,3.676,9479,9506,0,0,0,0
2021-07-27T07:00:00Z,27,0.37563,0,0.564,0.235296,0.234,0.238,27.381481,27.2,28.1,3.667778,3.664,3.671,9507,9534,0,0,0,0
2021-07-27T08:00:00Z,25,0.35284,0.326,0.375,0.23528,0.234,0.237,27.384,27.2,27.6,3.66368,3.661,3.666,9535,9562,0,0,0,0
2021-07-27T09:00:00Z,24,0.232565,0,0.352,0.234125,0.233,0.236,28.254167,27.6,28.7,3.661,3.659,3.663,9563,9591,0,0,0,0
2021-07-27T10:00:00Z,25,0.10284,0,0.326,0.23352,0.233,0.236,28.84,28.7,29.1,3.65908,3.658,3.661,9592,9619,0,0,0,0
2021-07-27T11:00:00Z,25,0,0,0,0.2334,0.233,0.236,29.108,29.1,29.2,3.65796,3.656,3.659,9621,9647,0,0,0,0
2021-07-27T12:00:00Z,27,0,0,0,0.233556,0.233,0.235,28.788889,28.7,29.1,3.656481,3.653,3.658,9649,9676,0,0,0,0
2021-07-27T13:00:00Z,25,0,0,0,0.2336,0.233,0.235,28.696,28.6,28.7,3.65216,3.649,3.654,9678,9704,0,0,0,0
2021-07-27T14:00:00Z,24,0,0,0,0.233583,0.233,0.236,28.716667,28.7,28.8,3.648708,3.646,3.651,9705,9732,0,0,0,0
2021-07-27T15:00:00Z,17,0,0,0,0.233412,0.233,0.235,28.870588,28.7,29.2,3.643647,3.641,3.646,9733,9760,0,0,0,0
2021-07-27T16:00:00Z,13,0,0,0,0.233154,0.233,0.234,28.892308,28.7,29.1,3.638077,3.635,3.641,9762,9786,0,0,0,0
2021-07-27T17:00:00Z,8,0,0,0,0.233875,0.233,0.235,29,28.7,29.4,3.629125,3.628,3.633,9790,9814,0,0,0,0
2021-07-27T18:00:00Z,24,0,0,0,0.234333,0.233,0.237,28.566667,28.3,28.7,3.624708,3.621,3.628,9815,9843,0,0,0,0
2021-07-27T19:00:00Z,19,0,0,0,0.234684,0.234,0.236,28.242105,28.1,28.4,3.619211,3.615,3.623,9844,9871,0,0,0,0
2021-07-27T20:00:00Z,26,0,0,0,0.235038,0.234,0.237,27.796154,27.7,28,3.615115,3.613,3.616,9872,9899,0,0,0,0
2021-07-27T21:00:00Z,27,0,0,0,0.235111,0.234,0.237,27.951852,27.8,28,3.612593,3.61,3.615,9900,9927,0,0,0,0
2021-07-27T22:00:00Z,29,0,0,0,0.234966,0.234,0.237,27.703448,27.6,27.8,3.610069,3.608,3.611,9928,9956,0,0,0,0
2021-07-27T23:00:00Z,27,0.259148,0,0.661,0.235037,0.234,0.238,28.207407,27.6,28.8,3.607815,3.607,3.61,9957,9985,0,0,0,0
2021-07-28T00:00:00Z,26,2.022692,0.685,4.569,0.230692,0.226,0.235,32.288462,28.9,36.4,3.607115,3.607,3.608,9986,10013,0,0,0,0
2021-07-28T01:00:00Z,27,3.256926,1.317,4.746,0.224963,0.222,0.229,38.366667,36.6,40.7,3.606556,3.605,3.607,10014,10042,0,0,0,0
2021-07-28T02:00:00Z,27,2.268519,1.346,3.221,0.225333,0.223,0.227,37.114815,35.3,38.5,3.605296,3.605,3.607,10044,10070,0,0,0,0
2021-07-28T03:00:00Z,24,2.216417,0.962,4.275,0.228,0.227,0.232,34.683333,33.5,35.4,3.604083,3.603,3.605,10071,10098,0,0,0,0
2021-07-28T04:00:00Z,25,2.82824,0.67,5.251,0.22584,0.224,0.229,36.54,34,37.6,3.6018,3.6,3.603,10099,10127,0,0,0,0
2021-07-28T05:00:00Z,25,2.41596,1.312,3.488,0.22956,0.228,0.232,32.56,30.5,34.3,3.59904,3.597,3.602,10129,10155,0,0,0,0
2021-07-28T06:00:00Z,26,2.542115,0.879,3.289,0.230269,0.228,0.233,32.076923,30.5,33.5,3.596154,3.592,3.598,10156,10183,0,0,0,0
2021-07-28T07:00:00Z,29,1.291483,0.692,1.943,0.23031,0.228,0.233,32.434483,31.9,33.5,3.591586,3.59,3.595,10184,10212,0,0,0,0
2021-07-28T08:00:00Z,26,1.371846,0.744,1.8,0.228692,0.228,0.231,33.6,32.7,34,3.588615,3.587,3.59,10213,10240,0,0,0,0
2021-07-28T09:00:00Z,26,0.831308,0.695,1.002,0.229923,0.229,0.232,32.473077,32.2,32.7,3.586769,3.585,3.59,10241,10268,0,0,0,0
2021-07-28T10:00:00Z,27,0.234889,0,0.628,0.231333,0.23,0.234,31.6,30.8,32.1,3.583296,3.58,3.587,10270,10297,0,0,0,0
2021-07-28T11:00:00Z,26,0,0,0,0.233115,0.232,0.236,29.634615,29.3,30.7,3.581269,3.58,3.583,10298,10326,0,0,0,0
2021-07-28T12:00:00Z,26,0,0,0,0.233038,0.233,0.234,29.426923,29.3,29.5,3.579077,3.578,3.58,10327,10354,0,0,0,0
2021-07-28T13:00:00Z,23,0,0,0,0.233391,0.233,0.236,29.278261,29.1,29.5,3.577478,3.577,3.578,10355,10382,0,0,0,0
2021-07-28T14:00:00Z,29,0,0,0,0.233414,0.233,0.236,28.986207,28.8,29.3,3.575931,3.574,3.577,10383,10411,0,0,0,0
2021-07-28T15:00:00Z,28,0,0,0,0.233321,0.233,0.236,29.228571,29.1,29.4,3.573643,3.572,3.575,10412,10439,0,0,0,0
2021-07-28T16:00:00Z,26,0,0,0,0.233654,0.233,0.236,28.953846,28.8,29.1,3.571308,3.57,3.574,10440,10468,0,0,0,0
2021-07-28T17:00:00Z,28,0,0,0,0.233607,0.233,0.236,28.785714,28.7,29,3.568857,3.565,3.57,10469,10496,0,0,0,0
2021-07-28T18:00:00Z,29,0,0,0,0.234103,0.233,0.236,28.658621,28.6,28.7,3.566138,3.564,3.569,10497,10525,0,0,0,0
2021-07-28T19:00:00Z,28,0,0,0,0.234107,0.233,0.236,28.660714,28.6,28.7,3.564214,3.562,3.567,10526,10553,0,0,0,0
2021-07-28T20:00:00Z,29,0,0,0,0.233966,0.233,0.236,28.782759,28.7,28.8,3.562103,3.559,3.564,10554,10582,0,0,0,0
2021-07-28T21:00:00Z,28,0,0,0,0.234286,0.233,0.236,28.682143,28.6,28.7,3.559821,3.559,3.562,10583,10610,0,0,0,0
2021-07-28T22:00:00Z,29,0,0,0,0.233828,0.233,0.236,28.665517,28.6,28.7,3.557379,3.555,3.56,10611,10639,0,0,0,0
2021-07-28T23:00:00Z,28,0.364,0,0.661,0.23375,0.233,0.236,29.032143,28.7,29.2,3.555286,3.554,3.557,10640,10667,0,0,0,0
2021-07-29T00:00:00Z,29,0.86831,0.497,2.202,0.233,0.232,0.235,30,29.3,30.5,3.554034,3.552,3.555,10668,10696,0,0,0,0
2021-07-29T01:00:00Z,28,2.510536,1.477,4.831,0.229571,0.224,0.234,33.260714,30.7,38,3.553571,3.552,3.554,10697,10724,0,0,0,0
2021-07-29T02:00:00Z,29,3.282379,2.061,4.788,0.224966,0.223,0.228,37.534483,36.8,39.4,3.552759,3.552,3.554,10725,10753,0,0,0,0
2021-07-29T03:00:00Z,27,2.693148,1.272,5.264,0.224333,0.222,0.228,38.507407,36.2,40.8,3.55163,3.55,3.552,10754,10781,0,0,0,0
2021-07-29T04:00:00Z,29,3.004828,1.146,5.226,0.224379,0.223,0.228,38.806897,37.7,40.7,3.550241,3.549,3.552,10782,10810,0,0,0,0
2021-07-29T05:00:00Z,27,2.051778,0.451,3.652,0.225185,0.223,0.228,37.307407,34,39.4,3.547556,3.545,3.55,10811,10838,0,0,0,0
2021-07-29T06:00:00Z,27,0.781926,0,1.192,0.233111,0.229,0.236,29.588889,28.6,33.5,3.543074,3.539,3.547,10839,10866,0,0,0,0
2021-07-29T07:00:00Z,26,0.579731,0.341,0.943,0.233538,0.233,0.236,28.823077,28.6,29.1,3.538423,3.536,3.541,10867,10895,0,0,0,0
2021-07-29T08:00:00Z,23,0.339652,0,0.661,0.235957,0.234,0.238,27.23913,26.7,28.7,3.535739,3.532,3.537,10896,10922,0,0,0,0
2021-07-29T09:00:00Z,23,0,0,0,0.236957,0.236,0.239,26.578261,26.5,26.7,3.531391,3.529,3.534,10924,10950,0,0,0,0
2021-07-29T10:00:00Z,10,0,0,0,0.2365,0.236,0.238,26.71,26.7,26.8,3.5278,3.527,3.529,10951,10968,0,0,0,0
2021-07-29T11:00:00Z,16,0,0,0,0.23725,0.236,0.239,26.6625,26.6,26.7,3.52475,3.524,3.526,10983,11004,0,0,0,0
2021-07-29T12:00:00Z,24,0,0,0,0.236583,0.235,0.238,26.858333,26.7,27.3,3.522583,3.521,3.524,11006,11032,0,0,0,0
2021-07-29T13:00:00Z,22,0,0,0,0.236727,0.235,0.238,26.881818,26.7,27.1,3.520227,3.519,3.522,11033,11060,0,0,0,0
2021-07-29T14:00:00Z,24,0,0,0,0.23625,0.235,0.238,27.2125,26.8,27.3,3.518708,3.516,3.521,11061,11086,0,0,0,0
2021-07-29T15:00:00Z,24,0,0,0,0.236333,0.235,0.238,27.241667,27.1,27.3,3.517042,3.514,3.519,11089,11117,0,0,0,0
2021-07-29T16:00:00Z,27,0,0,0,0.236519,0.235,0.238,27.1,27,27.2,3.515074,3.512,3.517,11118,11145,0,0,0,0
2021-07-29T17:00:00Z,28,0,0,0,0.236571,0.236,0.238,26.971429,26.9,27.1,3.513821,3.511,3.516,11146,11174,0,0,0,0
2021-07-29T18:00:00Z,29,0,0,0,0.236552,0.236,0.238,27.037931,27,27.1,3.512034,3.511,3.516,11175,11203,0,0,0,0
2021-07-29T19:00:00Z,28,0,0,0,0.236393,0.234,0.238,26.964286,26.8,27.2,3.511,3.509,3.512,11204,11231,0,0,0,0
2021-07-29T20:00:00Z,27,0,0,0,0.236481,0.235,0.238,27.062963,26.8,27.3,3.509704,3.508,3.512,11232,11260,0,0,0,0
2021-07-29T21:00:00Z,28,0,0,0,0.235821,0.234,0.238,27.335714,27.3,27.4,3.509036,3.508,3.511,11261,11288,0,0,0,0
2021-07-29T22:00:00Z,29,0,0,0,0.236414,0.235,0.238,27.303448,27.2,27.4,3.507517,3.506,3.509,11289,11317,0,0,0,0
2021-07-29T23:00:00Z,27,0.769,0,1.569,0.234333,0.232,0.238,28.544444,27.4,30.2,3.505407,3.504,3.508,11318,11345,0,0,0,0
2021-07-30T00:00:00Z,28,2.668071,1.241,4.244,0.229393,0.226,0.233,33.014286,30.5,36.4,3.505214,3.504,3.506,11346,11374,0,0,0,0
2021-07-30T01:00:00Z,29,4.030655,1.22,4.998,0.224172,0.222,0.228,38.613793,36.6,41.8,3.504931,3.503,3.506,11375,11403,0,0,0,0
2021-07-30T02:00:00Z,24,4.349583,3.05,4.998,0.222125,0.221,0.224,41.6,40.4,42.6,3.505125,3.503,3.506,11404,11431,0,0,0,0
2021-07-30T03:00:00Z,24,4.384833,1.167,5.269,0.219542,0.217,0.222,44.045833,41.2,46.5,3.504542,3.503,3.506,11432,11459,0,0,0,0
2021-07-30T04:00:00Z,26,2.502846,0.897,5.164,0.222269,0.218,0.225,40.923077,38,45.8,3.502462,3.501,3.504,11460,11487,0,0,0,0
2021-07-30T05:00:00Z,23,2.866565,2.335,3.199,0.224783,0.223,0.227,37.882609,37.4,38.1,3.501,3.501,3.501,11488,11516,0,0,0,0
2021-07-30T06:00:00Z,26,2.670077,1.841,3.311,0.224923,0.223,0.228,37.926923,37.2,39,3.500538,3.499,3.501,11517,11544,0,0,0,0
2021-07-30T07:00:00Z,24,2.3755,1.777,2.832,0.224708,0.223,0.228,37.766667,36.7,39,3.49925,3.499,3.501,11545,11572,0,0,0,0
2021-07-30T08:00:00Z,24,1.624417,1.084,1.955,0.226,0.224,0.228,36.079167,35.3,37.2,3.498792,3.498,3.499,11574,11600,0,0,0,0
2021-07-30T09:00:00Z,24,0.983625,0.649,1.236,0.227833,0.227,0.229,34.516667,34,35,3.497458,3.496,3.499,11602,11629,0,0,0,0
2021-07-30T10:00:00Z,22,0.290409,0,0.605,0.229455,0.228,0.232,32.913636,32.3,33.9,3.494455,3.491,3.496,11630,11656,0,0,0,0
2021-07-30T11:00:00Z,18,0,0,0,0.231167,0.23,0.233,31.627778,31.2,32.1,3.491833,3.489,3.494,11660,11685,0,0,0,0
2021-07-30T12:00:00Z,15,0,0,0,0.2322,0.231,0.234,30.826667,30.4,31.1,3.4882,3.486,3.491,11686,11714,0,0,0,0
2021-07-30T13:00:00Z,21,0,0,0,0.232619,0.232,0.234,30.190476,30.1,30.4,3.482381,3.479,3.486,11715,11742,0,0,0,0
2021-07-30T14:00:00Z,20,0,0,0,0.23265,0.232,0.234,30.03,30,30.1,3.47695,3.473,3.479,11743,11770,0,0,0,0
2021-07-30T15:00:00Z,20,0,0,0,0.233,0.232,0.234,29.905,29.6,30,3.4722,3.47,3.475,11771,11796,0,0,0,0
2021-07-30T16:00:00Z,26,0,0,0,0.233346,0.233,0.235,29.188462,29,29.5,3.465154,3.461,3.47,11800,11827,0,0,0,0
2021-07-30T17:00:00Z,27,0,0,0,0.233556,0.233,0.236,28.9,28.8,29,3.457741,3.455,3.461,11828,11855,0,0,0,0
2021-07-30T18:00:00Z,29,0,0,0,0.233483,0.233,0.236,28.748276,28.7,28.8,3.449655,3.446,3.453,11856,11884,0,0,0,0
2021-07-30T19:00:00Z,28,0,0,0,0.233679,0.233,0.236,28.7,28.7,28.7,3.444571,3.442,3.446,11885,11912,0,0,0,0
2021-07-30T20:00:00Z,28,0,0,0,0.233786,0.233,0.236,28.628571,28.6,28.7,3.436893,3.432,3.442,11913,11941,0,0,0,0
2021-07-30T21:00:00Z,28,0,0,0,0.234286,0.233,0.236,28.360714,28.1,28.6,3.427536,3.423,3.433,11942,11969,0,0,0,0
2021-07-30T22:00:00Z,28,0,0,0,0.234143,0.233,0.236,28.489286,28.1,28.7,3.416643,3.41,3.423,11970,11998,0,0,0,0
2021-07-30T23:00:00Z,28,0.638464,0,1.179,0.233,0.232,0.235,29.385714,28.6,30.1,3.405714,3.4,3.41,11999,12026,0,0,0,0
2021-07-31T00:00:00Z,29,2.614345,1.074,4.59,0.229241,0.225,0.233,33.27931,30.1,36.7,3.396483,3.394,3.402,12027,12055,0,0,0,0
2021-07-31T01:00:00Z,28,3.240357,1.236,5.08,0.224679,0.223,0.228,37.482143,36.7,38.4,3.390107,3.384,3.394,12056,12083,0,0,0,0
2021-07-31T02:00:00Z,28,3.475821,1.182,5.29,0.222536,0.22,0.225,40.642857,38.9,42.2,3.377929,3.372,3.384,12084,12112,0,0,0,0
2021-07-31T03:00:00Z,26,3.384385,1.433,5.43,0.223077,0.22,0.227,40.161538,38.4,41.9,3.366962,3.356,3.372,12113,12139,0,0,0,0
2021-07-31T04:00:00Z,20,2.38945,1.238,5.471,0.2202,0.217,0.223,40.22,37.9,43,3.34525,3.341,3.354,12140,12165,0,0,0,0
2021-07-31T05:00:00Z,19,2.143632,1.258,2.929,0.220263,0.218,0.222,37.684211,37.1,38,3.331158,3.316,3.339,12168,12194,0,0,0,0
2021-07-31T06:00:00Z,26,1.644423,1.061,2.307,0.217269,0.216,0.219,37.35,36.8,38,3.307885,3.3,3.316,12195,12223,0,0,0,0
2021-07-31T07:00:00Z,24,1.338208,0.866,1.887,0.214667,0.213,0.217,36.883333,36.7,37.1,3.291917,3.288,3.298,12224,12250,0,0,0,0
2021-07-31T08:00:00Z,23,1.11787,0.7,1.559,0.211565,0.209,0.213,36.930435,36.4,37.3,3.277478,3.267,3.288,12252,12279,0,0,0,0
2021-07-31T09:00:00Z,27,0.697148,0.549,0.995,0.208852,0.207,0.213,35.496296,35,36.5,3.257667,3.247,3.267,12280,12308,0,0,0,0
2021-07-31T10:00:00Z,28,0.228643,0,0.644,0.207357,0.206,0.21,33.557143,32.6,34.9,3.238607,3.232,3.247,12309,12336,0,0,0,0
2021-07-31T11:00:00Z,28,0,0,0,0.204607,0.203,0.208,32.303571,31.9,32.7,3.220536,3.209,3.23,12337,12365,0,0,0,0
2021-07-31T12:00:00Z,26,0,0,0,0.200885,0.183,0.203,31.526923,31.2,32,3.196308,3.171,3.209,1,12378,0,0,0,0
2021-07-31T13:00:00Z,20,0,0,0,0.18915,0.178,0.199,30.395,30.1,31.1,3.1589,3.133,3.184,1,23,0,0,0,0
2021-07-31T14:00:00Z,21,0,0,0,0.178857,0.176,0.183,29.790476,29.5,30,3.114857,3.095,3.131,1,1,0,0,0,0
2021-07-31T15:00:00Z,27,0,0,0,0.172889,0.169,0.176,29.244444,29.1,29.6,3.074593,3.055,3.095,1,1,0,0,0,0
2021-07-31T16:00:00Z,27,0,0,0,0.162963,0.155,0.168,32.962963,29.1,61.2,3.032407,3.009,3.055,1,1,0,0,3,0
2021-07-31T17:00:00Z,29,0,0,0,0.155,0.155,0.155,61.034483,60.5,61.3,2.980793,2.95,3.009,1,1,0,0,29,0
2021-07-31T18:00:00Z,14,0,0,0,0.155,0.155,0.155,59.885714,59.3,60.5,2.931,2.915,2.948,1,1,0,0,4,0
2021-09-22T00:00:00Z,7,0,0,0,0.235571,0.212,0.266,33.328571,33,34.2,3.200714,2.499,3.646,1,8,0,0,0,1
2021-09-22T01:00:00Z,26,0,0,0,0.250192,0.202,0.274,31.557692,30.2,32.9,3.858423,3.712,4.003,10,36,0,0,0,0
2021-09-22T02:00:00Z,24,0,0,0,0.2395,0.206,0.271,30.108333,29.9,30.4,4.076458,4.014,4.118,38,64,0,0,0,0
2021-09-22T03:00:00Z,28,0,0,0,0.241071,0.207,0.273,29.364286,29,29.9,4.136679,4.121,4.151,65,93,0,0,0,0
2021-09-22T04:00:00Z,28,0,0,0,0.239321,0.206,0.273,29.707143,28.9,30.2,4.161643,4.149,4.172,94,121,0,0,0,0
2021-09-22T05:00:00Z,29,0,0,0,0.241586,0.205,0.275,30.5,30.2,30.8,4.180862,4.171,4.186,122,150,0,0,0,0
2021-09-22T06:00:00Z,27,0,0,0,0.237111,0.207,0.277,30.607407,30.5,30.9,4.155,4.146,4.166,151,178,0,0,0,0
2021-09-22T07:00:00Z,25,0,0,0,0.2398,0.206,0.277,30.688,30.6,30.8,4.14128,4.138,4.146,179,207,0,0,0,0
2021-09-22T08:00:00Z,26,0,0,0,0.250769,0.207,0.278,30.838462,30.7,31,4.136885,4.135,4.139,208,235,0,0,0,0
2021-09-22T09:00:00Z,29,0,0,0,0.248345,0.205,0.278,30.572414,29.7,31,4.135,4.133,4.136,236,264,0,0,0,0
2021-09-22T10:00:00Z,29,0,0,0,0.252862,0.208,0.277,28.841379,28.6,29.6,4.133138,4.125,4.135,265,293,0,0,0,0
2021-09-22T11:00:00Z,26,0,0,0,0.233,0.233,0.233,29.35,29,29.6,4.122769,4.12,4.126,294,321,0,0,0,0
2021-09-22T12:00:00Z,27,0,0,0,0.233111,0.232,0.235,29.237037,29,29.6,4.117,4.115,4.12,322,350,0,0,0,0
2021-09-22T13:00:00Z,27,0,0,0,0.232815,0.232,0.233,29.622222,29.6,29.8,4.113,4.11,4.116,351,378,0,0,0,0
2021-09-22T14:00:00Z,29,0,0,0,0.233586,0.232,0.236,28.931034,27.5,29.8,4.109207,4.105,4.111,379,407,0,0,0,0
2021-09-22T15:00:00Z,28,0,0,0,0.235107,0.234,0.237,27.346429,27.3,27.4,4.105536,4.103,4.106,408,435,0,0,0,0
2021-09-22T16:00:00Z,29,0,0,0,0.234759,0.234,0.237,27.37931,27.3,27.4,4.10469,4.103,4.106,436,464,0,0,0,0
2021-09-22T17:00:00Z,28,0,0,0,0.234714,0.233,0.237,27.4,27.4,27.4,4.102464,4.098,4.105,465,493,0,0,0,0
2021-09-22T18:00:00Z,27,0,0,0,0.23437,0.233,0.236,27.403704,27.4,27.5,4.098852,4.095,4.102,494,521,0,0,0,0
2021-09-22T19:00:00Z,27,0,0,0,0.234889,0.233,0.237,27.403704,27.4,27.5,4.094741,4.092,4.097,522,548,0,0,0,0
2021-09-22T20:00:00Z,27,0,0,0,0.234778,0.234,0.237,27.37037,27.3,27.4,4.091889,4.09,4.093,551,578,0,0,0,0
2021-09-22T21:00:00Z,21,0,0,0,0.234571,0.234,0.237,27.504762,27.4,27.7,4.09019,4.088,4.092,580,606,0,0,0,0
2021-09-22T22:00:00Z,11,0,0,0,0.234182,0.233,0.236,27.554545,27.4,27.8,4.084091,4.082,4.087,610,630,0,0,0,0
2021-09-22T23:00:00Z,13,0.672615,0.503,1.094,0.233385,0.233,0.234,28.638462,28.2,29.3,4.080923,4.08,4.082,645,660,0,0,0,0
2021-09-23T00:00:00Z,22,1.514045,0.952,2.727,0.230773,0.229,0.233,30.936364,26.3,32.1,4.080273,4.08,4.082,663,688,0,0,0,0
2021-09-23T01:00:00Z,23,1.814261,1.097,2.673,0.229783,0.228,0.233,30.843478,21.4,34,4.079565,4.078,4.082,690,717,0,0,0,0
2021-09-23T02:00:00Z,20,2.51315,1.82,3.873,0.227,0.224,0.229,34.715,33.5,37.8,4.0785,4.078,4.08,718,745,0,0,0,0
2021-09-23T03:00:00Z,25,3.85512,2.079,5.531,0.22188,0.219,0.224,41.084,38.2,43.6,4.07872,4.078,4.08,746,773,0,0,0,0
2021-09-23T04:00:00Z,29,3.404862,1.28,5.364,0.220241,0.217,0.223,43.117241,40.7,46.2,4.078103,4.077,4.08,774,802,0,0,0,0
2021-09-23T05:00:00Z,29,2.660103,0.734,5.495,0.223,0.221,0.226,39.662069,37.8,41.4,4.076276,4.073,4.078,803,831,0,0,0,0
2021-09-23T06:00:00Z,28,2.975929,0.815,5.22,0.222571,0.218,0.227,40.571429,36.7,44.9,4.074821,4.073,4.078,832,859,0,0,0,0
2021-09-23T07:00:00Z,28,2.545071,1.1,5.195,0.222321,0.219,0.225,40.732143,38.4,43.3,4.072821,4.072,4.077,861,888,0,0,0,0
2021-09-23T08:00:00Z,26,0.983462,0.752,1.679,0.226654,0.224,0.228,35.25,33.8,38.3,4.069462,4.067,4.073,889,916,0,0,0,0
2021-09-23T09:00:00Z,28,0.232036,0,0.733,0.228929,0.228,0.231,32.735714,32.1,33.6,4.066179,4.064,4.067,917,945,0,0,0,0
2021-09-23T10:00:00Z,28,0,0,0,0.230036,0.229,0.233,31.789286,31.4,32.1,4.064643,4.064,4.067,946,973,0,0,0,0
2021-09-23T11:00:00Z,29,0,0,0,0.231414,0.23,0.233,30.844828,30.1,31.4,4.062552,4.059,4.065,974,1002,0,0,0,0
2021-09-23T12:00:00Z,29,0,0,0,0.232966,0.232,0.235,29.12069,28.7,30.1,4.060034,4.059,4.062,1003,1031,0,0,0,0
2021-09-23T13:00:00Z,25,0,0,0,0.2336,0.233,0.235,28.4,28.1,28.7,4.05792,4.055,4.06,1032,1059,0,0,0,0
2021-09-23T14:00:00Z,28,0,0,0,0.233714,0.233,0.235,28.1,28.1,28.1,4.05575,4.054,4.057,1060,1088,0,0,0,0
2021-09-23T15:00:00Z,28,0,0,0,0.233429,0.233,0.235,28.435714,28.1,28.6,4.054571,4.054,4.057,1089,1116,0,0,0,0
2021-09-23T16:00:00Z,29,0,0,0,0.233552,0.233,0.235,28.493103,28.2,28.6,4.054,4.052,4.055,1117,1145,0,0,0,0
2021-09-23T17:00:00Z,29,0,0,0,0.233828,0.233,0.236,28.337931,28.2,28.4,4.053931,4.052,4.055,1146,1174,0,0,0,0
2021-09-23T18:00:00Z,26,0,0,0,0.233231,0.233,0.235,28.665385,28.5,28.9,4.052538,4.05,4.054,1175,1202,0,0,0,0
2021-09-23T19:00:00Z,12,0,0,0,0.233,0.233,0.233,28.85,28.7,29.1,4.051083,4.049,4.052,1203,1229,0,0,0,0
2021-09-23T20:00:00Z,28,0,0,0,0.233857,0.233,0.236,28.407143,28.1,28.7,4.049714,4.049,4.052,1230,1257,0,0,0,0
2021-09-23T21:00:00Z,29,0,0,0,0.234,0.233,0.236,28.003448,27.9,28.1,4.048724,4.045,4.05,1258,1286,0,0,0,0
2021-09-23T22:00:00Z,29,0,0,0,0.234069,0.233,0.237,28.058621,28,28.4,4.048172,4.047,4.05,1287,1315,0,0,0,0
2021-09-23T23:00:00Z,28,0.503643,0,0.961,0.232964,0.232,0.236,29.032143,28.3,30,4.047643,4.044,4.05,1316,1343,0,0,0,0
2021-09-24T00:00:00Z,29,1.375655,0.987,1.912,0.230345,0.227,0.233,25.396552,21.1,31,4.047103,4.045,4.05,1344,1372,0,0,0,0
2021-09-24T01:00:00Z,24,2.152833,0.99,3.841,0.226958,0.224,0.23,26.833333,21.3,36.5,4.047583,4.045,4.049,1373,1399,0,0,0,0
2021-09-24T02:00:00Z,21,3.174762,1.057,4.223,0.223619,0.222,0.227,39.047619,37.1,40.9,4.047381,4.045,4.049,1400,1427,0,0,0,0
2021-09-24T03:00:00Z,26,3.638808,1.128,5.22,0.222462,0.22,0.227,40.815385,38.9,42.4,4.048077,4.047,4.05,1428,1456,0,0,0,0
2021-09-24T04:00:00Z,28,4.184036,1.285,5.387,0.217714,0.214,0.223,46.010714,42.8,48.7,4.048929,4.047,4.052,1457,1484,0,0,0,0
2021-09-24T05:00:00Z,29,2.730276,1.282,5.351,0.221138,0.218,0.228,41.82069,36,45.7,4.046379,4.044,4.05,1485,1513,0,0,0,0
2021-09-24T06:00:00Z,29,1.36631,0.764,2.368,0.23169,0.226,0.236,30.568966,28.6,35.4,4.040724,4.039,4.045,1514,1542,0,0,0,0
2021-09-24T07:00:00Z,26,0.658923,0.392,1.162,0.234269,0.233,0.236,28.115385,27.8,28.6,4.038423,4.037,4.04,1543,1570,0,0,0,0
2021-09-24T08:00:00Z,26,0.091423,0,0.365,0.233923,0.233,0.236,27.792308,27.7,28,4.037808,4.036,4.039,1571,1599,0,0,0,0
2021-09-24T09:00:00Z,27,0,0,0,0.234444,0.233,0.236,27.8,27.4,28.1,4.037148,4.036,4.039,1600,1627,0,0,0,0
2021-09-24T10:00:00Z,29,0,0,0,0.234828,0.234,0.236,27.396552,27.3,27.4,4.036241,4.034,4.037,1628,1656,0,0,0,0
2021-09-24T11:00:00Z,29,0,0,0,0.235345,0.234,0.238,27.372414,27.3,27.4,4.035621,4.032,4.037,1657,1685,0,0,0,0
2021-09-24T12:00:00Z,25,0,0,0,0.23508,0.234,0.237,27.412,27.4,27.6,4.03452,4.032,4.037,1686,1713,0,0,0,0
2021-09-24T13:00:00Z,24,0,0,0,0.234375,0.233,0.237,27.404167,27.4,27.5,4.033917,4.032,4.036,1714,1741,0,0,0,0
2021-09-24T14:00:00Z,29,0,0,0,0.234448,0.233,0.236,27.6,27.4,27.7,4.032793,4.031,4.036,1742,1770,0,0,0,0
2021-09-24T15:00:00Z,29,0,0,0,0.234172,0.233,0.236,27.817241,27.6,28.1,4.032552,4.031,4.034,1771,1799,0,0,0,0
2021-09-24T16:00:00Z,28,0,0,0,0.234571,0.234,0.238,27.903571,27.8,28.1,4.032321,4.031,4.034,1800,1827,0,0,0,0
2021-09-24T17:00:00Z,29,0,0,0,0.234517,0.234,0.237,27.731034,27.6,27.8,4.031759,4.031,4.034,1828,1856,0,0,0,0
2021-09-24T18:00:00Z,29,0,0,0,0.235034,0.234,0.237,27.517241,27.5,27.6,4.03169,4.031,4.034,1857,1885,0,0,0,0
2021-09-24T19:00:00Z,27,0,0,0,0.234778,0.234,0.237,27.5,27.4,27.7,4.031074,4.029,4.032,1886,1912,0,0,0,0
2021-09-24T20:00:00Z,29,0,0,0,0.234586,0.233,0.237,27.455172,27.4,27.7,4.030724,4.029,4.032,1914,1942,0,0,0,0
2021-09-24T21:00:00Z,28,0,0,0,0.235036,0.234,0.237,27.4,27.4,27.4,4.029857,4.029,4.031,1943,1970,0,0,0,0
2021-09-24T22:00:00Z,29,0,0,0,0.23531,0.234,0.238,27.431034,27.4,27.5,4.029897,4.029,4.031,1971,1999,0,0,0,0
2021-09-24T23:00:00Z,28,0.277643,0,0.629,0.234179,0.233,0.236,28.1,27.5,28.7,4.029429,4.027,4.031,2000,2027,0,0,0,0
2021-09-25T00:00:00Z,29,1.030241,0.654,1.828,0.231966,0.228,0.234,23.644828,20.9,29.1,4.029345,4.029,4.031,2028,2056,0,0,0,0
2021-09-25T01:00:00Z,29,3.936483,1.602,4.78,0.224172,0.22,0.231,37.555172,21.2,42.8,4.031379,4.029,4.034,2057,2085,0,0,0,0
2021-09-25T02:00:00Z,28,4.662393,1.418,5.28,0.21875,0.218,0.222,44.567857,43.3,45.7,4.032393,4.031,4.036,2086,2113,0,0,0,0
2021-09-25T03:00:00Z,29,3.993931,1.18,5.413,0.219,0.217,0.222,44.672414,42.5,47.3,4.031862,4.031,4.032,2114,2142,0,0,0,0
2021-09-25T04:00:00Z,29,3.190966,0.841,5.326,0.220552,0.215,0.228,42.924138,37.4,47.7,4.031069,4.029,4.034,2143,2171,0,0,0,0
2021-09-25T05:00:00Z,28,2.202179,1.449,4.569,0.225571,0.223,0.228,36.778571,35.3,38.7,4.029143,4.027,4.031,2172,2199,0,0,0,0
2021-09-25T06:00:00Z,29,2.614517,1.015,5.364,0.223069,0.219,0.228,40.058621,34.6,44.2,4.029276,4.029,4.031,2200,2228,0,0,0,0
2021-09-25T07:00:00Z,27,0.477296,0,1.149,0.231963,0.227,0.235,30.018519,28.1,34.2,4.027444,4.027,4.029,2229,2256,0,0,0,0
2021-09-25T08:00:00Z,27,0,0,0,0.234185,0.233,0.238,27.885185,27.7,28.1,4.027,4.027,4.027,2257,2285,0,0,0,0
2021-09-25T09:00:00Z,23,0,0,0,0.23413,0.233,0.236,28.104348,28,28.6,4.026913,4.026,4.027,2286,2313,0,0,0,0
2021-09-25T10:00:00Z,28,0,0,0,0.234321,0.233,0.237,27.789286,27.5,28,4.026857,4.026,4.027,2314,2342,0,0,0,0
2021-09-25T11:00:00Z,27,0,0,0,0.234519,0.233,0.236,27.581481,27.5,27.7,4.026556,4.024,4.027,2343,2371,0,0,0,0
2021-09-25T12:00:00Z,25,0,0,0,0.23428,0.233,0.236,27.772,27.6,28.6,4.02612,4.026,4.027,2372,2398,0,0,0,0
2021-09-25T13:00:00Z,27,0,0,0,0.234852,0.233,0.237,27.325926,26.5,28.1,4.02563,4.024,4.027,2399,2427,0,0,0,0
2021-09-25T14:00:00Z,25,0,0,0,0.23608,0.235,0.238,26.62,26.4,26.8,4.02572,4.024,4.027,2428,2455,0,0,0,0
2021-09-25T15:00:00Z,28,0,0,0,0.236607,0.235,0.238,26.385714,26.3,26.7,4.025,4.024,4.026,2456,2483,0,0,0,0
2021-09-25T16:00:00Z,28,0,0,0,0.236036,0.234,0.238,26.564286,26.2,27.4,4.023143,4.022,4.024,2484,2511,0,0,0,0
2021-09-25T17:00:00Z,28,0,0,0,0.236571,0.236,0.238,26.353571,26.2,26.7,4.023071,4.022,4.026,2512,2540,0,0,0,0
2021-09-25T18:00:00Z,27,0,0,0,0.236444,0.235,0.238,26.751852,26.6,27.2,4.022185,4.021,4.024,2541,2569,0,0,0,0
2021-09-25T19:00:00Z,28,0,0,0,0.236286,0.235,0.238,26.703571,26.7,26.8,4.021893,4.021,4.024,2570,2597,0,0,0,0
2021-09-25T20:00:00Z,29,0,0,0,0.23631,0.235,0.238,26.734483,26.7,26.9,4.021414,4.019,4.024,2598,2626,0,0,0,0
2021-09-25T21:00:00Z,19,0,0,0,0.236421,0.235,0.238,26.721053,26.6,26.9,4.021,4.019,4.024,2627,2654,0,0,0,0
2021-09-25T22:00:00Z,28,0,0,0,0.236393,0.235,0.238,26.717857,26.7,26.8,4.020321,4.017,4.022,2655,2682,0,0,0,0
2021-09-25T23:00:00Z,29,0.413207,0,0.869,0.235103,0.233,0.238,27.465517,26.8,28.2,4.019759,4.017,4.021,2683,2711,0,0,0,0
2021-09-26T00:00:00Z,29,1.837345,0.705,2.806,0.231172,0.227,0.236,26.534483,21,31.4,4.020621,4.019,4.022,2712,2740,0,0,0,0
2021-09-26T01:00:00Z,27,2.864222,1.863,4.252,0.226593,0.223,0.231,32.925926,21.3,38,4.020889,4.019,4.022,2741,2768,0,0,0,0
2021-09-26T02:00:00Z,29,3.226828,2.035,4.916,0.226034,0.222,0.23,36.496552,34,40.7,4.02131,4.019,4.024,2769,2797,0,0,0,0
2021-09-26T03:00:00Z,28,3.37225,1.135,5.257,0.220679,0.218,0.223,42.3,40.7,43.9,4.023071,4.021,4.026,2798,2825,0,0,0,0
2021-09-26T04:00:00Z,29,3.133586,1.187,5.399,0.222552,0.219,0.227,40.106897,37.9,43.3,4.021379,4.019,4.024,2826,2854,0,0,0,0
2021-09-26T05:00:00Z,29,3.211034,1.185,5.43,0.22069,0.216,0.224,42.37931,37.9,46,4.021862,4.019,4.026,2855,2883,0,0,0,0
2021-09-26T06:00:00Z,28,1.19975,0,5.13,0.225929,0.22,0.231,36.064286,32.1,42.5,4.020607,4.019,4.024,2884,2912,0,0,0,0
2021-09-26T07:00:00Z,28,0.352333,0,0.454,0.233,0.231,0.235,29.342857,28.8,31.5,4.016464,4.014,4.019,2913,2940,0,0,0,0
2021-09-26T08:00:00Z,29,0.023103,0,0.341,0.234379,0.233,0.238,28.265517,27.8,28.9,4.014552,4.012,4.017,2941,2969,0,0,0,0
2021-09-26T09:00:00Z,26,0,0,0,0.234385,0.233,0.236,28.242308,27.9,28.6,4.013462,4.012,4.016,2970,2997,0,0,0,0
2021-09-26T10:00:00Z,27,0,0,0,0.233741,0.233,0.236,28.585185,28.4,28.7,4.012741,4.011,4.016,2998,3026,0,0,0,0
2021-09-26T11:00:00Z,26,0,0,0,0.234231,0.233,0.236,28.307692,28.1,28.6,4.012115,4.011,4.014,3027,3055,0,0,0,0
2021-09-26T12:00:00Z,26,0,0,0,0.234462,0.233,0.237,28.111538,28,28.3,4.011385,4.011,4.012,3056,3083,0,0,0,0
2021-09-26T13:00:00Z,29,0,0,0,0.234345,0.233,0.237,27.782759,27.7,28,4.010966,4.009,4.012,3084,3112,0,0,0,0
2021-09-26T14:00:00Z,27,0,0,0,0.234593,0.234,0.236,27.677778,27.6,27.7,4.009333,4.007,4.012,3113,3140,0,0,0,0
2021-09-26T15:00:00Z,26,0,0,0,0.234462,0.234,0.237,27.723077,27.7,28,4.007769,4.007,4.009,3141,3169,0,0,0,0
2021-09-26T16:00:00Z,15,0,0,0,0.234,0.233,0.235,28.093333,28,28.2,4.0066,4.006,4.009,3170,3189,0,0,0,0
2021-09-26T17:00:00Z,22,0,0,0,0.234273,0.233,0.236,27.754545,27.6,28.1,4.004636,4.003,4.006,3203,3224,0,0,0,0
2021-09-26T18:00:00Z,26,0,0,0,0.234846,0.234,0.237,27.476923,27.4,27.7,4.004038,4.003,4.006,3225,3252,0,0,0,0
2021-09-26T19:00:00Z,29,0,0,0,0.235103,0.234,0.237,27.386207,27.3,27.4,4.003345,4.001,4.004,3253,3281,0,0,0,0
2021-09-26T20:00:00Z,28,0,0,0,0.235536,0.234,0.237,27.235714,27,27.4,4.002179,3.999,4.004,3282,3309,0,0,0,0
2021-09-26T21:00:00Z,28,0,0,0,0.236071,0.235,0.238,26.921429,26.8,27,4.000857,3.999,4.003,3310,3337,0,0,0,0
2021-09-26T22:00:00Z,29,0,0,0,0.235897,0.235,0.238,26.896552,26.8,27.1,4.000034,3.999,4.001,3338,3366,0,0,0,0
2021-09-26T23:00:00Z,29,0.53369,0,2.674,0.234724,0.233,0.237,27.886207,27.2,29.6,3.999138,3.998,4.001,3367,3395,0,0,0,0
2021-09-27T00:00:00Z,28,1.828786,1.013,3.829,0.227464,0.224,0.233,33.132143,21.4,36.7,3.999857,3.999,4.001,3396,3423,0,0,0,0
2021-09-27T01:00:00Z,27,3.701037,2.102,4.598,0.223741,0.22,0.228,38.803704,34.6,43.3,3.999741,3.999,4.001,3424,3451,0,0,0,0
2021-09-27T02:00:00Z,24,4.836292,3.357,5.151,0.219,0.217,0.222,44.55,43.3,46.2,3.999583,3.999,4.001,3452,3478,0,0,0,0
2021-09-27T03:00:00Z,21,4.710571,1.54,5.441,0.218952,0.217,0.221,44.5,42.2,47.2,3.999,3.999,3.999,3480,3507,0,0,0,0
2021-09-27T04:00:00Z,27,4.845481,1.422,5.453,0.215963,0.214,0.219,48.155556,46.7,49.1,3.998778,3.998,3.999,3508,3536,0,0,0,0
2021-09-27T05:00:00Z,28,4.563571,1.075,5.395,0.214893,0.213,0.219,48.85,45.9,50.7,3.99775,3.996,3.999,3537,3564,0,0,0,0
2021-09-27T06:00:00Z,27,4.230741,1.139,5.172,0.215519,0.213,0.22,48.544444,42.3,51.2,3.996037,3.993,3.999,3565,3592,0,0,0,0
2021-09-27T07:00:00Z,26,3.780654,0.779,5.123,0.219846,0.218,0.223,43.534615,39.5,47.1,3.993,3.991,3.994,3594,3621,0,0,0,0
2021-09-27T08:00:00Z,27,3.206259,0.638,4.831,0.221556,0.217,0.226,41.955556,38.1,46.2,3.991593,3.988,3.994,3622,3650,0,0,0,0
2021-09-27T09:00:00Z,29,1.484276,0,3.306,0.224207,0.223,0.228,38.468966,36.2,39.4,3.988103,3.986,3.991,3651,3679,0,0,0,0
2021-09-27T10:00:00Z,27,0,0,0,0.228593,0.226,0.23,33.151852,31.9,35.5,3.984407,3.981,3.988,3680,3707,0,0,0,0
2021-09-27T11:00:00Z,29,0,0,0,0.230759,0.229,0.233,31.47931,31.2,31.9,3.98231,3.979,3.984,3708,3736,0,0,0,0
2021-09-27T12:00:00Z,28,0,0,0,0.231679,0.231,0.233,30.642857,30.4,31.2,3.979107,3.976,3.981,3737,3764,0,0,0,0
2021-09-27T13:00:00Z,26,0,0,0,0.232077,0.231,0.233,30.180769,30.1,30.6,3.977846,3.976,3.979,3766,3793,0,0,0,0
2021-09-27T14:00:00Z,28,0,0,0,0.23225,0.231,0.234,30.1,30.1,30.1,3.976214,3.976,3.978,3794,3822,0,0,0,0
2021-09-27T15:00:00Z,28,0,0,0,0.232357,0.231,0.234,30.1,30.1,30.1,3.975929,3.974,3.976,3823,3850,0,0,0,0
2021-09-27T16:00:00Z,29,0,0,0,0.232517,0.232,0.234,29.889655,29.6,30.1,3.974552,3.974,3.976,3851,3879,0,0,0,0
2021-09-27T17:00:00Z,29,0,0,0,0.232966,0.232,0.234,29.631034,29.6,29.8,3.973862,3.973,3.974,3880,3908,0,0,0,0
2021-09-27T18:00:00Z,28,0,0,0,0.233214,0.233,0.235,29.457143,29.2,29.6,3.973357,3.973,3.974,3909,3936,0,0,0,0
2021-09-27T19:00:00Z,29,0,0,0,0.233276,0.233,0.235,29.182759,29.1,29.3,3.972517,3.97,3.974,3937,3965,0,0,0,0
2021-09-27T20:00:00Z,28,0,0,0,0.233071,0.233,0.234,28.975,28.8,29.1,3.970179,3.968,3.971,3966,3993,0,0,0,0
2021-09-27T21:00:00Z,29,0,0,0,0.23331,0.233,0.235,28.782759,28.7,28.9,3.967448,3.965,3.97,3994,4022,0,0,0,0
2021-09-27T22:00:00Z,29,0,0,0,0.233379,0.233,0.236,28.672414,28.6,28.7,3.963759,3.961,3.968,4023,4051,0,0,0,0
2021-09-27T23:00:00Z,27,0.317385,0,0.872,0.233148,0.232,0.236,29.262963,28.7,30,3.960593,3.958,3.963,4052,4079,0,0,0,0
2021-09-28T00:00:00Z,27,2.102333,1.18,3.122,0.228481,0.225,0.233,33.67037,30.1,36.4,3.95963,3.958,3.961,4080,4107,0,0,0,0
2021-09-28T01:00:00Z,22,3.690045,3.017,4.616,0.2225,0.218,0.227,40.009091,36.6,43.3,3.957773,3.955,3.96,4109,4135,0,0,0,0
2021-09-28T02:00:00Z,25,3.48344,0.951,5.103,0.22008,0.218,0.223,42.728,41.8,43.4,3.95524,3.951,3.958,4136,4163,0,0,0,0
2021-09-28T03:00:00Z,28,4.289,1.369,5.18,0.218857,0.217,0.223,44.628571,42.3,46.5,3.953357,3.951,3.955,4164,4192,0,0,0,0
2021-09-28T04:00:00Z,29,4.63569,1.198,5.469,0.215828,0.213,0.218,48.048276,46.1,50.5,3.95231,3.95,3.955,4193,4221,0,0,0,0
2021-09-28T05:00:00Z,28,2.526929,0.8,5.307,0.219893,0.214,0.227,43.160714,37.9,49.4,3.949393,3.946,3.953,4222,4249,0,0,0,0
2021-09-28T06:00:00Z,29,2.975862,1.266,5.148,0.221414,0.218,0.224,41.682759,38.8,45,3.946414,3.945,3.948,4250,4278,0,0,0,0
2021-09-28T07:00:00Z,28,1.143714,0.331,4.37,0.224929,0.218,0.23,37.485714,32.1,44.4,3.943071,3.94,3.946,4279,4306,0,0,0,0
2021-09-28T08:00:00Z,26,0.5215,0,0.977,0.229423,0.229,0.232,32.561538,32.1,32.7,3.936846,3.933,3.941,4307,4334,0,0,0,0
2021-09-28T09:00:00Z,29,0.050069,0,0.587,0.230483,0.229,0.233,31.662069,30.9,32.6,3.93269,3.93,3.937,4335,4363,0,0,0,0
2021-09-28T10:00:00Z,29,0,0,0,0.231966,0.231,0.233,30.544828,30.2,31,3.928517,3.927,3.932,4364,4392,0,0,0,0
2021-09-28T11:00:00Z,28,0,0,0,0.23275,0.231,0.234,29.6,29,30.2,3.926286,3.923,3.928,4393,4420,0,0,0,0
2021-09-28T12:00:00Z,27,0,0,0,0.232778,0.232,0.234,30.003704,29.8,30.1,3.923519,3.923,3.925,4421,4448,0,0,0,0
2021-09-28T13:00:00Z,27,0,0,0,0.232704,0.232,0.234,29.985185,29.8,30.1,3.922778,3.922,3.923,4450,4477,0,0,0,0
2021-09-28T14:00:00Z,28,0,0,0,0.232429,0.232,0.234,29.964286,29.7,30.1,3.921964,3.92,3.923,4478,4506,0,0,0,0
2021-09-28T15:00:00Z,28,0,0,0,0.233286,0.233,0.235,29.260714,28.7,29.8,3.921286,3.92,3.922,4507,4534,0,0,0,0
2021-09-28T16:00:00Z,29,0,0,0,0.23331,0.233,0.235,28.696552,28.6,28.7,3.919103,3.915,3.92,4535,4563,0,0,0,0
2021-09-28T17:00:00Z,29,0,0,0,0.233276,0.232,0.235,28.855172,28.7,29.1,3.917276,3.913,3.92,4564,4592,0,0,0,0
2021-09-28T18:00:00Z,29,0,0,0,0.233172,0.233,0.234,28.948276,28.7,29.1,3.915345,3.913,3.918,4593,4621,0,0,0,0
2021-09-28T19:00:00Z,28,0,0,0,0.233429,0.233,0.236,28.810714,28.6,29.1,3.913571,3.912,3.915,4622,4649,0,0,0,0
2021-09-28T20:00:00Z,29,0,0,0,0.233276,0.233,0.236,29.141379,28.7,29.4,3.911862,3.908,3.913,4650,4678,0,0,0,0
2021-09-28T21:00:00Z,28,0,0,0,0.233179,0.233,0.235,28.692857,28.6,28.8,3.908607,3.907,3.91,4679,4706,0,0,0,0
2021-09-28T22:00:00Z,27,0,0,0,0.233815,0.233,0.237,28.648148,28.6,28.8,3.906037,3.904,3.907,4708,4734,0,0,0,0
2021-09-28T23:00:00Z,29,0,0,0,0.233069,0.233,0.234,28.906897,28.6,29.4,3.904379,3.904,3.905,4735,4763,0,0,0,0
2021-09-29T00:00:00Z,28,1.129143,0.392,2.824,0.230964,0.225,0.236,27.871429,21.1,33,3.903679,3.902,3.905,4764,4791,0,0,0,0
2021-09-29T01:00:00Z,26,3.284269,2.386,4.421,0.224346,0.222,0.228,38.042308,34,41.3,3.904808,3.902,3.907,4792,4820,0,0,0,0
2021-09-29T02:00:00Z,25,4.836,3.911,5.074,0.21804,0.215,0.223,45.564,42,48.3,3.90708,3.905,3.908,4821,4848,0,0,0,0
2021-09-29T03:00:00Z,27,3.574333,1.713,5.175,0.218852,0.214,0.225,44.522222,39.6,48.8,3.905481,3.904,3.907,4850,4876,0,0,0,0
2021-09-29T04:00:00Z,29,2.827345,0.913,5.071,0.220793,0.217,0.225,42.158621,38.2,46.4,3.903414,3.9,3.907,4877,4905,0,0,0,0
2021-09-29T05:00:00Z,28,2.855321,0.708,5.331,0.222893,0.218,0.227,39.825,35.4,46,3.901107,3.899,3.904,4906,4933,0,0,0,0
2021-09-29T06:00:00Z,29,3.508759,1.571,5.003,0.221172,0.217,0.226,41.693103,39.4,45.2,3.900241,3.897,3.904,4934,4962,0,0,0,0
2021-09-29T07:00:00Z,28,3.018679,1.59,4.754,0.220714,0.218,0.223,42.632143,40.8,45.3,3.899821,3.897,3.904,4963,4990,0,0,0,0
2021-09-29T08:00:00Z,29,1.861793,0.48,3.932,0.223793,0.221,0.228,38.568966,36.7,41.2,3.896655,3.895,3.899,4991,5019,0,0,0,0
2021-09-29T09:00:00Z,29,0.056345,0,0.446,0.229379,0.225,0.233,32.862069,31.1,36.7,3.894448,3.892,3.897,5020,5048,0,0,0,0
2021-09-29T10:00:00Z,20,0,0,0,0.2315,0.23,0.233,31.01,30.6,31.3,3.8924,3.89,3.894,5049,5075,0,0,0,0
2021-09-29T11:00:00Z,5,0,0,0,0.2324,0.232,0.233,30.5,30.1,30.6,3.8892,3.887,3.89,5076,5091,0,0,0,0
2021-09-29T12:00:00Z,14,0,0,0,0.233286,0.233,0.236,29.457143,29.2,29.8,3.884786,3.884,3.885,5116,5129,0,0,0,0
2021-09-29T13:00:00Z,28,0,0,0,0.23325,0.232,0.235,29.121429,29,29.3,3.884679,3.882,3.887,5130,5157,0,0,0,0
2021-09-29T14:00:00Z,28,0,0,0,0.233071,0.232,0.235,29.217857,29.1,29.4,3.882607,3.88,3.885,5159,5186,0,0,0,0
2021-09-29T15:00:00Z,29,0,0,0,0.232552,0.232,0.234,29.624138,29.4,30,3.881862,3.88,3.884,5187,5215,0,0,0,0
2021-09-29T16:00:00Z,29,0,0,0,0.232897,0.232,0.234,29.734483,29.6,30,3.881793,3.88,3.884,5216,5244,0,0,0,0
2021-09-29T17:00:00Z,28,0,0,0,0.233,0.232,0.234,29.525,29.4,29.6,3.880393,3.879,3.884,5245,5272,0,0,0,0
2021-09-29T18:00:00Z,29,0,0,0,0.234,0.233,0.236,28.117241,27.4,29.4,3.879241,3.877,3.882,5273,5301,0,0,0,0
2021-09-29T19:00:00Z,28,0,0,0,0.23525,0.234,0.237,27.335714,27.3,27.4,3.877714,3.875,3.879,5302,5329,0,0,0,0
2021-09-29T20:00:00Z,29,0,0,0,0.235276,0.234,0.238,27.275862,27.1,27.4,3.876345,3.874,3.88,5330,5358,0,0,0,0
2021-09-29T21:00:00Z,29,0,0,0,0.235276,0.234,0.238,27.341379,27.3,27.4,3.875586,3.874,3.877,5359,5387,0,0,0,0
2021-09-29T22:00:00Z,28,0,0,0,0.234893,0.234,0.237,27.403571,27.3,27.5,3.875036,3.874,3.877,5388,5415,0,0,0,0
2021-09-29T23:00:00Z,28,0,0,0,0.235679,0.235,0.238,27.15,26.8,27.4,3.874357,3.874,3.875,5416,5444,0,0,0,0
2021-09-30T00:00:00Z,13,0,0,0,0.235385,0.234,0.237,27.207692,27,27.4,3.872231,3.871,3.874,5446,5471,0,0,0,0
2021-09-30T01:00:00Z,21,0.772857,0,2.238,0.235095,0.233,0.237,27.685714,27,29,3.871476,3.871,3.872,5472,5499,0,0,0,0
2021-09-30T02:00:00Z,25,3.8688,2.65,5.153,0.22556,0.221,0.233,35.548,22,41.3,3.87576,3.871,3.88,5500,5528,0,0,0,0
2021-09-30T03:00:00Z,28,2.690786,2.424,3.586,0.226893,0.223,0.229,35.225,34,39.3,3.876036,3.874,3.879,5529,5556,0,0,0,0
2021-09-30T04:00:00Z,29,2.596793,2.073,2.966,0.227586,0.227,0.23,34.710345,34.3,35,3.874586,3.874,3.877,5557,5585,0,0,0,0
2021-09-30T05:00:00Z,28,2.132893,1.946,2.543,0.227964,0.227,0.23,34.15,33.5,34.6,3.874429,3.874,3.875,5586,5613,0,0,0,0
2021-09-30T06:00:00Z,29,3.034138,2.233,4.196,0.225207,0.221,0.228,37.131034,34.2,38.3,3.874759,3.872,3.877,5614,5642,0,0,0,0
2021-09-30T07:00:00Z,27,3.197037,1.741,4.474,0.222778,0.219,0.227,39.814815,36.8,44.3,3.876111,3.874,3.879,5643,5670,0,0,0,0
2021-09-30T08:00:00Z,28,2.41,1.077,4.042,0.22425,0.221,0.228,39.085714,35.6,42,3.876,3.874,3.879,5671,5699,0,0,0,0
2021-09-30T09:00:00Z,28,0.757536,0,1.548,0.227679,0.225,0.231,34.228571,32.1,35.9,3.873929,3.872,3.875,5700,5727,0,0,0,0
2021-09-30T10:00:00Z,29,0.011241,0,0.326,0.231828,0.23,0.234,30.762069,30.1,31.9,3.872034,3.871,3.874,5728,5756,0,0,0,0
2021-09-30T11:00:00Z,29,0,0,0,0.233034,0.232,0.234,29.82069,29.5,30.1,3.871172,3.871,3.872,5757,5785,0,0,0,0
2021-09-30T12:00:00Z,29,0,0,0,0.233138,0.233,0.235,29.193103,29.1,29.4,3.871103,3.871,3.872,5786,5814,0,0,0,0
2021-09-30T13:00:00Z,28,0,0,0,0.233107,0.233,0.234,29.078571,29,29.1,3.870714,3.869,3.871,5815,5842,0,0,0,0
2021-09-30T14:00:00Z,29,0,0,0,0.233241,0.233,0.235,29.227586,29,29.4,3.870517,3.869,3.871,5843,5871,0,0,0,0
2021-09-30T15:00:00Z,28,0,0,0,0.233286,0.233,0.235,29.103571,28.9,29.3,3.869071,3.867,3.871,5872,5899,0,0,0,0
2021-09-30T16:00:00Z,29,0,0,0,0.233345,0.233,0.235,28.831034,28.7,29,3.869,3.869,3.869,5900,5928,0,0,0,0
2021-09-30T17:00:00Z,29,0,0,0,0.233345,0.233,0.236,28.662069,28.6,28.7,3.868862,3.867,3.869,5929,5957,0,0,0,0
2021-09-30T18:00:00Z,28,0,0,0,0.234,0.233,0.236,28.457143,28.2,28.6,3.868714,3.867,3.869,5958,5985,0,0,0,0
2021-09-30T19:00:00Z,29,0,0,0,0.233931,0.233,0.236,28.231034,28.1,28.4,3.867621,3.867,3.869,5986,6014,0,0,0,0
2021-09-30T20:00:00Z,28,0,0,0,0.233786,0.233,0.235,28.1,28.1,28.1,3.866964,3.866,3.867,6015,6042,0,0,0,0
2021-09-30T21:00:00Z,29,0,0,0,0.234414,0.233,0.236,28.027586,27.9,28.1,3.866759,3.864,3.869,6043,6071,0,0,0,0
2021-09-30T22:00:00Z,28,0,0,0,0.23425,0.233,0.236,28.107143,27.9,28.6,3.866393,3.866,3.867,6072,6099,0,0,0,0
2021-09-30T23:00:00Z,28,0.154714,0,0.708,0.2335,0.232,0.236,29,28.6,29.6,3.865464,3.864,3.867,6100,6128,0,0,0,0
2021-10-01T00:00:00Z,28,1.82075,0.761,3.078,0.230071,0.223,0.233,29.978571,21.8,35,3.866214,3.864,3.867,6129,6156,0,0,0,0
2021-10-01T01:00:00Z,27,2.337407,1.18,4.195,0.226296,0.223,0.228,35.851852,34,38,3.867037,3.866,3.869,6157,6185,0,0,0,0
2021-10-01T02:00:00Z,23,3.835304,1.651,4.992,0.222652,0.218,0.23,39.669565,35.1,44.2,3.867783,3.866,3.869,6186,6213,0,0,0,0
2021-10-01T03:00:00Z,28,3.826607,1.484,4.979,0.218571,0.216,0.222,44.585714,43.3,46.2,3.868214,3.867,3.869,6214,6242,0,0,0,0
2021-10-01T04:00:00Z,28,3.496286,1.133,5.2,0.219821,0.217,0.226,43.442857,38.7,46.7,3.868429,3.867,3.869,6243,6270,0,0,0,0
2021-10-01T05:00:00Z,27,1.579037,1.092,2.235,0.228111,0.223,0.232,33.966667,31.6,38.2,3.865444,3.862,3.867,6271,6299,0,0,0,0
2021-10-01T06:00:00Z,29,2.850034,1.53,5.174,0.226621,0.224,0.229,35.534483,32.5,37.4,3.863517,3.862,3.866,6300,6328,0,0,0,0
2021-10-01T07:00:00Z,28,0.571429,0,1.387,0.228321,0.226,0.231,33.575,32.1,35.5,3.862179,3.861,3.864,6329,6356,0,0,0,0
2021-10-01T08:00:00Z,29,0.145103,0,0.424,0.232,0.23,0.234,30.493103,29.5,32.1,3.859517,3.857,3.862,6357,6385,0,0,0,0
2021-10-01T09:00:00Z,28,0.31225,0,0.472,0.233214,0.233,0.235,29.307143,29.1,29.6,3.857071,3.854,3.861,6386,6413,0,0,0,0
2021-10-01T10:00:00Z,29,0,0,0,0.23331,0.233,0.235,29.12069,28.9,29.3,3.855517,3.854,3.857,6414,6442,0,0,0,0
2021-10-01T11:00:00Z,28,0,0,0,0.233286,0.233,0.235,29,28.9,29.1,3.854786,3.854,3.856,6443,6471,0,0,0,0
2021-10-01T12:00:00Z,27,0,0,0,0.233185,0.233,0.235,28.918519,28.6,29.3,3.854,3.852,3.856,6472,6499,0,0,0,0
2021-10-01T13:00:00Z,27,0,0,0,0.234333,0.233,0.237,27.951852,27.6,28.6,3.852296,3.851,3.854,6500,6528,0,0,0,0
2021-10-01T14:00:00Z,28,0,0,0,0.2345,0.234,0.236,27.853571,27.6,28.1,3.851071,3.849,3.852,6529,6557,0,0,0,0
2021-10-01T15:00:00Z,28,0,0,0,0.235143,0.234,0.238,27.532143,26.8,28.5,3.849857,3.847,3.852,6558,6585,0,0,0,0
2021-10-01T16:00:00Z,28,0,0,0,0.235714,0.235,0.238,26.825,26.7,27.2,3.847464,3.846,3.849,6586,6614,0,0,0,0
2021-10-01T17:00:00Z,28,0,0,0,0.235607,0.234,0.238,26.946429,26.7,27.2,3.847036,3.846,3.849,6615,6642,0,0,0,0
2021-10-01T18:00:00Z,29,0,0,0,0.236172,0.235,0.238,26.917241,26.8,27.1,3.846586,3.846,3.847,6643,6671,0,0,0,0
2021-10-01T19:00:00Z,28,0,0,0,0.236036,0.235,0.238,26.942857,26.8,27,3.846071,3.844,3.847,6672,6699,0,0,0,0
2021-10-01T20:00:00Z,29,0,0,0,0.236241,0.234,0.238,26.737931,26.7,26.9,3.844241,3.842,3.847,6700,6728,0,0,0,0
2021-10-01T21:00:00Z,29,0,0,0,0.236655,0.235,0.238,26.627586,26.5,26.7,3.843586,3.842,3.846,6729,6757,0,0,0,0
2021-10-01T22:00:00Z,28,0,0,0,0.236821,0.236,0.238,26.382143,26.3,26.6,3.842536,3.841,3.844,6758,6785,0,0,0,0
2021-10-01T23:00:00Z,29,0.551483,0,2.046,0.234931,0.233,0.238,27.596552,26.6,29.3,3.842069,3.841,3.844,6786,6814,0,0,0,0
2021-10-02T00:00:00Z,28,1.650964,0.92,3.055,0.230679,0.229,0.233,30.607143,23.6,32.7,3.842893,3.841,3.846,6815,6842,0,0,0,0
2021-10-02T01:00:00Z,28,1.927857,1.013,4.374,0.229429,0.228,0.232,31.314286,21.5,34.3,3.842429,3.841,3.844,6844,6871,0,0,0,0
2021-10-02T02:00:00Z,28,1.817429,0,4.059,0.228071,0.226,0.233,34.146429,30.7,35.8,3.841929,3.841,3.844,6872,6899,0,0,0,0
2021-10-02T03:00:00Z,27,0.384296,0,0.715,0.234556,0.233,0.236,27.911111,27.4,30.1,3.839852,3.838,3.841,6900,6928,0,0,0,0
2021-10-02T04:00:00Z,26,0.891154,0.554,1.289,0.234077,0.233,0.236,28.403846,27.6,28.8,3.838192,3.836,3.839,6929,6956,0,0,0,0
2021-10-02T05:00:00Z,25,1.12496,0.37,1.53,0.23332,0.233,0.235,27.652,22.9,29.9,3.8372,3.834,3.839,6957,6984,0,0,0,0
2021-10-02T06:00:00Z,16,1.395,0.815,1.772,0.231313,0.23,0.233,29.7625,23.7,31.7,3.835375,3.834,3.838,6985,7011,0,0,0,0
2021-10-02T07:00:00Z,29,1.077172,0.629,1.364,0.230966,0.229,0.233,31.310345,30.9,31.6,3.834931,3.833,3.838,7012,7040,0,0,0,0
2021-10-02T08:00:00Z,29,0.586793,0.418,0.813,0.231793,0.23,0.233,30.375862,30.1,31.1,3.834138,3.829,3.836,7041,7069,0,0,0,0
2021-10-02T09:00:00Z,28,0.291893,0,0.541,0.233,0.231,0.236,29.296429,27.4,30.4,3.832607,3.829,3.836,7070,7097,0,0,0,0
2021-10-02T10:00:00Z,28,0,0,0,0.235321,0.234,0.238,27.146429,26.5,27.4,3.83,3.828,3.834,7098,7126,0,0,0,0
2021-10-02T11:00:00Z,26,0,0,0,0.237154,0.236,0.238,26.161538,26.1,26.3,3.827923,3.824,3.829,7127,7154,0,0,0,0
2021-10-02T12:00:00Z,29,0,0,0,0.237069,0.236,0.238,26.1,26.1,26.1,3.825586,3.823,3.829,7155,7183,0,0,0,0
2021-10-02T13:00:00Z,27,0,0,0,0.237148,0.236,0.24,26.166667,26.1,26.2,3.823889,3.823,3.826,7184,7211,0,0,0,0
2021-10-02T14:00:00Z,29,0,0,0,0.237034,0.236,0.239,26.162069,26.1,26.3,3.823448,3.823,3.826,7212,7240,0,0,0,0
2021-10-02T15:00:00Z,28,0,0,0,0.237679,0.237,0.239,26.096429,26,26.1,3.822821,3.821,3.824,7242,7269,0,0,0,0
2021-10-02T16:00:00Z,28,0,0,0,0.237429,0.237,0.238,26.135714,26.1,26.2,3.821821,3.821,3.824,7270,7297,0,0,0,0
2021-10-02T17:00:00Z,27,0,0,0,0.237148,0.236,0.238,26.144444,26.1,26.3,3.820111,3.819,3.823,7299,7326,0,0,0,0
2021-10-02T18:00:00Z,29,0,0,0,0.237345,0.236,0.239,26.103448,26.1,26.2,3.819448,3.818,3.821,7327,7355,0,0,0,0
2021-10-02T19:00:00Z,28,0,0,0,0.237107,0.236,0.238,26.182143,26.1,26.2,3.818464,3.818,3.819,7356,7383,0,0,0,0
2021-10-02T20:00:00Z,29,0,0,0,0.237172,0.236,0.238,26.22069,26.1,26.3,3.818034,3.818,3.819,7384,7412,0,0,0,0
2021-10-02T21:00:00Z,28,0,0,0,0.237214,0.236,0.239,26.278571,26.2,26.4,3.817929,3.816,3.818,7413,7440,0,0,0,0
2021-10-02T22:00:00Z,29,0,0,0,0.237276,0.236,0.238,26.144828,26.1,26.2,3.817034,3.816,3.818,7441,7469,0,0,0,0
2021-10-02T23:00:00Z,29,0.442276,0,0.741,0.236276,0.235,0.239,26.92069,26.2,27.7,3.816345,3.816,3.818,7470,7498,0,0,0,0
2021-10-03T00:00:00Z,28,2.218429,0.652,3.65,0.231357,0.228,0.236,28.5,21.8,32.6,3.816857,3.816,3.818,7499,7526,0,0,0,0
2021-10-03T01:00:00Z,28,2.671393,1.677,4.608,0.226857,0.225,0.23,34.282143,21.8,36.2,3.817429,3.816,3.818,7527,7555,0,0,0,0
2021-10-03T02:00:00Z,28,1.911214,1.628,2.755,0.228179,0.225,0.231,33.389286,32.7,35.5,3.817071,3.816,3.818,7556,7583,0,0,0,0
2021-10-03T03:00:00Z,29,1.510276,0.961,1.922,0.229103,0.228,0.231,32.593103,32.3,32.8,3.816,3.816,3.816,7584,7612,0,0,0,0
2021-10-03T04:00:00Z,28,1.920143,1.126,2.407,0.228429,0.227,0.231,33.707143,32.7,34.6,3.816,3.816,3.816,7613,7640,0,0,0,0
2021-10-03T05:00:00Z,29,1.805379,0.971,2.468,0.228655,0.228,0.232,33.213793,32.5,34.3,3.815862,3.814,3.816,7641,7669,0,0,0,0
2021-10-03T06:00:00Z,28,2.510643,1.886,2.816,0.22675,0.225,0.228,35.478571,34.5,36.4,3.816,3.816,3.816,7670,7698,0,0,0,0
2021-10-03T07:00:00Z,28,1.508929,1.179,1.946,0.228536,0.226,0.233,33.453571,32.3,35.3,3.814929,3.814,3.816,7699,7726,0,0,0,0
2021-10-03T08:00:00Z,29,1.090414,0.887,1.21,0.229862,0.229,0.232,32.227586,32.1,32.4,3.813759,3.813,3.814,7727,7755,0,0,0,0
2021-10-03T09:00:00Z,29,0.657,0.326,0.869,0.23069,0.229,0.233,31.689655,31.3,32.1,3.813069,3.811,3.814,7756,7784,0,0,0,0
2021-10-03T10:00:00Z,28,0,0,0,0.232286,0.231,0.233,30.360714,30.1,31.2,3.812071,3.809,3.814,7785,7812,0,0,0,0
2021-10-03T11:00:00Z,28,0,0,0,0.232821,0.232,0.234,30.003571,29.7,30.1,3.810071,3.808,3.811,7813,7841,0,0,0,0
2021-10-03T12:00:00Z,28,0,0,0,0.233,0.232,0.234,29.457143,29.2,29.7,3.808929,3.808,3.811,7842,7869,0,0,0,0
2021-10-03T13:00:00Z,29,0,0,0,0.233414,0.233,0.236,28.872414,28.3,29.3,3.807207,3.805,3.809,7870,7898,0,0,0,0
2021-10-03T14:00:00Z,28,0,0,0,0.234214,0.233,0.236,28.089286,28,28.2,3.805571,3.803,3.808,7899,7927,0,0,0,0
2021-10-03T15:00:00Z,28,0,0,0,0.234107,0.233,0.236,28.275,28.1,28.5,3.80325,3.801,3.806,7928,7955,0,0,0,0
2021-10-03T16:00:00Z,29,0,0,0,0.234241,0.233,0.236,28.2,28.1,28.3,3.800621,3.8,3.801,7956,7984,0,0,0,0
2021-10-03T17:00:00Z,28,0,0,0,0.23425,0.233,0.236,28.071429,27.9,28.2,3.799964,3.798,3.803,7985,8012,0,0,0,0
2021-10-03T18:00:00Z,29,0,0,0,0.234552,0.234,0.236,27.755172,27.7,27.9,3.799034,3.796,3.8,8013,8041,0,0,0,0
2021-10-03T19:00:00Z,28,0,0,0,0.234607,0.234,0.237,27.692857,27.6,27.7,3.797,3.796,3.8,8042,8069,0,0,0,0
2021-10-03T20:00:00Z,29,0,0,0,0.234793,0.234,0.236,27.593103,27.5,27.7,3.795414,3.793,3.798,8070,8098,0,0,0,0
2021-10-03T21:00:00Z,29,0,0,0,0.235138,0.234,0.237,27.52069,27.4,27.6,3.794483,3.793,3.796,8099,8127,0,0,0,0
2021-10-03T22:00:00Z,28,0,0,0,0.235679,0.234,0.238,27.389286,27.3,27.4,3.792786,3.791,3.795,8128,8155,0,0,0,0
2021-10-03T23:00:00Z,29,0.305897,0,0.656,0.234552,0.233,0.237,27.958621,27.4,29.1,3.791759,3.791,3.795,8156,8184,0,0,0,0
2021-10-04T00:00:00Z,28,0.843179,0.706,1.187,0.232893,0.231,0.235,29.942857,29.2,30.6,3.791214,3.79,3.793,8185,8212,0,0,0,0
2021-10-04T01:00:00Z,24,1.553667,1.261,1.858,0.230542,0.228,0.233,31.8875,30.8,32.7,3.790375,3.79,3.791,8213,8240,0,0,0,0
2021-10-04T02:00:00Z,23,1.577957,1.34,1.93,0.229174,0.228,0.232,32.356522,28.8,32.7,3.789957,3.788,3.791,8241,8266,0,0,0,0
2021-10-04T03:00:00Z,19,2.069789,1.882,2.361,0.227842,0.227,0.231,34.168421,33,35.2,3.787895,3.786,3.79,8270,8296,0,0,0,0
2021-10-04T04:00:00Z,18,1.439833,1.087,1.804,0.228333,0.227,0.231,33.95,33.5,34.6,3.785167,3.783,3.786,8300,8322,0,0,0,0
2021-10-04T05:00:00Z,22,1.927227,1.279,2.555,0.2275,0.227,0.229,34.690909,34,35.3,3.781091,3.78,3.783,8325,8352,0,0,0,0
2021-10-04T06:00:00Z,29,2.392172,1.522,4.49,0.225207,0.222,0.228,37.031034,35.4,40.6,3.778276,3.776,3.781,8353,8381,0,0,0,0
2021-10-04T07:00:00Z,28,1.927214,1.449,3.062,0.224357,0.221,0.228,38.275,36.2,40.7,3.776929,3.775,3.78,8382,8409,0,0,0,0
2021-10-04T08:00:00Z,29,1.543241,1.038,2.017,0.226655,0.224,0.229,35.513793,34.6,36.7,3.774276,3.772,3.776,8410,8438,0,0,0,0
2021-10-04T09:00:00Z,29,0.605276,0,1.012,0.228966,0.227,0.231,33.3,32.3,34.5,3.772241,3.77,3.775,8439,8467,0,0,0,0
2021-10-04T10:00:00Z,28,0,0,0,0.231286,0.23,0.233,31.521429,31.2,32.1,3.76875,3.767,3.77,8468,8495,0,0,0,0
2021-10-04T11:00:00Z,29,0,0,0,0.232,0.231,0.233,30.368966,26,31.2,3.767586,3.767,3.768,8496,8524,0,0,0,0
2021-10-04T12:00:00Z,28,0,0,0,0.232429,0.231,0.236,29.782143,26.2,30.4,3.765714,3.765,3.767,8525,8552,0,0,0,0
2021-10-04T13:00:00Z,29,0,0,0,0.235276,0.234,0.238,27.496552,27.3,28,3.763897,3.763,3.765,8553,8581,0,0,0,0
2021-10-04T14:00:00Z,27,0,0,0,0.235815,0.235,0.238,27.351852,27.1,27.4,3.762815,3.762,3.763,8582,8609,0,0,0,0
2021-10-04T15:00:00Z,29,0,0,0,0.236483,0.235,0.238,26.744828,26.7,27.1,3.760172,3.757,3.762,8610,8638,0,0,0,0
2021-10-04T16:00:00Z,29,0,0,0,0.236034,0.234,0.238,27.051724,26.8,27.3,3.75769,3.755,3.76,8639,8667,0,0,0,0
2021-10-04T17:00:00Z,5,0,0,0,0.236,0.235,0.238,27.3,27.3,27.3,3.7558,3.755,3.757,8668,8672,0,0,0,0
2021-10-04T18:00:00Z,17,0,0,0,0.235118,0.234,0.236,27.435294,27.3,27.7,3.740824,3.739,3.747,8694,8720,0,0,0,0
2021-10-04T19:00:00Z,29,0,0,0,0.235621,0.235,0.238,27.396552,27.3,27.4,3.737862,3.735,3.74,8721,8749,0,0,0,0
2021-10-04T20:00:00Z,28,0,0,0,0.236107,0.235,0.238,27.4,27.4,27.4,3.734857,3.734,3.737,8750,8777,0,0,0,0
2021-10-04T21:00:00Z,29,0,0,0,0.236138,0.235,0.238,27.382759,27.3,27.4,3.732586,3.729,3.735,8778,8806,0,0,0,0
2021-10-04T22:00:00Z,28,0,0,0,0.236429,0.236,0.238,27.278571,27.2,27.3,3.728821,3.725,3.732,8807,8834,0,0,0,0
2021-10-04T23:00:00Z,29,0.521793,0,2.191,0.235172,0.233,0.238,27.665517,22.1,29.8,3.725448,3.722,3.729,8835,8863,0,0,0,0
2021-10-05T00:00:00Z,27,2.49463,1.584,3.357,0.228519,0.225,0.234,33.696296,27,36.4,3.72337,3.722,3.725,8864,8891,0,0,0,0
2021-10-05T01:00:00Z,11,2.424091,1.818,3.332,0.225818,0.224,0.23,36.190909,34.3,36.9,3.720182,3.717,3.724,8892,8908,0,0,0,0
2021-10-05T02:00:00Z,1,2.801,2.801,2.801,0.225,0.225,0.225,36.5,36.5,36.5,3.714,3.714,3.714,8919,8919,0,0,0,0
2021-10-05T03:00:00Z,21,3.06319,1.305,4.959,0.221143,0.218,0.225,42.366667,39.4,46,3.710667,3.71,3.712,8953,8973,0,0,0,0
2021-10-05T04:00:00Z,28,2.55525,1.215,4.503,0.224607,0.223,0.228,38.742857,36.4,40.8,3.709429,3.709,3.71,8974,9001,0,0,0,0
2021-10-05T05:00:00Z,29,1.880586,0.685,4.905,0.225103,0.221,0.228,37.758621,33.7,42,3.70731,3.704,3.709,9002,9030,0,0,0,0
2021-10-05T06:00:00Z,28,1.940607,1.18,3.112,0.227286,0.225,0.231,35.475,33.8,37.4,3.703321,3.701,3.706,9031,9058,0,0,0,0
2021-10-05T07:00:00Z,29,2.76069,1.238,4.511,0.223759,0.22,0.229,39.534483,35.4,43.3,3.700828,3.697,3.704,9059,9087,0,0,0,0
2021-10-05T08:00:00Z,28,2.541714,1.42,3.435,0.221714,0.22,0.223,42.417857,40.4,43.3,3.696143,3.687,3.702,9088,9115,0,0,0,0
2021-10-05T09:00:00Z,29,0.686724,0,1.699,0.227,0.223,0.23,35.641379,31.8,39.9,3.685724,3.682,3.696,9116,9144,0,0,0,0
2021-10-05T10:00:00Z,29,0,0,0,0.233724,0.231,0.237,28.775862,27.3,31.6,3.681138,3.677,3.684,9145,9173,0,0,0,0
2021-10-05T11:00:00Z,26,0,0,0,0.236885,0.235,0.238,26.434615,26.1,27.3,3.676692,3.673,3.679,9174,9201,0,0,0,0
2021-10-05T12:00:00Z,28,0,0,0,0.237536,0.237,0.239,26.2,26.1,26.4,3.672286,3.669,3.674,9202,9229,0,0,0,0
2021-10-05T13:00:00Z,28,0,0,0,0.236857,0.236,0.238,26.660714,26.3,27,3.66925,3.664,3.674,9230,9258,0,0,0,0
2021-10-05T14:00:00Z,29,0,0,0,0.236724,0.236,0.238,26.9,26.8,27,3.665759,3.663,3.669,9259,9287,0,0,0,0
2021-10-05T15:00:00Z,28,0,0,0,0.236893,0.236,0.239,26.803571,26.7,26.9,3.662821,3.659,3.666,9288,9315,0,0,0,0
2021-10-05T16:00:00Z,29,0,0,0,0.236862,0.236,0.238,26.82069,26.7,27.2,3.659414,3.659,3.661,9316,9344,0,0,0,0
2021-10-05T17:00:00Z,28,0,0,0,0.236571,0.235,0.238,26.957143,26.7,27.2,3.658214,3.658,3.659,9345,9372,0,0,0,0
2021-10-05T18:00:00Z,29,0,0,0,0.236552,0.236,0.238,27.027586,27,27.1,3.657172,3.656,3.658,9373,9401,0,0,0,0
2021-10-05T19:00:00Z,28,0,0,0,0.2365,0.235,0.238,27.117857,27,27.2,3.654179,3.651,3.656,9402,9429,0,0,0,0
2021-10-05T20:00:00Z,29,0,0,0,0.236345,0.235,0.238,27.2,27.2,27.2,3.651759,3.649,3.653,9430,9458,0,0,0,0
2021-10-05T21:00:00Z,28,0,0,0,0.236143,0.235,0.238,27.210714,27.2,27.3,3.647786,3.644,3.651,9459,9486,0,0,0,0
2021-10-05T22:00:00Z,29,0,0,0,0.236517,0.235,0.238,27.155172,27,27.2,3.644414,3.643,3.646,9487,9515,0,0,0,0
2021-10-05T23:00:00Z,28,0.055556,0,0.419,0.235929,0.235,0.238,27.321429,27.2,27.4,3.641107,3.636,3.644,9516,9543,0,0,0,0
2021-10-06T00:00:00Z,29,0.621966,0.438,0.851,0.235,0.234,0.237,28.086207,27.4,28.8,3.638,3.635,3.641,9544,9572,0,0,0,0
2021-10-06T01:00:00Z,25,1.34,0.761,2.242,0.23296,0.228,0.236,28.344,21.5,31.4,3.6358,3.633,3.638,9573,9600,0,0,0,0
2021-10-06T02:00:00Z,28,2.061143,1.645,2.407,0.230429,0.229,0.233,28.171429,21.5,32.5,3.63375,3.631,3.636,9601,9628,0,0,0,0
2021-10-06T03:00:00Z,29,1.512966,1.371,1.743,0.230207,0.229,0.233,32.1,32.1,32.1,3.63131,3.63,3.633,9629,9657,0,0,0,0
2021-10-06T04:00:00Z,29,1.719828,1.4,2.064,0.229724,0.228,0.233,31.072414,21.6,33.2,3.629621,3.628,3.631,9658,9686,0,0,0,0
2021-10-06T05:00:00Z,28,1.379857,0.749,1.827,0.230107,0.228,0.233,32.475,31.6,33.2,3.626964,3.625,3.63,9687,9714,0,0,0,0
2021-10-06T06:00:00Z,29,1.345655,0.575,1.705,0.230655,0.229,0.233,31.696552,31.3,32.1,3.624517,3.621,3.628,9715,9743,0,0,0,0
2021-10-06T07:00:00Z,27,1.094296,0.682,1.417,0.231111,0.23,0.233,31.655556,31.1,32.1,3.621407,3.618,3.625,9744,9771,0,0,0,0
2021-10-06T08:00:00Z,29,0.722586,0.493,0.89,0.232793,0.232,0.235,28.903448,21.3,31,3.617379,3.615,3.62,9772,9800,0,0,0,0
2021-10-06T09:00:00Z,28,0.128179,0,0.472,0.233607,0.23,0.236,27.410714,21.3,29.6,3.613964,3.611,3.616,9801,9828,0,0,0,0
2021-10-06T10:00:00Z,27,0,0,0,0.234889,0.234,0.236,28.107407,27.9,28.3,3.610778,3.608,3.613,9830,9857,0,0,0,0
2021-10-06T11:00:00Z,28,0,0,0,0.234714,0.234,0.236,28.089286,27.8,28.6,3.608571,3.607,3.611,9858,9885,0,0,0,0
2021-10-06T12:00:00Z,27,0,0,0,0.234519,0.234,0.236,28.607407,28.6,28.7,3.607296,3.607,3.608,9887,9914,0,0,0,0
2021-10-06T13:00:00Z,29,0,0,0,0.234517,0.234,0.236,28.565517,28.4,28.7,3.606034,3.605,3.607,9915,9943,0,0,0,0
2021-10-06T14:00:00Z,28,0,0,0,0.234393,0.233,0.236,28.535714,28.3,28.6,3.604214,3.603,3.605,9944,9971,0,0,0,0
2021-10-06T15:00:00Z,29,0,0,0,0.234759,0.234,0.237,28.4,28.3,28.6,3.602172,3.598,3.603,9972,10000,0,0,0,0
2021-10-06T16:00:00Z,27,0,0,0,0.234889,0.234,0.238,28.503704,28.4,28.6,3.598667,3.597,3.602,10001,10028,0,0,0,0
2021-10-06T17:00:00Z,28,0,0,0,0.234357,0.234,0.236,28.557143,28.4,28.6,3.596143,3.592,3.598,10029,10057,0,0,0,0
2021-10-06T18:00:00Z,28,0,0,0,0.234893,0.234,0.236,28.171429,28,28.6,3.592321,3.588,3.595,10058,10085,0,0,0,0
2021-10-06T19:00:00Z,29,0,0,0,0.235241,0.234,0.238,27.955172,27.7,28.1,3.589966,3.588,3.593,10086,10114,0,0,0,0
2021-10-06T20:00:00Z,27,0,0,0,0.235556,0.235,0.237,27.437037,27.4,27.7,3.587185,3.585,3.59,10115,10142,0,0,0,0
2021-10-06T21:00:00Z,29,0,0,0,0.235966,0.235,0.238,27.417241,27.4,27.5,3.584241,3.583,3.587,10143,10171,0,0,0,0
2021-10-06T22:00:00Z,28,0,0,0,0.235429,0.234,0.238,27.6,27.4,28,3.581643,3.58,3.583,10172,10199,0,0,0,0
2021-10-06T23:00:00Z,29,0.366379,0,0.734,0.234897,0.233,0.238,28.458621,27.9,29.2,3.58,3.578,3.582,10200,10228,0,0,0,0
2021-10-07T00:00:00Z,29,1.773414,0.408,2.543,0.231103,0.226,0.234,27.237931,21.8,32.5,3.578828,3.578,3.58,10229,10257,0,0,0,0
2021-10-07T01:00:00Z,26,2.565846,1.5,3.36,0.228538,0.224,0.233,31.557692,22.2,36.8,3.577962,3.577,3.578,10258,10284,0,0,0,0
2021-10-07T02:00:00Z,24,2.5685,0.495,3.883,0.224,0.223,0.227,38.258333,35.4,40.1,3.577542,3.577,3.578,10286,10312,0,0,0,0
2021-10-07T03:00:00Z,28,1.443821,0.447,4.014,0.232036,0.228,0.236,30.696429,29.1,33.5,3.574464,3.572,3.577,10315,10342,0,0,0,0
2021-10-07T04:00:00Z,28,2.517107,1.546,4.118,0.227143,0.224,0.23,35.635714,33.1,37.4,3.57125,3.569,3.574,10343,10370,0,0,0,0
2021-10-07T05:00:00Z,29,1.738379,0,4.798,0.230034,0.226,0.235,32.165517,23.8,36.7,3.568517,3.565,3.57,10371,10399,0,0,0,0
2021-10-07T06:00:00Z,28,3.043071,1.577,4.741,0.226071,0.224,0.23,36.642857,32,38.6,3.566393,3.564,3.569,10400,10427,0,0,0,0
2021-10-07T07:00:00Z,29,2.638103,1.415,4.062,0.225034,0.224,0.227,37.341379,36.7,38.1,3.563414,3.56,3.565,10428,10456,0,0,0,0
2021-10-07T08:00:00Z,28,2.01625,1.166,2.622,0.226429,0.224,0.229,36.457143,35.6,37,3.560429,3.559,3.562,10457,10484,0,0,0,0
2021-10-07T09:00:00Z,29,0.370793,0,1.205,0.22969,0.227,0.233,32.97931,31.6,35.4,3.557793,3.555,3.56,10485,10513,0,0,0,0
2021-10-07T10:00:00Z,28,0,0,0,0.232536,0.23,0.235,29.375,25.4,31.5,3.554929,3.554,3.557,10514,10541,0,0,0,0
2021-10-07T11:00:00Z,29,0,0,0,0.233966,0.231,0.238,26.748276,21.1,29.1,3.553897,3.552,3.555,10542,10570,0,0,0,0
2021-10-07T12:00:00Z,29,0,0,0,0.237345,0.236,0.239,26.317241,26.1,26.5,3.552138,3.552,3.554,10571,10599,0,0,0,0
2021-10-07T13:00:00Z,26,0,0,0,0.236962,0.235,0.238,26.619231,26.4,26.8,3.551077,3.55,3.552,10600,10627,0,0,0,0
2021-10-07T14:00:00Z,29,0,0,0,0.236345,0.235,0.238,27.037931,26.8,27.2,3.54931,3.545,3.552,10628,10656,0,0,0,0
2021-10-07T15:00:00Z,28,0,0,0,0.236429,0.236,0.238,27.217857,27.1,27.3,3.546607,3.544,3.55,10657,10684,0,0,0,0
2021-10-07T16:00:00Z,29,0,0,0,0.236103,0.235,0.238,27.255172,27.2,27.4,3.543586,3.542,3.547,10685,10713,0,0,0,0
2021-10-07T17:00:00Z,29,0,0,0,0.236517,0.236,0.238,27.158621,27,27.2,3.540379,3.537,3.542,10714,10742,0,0,0,0
2021-10-07T18:00:00Z,28,0,0,0,0.236714,0.235,0.238,27.025,26.8,27.2,3.537393,3.536,3.542,10743,10770,0,0,0,0
2021-10-07T19:00:00Z,28,0,0,0,0.236571,0.235,0.238,27.032143,26.9,27.3,3.534643,3.532,3.536,10771,10799,0,0,0,0
2021-10-07T20:00:00Z,28,0,0,0,0.236643,0.236,0.238,27.196429,27.1,27.2,3.53175,3.531,3.534,10800,10827,0,0,0,0
2021-10-07T21:00:00Z,22,0,0,0,0.236409,0.235,0.238,27.213636,27.1,27.3,3.5295,3.527,3.532,10828,10855,0,0,0,0
2021-10-07T22:00:00Z,15,0,0,0,0.2368,0.235,0.239,26.833333,26.7,27.2,3.525867,3.524,3.527,10856,10882,0,0,0,0
2021-10-07T23:00:00Z,29,0.585034,0,1.036,0.235862,0.234,0.238,27.703448,26.8,28.8,3.525,3.524,3.527,10883,10911,0,0,0,0
2021-10-08T00:00:00Z,28,1.9745,0.839,3.431,0.231786,0.228,0.235,27.178571,21.5,33.1,3.525143,3.524,3.526,10912,10939,0,0,0,0
2021-10-08T01:00:00Z,27,2.766963,1.151,4.385,0.225704,0.223,0.232,36.940741,31.5,40.7,3.525815,3.524,3.527,10940,10968,0,0,0,0
2021-10-08T02:00:00Z,26,2.098385,1.243,3.854,0.224538,0.221,0.229,38.080769,34,42.7,3.525077,3.524,3.526,10969,10996,0,0,0,0
2021-10-08T03:00:00Z,29,3.182586,1.833,5.254,0.225276,0.222,0.228,37.462069,34,42.9,3.524207,3.522,3.526,10997,11025,0,0,0,0
2021-10-08T04:00:00Z,28,3.706607,1.205,5.326,0.221393,0.218,0.225,42.721429,40.7,44.6,3.523786,3.522,3.526,11026,11053,0,0,0,0
2021-10-08T05:00:00Z,29,2.882931,0.682,5.09,0.221655,0.218,0.225,41.827586,37.9,43.9,3.522483,3.519,3.524,11054,11082,0,0,0,0
2021-10-08T06:00:00Z,28,2.931643,1.941,3.737,0.223536,0.222,0.226,39.682143,38,40.7,3.52075,3.517,3.522,11083,11110,0,0,0,0
2021-10-08T07:00:00Z,29,2.915448,1.833,4.091,0.225517,0.224,0.228,37.265517,36.7,38,3.518345,3.516,3.521,11111,11139,0,0,0,0
2021-10-08T08:00:00Z,28,2.071643,1.128,3.022,0.225321,0.224,0.227,37.160714,35.5,38,3.516964,3.516,3.519,11140,11167,0,0,0,0
2021-10-08T09:00:00Z,29,0.882621,0.392,1.589,0.228655,0.227,0.233,34.003448,32.5,35.4,3.515276,3.511,3.519,11168,11196,0,0,0,0
2021-10-08T10:00:00Z,29,0.024414,0,0.367,0.231172,0.229,0.234,31.662069,31.4,32.4,3.512414,3.511,3.516,11197,11225,0,0,0,0
2021-10-08T11:00:00Z,28,0,0,0,0.232071,0.231,0.233,31.196429,30.7,31.4,3.511393,3.509,3.514,11226,11253,0,0,0,0
2021-10-08T12:00:00Z,29,0,0,0,0.232759,0.232,0.234,30.282759,30.1,30.6,3.509103,3.508,3.511,11254,11282,0,0,0,0
2021-10-08T13:00:00Z,28,0,0,0,0.233071,0.232,0.235,30.1,30.1,30.1,3.507429,3.504,3.509,11283,11311,0,0,0,0
2021-10-08T14:00:00Z,28,0,0,0,0.232929,0.232,0.235,30.010714,29.9,30.1,3.505464,3.503,3.508,11312,11339,0,0,0,0
2021-10-08T15:00:00Z,29,0,0,0,0.233276,0.232,0.235,29.637931,29.5,29.8,3.505,3.503,3.506,11340,11368,0,0,0,0
2021-10-08T16:00:00Z,29,0,0,0,0.233276,0.233,0.235,29.396552,29.2,29.6,3.503862,3.503,3.506,11369,11397,0,0,0,0
2021-10-08T17:00:00Z,28,0,0,0,0.23325,0.233,0.234,29.032143,28.9,29.2,3.502357,3.501,3.504,11398,11425,0,0,0,0
2021-10-08T18:00:00Z,29,0,0,0,0.233862,0.233,0.236,28.917241,28.9,29,3.501345,3.501,3.503,11426,11454,0,0,0,0
2021-10-08T19:00:00Z,29,0,0,0,0.234103,0.233,0.237,28.813793,28.7,29,3.500862,3.499,3.501,11455,11483,0,0,0,0
2021-10-08T20:00:00Z,28,0,0,0,0.234321,0.233,0.237,28.625,28.6,28.7,3.499429,3.499,3.501,11484,11511,0,0,0,0
2021-10-08T21:00:00Z,27,0,0,0,0.234185,0.233,0.236,28.592593,28.5,28.6,3.498926,3.498,3.499,11512,11540,0,0,0,0
2021-10-08T22:00:00Z,29,0,0,0,0.234552,0.234,0.236,28.468966,28.3,28.6,3.498552,3.498,3.499,11541,11569,0,0,0,0
2021-10-08T23:00:00Z,28,0.383929,0,0.839,0.23425,0.233,0.236,28.839286,28.4,29.6,3.497036,3.496,3.499,11570,11597,0,0,0,0
2021-10-09T00:00:00Z,29,1.190931,0.71,1.8,0.232414,0.23,0.235,28.655172,21.3,31.4,3.495207,3.493,3.498,11598,11626,0,0,0,0
2021-10-09T01:00:00Z,28,1.745107,1.003,3.316,0.229393,0.228,0.232,26.139286,21.3,34,3.493321,3.491,3.494,11627,11654,0,0,0,0
2021-10-09T02:00:00Z,29,2.414379,0.931,5.395,0.22769,0.224,0.232,34.837931,33.2,38,3.491379,3.489,3.494,11655,11683,0,0,0,0
2021-10-09T03:00:00Z,28,2.993607,0.918,5.392,0.223571,0.222,0.226,39.5,36.7,41.4,3.488286,3.484,3.491,11684,11711,0,0,0,0
2021-10-09T04:00:00Z,29,2.757241,0.761,4.984,0.224138,0.223,0.226,38.410345,37.3,39.7,3.482931,3.478,3.486,11712,11740,0,0,0,0
2021-10-09T05:00:00Z,28,2.823214,1.353,5.266,0.222393,0.22,0.224,40.785714,37.9,42.9,3.47825,3.476,3.481,11741,11768,0,0,0,0
2021-10-09T06:00:00Z,29,2.687483,1.087,5.121,0.223276,0.22,0.226,39.255172,36.7,42.3,3.473793,3.471,3.476,11769,11797,0,0,0,0
2021-10-09T07:00:00Z,28,0.534929,0,1.075,0.231214,0.226,0.234,30.885714,27.9,36.7,3.468,3.465,3.471,11798,11826,0,0,0,0
2021-10-09T08:00:00Z,27,0.717037,0.446,0.893,0.233556,0.233,0.235,28.814815,27.8,29.6,3.460074,3.453,3.465,11827,11854,0,0,0,0
2021-10-09T09:00:00Z,29,0.399966,0,0.687,0.233379,0.232,0.237,29.693103,29.2,30,3.450828,3.448,3.455,11855,11883,0,0,0,0
2021-10-09T10:00:00Z,29,0,0,0,0.233345,0.233,0.235,28.903448,28.7,29.1,3.446414,3.443,3.448,11884,11912,0,0,0,0
2021-10-09T11:00:00Z,28,0,0,0,0.234214,0.234,0.236,28.110714,27.8,28.7,3.440036,3.435,3.445,11913,11940,0,0,0,0
2021-10-09T12:00:00Z,29,0,0,0,0.234276,0.234,0.236,28.082759,27.8,28.4,3.43031,3.425,3.435,11941,11969,0,0,0,0
2021-10-09T13:00:00Z,28,0,0,0,0.234036,0.233,0.237,28.610714,28.2,28.8,3.421786,3.418,3.427,11970,11997,0,0,0,0
2021-10-09T14:00:00Z,29,0,0,0,0.233621,0.233,0.235,28.851724,28.8,29,3.412897,3.405,3.418,11998,12026,0,0,0,0
2021-10-09T15:00:00Z,29,0,0,0,0.23331,0.233,0.235,28.893103,28.8,28.9,3.402655,3.397,3.407,12027,12055,0,0,0,0
2021-10-09T16:00:00Z,27,0,0,0,0.233407,0.233,0.236,28.777778,28.7,28.9,3.395074,3.394,3.399,12056,12084,0,0,0,0
2021-10-09T17:00:00Z,28,0,0,0,0.233643,0.233,0.235,28.7,28.7,28.7,3.389,3.384,3.394,12085,12112,0,0,0,0
2021-10-09T18:00:00Z,29,0,0,0,0.233897,0.233,0.236,28.631034,28.6,28.7,3.377241,3.372,3.384,12113,12141,0,0,0,0
2021-10-09T19:00:00Z,28,0,0,0,0.234143,0.233,0.236,28.521429,28.4,28.6,3.367607,3.364,3.372,12142,12169,0,0,0,0
2021-10-09T20:00:00Z,29,0,0,0,0.234138,0.233,0.236,28.234483,28.1,28.4,3.356069,3.349,3.362,12170,12198,0,0,0,0
2021-10-09T21:00:00Z,28,0,0,0,0.233643,0.232,0.236,27.95,27.7,28.1,3.343714,3.339,3.351,12199,12226,0,0,0,0
2021-10-09T22:00:00Z,28,0,0,0,0.231679,0.23,0.235,27.721429,27.7,27.9,3.333286,3.324,3.341,12227,12255,0,0,0,0
2021-10-09T23:00:00Z,29,0.319862,0,0.7,0.228103,0.225,0.232,28.144828,22.7,28.9,3.317034,3.31,3.324,12256,12284,0,0,0,0
2021-10-10T00:00:00Z,28,1.262714,0.71,1.889,0.222857,0.219,0.228,27.3,20.8,31.7,3.300929,3.293,3.31,12285,12312,0,0,0,0
2021-10-10T01:00:00Z,29,3.413,1.102,5.12,0.212621,0.206,0.22,36.817241,25.9,41.6,3.287345,3.28,3.293,12313,12341,0,0,0,0
2021-10-10T02:00:00Z,27,3.480593,0.864,5.449,0.205556,0.203,0.208,41.344444,40.7,42.3,3.27237,3.263,3.281,12342,12369,0,0,0,0
2021-10-10T03:00:00Z,29,3.106517,1.128,5.599,0.202897,0.198,0.208,41.303448,38.2,43.2,3.256483,3.247,3.263,12370,12398,0,0,0,0
2021-10-10T04:00:00Z,29,4.022966,1.02,5.423,0.195034,0.19,0.2,44.993103,43.1,47.3,3.238276,3.232,3.245,12399,12427,0,0,0,0
2021-10-10T05:00:00Z,28,2.523964,0.424,5.754,0.194321,0.179,0.2,41.110714,35.6,46.1,3.220286,3.187,3.23,1,12446,0,0,0,0
2021-10-10T06:00:00Z,29,3.37069,1.133,5.444,0.185034,0.167,0.196,41.42069,37.9,45.2,3.191586,3.159,3.211,1,25,0,0,0,0
2021-10-10T07:00:00Z,28,1.920857,0,4.36,0.179179,0.178,0.182,36.346429,32.7,39.8,3.154179,3.138,3.166,1,1,0,0,0,0
2021-10-10T08:00:00Z,27,0.469407,0,1.3,0.178556,0.176,0.182,31.114815,29.2,32.5,3.123741,3.103,3.138,1,1,0,0,0,0
2021-10-10T09:00:00Z,29,0,0,0,0.176172,0.172,0.179,27.251724,26.7,28.8,3.082586,3.062,3.103,1,1,0,0,0,0
2021-10-10T10:00:00Z,28,0,0,0,0.165786,0.159,0.173,28.442857,27.5,29.6,3.040214,3.021,3.062,1,1,0,0,0,0
2021-10-10T11:00:00Z,28,0,0,0,0.15525,0.155,0.159,59.714286,29.6,61.3,2.989643,2.961,3.017,1,1,0,0,27,0
2021-10-10T12:00:00Z,12,0,0,0,0.155,0.155,0.155,59.7,59.3,60.1,2.940333,2.923,2.956,1,1,0,0,1,0
2021-10-27T10:00:00Z,26,0,0,0,0.229154,0.206,0.272,32.607692,30.1,33.3,3.642692,2.575,3.895,1,26,0,0,0,0
2021-10-27T11:00:00Z,28,0,0,0,0.233786,0.208,0.258,32.95,32.7,33.3,4.019679,3.912,4.093,27,55,0,0,0,0
2021-10-27T12:00:00Z,27,0,0,0,0.231963,0.208,0.26,32.514815,32.1,32.7,4.12363,4.093,4.138,56,83,0,0,0,0
2021-10-27T13:00:00Z,28,0,0,0,0.237,0.208,0.262,32.035714,31.8,32.1,4.152643,4.138,4.166,84,111,0,0,0,0
2021-10-27T14:00:00Z,27,0,0,0,0.240852,0.209,0.262,31.514815,31.4,31.8,4.17863,4.166,4.186,112,140,0,0,0,0
2021-10-27T15:00:00Z,28,0,0,0,0.242036,0.21,0.263,31.267857,31.1,31.4,4.163786,4.151,4.187,141,168,0,0,0,0
2021-10-27T16:00:00Z,29,0,0,0,0.232069,0.21,0.265,30.927586,30.7,31.1,4.144379,4.139,4.151,169,197,0,0,0,0
2021-10-27T17:00:00Z,29,0,0,0,0.229483,0.21,0.263,30.644828,30.6,30.8,4.137621,4.136,4.139,198,226,0,0,0,0
2021-10-27T18:00:00Z,28,0,0,0,0.24225,0.211,0.264,30.6,30.6,30.6,4.135429,4.135,4.138,227,254,0,0,0,0
2021-10-27T19:00:00Z,29,0,0,0,0.235207,0.21,0.267,30.586207,30.5,30.6,4.134379,4.133,4.135,255,283,0,0,0,0
2021-10-27T20:00:00Z,28,0,0,0,0.243036,0.211,0.264,30.528571,30.4,30.6,4.133071,4.133,4.135,284,311,0,0,0,0
2021-10-27T21:00:00Z,29,0,0,0,0.238207,0.21,0.267,30.489655,30.4,30.5,4.132517,4.131,4.133,312,340,0,0,0,0
2021-10-27T22:00:00Z,28,0,0,0,0.237429,0.21,0.264,30.489286,30.4,30.6,4.131786,4.131,4.133,341,368,0,0,0,0
2021-10-27T23:00:00Z,29,0,0,0,0.240345,0.212,0.263,30.527586,30.5,30.6,4.131172,4.13,4.133,369,397,0,0,0,0
2021-10-28T00:00:00Z,27,0.232741,0,0.554,0.229963,0.211,0.262,30.788889,30.6,31.4,4.123815,4.113,4.131,398,425,0,0,0,0
2021-10-28T01:00:00Z,25,0.66532,0.557,0.747,0.23008,0.229,0.233,32.26,31.5,32.7,4.1126,4.111,4.115,427,453,0,0,0,0
2021-10-28T02:00:00Z,29,1.390034,0.793,3.294,0.227483,0.224,0.231,34.324138,32.7,37.9,4.110207,4.106,4.113,454,482,0,0,0,0
2021-10-28T03:00:00Z,28,3.450071,2.965,3.965,0.222643,0.22,0.226,39.935714,38,41.4,4.108143,4.106,4.11,483,510,0,0,0,0
2021-10-28T04:00:00Z,29,2.883414,0.356,4.956,0.221655,0.219,0.223,40.434483,38,42.1,4.106103,4.105,4.108,511,539,0,0,0,0
2021-10-28T05:00:00Z,28,0.477786,0,0.897,0.226393,0.223,0.229,35.585714,33.8,38,4.104357,4.102,4.106,540,567,0,0,0,0
2021-10-28T06:00:00Z,29,0.234241,0,0.679,0.228276,0.228,0.231,33.217241,32.8,33.9,4.101103,4.098,4.105,568,596,0,0,0,0
2021-10-28T07:00:00Z,29,0.332414,0,0.47,0.228724,0.228,0.231,32.772414,32.7,32.9,4.098069,4.095,4.1,597,625,0,0,0,0
2021-10-28T08:00:00Z,28,0.037179,0,0.364,0.229357,0.228,0.232,32.614286,32.3,32.8,4.095,4.092,4.098,626,653,0,0,0,0
2021-10-28T09:00:00Z,29,0,0,0,0.230379,0.229,0.233,32.048276,31.8,32.3,4.091897,4.09,4.095,654,682,0,0,0,0
2021-10-28T10:00:00Z,28,0,0,0,0.230393,0.228,0.233,31.664286,31.4,31.8,4.090107,4.087,4.092,683,710,0,0,0,0
2021-10-28T11:00:00Z,29,0,0,0,0.231552,0.23,0.233,30.706897,30.3,31.4,4.087828,4.085,4.092,711,739,0,0,0,0
2021-10-28T12:00:00Z,27,0,0,0,0.232444,0.232,0.234,30.088889,30,30.2,4.084815,4.082,4.087,740,768,0,0,0,0
2021-10-28T13:00:00Z,27,0,0,0,0.232778,0.232,0.234,29.633333,29.5,29.9,4.083222,4.082,4.087,769,796,0,0,0,0
2021-10-28T14:00:00Z,29,0,0,0,0.233207,0.233,0.235,29.210345,29,29.5,4.082103,4.08,4.083,797,825,0,0,0,0
2021-10-28T15:00:00Z,29,0,0,0,0.233379,0.233,0.235,28.77931,28.7,28.9,4.081241,4.08,4.082,826,854,0,0,0,0
2021-10-28T16:00:00Z,26,0,0,0,0.233192,0.233,0.234,28.769231,28.6,29.3,4.0795,4.077,4.082,855,882,0,0,0,0
2021-10-28T17:00:00Z,28,0,0,0,0.233429,0.233,0.235,28.639286,28.6,28.7,4.077893,4.077,4.08,883,910,0,0,0,0
2021-10-28T18:00:00Z,28,0,0,0,0.233143,0.233,0.235,28.6,28.5,28.7,4.076714,4.073,4.078,911,939,0,0,0,0
2021-10-28T19:00:00Z,29,0,0,0,0.233379,0.233,0.235,28.572414,28.3,28.7,4.07469,4.072,4.077,940,968,0,0,0,0
2021-10-28T20:00:00Z,28,0,0,0,0.23325,0.233,0.234,28.721429,28.6,29,4.072643,4.07,4.075,969,996,0,0,0,0
2021-10-28T21:00:00Z,29,0,0,0,0.233414,0.233,0.235,28.568966,28.4,28.6,4.071172,4.069,4.072,997,1025,0,0,0,0
2021-10-28T22:00:00Z,28,0,0,0,0.233679,0.233,0.236,28.417857,28.2,28.6,4.067571,4.065,4.072,1026,1053,0,0,0,0
2021-10-28T23:00:00Z,29,0.475862,0,1.758,0.233,0.231,0.235,29.317241,28.6,31.4,4.065897,4.065,4.067,1054,1082,0,0,0,0
2021-10-29T00:00:00Z,29,1.983207,1.18,3.38,0.226655,0.223,0.232,35.565517,32,37.9,4.068483,4.065,4.07,1083,1111,0,0,0,0
2021-10-29T01:00:00Z,27,2.971741,1.128,4.405,0.22337,0.22,0.226,39.362963,37.5,42.3,4.069815,4.067,4.072,1112,1139,0,0,0,0
2021-10-29T02:00:00Z,29,4.105621,1.075,5.023,0.218621,0.216,0.222,44.5,42.5,46.7,4.070207,4.069,4.072,1140,1168,0,0,0,0
2021-10-29T03:00:00Z,29,4.45669,0.875,5.256,0.219069,0.217,0.223,44.589655,42.3,46.3,4.068138,4.065,4.072,1169,1197,0,0,0,0
2021-10-29T04:00:00Z,28,4.646786,0.805,5.116,0.21775,0.216,0.221,45.578571,43.6,46.8,4.066357,4.065,4.069,1198,1225,0,0,0,0
2021-10-29T05:00:00Z,29,4.622379,1.259,5.108,0.21731,0.216,0.219,46.782759,46,48.2,4.065586,4.064,4.069,1226,1254,0,0,0,0
2021-10-29T06:00:00Z,29,4.465724,0.841,5.126,0.217138,0.215,0.219,46.886207,44.7,48.4,4.064207,4.062,4.065,1255,1283,0,0,0,0
2021-10-29T07:00:00Z,28,3.089536,0.687,5.079,0.223571,0.219,0.228,39.307143,36.7,43.5,4.060071,4.057,4.064,1284,1311,0,0,0,0
2021-10-29T08:00:00Z,29,1.399621,1.023,2.197,0.226724,0.224,0.228,35.237931,33.5,37.6,4.057276,4.055,4.06,1312,1340,0,0,0,0
2021-10-29T09:00:00Z,29,0.543828,0,1.021,0.229069,0.228,0.231,32.9,31.8,33.5,4.054828,4.052,4.057,1341,1369,0,0,0,0
2021-10-29T10:00:00Z,29,0,0,0,0.231414,0.23,0.234,31.075862,30.1,31.7,4.053724,4.052,4.055,1370,1398,0,0,0,0
2021-10-29T11:00:00Z,28,0,0,0,0.232536,0.232,0.234,29.839286,28.5,30.1,4.052643,4.05,4.054,1399,1426,0,0,0,0
2021-10-29T12:00:00Z,29,0,0,0,0.234138,0.233,0.238,27.906897,27.6,28.3,4.051724,4.05,4.052,1427,1455,0,0,0,0
2021-10-29T13:00:00Z,29,0,0,0,0.233517,0.233,0.236,28.572414,28.2,28.8,4.050448,4.049,4.052,1456,1484,0,0,0,0
2021-10-29T14:00:00Z,29,0,0,0,0.233862,0.233,0.236,28.024138,27.5,28.9,4.049621,4.045,4.052,1485,1513,0,0,0,0
2021-10-29T15:00:00Z,28,0,0,0,0.233893,0.233,0.236,28.089286,27.7,28.3,4.048857,4.045,4.05,1514,1541,0,0,0,0
2021-10-29T16:00:00Z,29,0,0,0,0.233862,0.233,0.236,28.12069,28.1,28.2,4.047655,4.045,4.05,1542,1570,0,0,0,0
2021-10-29T17:00:00Z,29,0,0,0,0.234034,0.233,0.236,28.086207,28,28.1,4.046207,4.044,4.049,1571,1599,0,0,0,0
2021-10-29T18:00:00Z,29,0,0,0,0.233828,0.233,0.236,28.062069,27.9,28.2,4.045,4.042,4.047,1600,1628,0,0,0,0
2021-10-29T19:00:00Z,28,0,0,0,0.234286,0.233,0.237,27.632143,27.4,27.9,4.043929,4.04,4.045,1629,1656,0,0,0,0
2021-10-29T20:00:00Z,28,0,0,0,0.234179,0.233,0.236,27.507143,27.4,27.6,4.043286,4.04,4.045,1657,1685,0,0,0,0
2021-10-29T21:00:00Z,28,0,0,0,0.234071,0.233,0.236,27.65,27.5,27.7,4.042,4.04,4.044,1686,1713,0,0,0,0
2021-10-29T22:00:00Z,29,0,0,0,0.234586,0.234,0.237,27.427586,27.4,27.6,4.040724,4.039,4.044,1714,1742,0,0,0,0
2021-10-29T23:00:00Z,29,0.753724,0,2.017,0.233276,0.23,0.237,28.775862,27.4,31.7,4.040207,4.039,4.044,1743,1771,0,0,0,0
2021-10-30T00:00:00Z,28,2.04825,0.869,4.234,0.228036,0.226,0.231,33.617857,32.1,35.3,4.04225,4.04,4.045,1772,1799,0,0,0,0
2021-10-30T01:00:00Z,29,3.190034,1.956,4.777,0.223862,0.22,0.226,38.172414,35.4,41.7,4.04369,4.042,4.047,1800,1828,0,0,0,0
2021-10-30T02:00:00Z,29,4.577034,2.712,4.99,0.218414,0.215,0.222,45.244828,41.9,47,4.047,4.044,4.05,1829,1857,0,0,0,0
2021-10-30T03:00:00Z,26,4.877423,3.75,5.164,0.217231,0.216,0.219,46.615385,45.9,48.1,4.045577,4.044,4.047,1858,1885,0,0,0,0
2021-10-30T04:00:00Z,28,4.630893,1.431,5.544,0.216786,0.213,0.22,46.85,42.6,48.7,4.045857,4.044,4.049,1886,1914,0,0,0,0
2021-10-30T05:00:00Z,28,3.828857,1.233,5.443,0.22125,0.218,0.225,41.871429,39.4,45.9,4.0425,4.039,4.045,1915,1942,0,0,0,0
2021-10-30T06:00:00Z,29,2.960207,0.811,5.249,0.220448,0.218,0.225,42.8,38,46.1,4.041793,4.039,4.044,1943,1971,0,0,0,0
2021-10-30T07:00:00Z,20,0.9512,0.395,5.121,0.22665,0.22,0.233,35.625,30.1,43.3,4.0386,4.034,4.044,1972,1998,0,0,0,0
2021-10-30T08:00:00Z,19,1.191316,0.575,1.891,0.228684,0.228,0.232,33.542105,30.8,34.5,4.035947,4.034,4.037,1999,2026,0,0,0,0
2021-10-30T09:00:00Z,29,0.447966,0,0.734,0.228759,0.228,0.232,32.862069,32.1,33.7,4.036034,4.034,4.039,2027,2055,0,0,0,0
2021-10-30T10:00:00Z,29,0,0,0,0.230931,0.229,0.233,31.375862,30.9,32,4.034586,4.032,4.037,2056,2084,0,0,0,0
2021-10-30T11:00:00Z,28,0,0,0,0.232107,0.231,0.233,30.382143,30.1,30.8,4.034214,4.032,4.036,2085,2112,0,0,0,0
2021-10-30T12:00:00Z,29,0,0,0,0.232379,0.231,0.234,30.058621,30,30.1,4.032897,4.031,4.034,2113,2141,0,0,0,0
2021-10-30T13:00:00Z,25,0,0,0,0.23296,0.232,0.234,29.824,29.6,30,4.03228,4.031,4.034,2142,2168,0,0,0,0
2021-10-30T14:00:00Z,29,0,0,0,0.233103,0.232,0.235,29.341379,29.1,29.6,4.031655,4.031,4.034,2170,2198,0,0,0,0
2021-10-30T15:00:00Z,27,0,0,0,0.233148,0.233,0.234,29.07037,28.9,29.3,4.030926,4.029,4.032,2199,2226,0,0,0,0
2021-10-30T16:00:00Z,29,0,0,0,0.233172,0.233,0.235,28.844828,28.7,29,4.030931,4.029,4.032,2227,2255,0,0,0,0
2021-10-30T17:00:00Z,29,0,0,0,0.233276,0.233,0.235,28.7,28.7,28.7,4.029966,4.029,4.031,2256,2284,0,0,0,0
2021-10-30T18:00:00Z,28,0,0,0,0.233679,0.233,0.235,28.485714,28.3,28.7,4.03,4.029,4.032,2285,2312,0,0,0,0
2021-10-30T19:00:00Z,29,0,0,0,0.234207,0.233,0.236,28.110345,28,28.4,4.029345,4.029,4.031,2313,2341,0,0,0,0
2021-10-30T20:00:00Z,29,0,0,0,0.233931,0.233,0.236,28.013793,27.9,28.1,4.029,4.027,4.031,2342,2370,0,0,0,0
2021-10-30T21:00:00Z,28,0,0,0,0.233964,0.233,0.236,28.028571,27.7,28.1,4.029214,4.027,4.031,2371,2398,0,0,0,0
2021-10-30T22:00:00Z,29,0,0,0,0.234345,0.233,0.236,27.634483,27.5,27.8,4.029069,4.027,4.031,2399,2427,0,0,0,0
2021-10-30T23:00:00Z,28,0.639926,0,1.912,0.2335,0.23,0.236,28.785714,27.6,31.6,4.028714,4.027,4.029,2428,2455,0,0,0,0
2021-10-31T00:00:00Z,28,2.1305,1.323,3.427,0.227679,0.225,0.233,34.596429,32.1,36.7,4.029571,4.029,4.031,2456,2484,0,0,0,0
2021-10-31T01:00:00Z,29,2.81031,1.504,4.444,0.224724,0.221,0.228,37.844828,36.7,41.3,4.030414,4.029,4.032,2485,2513,0,0,0,0
2021-10-31T02:00:00Z,28,4.0965,1.021,5.197,0.219571,0.218,0.223,43.546429,42,44.6,4.031214,4.029,4.032,2514,2541,0,0,0,0
2021-10-31T03:00:00Z,29,4.900069,3.093,5.139,0.217759,0.216,0.22,45.893103,43.6,47.3,4.030793,4.029,4.032,2542,2570,0,0,0,0
2021-10-31T04:00:00Z,29,4.508345,1.727,5.223,0.218759,0.217,0.222,44.624138,42.3,46,4.030586,4.029,4.032,2571,2599,0,0,0,0
2021-10-31T05:00:00Z,27,4.54863,2.266,5.238,0.220741,0.219,0.224,42.318519,40.7,43.8,4.029741,4.029,4.031,2600,2627,0,0,0,0
2021-10-31T06:00:00Z,29,4.594586,3.201,5.156,0.219172,0.218,0.223,44.617241,42.8,45.8,4.02969,4.029,4.031,2628,2656,0,0,0,0
2021-10-31T07:00:00Z,28,2.810214,1.2,4.989,0.222464,0.218,0.227,40.421429,36.9,44.6,4.028143,4.027,4.029,2657,2684,0,0,0,0
2021-10-31T08:00:00Z,28,0.844821,0.475,2.125,0.227071,0.224,0.23,34.678571,33,36.9,4.027071,4.027,4.029,2685,2713,0,0,0,0
2021-10-31T09:00:00Z,29,0.121345,0,0.472,0.229414,0.228,0.231,32.42069,31.8,32.9,4.026966,4.026,4.027,2714,2742,0,0,0,0
2021-10-31T10:00:00Z,28,0,0,0,0.231107,0.23,0.233,31.296429,30.7,31.7,4.026821,4.026,4.027,2743,2770,0,0,0,0
2021-10-31T11:00:00Z,29,0,0,0,0.231862,0.231,0.233,30.372414,30.1,30.7,4.026828,4.026,4.027,2771,2799,0,0,0,0
2021-10-31T12:00:00Z,23,0,0,0,0.232304,0.232,0.235,30.021739,29.8,30.1,4.026174,4.026,4.027,2800,2827,0,0,0,0
2021-10-31T13:00:00Z,29,0,0,0,0.232759,0.232,0.235,29.562069,29.4,29.7,4.026069,4.024,4.027,2828,2856,0,0,0,0
2021-10-31T14:00:00Z,29,0,0,0,0.233034,0.232,0.235,29.286207,29.1,29.4,4.025759,4.024,4.027,2857,2885,0,0,0,0
2021-10-31T15:00:00Z,28,0,0,0,0.233071,0.233,0.235,29.057143,28.9,29.1,4.025,4.022,4.026,2886,2913,0,0,0,0
2021-10-31T16:00:00Z,29,0,0,0,0.233207,0.233,0.235,28.744828,28.7,28.9,4.024483,4.022,4.026,2914,2942,0,0,0,0
2021-10-31T17:00:00Z,29,0,0,0,0.233379,0.233,0.235,28.634483,28.5,28.7,4.023931,4.022,4.026,2943,2971,0,0,0,0
2021-10-31T18:00:00Z,28,0,0,0,0.233643,0.233,0.236,28.378571,28.2,28.6,4.023893,4.021,4.026,2972,2999,0,0,0,0
2021-10-31T19:00:00Z,29,0,0,0,0.233655,0.233,0.235,28.110345,28,28.2,4.02269,4.021,4.026,3000,3028,0,0,0,0
2021-10-31T20:00:00Z,29,0,0,0,0.234069,0.233,0.236,27.972414,27.8,28.1,4.022345,4.021,4.024,3029,3057,0,0,0,0
2021-10-31T21:00:00Z,29,0,0,0,0.233897,0.233,0.236,27.827586,27.7,28,4.021862,4.021,4.024,3058,3086,0,0,0,0
2021-10-31T22:00:00Z,26,0,0,0,0.233962,0.233,0.236,27.726923,27.6,28.1,4.021,4.019,4.022,3087,3114,0,0,0,0
2021-10-31T23:00:00Z,29,0.696483,0,1.982,0.232793,0.229,0.237,29.227586,27.7,32.7,4.020655,4.019,4.022,3115,3143,0,0,0,0
2021-11-01T00:00:00Z,28,2.003679,1.233,3.501,0.227071,0.224,0.23,34.971429,33,36.8,4.022143,4.021,4.024,3144,3171,0,0,0,0
2021-11-01T01:00:00Z,16,3.287688,1.794,4.328,0.22275,0.219,0.225,39.8875,37,43.5,4.022687,4.021,4.024,3172,3199,0,0,0,0
2021-11-01T02:00:00Z,22,3.551273,1.179,4.992,0.22,0.217,0.223,43.340909,40.7,45.5,4.022727,4.022,4.024,3201,3227,0,0,0,0
2021-11-01T03:00:00Z,26,4.113038,0.908,5.184,0.2195,0.217,0.223,43.969231,41,46.3,4.023038,4.021,4.026,3228,3255,0,0,0,0
2021-11-01T04:00:00Z,29,3.834207,1.231,5.349,0.219172,0.217,0.223,44.268966,40.7,46.6,4.023483,4.021,4.026,3256,3284,0,0,0,0
2021-11-01T05:00:00Z,29,4.591448,1.479,5.167,0.216759,0.215,0.221,47.310345,44.7,48.7,4.023897,4.021,4.026,3285,3313,0,0,0,0
2021-11-01T06:00:00Z,28,4.391536,1.436,5.246,0.219893,0.218,0.226,43.592857,40.6,45.6,4.021679,4.021,4.024,3314,3341,0,0,0,0
2021-11-01T07:00:00Z,28,2.58575,0.972,4.907,0.221857,0.218,0.229,41.896429,36.9,47,4.020464,4.017,4.024,3342,3370,0,0,0,0
2021-11-01T08:00:00Z,26,1.4175,0.549,2.02,0.226577,0.225,0.231,35.823077,32.3,36.7,4.017115,4.016,4.019,3371,3398,0,0,0,0
2021-11-01T09:00:00Z,29,0.436138,0,0.695,0.230345,0.229,0.233,31.741379,31.2,32.2,4.015931,4.014,4.019,3399,3427,0,0,0,0
2021-11-01T10:00:00Z,29,0,0,0,0.230586,0.23,0.233,31.544828,31.3,31.9,4.014448,4.012,4.017,3428,3456,0,0,0,0
2021-11-01T11:00:00Z,28,0,0,0,0.231143,0.23,0.233,31.392857,31.3,31.4,4.01325,4.011,4.016,3457,3484,0,0,0,0
2021-11-01T12:00:00Z,29,0,0,0,0.231552,0.231,0.233,30.596552,30.3,31.3,4.012621,4.012,4.016,3485,3513,0,0,0,0
2021-11-01T13:00:00Z,29,0,0,0,0.232138,0.231,0.233,30.255172,30.1,30.4,4.011724,4.011,4.014,3514,3542,0,0,0,0
2021-11-01T14:00:00Z,28,0,0,0,0.232393,0.232,0.233,30.064286,30,30.1,4.010464,4.007,4.012,3543,3570,0,0,0,0
2021-11-01T15:00:00Z,29,0,0,0,0.233069,0.232,0.236,29.665517,29.6,30,4.009517,4.007,4.012,3571,3599,0,0,0,0
2021-11-01T16:00:00Z,27,0,0,0,0.233074,0.232,0.234,29.577778,29.5,29.6,4.008037,4.007,4.011,3600,3627,0,0,0,0
2021-11-01T17:00:00Z,20,0,0,0,0.233,0.232,0.235,29.56,29.2,30,4.00545,4.003,4.009,3628,3655,0,0,0,0
2021-11-01T18:00:00Z,20,0,0,0,0.2331,0.233,0.235,29.05,28.9,29.3,4.0039,4.003,4.006,3656,3682,0,0,0,0
2021-11-01T19:00:00Z,19,0,0,0,0.233211,0.233,0.235,28.8,28.6,29.1,4.001,3.999,4.003,3684,3711,0,0,0,0
2021-11-01T20:00:00Z,28,0,0,0,0.233821,0.233,0.236,28.196429,28.1,28.6,4.0005,3.999,4.001,3712,3740,0,0,0,0
2021-11-01T21:00:00Z,27,0,0,0,0.233519,0.233,0.236,27.966667,27.7,28.1,3.999074,3.999,4.001,3741,3769,0,0,0,0
2021-11-01T22:00:00Z,27,0,0,0,0.234074,0.233,0.237,27.7,27.6,27.9,3.998444,3.998,3.999,3770,3797,0,0,0,0
2021-11-01T23:00:00Z,23,0.141696,0,0.575,0.233478,0.233,0.235,28.408696,28,28.9,3.996348,3.994,3.998,3799,3825,0,0,0,0
2021-11-02T00:00:00Z,26,1.696308,0.688,2.998,0.230346,0.225,0.234,31.884615,29.1,35.5,3.995115,3.993,3.998,3826,3854,0,0,0,0
2021-11-02T01:00:00Z,15,3.707667,2.86,4.365,0.223333,0.218,0.228,39.653333,35.8,44.2,3.994867,3.991,3.996,3855,3882,0,0,0,0
2021-11-02T02:00:00Z,8,4.648,4.098,4.948,0.217125,0.216,0.219,46.3875,44.4,47.7,3.9945,3.993,3.996,3884,3901,0,0,0,0
2021-11-02T03:00:00Z,6,5.136167,5.018,5.253,0.215833,0.215,0.218,47.316667,46.2,47.9,3.9895,3.988,3.991,3916,3935,0,0,0,0
2021-11-02T04:00:00Z,29,5.037897,4.939,5.141,0.215828,0.214,0.218,47.737931,46.1,48.7,3.98769,3.984,3.989,3936,3964,0,0,0,0
2021-11-02T05:00:00Z,29,4.212207,1.062,5.138,0.215552,0.213,0.219,47.851724,45.8,48.7,3.986069,3.984,3.988,3965,3993,0,0,0,0
2021-11-02T06:00:00Z,27,4.277593,1.966,5.236,0.219519,0.218,0.223,44.051852,42.8,45.3,3.983407,3.981,3.986,3994,4021,0,0,0,0
2021-11-02T07:00:00Z,25,2.65532,1.592,5.139,0.22112,0.218,0.227,41.956,38,45.7,3.97996,3.978,3.983,4022,4050,0,0,0,0
2021-11-02T08:00:00Z,29,1.110724,0.679,1.607,0.226,0.223,0.229,36.306897,34.9,38,3.977517,3.976,3.979,4051,4079,0,0,0,0
2021-11-02T09:00:00Z,29,0.408966,0,0.656,0.228345,0.227,0.231,33.593103,32.7,34.8,3.975793,3.974,3.976,4080,4108,0,0,0,0
2021-11-02T10:00:00Z,25,0,0,0,0.23008,0.228,0.233,31.94,31.4,32.7,3.97416,3.974,3.976,4109,4136,0,0,0,0
2021-11-02T11:00:00Z,25,0,0,0,0.23092,0.23,0.233,31.26,31,31.4,3.97328,3.973,3.974,4138,4164,0,0,0,0
2021-11-02T12:00:00Z,29,0,0,0,0.231379,0.23,0.233,30.731034,30.6,31,3.972172,3.97,3.973,4165,4193,0,0,0,0
2021-11-02T13:00:00Z,29,0,0,0,0.231897,0.231,0.235,30.427586,30.1,30.8,3.969862,3.966,3.971,4194,4222,0,0,0,0
2021-11-02T14:00:00Z,28,0,0,0,0.232214,0.231,0.234,30.078571,30,30.1,3.96675,3.965,3.97,4223,4251,0,0,0,0
2021-11-02T15:00:00Z,24,0,0,0,0.23225,0.231,0.233,29.979167,29.7,30.1,3.962458,3.96,3.968,4252,4279,0,0,0,0
2021-11-02T16:00:00Z,29,0,0,0,0.232517,0.232,0.234,29.741379,29.6,30,3.958345,3.955,3.961,4280,4308,0,0,0,0
2021-11-02T17:00:00Z,27,0,0,0,0.232963,0.232,0.234,29.433333,29.2,29.7,3.955519,3.953,3.958,4309,4336,0,0,0,0
2021-11-02T18:00:00Z,29,0,0,0,0.233207,0.232,0.235,28.996552,28.8,29.2,3.953517,3.951,3.956,4337,4365,0,0,0,0
2021-11-02T19:00:00Z,29,0,0,0,0.233172,0.233,0.235,28.727586,28.7,28.9,3.951517,3.95,3.955,4366,4394,0,0,0,0
2021-11-02T20:00:00Z,29,0,0,0,0.233379,0.233,0.235,28.672414,28.6,28.7,3.948931,3.946,3.951,4395,4423,0,0,0,0
2021-11-02T21:00:00Z,28,0,0,0,0.233429,0.233,0.235,28.285714,28.1,28.6,3.946714,3.945,3.95,4424,4451,0,0,0,0
2021-11-02T22:00:00Z,29,0,0,0,0.233793,0.233,0.237,28.103448,28.1,28.2,3.945276,3.943,3.946,4452,4480,0,0,0,0
2021-11-02T23:00:00Z,28,0.724571,0,2.151,0.232536,0.229,0.234,29.585714,28.1,32.7,3.942786,3.941,3.945,4481,4509,0,0,0,0
2021-11-03T00:00:00Z,27,2.146815,1.131,3.475,0.225926,0.223,0.228,36.181481,31.2,39,3.943741,3.941,3.945,4510,4537,0,0,0,0
2021-11-03T01:00:00Z,23,3.219609,1.733,4.859,0.222391,0.218,0.225,40.626087,39,43.7,3.942609,3.94,3.945,4539,4565,0,0,0,0
2021-11-03T02:00:00Z,25,4.57316,3.88,4.888,0.21692,0.214,0.222,46.888,44.1,48.7,3.94132,3.94,3.945,4566,4594,0,0,0,0
2021-11-03T03:00:00Z,27,4.931259,4.611,5.062,0.216481,0.215,0.219,47.077778,46,47.7,3.940407,3.938,3.943,4595,4622,0,0,0,0
2021-11-03T04:00:00Z,29,4.888931,4.747,4.962,0.216069,0.214,0.218,47.975862,46,48.7,3.937483,3.935,3.94,4623,4651,0,0,0,0
2021-11-03T05:00:00Z,29,4.68369,2.269,5.287,0.216655,0.214,0.219,47.02069,45.5,48.8,3.934655,3.932,3.938,4652,4680,0,0,0,0
2021-11-03T06:00:00Z,29,4.22531,2.291,5.011,0.217759,0.216,0.22,46.068966,45.8,46.7,3.932241,3.93,3.935,4681,4709,0,0,0,0
2021-11-03T07:00:00Z,28,2.451107,1.358,4.833,0.221321,0.216,0.225,41.767857,37.9,46.7,3.929536,3.927,3.933,4710,4737,0,0,0,0
2021-11-03T08:00:00Z,29,1.273,0.436,1.863,0.225897,0.224,0.229,37.048276,35.3,38,3.925138,3.923,3.927,4738,4766,0,0,0,0
2021-11-03T09:00:00Z,29,0.309138,0,0.459,0.228,0.227,0.23,34.103448,33,35.2,3.922897,3.922,3.925,4767,4795,0,0,0,0
2021-11-03T10:00:00Z,22,0,0,0,0.229227,0.228,0.231,32.531818,32,33,3.922227,3.922,3.923,4796,4818,0,0,0,0
2021-11-03T11:00:00Z,25,0,0,0,0.23052,0.229,0.232,31.496,31.3,32.1,3.91984,3.918,3.922,4824,4851,0,0,0,0
2021-11-03T12:00:00Z,29,0,0,0,0.230966,0.23,0.233,31.17931,30.7,31.4,3.917276,3.915,3.92,4852,4880,0,0,0,0
2021-11-03T13:00:00Z,28,0,0,0,0.231679,0.23,0.233,30.607143,30.5,30.7,3.91525,3.913,3.918,4881,4908,0,0,0,0
2021-11-03T14:00:00Z,29,0,0,0,0.231621,0.23,0.233,30.603448,30.6,30.7,3.91269,3.91,3.915,4909,4937,0,0,0,0
2021-11-03T15:00:00Z,29,0,0,0,0.231862,0.231,0.234,30.410345,30.1,30.6,3.911897,3.908,3.913,4938,4966,0,0,0,0
2021-11-03T16:00:00Z,28,0,0,0,0.23325,0.232,0.236,28.95,27.5,30.1,3.908857,3.907,3.912,4967,4994,0,0,0,0
2021-11-03T17:00:00Z,27,0,0,0,0.234148,0.233,0.236,27.814815,27.5,28.4,3.906519,3.905,3.908,4995,5023,0,0,0,0
2021-11-03T18:00:00Z,29,0,0,0,0.234034,0.233,0.236,27.834483,27.7,28,3.904655,3.904,3.907,5024,5052,0,0,0,0
2021-11-03T19:00:00Z,28,0,0,0,0.233929,0.233,0.236,28.039286,27.9,28.1,3.903679,3.9,3.907,5053,5080,0,0,0,0
2021-11-03T20:00:00Z,29,0,0,0,0.234069,0.233,0.236,28.141379,28.1,28.4,3.901345,3.899,3.902,5081,5109,0,0,0,0
2021-11-03T21:00:00Z,29,0,0,0,0.233897,0.233,0.236,28.068966,27.8,28.3,3.899483,3.897,3.902,5110,5138,0,0,0,0
2021-11-03T22:00:00Z,28,0,0,0,0.234179,0.233,0.237,27.767857,27.7,27.9,3.898,3.897,3.9,5139,5166,0,0,0,0
2021-11-03T23:00:00Z,29,0.741483,0,2.255,0.232724,0.228,0.236,29.268966,27.9,33.4,3.897552,3.895,3.899,5167,5195,0,0,0,0
2021-11-04T00:00:00Z,27,2.662037,1.444,4.459,0.226222,0.223,0.229,36.3,34,38.3,3.899667,3.897,3.902,5196,5223,0,0,0,0
2021-11-04T01:00:00Z,29,3.912621,2.009,4.995,0.223138,0.22,0.228,39.52069,38,42.3,3.900517,3.899,3.904,5224,5252,0,0,0,0
2021-11-04T02:00:00Z,29,4.724759,3.99,5.194,0.219172,0.218,0.222,43.837931,42.7,45.3,3.902138,3.9,3.904,5253,5281,0,0,0,0
2021-11-04T03:00:00Z,28,4.803286,1.889,5.346,0.219071,0.217,0.222,44.646429,43.3,46,3.901,3.9,3.904,5282,5309,0,0,0,0
2021-11-04T04:00:00Z,29,4.537207,1.444,5.431,0.219138,0.217,0.223,43.941379,42.1,45.6,3.899414,3.897,3.902,5310,5338,0,0,0,0
2021-11-04T05:00:00Z,29,3.498379,1.312,5.405,0.223241,0.22,0.228,39.665517,37.8,42.5,3.897,3.895,3.899,5339,5367,0,0,0,0
2021-11-04T06:00:00Z,28,4.955,4.3,5.167,0.219393,0.218,0.223,43.885714,42,46,3.897143,3.895,3.899,5368,5395,0,0,0,0
2021-11-04T07:00:00Z,29,2.543552,1.121,5.136,0.222793,0.217,0.228,39.586207,35.6,45,3.895172,3.894,3.899,5396,5424,0,0,0,0
2021-11-04T08:00:00Z,29,1.253828,0.839,1.772,0.226724,0.226,0.228,35.334483,34.3,35.7,3.893724,3.892,3.894,5425,5453,0,0,0,0
2021-11-04T09:00:00Z,29,0.598172,0.393,0.851,0.228241,0.227,0.23,33.451724,32.8,34.2,3.891793,3.89,3.894,5454,5482,0,0,0,0
2021-11-04T10:00:00Z,28,0.012464,0,0.349,0.229821,0.228,0.233,32.110714,31.5,32.7,3.89,3.887,3.892,5483,5510,0,0,0,0
2021-11-04T11:00:00Z,29,0,0,0,0.231172,0.23,0.234,31.210345,30.8,31.4,3.888138,3.885,3.89,5511,5539,0,0,0,0
2021-11-04T12:00:00Z,28,0,0,0,0.231357,0.23,0.233,30.417857,30.1,30.7,3.8865,3.885,3.889,5540,5568,0,0,0,0
2021-11-04T13:00:00Z,27,0,0,0,0.232037,0.231,0.233,30.077778,30,30.1,3.886222,3.884,3.889,5569,5597,0,0,0,0
2021-11-04T14:00:00Z,28,0,0,0,0.232429,0.231,0.233,29.746429,29.6,30,3.884321,3.882,3.887,5598,5625,0,0,0,0
2021-11-04T15:00:00Z,29,0,0,0,0.232828,0.232,0.234,29.393103,29.3,29.6,3.882793,3.88,3.885,5626,5654,0,0,0,0
2021-11-04T16:00:00Z,29,0,0,0,0.233103,0.232,0.234,29.224138,29.1,29.4,3.882241,3.88,3.885,5655,5683,0,0,0,0
2021-11-04T17:00:00Z,29,0,0,0,0.233276,0.233,0.235,28.875862,28.7,29.1,3.880276,3.879,3.884,5684,5712,0,0,0,0
2021-11-04T18:00:00Z,28,0,0,0,0.23325,0.233,0.235,28.689286,28.6,28.7,3.879607,3.879,3.88,5713,5740,0,0,0,0
2021-11-04T19:00:00Z,29,0,0,0,0.233379,0.233,0.235,28.606897,28.6,28.7,3.878966,3.877,3.882,5741,5769,0,0,0,0
2021-11-04T20:00:00Z,29,0,0,0,0.233276,0.233,0.235,28.57931,28.4,28.6,3.878586,3.877,3.88,5770,5798,0,0,0,0
2021-11-04T21:00:00Z,23,0,0,0,0.233652,0.233,0.235,28.465217,28.3,28.7,3.877,3.875,3.879,5799,5826,0,0,0,0
2021-11-04T22:00:00Z,16,0,0,0,0.233687,0.233,0.235,28.675,28.6,28.7,3.875563,3.874,3.877,5828,5853,0,0,0,0
2021-11-04T23:00:00Z,28,0.229214,0,0.916,0.233179,0.233,0.235,28.814286,28.6,29.9,3.874571,3.874,3.877,5854,5881,0,0,0,0
2021-11-05T00:00:00Z,29,1.690069,0.887,3.517,0.229724,0.227,0.233,30.689655,27,35.4,3.876345,3.874,3.879,5882,5910,0,0,0,0
2021-11-05T01:00:00Z,25,3.22944,2.204,4.774,0.22512,0.223,0.228,37.24,35.5,40.3,3.879,3.877,3.88,5911,5938,0,0,0,0
2021-11-05T02:00:00Z,27,4.330222,3.447,4.933,0.218222,0.216,0.222,44.703704,40.7,47.2,3.883778,3.88,3.887,5939,5967,0,0,0,0
2021-11-05T03:00:00Z,28,4.346786,1.756,4.962,0.216286,0.215,0.22,47.378571,43.8,48.1,3.884321,3.882,3.887,5968,5995,0,0,0,0
2021-11-05T04:00:00Z,29,3.856448,1.369,5.153,0.220345,0.218,0.224,42.951724,40.8,44.6,3.881241,3.88,3.884,5996,6024,0,0,0,0
2021-11-05T05:00:00Z,29,3.136448,1.495,5.01,0.221897,0.217,0.228,40.682759,36.3,45.7,3.879655,3.877,3.882,6025,6053,0,0,0,0
2021-11-05T06:00:00Z,28,3.202071,1.651,5.11,0.223964,0.222,0.227,38.4,36.7,41.1,3.878286,3.877,3.879,6054,6081,0,0,0,0
2021-11-05T07:00:00Z,28,3.137214,2.048,4.697,0.224143,0.223,0.227,38.464286,36.6,39.8,3.877036,3.874,3.879,6082,6110,0,0,0,0
2021-11-05T08:00:00Z,28,1.486929,0.918,2.235,0.22675,0.225,0.228,35.446429,34.4,36.6,3.874821,3.874,3.877,6111,6138,0,0,0,0
2021-11-05T09:00:00Z,29,0.495414,0,0.892,0.228414,0.227,0.23,33.32069,32.6,34.3,3.873621,3.872,3.875,6139,6167,0,0,0,0
2021-11-05T10:00:00Z,27,0,0,0,0.230259,0.229,0.233,31.659259,31.2,32.6,3.872074,3.871,3.874,6168,6196,0,0,0,0
2021-11-05T11:00:00Z,23,0,0,0,0.230913,0.23,0.233,30.834783,30.6,31.1,3.871435,3.871,3.872,6197,6224,0,0,0,0
2021-11-05T12:00:00Z,22,0,0,0,0.231727,0.231,0.233,30.327273,30.1,30.6,3.871182,3.871,3.872,6225,6252,0,0,0,0
2021-11-05T13:00:00Z,22,0,0,0,0.232409,0.231,0.234,29.990909,29.7,30.1,3.870091,3.869,3.871,6253,6280,0,0,0,0
2021-11-05T14:00:00Z,21,0,0,0,0.232905,0.232,0.234,29.290476,29.1,29.6,3.869095,3.869,3.871,6282,6309,0,0,0,0
2021-11-05T15:00:00Z,24,0,0,0,0.233292,0.233,0.235,28.933333,28.6,29.2,3.868917,3.867,3.869,6310,6337,0,0,0,0
2021-11-05T16:00:00Z,27,0,0,0,0.233111,0.233,0.234,28.688889,28.4,28.8,3.869,3.869,3.869,6338,6366,0,0,0,0
2021-11-05T17:00:00Z,28,0,0,0,0.233429,0.232,0.235,28.646429,28.6,28.7,3.868,3.867,3.869,6367,6394,0,0,0,0
2021-11-05T18:00:00Z,29,0,0,0,0.233414,0.233,0.236,28.493103,28.2,28.6,3.867966,3.867,3.869,6395,6423,0,0,0,0
2021-11-05T19:00:00Z,29,0,0,0,0.233448,0.233,0.235,28.141379,28,28.4,3.867379,3.866,3.869,6424,6452,0,0,0,0
2021-11-05T20:00:00Z,28,0,0,0,0.23375,0.233,0.236,27.907143,27.7,28,3.866679,3.866,3.867,6453,6480,0,0,0,0
2021-11-05T21:00:00Z,29,0,0,0,0.234103,0.233,0.236,27.703448,27.7,27.8,3.865379,3.864,3.867,6481,6509,0,0,0,0
2021-11-05T22:00:00Z,28,0,0,0,0.233821,0.233,0.235,27.617857,27.4,27.8,3.864429,3.862,3.866,6510,6537,0,0,0,0
2021-11-05T23:00:00Z,29,0.529,0,1.914,0.233586,0.23,0.235,28.593103,27.4,31.6,3.863862,3.862,3.866,6538,6566,0,0,0,0
2021-11-06T00:00:00Z,29,2.717345,1.6,4.188,0.226276,0.224,0.23,35.237931,31.1,36.7,3.866138,3.862,3.867,6567,6595,0,0,0,0
2021-11-06T01:00:00Z,27,3.698556,2.893,4.747,0.224185,0.221,0.228,38.318519,36.6,41.9,3.867074,3.866,3.869,6596,6623,0,0,0,0
2021-11-06T02:00:00Z,28,4.495643,3.888,4.854,0.218107,0.216,0.221,45.389286,42,47.9,3.868643,3.867,3.869,6624,6652,0,0,0,0
2021-11-06T03:00:00Z,26,4.930269,4.631,5.031,0.215423,0.214,0.218,48.611538,48.1,48.7,3.868615,3.867,3.869,6653,6680,0,0,0,0
2021-11-06T04:00:00Z,28,4.772464,3.068,5.123,0.216607,0.215,0.219,46.964286,45.9,48,3.867107,3.866,3.869,6681,6709,0,0,0,0
2021-11-06T05:00:00Z,26,4.404808,1.982,5.049,0.216269,0.214,0.218,47.4,46,48.6,3.866423,3.864,3.867,6710,6737,0,0,0,0
2021-11-06T06:00:00Z,24,4.19975,0.989,5.128,0.217167,0.214,0.221,46.420833,43.6,48.7,3.8645,3.862,3.867,6738,6765,0,0,0,0
2021-11-06T07:00:00Z,27,2.339593,1.233,4.851,0.221889,0.216,0.226,41.011111,37.4,47.3,3.861741,3.857,3.866,6766,6794,0,0,0,0
2021-11-06T08:00:00Z,27,1.012926,0.866,1.218,0.226074,0.224,0.229,36.174074,35.4,37.2,3.85763,3.856,3.861,6795,6822,0,0,0,0
2021-11-06T09:00:00Z,25,0.56708,0,0.943,0.22756,0.227,0.23,34.328,33,35.3,3.85528,3.854,3.857,6824,6851,0,0,0,0
2021-11-06T10:00:00Z,27,0,0,0,0.229333,0.228,0.233,32.307407,31.3,32.9,3.853704,3.852,3.856,6852,6879,0,0,0,0
2021-11-06T11:00:00Z,27,0,0,0,0.230481,0.229,0.232,31.262963,28.4,31.5,3.851963,3.851,3.854,6880,6907,0,0,0,0
2021-11-06T12:00:00Z,24,0,0,0,0.231208,0.23,0.233,30.870833,30.6,31.2,3.850125,3.847,3.852,6909,6936,0,0,0,0
2021-11-06T13:00:00Z,23,0,0,0,0.231783,0.231,0.234,29.1,24.6,30.6,3.848304,3.847,3.851,6937,6963,0,0,0,0
2021-11-06T14:00:00Z,25,0,0,0,0.23184,0.231,0.233,30.096,28.7,30.7,3.84644,3.844,3.849,6965,6992,0,0,0,0
2021-11-06T15:00:00Z,27,0,0,0,0.232074,0.231,0.234,29.977778,29.6,30.1,3.845148,3.842,3.847,6993,7021,0,0,0,0
2021-11-06T16:00:00Z,25,0,0,0,0.23288,0.232,0.234,29.452,29.3,29.6,3.84324,3.841,3.846,7022,7049,0,0,0,0
2021-11-06T17:00:00Z,28,0,0,0,0.233071,0.232,0.235,29.182143,29,29.7,3.841429,3.839,3.844,7050,7077,0,0,0,0
2021-11-06T18:00:00Z,29,0,0,0,0.232828,0.232,0.234,29.210345,29,29.4,3.840724,3.839,3.842,7078,7106,0,0,0,0
2021-11-06T19:00:00Z,29,0,0,0,0.232931,0.232,0.234,29.124138,28.9,29.3,3.840034,3.838,3.841,7107,7135,0,0,0,0
2021-11-06T20:00:00Z,28,0,0,0,0.233107,0.232,0.235,28.860714,28.8,29,3.838857,3.838,3.841,7136,7163,0,0,0,0
2021-11-06T21:00:00Z,29,0,0,0,0.233379,0.233,0.236,28.306897,24.6,28.8,3.837276,3.834,3.839,7164,7192,0,0,0,0
2021-11-06T22:00:00Z,27,0,0,0,0.233444,0.233,0.235,25.496296,24.5,26.2,3.836889,3.836,3.838,7193,7220,0,0,0,0
2021-11-06T23:00:00Z,29,0.694862,0,1.794,0.232069,0.229,0.234,26.093103,22.6,32.1,3.834517,3.833,3.836,7221,7249,0,0,0,0
2021-11-07T00:00:00Z,28,2.159071,0.916,3.936,0.227286,0.226,0.23,33.307143,25.7,36.6,3.836679,3.836,3.839,7250,7277,0,0,0,0
2021-11-07T01:00:00Z,26,2.329769,1.036,4.693,0.227115,0.224,0.23,34.546154,32.6,37.9,3.835731,3.834,3.839,7278,7306,0,0,0,0
2021-11-07T02:00:00Z,29,4.256655,1.321,5.048,0.220379,0.218,0.224,42.296552,38.2,44.7,3.837793,3.834,3.841,7307,7335,0,0,0,0
2021-11-07T03:00:00Z,28,4.101536,1.709,5.308,0.22175,0.219,0.227,41.135714,38.5,43.5,3.836464,3.834,3.839,7336,7363,0,0,0,0
2021-11-07T04:00:00Z,29,4.542103,1.979,5.171,0.217828,0.215,0.221,46.47931,43.9,47.3,3.837379,3.836,3.838,7364,7392,0,0,0,0
2021-11-07T05:00:00Z,28,3.820571,1.782,5.323,0.219214,0.217,0.223,43.982143,41.3,46.2,3.836464,3.834,3.839,7393,7420,0,0,0,0
2021-11-07T06:00:00Z,27,1.823259,1.372,3.412,0.224333,0.219,0.229,37.722222,35.4,42.8,3.832926,3.829,3.836,7421,7449,0,0,0,0
2021-11-07T07:00:00Z,29,1.643586,1.289,2.719,0.226897,0.226,0.228,35.141379,34,36.7,3.829897,3.828,3.833,7450,7478,0,0,0,0
2021-11-07T08:00:00Z,28,1.020786,0.713,1.287,0.228321,0.227,0.232,33.442857,32.8,34,3.828107,3.826,3.829,7479,7506,0,0,0,0
2021-11-07T09:00:00Z,29,0.549793,0,0.706,0.228345,0.228,0.23,32.693103,32.3,32.9,3.826483,3.824,3.828,7507,7535,0,0,0,0
2021-11-07T10:00:00Z,29,0,0,0,0.230138,0.229,0.231,31.262069,29.6,32.2,3.824517,3.823,3.828,7536,7564,0,0,0,0
2021-11-07T11:00:00Z,28,0,0,0,0.231571,0.23,0.233,29.392857,24.6,30.6,3.823,3.821,3.824,7565,7592,0,0,0,0
2021-11-07T12:00:00Z,27,0,0,0,0.232148,0.231,0.233,25.718519,24.5,27.4,3.821593,3.819,3.824,7593,7621,0,0,0,0
2021-11-07T13:00:00Z,26,0,0,0,0.232269,0.231,0.233,26.238462,25.5,28.9,3.820769,3.819,3.823,7622,7649,0,0,0,0
2021-11-07T14:00:00Z,26,0,0,0,0.231962,0.231,0.233,28.303846,26.3,29.7,3.818962,3.818,3.821,7650,7677,0,0,0,0
2021-11-07T15:00:00Z,28,0,0,0,0.232571,0.231,0.234,29.514286,29.3,29.6,3.818357,3.818,3.819,7678,7706,0,0,0,0
2021-11-07T16:00:00Z,25,0,0,0,0.23272,0.232,0.234,29.444,29.3,29.6,3.818,3.818,3.818,7707,7734,0,0,0,0
2021-11-07T17:00:00Z,13,0,0,0,0.232615,0.232,0.234,29.492308,29.4,29.7,3.816923,3.816,3.818,7736,7753,0,0,0,0
2021-11-07T18:00:00Z,23,0,0,0,0.232957,0.232,0.234,29.208696,29,29.5,3.816,3.816,3.816,7767,7789,0,0,0,0
2021-11-07T19:00:00Z,29,0,0,0,0.233138,0.233,0.234,28.87931,28.7,29,3.815724,3.814,3.816,7790,7818,0,0,0,0
2021-11-07T20:00:00Z,28,0,0,0,0.233179,0.233,0.235,28.7,28.7,28.7,3.815071,3.814,3.816,7819,7846,0,0,0,0
2021-11-07T21:00:00Z,29,0,0,0,0.23331,0.233,0.235,28.641379,28.6,28.7,3.814414,3.814,3.816,7847,7875,0,0,0,0
2021-11-07T22:00:00Z,29,0,0,0,0.233414,0.233,0.235,28.624138,28.6,28.7,3.813552,3.811,3.814,7876,7904,0,0,0,0
2021-11-07T23:00:00Z,28,0.617429,0,1.615,0.232286,0.23,0.234,29.825,28.7,31.7,3.812857,3.811,3.814,7905,7932,0,0,0,0
2021-11-08T00:00:00Z,29,1.993379,1.344,3.268,0.227414,0.226,0.23,33.596552,27.1,35.8,3.813379,3.811,3.814,7933,7961,0,0,0,0
2021-11-08T01:00:00Z,26,3.562885,1.679,4.656,0.223192,0.219,0.228,38.980769,33.3,42.4,3.813885,3.811,3.816,7962,7989,0,0,0,0
2021-11-08T02:00:00Z,22,4.715955,1.577,5.438,0.219,0.218,0.221,43.354545,41.2,44.6,3.814909,3.814,3.816,7990,8017,0,0,0,0
2021-11-08T03:00:00Z,29,5.037379,2.773,5.38,0.218655,0.216,0.222,44.344828,41.9,46,3.814483,3.814,3.816,8018,8046,0,0,0,0
2021-11-08T04:00:00Z,27,4.936148,1.302,5.464,0.21863,0.217,0.222,43.918519,42.7,45.1,3.813815,3.813,3.816,8047,8074,0,0,0,0
2021-11-08T05:00:00Z,29,4.578448,1.115,5.22,0.218034,0.216,0.221,45.248276,44.6,46.2,3.813517,3.811,3.816,8075,8103,0,0,0,0
2021-11-08T06:00:00Z,28,4.937964,1.382,5.23,0.217893,0.217,0.219,45.35,44.1,46.4,3.813036,3.811,3.814,8104,8132,0,0,0,0
2021-11-08T07:00:00Z,27,1.573111,0.772,4.418,0.223407,0.218,0.228,39.12963,35.7,45,3.809889,3.806,3.813,8133,8160,0,0,0,0
2021-11-08T08:00:00Z,28,0.555321,0.419,0.752,0.227071,0.226,0.229,35.053571,34.4,35.6,3.807214,3.805,3.809,8161,8189,0,0,0,0
2021-11-08T09:00:00Z,28,0.159214,0,0.413,0.228357,0.227,0.231,33.889286,33.2,34.4,3.805429,3.803,3.808,8190,8217,0,0,0,0
2021-11-08T10:00:00Z,29,0,0,0,0.229,0.228,0.232,32.617241,32.2,33.1,3.803069,3.801,3.805,8218,8246,0,0,0,0
2021-11-08T11:00:00Z,26,0,0,0,0.229962,0.228,0.233,31.703846,31.3,32.5,3.800654,3.798,3.803,8247,8274,0,0,0,0
2021-11-08T12:00:00Z,27,0,0,0,0.231074,0.23,0.233,30.037037,27.2,31.4,3.798222,3.796,3.8,8275,8303,0,0,0,0
2021-11-08T13:00:00Z,27,0,0,0,0.231519,0.231,0.233,30.207407,30,30.5,3.796074,3.795,3.798,8304,8331,0,0,0,0
2021-11-08T14:00:00Z,28,0,0,0,0.232107,0.231,0.233,30.021429,29.9,30.1,3.794214,3.793,3.795,8332,8359,0,0,0,0
2021-11-08T15:00:00Z,29,0,0,0,0.232448,0.232,0.233,29.910345,29.8,30,3.793069,3.791,3.795,8360,8388,0,0,0,0
2021-11-08T16:00:00Z,29,0,0,0,0.232862,0.232,0.235,29.52069,29.3,29.7,3.791379,3.79,3.793,8389,8417,0,0,0,0
2021-11-08T17:00:00Z,28,0,0,0,0.232964,0.232,0.234,29.267857,29.2,29.3,3.7905,3.79,3.791,8418,8445,0,0,0,0
2021-11-08T18:00:00Z,28,0,0,0,0.232821,0.232,0.234,29.332143,29.1,29.5,3.789571,3.788,3.791,8446,8474,0,0,0,0
2021-11-08T19:00:00Z,28,0,0,0,0.233,0.232,0.234,29.042857,28.9,29.3,3.788214,3.786,3.79,8475,8502,0,0,0,0
2021-11-08T20:00:00Z,29,0,0,0,0.233345,0.233,0.236,28.8,28.6,28.9,3.785828,3.783,3.788,8503,8531,0,0,0,0
2021-11-08T21:00:00Z,28,0,0,0,0.233036,0.233,0.234,28.346429,28.1,28.6,3.783143,3.781,3.785,8532,8559,0,0,0,0
2021-11-08T22:00:00Z,29,0,0,0,0.233586,0.233,0.235,27.993103,27.3,28.1,3.780931,3.78,3.783,8560,8588,0,0,0,0
2021-11-08T23:00:00Z,29,0.429552,0,1.571,0.233034,0.232,0.235,29.041379,28.2,30.3,3.779448,3.776,3.781,8589,8617,0,0,0,0
2021-11-09T00:00:00Z,28,1.506321,1.048,2.474,0.22875,0.226,0.232,31.728571,28.2,35.3,3.777214,3.776,3.78,8618,8645,0,0,0,0
2021-11-09T01:00:00Z,17,2.084294,0.725,4.806,0.226882,0.225,0.229,34.052941,32.4,36.2,3.771353,3.768,3.776,8646,8667,0,0,0,0
2021-11-09T02:00:00Z,19,1.753789,1.346,2.251,0.226737,0.225,0.228,35.094737,34.1,35.7,3.766211,3.763,3.768,8672,8698,0,0,0,0
2021-11-09T03:00:00Z,23,1.544217,1.338,1.82,0.227522,0.227,0.23,34.243478,34,34.7,3.763609,3.763,3.765,8699,8726,0,0,0,0
2021-11-09T04:00:00Z,25,1.77908,1.272,2.432,0.2278,0.226,0.229,33.164,30.1,34.5,3.76284,3.762,3.763,8727,8755,0,0,0,0
2021-11-09T05:00:00Z,26,2.628462,1.933,4.428,0.225692,0.224,0.23,35.796154,30.6,37.2,3.761769,3.76,3.763,8756,8783,0,0,0,0
2021-11-09T06:00:00Z,29,1.890793,1.387,2.276,0.226276,0.225,0.229,35.613793,35,36.3,3.759586,3.757,3.762,8784,8812,0,0,0,0
2021-11-09T07:00:00Z,28,1.568821,1.443,1.705,0.226536,0.225,0.228,34.882143,34.6,35.2,3.756857,3.755,3.76,8813,8840,0,0,0,0
2021-11-09T08:00:00Z,28,1.383929,0.785,1.713,0.227071,0.226,0.228,34.964286,34.1,35.4,3.753429,3.75,3.757,8841,8869,0,0,0,0
2021-11-09T09:00:00Z,28,0.457679,0,0.743,0.228357,0.227,0.231,33.142857,32.4,34,3.74975,3.748,3.753,8870,8897,0,0,0,0
2021-11-09T10:00:00Z,29,0,0,0,0.230207,0.229,0.233,31.57931,31.4,32.3,3.746621,3.743,3.75,8898,8926,0,0,0,0
2021-11-09T11:00:00Z,28,0,0,0,0.230786,0.229,0.233,31.271429,30.7,31.4,3.743286,3.74,3.745,8927,8954,0,0,0,0
2021-11-09T12:00:00Z,26,0,0,0,0.231385,0.23,0.233,30.296154,30.1,30.6,3.740769,3.739,3.743,8955,8983,0,0,0,0
2021-11-09T13:00:00Z,25,0,0,0,0.2322,0.231,0.233,30.1,30.1,30.1,3.73788,3.737,3.74,8984,9011,0,0,0,0
2021-11-09T14:00:00Z,26,0,0,0,0.231962,0.231,0.234,30.157692,30.1,30.3,3.735154,3.734,3.737,9012,9038,0,0,0,0
2021-11-09T15:00:00Z,29,0,0,0,0.231966,0.231,0.233,30.024138,29.8,30.2,3.732448,3.73,3.735,9040,9068,0,0,0,0
2021-11-09T16:00:00Z,29,0,0,0,0.23231,0.231,0.233,29.786207,29.1,30,3.72969,3.727,3.732,9069,9097,0,0,0,0
2021-11-09T17:00:00Z,28,0,0,0,0.233071,0.232,0.234,29.228571,28.9,29.5,3.726143,3.724,3.729,9098,9125,0,0,0,0
2021-11-09T18:00:00Z,29,0,0,0,0.233172,0.232,0.235,29.144828,29,29.4,3.723276,3.72,3.727,9126,9154,0,0,0,0
2021-11-09T19:00:00Z,28,0,0,0,0.233,0.232,0.235,28.814286,28.7,28.9,3.719321,3.715,3.722,9155,9182,0,0,0,0
2021-11-09T20:00:00Z,29,0,0,0,0.233241,0.233,0.235,28.648276,28.6,28.7,3.715759,3.714,3.719,9183,9211,0,0,0,0
2021-11-09T21:00:00Z,28,0,0,0,0.233643,0.233,0.236,26.392857,25.2,28.6,3.713107,3.712,3.715,9212,9239,0,0,0,0
2021-11-09T22:00:00Z,29,0,0,0,0.233759,0.233,0.236,27.344828,27.2,27.7,3.71131,3.71,3.712,9240,9268,0,0,0,0
2021-11-09T23:00:00Z,28,0.153429,0,0.39,0.233393,0.233,0.235,27.567857,27.3,28.1,3.709536,3.707,3.71,9269,9296,0,0,0,0
2021-11-10T00:00:00Z,27,0.676074,0.375,1.094,0.232741,0.231,0.235,28.774074,28,30.1,3.707074,3.706,3.709,9297,9325,0,0,0,0
2021-11-10T01:00:00Z,24,2.008667,1.143,2.689,0.229083,0.226,0.233,30.545833,27.9,34.3,3.70375,3.702,3.706,9327,9353,0,0,0,0
2021-11-10T02:00:00Z,26,3.639731,2.492,4.638,0.224346,0.22,0.227,37.084615,32.8,42.1,3.700423,3.697,3.702,9354,9381,0,0,0,0
2021-11-10T03:00:00Z,26,3.3415,1.738,5.351,0.221192,0.218,0.224,41.292308,38.9,43.3,3.6985,3.696,3.701,9382,9409,0,0,0,0
2021-11-10T04:00:00Z,29,2.885276,2.283,4.582,0.222517,0.218,0.226,39.627586,36.9,43.9,3.692966,3.686,3.701,9410,9438,0,0,0,0
2021-11-10T05:00:00Z,28,3.070464,2.01,3.642,0.223786,0.223,0.228,38.5,37.4,39.3,3.684071,3.682,3.687,9439,9467,0,0,0,0
2021-11-10T06:00:00Z,28,3.099143,1.492,4.944,0.221893,0.218,0.227,40.742857,37.7,44.5,3.681821,3.681,3.684,9468,9495,0,0,0,0
2021-11-10T07:00:00Z,29,1.430966,0.759,2.061,0.223931,0.219,0.228,38.437931,36.6,43.6,3.68031,3.679,3.682,9496,9524,0,0,0,0
2021-11-10T08:00:00Z,27,1.203333,0.706,1.822,0.225667,0.224,0.228,36.581481,35.5,37,3.676037,3.673,3.679,9525,9551,0,0,0,0
2021-11-10T09:00:00Z,28,0.215143,0,0.652,0.227821,0.226,0.229,34.053571,33,35.4,3.671679,3.669,3.674,9553,9581,0,0,0,0
2021-11-10T10:00:00Z,27,0,0,0,0.228926,0.228,0.23,32.492593,32,32.9,3.668111,3.666,3.671,9582,9609,0,0,0,0
2021-11-10T11:00:00Z,29,0,0,0,0.229966,0.229,0.232,31.593103,31.4,32,3.664276,3.663,3.668,9610,9638,0,0,0,0
2021-11-10T12:00:00Z,22,0,0,0,0.230636,0.23,0.233,31.327273,31.1,31.5,3.661455,3.659,3.663,9639,9666,0,0,0,0
2021-11-10T13:00:00Z,7,0,0,0,0.231,0.229,0.232,30.9,30.6,31.1,3.658286,3.656,3.659,9667,9693,0,0,0,0
2021-11-10T14:00:00Z,27,0,0,0,0.232,0.231,0.233,30.107407,30,30.4,3.656444,3.654,3.658,9694,9721,0,0,0,0
2021-11-10T15:00:00Z,29,0,0,0,0.232345,0.231,0.233,29.841379,29.1,30,3.653793,3.651,3.656,9722,9750,0,0,0,0
2021-11-10T16:00:00Z,28,0,0,0,0.233071,0.232,0.235,29.021429,28.7,29.6,3.650321,3.648,3.653,9751,9778,0,0,0,0
2021-11-10T17:00:00Z,29,0,0,0,0.232276,0.231,0.233,29.948276,29.6,30.1,3.647138,3.644,3.649,9779,9807,0,0,0,0
2021-11-10T18:00:00Z,28,0,0,0,0.2325,0.231,0.234,29.821429,29.6,30,3.643143,3.641,3.646,9808,9835,0,0,0,0
2021-11-10T19:00:00Z,29,0,0,0,0.232793,0.231,0.234,29.434483,29.4,29.6,3.640276,3.638,3.643,9836,9864,0,0,0,0
2021-11-10T20:00:00Z,29,0,0,0,0.233034,0.232,0.234,29.127586,29,29.3,3.63731,3.636,3.64,9865,9893,0,0,0,0
2021-11-10T21:00:00Z,28,0,0,0,0.23325,0.232,0.235,28.757143,28.6,29,3.634786,3.633,3.636,9894,9921,0,0,0,0
2021-11-10T22:00:00Z,29,0,0,0,0.233586,0.233,0.236,28.134483,27.5,28.6,3.631828,3.63,3.635,9922,9950,0,0,0,0
2021-11-10T23:00:00Z,28,0.318643,0,0.785,0.2335,0.232,0.236,28.371429,27.7,29.3,3.630071,3.628,3.631,9951,9978,0,0,0,0
2021-11-11T00:00:00Z,29,1.660724,0.941,3.268,0.23031,0.227,0.233,31.155172,28.9,35.4,3.628069,3.626,3.63,9979,10007,0,0,0,0
2021-11-11T01:00:00Z,29,2.710138,1.692,4.337,0.224379,0.223,0.227,37.513793,35.9,39.4,3.626862,3.625,3.63,10008,10036,0,0,0,0
2021-11-11T02:00:00Z,29,2.575655,1.848,3.729,0.225379,0.223,0.228,36.937931,36.1,37.6,3.62469,3.623,3.626,10037,10065,0,0,0,0
2021-11-11T03:00:00Z,28,2.001964,0.702,3.391,0.225321,0.223,0.228,36.596429,34.1,37.9,3.621214,3.62,3.623,10066,10093,0,0,0,0
2021-11-11T04:00:00Z,27,1.271963,0.644,3.416,0.227667,0.226,0.23,34.040741,33.4,35.3,3.617556,3.615,3.62,10094,10122,0,0,0,0
2021-11-11T05:00:00Z,27,1.900593,0.918,3.406,0.227333,0.226,0.229,34.377778,33.4,36.5,3.614111,3.611,3.616,10123,10150,0,0,0,0
2021-11-11T06:00:00Z,24,2.150125,1.458,2.578,0.226083,0.225,0.228,35.920833,35.3,36.6,3.610333,3.608,3.613,10151,10179,0,0,0,0
2021-11-11T07:00:00Z,26,1.137769,0.59,2.064,0.228385,0.226,0.23,33.596154,32.7,35.5,3.607923,3.607,3.61,10181,10207,0,0,0,0
2021-11-11T08:00:00Z,29,0.614586,0,0.944,0.230345,0.228,0.233,31.27931,30.1,32.7,3.606828,3.605,3.608,10208,10236,0,0,0,0
2021-11-11T09:00:00Z,29,0.231483,0,0.577,0.232621,0.231,0.234,29.741379,29.4,30.1,3.605207,3.605,3.607,10237,10265,0,0,0,0
2021-11-11T10:00:00Z,28,0,0,0,0.232929,0.232,0.234,29.271429,29.2,29.4,3.604143,3.603,3.605,10266,10293,0,0,0,0
2021-11-11T11:00:00Z,28,0,0,0,0.233357,0.232,0.235,28.482143,28,29.3,3.60225,3.6,3.603,10294,10322,0,0,0,0
2021-11-11T12:00:00Z,25,0,0,0,0.23336,0.233,0.235,28.492,28.1,29.3,3.59876,3.593,3.602,10323,10349,0,0,0,0
2021-11-11T13:00:00Z,26,0,0,0,0.233115,0.233,0.235,28.607692,28.5,28.7,3.5925,3.59,3.595,10351,10378,0,0,0,0
2021-11-11T14:00:00Z,26,0,0,0,0.2335,0.233,0.235,28.146154,27.9,28.5,3.589731,3.587,3.592,10379,10405,0,0,0,0
2021-11-11T15:00:00Z,29,0,0,0,0.233828,0.233,0.235,28.044828,28,28.1,3.587103,3.585,3.588,10407,10435,0,0,0,0
2021-11-11T16:00:00Z,28,0,0,0,0.233893,0.233,0.237,27.846429,27.7,28.1,3.584357,3.583,3.587,10436,10463,0,0,0,0
2021-11-11T17:00:00Z,29,0,0,0,0.23431,0.233,0.237,27.541379,27.3,27.7,3.582621,3.582,3.585,10464,10492,0,0,0,0
2021-11-11T18:00:00Z,29,0,0,0,0.234379,0.233,0.237,27.389655,27.3,27.4,3.580448,3.578,3.583,10493,10521,0,0,0,0
2021-11-11T19:00:00Z,28,0,0,0,0.234429,0.233,0.236,27.4,27.4,27.4,3.579,3.578,3.58,10522,10549,0,0,0,0
2021-11-11T20:00:00Z,29,0,0,0,0.234552,0.233,0.236,27.4,27.4,27.4,3.577517,3.577,3.578,10550,10578,0,0,0,0
2021-11-11T21:00:00Z,28,0,0,0,0.234607,0.233,0.237,27.4,27.4,27.4,3.576357,3.575,3.577,10579,10606,0,0,0,0
2021-11-11T22:00:00Z,29,0,0,0,0.234414,0.234,0.238,27.4,27.4,27.4,3.575172,3.572,3.577,10607,10635,0,0,0,0
2021-11-11T23:00:00Z,29,0.307276,0,0.91,0.234172,0.233,0.237,27.868966,27.4,29.1,3.572966,3.57,3.574,10636,10664,0,0,0,0
2021-11-12T00:00:00Z,28,1.368714,0.99,1.74,0.230893,0.229,0.233,30.921429,29.3,31.4,3.571393,3.569,3.574,10665,10692,0,0,0,0
2021-11-12T01:00:00Z,27,2.782074,1.628,3.57,0.227519,0.225,0.231,33.666667,30,36.7,3.569037,3.565,3.57,10693,10721,0,0,0,0
2021-11-12T02:00:00Z,22,3.748045,2.635,4.918,0.221864,0.218,0.225,40.677273,37.3,43.3,3.568091,3.565,3.57,10722,10749,0,0,0,0
2021-11-12T03:00:00Z,27,2.989519,2.122,5.195,0.222407,0.218,0.225,39.955556,37.9,43.5,3.565148,3.562,3.569,10751,10778,0,0,0,0
2021-11-12T04:00:00Z,28,4.238714,1.648,5.062,0.218036,0.215,0.22,45.132143,43.3,46.7,3.563643,3.562,3.565,10779,10806,0,0,0,0
2021-11-12T05:00:00Z,27,3.389037,1.248,5.297,0.221,0.218,0.223,42.066667,39.3,43.7,3.561741,3.559,3.564,10807,10835,0,0,0,0
2021-11-12T06:00:00Z,29,2.928207,1.297,5.192,0.222517,0.218,0.227,40.448276,38.4,45.7,3.559,3.557,3.56,10836,10864,0,0,0,0
2021-11-12T07:00:00Z,28,1.849964,0.544,4.387,0.222071,0.217,0.228,40.410714,35.6,46,3.556643,3.555,3.559,10865,10892,0,0,0,0
2021-11-12T08:00:00Z,28,0.710857,0.477,1.258,0.227393,0.226,0.229,34.4,34,35.5,3.55425,3.554,3.555,10893,10921,0,0,0,0
2021-11-12T09:00:00Z,29,0.418379,0,0.713,0.228345,0.227,0.231,33.541379,32.7,34.1,3.553034,3.552,3.554,10922,10950,0,0,0,0
2021-11-12T10:00:00Z,27,0,0,0,0.229778,0.228,0.233,32.022222,31.4,32.7,3.551926,3.55,3.552,10951,10978,0,0,0,0
2021-11-12T11:00:00Z,29,0,0,0,0.231207,0.23,0.233,30.958621,30.6,31.4,3.550241,3.549,3.552,10979,11007,0,0,0,0
2021-11-12T12:00:00Z,28,0,0,0,0.231643,0.231,0.233,30.378571,30,30.6,3.548643,3.547,3.55,11008,11036,0,0,0,0
2021-11-12T13:00:00Z,26,0,0,0,0.232308,0.231,0.233,30.084615,30,30.1,3.545615,3.544,3.547,11037,11063,0,0,0,0
2021-11-12T14:00:00Z,26,0,0,0,0.2325,0.232,0.234,29.853846,29.5,30.1,3.542154,3.539,3.544,11065,11092,0,0,0,0
2021-11-12T15:00:00Z,29,0,0,0,0.233069,0.232,0.235,28.196552,26.8,29.1,3.538552,3.536,3.541,11093,11121,0,0,0,0
2021-11-12T16:00:00Z,29,0,0,0,0.233138,0.232,0.235,28.503448,25.8,29,3.536379,3.534,3.539,11122,11150,0,0,0,0
2021-11-12T17:00:00Z,29,0,0,0,0.233241,0.233,0.235,27.162069,24.6,28.6,3.533517,3.532,3.536,11151,11179,0,0,0,0
2021-11-12T18:00:00Z,28,0,0,0,0.233179,0.233,0.235,27.567857,25.8,28.5,3.531464,3.531,3.534,11180,11207,0,0,0,0
2021-11-12T19:00:00Z,29,0,0,0,0.23369,0.233,0.236,25.92069,25.7,26.2,3.529621,3.527,3.531,11208,11236,0,0,0,0
2021-11-12T20:00:00Z,28,0,0,0,0.233607,0.233,0.235,25.796429,25.4,25.9,3.527929,3.526,3.529,11237,11264,0,0,0,0
2021-11-12T21:00:00Z,29,0,0,0,0.233379,0.233,0.235,25.362069,24.4,26.7,3.526448,3.524,3.527,11265,11293,0,0,0,0
2021-11-12T22:00:00Z,29,0,0,0,0.233448,0.233,0.235,24.97931,24.4,25.8,3.525414,3.524,3.527,11294,11322,0,0,0,0
2021-11-12T23:00:00Z,28,0.25475,0,0.731,0.233357,0.232,0.236,24.582143,23.7,25.8,3.523929,3.522,3.526,11323,11350,0,0,0,0
2021-11-13T00:00:00Z,29,1.232,0.752,3.539,0.231586,0.229,0.233,27.903448,23.3,32.6,3.522897,3.521,3.524,11351,11379,0,0,0,0
2021-11-13T01:00:00Z,28,2.14325,1.69,2.609,0.228393,0.227,0.231,33.65,32.8,34.2,3.522643,3.521,3.524,11380,11407,0,0,0,0
2021-11-13T02:00:00Z,29,3.372483,2.422,4.364,0.22669,0.225,0.228,35.106897,33.5,36.2,3.521862,3.519,3.524,11408,11436,0,0,0,0
2021-11-13T03:00:00Z,26,3.239538,2.907,4.278,0.225769,0.225,0.228,36.292308,35.2,36.8,3.521308,3.519,3.522,11437,11465,0,0,0,0
2021-11-13T04:00:00Z,28,3.768714,2.642,4.874,0.224214,0.223,0.227,38.067857,37.1,38.8,3.520536,3.517,3.522,11466,11493,0,0,0,0
2021-11-13T05:00:00Z,29,3.896621,2.94,5.064,0.223724,0.222,0.227,38.627586,37.6,39.7,3.519483,3.517,3.521,11494,11522,0,0,0,0
2021-11-13T06:00:00Z,27,3.712259,2.153,5.115,0.223333,0.222,0.225,39.144444,38.1,42,3.517296,3.516,3.519,11523,11550,0,0,0,0
2021-11-13T07:00:00Z,19,1.855526,1.074,4.339,0.224211,0.22,0.227,37.852632,34.8,42.3,3.515,3.512,3.517,11551,11576,0,0,0,0
2021-11-13T08:00:00Z,7,1.167286,1.01,1.274,0.226857,0.226,0.228,34.685714,34.3,35.3,3.510571,3.509,3.512,11580,11605,0,0,0,0
2021-11-13T09:00:00Z,28,0.647607,0,0.948,0.228393,0.227,0.231,33.296429,32.6,34.2,3.508536,3.506,3.511,11606,11633,0,0,0,0
2021-11-13T10:00:00Z,29,0,0,0,0.229828,0.228,0.232,31.768966,31.3,32.6,3.505724,3.504,3.508,11634,11662,0,0,0,0
2021-11-13T11:00:00Z,28,0,0,0,0.231286,0.23,0.233,30.846429,30.6,31.3,3.503607,3.503,3.504,11663,11690,0,0,0,0
2021-11-13T12:00:00Z,29,0,0,0,0.231655,0.23,0.233,30.448276,30.1,30.6,3.502724,3.501,3.504,11691,11719,0,0,0,0
2021-11-13T13:00:00Z,24,0,0,0,0.231875,0.231,0.233,30.1125,30.1,30.3,3.501167,3.501,3.503,11720,11747,0,0,0,0
2021-11-13T14:00:00Z,27,0,0,0,0.232259,0.232,0.233,30.066667,30,30.1,3.500407,3.499,3.501,11748,11775,0,0,0,0
2021-11-13T15:00:00Z,29,0,0,0,0.232655,0.232,0.235,29.541379,28.7,30,3.499276,3.499,3.501,11776,11804,0,0,0,0
2021-11-13T16:00:00Z,29,0,0,0,0.233379,0.233,0.235,28.875862,28.7,29,3.498897,3.498,3.499,11805,11833,0,0,0,0
2021-11-13T17:00:00Z,28,0,0,0,0.233143,0.232,0.235,28.810714,28.7,28.9,3.497714,3.496,3.499,11834,11861,0,0,0,0
2021-11-13T18:00:00Z,29,0,0,0,0.233069,0.232,0.235,28.706897,28.7,28.8,3.495793,3.494,3.498,11862,11890,0,0,0,0
2021-11-13T19:00:00Z,29,0,0,0,0.233276,0.233,0.236,28.52069,27.2,28.8,3.494103,3.491,3.496,11891,11919,0,0,0,0
2021-11-13T20:00:00Z,28,0,0,0,0.233357,0.233,0.236,28.228571,27.2,28.6,3.490857,3.489,3.493,11920,11947,0,0,0,0
2021-11-13T21:00:00Z,29,0,0,0,0.233379,0.233,0.235,28.017241,27.7,28.2,3.488172,3.486,3.491,11948,11976,0,0,0,0
2021-11-13T22:00:00Z,29,0,0,0,0.233448,0.233,0.235,28.027586,27.6,28.4,3.485241,3.484,3.488,11977,12005,0,0,0,0
2021-11-13T23:00:00Z,28,0.359429,0,0.984,0.233143,0.231,0.237,28.546429,27.7,29.9,3.481893,3.479,3.484,12006,12033,0,0,0,0
2021-11-14T00:00:00Z,29,0.884931,0.423,1.231,0.231966,0.231,0.236,30.131034,29.7,30.9,3.478103,3.476,3.481,12034,12062,0,0,0,0
2021-11-14T01:00:00Z,29,1.711655,1.233,3.542,0.230069,0.228,0.232,31.906897,31.1,34,3.474517,3.473,3.476,12063,12091,0,0,0,0
2021-11-14T02:00:00Z,28,2.592357,1.751,3.98,0.226786,0.225,0.229,35.246429,34.3,35.5,3.470607,3.466,3.473,12092,12119,0,0,0,0
2021-11-14T03:00:00Z,29,1.874103,1.602,2.081,0.227862,0.227,0.229,33.951724,33.7,34.2,3.463828,3.46,3.468,12120,12148,0,0,0,0
2021-11-14T04:00:00Z,28,1.717714,0.9,2.074,0.228429,0.228,0.231,33.585714,32.7,34,3.456179,3.451,3.46,12149,12176,0,0,0,0
2021-11-14T05:00:00Z,26,0.890346,0.629,1.244,0.231192,0.229,0.233,30.792308,29.3,32.7,3.449,3.446,3.453,12177,12205,0,0,0,0
2021-11-14T06:00:00Z,29,0.901586,0.715,1.082,0.233345,0.232,0.235,28.662069,28.3,29.2,3.444655,3.442,3.446,12206,12234,0,0,0,0
2021-11-14T07:00:00Z,28,0.911464,0.393,1.33,0.232643,0.232,0.234,29.617857,28.9,30,3.437429,3.433,3.442,12235,12262,0,0,0,0
2021-11-14T08:00:00Z,29,0.832897,0.759,0.918,0.232655,0.232,0.235,29.77931,29.4,30,3.427517,3.42,3.433,12263,12291,0,0,0,0
2021-11-14T09:00:00Z,29,0.354897,0,0.823,0.232759,0.231,0.236,29.413793,28.8,30,3.418897,3.413,3.425,12292,12320,0,0,0,0
2021-11-14T10:00:00Z,29,0,0,0,0.233379,0.233,0.235,28.327586,28,28.8,3.408931,3.404,3.415,12321,12349,0,0,0,0
2021-11-14T11:00:00Z,27,0,0,0,0.233889,0.233,0.236,27.874074,27.8,27.9,3.398296,3.395,3.404,12350,12377,0,0,0,0
2021-11-14T12:00:00Z,27,0,0,0,0.233481,0.233,0.235,27.97037,27.9,28.1,3.391926,3.385,3.395,12378,12406,0,0,0,0
2021-11-14T13:00:00Z,28,0,0,0,0.233679,0.233,0.236,27.757143,27.7,27.9,3.37875,3.372,3.385,12407,12434,0,0,0,0
2021-11-14T14:00:00Z,28,0,0,0,0.234,0.233,0.237,27.846429,27.8,27.9,3.368286,3.364,3.372,12435,12463,0,0,0,0
2021-11-14T15:00:00Z,27,0,0,0,0.233444,0.233,0.234,27.822222,27.7,27.9,3.357333,3.352,3.362,12464,12491,0,0,0,0
2021-11-14T16:00:00Z,29,0,0,0,0.233414,0.233,0.236,27.806897,27.7,28.1,3.345483,3.341,3.351,12492,12520,0,0,0,0
2021-11-14T17:00:00Z,29,0,0,0,0.231172,0.229,0.233,27.958621,27.8,28.1,3.336414,3.326,3.341,12521,12549,0,0,0,0
2021-11-14T18:00:00Z,28,0,0,0,0.22875,0.228,0.231,27.664286,26.9,27.9,3.32175,3.314,3.329,12550,12577,0,0,0,0
2021-11-14T19:00:00Z,29,0,0,0,0.227586,0.226,0.229,27.168966,26.6,27.4,3.309172,3.301,3.316,12578,12606,0,0,0,0
2021-11-14T20:00:00Z,29,0,0,0,0.224655,0.223,0.228,27.072414,26.7,27.3,3.293483,3.288,3.301,12607,12635,0,0,0,0
2021-11-14T21:00:00Z,29,0,0,0,0.22231,0.22,0.225,26.527586,26.3,26.7,3.280759,3.273,3.288,12636,12664,0,0,0,0
2021-11-14T22:00:00Z,28,0,0,0,0.219679,0.218,0.223,26.257143,26.2,26.4,3.264179,3.258,3.272,12665,12692,0,0,0,0
2021-11-14T23:00:00Z,29,0.375241,0,1.389,0.21569,0.212,0.219,27.044828,26.4,28.2,3.248517,3.239,3.258,12693,12721,0,0,0,0
2021-11-15T00:00:00Z,29,1.531793,0.664,2.95,0.207966,0.205,0.212,30.486207,28.6,32.2,3.233966,3.227,3.24,12722,12750,0,0,0,0
2021-11-15T01:00:00Z,27,2.873333,1.285,4.784,0.198333,0.18,0.207,35.359259,30.1,40.6,3.211889,3.184,3.227,1,12760,0,0,0,0
2021-11-15T02:00:00Z,25,4.2904,1.146,5.471,0.17956,0.164,0.193,42.448,40.1,45.3,3.17428,3.154,3.197,1,30,0,0,0,0
2021-11-15T03:00:00Z,28,2.670786,1.592,4.034,0.175321,0.174,0.179,36.717857,34.5,40.6,3.138393,3.128,3.153,1,1,0,0,0,0
2021-11-15T04:00:00Z,29,2.601897,0,4.308,0.17,0.167,0.175,35.624138,31.3,36.7,3.106862,3.088,3.126,1,1,0,0,0,0
2021-11-15T05:00:00Z,28,1.530607,0.403,3.468,0.172321,0.165,0.177,28.05,27.4,30.1,3.070214,3.052,3.085,1,1,0,0,0,0
2021-11-15T06:00:00Z,29,2.266931,0.813,4.485,0.158793,0.155,0.165,50.2,30.1,64.7,3.02969,3.003,3.05,1,1,0,0,16,0
2021-11-15T07:00:00Z,28,1.899893,0,4.065,0.155,0.155,0.155,64.260714,63.3,64.5,2.971179,2.942,3.001,1,1,0,0,28,0
2021-11-15T08:00:00Z,3,0,0,0,0.155,0.155,0.155,62.9,62.6,63.2,2.935667,2.932,2.94,1,1,0,0,3,0
2021-11-20T07:00:00Z,1,0.832,0.832,0.832,1.9968,1.9968,1.9968,,,,,,,,,0,0,0,0
