ts,n_samples,solar2_v_avg,solar2_v_min,solar2_v_max,current2_a_avg,current2_a_min,current2_a_max,temp_c_avg,temp_c_min,temp_c_max,lipo2_v_avg,lipo2_v_min,lipo2_v_max,boot_count_min,boot_count_max,solar2_v_n_oor,current2_a_n_oor,temp_c_n_oor,lipo2_v_n_oor
2022-03-05T03:00:00Z,18,0,0,0,0.224389,0.199,0.257,36.538889,35.5,39.3,3.4935,2.433,3.79,1,18,0,0,0,0
2022-03-05T04:00:00Z,29,0,0,0,0.23669,0.2,0.264,34.986207,34.5,35.5,3.944379,3.8,4.029,19,47,0,0,0,0
2022-03-05T05:00:00Z,28,0,0,0,0.235929,0.204,0.27,31.921429,30,34.4,4.092143,4.032,4.13,48,75,0,0,0,0
2022-03-05T06:00:00Z,29,0,0,0,0.244138,0.209,0.27,29.137931,28.6,29.9,4.139379,4.128,4.153,76,104,0,0,0,0
2022-03-05T07:00:00Z,29,0,0,0,0.244931,0.21,0.27,27.996552,27.5,28.6,4.16269,4.153,4.171,105,133,0,0,0,0
2022-03-05T08:00:00Z,29,0,0,0,0.235276,0.211,0.269,27.537931,27.4,27.7,4.168241,4.144,4.182,134,162,0,0,0,0
2022-03-05T09:00:00Z,28,0,0,0,0.23775,0.211,0.269,27.492857,27.4,27.6,4.137286,4.133,4.144,163,190,0,0,0,0
2022-03-05T10:00:00Z,29,0,0,0,0.241793,0.208,0.271,28.741379,27.5,29.9,4.131621,4.128,4.133,191,219,0,0,0,0
2022-03-05T11:00:00Z,28,0,0,0,0.238143,0.208,0.267,30.135714,30,30.3,4.127179,4.125,4.131,220,248,0,0,0,0
2022-03-05T12:00:00Z,27,0,0,0,0.243852,0.207,0.27,29.966667,28.7,30.6,4.122815,4.12,4.126,249,276,0,0,0,0
2022-03-05T13:00:00Z,28,0,0,0,0.2355,0.21,0.27,28.046429,27.7,28.6,4.11975,4.118,4.123,277,305,0,0,0,0
2022-03-05T14:00:00Z,25,0,0,0,0.23672,0.211,0.268,27.584,27.4,27.7,4.11708,4.113,4.12,306,334,0,0,0,0
2022-03-05T15:00:00Z,28,0,0,0,0.23875,0.212,0.271,27.417857,27.4,27.5,4.115714,4.113,4.118,335,362,0,0,0,0
2022-03-05T16:00:00Z,29,0,0,0,0.24031,0.212,0.272,27.4,27.4,27.4,4.114793,4.113,4.116,363,391,0,0,0,0
2022-03-05T17:00:00Z,26,0,0,0,0.243885,0.209,0.272,28.388462,27.4,29.4,4.113769,4.111,4.116,392,419,0,0,0,0
2022-03-05T18:00:00Z,27,0,0,0,0.237704,0.208,0.27,29.874074,29.5,30.1,4.112852,4.111,4.115,420,447,0,0,0,0
2022-03-05T19:00:00Z,26,0,0,0,0.235654,0.208,0.269,30.1,30.1,30.1,4.112115,4.11,4.115,449,476,0,0,0,0
2022-03-05T20:00:00Z,29,0,0,0,0.237276,0.208,0.269,30.096552,30,30.1,4.111379,4.11,4.113,477,505,0,0,0,0
2022-03-05T21:00:00Z,29,0,0,0,0.241103,0.208,0.268,30.1,30.1,30.1,4.109897,4.106,4.113,506,534,0,0,0,0
2022-03-05T22:00:00Z,28,0,0,0,0.240893,0.208,0.269,30.103571,30.1,30.2,4.109214,4.106,4.111,535,562,0,0,0,0
2022-03-05T23:00:00Z,29,0,0,0,0.237517,0.207,0.269,30.162069,30.1,30.2,4.108172,4.106,4.111,563,591,0,0,0,0
2022-03-06T00:00:00Z,29,0,0,0,0.244448,0.207,0.27,30.265517,30.2,30.4,4.10731,4.106,4.11,592,620,0,0,0,0
2022-03-06T01:00:00Z,28,0,0,0,0.24225,0.207,0.27,30.446429,30.3,30.6,4.106786,4.106,4.108,621,648,0,0,0,0
2022-03-06T02:00:00Z,29,3.612552,0,5.079,0.227207,0.21,0.268,40.765517,30.6,48.7,4.09531,4.088,4.108,649,677,0,0,0,0
2022-03-06T03:00:00Z,29,4.971207,4.72,5.113,0.215276,0.209,0.222,49.027586,47.3,50.1,4.091207,4.09,4.093,678,706,0,0,0,0
2022-03-06T04:00:00Z,28,4.887393,4.314,5.064,0.216393,0.21,0.223,48.510714,46.4,50.2,4.087786,4.085,4.09,707,734,0,0,0,0
2022-03-06T05:00:00Z,29,4.910931,4.744,5.02,0.217724,0.206,0.228,47.555172,45.5,49.2,4.085138,4.083,4.087,735,763,0,0,0,0
2022-03-06T06:00:00Z,29,4.196897,1.494,4.877,0.216517,0.205,0.231,46.955172,44.6,48.7,4.083586,4.082,4.087,764,792,0,0,0,0
2022-03-06T07:00:00Z,29,2.415483,1.023,4.236,0.220552,0.208,0.233,42.151724,39.4,46,4.081828,4.08,4.083,793,821,0,0,0,0
2022-03-06T08:00:00Z,29,0.885724,0.595,1.026,0.225793,0.218,0.232,37.862069,36.3,39.3,4.079655,4.078,4.082,822,850,0,0,0,0
2022-03-06T09:00:00Z,28,0.541,0.331,0.708,0.227536,0.22,0.233,35.139286,33.7,36.2,4.077179,4.075,4.078,851,878,0,0,0,0
2022-03-06T10:00:00Z,29,0,0,0,0.227034,0.219,0.244,32.234483,31.4,33.4,4.073862,4.07,4.077,879,907,0,0,0,0
2022-03-06T11:00:00Z,29,0,0,0,0.234379,0.219,0.245,31.158621,30.7,31.4,4.071241,4.069,4.073,908,936,0,0,0,0
2022-03-06T12:00:00Z,29,0,0,0,0.23069,0.219,0.242,30.444828,30.1,30.7,4.06869,4.067,4.072,937,965,0,0,0,0
2022-03-06T13:00:00Z,27,0,0,0,0.232667,0.225,0.238,30.107407,30.1,30.2,4.06663,4.065,4.069,966,993,0,0,0,0
2022-03-06T14:00:00Z,29,0,0,0,0.232207,0.225,0.239,30.034483,29.9,30.1,4.064621,4.062,4.067,994,1022,0,0,0,0
2022-03-06T15:00:00Z,28,0,0,0,0.235679,0.225,0.247,29.75,29.6,30.1,4.062393,4.06,4.065,1023,1051,0,0,0,0
2022-03-06T16:00:00Z,29,0,0,0,0.234138,0.22,0.247,29.313793,29.1,29.6,4.060448,4.059,4.062,1052,1080,0,0,0,0
2022-03-06T17:00:00Z,28,0,0,0,0.23425,0.22,0.247,28.985714,28.9,29.1,4.059143,4.057,4.062,1081,1108,0,0,0,0
2022-03-06T18:00:00Z,29,0,0,0,0.231724,0.22,0.25,29.003448,28.9,29.1,4.057414,4.055,4.059,1109,1137,0,0,0,0
2022-03-06T19:00:00Z,29,0,0,0,0.233034,0.22,0.251,28.855172,28.7,29,4.055621,4.054,4.059,1138,1166,0,0,0,0
2022-03-06T20:00:00Z,28,0,0,0,0.2315,0.22,0.251,28.639286,28.6,28.7,4.054179,4.052,4.055,1167,1194,0,0,0,0
2022-03-06T21:00:00Z,29,0,0,0,0.235276,0.221,0.252,28.37931,28.2,28.6,4.052931,4.052,4.055,1195,1223,0,0,0,0
2022-03-06T22:00:00Z,28,0,0,0,0.234929,0.221,0.251,28.432143,28.2,28.6,4.051857,4.05,4.054,1224,1251,0,0,0,0
2022-03-06T23:00:00Z,29,0.062345,0,0.388,0.235276,0.221,0.248,28.47931,28.2,28.8,4.050103,4.049,4.052,1252,1280,0,0,0,0
2022-03-07T00:00:00Z,29,0.873448,0.354,2.166,0.230207,0.221,0.247,29.413793,21.2,35.1,4.049655,4.047,4.052,1281,1309,0,0,0,0
2022-03-07T01:00:00Z,28,3.213464,1.212,4.511,0.222964,0.213,0.232,40.360714,34.9,46.3,4.051679,4.049,4.054,1310,1337,0,0,0,0
2022-03-07T02:00:00Z,29,4.769069,4.511,4.982,0.214621,0.208,0.222,48.603448,47.3,49.9,4.052759,4.052,4.054,1338,1366,0,0,0,0
2022-03-07T03:00:00Z,29,4.962931,4.802,5.09,0.215172,0.208,0.221,49.193103,48.5,50.3,4.05269,4.052,4.054,1367,1395,0,0,0,0
2022-03-07T04:00:00Z,29,3.78031,0.969,5.067,0.215552,0.209,0.226,47.248276,39.9,49.6,4.051034,4.049,4.052,1396,1424,0,0,0,0
2022-03-07T05:00:00Z,28,3.440286,1.157,5.113,0.221643,0.209,0.233,42.025,38.6,46,4.047893,4.045,4.05,1425,1452,0,0,0,0
2022-03-07T06:00:00Z,29,3.771069,1.338,4.866,0.223379,0.209,0.232,43.362069,42.4,44.6,4.046655,4.045,4.049,1453,1481,0,0,0,0
2022-03-07T07:00:00Z,29,2.138069,0.997,3.736,0.222207,0.212,0.236,40.624138,39.1,42.5,4.044828,4.042,4.047,1482,1510,0,0,0,0
2022-03-07T08:00:00Z,28,0.876464,0.723,1.005,0.226464,0.215,0.237,37.082143,35.5,38.9,4.041536,4.039,4.044,1511,1538,0,0,0,0
2022-03-07T09:00:00Z,28,0.376964,0,0.679,0.228357,0.221,0.242,33.992857,31,35.5,4.038464,4.036,4.04,1539,1567,0,0,0,0
2022-03-07T10:00:00Z,29,0,0,0,0.229931,0.218,0.242,30.97931,21.7,32.7,4.03569,4.032,4.037,1568,1596,0,0,0,0
2022-03-07T11:00:00Z,28,0,0,0,0.23075,0.225,0.238,30.507143,26.1,31.3,4.03325,4.031,4.037,1597,1624,0,0,0,0
2022-03-07T12:00:00Z,29,0,0,0,0.231379,0.225,0.238,28.568966,20.8,30.2,4.032103,4.031,4.034,1625,1653,0,0,0,0
2022-03-07T13:00:00Z,29,0,0,0,0.231034,0.225,0.238,29.513793,24.1,30.1,4.030207,4.029,4.032,1654,1682,0,0,0,0
2022-03-07T14:00:00Z,29,0,0,0,0.231759,0.226,0.24,28.282759,20.3,29.9,4.029276,4.029,4.031,1683,1711,0,0,0,0
2022-03-07T15:00:00Z,28,0,0,0,0.233714,0.227,0.24,26.653571,20.3,28.9,4.028429,4.027,4.029,1712,1739,0,0,0,0
2022-03-07T16:00:00Z,29,0,0,0,0.233586,0.221,0.248,27.213793,19.2,28.6,4.027207,4.027,4.029,1740,1768,0,0,0,0
2022-03-07T17:00:00Z,29,0,0,0,0.234828,0.221,0.251,28.075862,28,28.2,4.026931,4.026,4.027,1769,1797,0,0,0,0
2022-03-07T18:00:00Z,29,0,0,0,0.233207,0.221,0.25,27.9,27.7,28.1,4.026448,4.024,4.027,1798,1826,0,0,0,0
2022-03-07T19:00:00Z,28,0,0,0,0.237036,0.222,0.251,27.696429,27.6,27.8,4.025393,4.022,4.027,1827,1854,0,0,0,0
2022-03-07T20:00:00Z,29,0,0,0,0.233138,0.222,0.251,27.606897,27.5,27.7,4.024862,4.022,4.027,1855,1883,0,0,0,0
2022-03-07T21:00:00Z,29,0,0,0,0.236345,0.222,0.251,27.410345,27.4,27.5,4.024103,4.021,4.026,1884,1912,0,0,0,0
2022-03-07T22:00:00Z,28,0,0,0,0.231714,0.222,0.25,27.4,27.4,27.4,4.022179,4.021,4.024,1913,1940,0,0,0,0
2022-03-07T23:00:00Z,29,0,0,0,0.236448,0.222,0.249,27.417241,27.4,27.6,4.021483,4.019,4.024,1941,1969,0,0,0,0
2022-03-08T00:00:00Z,29,1.216414,0,3.145,0.228552,0.218,0.237,33.768966,27.6,40.4,4.023379,4.019,4.027,1970,1998,0,0,0,0
2022-03-08T01:00:00Z,28,3.499429,0.918,4.721,0.22175,0.214,0.23,42.046429,32.9,48.2,4.026,4.024,4.027,1999,2026,0,0,0,0
2022-03-08T02:00:00Z,29,4.652483,3.875,4.857,0.211414,0.205,0.217,52.368966,48.7,54,4.027069,4.026,4.029,2027,2055,0,0,0,0
2022-03-08T03:00:00Z,29,4.891759,4.749,4.998,0.211724,0.205,0.218,52.52069,50.9,54.2,4.02669,4.026,4.027,2056,2084,0,0,0,0
2022-03-08T04:00:00Z,29,4.895862,4.785,5.021,0.212414,0.205,0.218,51.793103,50.8,53.2,4.026069,4.024,4.027,2085,2113,0,0,0,0
2022-03-08T05:00:00Z,28,4.851929,4.729,5.01,0.214821,0.202,0.224,51.578571,49.9,52.6,4.025143,4.024,4.026,2114,2141,0,0,0,0
2022-03-08T06:00:00Z,29,4.550345,4.047,4.852,0.21669,0.209,0.224,47.403448,43.3,52.6,4.023552,4.021,4.026,2142,2170,0,0,0,0
2022-03-08T07:00:00Z,29,2.211828,0.969,3.778,0.222379,0.215,0.23,35.448276,22.6,43.3,4.018517,4.016,4.022,2171,2199,0,0,0,0
2022-03-08T08:00:00Z,28,0.711036,0.498,0.944,0.22675,0.219,0.234,34.667857,21.3,38,4.018929,4.016,4.021,2200,2227,0,0,0,0
2022-03-08T09:00:00Z,29,0.41369,0.324,0.551,0.227138,0.222,0.234,31.596552,21.2,35.3,4.019414,4.017,4.021,2228,2256,0,0,0,0
2022-03-08T10:00:00Z,28,0.036393,0,0.347,0.228429,0.221,0.238,29.935714,19.4,33.4,4.016464,4.014,4.019,2257,2284,0,0,0,0
2022-03-08T11:00:00Z,29,0,0,0,0.229172,0.221,0.236,22.472414,19.2,27.8,4.017414,4.016,4.019,2285,2313,0,0,0,0
2022-03-08T12:00:00Z,23,0,0,0,0.231826,0.224,0.239,28.382609,21.3,31.4,4.017652,4.016,4.021,2314,2341,0,0,0,0
2022-03-08T13:00:00Z,5,0,0,0,0.233,0.229,0.236,30.2,29.2,30.5,4.0182,4.017,4.019,2343,2365,0,0,0,0
2022-03-08T14:00:00Z,7,0,0,0,0.231429,0.228,0.235,27.157143,23.2,30.1,4.015286,4.014,4.017,2388,2394,0,0,0,0
2022-03-08T15:00:00Z,29,0,0,0,0.231448,0.228,0.237,29.858621,29.4,30,4.01531,4.012,4.017,2395,2423,0,0,0,0
2022-03-08T16:00:00Z,29,0,0,0,0.231655,0.228,0.238,29.5,29.4,29.6,4.015414,4.011,4.019,2424,2452,0,0,0,0
2022-03-08T17:00:00Z,28,0,0,0,0.232571,0.225,0.247,29.167857,28.7,29.5,4.015107,4.012,4.017,2453,2480,0,0,0,0
2022-03-08T18:00:00Z,29,0,0,0,0.235621,0.223,0.25,28.506897,28.1,28.7,4.014207,4.012,4.016,2481,2509,0,0,0,0
2022-03-08T19:00:00Z,29,0,0,0,0.237,0.222,0.25,27.944828,27.7,28.2,4.013345,4.011,4.016,2510,2538,0,0,0,0
2022-03-08T20:00:00Z,28,0,0,0,0.237321,0.223,0.25,27.521429,27.4,27.7,4.012321,4.011,4.014,2539,2566,0,0,0,0
2022-03-08T21:00:00Z,29,0,0,0,0.235276,0.222,0.249,27.4,27.4,27.4,4.011966,4.011,4.014,2567,2595,0,0,0,0
2022-03-08T22:00:00Z,29,0,0,0,0.235345,0.223,0.252,27.396552,27.3,27.4,4.01231,4.011,4.014,2596,2624,0,0,0,0
2022-03-08T23:00:00Z,28,0.117036,0,0.393,0.232643,0.222,0.25,27.689286,27.4,28.6,4.011536,4.009,4.014,2625,2652,0,0,0,0
2022-03-09T00:00:00Z,29,0.968448,0.398,1.851,0.232931,0.22,0.247,29.103448,22.4,34.1,4.012138,4.011,4.016,2653,2681,0,0,0,0
2022-03-09T01:00:00Z,29,2.729448,1.535,3.867,0.224241,0.215,0.232,33.241379,20.5,39.9,4.014172,4.012,4.017,2682,2710,0,0,0,0
2022-03-09T02:00:00Z,28,4.21575,1.574,4.695,0.219571,0.211,0.228,38.3,21.3,47.3,4.015964,4.012,4.019,2711,2738,0,0,0,0
2022-03-09T03:00:00Z,29,4.455207,2.266,4.826,0.21669,0.211,0.223,46.489655,45.6,47.2,4.016241,4.014,4.019,2739,2767,0,0,0,0
2022-03-09T04:00:00Z,29,3.086897,0.688,5.01,0.220379,0.213,0.228,40.310345,20.7,46,4.015793,4.012,4.017,2768,2796,0,0,0,0
2022-03-09T05:00:00Z,28,3.149,0.941,4.959,0.222286,0.214,0.229,34.678571,21,42.9,4.014857,4.012,4.017,2797,2824,0,0,0,0
2022-03-09T06:00:00Z,29,3.303448,1.135,4.797,0.219966,0.213,0.227,42.331034,40.4,44.7,4.01369,4.011,4.017,2825,2853,0,0,0,0
2022-03-09T07:00:00Z,29,1.627069,0.656,3.488,0.222828,0.216,0.229,39.106897,36.4,40.5,4.012034,4.011,4.014,2854,2882,0,0,0,0
2022-03-09T08:00:00Z,28,0.644643,0,1.405,0.226036,0.219,0.234,35.446429,24.3,37.5,4.011143,4.007,4.014,2883,2910,0,0,0,0
2022-03-09T09:00:00Z,29,0.204586,0,0.592,0.22969,0.222,0.236,30.617241,21.8,33,4.01031,4.009,4.011,2911,2939,0,0,0,0
2022-03-09T10:00:00Z,29,0.025241,0,0.38,0.229828,0.223,0.238,30.013793,22,31.3,4.008897,4.006,4.011,2940,2968,0,0,0,0
2022-03-09T11:00:00Z,28,0,0,0,0.230214,0.228,0.234,30.228571,30.1,30.6,4.00775,4.006,4.011,2969,2996,0,0,0,0
2022-03-09T12:00:00Z,29,0,0,0,0.231517,0.228,0.237,29.675862,29.2,30.1,4.00669,4.004,4.009,2997,3025,0,0,0,0
2022-03-09T13:00:00Z,27,0,0,0,0.231074,0.227,0.238,28.896296,28.7,29.2,4.006481,4.006,4.007,3026,3054,0,0,0,0
2022-03-09T14:00:00Z,27,0,0,0,0.231963,0.228,0.239,28.537037,28.2,28.7,4.00563,4.004,4.007,3055,3082,0,0,0,0
2022-03-09T15:00:00Z,29,0,0,0,0.23331,0.228,0.239,27.910345,27.7,28.1,4.005207,4.004,4.007,3083,3111,0,0,0,0
2022-03-09T16:00:00Z,29,0,0,0,0.234931,0.228,0.242,27.641379,27.5,27.9,4.004172,4.003,4.006,3112,3140,0,0,0,0
2022-03-09T17:00:00Z,28,0,0,0,0.233679,0.227,0.243,27.514286,27.3,27.8,4.003464,4.001,4.004,3141,3168,0,0,0,0
2022-03-09T18:00:00Z,29,0,0,0,0.235517,0.223,0.249,27.286207,27.2,27.4,4.003207,4.001,4.004,3169,3197,0,0,0,0
2022-03-09T19:00:00Z,29,0,0,0,0.231586,0.222,0.251,27.086207,27,27.2,4.002379,4.001,4.003,3198,3226,0,0,0,0
2022-03-09T20:00:00Z,28,0,0,0,0.235357,0.223,0.25,26.910714,26.8,27,4.001536,3.999,4.004,3227,3254,0,0,0,0
2022-03-09T21:00:00Z,29,0,0,0,0.238069,0.223,0.25,26.734483,26.7,26.8,4.001276,3.999,4.003,3255,3283,0,0,0,0
2022-03-09T22:00:00Z,29,0,0,0,0.235655,0.223,0.251,26.572414,26.5,26.7,4.000655,3.999,4.001,3284,3312,0,0,0,0
2022-03-09T23:00:00Z,28,0.036857,0,0.36,0.23425,0.223,0.251,26.567857,26.4,27.3,4.0005,3.999,4.001,3313,3340,0,0,0,0
2022-03-10T00:00:00Z,29,0.994828,0.377,1.861,0.23169,0.218,0.247,28.375862,21.6,31.4,4.000448,3.999,4.003,3341,3369,0,0,0,0
2022-03-10T01:00:00Z,29,2.120103,1.075,4.346,0.225897,0.218,0.241,26.041379,20.2,39.9,4.00169,4.001,4.003,3370,3398,0,0,0,0
2022-03-10T02:00:00Z,28,3.744964,2.059,4.697,0.220857,0.215,0.228,30.896429,21.1,44.2,4.003643,4.001,4.006,3399,3426,0,0,0,0
2022-03-10T03:00:00Z,29,4.288241,1.653,4.951,0.219034,0.212,0.224,36.003448,21.1,46.7,4.003552,4.003,4.006,3427,3455,0,0,0,0
2022-03-10T04:00:00Z,29,4.187862,2.228,4.928,0.219966,0.214,0.225,42.893103,41.5,45.3,4.002966,4.001,4.004,3456,3484,0,0,0,0
2022-03-10T05:00:00Z,28,2.083536,0.641,4.779,0.224464,0.215,0.24,35.417857,21.5,41.3,4.001071,3.999,4.003,3485,3512,0,0,0,0
2022-03-10T06:00:00Z,29,1.669966,0.682,2.543,0.227862,0.216,0.242,29.893103,21.7,35.7,3.999897,3.999,4.001,3513,3541,0,0,0,0
2022-03-10T07:00:00Z,29,1.511586,1.176,2.148,0.228241,0.216,0.241,35.424138,35.3,35.6,3.99969,3.999,4.001,3542,3570,0,0,0,0
2022-03-10T08:00:00Z,28,0.957929,0.761,1.203,0.228036,0.217,0.242,34.978571,34.4,35.4,3.999179,3.998,4.001,3571,3598,0,0,0,0
2022-03-10T09:00:00Z,28,0.4625,0,0.866,0.227607,0.216,0.243,32.246429,27.9,34,3.998321,3.996,3.999,3599,3627,0,0,0,0
2022-03-10T10:00:00Z,29,0,0,0,0.230724,0.218,0.246,28.510345,19.4,31.5,3.997207,3.993,3.998,3628,3656,0,0,0,0
2022-03-10T11:00:00Z,28,0,0,0,0.234357,0.221,0.246,28.167857,24,29.9,3.995929,3.994,3.998,3657,3684,0,0,0,0
2022-03-10T12:00:00Z,27,0,0,0,0.232222,0.226,0.241,28.833333,28.6,29.1,3.994296,3.993,3.996,3685,3713,0,0,0,0
2022-03-10T13:00:00Z,28,0,0,0,0.232179,0.226,0.239,26.132143,20.3,28.7,3.993643,3.991,3.996,3714,3742,0,0,0,0
2022-03-10T14:00:00Z,28,0,0,0,0.232179,0.226,0.241,23.096429,20.9,26.3,3.991786,3.989,3.993,3743,3770,0,0,0,0
2022-03-10T15:00:00Z,29,0,0,0,0.234621,0.227,0.241,24.203448,20.7,26.6,3.99069,3.988,3.993,3771,3799,0,0,0,0
2022-03-10T16:00:00Z,29,0,0,0,0.233793,0.227,0.241,27.368966,25.4,27.6,3.989862,3.988,3.993,3800,3828,0,0,0,0
2022-03-10T17:00:00Z,28,0,0,0,0.233786,0.229,0.239,27.589286,27.5,27.8,3.989107,3.986,3.991,3829,3856,0,0,0,0
2022-03-10T18:00:00Z,29,0,0,0,0.233069,0.224,0.243,27.503448,27.4,27.8,3.987379,3.984,3.989,3857,3885,0,0,0,0
2022-03-10T19:00:00Z,29,0,0,0,0.234552,0.223,0.247,26.782759,23,27.4,3.987241,3.984,3.989,3886,3914,0,0,0,0
2022-03-10T20:00:00Z,28,0,0,0,0.235071,0.224,0.248,26.342857,25.8,27.1,3.985714,3.984,3.988,3915,3942,0,0,0,0
2022-03-10T21:00:00Z,29,0,0,0,0.236828,0.223,0.248,26.082759,25.2,27.3,3.984414,3.983,3.986,3943,3971,0,0,0,0
2022-03-10T22:00:00Z,29,0,0,0,0.23931,0.223,0.249,27.151724,26.7,27.3,3.983483,3.981,3.986,3972,4000,0,0,0,0
2022-03-10T23:00:00Z,28,0.078929,0,0.418,0.238357,0.224,0.251,27.389286,27.2,27.7,3.981929,3.981,3.984,4001,4028,0,0,0,0
2022-03-11T00:00:00Z,29,0.95269,0.426,1.69,0.233276,0.215,0.247,28.396552,20.5,36,3.982069,3.979,3.984,4029,4057,0,0,0,0
2022-03-11T01:00:00Z,28,2.902107,1.258,4.224,0.2245,0.212,0.239,35.067857,21,46.5,3.983357,3.981,3.986,4058,4086,0,0,0,0
2022-03-11T02:00:00Z,28,4.153,3.404,4.608,0.215,0.203,0.227,50.410714,47.3,51.3,3.985,3.983,3.986,4087,4114,0,0,0,0
2022-03-11T03:00:00Z,29,3.935793,3.053,4.774,0.213724,0.203,0.224,51.431034,50.1,52.6,3.985034,3.983,3.986,4115,4143,0,0,0,0
2022-03-11T04:00:00Z,29,4.487931,4.06,4.708,0.211552,0.203,0.226,51.506897,50.1,52.8,3.984586,3.983,3.986,4144,4172,0,0,0,0
2022-03-11T05:00:00Z,28,4.294893,1.394,4.79,0.214536,0.202,0.228,50.703571,48.2,53,3.983929,3.983,3.986,4173,4200,0,0,0,0
2022-03-11T06:00:00Z,29,4.223448,0.879,4.636,0.21569,0.204,0.228,47.348276,43.7,48.7,3.981345,3.979,3.984,4201,4229,0,0,0,0
2022-03-11T07:00:00Z,29,1.965966,0.718,3.703,0.224207,0.208,0.233,41.075862,26.9,43.5,3.97931,3.978,3.981,4230,4258,0,0,0,0
2022-03-11T08:00:00Z,27,0.691926,0.47,0.898,0.224148,0.213,0.238,26.214815,18.4,39.9,3.977259,3.976,3.979,4259,4286,0,0,0,0
2022-03-11T09:00:00Z,10,0.4144,0,0.844,0.2295,0.215,0.239,26.14,18.5,35.4,3.976,3.974,3.978,4288,4303,0,0,0,0
2022-03-11T10:00:00Z,6,0,0,0,0.238167,0.233,0.242,32.333333,32.1,32.6,3.973,3.973,3.973,4335,4340,0,0,0,0
2022-03-11T11:00:00Z,28,0,0,0,0.232036,0.218,0.247,30.689286,23.1,32.1,3.972464,3.97,3.973,4341,4368,0,0,0,0
2022-03-11T12:00:00Z,29,0,0,0,0.231241,0.219,0.247,29.651724,24.4,30.1,3.971276,3.97,3.973,4369,4397,0,0,0,0
2022-03-11T13:00:00Z,29,0,0,0,0.235793,0.22,0.247,29.386207,29.2,29.6,3.969,3.966,3.971,4398,4426,0,0,0,0
2022-03-11T14:00:00Z,28,0,0,0,0.231857,0.22,0.246,29.196429,28.8,29.4,3.967679,3.965,3.97,4427,4455,0,0,0,0
2022-03-11T15:00:00Z,28,0,0,0,0.232321,0.229,0.235,24.342857,20.6,29.1,3.965893,3.965,3.968,4456,4483,0,0,0,0
2022-03-11T16:00:00Z,29,0,0,0,0.232793,0.231,0.235,23.606897,20.8,28.2,3.964069,3.961,3.966,4484,4512,0,0,0,0
2022-03-11T17:00:00Z,29,0,0,0,0.233,0.23,0.235,24.97931,20.7,28.6,3.961448,3.96,3.965,4513,4541,0,0,0,0
2022-03-11T18:00:00Z,28,0,0,0,0.233607,0.229,0.238,28.167857,27.9,28.5,3.959286,3.958,3.961,4542,4569,0,0,0,0
2022-03-11T19:00:00Z,29,0,0,0,0.234621,0.225,0.244,27.875862,27.7,28.1,3.957138,3.955,3.96,4570,4598,0,0,0,0
2022-03-11T20:00:00Z,29,0,0,0,0.235345,0.221,0.248,28.358621,28.1,28.7,3.954793,3.951,3.958,4599,4627,0,0,0,0
2022-03-11T21:00:00Z,28,0,0,0,0.236036,0.22,0.25,28.642857,28.6,28.7,3.952821,3.95,3.955,4628,4655,0,0,0,0
2022-03-11T22:00:00Z,29,0,0,0,0.233517,0.22,0.247,28.668966,28.6,28.7,3.951069,3.95,3.953,4656,4684,0,0,0,0
2022-03-11T23:00:00Z,29,0.033828,0,0.339,0.237103,0.221,0.249,28.696552,27.3,29.3,3.949276,3.946,3.951,4685,4713,0,0,0,0
2022-03-12T00:00:00Z,28,0.797893,0.344,1.338,0.232786,0.218,0.246,30.735714,25.7,33.5,3.948143,3.946,3.95,4714,4741,0,0,0,0
2022-03-12T01:00:00Z,29,1.341276,0.898,1.51,0.231345,0.218,0.242,32.241379,28.6,33.9,3.946793,3.945,3.95,4742,4770,0,0,0,0
2022-03-12T02:00:00Z,29,2.558828,1.451,4.936,0.227,0.217,0.24,31.806897,20.6,38.9,3.946207,3.945,3.948,4771,4799,0,0,0,0
2022-03-12T03:00:00Z,28,4.170036,1.615,4.957,0.218607,0.214,0.226,38.092857,20.7,46.3,3.946071,3.946,3.948,4800,4827,0,0,0,0
2022-03-12T04:00:00Z,29,3.115,1.538,5.043,0.222103,0.214,0.228,38.917241,23.8,43.3,3.944414,3.941,3.946,4828,4856,0,0,0,0
2022-03-12T05:00:00Z,29,3.232345,1.792,4.846,0.221759,0.216,0.228,37.655172,23.5,42.7,3.941586,3.94,3.943,4857,4885,0,0,0,0
2022-03-12T06:00:00Z,28,0.833964,0.542,1.777,0.226143,0.22,0.233,35.235714,25.6,38,3.93825,3.935,3.941,4886,4913,0,0,0,0
2022-03-12T07:00:00Z,29,0.517241,0,0.761,0.231655,0.217,0.247,31.586207,30.1,34.5,3.933966,3.93,3.938,4914,4942,0,0,0,0
2022-03-12T08:00:00Z,29,0.318517,0,0.798,0.234,0.202,0.245,26.075862,20.7,30.1,3.929172,3.927,3.933,4943,4971,0,0,0,0
2022-03-12T09:00:00Z,28,0.26525,0,0.523,0.234,0.233,0.237,27.585714,26.7,28.5,3.926857,3.925,3.928,4972,4999,0,0,0,0
2022-03-12T10:00:00Z,28,0,0,0,0.233071,0.232,0.235,27.746429,27.1,28.2,3.924714,3.923,3.925,5000,5028,0,0,0,0
2022-03-12T11:00:00Z,29,0,0,0,0.233207,0.232,0.235,28.07931,28,28.2,3.923138,3.923,3.925,5029,5057,0,0,0,0
2022-03-12T12:00:00Z,25,0,0,0,0.23328,0.232,0.235,27.844,27.6,28.2,3.92244,3.922,3.923,5058,5085,0,0,0,0
2022-03-12T13:00:00Z,29,0,0,0,0.233552,0.233,0.237,27.675862,27.6,27.7,3.921862,3.92,3.922,5086,5114,0,0,0,0
2022-03-12T14:00:00Z,29,0,0,0,0.233069,0.232,0.234,27.7,27.6,27.8,3.920414,3.918,3.922,5115,5143,0,0,0,0
2022-03-12T15:00:00Z,29,0,0,0,0.233448,0.233,0.235,27.62069,27.4,27.7,3.919207,3.917,3.92,5144,5172,0,0,0,0
2022-03-12T16:00:00Z,28,0,0,0,0.2335,0.233,0.236,27.446429,27.3,27.6,3.917107,3.915,3.918,5173,5200,0,0,0,0
2022-03-12T17:00:00Z,29,0,0,0,0.23331,0.233,0.237,27.534483,27.4,27.7,3.915621,3.913,3.917,5201,5229,0,0,0,0
2022-03-12T18:00:00Z,29,0,0,0,0.233379,0.233,0.236,27.634483,27.5,27.8,3.914138,3.912,3.917,5230,5258,0,0,0,0
2022-03-12T19:00:00Z,28,0,0,0,0.233536,0.233,0.236,27.464286,27.3,27.7,3.911143,3.908,3.913,5259,5286,0,0,0,0
2022-03-12T20:00:00Z,29,0,0,0,0.233966,0.233,0.236,27.306897,27.2,27.6,3.908483,3.907,3.912,5287,5315,0,0,0,0
2022-03-12T21:00:00Z,28,0,0,0,0.233893,0.233,0.236,27.289286,27.2,27.3,3.906786,3.905,3.908,5316,5344,0,0,0,0
2022-03-12T22:00:00Z,28,0,0,0,0.234321,0.233,0.237,27.303571,27.3,27.4,3.905393,3.904,3.907,5345,5372,0,0,0,0
2022-03-12T23:00:00Z,29,0,0,0,0.234103,0.233,0.237,27.451724,26.7,28.2,3.903621,3.902,3.905,5373,5401,0,0,0,0
2022-03-13T00:00:00Z,25,1.41232,0.318,2.971,0.22732,0.218,0.234,31.088,22.1,41.9,3.90464,3.902,3.907,5402,5429,0,0,0,0
2022-03-13T01:00:00Z,29,3.30069,0.734,4.631,0.217,0.208,0.223,43.737931,22.2,52.8,3.907103,3.905,3.91,5430,5458,0,0,0,0
2022-03-13T02:00:00Z,29,4.104586,3.134,4.774,0.210724,0.202,0.218,53.217241,51.9,54.9,3.91,3.907,3.912,5459,5487,0,0,0,0
2022-03-13T03:00:00Z,28,4.124036,1.102,4.956,0.214179,0.207,0.222,50.164286,45.7,52.1,3.907107,3.904,3.91,5488,5515,0,0,0,0
2022-03-13T04:00:00Z,27,1.413741,0.79,3.837,0.224481,0.214,0.232,32.059259,21.3,44.2,3.902037,3.9,3.907,5516,5544,0,0,0,0
2022-03-13T05:00:00Z,29,2.446724,0.651,5.331,0.22569,0.211,0.233,35.441379,19.1,43,3.898862,3.895,3.9,5545,5573,0,0,0,0
2022-03-13T06:00:00Z,28,4.11725,1.8,5.103,0.220536,0.212,0.233,27.467857,20.4,42.2,3.899357,3.897,3.902,5574,5601,0,0,0,0
2022-03-13T07:00:00Z,29,1.323138,0.431,4.634,0.225862,0.22,0.232,31.72069,22.9,41.5,3.897069,3.895,3.9,5602,5630,0,0,0,0
2022-03-13T08:00:00Z,29,0.603621,0.393,0.944,0.226793,0.222,0.233,35.568966,35.1,36.3,3.894931,3.894,3.895,5631,5659,0,0,0,0
2022-03-13T09:00:00Z,28,0.274036,0,0.456,0.228,0.222,0.233,34.167857,33.4,35,3.89375,3.892,3.895,5660,5687,0,0,0,0
2022-03-13T10:00:00Z,29,0,0,0,0.229138,0.225,0.233,32.165517,31.4,33.3,3.890517,3.889,3.892,5688,5716,0,0,0,0
2022-03-13T11:00:00Z,29,0,0,0,0.230552,0.227,0.235,31.058621,30.7,31.4,3.888586,3.887,3.892,5717,5745,0,0,0,0
2022-03-13T12:00:00Z,28,0,0,0,0.231107,0.225,0.237,30.364286,30.1,30.6,3.886429,3.884,3.889,5746,5773,0,0,0,0
2022-03-13T13:00:00Z,29,0,0,0,0.229897,0.227,0.236,30.07931,30,30.1,3.884414,3.882,3.887,5774,5802,0,0,0,0
2022-03-13T14:00:00Z,29,0,0,0,0.231586,0.229,0.234,29.875862,29.8,30,3.882034,3.88,3.885,5803,5831,0,0,0,0
2022-03-13T15:00:00Z,28,0,0,0,0.231929,0.229,0.234,29.603571,29.5,29.7,3.88125,3.879,3.884,5832,5859,0,0,0,0
2022-03-13T16:00:00Z,29,0,0,0,0.232517,0.231,0.233,29.375862,29.2,29.5,3.879414,3.877,3.882,5860,5888,0,0,0,0
2022-03-13T17:00:00Z,29,0,0,0,0.232966,0.232,0.235,29.013793,28.8,29.1,3.878655,3.877,3.88,5889,5917,0,0,0,0
2022-03-13T18:00:00Z,29,0,0,0,0.233103,0.232,0.235,28.789655,28.7,28.8,3.876724,3.875,3.879,5918,5946,0,0,0,0
2022-03-13T19:00:00Z,28,0,0,0,0.233286,0.231,0.235,28.664286,28.6,28.7,3.875536,3.874,3.879,5947,5974,0,0,0,0
2022-03-13T20:00:00Z,29,0,0,0,0.233034,0.228,0.238,28.689655,28.6,28.7,3.874862,3.874,3.877,5975,6003,0,0,0,0
2022-03-13T21:00:00Z,29,0,0,0,0.232862,0.229,0.238,28.717241,28.7,28.8,3.873862,3.872,3.875,6004,6032,0,0,0,0
2022-03-13T22:00:00Z,28,0,0,0,0.232714,0.229,0.237,28.7,28.7,28.7,3.872929,3.872,3.874,6033,6060,0,0,0,0
2022-03-13T23:00:00Z,29,0.071966,0,0.392,0.23331,0.228,0.238,28.889655,28.6,29.5,3.872448,3.871,3.874,6061,6089,0,0,0,0
2022-03-14T00:00:00Z,29,1.682724,0.392,3.393,0.229448,0.216,0.238,31.010345,20.6,38.5,3.87331,3.871,3.875,6090,6118,0,0,0,0
2022-03-14T01:00:00Z,27,2.571852,0.708,4.733,0.222815,0.213,0.238,32.251852,23.8,41,3.876259,3.875,3.879,6119,6146,0,0,0,0
2022-03-14T02:00:00Z,29,3.571828,1.613,5.179,0.225897,0.213,0.239,36.596552,25.2,45.9,3.875345,3.872,3.879,6147,6175,0,0,0,0
2022-03-14T03:00:00Z,20,4.2573,1.868,5,0.21365,0.205,0.227,46.695,32.7,49.6,3.87935,3.877,3.88,6176,6203,0,0,0,0
2022-03-14T04:00:00Z,1,1.636,1.636,1.636,0.222,0.222,0.222,35.3,35.3,35.3,3.874,3.874,3.874,6216,6216,0,0,0,0
2022-03-14T05:00:00Z,28,4.258429,1.105,5.2,0.214893,0.204,0.229,48,44.5,50.7,3.877607,3.875,3.88,6231,6258,0,0,0,0
2022-03-14T06:00:00Z,28,3.948357,1.326,5.011,0.21775,0.208,0.234,44.467857,42,46.3,3.877214,3.875,3.879,6259,6286,0,0,0,0
2022-03-14T07:00:00Z,29,1.747862,0.611,4.392,0.224655,0.211,0.235,39.865517,36.5,43,3.874724,3.874,3.879,6287,6315,0,0,0,0
2022-03-14T08:00:00Z,29,0.724483,0.397,0.916,0.22869,0.214,0.239,32.393103,19.9,38.1,3.872793,3.872,3.875,6316,6344,0,0,0,0
2022-03-14T09:00:00Z,28,0.136071,0,0.575,0.229429,0.218,0.24,34.010714,32.8,35.3,3.871321,3.871,3.872,6345,6372,0,0,0,0
2022-03-14T10:00:00Z,29,0,0,0,0.231552,0.219,0.24,32.362069,31.6,32.7,3.870931,3.869,3.871,6373,6401,0,0,0,0
2022-03-14T11:00:00Z,29,0,0,0,0.230828,0.222,0.241,31.196552,30.6,31.5,3.869621,3.869,3.871,6402,6430,0,0,0,0
2022-03-14T12:00:00Z,28,0,0,0,0.229857,0.224,0.238,30.467857,30.1,30.7,3.869357,3.869,3.871,6431,6458,0,0,0,0
2022-03-14T13:00:00Z,29,0,0,0,0.231897,0.228,0.236,30.106897,30.1,30.2,3.868931,3.867,3.869,6459,6487,0,0,0,0
2022-03-14T14:00:00Z,28,0,0,0,0.231464,0.229,0.234,30.039286,30,30.1,3.868214,3.867,3.869,6488,6515,0,0,0,0
2022-03-14T15:00:00Z,29,0,0,0,0.232483,0.229,0.236,29.744828,29.6,30,3.867828,3.867,3.869,6516,6544,0,0,0,0
2022-03-14T16:00:00Z,29,0,0,0,0.232069,0.23,0.236,29.613793,29.4,29.7,3.867103,3.866,3.869,6545,6573,0,0,0,0
2022-03-14T17:00:00Z,28,0,0,0,0.232571,0.229,0.236,29.146429,29.1,29.4,3.867107,3.866,3.869,6574,6601,0,0,0,0
2022-03-14T18:00:00Z,29,0,0,0,0.232828,0.229,0.237,28.793103,28.7,29.1,3.866483,3.864,3.867,6602,6630,0,0,0,0
2022-03-14T19:00:00Z,29,0,0,0,0.232793,0.23,0.236,28.737931,28.7,28.8,3.865414,3.862,3.867,6631,6659,0,0,0,0
2022-03-14T20:00:00Z,28,0,0,0,0.232821,0.231,0.234,28.725,28.6,28.8,3.865179,3.862,3.867,6660,6687,0,0,0,0
2022-03-14T21:00:00Z,29,0,0,0,0.233172,0.233,0.235,28.724138,28.7,28.8,3.864345,3.862,3.866,6688,6716,0,0,0,0
2022-03-14T22:00:00Z,28,0,0,0,0.233286,0.233,0.235,28.610714,28.5,28.7,3.86325,3.861,3.866,6717,6744,0,0,0,0
2022-03-14T23:00:00Z,29,0.089345,0,0.424,0.233034,0.232,0.235,28.748276,28.5,29.4,3.862793,3.861,3.866,6745,6773,0,0,0,0
2022-03-15T00:00:00Z,29,0.870069,0.447,1.285,0.230345,0.226,0.236,31.965517,29.4,34.4,3.86331,3.862,3.866,6774,6802,0,0,0,0
2022-03-15T01:00:00Z,28,3.191036,0.72,4.482,0.225429,0.209,0.234,35.25,22.6,44.3,3.866107,3.862,3.869,6803,6830,0,0,0,0
2022-03-15T02:00:00Z,29,4.740414,4.219,4.982,0.218276,0.208,0.23,44.9,42.4,46.5,3.868862,3.867,3.869,6831,6859,0,0,0,0
2022-03-15T03:00:00Z,29,4.64231,4.295,4.967,0.213552,0.202,0.228,50.631034,47.1,53.3,3.869345,3.869,3.871,6860,6888,0,0,0,0
2022-03-15T04:00:00Z,28,4.729357,1.951,4.948,0.21075,0.201,0.223,52.103571,50.9,53.5,3.869357,3.869,3.871,6889,6916,0,0,0,0
2022-03-15T05:00:00Z,29,3.722379,1.267,5.049,0.217379,0.203,0.233,44.413793,29,51.3,3.868655,3.867,3.869,6917,6945,0,0,0,0
2022-03-15T06:00:00Z,28,3.625,1.075,4.872,0.221607,0.209,0.233,41.053571,33,44,3.867143,3.866,3.869,6946,6973,0,0,0,0
2022-03-15T07:00:00Z,29,2.300759,0.916,4.383,0.220414,0.208,0.236,41.234483,35.1,44.7,3.866103,3.864,3.867,6974,7002,0,0,0,0
2022-03-15T08:00:00Z,29,0.752379,0.574,1.028,0.229172,0.215,0.239,34.003448,26,38.5,3.863414,3.861,3.866,7003,7031,0,0,0,0
2022-03-15T09:00:00Z,28,0.383964,0,0.552,0.227857,0.218,0.24,34.157143,32.9,35.3,3.861321,3.859,3.864,7032,7059,0,0,0,0
2022-03-15T10:00:00Z,29,0.023241,0,0.341,0.230552,0.224,0.235,32.144828,31.6,32.8,3.858138,3.854,3.862,7060,7088,0,0,0,0
2022-03-15T11:00:00Z,29,0,0,0,0.231,0.225,0.236,31.096552,30.6,31.6,3.856103,3.854,3.859,7089,7117,0,0,0,0
2022-03-15T12:00:00Z,28,0,0,0,0.230393,0.227,0.237,30.492857,30.3,30.6,3.854714,3.852,3.857,7118,7145,0,0,0,0
2022-03-15T13:00:00Z,29,0,0,0,0.232,0.227,0.239,30.089655,30,30.3,3.853241,3.852,3.856,7146,7174,0,0,0,0
2022-03-15T14:00:00Z,28,0,0,0,0.231679,0.227,0.238,29.971429,29.7,30.1,3.852214,3.851,3.854,7175,7203,0,0,0,0
2022-03-15T15:00:00Z,27,0,0,0,0.232037,0.229,0.235,29.437037,29.2,29.8,3.851481,3.849,3.854,7204,7231,0,0,0,0
2022-03-15T16:00:00Z,29,0,0,0,0.232862,0.232,0.235,29.241379,29.1,29.3,3.849828,3.847,3.851,7232,7260,0,0,0,0
2022-03-15T17:00:00Z,28,0,0,0,0.232929,0.232,0.235,29.153571,28.9,29.4,3.848857,3.847,3.851,7261,7288,0,0,0,0
2022-03-15T18:00:00Z,29,0,0,0,0.233448,0.231,0.236,28.82069,28.7,29,3.848103,3.847,3.849,7289,7317,0,0,0,0
2022-03-15T19:00:00Z,29,0,0,0,0.233414,0.228,0.238,28.934483,28.8,29.1,3.846759,3.846,3.847,7318,7346,0,0,0,0
2022-03-15T20:00:00Z,28,0,0,0,0.233036,0.228,0.238,29.010714,28.9,29.1,3.846786,3.846,3.849,7347,7374,0,0,0,0
2022-03-15T21:00:00Z,28,0,0,0,0.233036,0.229,0.238,28.764286,28.6,29.1,3.846,3.844,3.847,7375,7403,0,0,0,0
2022-03-15T22:00:00Z,29,0,0,0,0.233414,0.229,0.239,28.486207,28.2,28.6,3.844862,3.844,3.847,7404,7432,0,0,0,0
2022-03-15T23:00:00Z,28,0.104357,0,0.424,0.233464,0.229,0.238,28.492857,28.2,28.9,3.84325,3.842,3.847,7433,7460,0,0,0,0
2022-03-16T00:00:00Z,29,1.363517,0.47,2.581,0.229897,0.218,0.238,30.672414,22.4,36.1,3.844034,3.842,3.847,7461,7489,0,0,0,0
2022-03-16T01:00:00Z,28,3.420429,1.425,4.339,0.225179,0.213,0.237,32.664286,20.6,42.3,3.846321,3.842,3.849,7490,7517,0,0,0,0
2022-03-16T02:00:00Z,29,4.12531,2.061,4.91,0.221586,0.209,0.233,43.572414,31.1,45.9,3.847621,3.847,3.851,7518,7546,0,0,0,0
2022-03-16T03:00:00Z,29,4.443586,3.03,4.915,0.215862,0.208,0.229,47.093103,44.7,50,3.848862,3.847,3.851,7547,7575,0,0,0,0
2022-03-16T04:00:00Z,28,4.222143,1.618,5.052,0.21825,0.207,0.228,47.614286,46,49,3.847893,3.846,3.851,7576,7603,0,0,0,0
2022-03-16T05:00:00Z,28,3.838429,1.477,5.351,0.2215,0.211,0.233,42.196429,37.6,45.2,3.845357,3.844,3.847,7604,7632,0,0,0,0
2022-03-16T06:00:00Z,28,2.695929,0.839,4.877,0.224643,0.209,0.236,40.778571,36.6,45.9,3.844321,3.842,3.847,7633,7660,0,0,0,0
2022-03-16T07:00:00Z,29,1.430966,0.761,3.271,0.225034,0.214,0.236,36.744828,35.5,37.4,3.841931,3.841,3.844,7661,7689,0,0,0,0
2022-03-16T08:00:00Z,29,0.791517,0.577,1.023,0.228586,0.217,0.242,35.075862,34.5,36.7,3.840379,3.839,3.842,7690,7718,0,0,0,0
2022-03-16T09:00:00Z,28,0.376071,0,0.579,0.230143,0.218,0.242,33.085714,32,34.3,3.83875,3.836,3.841,7719,7746,0,0,0,0
2022-03-16T10:00:00Z,28,0.047357,0,0.339,0.232821,0.22,0.242,31.567857,31.3,32,3.836857,3.834,3.839,7747,7775,0,0,0,0
2022-03-16T11:00:00Z,28,0,0,0,0.231,0.226,0.236,30.728571,30.1,31.3,3.835857,3.834,3.838,7776,7804,0,0,0,0
2022-03-16T12:00:00Z,28,0,0,0,0.232143,0.228,0.236,30.075,30,30.1,3.8345,3.833,3.838,7805,7832,0,0,0,0
2022-03-16T13:00:00Z,29,0,0,0,0.232069,0.226,0.239,29.755172,29.5,30,3.833138,3.831,3.836,7833,7861,0,0,0,0
2022-03-16T14:00:00Z,28,0,0,0,0.23325,0.228,0.238,29.185714,29,29.4,3.832429,3.829,3.834,7862,7889,0,0,0,0
2022-03-16T15:00:00Z,29,0,0,0,0.232931,0.23,0.238,28.831034,28.7,29,3.830966,3.829,3.834,7890,7918,0,0,0,0
2022-03-16T16:00:00Z,29,0,0,0,0.233759,0.231,0.236,28.662069,28.6,28.7,3.828759,3.826,3.833,7919,7947,0,0,0,0
2022-03-16T17:00:00Z,28,0,0,0,0.233107,0.231,0.236,28.592857,28.5,28.6,3.828071,3.826,3.829,7948,7975,0,0,0,0
2022-03-16T18:00:00Z,29,0,0,0,0.233931,0.232,0.237,28.275862,27.7,28.6,3.827172,3.826,3.829,7976,8004,0,0,0,0
2022-03-16T19:00:00Z,29,0,0,0,0.233586,0.233,0.235,27.724138,27.7,27.8,3.825793,3.824,3.828,8005,8033,0,0,0,0
2022-03-16T20:00:00Z,28,0,0,0,0.233286,0.233,0.235,27.814286,27.7,28,3.824679,3.821,3.828,8034,8061,0,0,0,0
2022-03-16T21:00:00Z,29,0,0,0,0.233793,0.233,0.236,27.57931,27.5,27.7,3.823552,3.821,3.826,8062,8090,0,0,0,0
2022-03-16T22:00:00Z,19,0,0,0,0.233737,0.233,0.235,27.605263,27.5,27.7,3.822421,3.819,3.824,8091,8118,0,0,0,0
2022-03-16T23:00:00Z,2,0,0,0,0.233,0.233,0.233,27.95,27.7,28.2,3.82,3.819,3.821,8119,8138,0,0,0,0
2022-03-17T00:00:00Z,17,1.634118,1.382,2.141,0.227059,0.218,0.238,34.317647,32.7,35.4,3.819294,3.818,3.821,8156,8172,0,0,0,0
2022-03-17T01:00:00Z,28,2.574464,1.075,4.124,0.226607,0.213,0.238,35.885714,30.5,39.4,3.820429,3.819,3.823,8173,8200,0,0,0,0
2022-03-17T02:00:00Z,29,3.915172,2.453,4.928,0.224,0.213,0.235,30.796552,21,43.3,3.822517,3.821,3.824,8201,8229,0,0,0,0
2022-03-17T03:00:00Z,29,4.206172,2.63,5.01,0.221724,0.21,0.232,43.641379,25.9,46.3,3.823414,3.821,3.826,8230,8258,0,0,0,0
2022-03-17T04:00:00Z,28,4.299107,1.782,5.126,0.216857,0.206,0.233,42.65,25.3,47.5,3.822429,3.821,3.824,8259,8286,0,0,0,0
2022-03-17T05:00:00Z,29,3.828966,1.364,5.077,0.220862,0.208,0.233,44.258621,40.5,47.3,3.821276,3.821,3.823,8287,8315,0,0,0,0
2022-03-17T06:00:00Z,29,2.703207,1.051,4.757,0.223034,0.212,0.234,37.975862,26.9,41,3.819069,3.818,3.821,8316,8344,0,0,0,0
2022-03-17T07:00:00Z,28,1.906643,1.115,2.93,0.225036,0.213,0.236,38.75,33.6,39.7,3.818571,3.818,3.819,8345,8372,0,0,0,0
2022-03-17T08:00:00Z,29,1.013897,0.708,1.238,0.22631,0.216,0.238,36.451724,35.3,37.4,3.818207,3.818,3.819,8373,8401,0,0,0,0
2022-03-17T09:00:00Z,28,0.462036,0,0.708,0.228679,0.218,0.24,34.339286,33.3,35.2,3.817321,3.816,3.819,8402,8429,0,0,0,0
2022-03-17T10:00:00Z,29,0,0,0,0.229828,0.218,0.242,32.382759,31.4,33.2,3.816138,3.816,3.818,8430,8458,0,0,0,0
2022-03-17T11:00:00Z,29,0,0,0,0.23231,0.221,0.242,31.017241,30.5,31.4,3.815793,3.814,3.816,8459,8487,0,0,0,0
2022-03-17T12:00:00Z,28,0,0,0,0.232786,0.223,0.241,30.128571,30,30.4,3.814714,3.813,3.816,8488,8515,0,0,0,0
2022-03-17T13:00:00Z,29,0,0,0,0.232897,0.225,0.239,29.893103,29.6,30,3.813862,3.813,3.816,8516,8544,0,0,0,0
2022-03-17T14:00:00Z,29,0,0,0,0.23231,0.227,0.238,29.534483,29.3,29.6,3.813138,3.811,3.814,8545,8573,0,0,0,0
2022-03-17T15:00:00Z,28,0,0,0,0.233643,0.228,0.238,29.178571,29.1,29.3,3.811821,3.811,3.814,8574,8601,0,0,0,0
2022-03-17T16:00:00Z,29,0,0,0,0.232897,0.228,0.239,29,28.8,29.1,3.811069,3.809,3.813,8602,8630,0,0,0,0
2022-03-17T17:00:00Z,29,0,0,0,0.233586,0.229,0.237,28.675862,28.6,28.8,3.808897,3.806,3.811,8631,8659,0,0,0,0
2022-03-17T18:00:00Z,28,0,0,0,0.23375,0.23,0.238,28.657143,28.6,28.7,3.808107,3.806,3.811,8660,8687,0,0,0,0
2022-03-17T19:00:00Z,29,0,0,0,0.233931,0.23,0.238,28.613793,28.6,28.7,3.806552,3.803,3.808,8688,8716,0,0,0,0
2022-03-17T20:00:00Z,28,0,0,0,0.233179,0.229,0.238,28.546429,28.4,28.6,3.805036,3.801,3.808,8717,8745,0,0,0,0
2022-03-17T21:00:00Z,28,0,0,0,0.234393,0.23,0.239,28.6,28.5,28.7,3.804429,3.803,3.806,8746,8773,0,0,0,0
2022-03-17T22:00:00Z,29,0,0,0,0.233414,0.229,0.238,28.17931,28.1,28.5,3.802586,3.801,3.805,8774,8802,0,0,0,0
2022-03-17T23:00:00Z,28,0.095286,0,0.449,0.23325,0.229,0.238,28.446429,28.1,29.2,3.801714,3.8,3.805,8803,8830,0,0,0,0
2022-03-18T00:00:00Z,28,1.198429,0.467,2.242,0.228857,0.218,0.236,32.567857,29.3,35.9,3.802536,3.801,3.806,8831,8859,0,0,0,0
2022-03-18T01:00:00Z,29,3.199379,2.309,3.824,0.224379,0.211,0.242,32.189655,19.5,41.6,3.803966,3.801,3.806,8860,8888,0,0,0,0
2022-03-18T02:00:00Z,28,3.073679,1.6,4.418,0.224964,0.212,0.236,35.075,20.8,43.3,3.804821,3.803,3.806,8889,8916,0,0,0,0
2022-03-18T03:00:00Z,29,3.66569,2.205,4.698,0.216172,0.205,0.231,46.165517,27.9,50.2,3.807207,3.805,3.809,8917,8945,0,0,0,0
2022-03-18T04:00:00Z,29,3.551276,2.668,4.734,0.220483,0.208,0.232,45.596552,44.7,46.2,3.805586,3.801,3.808,8946,8974,0,0,0,0
2022-03-18T05:00:00Z,28,3.453107,2.048,5.074,0.22325,0.213,0.233,34.596429,23.6,44.6,3.802893,3.801,3.806,8975,9002,0,0,0,0
2022-03-18T06:00:00Z,29,3.928793,1.187,4.803,0.223207,0.211,0.234,35.186207,21.9,39.4,3.801793,3.8,3.805,9003,9031,0,0,0,0
2022-03-18T07:00:00Z,29,1.86469,0.848,3.65,0.224931,0.213,0.237,37.368966,26.7,39.1,3.801,3.8,3.803,9032,9060,0,0,0,0
2022-03-18T08:00:00Z,29,0.686034,0.526,0.834,0.229345,0.217,0.238,35.613793,34.9,36.7,3.798897,3.796,3.8,9061,9089,0,0,0,0
2022-03-18T09:00:00Z,28,0.294,0,0.524,0.227607,0.218,0.241,33.853571,33.2,34.8,3.796393,3.795,3.798,9090,9117,0,0,0,0
2022-03-18T10:00:00Z,29,0,0,0,0.231241,0.22,0.241,32.262069,31.4,33.1,3.794931,3.793,3.796,9118,9146,0,0,0,0
2022-03-18T11:00:00Z,29,0,0,0,0.231966,0.222,0.242,31.062069,30.5,31.4,3.792966,3.791,3.796,9147,9175,0,0,0,0
2022-03-18T12:00:00Z,28,0,0,0,0.231786,0.226,0.237,30.192857,30.1,30.6,3.792214,3.791,3.793,9176,9203,0,0,0,0
2022-03-18T13:00:00Z,29,0,0,0,0.232345,0.228,0.236,30.041379,30,30.1,3.791207,3.79,3.793,9204,9232,0,0,0,0
2022-03-18T14:00:00Z,28,0,0,0,0.231571,0.229,0.234,30.085714,30,30.1,3.7905,3.79,3.791,9233,9261,0,0,0,0
2022-03-18T15:00:00Z,28,0,0,0,0.232393,0.23,0.235,29.721429,29.5,30,3.789929,3.788,3.79,9262,9289,0,0,0,0
2022-03-18T16:00:00Z,29,0,0,0,0.231345,0.228,0.235,29.875862,29.6,30.1,3.788759,3.788,3.79,9290,9318,0,0,0,0
2022-03-18T17:00:00Z,29,0,0,0,0.231276,0.228,0.235,30.062069,30,30.1,3.787931,3.786,3.79,9319,9347,0,0,0,0
2022-03-18T18:00:00Z,29,0,0,0,0.232,0.229,0.237,29.658621,29.3,30,3.786172,3.785,3.788,9348,9376,0,0,0,0
2022-03-18T19:00:00Z,28,0,0,0,0.232964,0.228,0.238,29.278571,29.1,29.4,3.785036,3.783,3.786,9377,9404,0,0,0,0
2022-03-18T20:00:00Z,29,0,0,0,0.234448,0.228,0.239,28.686207,28.4,29.1,3.783414,3.781,3.785,9405,9433,0,0,0,0
2022-03-18T21:00:00Z,29,0,0,0,0.233862,0.23,0.238,28.217241,28.1,28.4,3.780552,3.778,3.781,9434,9462,0,0,0,0
2022-03-18T22:00:00Z,28,0,0,0,0.234464,0.23,0.238,28.082143,28,28.1,3.777929,3.776,3.78,9463,9490,0,0,0,0
2022-03-18T23:00:00Z,29,0.011759,0,0.341,0.234724,0.231,0.239,28.358621,28,28.7,3.775931,3.773,3.778,9491,9519,0,0,0,0
2022-03-19T00:00:00Z,29,0.903897,0.419,2.702,0.231034,0.22,0.238,30.758621,28.7,35.7,3.775034,3.773,3.776,9520,9548,0,0,0,0
2022-03-19T01:00:00Z,28,3.807321,2.911,4.477,0.220607,0.206,0.235,37.407143,21.2,48.3,3.777429,3.775,3.78,9549,9576,0,0,0,0
2022-03-19T02:00:00Z,29,4.560172,3.414,4.852,0.215655,0.21,0.227,49.162069,48.3,49.9,3.777207,3.775,3.78,9577,9605,0,0,0,0
2022-03-19T03:00:00Z,28,4.757,4.251,4.866,0.213714,0.208,0.218,50.564286,49.9,52.6,3.775214,3.773,3.778,9606,9633,0,0,0,0
2022-03-19T04:00:00Z,29,4.889448,4.793,4.985,0.212448,0.206,0.218,50.931034,50,52.6,3.77369,3.772,3.776,9634,9662,0,0,0,0
2022-03-19T05:00:00Z,29,4.818379,4.67,4.92,0.213069,0.204,0.224,50.189655,48.2,51.3,3.770586,3.768,3.773,9663,9691,0,0,0,0
2022-03-19T06:00:00Z,28,4.162643,1.492,4.713,0.218786,0.209,0.227,44.860714,42,47.5,3.767786,3.767,3.77,9692,9719,0,0,0,0
2022-03-19T07:00:00Z,29,2.026828,0.759,3.888,0.222828,0.218,0.229,34.258621,23.9,41.6,3.765655,3.765,3.768,9720,9748,0,0,0,0
2022-03-19T08:00:00Z,29,0.580966,0.459,0.749,0.227034,0.221,0.233,35.62069,27.6,38,3.764103,3.763,3.767,9749,9777,0,0,0,0
2022-03-19T09:00:00Z,28,0.366036,0,0.457,0.228393,0.222,0.234,34.560714,33.5,35.4,3.763,3.763,3.763,9778,9805,0,0,0,0
2022-03-19T10:00:00Z,29,0,0,0,0.229552,0.221,0.241,32.365517,31.4,33.5,3.762069,3.76,3.763,9806,9834,0,0,0,0
2022-03-19T11:00:00Z,29,0,0,0,0.230759,0.222,0.24,30.617241,30.1,31.4,3.758793,3.755,3.762,9835,9863,0,0,0,0
2022-03-19T12:00:00Z,28,0,0,0,0.231464,0.225,0.24,30.1,30.1,30.1,3.756286,3.753,3.758,9864,9891,0,0,0,0
2022-03-19T13:00:00Z,29,0,0,0,0.232207,0.228,0.235,30,29.9,30.1,3.752586,3.748,3.755,9892,9920,0,0,0,0
2022-03-19T14:00:00Z,29,0,0,0,0.232034,0.229,0.235,29.889655,29.6,30,3.749655,3.748,3.752,9921,9949,0,0,0,0
2022-03-19T15:00:00Z,27,0,0,0,0.231815,0.229,0.233,29.714815,29.5,30,3.747037,3.745,3.748,9950,9977,0,0,0,0
2022-03-19T16:00:00Z,29,0,0,0,0.232724,0.232,0.234,29.293103,29.1,29.5,3.744069,3.742,3.747,9978,10006,0,0,0,0
2022-03-19T17:00:00Z,21,0,0,0,0.23281,0.232,0.234,29.485714,29.1,29.6,3.74081,3.737,3.743,10007,10033,0,0,0,0
2022-03-19T18:00:00Z,1,0,0,0,0.233,0.233,0.233,29,29,29,3.737,3.737,3.737,10041,10041,0,0,0,0
2022-03-19T19:00:00Z,25,0,0,0,0.233,0.232,0.235,28.756,28.7,29.1,3.73288,3.73,3.735,10064,10088,0,0,0,0
2022-03-19T20:00:00Z,29,0,0,0,0.233207,0.232,0.235,28.724138,28.7,28.8,3.729207,3.727,3.732,10089,10117,0,0,0,0
2022-03-19T21:00:00Z,29,0,0,0,0.233483,0.231,0.236,28.817241,28.7,28.9,3.726931,3.725,3.729,10118,10146,0,0,0,0
2022-03-19T22:00:00Z,28,0,0,0,0.233643,0.231,0.238,28.692857,28.6,28.8,3.723857,3.72,3.727,10147,10174,0,0,0,0
2022-03-19T23:00:00Z,29,0.189862,0,0.575,0.232793,0.228,0.237,29.231034,28.6,30.1,3.720069,3.717,3.722,10175,10203,0,0,0,0
2022-03-20T00:00:00Z,28,1.4545,0.587,2.66,0.226214,0.211,0.237,32.039286,21.9,39.3,3.718107,3.717,3.72,10204,10231,0,0,0,0
2022-03-20T01:00:00Z,29,2.297138,1.231,3.383,0.223931,0.213,0.235,28.948276,19.5,43.3,3.717828,3.715,3.72,10232,10260,0,0,0,0
2022-03-20T02:00:00Z,29,2.487897,1.335,4.751,0.226621,0.215,0.237,35.810345,26.5,40.8,3.714655,3.714,3.717,10261,10289,0,0,0,0
2022-03-20T03:00:00Z,28,3.076107,1.067,5.115,0.223536,0.217,0.233,38.314286,27,40.9,3.712679,3.712,3.715,10290,10317,0,0,0,0
2022-03-20T04:00:00Z,29,2.784345,1.69,4.255,0.222138,0.214,0.229,38.541379,30.8,44.6,3.711034,3.71,3.712,10318,10346,0,0,0,0
2022-03-20T05:00:00Z,29,2.592931,1.6,4.695,0.224,0.218,0.229,36.796552,31.2,39.5,3.71,3.709,3.712,10347,10375,0,0,0,0
2022-03-20T06:00:00Z,29,2.112345,0.808,4.646,0.226241,0.22,0.232,36.744828,31.6,38,3.708759,3.706,3.71,10376,10404,0,0,0,0
2022-03-20T07:00:00Z,28,1.150929,0.641,1.545,0.227286,0.223,0.233,35.871429,35.4,37.5,3.706821,3.704,3.709,10405,10432,0,0,0,0
2022-03-20T08:00:00Z,29,0.783966,0.477,1.231,0.227655,0.223,0.232,35.013793,34.1,36.1,3.703552,3.701,3.707,10433,10461,0,0,0,0
2022-03-20T09:00:00Z,29,0.167379,0,0.479,0.228966,0.224,0.233,33.286207,32.7,34.2,3.69931,3.696,3.702,10462,10490,0,0,0,0
2022-03-20T10:00:00Z,28,0,0,0,0.229607,0.225,0.233,31.957143,31.5,32.7,3.693607,3.687,3.699,10491,10518,0,0,0,0
2022-03-20T11:00:00Z,29,0,0,0,0.230241,0.227,0.234,31.358621,31.2,31.5,3.686448,3.684,3.692,10519,10547,0,0,0,0
2022-03-20T12:00:00Z,29,0,0,0,0.231276,0.228,0.235,30.768966,30.6,31.1,3.682724,3.681,3.686,10548,10576,0,0,0,0
2022-03-20T13:00:00Z,28,0,0,0,0.23125,0.23,0.233,30.432143,30.2,30.6,3.681143,3.679,3.682,10577,10604,0,0,0,0
2022-03-20T14:00:00Z,29,0,0,0,0.232034,0.23,0.234,30.086207,30,30.2,3.678379,3.676,3.681,10605,10633,0,0,0,0
2022-03-20T15:00:00Z,29,0,0,0,0.232379,0.23,0.234,29.782759,29.6,30,3.675103,3.671,3.677,10634,10662,0,0,0,0
2022-03-20T16:00:00Z,28,0,0,0,0.232643,0.23,0.236,29.407143,29.3,29.7,3.671179,3.669,3.674,10663,10690,0,0,0,0
2022-03-20T17:00:00Z,29,0,0,0,0.233,0.229,0.238,29.244828,29.1,29.4,3.668655,3.664,3.671,10691,10719,0,0,0,0
2022-03-20T18:00:00Z,29,0,0,0,0.233138,0.229,0.238,29.317241,29.1,29.5,3.663655,3.661,3.666,10720,10748,0,0,0,0
2022-03-20T19:00:00Z,28,0,0,0,0.234714,0.221,0.256,29.042857,28.7,29.4,3.6615,3.659,3.663,10749,10776,0,0,0,0
2022-03-20T20:00:00Z,29,0,0,0,0.23369,0.23,0.238,29.013793,28.7,29.2,3.659276,3.659,3.661,10777,10805,0,0,0,0
2022-03-20T21:00:00Z,29,0,0,0,0.234345,0.222,0.256,28.803448,28.6,29.1,3.658483,3.658,3.659,10806,10834,0,0,0,0
2022-03-20T22:00:00Z,28,0,0,0,0.234214,0.23,0.238,28.65,28.6,28.7,3.657964,3.656,3.659,10835,10862,0,0,0,0
2022-03-20T23:00:00Z,29,0.067552,0,0.339,0.233034,0.228,0.238,28.827586,28.6,29.6,3.655655,3.654,3.658,10863,10891,0,0,0,0
2022-03-21T00:00:00Z,28,2.085556,0.339,3.882,0.227321,0.212,0.238,33.157143,19.3,41.1,3.654179,3.653,3.656,10892,10919,0,0,0,0
2022-03-21T01:00:00Z,29,3.026897,0.972,4.91,0.221483,0.208,0.233,38.558621,24.9,47.3,3.653966,3.651,3.656,10920,10948,0,0,0,0
2022-03-21T02:00:00Z,29,3.168793,0.874,5.113,0.222655,0.21,0.236,40.124138,26.2,45.1,3.650966,3.648,3.653,10949,10977,0,0,0,0
2022-03-21T03:00:00Z,28,2.885464,1.049,5.385,0.224429,0.213,0.236,30.9,21,40.6,3.647071,3.643,3.649,10978,11005,0,0,0,0
2022-03-21T04:00:00Z,29,3.469724,1.879,5.43,0.224414,0.213,0.237,28.558621,22.7,39.4,3.643414,3.641,3.646,11006,11034,0,0,0,0
2022-03-21T05:00:00Z,29,4.771966,1.238,5.272,0.216897,0.208,0.229,43.513793,29.1,47.2,3.641828,3.64,3.644,11035,11063,0,0,0,0
2022-03-21T06:00:00Z,24,4.088792,0.593,5.077,0.221167,0.206,0.233,43.816667,40.7,46.2,3.639417,3.636,3.641,11064,11087,0,0,0,0
2022-03-21T07:00:00Z,29,2.308414,0.659,4.603,0.223241,0.212,0.236,39.441379,27.4,41.3,3.636276,3.635,3.638,11092,11120,0,0,0,0
2022-03-21T08:00:00Z,29,0.763552,0.539,1.556,0.22831,0.215,0.239,34.503448,24,38,3.633034,3.631,3.636,11121,11149,0,0,0,0
2022-03-21T09:00:00Z,28,0.514429,0.423,0.547,0.230393,0.218,0.239,34.2,33.5,34.7,3.6305,3.63,3.633,11150,11177,0,0,0,0
2022-03-21T10:00:00Z,29,0.090034,0,0.418,0.232207,0.218,0.241,32.203448,31.3,33.2,3.628103,3.623,3.63,11178,11206,0,0,0,0
2022-03-21T11:00:00Z,29,0,0,0,0.230379,0.223,0.24,30.572414,30.2,31.3,3.624966,3.623,3.626,11207,11235,0,0,0,0
2022-03-21T12:00:00Z,28,0,0,0,0.231107,0.225,0.238,30.107143,30.1,30.2,3.621964,3.62,3.625,11236,11263,0,0,0,0
2022-03-21T13:00:00Z,29,0,0,0,0.231241,0.228,0.235,30.234483,30.1,30.5,3.619069,3.616,3.621,11264,11292,0,0,0,0
2022-03-21T14:00:00Z,29,0,0,0,0.233103,0.229,0.236,28.962069,27.4,30.1,3.616,3.613,3.618,11293,11321,0,0,0,0
2022-03-21T15:00:00Z,28,0,0,0,0.234071,0.233,0.236,27.85,27.4,28.2,3.612607,3.61,3.615,11322,11349,0,0,0,0
2022-03-21T16:00:00Z,29,0,0,0,0.233207,0.233,0.235,28.568966,28.2,28.7,3.610207,3.608,3.611,11350,11378,0,0,0,0
2022-03-21T17:00:00Z,29,0,0,0,0.233345,0.233,0.235,28.696552,28.6,28.7,3.60869,3.607,3.61,11379,11407,0,0,0,0
2022-03-21T18:00:00Z,28,0,0,0,0.233214,0.233,0.235,28.660714,28.6,28.7,3.607143,3.605,3.608,11408,11435,0,0,0,0
2022-03-21T19:00:00Z,29,0,0,0,0.23331,0.233,0.235,28.548276,28.4,28.6,3.605621,3.605,3.607,11436,11464,0,0,0,0
2022-03-21T20:00:00Z,28,0,0,0,0.233571,0.233,0.235,28.278571,28.2,28.4,3.604929,3.603,3.605,11465,11492,0,0,0,0
2022-03-21T21:00:00Z,29,0,0,0,0.233379,0.233,0.235,28.110345,28,28.3,3.603069,3.602,3.605,11493,11521,0,0,0,0
2022-03-21T22:00:00Z,29,0,0,0,0.233897,0.233,0.235,28.086207,28,28.1,3.601103,3.598,3.603,11522,11550,0,0,0,0
2022-03-21T23:00:00Z,28,0.091857,0,0.419,0.233393,0.233,0.236,28.621429,28.2,29.1,3.598393,3.597,3.602,11551,11578,0,0,0,0
2022-03-22T00:00:00Z,26,0.864192,0.449,1.444,0.231577,0.23,0.233,30.596154,29.2,32,3.596962,3.595,3.598,11579,11607,0,0,0,0
2022-03-22T01:00:00Z,29,2.312069,0.633,3.952,0.22569,0.223,0.232,33.682759,21.8,38.9,3.595345,3.592,3.598,11608,11636,0,0,0,0
2022-03-22T02:00:00Z,28,2.179357,0.954,4.907,0.225964,0.223,0.229,34.125,26.7,37.9,3.593071,3.59,3.597,11637,11664,0,0,0,0
2022-03-22T03:00:00Z,29,2.016897,1.244,4.178,0.227621,0.225,0.231,34.310345,33,36.7,3.589931,3.588,3.592,11665,11693,0,0,0,0
2022-03-22T04:00:00Z,29,3.328,0.813,5.289,0.220655,0.213,0.226,36.482759,21.9,46.7,3.588448,3.587,3.59,11694,11722,0,0,0,0
2022-03-22T05:00:00Z,28,1.857536,0.47,5.256,0.224393,0.213,0.231,31.467857,21.4,43.8,3.585643,3.583,3.588,11723,11750,0,0,0,0
2022-03-22T06:00:00Z,29,3.082586,0.498,5.338,0.224793,0.22,0.229,33.817241,22.6,38.6,3.582724,3.582,3.585,11751,11779,0,0,0,0
2022-03-22T07:00:00Z,29,2.366552,0.603,4.613,0.223207,0.22,0.228,27.2,22.2,37.9,3.582034,3.58,3.583,11780,11808,0,0,0,0
2022-03-22T08:00:00Z,29,0.628207,0.367,1.074,0.227966,0.225,0.232,34.627586,34,35.4,3.579517,3.578,3.582,11809,11837,0,0,0,0
2022-03-22T09:00:00Z,28,0.138714,0,0.552,0.229,0.224,0.235,32.867857,31.7,34,3.577857,3.577,3.58,11838,11865,0,0,0,0
2022-03-22T10:00:00Z,29,0,0,0,0.230345,0.227,0.235,31.406897,31.1,31.7,3.576345,3.574,3.578,11866,11894,0,0,0,0
2022-03-22T11:00:00Z,28,0,0,0,0.23075,0.228,0.235,30.539286,30.2,31,3.57425,3.572,3.575,11895,11923,0,0,0,0
2022-03-22T12:00:00Z,26,0,0,0,0.231346,0.228,0.235,30.061538,29.9,30.2,3.571692,3.569,3.574,11924,11951,0,0,0,0
2022-03-22T13:00:00Z,8,0,0,0,0.230375,0.228,0.235,30,30,30,3.568,3.565,3.57,11953,11970,0,0,0,0
2022-03-22T14:00:00Z,14,0,0,0,0.232929,0.231,0.234,29.328571,29.1,29.6,3.561571,3.56,3.562,11992,12005,0,0,0,0
2022-03-22T15:00:00Z,29,0,0,0,0.233103,0.232,0.237,29.027586,28.8,29.1,3.560241,3.557,3.562,12006,12034,0,0,0,0
2022-03-22T16:00:00Z,29,0,0,0,0.233276,0.232,0.235,28.696552,28.6,28.8,3.557793,3.555,3.56,12035,12063,0,0,0,0
2022-03-22T17:00:00Z,28,0,0,0,0.233357,0.233,0.235,28.6,28.6,28.6,3.555714,3.555,3.559,12064,12091,0,0,0,0
2022-03-22T18:00:00Z,29,0,0,0,0.233414,0.233,0.235,28.624138,28.6,28.7,3.554241,3.554,3.555,12092,12120,0,0,0,0
2022-03-22T19:00:00Z,29,0,0,0,0.233414,0.233,0.236,28.6,28.6,28.6,3.553655,3.552,3.554,12121,12149,0,0,0,0
2022-03-22T20:00:00Z,28,0,0,0,0.233893,0.233,0.236,28.389286,28.3,28.5,3.552286,3.552,3.554,12150,12177,0,0,0,0
2022-03-22T21:00:00Z,29,0,0,0,0.233966,0.233,0.237,28.106897,27.9,28.4,3.551931,3.55,3.552,12178,12206,0,0,0,0
2022-03-22T22:00:00Z,29,0,0,0,0.234103,0.232,0.237,28.1,27.9,28.2,3.550655,3.549,3.552,12207,12235,0,0,0,0
2022-03-22T23:00:00Z,28,0,0,0,0.234321,0.231,0.238,28.282143,28.1,28.6,3.54925,3.547,3.55,12236,12263,0,0,0,0
2022-03-23T00:00:00Z,29,1.606655,0,3.726,0.22831,0.218,0.235,29.003448,20.8,38,3.548793,3.547,3.55,12264,12292,0,0,0,0
2022-03-23T01:00:00Z,28,3.0365,0.629,4.749,0.217536,0.211,0.226,41.932143,21.5,47.3,3.549036,3.547,3.55,12293,12320,0,0,0,0
2022-03-23T02:00:00Z,29,3.466448,0.695,5.125,0.219621,0.208,0.232,37.858621,22.8,48.3,3.546,3.544,3.549,12321,12349,0,0,0,0
2022-03-23T03:00:00Z,29,4.725483,1.09,4.948,0.212172,0.201,0.223,52.331034,48.4,54.6,3.544517,3.544,3.547,12350,12378,0,0,0,0
2022-03-23T04:00:00Z,28,3.935571,0.98,5.223,0.216107,0.206,0.23,48.832143,44.1,54.1,3.541571,3.539,3.544,12379,12406,0,0,0,0
2022-03-23T05:00:00Z,29,4.351586,1.074,5.108,0.216172,0.206,0.23,47.955172,46,49.3,3.537897,3.536,3.541,12407,12435,0,0,0,0
2022-03-23T06:00:00Z,29,3.53931,1.049,4.949,0.221448,0.206,0.232,44.331034,41.3,48.5,3.535586,3.534,3.539,12436,12464,0,0,0,0
2022-03-23T07:00:00Z,28,1.511714,0.631,4.569,0.225786,0.211,0.237,38.25,27.2,43.3,3.532714,3.531,3.536,12465,12492,0,0,0,0
2022-03-23T08:00:00Z,29,0.906483,0.419,1.331,0.223621,0.214,0.237,35.710345,31,38,3.530517,3.529,3.532,12493,12521,0,0,0,0
2022-03-23T09:00:00Z,28,0.076821,0,0.397,0.228536,0.218,0.239,32.925,23.8,35.4,3.527321,3.526,3.531,12522,12549,0,0,0,0
2022-03-23T10:00:00Z,29,0,0,0,0.229931,0.219,0.241,32.351724,31.8,33,3.525483,3.524,3.527,12550,12578,0,0,0,0
2022-03-23T11:00:00Z,29,0,0,0,0.231517,0.22,0.242,31.37931,30.9,31.7,3.52369,3.521,3.526,12579,12607,0,0,0,0
2022-03-23T12:00:00Z,28,0,0,0,0.232143,0.221,0.242,30.546429,30.3,30.9,3.521929,3.521,3.524,12608,12635,0,0,0,0
2022-03-23T13:00:00Z,29,0,0,0,0.230414,0.221,0.243,30.124138,30.1,30.3,3.519724,3.517,3.522,12636,12664,0,0,0,0
2022-03-23T14:00:00Z,29,0,0,0,0.232483,0.222,0.245,30.058621,30,30.1,3.518828,3.516,3.521,12665,12693,0,0,0,0
2022-03-23T15:00:00Z,28,0,0,0,0.233464,0.222,0.244,30.007143,29.9,30.1,3.517429,3.516,3.519,12694,12721,0,0,0,0
2022-03-23T16:00:00Z,29,0,0,0,0.232448,0.223,0.242,29.72069,29.5,30,3.516103,3.514,3.519,12722,12750,0,0,0,0
2022-03-23T17:00:00Z,29,0,0,0,0.230897,0.223,0.243,29.368966,29.2,29.5,3.514,3.512,3.516,12751,12779,0,0,0,0
2022-03-23T18:00:00Z,29,0,0,0,0.233414,0.223,0.244,29.106897,29.1,29.2,3.511966,3.511,3.514,12780,12808,0,0,0,0
2022-03-23T19:00:00Z,28,0,0,0,0.233679,0.223,0.243,29.042857,28.8,29.2,3.511,3.509,3.512,12809,12836,0,0,0,0
2022-03-23T20:00:00Z,29,0,0,0,0.235621,0.224,0.245,28.917241,28.7,29.1,3.509448,3.508,3.512,12837,12865,0,0,0,0
2022-03-23T21:00:00Z,28,0,0,0,0.2365,0.224,0.244,28.878571,28.7,29.2,3.508536,3.508,3.509,12866,12893,0,0,0,0
2022-03-23T22:00:00Z,29,0,0,0,0.234276,0.223,0.242,28.889655,28.8,29,3.507828,3.506,3.509,12894,12922,0,0,0,0
2022-03-23T23:00:00Z,29,0.123966,0,0.483,0.234138,0.224,0.242,29.286207,28.8,30.2,3.506655,3.504,3.509,12923,12951,0,0,0,0
2022-03-24T00:00:00Z,28,2.316929,0.369,3.908,0.228464,0.213,0.239,34.467857,21.8,46.9,3.507321,3.506,3.509,12952,12979,0,0,0,0
2022-03-24T01:00:00Z,29,1.945276,0.562,4.957,0.224586,0.209,0.238,38.289655,20.7,47,3.507828,3.504,3.509,12980,13008,0,0,0,0
2022-03-24T02:00:00Z,29,2.804655,0.549,5.213,0.222241,0.211,0.234,33.496552,20,44.1,3.506,3.504,3.508,13009,13037,0,0,0,0
2022-03-24T03:00:00Z,28,2.993357,1.597,5.285,0.221179,0.211,0.234,38.696429,30.5,42.5,3.505357,3.504,3.508,13038,13065,0,0,0,0
2022-03-24T04:00:00Z,29,3.281034,1.577,5.331,0.224034,0.211,0.234,40.448276,30.1,44.2,3.504138,3.503,3.506,13066,13094,0,0,0,0
2022-03-24T05:00:00Z,29,4.490621,1.974,5.328,0.219897,0.205,0.23,40.682759,23.8,49,3.503793,3.503,3.506,13095,13123,0,0,0,0
2022-03-24T06:00:00Z,28,4.803,4.511,4.997,0.22025,0.206,0.231,46.05,43.3,47.9,3.502821,3.501,3.504,13124,13151,0,0,0,0
2022-03-24T07:00:00Z,29,2.141483,0.524,4.472,0.222897,0.213,0.235,38.006897,21.1,43.3,3.501276,3.501,3.503,13152,13180,0,0,0,0
2022-03-24T08:00:00Z,29,0.421069,0.341,0.511,0.226448,0.214,0.236,34.931034,20.4,38,3.500655,3.499,3.501,13181,13209,0,0,0,0
2022-03-24T09:00:00Z,28,0.094321,0,0.341,0.228036,0.222,0.233,34.757143,34.1,35.4,3.499214,3.499,3.501,13210,13237,0,0,0,0
2022-03-24T10:00:00Z,29,0,0,0,0.229,0.222,0.237,32.858621,32.1,34,3.498793,3.498,3.499,13238,13266,0,0,0,0
2022-03-24T11:00:00Z,29,0,0,0,0.23031,0.224,0.235,31.496552,31.2,32,3.498,3.496,3.499,13267,13295,0,0,0,0
2022-03-24T12:00:00Z,28,0,0,0,0.231821,0.226,0.238,30.832143,30.4,31.2,3.4965,3.494,3.498,13296,13323,0,0,0,0
2022-03-24T13:00:00Z,29,0,0,0,0.232621,0.228,0.238,30.193103,30.1,30.4,3.494,3.491,3.496,13324,13352,0,0,0,0
2022-03-24T14:00:00Z,29,0,0,0,0.231724,0.228,0.236,30.1,30.1,30.1,3.492207,3.489,3.496,13353,13381,0,0,0,0
2022-03-24T15:00:00Z,28,0,0,0,0.231714,0.231,0.233,30.057143,30,30.1,3.48975,3.488,3.493,13382,13409,0,0,0,0
2022-03-24T16:00:00Z,29,0,0,0,0.232276,0.231,0.234,29.9,29.7,30,3.488103,3.484,3.491,13410,13438,0,0,0,0
2022-03-24T17:00:00Z,29,0,0,0,0.232552,0.231,0.235,29.489655,29.2,29.8,3.484759,3.484,3.488,13439,13467,0,0,0,0
2022-03-24T18:00:00Z,28,0,0,0,0.233143,0.229,0.237,29.075,29,29.2,3.482107,3.479,3.484,13468,13495,0,0,0,0
2022-03-24T19:00:00Z,29,0,0,0,0.231931,0.227,0.243,28.734483,28.6,28.9,3.479241,3.478,3.481,13496,13524,0,0,0,0
2022-03-24T20:00:00Z,29,0,0,0,0.234172,0.225,0.242,28.617241,28.6,28.7,3.476586,3.475,3.478,13525,13553,0,0,0,0
2022-03-24T21:00:00Z,28,0,0,0,0.233107,0.225,0.243,28.6,28.6,28.6,3.474571,3.473,3.476,13554,13581,0,0,0,0
2022-03-24T22:00:00Z,29,0,0,0,0.232621,0.225,0.244,28.603448,28.6,28.7,3.472069,3.47,3.475,13582,13610,0,0,0,0
2022-03-24T23:00:00Z,29,0,0,0,0.231586,0.224,0.242,28.810345,28.6,29.3,3.467759,3.465,3.471,13611,13639,0,0,0,0
2022-03-25T00:00:00Z,28,2.506321,0,3.978,0.224643,0.208,0.243,34.939286,22,47.2,3.463357,3.46,3.466,13640,13667,0,0,0,0
2022-03-25T01:00:00Z,29,3.425241,0.536,4.798,0.217552,0.208,0.229,46.937931,39.1,49.6,3.456207,3.453,3.46,13668,13696,0,0,0,0
2022-03-25T02:00:00Z,28,4.54125,3.927,4.949,0.213464,0.208,0.221,49.985714,48.7,51.3,3.44975,3.448,3.453,13697,13724,0,0,0,0
2022-03-25T03:00:00Z,29,4.946724,4.874,5.057,0.212034,0.206,0.219,52.103448,49.6,54,3.446069,3.445,3.448,13725,13753,0,0,0,0
2022-03-25T04:00:00Z,29,4.346586,0.795,5.32,0.214517,0.203,0.225,50.068966,48.9,51.9,3.441241,3.435,3.445,13754,13782,0,0,0,0
2022-03-25T05:00:00Z,28,4.950536,4.8,5.069,0.214071,0.203,0.223,50.589286,48,52.6,3.431607,3.425,3.437,13783,13810,0,0,0,0
2022-03-25T06:00:00Z,29,4.794552,4.511,4.993,0.218897,0.206,0.228,46.948276,44.7,48.1,3.424,3.42,3.428,13811,13839,0,0,0,0
2022-03-25T07:00:00Z,26,2.269885,0.526,4.449,0.222346,0.208,0.234,38.088462,20,45.2,3.417,3.413,3.422,13840,13866,0,0,0,0
2022-03-25T08:00:00Z,13,0.459308,0.397,0.549,0.227769,0.211,0.238,29.369231,18.7,36.7,3.405538,3.4,3.41,13868,13884,0,0,0,0
2022-03-25T09:00:00Z,6,0,0,0,0.2225,0.218,0.238,34.45,34.1,34.8,3.378,3.377,3.379,13916,13921,0,0,0,0
2022-03-25T10:00:00Z,29,0,0,0,0.229207,0.218,0.24,32.924138,32.1,34,3.371724,3.367,3.376,13922,13950,0,0,0,0
2022-03-25T11:00:00Z,28,0,0,0,0.233286,0.22,0.242,31.507143,31.3,32,3.362714,3.357,3.367,13951,13978,0,0,0,0
2022-03-25T12:00:00Z,29,0,0,0,0.23031,0.221,0.244,30.793103,30.3,31.3,3.350621,3.344,3.357,13979,14007,0,0,0,0
2022-03-25T13:00:00Z,29,0,0,0,0.235069,0.221,0.243,30.244828,30.1,30.5,3.342103,3.339,3.346,14008,14036,0,0,0,0
2022-03-25T14:00:00Z,28,0,0,0,0.230464,0.218,0.242,30.096429,30,30.1,3.332143,3.324,3.339,14037,14064,0,0,0,0
2022-03-25T15:00:00Z,29,0,0,0,0.230793,0.218,0.24,29.931034,29.7,30.1,3.317621,3.311,3.324,14065,14093,0,0,0,0
2022-03-25T16:00:00Z,29,0,0,0,0.223552,0.214,0.238,29.572414,29.4,29.8,3.304,3.295,3.313,14094,14122,0,0,0,0
2022-03-25T17:00:00Z,28,0,0,0,0.227536,0.214,0.236,29.242857,29.1,29.4,3.290464,3.288,3.295,14123,14150,0,0,0,0
2022-03-25T18:00:00Z,29,0,0,0,0.224379,0.21,0.234,28.886207,28.7,29.1,3.280759,3.273,3.288,14151,14179,0,0,0,0
2022-03-25T19:00:00Z,29,0,0,0,0.218138,0.209,0.232,28.631034,28.6,28.7,3.264172,3.258,3.272,14180,14208,0,0,0,0
2022-03-25T20:00:00Z,28,0,0,0,0.217,0.206,0.228,28.514286,28.3,28.6,3.248464,3.239,3.258,14209,14236,0,0,0,0
2022-03-25T21:00:00Z,29,0,0,0,0.214862,0.203,0.223,28.368966,28.2,28.7,3.233034,3.225,3.239,14237,14265,0,0,0,0
2022-03-25T22:00:00Z,29,0,0,0,0.210379,0.195,0.22,28.293103,27.5,28.6,3.213034,3.182,3.225,1,14277,0,0,0,0
2022-03-25T23:00:00Z,28,0.048929,0,0.367,0.2075,0.195,0.216,28.771429,28.6,29,3.193536,3.184,3.206,18,45,0,0,0,0
2022-03-26T00:00:00Z,29,0.869621,0,2.939,0.194862,0.168,0.212,32.17931,29.1,34.8,3.175552,3.135,3.184,1,73,0,0,0,0
2022-03-26T01:00:00Z,28,1.661107,0.405,5.039,0.178679,0.167,0.194,32.732143,21,36.7,3.133214,3.121,3.146,1,1,0,0,0,0
2022-03-26T02:00:00Z,29,3.722966,0.669,5.105,0.167793,0.16,0.189,41.224138,16.7,77.4,3.100517,3.08,3.12,1,1,0,0,8,0
2022-03-26T03:00:00Z,27,4.901407,2.327,5.23,0.158593,0.156,0.162,79.388889,76.7,80.6,3.060852,3.042,3.079,1,1,0,0,27,0
2022-03-26T04:00:00Z,28,3.60825,0.971,5.779,0.156714,0.155,0.159,75.360714,71.7,80,3.018714,2.996,3.039,1,1,0,0,28,0
2022-03-26T05:00:00Z,28,3.245179,0.643,5.899,0.155321,0.155,0.158,70.575,57.7,74.5,2.968714,2.933,2.994,1,1,0,0,27,0
2022-03-26T06:00:00Z,3,5.178333,5.141,5.251,0.155,0.155,0.155,73.233333,72.8,73.7,2.926333,2.922,2.93,1,1,0,0,3,0
2022-08-28T22:00:00Z,14,0,0,0,0.232286,0.226,0.237,31.764286,30,32.6,3.420714,2.76,3.679,1,14,0,0,0,0
2022-08-28T23:00:00Z,29,0,0,0,0.227172,0.223,0.231,31.803448,31.4,32.5,3.813966,3.554,3.932,15,43,0,0,0,0
2022-08-29T00:00:00Z,29,0,0,0,0.229034,0.224,0.235,31.641379,31.3,32.1,4.053034,3.927,4.105,44,72,0,0,0,0
2022-08-29T01:00:00Z,28,0,0,0,0.229214,0.223,0.235,32.260714,32.1,32.4,4.0975,4.036,4.151,73,100,0,0,0,0
2022-08-29T02:00:00Z,29,0,0,0,0.229207,0.225,0.236,32.310345,32.1,32.4,4.163207,4.148,4.172,101,129,0,0,0,0
2022-08-29T03:00:00Z,29,0,0,0,0.229483,0.224,0.234,32.17931,32.1,32.3,4.158655,4.136,4.179,130,158,0,0,0,0
2022-08-29T04:00:00Z,28,0,0,0,0.229929,0.225,0.235,32.15,32.1,32.2,4.135857,4.133,4.139,159,186,0,0,0,0
2022-08-29T05:00:00Z,29,0,0,0,0.231172,0.226,0.238,32.275862,32.2,32.4,4.133,4.131,4.135,187,215,0,0,0,0
2022-08-29T06:00:00Z,29,0,0,0,0.230207,0.226,0.238,32.468966,32.4,32.5,4.130345,4.128,4.133,216,244,0,0,0,0
2022-08-29T07:00:00Z,29,0,0,0,0.229724,0.225,0.236,32.555172,32.5,32.6,4.126966,4.125,4.13,245,273,0,0,0,0
2022-08-29T08:00:00Z,28,0,0,0,0.23025,0.225,0.236,32.6,32.6,32.6,4.125071,4.123,4.128,274,301,0,0,0,0
2022-08-29T09:00:00Z,29,0,0,0,0.229517,0.224,0.233,32.606897,32.6,32.7,4.121931,4.12,4.125,302,330,0,0,0,0
2022-08-29T10:00:00Z,29,0,0,0,0.229759,0.224,0.237,32.606897,32.6,32.7,4.120138,4.118,4.123,331,359,0,0,0,0
2022-08-29T11:00:00Z,29,0,0,0,0.22931,0.225,0.233,32.589655,32.3,32.7,4.118103,4.106,4.121,360,388,0,0,0,0
2022-08-29T12:00:00Z,29,0,0,0,0.230276,0.208,0.233,31.158621,30.6,32.1,3.886483,3.582,4.09,389,417,0,0,0,0
2022-08-29T13:00:00Z,28,0,0,0,0.232107,0.231,0.234,30.278571,30,30.6,4.070429,4.032,4.092,418,446,0,0,0,0
2022-08-29T14:00:00Z,29,0,0,0,0.232862,0.232,0.234,30.024138,29.9,30.1,4.090448,4.082,4.098,447,475,0,0,0,0
2022-08-29T15:00:00Z,28,0,0,0,0.233107,0.232,0.235,29.664286,29.5,30,4.098321,4.095,4.1,476,504,0,0,0,0
2022-08-29T16:00:00Z,29,0,0,0,0.233207,0.233,0.235,29.396552,29.3,29.5,4.098759,4.095,4.102,505,533,0,0,0,0
2022-08-29T17:00:00Z,28,0,0,0,0.233179,0.233,0.235,29.182143,29.1,29.3,4.1,4.098,4.102,534,562,0,0,0,0
2022-08-29T18:00:00Z,27,0,0,0,0.233407,0.233,0.236,29.037037,28.9,29.1,4.098741,4.095,4.102,563,591,0,0,0,0
2022-08-29T19:00:00Z,28,0,0,0,0.233179,0.233,0.235,29.067857,28.9,29.2,4.097357,4.095,4.098,592,620,0,0,0,0
2022-08-29T20:00:00Z,30,0,0,0,0.233333,0.233,0.236,28.81,28.7,29,4.094367,4.092,4.097,621,650,0,0,0,0
2022-08-29T21:00:00Z,29,0,0,0,0.23369,0.233,0.236,28.662069,28.6,28.7,4.092379,4.09,4.095,651,679,0,0,0,0
2022-08-29T22:00:00Z,28,0,0,0,0.234214,0.233,0.236,28.578571,28.5,28.6,4.091286,4.088,4.093,680,708,0,0,0,0
2022-08-29T23:00:00Z,27,0.514,0,2.105,0.233185,0.231,0.236,29.07037,28.6,31.4,4.08963,4.088,4.092,709,735,0,0,0,0
2022-08-30T00:00:00Z,26,3.522192,1.618,4.497,0.227423,0.224,0.231,35.119231,32.4,38,4.091192,4.088,4.093,738,764,0,0,0,0
2022-08-30T01:00:00Z,29,3.608793,0.79,5.087,0.223034,0.221,0.225,39.882759,38.3,41.8,4.089862,4.088,4.092,766,794,0,0,0,0
2022-08-30T02:00:00Z,28,4.678571,0.997,5.174,0.219214,0.218,0.222,43.882143,41.3,45.5,4.089607,4.087,4.092,795,823,0,0,0,0
2022-08-30T03:00:00Z,29,4.717379,0.728,5.146,0.218655,0.218,0.222,44.903448,43.4,45.9,4.08769,4.085,4.09,824,852,0,0,0,0
2022-08-30T04:00:00Z,29,3.924759,0.754,5.215,0.217724,0.215,0.221,45.910345,44.1,48.2,4.086276,4.085,4.088,853,881,0,0,0,0
2022-08-30T05:00:00Z,29,4.729172,1.29,5.346,0.215241,0.213,0.218,48.406897,47.2,50.1,4.083793,4.082,4.087,882,910,0,0,0,0
2022-08-30T06:00:00Z,29,3.661414,0.892,5.467,0.220138,0.214,0.227,43.3,38.7,48.2,4.078655,4.069,4.083,911,939,0,0,0,0
2022-08-30T07:00:00Z,29,2.764069,0,4.998,0.220552,0.217,0.226,42.810345,36.9,46.6,4.065897,4.059,4.072,940,968,0,0,0,0
2022-08-30T08:00:00Z,30,0,0,0,0.232433,0.225,0.237,29.833333,27.4,36.4,4.064133,4.021,4.078,969,998,0,0,0,0
2022-08-30T09:00:00Z,29,0.44231,0,0.631,0.233586,0.232,0.236,29.086207,27.4,30.6,4.070414,4.069,4.072,999,1027,0,0,0,0
2022-08-30T10:00:00Z,28,0.115667,0,0.524,0.231786,0.231,0.233,30.778571,30.6,31.1,4.069893,4.067,4.072,1028,1056,0,0,0,0
2022-08-30T11:00:00Z,23,0,0,0,0.23213,0.231,0.233,30.604348,30.4,30.7,4.068565,4.065,4.07,1057,1080,0,0,0,0
2022-08-31T12:00:00Z,27,0,0,0,0.234889,0.233,0.237,27.703704,27.4,28.5,3.999222,3.999,4.001,1723,1750,0,0,0,0
2022-08-31T13:00:00Z,29,0,0,0,0.235828,0.234,0.238,27.344828,27.2,27.4,3.999897,3.999,4.003,1751,1779,0,0,0,0
2022-08-31T14:00:00Z,30,0,0,0,0.235967,0.235,0.238,27.293333,27.1,27.4,4.000133,3.999,4.003,1780,1809,0,0,0,0
2022-08-31T15:00:00Z,30,0,0,0,0.235367,0.235,0.237,27.496667,27.3,28,4.0008,3.999,4.003,1810,1839,0,0,0,0
2022-08-31T16:00:00Z,29,0,0,0,0.234483,0.234,0.236,28.065517,28,28.1,4.001138,3.999,4.003,1840,1868,0,0,0,0
2022-08-31T17:00:00Z,30,0,0,0,0.234833,0.234,0.236,27.97,27.8,28.1,4.0008,3.999,4.003,1869,1898,0,0,0,0
2022-08-31T18:00:00Z,30,0,0,0,0.235467,0.235,0.237,27.613333,27.4,27.8,4.000733,3.999,4.003,1899,1928,0,0,0,0
2022-08-31T19:00:00Z,29,0,0,0,0.235379,0.234,0.238,27.496552,27.4,27.6,4.000241,3.999,4.001,1929,1957,0,0,0,0
2022-08-31T20:00:00Z,30,0,0,0,0.2354,0.234,0.237,27.483333,27.4,27.5,3.9998,3.999,4.001,1958,1987,0,0,0,0
2022-08-31T21:00:00Z,29,0,0,0,0.235483,0.235,0.238,27.431034,27.4,27.5,3.999241,3.998,4.001,1988,2016,0,0,0,0
2022-08-31T22:00:00Z,29,0,0,0,0.235379,0.234,0.238,27.575862,27.4,27.7,3.999483,3.999,4.001,2017,2046,0,0,0,0
2022-08-31T23:00:00Z,30,0.5556,0,1.782,0.234367,0.232,0.237,28.43,27.4,30.1,3.9994,3.999,4.001,2047,2076,0,0,0,0
2022-09-01T00:00:00Z,29,3.010414,1.362,4.087,0.228759,0.226,0.233,33.868966,30.4,37.1,4.000379,3.999,4.001,2077,2105,0,0,0,0
2022-09-01T01:00:00Z,30,4.5354,4.155,4.772,0.223267,0.221,0.228,40.203333,37.4,42.8,4.000933,3.999,4.003,2106,2135,0,0,0,0
2022-09-01T02:00:00Z,28,3.357107,1.217,5.169,0.22225,0.22,0.224,41.060714,38.7,42.9,4.0005,3.999,4.003,2136,2164,0,0,0,0
2022-09-01T03:00:00Z,29,3.349621,1.223,5.134,0.222345,0.218,0.226,41.031034,36.7,45.5,3.999897,3.999,4.001,2165,2193,0,0,0,0
2022-09-01T04:00:00Z,29,1.940966,1.044,5.172,0.223931,0.218,0.228,38.62069,36.7,43.7,3.999414,3.999,4.001,2194,2223,0,0,0,0
2022-09-01T05:00:00Z,29,2.549276,1.512,5.036,0.224276,0.222,0.228,38.796552,36.7,40.8,3.999207,3.999,4.001,2224,2252,0,0,0,0
2022-09-01T06:00:00Z,18,2.943389,1.179,4.902,0.222889,0.221,0.226,40.666667,38.6,41.9,3.999,3.999,3.999,2253,2270,0,0,0,0
2022-09-01T08:00:00Z,11,0.928636,0.711,1.012,0.223545,0.223,0.224,38.409091,37.9,39.4,3.995636,3.994,3.998,2328,2338,0,0,0,0
2022-09-01T09:00:00Z,30,0.5092,0.398,0.856,0.227033,0.224,0.229,35.573333,34,37.9,3.993867,3.991,3.996,2339,2368,0,0,0,0
2022-09-01T10:00:00Z,29,0.067621,0,0.457,0.229103,0.228,0.232,33.137931,32.6,34,3.992828,3.991,3.996,2369,2397,0,0,0,0
2022-09-01T11:00:00Z,30,0,0,0,0.229867,0.229,0.232,32.41,32.2,32.7,3.992,3.988,3.994,2398,2427,0,0,0,0
2022-09-01T12:00:00Z,30,0,0,0,0.229633,0.229,0.233,32.456667,31.6,32.7,3.991233,3.989,3.994,2428,2457,0,0,0,0
2022-09-01T13:00:00Z,29,0,0,0,0.231793,0.23,0.233,30.682759,30.2,31.5,3.988966,3.986,3.993,2458,2486,0,0,0,0
2022-09-01T14:00:00Z,28,0,0,0,0.232179,0.232,0.233,30.242857,30.1,30.3,3.98825,3.986,3.991,2487,2516,0,0,0,0
2022-09-01T15:00:00Z,29,0,0,0,0.232552,0.231,0.234,30.096552,30,30.1,3.988034,3.986,3.991,2517,2545,0,0,0,0
2022-09-01T16:00:00Z,30,0,0,0,0.2328,0.232,0.234,30.096667,30,30.1,3.986967,3.986,3.989,2546,2575,0,0,0,0
2022-09-01T17:00:00Z,30,0,0,0,0.233167,0.232,0.235,29.876667,29.5,30.1,3.986233,3.984,3.989,2576,2605,0,0,0,0
2022-09-01T18:00:00Z,28,0,0,0,0.233036,0.232,0.235,29.560714,29.4,29.6,3.985429,3.984,3.988,2606,2634,0,0,0,0
2022-09-01T19:00:00Z,30,0,0,0,0.233333,0.233,0.235,29.356667,29.2,29.5,3.984067,3.983,3.986,2635,2664,0,0,0,0
2022-09-01T20:00:00Z,29,0,0,0,0.233517,0.233,0.235,28.893103,28.8,29.2,3.983379,3.983,3.984,2665,2693,0,0,0,0
2022-09-01T21:00:00Z,29,0,0,0,0.233414,0.233,0.236,28.955172,28.7,29.3,3.983241,3.981,3.986,2694,2723,0,0,0,0
2022-09-01T22:00:00Z,30,0,0,0,0.233533,0.233,0.235,29.29,29.2,29.3,3.982667,3.979,3.984,2724,2753,0,0,0,0
2022-09-01T23:00:00Z,29,0.550655,0,1.5,0.232897,0.23,0.236,30.134483,29.3,31.7,3.981034,3.979,3.984,2754,2782,0,0,0,0
2022-09-02T00:00:00Z,29,2.61431,1.366,4.077,0.228862,0.225,0.232,34.324138,32.1,36.8,3.981414,3.979,3.983,2783,2811,0,0,0,0
2022-09-02T01:00:00Z,29,3.862276,1.195,5.01,0.224414,0.221,0.23,39.068966,36.7,42,3.981276,3.979,3.983,2812,2840,0,0,0,0
2022-09-02T02:00:00Z,30,3.295967,1.185,5.179,0.223133,0.216,0.228,40.403333,36.5,43.3,3.980567,3.978,3.983,2841,2870,0,0,0,0
2022-09-02T03:00:00Z,29,4.73131,2.755,5.082,0.221,0.218,0.225,42.568966,37.1,45.2,3.979069,3.978,3.981,2871,2899,0,0,0,0
2022-09-02T04:00:00Z,29,4.265655,1.141,5.343,0.21869,0.215,0.223,45.296552,42,48.6,3.978828,3.978,3.981,2900,2928,0,0,0,0
2022-09-02T05:00:00Z,30,3.454333,1.141,5.32,0.219733,0.216,0.223,44.4,40.7,48.2,3.978433,3.976,3.981,2929,2958,0,0,0,0
2022-09-02T06:00:00Z,29,3.920069,0.954,5.143,0.216828,0.214,0.22,47.644828,43.4,49.5,3.977897,3.976,3.979,2959,2987,0,0,0,0
2022-09-02T07:00:00Z,30,3.125133,1.102,5.098,0.221067,0.218,0.224,43.52,40.6,46.5,3.977167,3.974,3.979,2988,3017,0,0,0,0
2022-09-02T08:00:00Z,29,1.023862,0.428,4.009,0.226034,0.223,0.231,37.141379,34.9,40.2,3.975793,3.974,3.976,3018,3046,0,0,0,0
2022-09-02T09:00:00Z,30,0.460333,0,0.665,0.228933,0.228,0.232,33.686667,32.7,34.7,3.974133,3.974,3.976,3047,3076,0,0,0,0
2022-09-02T10:00:00Z,30,0,0,0,0.230433,0.229,0.233,32.553333,32.4,32.7,3.973667,3.973,3.974,3077,3106,0,0,0,0
2022-09-02T11:00:00Z,29,0,0,0,0.231862,0.23,0.234,31.182759,30.3,32.4,3.973345,3.973,3.974,3107,3135,0,0,0,0
2022-09-02T12:00:00Z,30,0,0,0,0.233633,0.232,0.236,29.22,28.7,30.2,3.971533,3.97,3.973,3136,3165,0,0,0,0
2022-09-02T13:00:00Z,28,0,0,0,0.234321,0.234,0.236,28.596429,28.5,28.7,3.969357,3.968,3.97,3166,3194,0,0,0,0
2022-09-02T14:00:00Z,29,0,0,0,0.234,0.233,0.237,28.7,28.6,28.8,3.968207,3.965,3.971,3195,3223,0,0,0,0
2022-09-02T15:00:00Z,29,0,0,0,0.234207,0.233,0.236,28.703448,28.6,28.8,3.967034,3.965,3.97,3226,3254,0,0,0,0
2022-09-02T16:00:00Z,29,0,0,0,0.234448,0.233,0.237,28.703448,28.7,28.8,3.966379,3.963,3.968,3255,3283,0,0,0,0
2022-09-02T17:00:00Z,30,0,0,0,0.234833,0.234,0.237,28.46,28.1,28.7,3.964133,3.961,3.968,3284,3313,0,0,0,0
2022-09-02T18:00:00Z,29,0,0,0,0.234931,0.234,0.237,27.951724,27.6,28.1,3.962655,3.96,3.966,3314,3342,0,0,0,0
2022-09-02T19:00:00Z,30,0,0,0,0.235867,0.235,0.238,27.453333,27.4,27.6,3.960967,3.96,3.963,3343,3372,0,0,0,0
2022-09-02T20:00:00Z,29,0,0,0,0.236103,0.235,0.238,27.406897,27.3,27.6,3.959414,3.956,3.963,3373,3402,0,0,0,0
2022-09-02T21:00:00Z,28,0,0,0,0.235964,0.235,0.238,27.4,27.4,27.4,3.957357,3.956,3.96,3403,3431,0,0,0,0
2022-09-02T22:00:00Z,30,0,0,0,0.2363,0.236,0.238,27.393333,27.3,27.4,3.955733,3.953,3.958,3432,3461,0,0,0,0
2022-09-02T23:00:00Z,29,0.425034,0,1.034,0.235207,0.233,0.238,28.224138,27.4,29.3,3.954276,3.953,3.958,3462,3490,0,0,0,0
2022-09-03T00:00:00Z,29,1.870172,1.126,2.963,0.231138,0.228,0.233,31.689655,29.5,34,3.953759,3.953,3.955,3491,3519,0,0,0,0
2022-09-03T01:00:00Z,29,3.638172,1.4,4.829,0.226207,0.223,0.228,37.024138,34.2,39,3.95431,3.951,3.956,3520,3548,0,0,0,0
2022-09-03T02:00:00Z,29,4.235655,2.753,4.913,0.223759,0.223,0.228,39.734483,38.4,40.6,3.95369,3.953,3.955,3549,3577,0,0,0,0
2022-09-03T03:00:00Z,30,4.770733,4.337,5.103,0.222933,0.221,0.226,40.6,39.3,43.3,3.952667,3.951,3.955,3578,3607,0,0,0,0
2022-09-03T04:00:00Z,30,4.471167,1.617,5.138,0.2189,0.217,0.222,44.66,43.3,46.3,3.9526,3.951,3.955,3608,3637,0,0,0,0
2022-09-03T05:00:00Z,29,4.16569,1.362,5.002,0.218552,0.216,0.222,45.562069,42.8,47.3,3.951931,3.95,3.953,3638,3666,0,0,0,0
2022-09-03T06:00:00Z,30,3.053767,0.971,5.21,0.2234,0.22,0.227,40.826667,39.7,42.3,3.949633,3.948,3.951,3667,3696,0,0,0,0
2022-09-03T07:00:00Z,30,3.825333,1.194,5.134,0.219633,0.217,0.223,45.033333,42.5,47.9,3.950033,3.948,3.951,3697,3726,0,0,0,0
2022-09-03T08:00:00Z,29,3.340241,0.785,4.792,0.218621,0.217,0.223,45.565517,40.8,47.3,3.949034,3.948,3.951,3727,3755,0,0,0,0
2022-09-03T09:00:00Z,30,0.3216,0,0.785,0.226933,0.223,0.232,36.006667,30.8,40.6,3.945867,3.943,3.948,3756,3785,0,0,0,0
2022-09-03T10:00:00Z,29,0,0,0,0.235724,0.232,0.238,27.572414,26.7,30.2,3.919069,3.89,3.945,3786,3814,0,0,0,0
2022-09-03T11:00:00Z,30,0,0,0,0.2363,0.235,0.238,27.086667,26.6,27.4,3.9118,3.89,3.92,3815,3844,0,0,0,0
2022-09-03T12:00:00Z,30,0,0,0,0.2357,0.235,0.239,27.47,27.4,27.6,3.921433,3.918,3.923,3845,3874,0,0,0,0
2022-09-03T13:00:00Z,29,0,0,0,0.235034,0.234,0.238,28.262069,27.7,28.6,3.922172,3.922,3.923,3875,3903,0,0,0,0
2022-09-03T14:00:00Z,30,0,0,0,0.234533,0.233,0.237,28.676667,28.6,28.7,3.9222,3.922,3.923,3904,3933,0,0,0,0
2022-09-03T15:00:00Z,29,0,0,0,0.233897,0.233,0.236,28.917241,28.7,29.1,3.921931,3.92,3.922,3934,3962,0,0,0,0
2022-09-03T16:00:00Z,30,0,0,0,0.2337,0.233,0.236,29.086667,29,29.1,3.9212,3.92,3.922,3963,3992,0,0,0,0
2022-09-03T17:00:00Z,29,0,0,0,0.233931,0.233,0.237,28.941379,28.9,29,3.919586,3.918,3.922,3993,4021,0,0,0,0
2022-09-03T18:00:00Z,30,0,0,0,0.234067,0.233,0.237,28.89,28.8,29,3.9191,3.917,3.92,4022,4051,0,0,0,0
2022-09-03T19:00:00Z,29,0,0,0,0.233897,0.233,0.235,28.927586,28.8,29.1,3.918241,3.917,3.92,4052,4080,0,0,0,0
2022-09-03T20:00:00Z,30,0,0,0,0.2342,0.233,0.236,28.706667,28.6,28.8,3.917567,3.913,3.92,4081,4110,0,0,0,0
2022-09-03T21:00:00Z,29,0,0,0,0.234552,0.233,0.237,28.606897,28.5,28.7,3.916621,3.913,3.918,4111,4139,0,0,0,0
2022-09-03T22:00:00Z,30,0,0,0,0.234267,0.233,0.237,28.693333,28.6,28.7,3.915167,3.912,3.917,4140,4169,0,0,0,0
2022-09-03T23:00:00Z,30,0.5708,0,2.474,0.2335,0.232,0.236,29.466667,28.7,30.3,3.914667,3.913,3.917,4170,4199,0,0,0,0
2022-09-04T00:00:00Z,29,2.980621,0.483,4.574,0.229345,0.225,0.233,33.565517,30.7,37.4,3.916966,3.915,3.918,4200,4228,0,0,0,0
2022-09-04T01:00:00Z,30,3.657,0.761,5.052,0.2244,0.223,0.228,39,37.5,40.6,3.918067,3.917,3.92,4229,4258,0,0,0,0
2022-09-04T02:00:00Z,29,3.388138,0.698,5.011,0.222483,0.22,0.227,41.513793,39.3,43.8,3.918931,3.917,3.92,4259,4287,0,0,0,0
2022-09-04T03:00:00Z,30,3.024,0.91,5.436,0.224633,0.223,0.228,38.33,36.6,40.6,3.917367,3.915,3.918,4288,4317,0,0,0,0
2022-09-04T04:00:00Z,30,3.503467,1.258,5.272,0.223333,0.22,0.227,40.306667,38.9,43.4,3.916467,3.915,3.918,4318,4347,0,0,0,0
2022-09-04T05:00:00Z,29,4.652931,2.127,5.274,0.220207,0.218,0.224,43.717241,39.7,47,3.916069,3.913,3.918,4348,4376,0,0,0,0
2022-09-04T06:00:00Z,30,4.062567,1.185,5.192,0.219733,0.216,0.224,44.293333,40.5,47.7,3.9168,3.913,3.92,4377,4406,0,0,0,0
2022-09-04T07:00:00Z,30,3.490433,1.023,5.213,0.223733,0.22,0.228,39.883333,36.4,43.3,3.9141,3.912,3.917,4407,4436,0,0,0,0
2022-09-04T08:00:00Z,29,1.998069,1.075,4.693,0.226586,0.222,0.232,37.141379,34.1,41.9,3.913414,3.912,3.917,4437,4465,0,0,0,0
2022-09-04T09:00:00Z,30,0.766,0.529,1.046,0.229133,0.228,0.231,33.516667,33,34,3.910533,3.908,3.913,4466,4495,0,0,0,0
2022-09-04T10:00:00Z,29,0.044103,0,0.488,0.232172,0.229,0.236,30.910345,28.2,33,3.909241,3.907,3.913,4496,4524,0,0,0,0
2022-09-04T11:00:00Z,30,0,0,0,0.2343,0.233,0.237,28.736667,27.9,29.9,3.905033,3.902,3.908,4525,4554,0,0,0,0
2022-09-04T12:00:00Z,28,0,0,0,0.233036,0.232,0.236,30.082143,29.5,30.6,3.903036,3.9,3.905,4555,4583,0,0,0,0
2022-09-04T13:00:00Z,30,0,0,0,0.233933,0.232,0.236,28.773333,28.1,30.1,3.899733,3.897,3.902,4584,4613,0,0,0,0
2022-09-04T14:00:00Z,29,0,0,0,0.23469,0.234,0.237,28.493103,28.1,28.6,3.898448,3.897,3.9,4614,4642,0,0,0,0
2022-09-04T15:00:00Z,29,0,0,0,0.233655,0.233,0.236,28.910345,28.6,29.2,3.897379,3.895,3.9,4643,4671,0,0,0,0
2022-09-04T16:00:00Z,29,0,0,0,0.233897,0.233,0.236,28.837931,28.7,29.2,3.896483,3.894,3.899,4672,4700,0,0,0,0
2022-09-04T17:00:00Z,30,0,0,0,0.2343,0.233,0.238,28.746667,28.6,29,3.8958,3.895,3.897,4701,4730,0,0,0,0
2022-09-04T18:00:00Z,30,0,0,0,0.234667,0.233,0.238,28.353333,27.7,28.9,3.895,3.894,3.897,4731,4760,0,0,0,0
2022-09-04T19:00:00Z,29,0,0,0,0.23569,0.235,0.238,27.644828,27.6,27.7,3.894345,3.894,3.895,4761,4789,0,0,0,0
2022-09-04T20:00:00Z,30,0,0,0,0.2354,0.235,0.238,27.646667,27.5,27.7,3.894,3.892,3.895,4790,4819,0,0,0,0
2022-09-04T21:00:00Z,29,0,0,0,0.235517,0.235,0.237,27.67931,27.6,27.8,3.893379,3.892,3.894,4820,4848,0,0,0,0
2022-09-04T22:00:00Z,30,0,0,0,0.2354,0.235,0.238,27.6,27.4,27.7,3.8926,3.89,3.894,4849,4878,0,0,0,0
2022-09-04T23:00:00Z,30,0.594367,0,1.269,0.234733,0.233,0.237,28.243333,27.4,29.4,3.892133,3.89,3.894,4879,4908,0,0,0,0
2022-09-05T00:00:00Z,29,1.068862,0.833,1.356,0.232759,0.231,0.235,30.110345,29.5,30.7,3.892,3.89,3.894,4909,4937,0,0,0,0
2022-09-05T01:00:00Z,30,2.275667,0.923,4.275,0.230533,0.227,0.233,32.346667,30.7,35.4,3.891867,3.89,3.894,4938,4967,0,0,0,0
2022-09-05T02:00:00Z,30,4.0895,1.971,5.003,0.2249,0.223,0.228,37.84,35.5,39.1,3.893667,3.892,3.894,4968,4997,0,0,0,0
2022-09-05T03:00:00Z,29,3.082897,1.625,5.213,0.226207,0.224,0.23,36.889655,35.6,38.4,3.892966,3.89,3.894,4998,5026,0,0,0,0
2022-09-05T04:00:00Z,30,3.415233,1.272,5.484,0.225067,0.221,0.228,38.003333,36,42.3,3.891667,3.89,3.894,5027,5056,0,0,0,0
2022-09-05T05:00:00Z,30,3.7292,1.39,5.382,0.222,0.219,0.224,41.743333,40.4,44.5,3.892167,3.889,3.894,5057,5086,0,0,0,0
2022-09-05T06:00:00Z,29,4.372379,1.522,5.259,0.219379,0.217,0.224,44.655172,41.2,47.2,3.893034,3.892,3.894,5087,5115,0,0,0,0
2022-09-05T07:00:00Z,29,2.633552,1.044,5.077,0.223448,0.218,0.228,40.624138,38,46,3.890862,3.889,3.894,5116,5145,0,0,0,0
2022-09-05T08:00:00Z,29,2.055379,0.792,4.72,0.224414,0.223,0.228,38.748276,37.1,40.7,3.889138,3.887,3.892,5146,5174,0,0,0,0
2022-09-05T09:00:00Z,30,0.618833,0,1.271,0.228067,0.225,0.231,34.94,32.6,36.9,3.887833,3.885,3.89,5175,5204,0,0,0,0
2022-09-05T10:00:00Z,30,0,0,0,0.231867,0.23,0.234,30.953333,30,32.5,3.884133,3.88,3.887,5205,5234,0,0,0,0
2022-09-05T11:00:00Z,29,0,0,0,0.233517,0.233,0.236,29.241379,29.1,30,3.881069,3.879,3.884,5235,5263,0,0,0,0
2022-09-05T12:00:00Z,30,0,0,0,0.2336,0.233,0.237,29.043333,28.7,29.1,3.880267,3.879,3.882,5264,5293,0,0,0,0
2022-09-05T13:00:00Z,29,0,0,0,0.233793,0.233,0.237,28.989655,28.7,29.3,3.879828,3.879,3.882,5294,5322,0,0,0,0
2022-09-05T14:00:00Z,30,0,0,0,0.2342,0.233,0.237,28.85,28.7,29.3,3.879733,3.879,3.882,5323,5352,0,0,0,0
2022-09-05T15:00:00Z,30,0,0,0,0.2334,0.233,0.235,29.176667,29.1,29.3,3.878967,3.877,3.88,5353,5382,0,0,0,0
2022-09-05T16:00:00Z,29,0,0,0,0.233414,0.233,0.237,28.975862,28.8,29.1,3.87831,3.877,3.879,5383,5411,0,0,0,0
2022-09-05T17:00:00Z,30,0,0,0,0.2342,0.233,0.237,28.83,28.7,29,3.8774,3.875,3.879,5412,5441,0,0,0,0
2022-09-05T18:00:00Z,30,0,0,0,0.2342,0.233,0.236,28.696667,28.6,28.7,3.8768,3.875,3.879,5442,5471,0,0,0,0
2022-09-05T19:00:00Z,29,0,0,0,0.234172,0.233,0.236,28.589655,28.5,28.7,3.875138,3.872,3.879,5472,5500,0,0,0,0
2022-09-05T20:00:00Z,30,0,0,0,0.234667,0.234,0.237,28.5,28.3,28.6,3.874067,3.872,3.875,5501,5530,0,0,0,0
2022-09-05T21:00:00Z,29,0,0,0,0.235103,0.234,0.238,28.1,27.9,28.3,3.873552,3.872,3.875,5531,5559,0,0,0,0
2022-09-05T22:00:00Z,30,0,0,0,0.235167,0.234,0.237,27.98,27.9,28.1,3.873067,3.872,3.874,5560,5589,0,0,0,0
2022-09-05T23:00:00Z,30,0.382,0,0.698,0.2344,0.233,0.237,28.61,28,29.3,3.873433,3.871,3.874,5590,5619,0,0,0,0
2022-09-06T00:00:00Z,29,0.879724,0.661,1.321,0.232931,0.232,0.233,29.906897,29.3,30.5,3.873552,3.872,3.875,5620,5648,0,0,0,0
2022-09-06T01:00:00Z,30,2.501133,1.097,3.539,0.229967,0.227,0.233,32.803333,30.5,35.3,3.874067,3.872,3.877,5649,5678,0,0,0,0
2022-09-06T02:00:00Z,29,2.894828,1.776,3.964,0.228414,0.227,0.232,35.062069,34.6,35.5,3.87569,3.874,3.877,5679,5707,0,0,0,0
2022-09-06T03:00:00Z,30,4.256867,2.509,4.974,0.224767,0.221,0.228,39.14,35.5,43.1,3.876333,3.874,3.879,5708,5737,0,0,0,0
2022-09-06T04:00:00Z,30,3.795233,1.861,4.939,0.222133,0.22,0.225,42,40.6,43.3,3.8775,3.874,3.88,5738,5767,0,0,0,0
2022-09-06T05:00:00Z,29,2.283517,1.23,5.13,0.225828,0.224,0.229,37.306897,35.9,40,3.874897,3.874,3.877,5768,5796,0,0,0,0
2022-09-06T06:00:00Z,28,2.473393,1.102,3.491,0.226571,0.224,0.23,37.042857,36.2,37.9,3.87425,3.872,3.877,5797,5824,0,0,0,0
2022-09-06T07:00:00Z,30,2.230967,0.879,4.326,0.2259,0.224,0.228,37.163333,36.1,37.8,3.873467,3.872,3.875,5825,5854,0,0,0,0
2022-09-06T08:00:00Z,29,1.132931,0.474,3.611,0.228448,0.227,0.231,34.368966,32,35.7,3.872276,3.871,3.874,5855,5883,0,0,0,0
2022-09-06T09:00:00Z,30,0.7034,0,1.267,0.231833,0.23,0.234,30.86,29.9,31.6,3.8708,3.869,3.871,5884,5913,0,0,0,0
2022-09-06T10:00:00Z,30,0,0,0,0.233767,0.233,0.236,29.023333,28.1,29.7,3.869933,3.869,3.871,5914,5943,0,0,0,0
2022-09-06T11:00:00Z,29,0,0,0,0.236276,0.234,0.238,27.082759,26.2,28.1,3.800586,3.636,3.871,5944,5972,0,0,0,0
2022-09-06T12:00:00Z,30,0,0,0,0.238033,0.237,0.239,26.126667,26.1,26.2,3.849967,3.842,3.854,5973,6002,0,0,0,0
2022-09-06T13:00:00Z,30,0,0,0,0.2385,0.238,0.24,26.093333,26,26.1,3.845767,3.842,3.851,6003,6032,0,0,0,0
2022-09-06T14:00:00Z,29,0,0,0,0.23831,0.238,0.24,26.196552,26.1,26.4,3.842241,3.841,3.846,6033,6061,0,0,0,0
2022-09-06T15:00:00Z,29,0,0,0,0.238345,0.238,0.24,26.644828,26.3,26.9,3.838862,3.836,3.841,6062,6090,0,0,0,0
2022-09-06T16:00:00Z,29,0,0,0,0.238138,0.238,0.24,26.886207,26.8,26.9,3.835828,3.834,3.839,6091,6119,0,0,0,0
2022-09-06T17:00:00Z,29,0,0,0,0.238448,0.238,0.242,26.762069,26.7,26.8,3.829,3.826,3.836,6120,6148,0,0,0,0
2022-09-06T18:00:00Z,29,0,0,0,0.238345,0.238,0.24,26.696552,26.6,26.8,3.82631,3.824,3.829,6149,6177,0,0,0,0
2022-09-06T19:00:00Z,30,0,0,0,0.238067,0.237,0.239,27.166667,26.8,27.3,3.823433,3.821,3.826,6178,6207,0,0,0,0
2022-09-06T20:00:00Z,25,0,0,0,0.238,0.236,0.239,27.32,27.2,27.5,3.82224,3.819,3.824,6208,6236,0,0,0,0
2022-09-06T21:00:00Z,29,0,0,0,0.237655,0.237,0.24,27.375862,27.3,27.4,3.818517,3.818,3.821,6237,6265,0,0,0,0
2022-09-06T22:00:00Z,30,0,0,0,0.237233,0.236,0.238,27.4,27.4,27.4,3.8164,3.814,3.818,6266,6295,0,0,0,0
2022-09-06T23:00:00Z,29,0.116724,0,0.365,0.236862,0.236,0.239,27.482759,27.4,27.8,3.812793,3.808,3.816,6296,6324,0,0,0,0
2022-09-07T00:00:00Z,29,0.444241,0.37,0.708,0.236276,0.235,0.238,27.927586,27.6,28.1,3.811,3.808,3.813,6325,6353,0,0,0,0
2022-09-07T01:00:00Z,28,1.184536,0.734,1.666,0.235036,0.233,0.238,28.607143,27.7,29.4,3.806893,3.803,3.809,6355,6382,0,0,0,0
2022-09-07T02:00:00Z,30,1.6302,0.67,2.804,0.233067,0.231,0.235,30.173333,29.1,31.5,3.807967,3.801,3.811,6383,6412,0,0,0,0
2022-09-07T03:00:00Z,30,2.175967,0.902,3.593,0.2312,0.229,0.234,32.163333,31.4,33.6,3.803467,3.798,3.808,6413,6442,0,0,0,0
2022-09-07T04:00:00Z,29,2.630034,1.248,4.118,0.23069,0.23,0.233,32.224138,31.7,32.7,3.801483,3.8,3.805,6443,6471,0,0,0,0
2022-09-07T05:00:00Z,30,0.576733,0,1.303,0.234633,0.231,0.238,28.876667,27.5,31.6,3.8023,3.8,3.805,6472,6501,0,0,0,0
2022-09-07T06:00:00Z,30,1.6239,0,3.701,0.235367,0.233,0.238,28.113333,27.4,30.1,3.8,3.798,3.801,6502,6531,0,0,0,0
2022-09-07T07:00:00Z,29,1.466207,0.629,4.38,0.233207,0.232,0.236,29.610345,28.9,30.4,3.801103,3.798,3.803,6532,6560,0,0,0,0
2022-09-07T08:00:00Z,30,0.895667,0.378,1.987,0.2337,0.233,0.237,29.373333,28.9,30.1,3.8003,3.796,3.803,6561,6590,0,0,0,0
2022-09-07T09:00:00Z,30,0.940467,0.654,1.215,0.233167,0.233,0.235,29.9,29.3,30.1,3.801267,3.8,3.805,6591,6620,0,0,0,0
2022-09-07T10:00:00Z,29,0.184862,0,0.718,0.233724,0.233,0.236,29.262069,28.6,30.1,3.800759,3.798,3.803,6621,6649,0,0,0,0
2022-09-07T11:00:00Z,29,0,0,0,0.235207,0.234,0.238,28.227586,27.8,28.6,3.800103,3.798,3.803,6650,6678,0,0,0,0
2022-09-07T12:00:00Z,28,0,0,0,0.236036,0.235,0.238,27.714286,27.7,27.8,3.797821,3.795,3.801,6679,6707,0,0,0,0
2022-09-07T13:00:00Z,29,0,0,0,0.235897,0.235,0.238,27.67931,27.6,27.7,3.796897,3.796,3.798,6708,6736,0,0,0,0
2022-09-07T14:00:00Z,29,0,0,0,0.23569,0.235,0.237,27.610345,27.5,27.7,3.796069,3.793,3.798,6737,6765,0,0,0,0
2022-09-07T15:00:00Z,29,0,0,0,0.235379,0.234,0.237,28.068966,27.7,28.4,3.796241,3.795,3.798,6767,6795,0,0,0,0
2022-09-07T16:00:00Z,28,0,0,0,0.235321,0.234,0.238,28.064286,27.7,28.3,3.794,3.79,3.796,6796,6824,0,0,0,0
2022-09-07T17:00:00Z,28,0,0,0,0.235964,0.235,0.238,27.482143,27.4,27.7,3.793821,3.791,3.796,6825,6853,0,0,0,0
2022-09-07T18:00:00Z,30,0,0,0,0.236233,0.235,0.238,27.456667,27.3,27.7,3.7934,3.791,3.796,6854,6883,0,0,0,0
2022-09-07T19:00:00Z,29,0,0,0,0.23569,0.235,0.238,27.627586,27.6,27.7,3.791241,3.79,3.793,6884,6912,0,0,0,0
2022-09-07T20:00:00Z,30,0,0,0,0.236,0.234,0.238,27.433333,27.4,27.6,3.7904,3.788,3.793,6913,6942,0,0,0,0
2022-09-07T21:00:00Z,29,0,0,0,0.236103,0.235,0.238,27.575862,27.4,27.7,3.790103,3.788,3.793,6943,6971,0,0,0,0
2022-09-07T22:00:00Z,30,0,0,0,0.236133,0.235,0.238,27.483333,27.3,27.7,3.790633,3.79,3.791,6972,7001,0,0,0,0
2022-09-07T23:00:00Z,28,0.289179,0,0.656,0.237857,0.237,0.239,26.378571,26.1,27.3,3.790214,3.79,3.791,7002,7029,0,0,0,0
2022-09-08T00:00:00Z,18,1.145278,0.733,1.289,0.2365,0.235,0.238,27.222222,26.5,27.4,3.788167,3.785,3.79,7031,7054,0,0,0,0
2022-09-08T01:00:00Z,29,2.337966,1.681,4.741,0.232655,0.231,0.235,30.103448,28.1,31.3,3.784724,3.78,3.788,7059,7087,0,0,0,0
2022-09-08T02:00:00Z,21,2.790524,2.03,4.979,0.230762,0.228,0.233,31.838095,31.3,34,3.784619,3.781,3.788,7088,7116,0,0,0,0
2022-09-08T03:00:00Z,29,4.08669,1.802,5.402,0.224586,0.221,0.228,38.606897,34.8,41.2,3.787034,3.785,3.79,7117,7145,0,0,0,0
2022-09-08T04:00:00Z,30,4.0735,2.237,5.174,0.224767,0.223,0.227,38.156667,36.7,39.4,3.787467,3.783,3.79,7146,7175,0,0,0,0
2022-09-08T05:00:00Z,29,3.69169,2.314,5.298,0.225034,0.222,0.228,38.103448,35.7,41.8,3.786828,3.78,3.791,7176,7204,0,0,0,0
2022-09-08T06:00:00Z,20,3.7423,0.746,5.256,0.2218,0.22,0.227,41.66,37.6,43.3,3.78915,3.786,3.791,7205,7226,0,0,0,0
2022-09-08T07:00:00Z,3,0.905,0.879,0.918,0.229,0.229,0.229,32.7,32.7,32.7,3.787333,3.786,3.788,7251,7253,0,0,0,0
2022-09-08T10:00:00Z,4,0,0,0,0.23225,0.232,0.233,30.9,30.7,31.1,3.7875,3.786,3.788,7337,7340,0,0,0,0
2022-09-08T11:00:00Z,27,0,0,0,0.233037,0.232,0.235,30.088889,30,30.3,3.788222,3.786,3.79,7349,7376,0,0,0,0
2022-09-08T12:00:00Z,27,0,0,0,0.233111,0.232,0.237,30.055556,30,30.1,3.787111,3.786,3.79,7377,7405,0,0,0,0
2022-09-08T13:00:00Z,29,0,0,0,0.232759,0.232,0.235,30.082759,30,30.2,3.787931,3.786,3.79,7406,7434,0,0,0,0
2022-09-08T14:00:00Z,1,0,0,0,0.233,0.233,0.233,29.9,29.9,29.9,3.786,3.786,3.786,7445,7445,0,0,0,0
2022-09-08T15:00:00Z,3,0,0,0,0.233667,0.233,0.235,29.8,29.7,29.9,3.786667,3.786,3.788,7489,7491,0,0,0,0
2022-09-08T16:00:00Z,26,0,0,0,0.233808,0.233,0.236,29.011538,28.7,29.6,3.785,3.783,3.786,7492,7519,0,0,0,0
2022-09-08T17:00:00Z,17,0,0,0,0.234706,0.233,0.237,28.623529,28.6,28.8,3.782765,3.781,3.785,7521,7549,0,0,0,0
2022-09-08T18:00:00Z,29,0,0,0,0.23469,0.234,0.237,28.462069,28.1,28.6,3.782517,3.781,3.785,7550,7578,0,0,0,0
2022-09-08T19:00:00Z,29,0,0,0,0.235345,0.234,0.238,27.827586,27.7,28.1,3.782724,3.781,3.785,7579,7607,0,0,0,0
2022-09-08T20:00:00Z,19,0,0,0,0.235263,0.234,0.237,27.705263,27.7,27.8,3.780579,3.778,3.783,7608,7626,0,0,0,0
2022-09-08T22:00:00Z,13,0,0,0,0.235385,0.235,0.237,27.476923,27.4,27.5,3.777846,3.775,3.781,7682,7694,0,0,0,0
2022-09-08T23:00:00Z,21,0.638286,0,1.587,0.234286,0.232,0.237,28.809524,27.4,30.3,3.777857,3.776,3.781,7695,7716,0,0,0,0
2022-09-09T00:00:00Z,8,4.000125,1.641,4.511,0.226625,0.226,0.228,37.025,36.7,37.4,3.780625,3.78,3.781,7744,7751,0,0,0,0
2022-09-09T01:00:00Z,28,3.883714,1.312,5.118,0.224786,0.223,0.228,38.85,37.1,40.5,3.775821,3.768,3.783,7752,7780,0,0,0,0
2022-09-09T02:00:00Z,13,3.337615,1.513,5.22,0.224154,0.223,0.227,39.676923,38.5,40.6,3.763846,3.762,3.767,7781,7794,0,0,0,0
2022-09-09T03:00:00Z,13,2.727385,1.392,4.698,0.227846,0.227,0.229,35.269231,34.4,35.7,3.760846,3.758,3.763,7826,7838,0,0,0,0
2022-09-09T04:00:00Z,29,2.698724,1.415,5.481,0.227207,0.223,0.23,36.524138,35.4,38.6,3.761724,3.758,3.763,7839,7867,0,0,0,0
2022-09-09T05:00:00Z,3,1.793667,1.563,2.232,0.227667,0.227,0.228,35.266667,35.2,35.3,3.761667,3.76,3.763,7870,7872,0,0,0,0
2022-09-09T06:00:00Z,17,2.112294,0.918,4.77,0.226,0.224,0.228,37.582353,36.6,38.4,3.758,3.757,3.76,7909,7925,0,0,0,0
2022-09-09T07:00:00Z,29,2.179207,0.634,5.041,0.224069,0.221,0.228,39.675862,36.7,42.3,3.76269,3.757,3.772,7926,7954,0,0,0,0
2022-09-09T08:00:00Z,29,1.154828,0.365,3.75,0.228241,0.225,0.232,35.075862,34,38,3.77131,3.767,3.775,7955,7983,0,0,0,0
2022-09-09T09:00:00Z,28,0.485321,0,2.207,0.227893,0.225,0.232,35.371429,33.2,38.2,3.77175,3.767,3.776,7984,8012,0,0,0,0
2022-09-09T10:00:00Z,29,0,0,0,0.23,0.229,0.233,32.517241,32.2,33.1,3.766862,3.765,3.772,8013,8041,0,0,0,0
2022-09-09T11:00:00Z,2,0,0,0,0.23,0.23,0.23,32.1,32.1,32.1,3.765,3.765,3.765,8042,8043,0,0,0,0
2022-09-09T13:00:00Z,17,0,0,0,0.232647,0.232,0.234,30.429412,30.3,30.6,3.763471,3.763,3.765,8111,8127,0,0,0,0
2022-09-09T14:00:00Z,23,0,0,0,0.232522,0.232,0.234,30.204348,30.1,30.3,3.764478,3.763,3.767,8128,8152,0,0,0,0
2022-09-09T15:00:00Z,3,0,0,0,0.232667,0.232,0.233,30.1,30.1,30.1,3.765667,3.765,3.767,8165,8167,0,0,0,0
2022-09-09T16:00:00Z,16,0,0,0,0.233375,0.233,0.235,29.84375,29.7,30,3.759812,3.757,3.763,8190,8205,0,0,0,0
2022-09-09T17:00:00Z,7,0,0,0,0.234429,0.234,0.236,28.7,28.5,28.9,3.759143,3.758,3.762,8236,8242,0,0,0,0
2022-09-09T18:00:00Z,26,0,0,0,0.235115,0.234,0.238,27.976923,27.7,28.4,3.757615,3.755,3.76,8243,8271,0,0,0,0
2022-09-09T19:00:00Z,29,0,0,0,0.235414,0.235,0.238,27.710345,27.7,27.8,3.756931,3.755,3.758,8272,8300,0,0,0,0
2022-09-09T20:00:00Z,29,0,0,0,0.235276,0.235,0.238,27.7,27.6,27.8,3.762276,3.758,3.763,8301,8330,0,0,0,0
2022-09-09T21:00:00Z,29,0,0,0,0.234379,0.233,0.237,28.048276,27.7,28.1,3.762483,3.762,3.763,8331,8359,0,0,0,0
2022-09-09T22:00:00Z,3,0,0,0,0.234,0.234,0.234,28.1,28.1,28.1,3.762667,3.762,3.763,8360,8362,0,0,0,0
2022-09-09T23:00:00Z,6,1.037167,0.734,1.886,0.233167,0.232,0.235,29.716667,29.1,30.3,3.763333,3.763,3.765,8409,8416,0,0,0,0
2022-09-10T00:00:00Z,28,2.848,0.918,4.144,0.228929,0.226,0.233,33.646429,30.5,36.7,3.765357,3.763,3.767,8417,8445,0,0,0,0
2022-09-10T01:00:00Z,28,4.220107,1.938,4.744,0.22425,0.222,0.228,39.017857,36.7,42,3.767071,3.765,3.768,8446,8474,0,0,0,0
2022-09-10T02:00:00Z,12,2.384,1.023,4.879,0.224917,0.223,0.228,38.875,36.6,40.5,3.767583,3.767,3.768,8475,8487,0,0,0,0
2022-09-10T05:00:00Z,4,4.65575,4.259,4.861,0.21725,0.217,0.218,47.2,47.2,47.2,3.77475,3.772,3.776,8577,8580,0,0,0,0
2022-09-10T06:00:00Z,6,4.694167,4.675,4.72,0.217,0.216,0.218,47.783333,47.3,48.2,3.776667,3.775,3.778,8612,8617,0,0,0,0
2022-09-10T07:00:00Z,17,4.634176,4.487,4.772,0.217588,0.216,0.219,47.482353,46.2,48.6,3.778,3.775,3.781,8618,8646,0,0,0,0
2022-09-10T08:00:00Z,29,1.601828,0.603,4.811,0.224483,0.218,0.229,38.934483,34,46,3.776793,3.773,3.78,8647,8675,0,0,0,0
2022-09-10T09:00:00Z,7,0.580571,0.521,0.654,0.229,0.228,0.23,33.614286,33,34,3.776143,3.775,3.778,8676,8682,0,0,0,0
2022-09-10T10:00:00Z,4,0,0,0,0.23125,0.23,0.233,32.025,31.9,32.1,3.774,3.773,3.775,8730,8733,0,0,0,0
2022-09-10T11:00:00Z,16,0,0,0,0.231063,0.23,0.235,31.53125,31.4,31.8,3.772125,3.768,3.773,8734,8751,0,0,0,0
2022-09-10T12:00:00Z,12,0,0,0,0.2325,0.232,0.234,30.4,30.2,30.6,3.77,3.768,3.772,8778,8790,0,0,0,0
2022-09-10T13:00:00Z,27,0,0,0,0.232704,0.232,0.235,30.125926,30.1,30.3,3.768926,3.767,3.772,8791,8819,0,0,0,0
2022-09-10T14:00:00Z,27,0,0,0,0.232926,0.232,0.236,30.140741,30.1,30.2,3.767481,3.765,3.772,8820,8848,0,0,0,0
2022-09-10T15:00:00Z,7,0,0,0,0.233,0.232,0.234,30.157143,30.1,30.3,3.766714,3.765,3.767,8849,8868,0,0,0,0
2022-09-10T18:00:00Z,18,0,0,0,0.236278,0.235,0.238,27.411111,27.3,27.7,3.764722,3.763,3.77,8939,8961,0,0,0,0
2022-09-10T22:00:00Z,28,0,0,0,0.235964,0.235,0.238,27.175,26.9,27.3,3.716393,3.712,3.72,9050,9078,0,0,0,0
2022-09-10T23:00:00Z,29,0.676414,0,2.527,0.234448,0.232,0.237,28.186207,27.3,30,3.719138,3.714,3.727,9079,9107,0,0,0,0
2022-09-11T00:00:00Z,10,2.829,1.804,3.193,0.2305,0.228,0.234,31.4,30.2,33.2,3.7259,3.72,3.73,9108,9117,0,0,0,0
2022-09-11T01:00:00Z,18,4.681,4.492,4.831,0.223389,0.222,0.226,39.455556,38.1,41,3.712167,3.709,3.72,9140,9157,0,0,0,0
2022-09-11T03:00:00Z,10,3.7457,1.338,5.279,0.2221,0.22,0.224,41.46,40.7,43.2,3.7103,3.709,3.712,9209,9222,0,0,0,0
2022-09-11T04:00:00Z,5,4.9096,4.252,5.298,0.2218,0.221,0.223,42.04,41.8,42.4,3.71,3.709,3.712,9223,9227,0,0,0,0
2022-09-11T13:00:00Z,1,0,0,0,0.235,0.235,0.235,27.3,27.3,27.3,3.743,3.743,3.743,9506,9506,0,0,0,0
2022-09-11T14:00:00Z,29,0,0,0,0.236345,0.235,0.238,27.255172,27.2,27.4,3.751069,3.745,3.758,9508,9536,0,0,0,0
2022-09-11T15:00:00Z,29,0,0,0,0.235379,0.234,0.237,27.455172,27.3,27.7,3.754034,3.748,3.757,9537,9566,0,0,0,0
2022-09-11T16:00:00Z,7,0,0,0,0.235286,0.235,0.236,27.628571,27.5,27.7,3.749143,3.747,3.753,9567,9594,0,0,0,0
2022-09-11T17:00:00Z,27,0,0,0,0.235741,0.235,0.237,27.318519,27.3,27.4,3.746926,3.742,3.752,9595,9623,0,0,0,0
2022-09-11T18:00:00Z,1,0,0,0,0.235,0.235,0.235,27.3,27.3,27.3,3.75,3.75,3.75,9624,9624,0,0,0,0
2022-09-12T06:00:00Z,25,2.70436,1.469,5.12,0.22808,0.223,0.232,35.012,31.9,39.4,3.71588,3.712,3.72,9970,9995,0,0,0,0
2022-09-12T07:00:00Z,3,2.614,2.283,2.911,0.226667,0.226,0.228,36.1,35.9,36.4,3.714667,3.714,3.715,9996,9998,0,0,0,0
2022-09-12T11:00:00Z,15,0,0,0,0.235333,0.235,0.237,27.406667,27.3,27.5,3.707067,3.704,3.709,10119,10133,0,0,0,0
2022-09-12T13:00:00Z,11,0,0,0,0.235,0.235,0.235,27.445455,27.4,27.6,3.701636,3.697,3.706,10185,10196,0,0,0,0
2022-09-12T14:00:00Z,28,0,0,0,0.235464,0.235,0.237,27.414286,27.4,27.5,3.70175,3.696,3.706,10197,10225,0,0,0,0
2022-09-12T15:00:00Z,23,0,0,0,0.235304,0.235,0.237,27.4,27.4,27.4,3.699609,3.694,3.706,10226,10254,0,0,0,0
2022-09-12T16:00:00Z,14,0,0,0,0.235214,0.235,0.236,27.392857,27.3,27.4,3.695286,3.687,3.704,10255,10283,0,0,0,0
2022-09-12T17:00:00Z,29,0,0,0,0.235517,0.235,0.238,27.389655,27.3,27.4,3.687483,3.682,3.697,10284,10312,0,0,0,0
2022-09-12T18:00:00Z,28,0,0,0,0.235107,0.234,0.236,27.55,27.4,28,3.682893,3.679,3.694,10313,10341,0,0,0,0
2022-09-12T19:00:00Z,24,0,0,0,0.234375,0.234,0.236,27.945833,27.6,28.5,3.677792,3.674,3.682,10342,10370,0,0,0,0
2022-09-12T20:00:00Z,29,0,0,0,0.235241,0.234,0.238,27.510345,27.4,27.7,3.676724,3.674,3.679,10371,10399,0,0,0,0
2022-09-12T21:00:00Z,29,0,0,0,0.235483,0.235,0.238,27.393103,27.3,27.4,3.675552,3.669,3.681,10400,10428,0,0,0,0
2022-09-12T22:00:00Z,2,0,0,0,0.2355,0.235,0.236,27.4,27.4,27.4,3.673,3.673,3.673,10429,10430,0,0,0,0
2022-09-13T06:00:00Z,11,4.911909,4.802,5.034,0.217182,0.216,0.218,46.636364,46.2,47.3,3.628818,3.623,3.635,10676,10686,0,0,0,0
2022-09-13T07:00:00Z,19,4.574421,0.775,5.015,0.217211,0.216,0.218,46.936842,45,47.3,3.630579,3.628,3.633,10687,10709,0,0,0,0
2022-09-13T17:00:00Z,3,0,0,0,0.233,0.233,0.233,29.066667,29,29.2,3.628667,3.628,3.63,10974,10977,0,0,0,0
2022-09-13T18:00:00Z,17,0,0,0,0.233176,0.233,0.234,28.758824,28.7,28.9,3.623353,3.621,3.626,11010,11028,0,0,0,0
2022-09-13T19:00:00Z,1,0,0,0,0.234,0.234,0.234,28.9,28.9,28.9,3.62,3.62,3.62,11030,11030,0,0,0,0
2022-09-14T00:00:00Z,11,4.051273,0.892,4.757,0.227091,0.225,0.229,34.918182,33.3,36.4,3.606545,3.605,3.608,11188,11200,0,0,0,0
2022-09-14T06:00:00Z,1,2.164,2.164,2.164,0.233,0.233,0.233,28.7,28.7,28.7,3.592,3.592,3.592,11363,11363,0,0,0,0
2022-09-14T09:00:00Z,24,0.945375,0,4.342,0.227167,0.221,0.233,34.925,28.6,42,3.58325,3.577,3.588,11431,11457,0,0,0,0
2022-09-14T10:00:00Z,29,0.052034,0,0.419,0.234207,0.233,0.236,28.334483,28,28.7,3.578931,3.575,3.583,11458,11486,0,0,0,0
2022-09-14T11:00:00Z,29,0,0,0,0.23469,0.234,0.236,28.006897,27.6,28.6,3.580379,3.578,3.585,11487,11515,0,0,0,0
2022-09-14T12:00:00Z,27,0,0,0,0.234778,0.234,0.236,27.640741,27.4,28.1,3.583074,3.58,3.587,11517,11544,0,0,0,0
2022-09-14T13:00:00Z,20,0,0,0,0.23425,0.233,0.236,28.3,28.1,28.6,3.5836,3.582,3.587,11545,11565,0,0,0,0
2022-09-14T15:00:00Z,19,0,0,0,0.234474,0.234,0.236,28.431579,28.2,28.6,3.580474,3.578,3.583,11611,11630,0,0,0,0
2022-09-15T08:00:00Z,14,1.283214,1.226,1.407,0.228214,0.227,0.231,34.271429,34,34.9,3.5105,3.504,3.519,12099,12116,0,0,0,0
2022-09-15T09:00:00Z,5,1.424,1.241,1.554,0.2286,0.228,0.231,33.98,33.9,34,3.5076,3.504,3.512,12117,12121,0,0,0,0
2022-09-15T13:00:00Z,27,0,0,0,0.232963,0.232,0.234,29.933333,29.8,30.1,3.49637,3.493,3.501,12232,12259,0,0,0,0
2022-09-15T14:00:00Z,16,0,0,0,0.232875,0.232,0.234,29.875,29.6,30.1,3.49175,3.484,3.496,12261,12282,0,0,0,0
2022-09-15T15:00:00Z,1,0,0,0,0.235,0.235,0.235,29.4,29.4,29.4,3.494,3.494,3.494,12311,12311,0,0,0,0
2022-09-15T16:00:00Z,24,0,0,0,0.233042,0.233,0.234,29.5875,29.4,30,3.4915,3.488,3.494,12322,12345,0,0,0,0
2022-09-15T17:00:00Z,29,0,0,0,0.23331,0.233,0.237,29.389655,29.3,29.5,3.487966,3.481,3.493,12346,12374,0,0,0,0
2022-09-15T18:00:00Z,30,0,0,0,0.233133,0.233,0.234,29.13,29,29.3,3.485867,3.481,3.494,12375,12404,0,0,0,0
2022-09-15T19:00:00Z,29,0,0,0,0.233552,0.233,0.236,28.865517,28.7,29,3.486345,3.481,3.493,12405,12433,0,0,0,0
2022-09-15T20:00:00Z,29,0,0,0,0.233586,0.233,0.236,28.617241,28.6,28.7,3.484724,3.479,3.491,12434,12462,0,0,0,0
2022-09-15T21:00:00Z,28,0,0,0,0.234393,0.233,0.237,28.525,28.4,28.6,3.484857,3.481,3.489,12463,12491,0,0,0,0
2022-09-15T22:00:00Z,29,0,0,0,0.234172,0.233,0.236,28.344828,28.2,28.5,3.484276,3.479,3.489,12492,12520,0,0,0,0
2022-09-15T23:00:00Z,30,0.323267,0,0.761,0.233667,0.233,0.236,28.926667,28.4,29.7,3.4856,3.479,3.493,12521,12550,0,0,0,0
2022-09-16T00:00:00Z,29,1.324103,0.711,3.066,0.231862,0.23,0.233,30.810345,29.8,32.1,3.487345,3.478,3.493,12551,12579,0,0,0,0
2022-09-16T01:00:00Z,29,2.126517,0.838,5.036,0.228862,0.224,0.233,33.575862,32.1,36.7,3.484621,3.475,3.493,12580,12608,0,0,0,0
2022-09-16T02:00:00Z,29,3.732345,0.928,5.18,0.225241,0.223,0.229,37.293103,36.7,38,3.489103,3.481,3.496,12609,12637,0,0,0,0
2022-09-16T03:00:00Z,30,3.7981,1.95,5.075,0.224033,0.222,0.227,38.383333,37.3,40.4,3.4864,3.475,3.494,12638,12667,0,0,0,0
2022-09-16T04:00:00Z,29,3.710448,1.166,5.346,0.223103,0.221,0.228,40.286207,38.4,42.4,3.488586,3.483,3.494,12668,12696,0,0,0,0
2022-09-16T05:00:00Z,29,2.760931,0.524,5.279,0.222207,0.218,0.231,40.589655,33,44.9,3.487931,3.483,3.494,12697,12725,0,0,0,0
2022-09-16T06:00:00Z,29,2.240793,0.369,5.341,0.228517,0.224,0.233,33.662069,30.2,37.1,3.486345,3.481,3.491,12726,12754,0,0,0,0
2022-09-16T07:00:00Z,30,1.130067,0.392,5.323,0.229433,0.225,0.233,33.226667,30.2,37,3.4826,3.47,3.488,12755,12784,0,0,0,0
2022-09-16T08:00:00Z,29,0.416393,0,0.577,0.232207,0.231,0.234,30.117241,30.1,30.2,3.478552,3.47,3.484,12785,12813,0,0,0,0
2022-09-16T09:00:00Z,29,0,0,0,0.232414,0.232,0.234,30.1,30.1,30.1,3.477241,3.471,3.483,12814,12842,0,0,0,0
2022-09-16T10:00:00Z,29,0,0,0,0.233138,0.232,0.235,29.32069,27.4,30.1,3.475517,3.466,3.481,12843,12871,0,0,0,0
2022-09-16T11:00:00Z,29,0,0,0,0.235379,0.235,0.236,27.362069,27.3,27.4,3.473138,3.463,3.478,12872,12900,0,0,0,0
2022-09-16T12:00:00Z,29,0,0,0,0.235241,0.235,0.238,27.410345,27.3,27.5,3.472276,3.47,3.475,12901,12929,0,0,0,0
2022-09-16T13:00:00Z,28,0,0,0,0.234893,0.234,0.237,27.817857,27.5,28.1,3.471179,3.47,3.473,12930,12958,0,0,0,0
2022-09-16T14:00:00Z,30,0,0,0,0.234667,0.234,0.237,28.1,28.1,28.1,3.4699,3.466,3.473,12959,12988,0,0,0,0
2022-09-16T15:00:00Z,29,0,0,0,0.234586,0.233,0.237,28.275862,28.1,28.5,3.467517,3.463,3.471,12989,13017,0,0,0,0
2022-09-16T16:00:00Z,28,0,0,0,0.234357,0.233,0.238,28.525,28.3,28.7,3.466071,3.461,3.47,13018,13046,0,0,0,0
2022-09-16T17:00:00Z,29,0,0,0,0.234207,0.234,0.236,28.406897,28.2,28.6,3.465034,3.46,3.468,13047,13075,0,0,0,0
2022-09-16T18:00:00Z,30,0,0,0,0.234667,0.233,0.237,28.216667,28.1,28.4,3.4636,3.46,3.468,13076,13105,0,0,0,0
2022-09-16T19:00:00Z,29,0,0,0,0.234759,0.234,0.237,27.958621,27.7,28.1,3.462,3.458,3.468,13106,13134,0,0,0,0
2022-09-16T20:00:00Z,29,0,0,0,0.235448,0.235,0.238,27.696552,27.5,27.9,3.45269,3.446,3.463,13135,13163,0,0,0,0
2022-09-16T21:00:00Z,29,0,0,0,0.235552,0.235,0.238,27.593103,27.4,27.7,3.449345,3.446,3.461,13164,13192,0,0,0,0
2022-09-16T22:00:00Z,29,0,0,0,0.23531,0.234,0.237,27.706897,27.6,27.8,3.454207,3.446,3.46,13193,13221,0,0,0,0
2022-09-16T23:00:00Z,29,0.444862,0,1.353,0.234138,0.233,0.236,28.531034,27.8,29.6,3.446931,3.446,3.451,13222,13250,0,0,0,0
2022-09-17T00:00:00Z,28,2.6505,0.866,4.78,0.230214,0.226,0.234,32.210714,29.7,35.9,3.448786,3.446,3.455,13251,13279,0,0,0,0
2022-09-17T01:00:00Z,30,3.727133,0.839,5.09,0.225167,0.223,0.228,37.16,35.5,39.9,3.450867,3.446,3.456,13280,13309,0,0,0,0
2022-09-17T02:00:00Z,29,3.911862,1.236,5.185,0.222862,0.221,0.226,40.751724,39.8,42,3.452345,3.45,3.456,13310,13338,0,0,0,0
2022-09-17T03:00:00Z,29,3.322966,0.764,5.271,0.221379,0.218,0.223,41.455172,39.9,43.4,3.451793,3.45,3.456,13339,13367,0,0,0,0
2022-09-17T04:00:00Z,29,3.630862,1.487,5.282,0.219897,0.218,0.222,43.213793,41.3,44.9,3.452862,3.45,3.456,13368,13396,0,0,0,0
2022-09-17T05:00:00Z,29,4.209138,0.6,5.321,0.219759,0.218,0.223,43.603448,41.7,44.7,3.451483,3.448,3.455,13397,13425,0,0,0,0
2022-09-17T06:00:00Z,30,4.238267,1.39,5.267,0.2177,0.215,0.221,45.873333,43.3,47.3,3.451267,3.448,3.455,13426,13455,0,0,0,0
2022-09-17T07:00:00Z,29,2.809345,0.759,4.8,0.221621,0.218,0.226,41.265517,38.1,45.9,3.455862,3.45,3.463,13456,13484,0,0,0,0
2022-09-17T08:00:00Z,29,2.188655,0.756,3.727,0.224828,0.222,0.228,38.231034,35.3,41.1,3.457276,3.451,3.465,13485,13513,0,0,0,0
2022-09-17T09:00:00Z,29,0.982966,0,3.007,0.227517,0.224,0.232,34.724138,31.6,38,3.458621,3.456,3.463,13514,13542,0,0,0,0
2022-09-17T10:00:00Z,30,0,0,0,0.231167,0.23,0.234,31.183333,30.6,31.6,3.4549,3.451,3.461,13543,13572,0,0,0,0
2022-09-17T11:00:00Z,29,0,0,0,0.232138,0.231,0.236,30.768966,30.6,31,3.452483,3.448,3.456,13573,13601,0,0,0,0
2022-09-17T12:00:00Z,29,0,0,0,0.231931,0.231,0.233,30.606897,30.3,30.9,3.454828,3.45,3.46,13602,13630,0,0,0,0
2022-09-17T13:00:00Z,29,0,0,0,0.231966,0.231,0.234,30.568966,30.2,31.1,3.451655,3.448,3.458,13631,13659,0,0,0,0
2022-09-17T14:00:00Z,29,0,0,0,0.231862,0.23,0.233,30.768966,30.6,31.1,3.449586,3.448,3.455,13660,13688,0,0,0,0
2022-09-17T15:00:00Z,30,0,0,0,0.232133,0.23,0.235,30.4,30,30.9,3.448133,3.446,3.451,13689,13718,0,0,0,0
2022-09-17T16:00:00Z,29,0,0,0,0.232759,0.232,0.234,29.906897,29.6,30,3.447034,3.446,3.448,13719,13747,0,0,0,0
2022-09-17T17:00:00Z,29,0,0,0,0.233276,0.232,0.236,29.431034,29.1,29.6,3.446138,3.445,3.448,13748,13776,0,0,0,0
2022-09-17T18:00:00Z,29,0,0,0,0.233345,0.233,0.238,29.203448,29.1,29.3,3.446724,3.445,3.448,13777,13805,0,0,0,0
2022-09-17T19:00:00Z,29,0,0,0,0.233586,0.233,0.236,29.058621,29,29.1,3.446207,3.443,3.448,13806,13834,0,0,0,0
2022-09-17T20:00:00Z,30,0,0,0,0.233233,0.233,0.236,28.933333,28.7,29.1,3.447867,3.446,3.45,13835,13864,0,0,0,0
2022-09-17T21:00:00Z,29,0,0,0,0.233483,0.233,0.236,28.706897,28.7,28.8,3.447759,3.446,3.451,13865,13893,0,0,0,0
2022-09-17T22:00:00Z,29,0,0,0,0.233517,0.233,0.236,28.696552,28.6,28.7,3.447724,3.446,3.45,13894,13922,0,0,0,0
2022-09-17T23:00:00Z,29,0.292828,0,1.1,0.233345,0.233,0.235,28.993103,28.7,30,3.447172,3.446,3.45,13923,13951,0,0,0,0
2022-09-18T00:00:00Z,29,2.222931,0.754,4.416,0.229483,0.225,0.233,32.586207,30.1,36.7,3.448069,3.446,3.45,13952,13980,0,0,0,0
2022-09-18T01:00:00Z,30,3.645667,1.18,4.774,0.224067,0.223,0.227,38.14,36.9,39,3.447467,3.446,3.45,13981,14010,0,0,0,0
2022-09-18T02:00:00Z,29,3.466483,1.197,5.125,0.223276,0.222,0.226,40.044828,38.7,42,3.446552,3.446,3.448,14011,14039,0,0,0,0
2022-09-18T03:00:00Z,29,3.651862,1.702,5.246,0.222138,0.219,0.224,40.872414,38.7,43.3,3.446207,3.446,3.448,14040,14068,0,0,0,0
2022-09-18T04:00:00Z,29,4.178207,2.343,5.034,0.222759,0.221,0.226,40.762069,39.9,41.8,3.445897,3.445,3.448,14069,14097,0,0,0,0
2022-09-18T05:00:00Z,30,4.182433,2.181,5.113,0.220867,0.219,0.223,42.87,41.9,43.6,3.442167,3.435,3.446,14098,14127,0,0,0,0
2022-09-18T06:00:00Z,29,3.38669,1.233,4.703,0.220862,0.219,0.223,42.131034,40.7,43.6,3.433034,3.428,3.438,14128,14156,0,0,0,0
2022-09-18T07:00:00Z,28,2.086857,1.212,3.311,0.224643,0.221,0.228,38.125,36.7,41.1,3.430321,3.425,3.433,14157,14184,0,0,0,0
2022-09-18T08:00:00Z,19,1.851737,0.931,2.474,0.225579,0.224,0.227,36.957895,36.7,37.6,3.429053,3.425,3.433,14186,14212,0,0,0,0
2022-09-18T09:00:00Z,28,0.082259,0,0.628,0.231857,0.226,0.237,30.453571,26.7,35.6,3.429893,3.427,3.433,14215,14242,0,0,0,0
2022-09-18T10:00:00Z,29,0,0,0,0.236172,0.235,0.238,26.6,26.4,26.8,3.407897,3.39,3.432,14243,14271,0,0,0,0
2022-09-18T11:00:00Z,30,0,0,0,0.2354,0.234,0.237,27.22,26.8,27.4,3.397567,3.374,3.412,14272,14301,0,0,0,0
2022-09-18T12:00:00Z,29,0,0,0,0.234621,0.233,0.236,27.662069,27.4,28.2,3.414276,3.405,3.418,14302,14330,0,0,0,0
2022-09-18T13:00:00Z,29,0,0,0,0.235862,0.234,0.238,26.858621,26.6,27.4,3.418276,3.402,3.425,14331,14359,0,0,0,0
2022-09-18T14:00:00Z,25,0,0,0,0.23564,0.235,0.238,27.272,26.9,27.4,3.42136,3.418,3.423,14360,14384,0,0,0,0
2022-09-18T15:00:00Z,29,0,0,0,0.235414,0.234,0.238,27.396552,27.3,27.4,3.418241,3.415,3.423,14389,14418,0,0,0,0
2022-09-18T17:00:00Z,22,0,0,0,0.235682,0.235,0.237,27.4,27.4,27.4,3.402955,3.399,3.407,14455,14476,0,0,0,0
2022-09-18T18:00:00Z,29,0,0,0,0.235276,0.235,0.237,27.4,27.4,27.4,3.403379,3.399,3.41,14477,14505,0,0,0,0
2022-09-18T19:00:00Z,29,0,0,0,0.235138,0.234,0.237,27.410345,27.4,27.5,3.401069,3.397,3.405,14506,14534,0,0,0,0
2022-09-18T20:00:00Z,30,0,0,0,0.235267,0.235,0.237,27.4,27.4,27.4,3.396967,3.395,3.402,14535,14564,0,0,0,0
2022-09-18T21:00:00Z,29,0,0,0,0.235517,0.235,0.237,27.368966,27.3,27.4,3.394483,3.392,3.397,14565,14593,0,0,0,0
2022-09-18T22:00:00Z,29,0,0,0,0.236207,0.235,0.238,27.165517,27,27.3,3.39031,3.385,3.394,14594,14622,0,0,0,0
2022-09-18T23:00:00Z,29,0.238862,0,0.944,0.235552,0.235,0.238,27.413793,27.2,27.7,3.385276,3.38,3.392,14623,14651,0,0,0,0
2022-09-19T00:00:00Z,29,1.615414,0.688,4.838,0.232069,0.228,0.236,30.375862,28.6,33.2,3.379,3.374,3.384,14652,14680,0,0,0,0
2022-09-19T01:00:00Z,30,2.959967,1.594,5.064,0.227967,0.223,0.233,34.25,32.5,38.5,3.373767,3.369,3.379,14681,14710,0,0,0,0
2022-09-19T02:00:00Z,29,3.311655,1.495,5.244,0.224862,0.221,0.228,37.848276,36.6,40.5,3.368379,3.366,3.372,14711,14739,0,0,0,0
2022-09-19T03:00:00Z,29,2.572034,0.493,5.338,0.223655,0.221,0.228,38.758621,35.4,41.8,3.365241,3.361,3.367,14740,14768,0,0,0,0
2022-09-19T04:00:00Z,29,3.870241,0.82,5.267,0.222793,0.218,0.228,39.903448,34.3,43.7,3.360103,3.356,3.364,14769,14797,0,0,0,0
2022-09-19T05:00:00Z,30,3.8744,0.838,5.505,0.221767,0.218,0.226,41.103333,37.7,45.2,3.352467,3.344,3.357,14798,14827,0,0,0,0
2022-09-19T06:00:00Z,29,3.78331,1.556,5.23,0.220931,0.219,0.223,42.393103,40.8,43.3,3.337552,3.326,3.346,14828,14856,0,0,0,0
2022-09-19T07:00:00Z,29,2.71469,0.826,5.256,0.222655,0.219,0.226,40.348276,37.3,44.6,3.332379,3.324,3.339,14857,14885,0,0,0,0
2022-09-19T08:00:00Z,30,0.7523,0,1.295,0.228567,0.226,0.233,33.72,32.7,36.7,3.3256,3.319,3.333,14886,14915,0,0,0,0
2022-09-19T09:00:00Z,29,0,0,0,0.232931,0.229,0.236,29.631034,27.1,32.7,3.318724,3.314,3.324,14916,14944,0,0,0,0
2022-09-19T10:00:00Z,29,0,0,0,0.23569,0.234,0.238,27.324138,27,27.7,3.31231,3.306,3.319,14945,14973,0,0,0,0
2022-09-19T11:00:00Z,29,0,0,0,0.235379,0.234,0.238,27.586207,26.7,27.9,3.304724,3.296,3.31,14974,15002,0,0,0,0
2022-09-19T12:00:00Z,30,0,0,0,0.2373,0.236,0.239,26.343333,26.2,26.7,3.296733,3.29,3.305,15003,15032,0,0,0,0
2022-09-19T13:00:00Z,29,0,0,0,0.237655,0.236,0.239,26.182759,26.1,26.3,3.289276,3.286,3.291,15033,15061,0,0,0,0
2022-09-19T14:00:00Z,29,0,0,0,0.237759,0.237,0.24,26.224138,26.1,26.5,3.285793,3.281,3.288,15062,15090,0,0,0,0
2022-09-19T15:00:00Z,29,0,0,0,0.237414,0.237,0.239,26.42069,26.2,26.7,3.277379,3.273,3.283,15091,15119,0,0,0,0
2022-09-19T16:00:00Z,30,0,0,0,0.2363,0.235,0.238,26.796667,26.7,26.9,3.267667,3.262,3.273,15120,15149,0,0,0,0
2022-09-19T17:00:00Z,29,0,0,0,0.234621,0.233,0.237,26.982759,26.9,27.2,3.260276,3.255,3.263,15150,15178,0,0,0,0
2022-09-19T18:00:00Z,29,0,0,0,0.233069,0.232,0.235,27.244828,27.2,27.4,3.250793,3.245,3.257,15179,15207,0,0,0,0
2022-09-19T19:00:00Z,29,0,0,0,0.231172,0.23,0.233,27.368966,27.3,27.4,3.24069,3.235,3.245,15208,15236,0,0,0,0
2022-09-19T20:00:00Z,30,0,0,0,0.2299,0.228,0.233,27.256667,27.2,27.4,3.234467,3.23,3.237,15237,15266,0,0,0,0
2022-09-19T21:00:00Z,29,0,0,0,0.227862,0.226,0.229,27.231034,27.1,27.3,3.225138,3.22,3.232,15267,15295,0,0,0,0
2022-09-19T22:00:00Z,29,0,0,0,0.225414,0.224,0.228,27.237931,27.1,27.4,3.213069,3.209,3.219,15296,15324,0,0,0,0
2022-09-19T23:00:00Z,29,0.50369,0,1.048,0.222552,0.219,0.228,27.6,27.2,28.6,3.202517,3.194,3.209,15325,15353,0,0,0,0
2022-09-20T00:00:00Z,29,1.503586,0.962,2.543,0.217621,0.214,0.221,29.806897,28.4,31.3,3.190138,3.184,3.197,15354,15382,0,0,0,0
2022-09-20T01:00:00Z,30,2.864367,1.802,5.349,0.210967,0.208,0.214,32.74,31.1,34.2,3.180367,3.174,3.184,15383,15412,0,0,0,0
2022-09-20T02:00:00Z,29,2.334724,0.498,5.277,0.207862,0.204,0.212,33.565517,32.6,35.4,3.166793,3.159,3.174,15413,15441,0,0,0,0
2022-09-20T03:00:00Z,29,2.464862,0.378,5.605,0.206931,0.203,0.214,32.172414,28.1,34.5,3.156586,3.151,3.163,15442,15470,0,0,0,0
2022-09-20T04:00:00Z,29,4.130138,1.517,5.507,0.200103,0.194,0.206,35.831034,32.7,39.9,3.139241,3.133,3.149,15471,15499,0,0,0,0
2022-09-20T05:00:00Z,30,2.6165,1.177,5.351,0.1961,0.192,0.2,36.656667,34,40.7,3.130333,3.128,3.133,15500,15529,0,0,0,0
2022-09-20T06:00:00Z,26,1.696538,0.418,5.148,0.196231,0.194,0.199,34.180769,30.2,36.7,3.122154,3.115,3.13,15530,15558,0,0,0,0
2022-09-20T07:00:00Z,29,1.447483,0.697,3.122,0.196862,0.194,0.201,30.934483,29.7,32.1,3.105276,3.097,3.115,15559,15587,0,0,0,0
2022-09-20T08:00:00Z,29,1.574931,0.979,3.05,0.18131,0.173,0.194,32.175862,31.5,32.6,3.071966,3.055,3.098,1,15592,0,0,0,0
2022-09-20T09:00:00Z,29,1.108862,0,3.75,0.174379,0.174,0.176,32.486207,30.6,34.4,3.041034,3.027,3.055,1,1,0,0,0,0
2022-09-20T10:00:00Z,29,0,0,0,0.173276,0.17,0.175,29.958621,29.6,30.5,3.014345,2.998,3.026,1,1,0,0,0,0
2022-09-20T11:00:00Z,29,0,0,0,0.16731,0.164,0.17,29.582759,29,29.8,2.981172,2.97,2.998,1,1,0,0,0,0
2022-09-20T12:00:00Z,29,0,0,0,0.160241,0.155,0.166,37.017241,27.6,60.2,2.945586,2.925,2.966,1,1,0,0,6,0
2022-09-20T13:00:00Z,29,0,0,0,0.155,0.155,0.155,59.831034,59.3,60.1,2.904034,2.879,2.922,1,1,0,0,5,0
2022-09-20T14:00:00Z,21,0,0,0,0.155,0.155,0.155,59.138095,58.7,59.3,2.849571,2.819,2.876,1,1,0,0,0,0
2022-10-16T00:00:00Z,14,,,,0.234071,0.21,0.275,30.778571,28.7,31.8,3.445143,1.98,3.753,1,14,0,0,0,0
2022-10-16T01:00:00Z,29,,,,0.229621,0.205,0.267,31.958621,31.7,32.1,3.897483,3.765,4.001,15,43,0,0,0,0
2022-10-16T02:00:00Z,30,,,,0.228833,0.218,0.247,31.363333,30,31.8,4.063267,4.006,4.12,44,73,0,0,0,0
2022-10-16T03:00:00Z,29,,,,0.238103,0.223,0.247,28.6,27.8,29.9,4.083,4.044,4.135,74,102,0,0,0,0
2022-10-16T04:00:00Z,27,,,,0.236556,0.222,0.248,29.87037,28.9,30.8,4.089296,4.04,4.144,103,131,0,0,0,0
2022-10-16T05:00:00Z,29,,,,0.233138,0.221,0.247,30.565517,29.1,31.3,4.116759,4.082,4.161,132,160,0,0,0,0
2022-10-16T06:00:00Z,29,,,,0.237034,0.225,0.25,27.165517,26.4,28.7,4.08,4.077,4.082,161,189,0,0,0,0
2022-10-16T07:00:00Z,29,,,,0.237379,0.224,0.247,28.641379,27.4,29.4,4.076586,4.073,4.08,190,218,0,0,0,0
2022-10-16T08:00:00Z,30,,,,0.236933,0.223,0.248,29.68,29.4,29.9,4.073267,4.07,4.077,219,248,0,0,0,0
2022-10-16T09:00:00Z,29,,,,0.233069,0.223,0.247,29.958621,29.8,30,4.071034,4.067,4.075,249,277,0,0,0,0
2022-10-16T10:00:00Z,29,,,,0.234759,0.222,0.249,30,30,30,4.068379,4.065,4.072,278,306,0,0,0,0
2022-10-16T11:00:00Z,29,,,,0.235034,0.222,0.247,30,30,30,4.067241,4.064,4.072,307,335,0,0,0,0
2022-10-16T12:00:00Z,30,,,,0.2358,0.223,0.248,30,30,30,4.066133,4.064,4.07,336,365,0,0,0,0
2022-10-16T13:00:00Z,29,,,,0.232241,0.222,0.247,30.034483,30,30.1,4.062,4.052,4.069,366,394,0,0,0,0
2022-10-16T14:00:00Z,29,,,,0.232069,0.23,0.235,30.265517,30.1,30.4,4.053103,4.052,4.055,395,423,0,0,0,0
2022-10-16T15:00:00Z,29,,,,0.232483,0.231,0.234,30.1,30.1,30.1,4.051828,4.049,4.054,424,452,0,0,0,0
2022-10-16T16:00:00Z,30,,,,0.232733,0.231,0.236,30.1,30.1,30.1,4.051433,4.049,4.054,453,482,0,0,0,0
2022-10-16T17:00:00Z,29,,,,0.232345,0.23,0.235,30.1,30.1,30.1,4.050483,4.047,4.054,483,511,0,0,0,0
2022-10-16T18:00:00Z,28,,,,0.232786,0.231,0.235,30.1,30.1,30.1,4.050036,4.045,4.052,512,540,0,0,0,0
2022-10-16T19:00:00Z,29,,,,0.232724,0.231,0.234,30.02069,29.9,30.1,4.048931,4.045,4.052,541,569,0,0,0,0
2022-10-16T20:00:00Z,29,,,,0.233034,0.231,0.236,29.855172,29.7,30,4.047793,4.045,4.05,570,598,0,0,0,0
2022-10-16T21:00:00Z,30,,,,0.233033,0.231,0.237,29.653333,29.6,29.8,4.0467,4.044,4.05,599,628,0,0,0,0
2022-10-16T22:00:00Z,29,,,,0.233414,0.232,0.236,29.6,29.6,29.6,4.046103,4.044,4.05,629,657,0,0,0,0
2022-10-16T23:00:00Z,29,,,,0.233241,0.232,0.237,29.6,29.6,29.6,4.045069,4.042,4.05,658,686,0,0,0,0
2022-10-17T00:00:00Z,29,,,,0.232931,0.231,0.236,29.865517,29.6,30.1,4.043966,4.04,4.049,687,715,0,0,0,0
2022-10-17T01:00:00Z,26,,,,0.232462,0.231,0.236,30.084615,30,30.1,4.044077,4.04,4.047,716,741,0,0,0,0
2022-10-17T02:00:00Z,25,,,,0.23212,0.231,0.235,30.244,30.1,30.3,4.0442,4.04,4.047,750,774,0,0,0,0
2022-10-17T03:00:00Z,29,,,,0.231931,0.23,0.236,30.531034,30.3,30.6,4.043276,4.04,4.047,775,803,0,0,0,0
2022-10-17T04:00:00Z,29,,,,0.231793,0.23,0.234,30.717241,30.6,30.9,4.042483,4.04,4.045,804,832,0,0,0,0
2022-10-17T05:00:00Z,30,,,,0.231967,0.23,0.234,30.77,30.7,31,4.041333,4.039,4.045,833,862,0,0,0,0
2022-10-17T06:00:00Z,29,,,,0.232138,0.23,0.236,30.793103,30.7,30.9,4.040207,4.039,4.044,863,891,0,0,0,0
2022-10-17T07:00:00Z,29,,,,0.231828,0.23,0.234,30.782759,30.7,30.9,4.040724,4.037,4.044,892,920,0,0,0,0
2022-10-17T08:00:00Z,29,,,,0.232897,0.23,0.237,29.786207,28.1,30.7,4.040621,4.037,4.045,921,949,0,0,0,0
2022-10-17T09:00:00Z,30,,,,0.235267,0.233,0.238,27.366667,26.7,28.1,4.038667,4.036,4.042,950,979,0,0,0,0
2022-10-17T10:00:00Z,29,,,,0.235483,0.233,0.238,27.244828,26.6,28.2,4.038345,4.034,4.042,980,1008,0,0,0,0
2022-10-17T11:00:00Z,29,,,,0.233552,0.232,0.237,28.806897,28.3,29.1,4.038138,4.036,4.042,1009,1037,0,0,0,0
2022-10-17T12:00:00Z,29,,,,0.232966,0.231,0.236,29.193103,27.2,29.8,4.038621,4.036,4.044,1038,1066,0,0,0,0
2022-10-17T13:00:00Z,29,,,,0.232724,0.231,0.236,29.324138,27.2,30,4.038621,4.036,4.042,1067,1095,0,0,0,0
2022-10-17T14:00:00Z,30,,,,0.2327,0.231,0.235,27.166667,25.2,30,4.037733,4.036,4.042,1096,1125,0,0,0,0
2022-10-17T15:00:00Z,29,,,,0.232586,0.231,0.234,27.013793,25.9,28.6,4.037276,4.034,4.04,1126,1154,0,0,0,0
2022-10-17T16:00:00Z,29,,,,0.232621,0.231,0.234,26.868966,25.4,28.4,4.036172,4.034,4.039,1155,1183,0,0,0,0
2022-10-17T17:00:00Z,29,,,,0.232414,0.231,0.234,27.444828,25.5,30,4.035586,4.032,4.039,1184,1212,0,0,0,0
2022-10-17T18:00:00Z,30,,,,0.232367,0.231,0.234,30.063333,30,30.1,4.036233,4.034,4.039,1213,1242,0,0,0,0
2022-10-17T19:00:00Z,29,,,,0.232207,0.231,0.234,30.1,30.1,30.1,4.035966,4.034,4.039,1243,1271,0,0,0,0
2022-10-17T20:00:00Z,29,,,,0.232517,0.231,0.236,30.1,30.1,30.1,4.034483,4.032,4.037,1272,1300,0,0,0,0
2022-10-17T21:00:00Z,29,,,,0.232759,0.231,0.235,30.07931,30,30.1,4.034621,4.032,4.039,1301,1329,0,0,0,0
2022-10-17T22:00:00Z,30,,,,0.232833,0.231,0.235,30.023333,30,30.1,4.033833,4.032,4.037,1330,1359,0,0,0,0
2022-10-17T23:00:00Z,29,,,,0.232897,0.232,0.235,30.024138,30,30.1,4.034966,4.032,4.039,1360,1388,0,0,0,0
2022-10-18T00:00:00Z,29,,,,0.232483,0.231,0.235,30.093103,30,30.1,4.034828,4.032,4.039,1389,1417,0,0,0,0
2022-10-18T01:00:00Z,29,,,,0.232138,0.231,0.235,30.124138,30.1,30.3,4.033586,4.032,4.037,1418,1446,0,0,0,0
2022-10-18T02:00:00Z,30,,,,0.2317,0.23,0.233,30.503333,30.3,30.7,4.032833,4.031,4.036,1447,1476,0,0,0,0
2022-10-18T03:00:00Z,29,,,,0.231621,0.23,0.233,30.817241,30.6,31,4.032862,4.031,4.036,1477,1505,0,0,0,0
2022-10-18T04:00:00Z,29,,,,0.231931,0.229,0.235,30.896552,29.8,31.3,4.032345,4.031,4.036,1506,1534,0,0,0,0
2022-10-18T05:00:00Z,29,,,,0.234069,0.232,0.238,28.365517,27.4,29.6,4.03169,4.029,4.036,1535,1563,0,0,0,0
2022-10-18T06:00:00Z,30,,,,0.233967,0.232,0.239,28.3,27.3,29.5,4.0312,4.029,4.034,1564,1593,0,0,0,0
2022-10-18T07:00:00Z,29,,,,0.232276,0.231,0.234,29.437931,27.3,30.1,4.030862,4.029,4.032,1594,1622,0,0,0,0
2022-10-18T08:00:00Z,29,,,,0.232207,0.23,0.235,29.227586,28.6,30,4.030448,4.029,4.032,1623,1651,0,0,0,0
2022-10-18T09:00:00Z,29,,,,0.232069,0.23,0.235,30.127586,29.8,30.4,4.030207,4.029,4.032,1652,1680,0,0,0,0
2022-10-18T10:00:00Z,30,,,,0.233667,0.23,0.236,28.38,27.4,29.9,4.030133,4.029,4.032,1681,1710,0,0,0,0
2022-10-18T11:00:00Z,29,,,,0.233345,0.232,0.236,29.393103,28.7,30,4.029966,4.029,4.032,1711,1739,0,0,0,0
2022-10-18T12:00:00Z,24,,,,0.232625,0.231,0.235,30.054167,30,30.1,4.030208,4.029,4.032,1740,1766,0,0,0,0
2022-10-18T13:00:00Z,6,,,,0.231667,0.23,0.233,30.15,30.1,30.3,4.0305,4.029,4.032,1768,1786,0,0,0,0
2022-10-18T14:00:00Z,29,,,,0.231828,0.23,0.233,30.141379,30,30.6,4.029276,4.027,4.031,1795,1823,0,0,0,0
2022-10-18T15:00:00Z,29,,,,0.232414,0.23,0.235,30.1,30.1,30.1,4.02931,4.027,4.032,1824,1852,0,0,0,0
2022-10-18T16:00:00Z,30,,,,0.232033,0.23,0.233,30.153333,30.1,30.2,4.0287,4.027,4.032,1853,1882,0,0,0,0
2022-10-18T17:00:00Z,29,,,,0.232138,0.23,0.233,30.131034,30.1,30.2,4.028931,4.027,4.031,1883,1911,0,0,0,0
2022-10-18T18:00:00Z,29,,,,0.232414,0.23,0.236,30.013793,30,30.1,4.027966,4.027,4.029,1912,1940,0,0,0,0
2022-10-18T19:00:00Z,29,,,,0.232345,0.231,0.235,30,30,30,4.028034,4.027,4.029,1941,1969,0,0,0,0
2022-10-18T20:00:00Z,28,,,,0.232321,0.23,0.234,30,30,30,4.027643,4.027,4.029,1970,1998,0,0,0,0
2022-10-18T21:00:00Z,30,,,,0.232567,0.231,0.236,30,30,30,4.027867,4.027,4.029,1999,2028,0,0,0,0
2022-10-18T22:00:00Z,29,,,,0.232621,0.231,0.236,30,30,30,4.027759,4.027,4.029,2029,2057,0,0,0,0
2022-10-18T23:00:00Z,29,,,,0.232379,0.231,0.234,30,30,30,4.027138,4.027,4.029,2058,2086,0,0,0,0
2022-10-19T00:00:00Z,29,,,,0.232207,0.231,0.235,30,30,30,4.027517,4.026,4.029,2087,2115,0,0,0,0
2022-10-19T01:00:00Z,30,,,,0.232,0.231,0.233,30,30,30,4.027467,4.027,4.029,2116,2145,0,0,0,0
2022-10-19T02:00:00Z,29,,,,0.23269,0.231,0.235,30,30,30,4.027241,4.026,4.029,2146,2174,0,0,0,0
2022-10-19T03:00:00Z,29,,,,0.232276,0.231,0.234,30,30,30,4.026759,4.026,4.027,2175,2203,0,0,0,0
2022-10-19T04:00:00Z,29,,,,0.23231,0.231,0.234,30,30,30,4.027,4.026,4.029,2204,2232,0,0,0,0
2022-10-19T05:00:00Z,29,,,,0.232414,0.231,0.235,30.037931,30,30.1,4.027034,4.026,4.029,2233,2262,0,0,0,0
2022-10-19T06:00:00Z,29,,,,0.231966,0.23,0.235,30.131034,30.1,30.3,4.026759,4.026,4.027,2263,2291,0,0,0,0
2022-10-19T07:00:00Z,29,,,,0.231966,0.231,0.233,30.162069,30,30.3,4.02669,4.026,4.027,2292,2320,0,0,0,0
2022-10-19T08:00:00Z,29,,,,0.232138,0.23,0.234,30.213793,29.9,30.6,4.02631,4.024,4.029,2321,2349,0,0,0,0
2022-10-19T09:00:00Z,29,,,,0.232276,0.23,0.234,30.541379,30.4,30.6,4.026138,4.024,4.027,2350,2378,0,0,0,0
2022-10-19T10:00:00Z,30,,,,0.232133,0.23,0.235,30.566667,30.5,30.6,4.026133,4.024,4.027,2379,2408,0,0,0,0
2022-10-19T11:00:00Z,29,,,,0.232345,0.231,0.234,30.558621,30.5,30.6,4.025759,4.024,4.027,2409,2437,0,0,0,0
2022-10-19T12:00:00Z,29,,,,0.232241,0.23,0.235,30.593103,30.5,30.6,4.025621,4.022,4.027,2438,2466,0,0,0,0
2022-10-19T13:00:00Z,29,,,,0.232414,0.231,0.236,30.627586,30.6,30.7,4.025828,4.024,4.027,2467,2495,0,0,0,0
2022-10-19T14:00:00Z,30,,,,0.232,0.226,0.236,30.6,30.6,30.6,4.024467,4.022,4.027,2496,2525,0,0,0,0
2022-10-19T15:00:00Z,29,,,,0.233517,0.23,0.238,28.931034,27.4,30.6,4.024759,4.022,4.027,2526,2554,0,0,0,0
2022-10-19T16:00:00Z,29,,,,0.235828,0.234,0.238,27.227586,26.9,27.4,4.022586,4.021,4.026,2555,2583,0,0,0,0
2022-10-19T17:00:00Z,29,,,,0.236897,0.234,0.242,26.424138,26.1,27.2,4.022931,4.019,4.026,2584,2612,0,0,0,0
2022-10-19T18:00:00Z,30,,,,0.236233,0.233,0.239,26.933333,26.1,28.1,4.021933,4.019,4.026,2613,2642,0,0,0,0
2022-10-19T19:00:00Z,29,,,,0.233897,0.232,0.236,28.693103,28.1,29.1,4.021517,4.017,4.026,2643,2671,0,0,0,0
2022-10-19T20:00:00Z,29,,,,0.233172,0.232,0.235,29.351724,28.4,29.6,4.021034,4.017,4.024,2672,2700,0,0,0,0
2022-10-19T21:00:00Z,29,,,,0.232897,0.225,0.238,29.803448,29.6,30,4.020517,4.016,4.024,2701,2729,0,0,0,0
2022-10-19T22:00:00Z,29,,,,0.233483,0.231,0.238,28.789655,27.1,30,4.018793,4.016,4.022,2730,2758,0,0,0,0
2022-10-19T23:00:00Z,30,,,,0.235367,0.232,0.239,27.126667,26.7,28.2,4.017367,4.014,4.022,2759,2788,0,0,0,0
2022-10-20T00:00:00Z,29,,,,0.234138,0.232,0.237,28.286207,25.8,29.2,4.017586,4.016,4.021,2789,2817,0,0,0,0
2022-10-20T01:00:00Z,29,,,,0.233207,0.232,0.236,29.162069,28.4,29.6,4.016828,4.014,4.021,2818,2846,0,0,0,0
2022-10-20T02:00:00Z,29,,,,0.233448,0.232,0.236,29.758621,29.5,30,4.016138,4.014,4.021,2847,2875,0,0,0,0
2022-10-20T03:00:00Z,30,,,,0.2327,0.231,0.236,30.06,30,30.1,4.016167,4.014,4.021,2876,2905,0,0,0,0
2022-10-20T04:00:00Z,29,,,,0.232966,0.231,0.235,29.968966,29.7,30,4.016069,4.014,4.021,2906,2934,0,0,0,0
2022-10-20T05:00:00Z,29,,,,0.233069,0.232,0.236,29.993103,29.9,30,4.015034,4.012,4.019,2935,2963,0,0,0,0
2022-10-20T06:00:00Z,29,,,,0.233241,0.232,0.237,29.896552,29.6,30,4.014069,4.011,4.019,2964,2992,0,0,0,0
2022-10-20T07:00:00Z,30,,,,0.232633,0.231,0.234,29.926667,29.7,30,4.0142,4.011,4.019,2993,3022,0,0,0,0
2022-10-20T08:00:00Z,29,,,,0.233138,0.232,0.236,29.113793,28.1,29.7,4.01331,4.011,4.017,3023,3051,0,0,0,0
2022-10-20T09:00:00Z,29,,,,0.232897,0.232,0.235,28.662069,27.9,29.5,4.012483,4.009,4.016,3052,3080,0,0,0,0
2022-10-20T10:00:00Z,29,,,,0.232828,0.232,0.235,28.803448,28.6,29.2,4.012379,4.009,4.016,3081,3109,0,0,0,0
2022-10-20T11:00:00Z,29,,,,0.232586,0.231,0.236,28.558621,28.3,28.6,4.012,4.009,4.016,3110,3138,0,0,0,0
2022-10-20T12:00:00Z,30,,,,0.2326,0.231,0.235,28.89,28.6,29.1,4.010367,4.007,4.014,3139,3168,0,0,0,0
2022-10-20T13:00:00Z,29,,,,0.232724,0.232,0.236,29.082759,28.8,29.4,4.009966,4.007,4.014,3169,3197,0,0,0,0
2022-10-20T14:00:00Z,28,,,,0.232857,0.231,0.236,30.053571,28.8,30.1,4.008464,4.006,4.012,3198,3226,0,0,0,0
2022-10-20T15:00:00Z,29,,,,0.232862,0.231,0.236,30.037931,30,30.1,4.008138,4.006,4.011,3227,3255,0,0,0,0
2022-10-20T16:00:00Z,30,,,,0.2332,0.231,0.236,30.003333,30,30.1,4.007367,4.004,4.011,3256,3285,0,0,0,0
2022-10-20T17:00:00Z,29,,,,0.233172,0.231,0.235,29.958621,29.9,30,4.006828,4.004,4.011,3286,3314,0,0,0,0
2022-10-20T18:00:00Z,29,,,,0.233069,0.231,0.236,29.886207,29.8,30,4.005241,4.003,4.007,3315,3343,0,0,0,0
2022-10-20T19:00:00Z,29,,,,0.233448,0.232,0.236,29.848276,29.8,29.9,4.004724,4.003,4.009,3344,3372,0,0,0,0
2022-10-20T20:00:00Z,29,,,,0.232862,0.232,0.236,29.817241,29.7,29.9,4.004552,4.003,4.007,3373,3401,0,0,0,0
2022-10-20T21:00:00Z,30,,,,0.233067,0.231,0.236,29.806667,29.7,29.9,4.004033,4.001,4.007,3402,3431,0,0,0,0
2022-10-20T22:00:00Z,29,,,,0.232966,0.231,0.236,29.824138,29.7,29.9,4.003931,4.001,4.007,3432,3460,0,0,0,0
2022-10-20T23:00:00Z,29,,,,0.233069,0.232,0.237,30,29.9,30.1,4.002241,3.999,4.006,3461,3489,0,0,0,0
2022-10-21T00:00:00Z,29,,,,0.23269,0.231,0.236,30.1,30.1,30.1,4.001586,3.999,4.004,3490,3518,0,0,0,0
2022-10-21T01:00:00Z,30,,,,0.232633,0.231,0.237,30.226667,30.1,30.4,4.000267,3.999,4.003,3519,3548,0,0,0,0
2022-10-21T02:00:00Z,29,,,,0.232,0.231,0.234,30.568966,30.4,30.7,3.999828,3.999,4.003,3549,3577,0,0,0,0
2022-10-21T03:00:00Z,29,,,,0.232034,0.23,0.235,30.710345,30.6,30.8,3.999345,3.998,4.001,3578,3606,0,0,0,0
2022-10-21T04:00:00Z,29,,,,0.231862,0.23,0.236,31.058621,30.8,31.3,3.999586,3.998,4.001,3607,3635,0,0,0,0
2022-10-21T05:00:00Z,30,,,,0.231933,0.23,0.233,31.2,30.5,31.4,3.999067,3.998,4.001,3636,3665,0,0,0,0
2022-10-21T06:00:00Z,19,,,,0.231526,0.23,0.233,31.352632,31.3,31.4,3.997842,3.994,3.999,3666,3693,0,0,0,0
2022-10-21T07:00:00Z,25,,,,0.23172,0.23,0.234,31.336,31.3,31.4,3.99564,3.993,3.998,3697,3721,0,0,0,0
2022-10-21T08:00:00Z,26,,,,0.231423,0.23,0.235,31.292308,31.2,31.4,3.994923,3.993,3.999,3722,3750,0,0,0,0
2022-10-21T09:00:00Z,29,,,,0.231897,0.229,0.235,31.065517,30.9,31.2,3.993103,3.989,3.996,3751,3780,0,0,0,0
2022-10-21T10:00:00Z,29,,,,0.232,0.23,0.235,30.831034,30.7,31,3.99169,3.988,3.996,3781,3809,0,0,0,0
2022-10-21T11:00:00Z,29,,,,0.232103,0.23,0.234,30.786207,30.7,30.9,3.991241,3.988,3.996,3810,3838,0,0,0,0
2022-10-21T12:00:00Z,29,,,,0.232483,0.23,0.235,30.724138,30.7,30.8,3.989034,3.986,3.993,3839,3867,0,0,0,0
2022-10-21T13:00:00Z,29,,,,0.231931,0.231,0.233,30.658621,30.6,30.7,3.987207,3.984,3.993,3868,3896,0,0,0,0
2022-10-21T14:00:00Z,30,,,,0.2319,0.23,0.234,30.606667,30.6,30.7,3.986867,3.984,3.991,3897,3926,0,0,0,0
2022-10-21T15:00:00Z,29,,,,0.232,0.231,0.233,30.624138,30.6,30.7,3.985034,3.983,3.989,3927,3955,0,0,0,0
2022-10-21T16:00:00Z,29,,,,0.232034,0.23,0.234,30.682759,30.6,30.7,3.984172,3.981,3.988,3956,3984,0,0,0,0
2022-10-21T17:00:00Z,29,,,,0.232,0.23,0.234,30.703448,30.6,30.8,3.982069,3.979,3.988,3985,4013,0,0,0,0
2022-10-21T18:00:00Z,30,,,,0.232267,0.23,0.236,30.55,30.4,30.6,3.9809,3.979,3.984,4014,4043,0,0,0,0
2022-10-21T19:00:00Z,29,,,,0.23231,0.231,0.235,30.265517,30.1,30.4,3.979759,3.978,3.983,4044,4072,0,0,0,0
2022-10-21T20:00:00Z,29,,,,0.232483,0.231,0.234,30.103448,30.1,30.2,3.978276,3.976,3.981,4073,4101,0,0,0,0
2022-10-21T21:00:00Z,29,,,,0.232345,0.231,0.234,30.1,30.1,30.1,3.97669,3.976,3.978,4102,4130,0,0,0,0
2022-10-21T22:00:00Z,28,,,,0.2325,0.231,0.236,30.096429,30,30.1,3.976179,3.974,3.979,4131,4159,0,0,0,0
2022-10-21T23:00:00Z,30,,,,0.232867,0.231,0.236,30.096667,30,30.1,3.975333,3.974,3.978,4160,4189,0,0,0,0
2022-10-22T00:00:00Z,29,,,,0.232621,0.231,0.235,30.1,30.1,30.1,3.974483,3.974,3.976,4190,4218,0,0,0,0
2022-10-22T01:00:00Z,28,,,,0.232321,0.231,0.234,30.217857,30.1,30.4,3.974571,3.974,3.976,4219,4247,0,0,0,0
2022-10-22T02:00:00Z,29,,,,0.232172,0.231,0.236,30.531034,30.3,30.6,3.973621,3.971,3.974,4248,4276,0,0,0,0
2022-10-22T03:00:00Z,29,,,,0.232345,0.231,0.235,30.734483,30.6,31,3.973172,3.971,3.974,4277,4305,0,0,0,0
2022-10-22T04:00:00Z,32,,,,0.246213,0.2112,0.552,29.327586,27.5,31,3.972138,3.97,3.974,4306,4335,0,0,0,0
2022-10-22T05:00:00Z,29,,,,0.233552,0.232,0.236,25.837931,23.5,28,3.969793,3.966,3.973,4336,4364,0,0,0,0
2022-10-22T06:00:00Z,29,,,,0.233138,0.231,0.235,27.57931,23.5,30.1,3.968,3.966,3.971,4365,4393,0,0,0,0
2022-10-22T07:00:00Z,29,,,,0.232931,0.231,0.236,25.637931,23.2,30.1,3.967138,3.963,3.971,4394,4422,0,0,0,0
2022-10-22T08:00:00Z,30,,,,0.234267,0.233,0.236,28.036667,27.2,28.7,3.964833,3.961,3.968,4423,4452,0,0,0,0
2022-10-22T09:00:00Z,29,,,,0.235621,0.233,0.239,27.051724,25.6,27.7,3.962655,3.96,3.966,4453,4481,0,0,0,0
2022-10-22T10:00:00Z,29,,,,0.234034,0.233,0.237,28.103448,24.7,29.1,3.960586,3.958,3.965,4482,4510,0,0,0,0
2022-10-22T11:00:00Z,29,,,,0.233241,0.232,0.235,28.355172,23.9,29.6,3.959034,3.956,3.961,4511,4539,0,0,0,0
2022-10-22T12:00:00Z,30,,,,0.2332,0.231,0.236,26.923333,23.8,30,3.9585,3.955,3.961,4540,4569,0,0,0,0
2022-10-22T13:00:00Z,29,,,,0.232828,0.231,0.236,28.496552,25.8,30.1,3.956069,3.953,3.96,4570,4598,0,0,0,0
2022-10-22T14:00:00Z,29,,,,0.232483,0.231,0.234,29.52069,28.4,30.1,3.953793,3.951,3.956,4599,4627,0,0,0,0
2022-10-22T15:00:00Z,29,,,,0.23269,0.231,0.236,30.1,30.1,30.1,3.952862,3.95,3.958,4628,4656,0,0,0,0
2022-10-22T16:00:00Z,29,,,,0.232241,0.231,0.234,30.1,30.1,30.1,3.951552,3.95,3.953,4657,4685,0,0,0,0
2022-10-22T17:00:00Z,30,,,,0.232767,0.231,0.235,30.1,30.1,30.1,3.950833,3.948,3.955,4686,4715,0,0,0,0
2022-10-22T18:00:00Z,29,,,,0.232793,0.231,0.236,30.041379,30,30.1,3.948897,3.946,3.953,4716,4744,0,0,0,0
2022-10-22T19:00:00Z,29,,,,0.233034,0.231,0.235,30.013793,30,30.1,3.946931,3.945,3.95,4745,4773,0,0,0,0
2022-10-22T20:00:00Z,29,,,,0.232655,0.231,0.234,30.003448,30,30.1,3.946034,3.943,3.948,4774,4802,0,0,0,0
2022-10-22T21:00:00Z,29,,,,0.233241,0.232,0.236,30,30,30,3.944931,3.941,3.946,4803,4831,0,0,0,0
2022-10-22T22:00:00Z,30,,,,0.232833,0.232,0.234,29.966667,29.9,30,3.943467,3.94,3.946,4832,4861,0,0,0,0
2022-10-22T23:00:00Z,29,,,,0.232966,0.231,0.236,29.97931,29.9,30,3.941621,3.938,3.945,4862,4890,0,0,0,0
2022-10-23T00:00:00Z,29,,,,0.232448,0.231,0.234,30.044828,30,30.1,3.939931,3.937,3.943,4891,4919,0,0,0,0
2022-10-23T01:00:00Z,29,,,,0.232448,0.231,0.235,30.1,30.1,30.1,3.938552,3.937,3.943,4920,4948,0,0,0,0
2022-10-23T02:00:00Z,30,,,,0.234267,0.231,0.237,27.966667,26.4,30.1,3.934967,3.933,3.94,4949,4978,0,0,0,0
2022-10-23T03:00:00Z,29,,,,0.235966,0.234,0.238,26.658621,25.3,27.3,3.933828,3.932,3.937,4979,5007,0,0,0,0
2022-10-23T04:00:00Z,29,,,,0.235655,0.234,0.238,27.165517,25.9,27.3,3.932655,3.928,3.937,5008,5036,0,0,0,0
2022-10-23T05:00:00Z,29,,,,0.236,0.234,0.238,24.489655,23.1,26.8,3.929483,3.925,3.933,5037,5065,0,0,0,0
2022-10-23T06:00:00Z,29,,,,0.235069,0.232,0.238,27.903448,24.3,29.1,3.929897,3.927,3.933,5066,5094,0,0,0,0
2022-10-23T07:00:00Z,18,,,,0.232944,0.232,0.234,29.066667,27.4,29.9,3.928389,3.927,3.93,5095,5122,0,0,0,0
2022-10-23T08:00:00Z,13,,,,0.232846,0.231,0.234,29.853846,29.7,30,3.925154,3.923,3.927,5138,5150,0,0,0,0
2022-10-23T09:00:00Z,29,,,,0.233,0.231,0.237,29.755172,29.7,29.8,3.924172,3.923,3.927,5151,5179,0,0,0,0
2022-10-23T10:00:00Z,30,,,,0.233167,0.231,0.236,29.86,29.7,29.9,3.924,3.923,3.927,5180,5209,0,0,0,0
2022-10-23T11:00:00Z,29,,,,0.232793,0.231,0.235,29.986207,29.9,30,3.923069,3.922,3.925,5210,5238,0,0,0,0
2022-10-23T12:00:00Z,29,,,,0.232483,0.232,0.234,30,30,30,3.92269,3.922,3.925,5239,5267,0,0,0,0
2022-10-23T13:00:00Z,29,,,,0.232793,0.231,0.235,30.013793,30,30.1,3.922483,3.922,3.923,5268,5296,0,0,0,0
2022-10-23T14:00:00Z,29,,,,0.232828,0.231,0.235,30.096552,30,30.1,3.922103,3.922,3.923,5297,5325,0,0,0,0
2022-10-23T15:00:00Z,30,,,,0.2327,0.231,0.236,30.1,30.1,30.1,3.921133,3.92,3.922,5326,5355,0,0,0,0
2022-10-23T16:00:00Z,29,,,,0.232759,0.231,0.235,29.989655,29.6,30.1,3.92069,3.92,3.922,5356,5384,0,0,0,0
2022-10-23T17:00:00Z,29,,,,0.232207,0.231,0.233,29.982759,29.7,30,3.920034,3.917,3.922,5385,5413,0,0,0,0
2022-10-23T18:00:00Z,29,,,,0.232483,0.231,0.235,29.97931,29.9,30,3.919,3.917,3.922,5414,5442,0,0,0,0
2022-10-23T19:00:00Z,30,,,,0.232833,0.231,0.238,29.69,29.5,30,3.918067,3.917,3.92,5443,5472,0,0,0,0
2022-10-23T20:00:00Z,29,,,,0.233103,0.231,0.236,29.293103,29.1,29.6,3.916966,3.913,3.92,5473,5501,0,0,0,0
2022-10-23T21:00:00Z,29,,,,0.232966,0.231,0.235,29.144828,29,29.3,3.914655,3.912,3.918,5502,5530,0,0,0,0
2022-10-23T22:00:00Z,29,,,,0.232966,0.232,0.234,29.117241,28.9,29.4,3.913483,3.908,3.917,5531,5559,0,0,0,0
2022-10-23T23:00:00Z,28,,,,0.233179,0.231,0.235,29.210714,29,29.4,3.911607,3.908,3.915,5560,5588,0,0,0,0
2022-10-24T00:00:00Z,30,,,,0.232833,0.231,0.235,29.256667,29.1,29.4,3.911,3.908,3.915,5589,5618,0,0,0,0
2022-10-24T01:00:00Z,29,,,,0.232448,0.231,0.235,29.3,29.1,29.6,3.91,3.907,3.915,5619,5647,0,0,0,0
2022-10-24T02:00:00Z,29,,,,0.232483,0.231,0.235,29.568966,28.5,30.3,3.908759,3.907,3.912,5648,5676,0,0,0,0
2022-10-24T03:00:00Z,29,,,,0.232276,0.23,0.234,30.293103,30.2,30.4,3.907276,3.905,3.912,5677,5705,0,0,0,0
2022-10-24T04:00:00Z,30,,,,0.232533,0.231,0.235,30.43,30.3,30.6,3.906633,3.905,3.912,5706,5735,0,0,0,0
2022-10-24T05:00:00Z,29,,,,0.231897,0.23,0.233,30.606897,30.5,30.7,3.906655,3.904,3.91,5736,5764,0,0,0,0
2022-10-24T06:00:00Z,29,,,,0.232241,0.231,0.235,30.6,30.6,30.6,3.90531,3.904,3.908,5765,5793,0,0,0,0
2022-10-24T07:00:00Z,29,,,,0.232,0.23,0.233,30.603448,30.5,30.7,3.904655,3.902,3.908,5794,5822,0,0,0,0
2022-10-24T08:00:00Z,29,,,,0.232138,0.231,0.235,30.531034,30.5,30.6,3.903276,3.9,3.907,5823,5851,0,0,0,0
2022-10-24T09:00:00Z,30,,,,0.232267,0.231,0.235,30.436667,30.4,30.5,3.901567,3.9,3.905,5852,5881,0,0,0,0
2022-10-24T10:00:00Z,28,,,,0.232393,0.231,0.235,30.364286,30.3,30.4,3.900429,3.899,3.904,5882,5910,0,0,0,0
2022-10-24T11:00:00Z,29,,,,0.23231,0.231,0.233,30.337931,30.3,30.4,3.901069,3.899,3.904,5911,5939,0,0,0,0
2022-10-24T12:00:00Z,29,,,,0.232724,0.231,0.235,30.306897,30.3,30.4,3.899586,3.899,3.902,5940,5968,0,0,0,0
2022-10-24T13:00:00Z,29,,,,0.232138,0.231,0.233,30.306897,30.2,30.4,3.898517,3.895,3.902,5969,5998,0,0,0,0
2022-10-24T14:00:00Z,29,,,,0.232724,0.232,0.235,30.327586,30.3,30.4,3.897828,3.895,3.9,5999,6027,0,0,0,0
2022-10-24T15:00:00Z,29,,,,0.232724,0.231,0.235,30.303448,30.3,30.4,3.896448,3.895,3.899,6028,6056,0,0,0,0
2022-10-24T16:00:00Z,29,,,,0.232586,0.231,0.235,30.32069,30.3,30.4,3.896759,3.895,3.9,6057,6085,0,0,0,0
2022-10-24T17:00:00Z,30,,,,0.232767,0.231,0.236,30.343333,30.3,30.4,3.8959,3.894,3.899,6086,6115,0,0,0,0
2022-10-24T18:00:00Z,29,,,,0.232448,0.231,0.234,30.265517,30.1,30.4,3.895724,3.894,3.899,6116,6144,0,0,0,0
2022-10-24T19:00:00Z,29,,,,0.232793,0.231,0.236,30.1,30.1,30.1,3.894586,3.892,3.897,6145,6173,0,0,0,0
2022-10-24T20:00:00Z,29,,,,0.233034,0.232,0.236,30.1,30.1,30.1,3.894517,3.894,3.897,6174,6202,0,0,0,0
2022-10-24T21:00:00Z,30,,,,0.233167,0.232,0.235,30.07,30,30.1,3.8942,3.89,3.897,6203,6232,0,0,0,0
2022-10-24T22:00:00Z,29,,,,0.232931,0.232,0.237,30.003448,30,30.1,3.892276,3.889,3.895,6233,6261,0,0,0,0
2022-10-24T23:00:00Z,29,,,,0.234655,0.232,0.238,27.372414,24.5,30,3.89131,3.887,3.894,6262,6290,0,0,0,0
2022-10-25T00:00:00Z,29,,,,0.234586,0.233,0.238,28.368966,27.3,29,3.890759,3.889,3.894,6291,6319,0,0,0,0
2022-10-25T01:00:00Z,29,,,,0.233552,0.232,0.237,29.265517,29,29.5,3.890069,3.885,3.894,6320,6348,0,0,0,0
2022-10-25T02:00:00Z,30,,,,0.233167,0.232,0.236,29.9,29.5,30.1,3.8902,3.887,3.894,6349,6378,0,0,0,0
2022-10-25T03:00:00Z,26,,,,0.232885,0.231,0.237,29.707692,26.5,30.2,3.889846,3.885,3.892,6379,6404,0,0,0,0
2022-10-25T04:00:00Z,4,,,,0.232,0.231,0.233,30.525,30.4,30.6,3.88825,3.887,3.89,6408,6415,0,0,0,0
2022-10-25T05:00:00Z,29,,,,0.232103,0.23,0.235,30.486207,30.3,31,3.886414,3.882,3.889,6435,6463,0,0,0,0
2022-10-25T06:00:00Z,29,,,,0.232207,0.231,0.235,30.272414,30.2,30.3,3.885793,3.882,3.89,6464,6492,0,0,0,0
2022-10-25T07:00:00Z,29,,,,0.232621,0.231,0.235,30.231034,30.2,30.3,3.885138,3.882,3.889,6493,6521,0,0,0,0
2022-10-25T08:00:00Z,29,,,,0.232345,0.231,0.234,30.148276,30.1,30.2,3.883517,3.88,3.889,6522,6550,0,0,0,0
2022-10-25T09:00:00Z,29,,,,0.232448,0.23,0.234,30.137931,30.1,30.2,3.883552,3.88,3.889,6551,6579,0,0,0,0
2022-10-25T10:00:00Z,30,,,,0.2325,0.231,0.237,30.186667,30.1,30.3,3.883867,3.88,3.887,6580,6609,0,0,0,0
2022-10-25T11:00:00Z,29,,,,0.232517,0.231,0.235,30.158621,30.1,30.2,3.883517,3.88,3.887,6610,6638,0,0,0,0
2022-10-25T12:00:00Z,29,,,,0.233,0.231,0.235,30.103448,30.1,30.2,3.882586,3.88,3.887,6639,6667,0,0,0,0
2022-10-25T13:00:00Z,29,,,,0.232138,0.23,0.234,30.1,30.1,30.1,3.881897,3.879,3.887,6668,6696,0,0,0,0
2022-10-25T14:00:00Z,29,,,,0.232655,0.231,0.236,30.1,30.1,30.1,3.881207,3.879,3.885,6697,6725,0,0,0,0
2022-10-25T15:00:00Z,30,,,,0.232533,0.231,0.236,30.1,30.1,30.1,3.881,3.879,3.884,6726,6755,0,0,0,0
2022-10-25T16:00:00Z,29,,,,0.232828,0.232,0.235,30.024138,30,30.1,3.879931,3.877,3.884,6756,6784,0,0,0,0
2022-10-25T17:00:00Z,29,,,,0.232897,0.231,0.236,30,30,30,3.879379,3.877,3.882,6785,6813,0,0,0,0
2022-10-25T18:00:00Z,29,,,,0.232828,0.231,0.235,29.986207,29.9,30,3.878966,3.877,3.882,6814,6842,0,0,0,0
2022-10-25T19:00:00Z,30,,,,0.233267,0.231,0.236,29.923333,29.8,30,3.878233,3.875,3.882,6843,6872,0,0,0,0
2022-10-25T20:00:00Z,29,,,,0.232621,0.232,0.234,29.796552,29.6,29.9,3.877483,3.875,3.88,6873,6901,0,0,0,0
2022-10-25T21:00:00Z,29,,,,0.233069,0.231,0.237,29.703448,29.6,29.8,3.877379,3.875,3.88,6902,6930,0,0,0,0
2022-10-25T22:00:00Z,29,,,,0.233276,0.232,0.235,29.693103,29.6,29.8,3.876931,3.875,3.88,6931,6959,0,0,0,0
2022-10-25T23:00:00Z,30,,,,0.233167,0.232,0.236,29.776667,29.7,29.9,3.877133,3.874,3.88,6960,6989,0,0,0,0
2022-10-26T00:00:00Z,29,,,,0.232966,0.232,0.236,29.955172,29.8,30,3.877103,3.874,3.88,6990,7018,0,0,0,0
2022-10-26T01:00:00Z,29,,,,0.233,0.232,0.236,30,30,30,3.875655,3.874,3.879,7019,7047,0,0,0,0
2022-10-26T02:00:00Z,29,,,,0.232345,0.231,0.236,30.062069,30,30.1,3.876138,3.874,3.88,7048,7076,0,0,0,0
2022-10-26T03:00:00Z,29,,,,0.232724,0.231,0.236,30.210345,30.1,30.4,3.876621,3.874,3.88,7077,7105,0,0,0,0
2022-10-26T04:00:00Z,30,,,,0.232267,0.231,0.234,29.923333,28.8,30.4,3.875833,3.874,3.879,7106,7135,0,0,0,0
2022-10-26T05:00:00Z,28,,,,0.231786,0.23,0.235,30.957143,30.7,31.3,3.876393,3.874,3.879,7137,7164,0,0,0,0
2022-10-26T06:00:00Z,29,,,,0.232138,0.23,0.234,30.768966,30.6,31,3.875448,3.872,3.879,7165,7193,0,0,0,0
2022-10-26T07:00:00Z,29,,,,0.232069,0.23,0.233,30.689655,30.6,31,3.87469,3.872,3.879,7194,7222,0,0,0,0
2022-10-26T08:00:00Z,30,,,,0.232067,0.23,0.235,30.59,30.5,30.6,3.874933,3.872,3.879,7223,7252,0,0,0,0
2022-10-26T09:00:00Z,29,,,,0.232517,0.231,0.235,30.568966,30.5,30.6,3.874552,3.872,3.877,7253,7281,0,0,0,0
2022-10-26T10:00:00Z,29,,,,0.232621,0.231,0.235,30.451724,30.4,30.5,3.87431,3.872,3.877,7282,7310,0,0,0,0
2022-10-26T11:00:00Z,29,,,,0.232621,0.231,0.236,30.393103,30.3,30.5,3.873414,3.872,3.875,7311,7339,0,0,0,0
2022-10-26T12:00:00Z,29,,,,0.232621,0.231,0.235,30.372414,30.3,30.4,3.873103,3.871,3.877,7340,7368,0,0,0,0
2022-10-26T13:00:00Z,30,,,,0.2338,0.231,0.238,27.653333,24.3,30.4,3.8732,3.871,3.875,7369,7398,0,0,0,0
2022-10-26T14:00:00Z,29,,,,0.23631,0.234,0.239,25.893103,24.4,27,3.87169,3.871,3.874,7399,7427,0,0,0,0
2022-10-26T15:00:00Z,29,,,,0.234793,0.233,0.238,25.648276,22,28.8,3.871621,3.869,3.874,7428,7456,0,0,0,0
2022-10-26T16:00:00Z,29,,,,0.233448,0.232,0.235,24.958621,23.8,28.9,3.871931,3.871,3.874,7457,7485,0,0,0,0
2022-10-26T17:00:00Z,29,,,,0.233207,0.232,0.236,26.662069,24.5,30,3.871379,3.871,3.874,7486,7514,0,0,0,0
2022-10-26T18:00:00Z,29,,,,0.232828,0.232,0.234,29.975862,29.9,30,3.871103,3.869,3.872,7516,7544,0,0,0,0
2022-10-26T19:00:00Z,29,,,,0.232897,0.232,0.235,29.924138,29.9,30,3.871103,3.869,3.874,7545,7573,0,0,0,0
2022-10-26T20:00:00Z,27,,,,0.232963,0.231,0.235,29.888889,29.8,30,3.870704,3.869,3.872,7574,7602,0,0,0,0
2022-10-26T21:00:00Z,9,,,,0.233,0.232,0.234,29.988889,29.9,30.1,3.870111,3.869,3.871,7603,7618,0,0,0,0
2022-10-26T22:00:00Z,24,,,,0.23275,0.231,0.234,29.908333,29.7,30.1,3.8695,3.869,3.871,7632,7658,0,0,0,0
2022-10-26T23:00:00Z,12,,,,0.233,0.232,0.235,29.825,29.8,29.9,3.869667,3.869,3.871,7659,7670,0,0,0,0
2022-10-27T00:00:00Z,26,,,,0.232654,0.232,0.234,29.946154,29.8,30,3.869692,3.867,3.871,7691,7716,0,0,0,0
2022-10-27T01:00:00Z,29,,,,0.232517,0.231,0.234,30.031034,29.1,30.1,3.869345,3.867,3.871,7717,7745,0,0,0,0
2022-10-27T02:00:00Z,30,,,,0.232467,0.231,0.234,29.79,26.4,30.3,3.869133,3.867,3.871,7746,7775,0,0,0,0
2022-10-27T03:00:00Z,29,,,,0.232172,0.231,0.234,30.337931,30.2,30.5,3.869276,3.869,3.871,7776,7804,0,0,0,0
2022-10-27T04:00:00Z,29,,,,0.232483,0.23,0.236,30.410345,30.4,30.5,3.868793,3.867,3.871,7805,7833,0,0,0,0
2022-10-27T05:00:00Z,29,,,,0.23231,0.231,0.234,30.262069,30.2,30.4,3.867966,3.867,3.869,7834,7862,0,0,0,0
2022-10-27T06:00:00Z,29,,,,0.232517,0.231,0.235,30.134483,30.1,30.2,3.867897,3.867,3.869,7863,7891,0,0,0,0
2022-10-27T07:00:00Z,30,,,,0.232367,0.231,0.235,30.106667,30.1,30.2,3.867467,3.866,3.869,7892,7921,0,0,0,0
2022-10-27T08:00:00Z,29,,,,0.232276,0.231,0.233,30.103448,30.1,30.2,3.867448,3.866,3.869,7922,7950,0,0,0,0
2022-10-27T09:00:00Z,29,,,,0.232276,0.231,0.234,30.103448,30.1,30.2,3.867379,3.866,3.869,7951,7979,0,0,0,0
2022-10-27T10:00:00Z,29,,,,0.232276,0.231,0.234,30.103448,30.1,30.2,3.866897,3.866,3.869,7980,8008,0,0,0,0
2022-10-27T11:00:00Z,29,,,,0.232724,0.231,0.236,30.1,30.1,30.1,3.86631,3.864,3.869,8009,8037,0,0,0,0
2022-10-27T12:00:00Z,30,,,,0.232333,0.231,0.234,30.1,30.1,30.1,3.865967,3.862,3.867,8038,8067,0,0,0,0
2022-10-27T13:00:00Z,29,,,,0.232517,0.231,0.236,30.1,30.1,30.1,3.86531,3.862,3.867,8068,8096,0,0,0,0
2022-10-27T14:00:00Z,29,,,,0.232379,0.231,0.233,30.103448,30.1,30.2,3.864483,3.862,3.867,8097,8125,0,0,0,0
2022-10-27T15:00:00Z,29,,,,0.23469,0.232,0.237,27.355172,24.9,30.1,3.862655,3.861,3.866,8126,8154,0,0,0,0
2022-10-27T16:00:00Z,30,,,,0.2345,0.233,0.237,27.973333,26.4,28.7,3.861967,3.859,3.864,8155,8184,0,0,0,0
2022-10-27T17:00:00Z,29,,,,0.233517,0.233,0.237,25.037931,24.5,26,3.862586,3.861,3.866,8185,8213,0,0,0,0
2022-10-27T18:00:00Z,29,,,,0.233345,0.232,0.235,25.268966,24.7,25.8,3.861897,3.859,3.866,8214,8242,0,0,0,0
2022-10-27T19:00:00Z,29,,,,0.233862,0.232,0.237,25.52069,25,25.8,3.861448,3.857,3.866,8243,8271,0,0,0,0
2022-10-27T20:00:00Z,29,,,,0.233448,0.232,0.236,25.810345,25.3,26.5,3.860621,3.857,3.864,8272,8300,0,0,0,0
2022-10-27T21:00:00Z,30,,,,0.233533,0.232,0.236,26.563333,26,27.2,3.859533,3.856,3.862,8301,8330,0,0,0,0
2022-10-27T22:00:00Z,27,,,,0.234741,0.232,0.238,25.814815,24.5,27.5,3.858667,3.856,3.862,8331,8359,0,0,0,0
2022-10-27T23:00:00Z,8,,,,0.23625,0.235,0.239,25.65,24.5,26.5,3.85625,3.854,3.859,8360,8377,0,0,0,0
2022-10-28T00:00:00Z,20,,,,0.23505,0.233,0.237,23.4,22.1,24.7,3.8542,3.852,3.857,8395,8414,0,0,0,0
2022-10-28T01:00:00Z,29,,,,0.233897,0.233,0.237,24.548276,23.3,25.7,3.853897,3.852,3.857,8415,8443,0,0,0,0
2022-10-28T02:00:00Z,29,,,,0.233241,0.232,0.237,25.724138,24.8,27.1,3.853966,3.851,3.857,8444,8472,0,0,0,0
2022-10-28T03:00:00Z,30,,,,0.2329,0.232,0.235,26.313333,25.9,26.7,3.853633,3.851,3.857,8473,8502,0,0,0,0
2022-10-28T04:00:00Z,29,,,,0.233103,0.232,0.237,26.544828,26.2,27.2,3.854103,3.851,3.859,8503,8531,0,0,0,0
2022-10-28T05:00:00Z,29,,,,0.232828,0.231,0.235,26.562069,26.2,26.9,3.853345,3.851,3.857,8532,8560,0,0,0,0
2022-10-28T06:00:00Z,29,,,,0.232655,0.231,0.236,27.044828,26.7,27.2,3.852586,3.851,3.856,8561,8589,0,0,0,0
2022-10-28T07:00:00Z,30,,,,0.232567,0.231,0.234,26.786667,26.4,27.2,3.851867,3.849,3.857,8590,8619,0,0,0,0
2022-10-28T08:00:00Z,29,,,,0.232483,0.231,0.234,26.441379,26.2,26.9,3.851621,3.849,3.854,8620,8648,0,0,0,0
2022-10-28T09:00:00Z,29,,,,0.232793,0.231,0.235,26.424138,26.1,26.8,3.850276,3.846,3.854,8649,8677,0,0,0,0
2022-10-28T10:00:00Z,29,,,,0.232931,0.231,0.237,26.306897,25.9,26.7,3.849931,3.847,3.852,8678,8706,0,0,0,0
2022-10-28T11:00:00Z,30,,,,0.232633,0.232,0.235,26.15,25.9,26.4,3.848633,3.847,3.854,8707,8736,0,0,0,0
2022-10-28T12:00:00Z,29,,,,0.232414,0.231,0.236,27.041379,26.1,27.4,3.848621,3.846,3.852,8737,8765,0,0,0,0
2022-10-28T13:00:00Z,29,,,,0.232448,0.231,0.234,27.151724,26.7,27.7,3.847931,3.844,3.851,8766,8794,0,0,0,0
2022-10-28T14:00:00Z,29,,,,0.232759,0.231,0.236,27.044828,26.7,27.2,3.848172,3.846,3.852,8795,8823,0,0,0,0
2022-10-28T15:00:00Z,29,,,,0.232414,0.231,0.233,26.944828,26.7,27.2,3.847034,3.844,3.849,8824,8852,0,0,0,0
2022-10-28T16:00:00Z,30,,,,0.233,0.232,0.237,26.953333,26.5,27.2,3.8459,3.844,3.849,8853,8882,0,0,0,0
2022-10-28T17:00:00Z,29,,,,0.233138,0.232,0.234,26.344828,26.1,27,3.845379,3.844,3.847,8883,8911,0,0,0,0
2022-10-28T18:00:00Z,29,,,,0.233414,0.232,0.236,26.193103,25.8,26.6,3.844483,3.842,3.849,8912,8940,0,0,0,0
2022-10-28T19:00:00Z,29,,,,0.233,0.232,0.236,26.124138,25.9,26.4,3.843103,3.841,3.847,8941,8969,0,0,0,0
2022-10-28T20:00:00Z,30,,,,0.232867,0.232,0.234,26.06,25.9,26.2,3.8436,3.841,3.847,8970,8999,0,0,0,0
2022-10-28T21:00:00Z,29,,,,0.233138,0.231,0.237,26.003448,25.8,26.2,3.842931,3.841,3.846,9000,9028,0,0,0,0
2022-10-28T22:00:00Z,29,,,,0.233172,0.232,0.236,25.948276,25.8,26.1,3.842138,3.841,3.846,9029,9057,0,0,0,0
2022-10-28T23:00:00Z,29,,,,0.232621,0.231,0.235,25.844828,25.8,26,3.841828,3.841,3.844,9058,9086,0,0,0,0
2022-10-29T00:00:00Z,29,,,,0.232897,0.232,0.234,25.875862,25.8,26,3.840793,3.838,3.844,9087,9115,0,0,0,0
2022-10-29T01:00:00Z,30,,,,0.232533,0.231,0.234,26.003333,25.8,26.4,3.840867,3.838,3.846,9116,9145,0,0,0,0
2022-10-29T02:00:00Z,29,,,,0.23231,0.23,0.234,27.255172,26.1,30.1,3.841103,3.839,3.844,9146,9174,0,0,0,0
2022-10-29T03:00:00Z,29,,,,0.232207,0.231,0.235,29.489655,27.3,30.4,3.840414,3.838,3.844,9175,9203,0,0,0,0
2022-10-29T04:00:00Z,29,,,,0.232276,0.23,0.235,27.927586,27.7,28.6,3.840138,3.838,3.842,9204,9232,0,0,0,0
2022-10-29T05:00:00Z,29,,,,0.231621,0.23,0.233,27.310345,26.7,27.9,3.839966,3.838,3.842,9233,9261,0,0,0,0
2022-10-29T06:00:00Z,30,,,,0.231933,0.23,0.234,26.396667,25.9,26.9,3.8388,3.836,3.841,9262,9291,0,0,0,0
2022-10-29T07:00:00Z,29,,,,0.232103,0.23,0.234,26.017241,25.8,26.3,3.837552,3.834,3.841,9292,9320,0,0,0,0
2022-10-29T08:00:00Z,29,,,,0.232172,0.23,0.234,25.848276,25.7,26,3.836931,3.834,3.839,9321,9349,0,0,0,0
2022-10-29T09:00:00Z,29,,,,0.232138,0.23,0.234,25.782759,25.7,25.9,3.837,3.834,3.839,9350,9378,0,0,0,0
2022-10-29T10:00:00Z,30,,,,0.2327,0.231,0.235,25.766667,25.6,25.8,3.836667,3.834,3.839,9379,9408,0,0,0,0
2022-10-29T11:00:00Z,28,,,,0.232393,0.231,0.233,25.746429,25.6,25.8,3.83475,3.833,3.838,9409,9437,0,0,0,0
2022-10-29T12:00:00Z,29,,,,0.232345,0.231,0.233,25.644828,25.2,25.8,3.834448,3.833,3.839,9438,9466,0,0,0,0
2022-10-29T13:00:00Z,29,,,,0.232517,0.231,0.235,25.603448,25.3,25.7,3.833138,3.829,3.838,9467,9495,0,0,0,0
2022-10-29T14:00:00Z,30,,,,0.232233,0.231,0.234,25.54,25.2,25.7,3.832667,3.829,3.836,9496,9525,0,0,0,0
2022-10-29T15:00:00Z,29,,,,0.232241,0.231,0.235,25.558621,25.3,25.7,3.831517,3.828,3.834,9526,9554,0,0,0,0
2022-10-29T16:00:00Z,29,,,,0.232138,0.231,0.233,25.637931,25.4,25.8,3.831552,3.828,3.836,9555,9583,0,0,0,0
2022-10-29T17:00:00Z,29,,,,0.231966,0.23,0.235,25.544828,25.2,25.7,3.829828,3.826,3.836,9584,9612,0,0,0,0
2022-10-29T18:00:00Z,29,,,,0.232448,0.231,0.235,25.417241,25.1,25.7,3.829172,3.828,3.833,9613,9641,0,0,0,0
2022-10-29T19:00:00Z,30,,,,0.232467,0.231,0.234,25.54,25.2,25.7,3.8289,3.826,3.833,9642,9671,0,0,0,0
2022-10-29T20:00:00Z,29,,,,0.232586,0.231,0.235,25.527586,25.2,25.7,3.82769,3.826,3.831,9672,9700,0,0,0,0
2022-10-29T21:00:00Z,29,,,,0.233276,0.232,0.236,25.513793,25.2,25.7,3.827483,3.824,3.831,9701,9729,0,0,0,0
2022-10-29T22:00:00Z,29,,,,0.232897,0.231,0.236,25.448276,25.2,25.7,3.826517,3.824,3.829,9730,9758,0,0,0,0
2022-10-29T23:00:00Z,14,,,,0.232857,0.232,0.236,25.428571,25.3,25.6,3.825357,3.823,3.828,9759,9780,0,0,0,0
2022-10-30T00:00:00Z,15,,,,0.232267,0.231,0.234,25.193333,24.8,25.4,3.823333,3.821,3.826,9800,9814,0,0,0,0
2022-10-30T01:00:00Z,29,,,,0.232103,0.23,0.234,25.124138,24.8,25.5,3.821793,3.819,3.824,9815,9843,0,0,0,0
2022-10-30T02:00:00Z,29,,,,0.232345,0.231,0.233,25.375862,24.9,25.7,3.822483,3.819,3.826,9844,9872,0,0,0,0
2022-10-30T03:00:00Z,29,,,,0.232793,0.231,0.237,25.668966,25.2,26.2,3.821897,3.821,3.824,9873,9901,0,0,0,0
2022-10-30T04:00:00Z,29,,,,0.234379,0.232,0.237,25.793103,25.5,25.9,3.820069,3.818,3.824,9902,9930,0,0,0,0
2022-10-30T05:00:00Z,30,,,,0.235167,0.233,0.237,24.496667,24,25.2,3.819233,3.818,3.823,9931,9960,0,0,0,0
2022-10-30T06:00:00Z,29,,,,0.235138,0.234,0.238,23.672414,23.3,24.1,3.819034,3.818,3.821,9961,9989,0,0,0,0
2022-10-30T07:00:00Z,29,,,,0.235,0.233,0.237,23.017241,22,23.8,3.818448,3.818,3.821,9990,10018,0,0,0,0
2022-10-30T08:00:00Z,29,,,,0.233414,0.232,0.235,23.231034,21.8,25.8,3.818241,3.818,3.821,10019,10047,0,0,0,0
2022-10-30T09:00:00Z,30,,,,0.233167,0.232,0.235,24.683333,23.7,25.5,3.818367,3.818,3.821,10048,10077,0,0,0,0
2022-10-30T10:00:00Z,29,,,,0.233069,0.232,0.234,25.586207,25.2,25.8,3.818276,3.816,3.821,10078,10106,0,0,0,0
2022-10-30T11:00:00Z,29,,,,0.232655,0.231,0.234,25.768966,25.5,26.1,3.817862,3.816,3.819,10107,10135,0,0,0,0
2022-10-30T12:00:00Z,28,,,,0.232679,0.231,0.234,26.178571,25.8,26.7,3.818036,3.816,3.821,10136,10164,0,0,0,0
2022-10-30T13:00:00Z,30,,,,0.2324,0.231,0.236,26.41,26.1,26.8,3.8172,3.816,3.818,10165,10194,0,0,0,0
2022-10-30T14:00:00Z,29,,,,0.235172,0.233,0.238,24.668966,23.7,26.2,3.817172,3.816,3.818,10195,10223,0,0,0,0
2022-10-30T15:00:00Z,29,,,,0.236207,0.234,0.238,24.57931,23.8,25.1,3.816069,3.816,3.818,10224,10252,0,0,0,0
2022-10-30T16:00:00Z,29,,,,0.235586,0.233,0.238,25.513793,24.6,27.1,3.815655,3.814,3.818,10253,10281,0,0,0,0
2022-10-30T17:00:00Z,29,,,,0.233655,0.232,0.237,25.927586,24.5,28.6,3.815517,3.814,3.816,10282,10310,0,0,0,0
2022-10-30T18:00:00Z,30,,,,0.233733,0.233,0.236,25.62,24.7,26.2,3.8158,3.814,3.818,10311,10340,0,0,0,0
2022-10-30T19:00:00Z,28,,,,0.233107,0.232,0.237,25.778571,24.5,27.2,3.815321,3.813,3.818,10341,10368,0,0,0,0
2022-10-30T20:00:00Z,29,,,,0.235034,0.233,0.238,24.92069,24.6,25.9,3.813828,3.811,3.816,10369,10397,0,0,0,0
2022-10-30T21:00:00Z,29,,,,0.234862,0.233,0.238,25.617241,24.5,27.8,3.813483,3.811,3.816,10398,10426,0,0,0,0
2022-10-30T22:00:00Z,27,,,,0.233593,0.232,0.236,25.525926,24.7,26.2,3.813519,3.811,3.816,10427,10455,0,0,0,0
2022-10-30T23:00:00Z,30,,,,0.235133,0.233,0.24,25.233333,24.1,26.7,3.8121,3.809,3.814,10456,10485,0,0,0,0
2022-10-31T00:00:00Z,29,,,,0.234931,0.233,0.238,26.982759,25.2,28.9,3.811586,3.809,3.814,10486,10514,0,0,0,0
2022-10-31T01:00:00Z,29,,,,0.232966,0.232,0.234,26.517241,25.1,28.9,3.811483,3.809,3.814,10515,10543,0,0,0,0
2022-10-31T02:00:00Z,29,,,,0.232621,0.232,0.235,27.055172,26.6,27.2,3.811448,3.808,3.814,10544,10572,0,0,0,0
2022-10-31T03:00:00Z,30,,,,0.232333,0.23,0.235,27.726667,27.1,28.6,3.809633,3.806,3.813,10573,10602,0,0,0,0
2022-10-31T04:00:00Z,29,,,,0.231897,0.23,0.233,29.365517,27.7,30.7,3.809931,3.806,3.813,10603,10631,0,0,0,0
2022-10-31T05:00:00Z,29,,,,0.231552,0.23,0.233,30.327586,30,30.6,3.809,3.806,3.813,10632,10660,0,0,0,0
2022-10-31T06:00:00Z,29,,,,0.231621,0.23,0.234,29.668966,29.2,30.1,3.808655,3.805,3.811,10661,10689,0,0,0,0
2022-10-31T07:00:00Z,29,,,,0.231483,0.23,0.233,29.27931,29,29.9,3.807897,3.805,3.811,10690,10718,0,0,0,0
2022-10-31T08:00:00Z,30,,,,0.2316,0.229,0.234,29.22,28.9,29.5,3.806967,3.803,3.809,10719,10748,0,0,0,0
2022-10-31T09:00:00Z,29,,,,0.231793,0.23,0.234,29.17931,28.9,29.6,3.804586,3.801,3.808,10749,10777,0,0,0,0
2022-10-31T10:00:00Z,29,,,,0.23169,0.23,0.234,28.948276,28.7,29.3,3.803793,3.801,3.808,10778,10806,0,0,0,0
2022-10-31T11:00:00Z,29,,,,0.231793,0.23,0.234,28.903448,28.6,29.3,3.805448,3.805,3.808,10807,10835,0,0,0,0
2022-10-31T12:00:00Z,30,,,,0.232,0.23,0.234,28.693333,28.6,29,3.804967,3.803,3.808,10836,10865,0,0,0,0
2022-10-31T13:00:00Z,29,,,,0.231586,0.23,0.234,28.655172,28.6,28.9,3.803345,3.801,3.806,10866,10894,0,0,0,0
2022-10-31T14:00:00Z,29,,,,0.232966,0.231,0.236,27.568966,25.6,29,3.801897,3.801,3.805,10895,10923,0,0,0,0
2022-10-31T15:00:00Z,29,,,,0.235069,0.233,0.237,25.251724,24.7,25.8,3.800897,3.8,3.803,10924,10952,0,0,0,0
2022-10-31T16:00:00Z,30,,,,0.2355,0.233,0.238,24.87,24.5,25.8,3.800067,3.798,3.803,10953,10982,0,0,0,0
2022-10-31T17:00:00Z,29,,,,0.235069,0.233,0.238,24.665517,23.6,25.8,3.798552,3.796,3.8,10983,11011,0,0,0,0
2022-10-31T18:00:00Z,20,,,,0.23365,0.232,0.235,25.595,23.9,28.6,3.7972,3.796,3.798,11012,11040,0,0,0,0
2022-10-31T19:00:00Z,29,,,,0.233276,0.232,0.236,26.996552,26.1,28.2,3.796345,3.795,3.798,11041,11069,0,0,0,0
2022-10-31T20:00:00Z,29,,,,0.233,0.232,0.234,27.168966,26.9,27.5,3.795759,3.795,3.798,11070,11099,0,0,0,0
2022-10-31T21:00:00Z,29,,,,0.232655,0.232,0.234,27.310345,26.7,28.6,3.794966,3.793,3.796,11100,11128,0,0,0,0
2022-10-31T22:00:00Z,29,,,,0.232759,0.231,0.235,27.3,27.1,27.7,3.794586,3.793,3.796,11129,11157,0,0,0,0
2022-10-31T23:00:00Z,29,,,,0.232793,0.232,0.235,27.134483,26.8,27.2,3.792931,3.791,3.795,11158,11186,0,0,0,0
2022-11-01T00:00:00Z,29,,,,0.232621,0.231,0.236,27.248276,27.2,27.6,3.792241,3.791,3.795,11187,11215,0,0,0,0
2022-11-01T01:00:00Z,30,,,,0.2321,0.23,0.234,27.506667,27.2,27.9,3.791067,3.79,3.793,11216,11245,0,0,0,0
2022-11-01T02:00:00Z,29,,,,0.231586,0.23,0.233,27.782759,27.6,28.2,3.790379,3.79,3.791,11246,11274,0,0,0,0
2022-11-01T03:00:00Z,9,,,,0.231556,0.23,0.233,28.3,28,28.9,3.789889,3.788,3.791,11275,11298,0,0,0,0
2022-11-01T04:00:00Z,8,,,,0.23125,0.23,0.235,28.3,27.9,28.8,3.78525,3.783,3.788,11302,11328,0,0,0,0
2022-11-01T05:00:00Z,29,,,,0.231655,0.23,0.233,27.7,27.3,28.1,3.78369,3.781,3.785,11329,11357,0,0,0,0
2022-11-01T06:00:00Z,30,,,,0.2318,0.23,0.233,27.34,27.2,27.7,3.782333,3.781,3.785,11358,11387,0,0,0,0
2022-11-01T07:00:00Z,29,,,,0.231724,0.23,0.235,27.244828,27.2,27.4,3.78069,3.778,3.783,11388,11416,0,0,0,0
2022-11-01T08:00:00Z,29,,,,0.231793,0.23,0.234,27.296552,27.2,27.5,3.778862,3.775,3.781,11417,11445,0,0,0,0
2022-11-01T09:00:00Z,29,,,,0.231276,0.229,0.233,27.224138,27.2,27.4,3.776966,3.773,3.78,11446,11474,0,0,0,0
2022-11-01T10:00:00Z,30,,,,0.232033,0.23,0.234,27.236667,27.2,27.4,3.775367,3.773,3.778,11475,11504,0,0,0,0
2022-11-01T11:00:00Z,29,,,,0.231793,0.23,0.235,27.196552,27.1,27.2,3.774069,3.773,3.776,11505,11533,0,0,0,0
2022-11-01T12:00:00Z,29,,,,0.231552,0.23,0.233,27.193103,27,27.2,3.772966,3.772,3.775,11534,11562,0,0,0,0
2022-11-01T13:00:00Z,29,,,,0.232034,0.23,0.234,27.196552,27.1,27.2,3.771483,3.77,3.773,11563,11591,0,0,0,0
2022-11-01T14:00:00Z,29,,,,0.231828,0.23,0.234,27.2,27.2,27.2,3.768897,3.768,3.77,11592,11620,0,0,0,0
2022-11-01T15:00:00Z,29,,,,0.232034,0.23,0.234,27.203448,27.2,27.3,3.767862,3.767,3.77,11621,11650,0,0,0,0
2022-11-01T16:00:00Z,29,,,,0.232,0.23,0.236,27.206897,27.2,27.3,3.766793,3.765,3.768,11651,11679,0,0,0,0
2022-11-01T17:00:00Z,29,,,,0.232,0.23,0.234,27.158621,27,27.2,3.765655,3.765,3.768,11680,11708,0,0,0,0
2022-11-01T18:00:00Z,29,,,,0.232103,0.23,0.233,26.968966,26.7,27.1,3.765,3.763,3.767,11709,11737,0,0,0,0
2022-11-01T19:00:00Z,30,,,,0.2319,0.231,0.233,26.766667,26.5,27.1,3.764467,3.763,3.765,11738,11767,0,0,0,0
2022-11-01T20:00:00Z,29,,,,0.232172,0.231,0.233,26.710345,26.4,26.9,3.763069,3.763,3.765,11768,11796,0,0,0,0
2022-11-01T21:00:00Z,29,,,,0.232276,0.231,0.233,26.606897,26.3,26.8,3.762897,3.762,3.763,11797,11825,0,0,0,0
2022-11-01T22:00:00Z,29,,,,0.232034,0.231,0.234,26.462069,26.2,26.7,3.761862,3.76,3.763,11826,11854,0,0,0,0
2022-11-01T23:00:00Z,30,,,,0.232533,0.231,0.234,26.416667,26.2,26.6,3.761267,3.758,3.762,11855,11884,0,0,0,0
2022-11-02T00:00:00Z,29,,,,0.232138,0.231,0.233,26.462069,26.2,26.7,3.758862,3.757,3.762,11885,11913,0,0,0,0
2022-11-02T01:00:00Z,29,,,,0.232207,0.23,0.234,26.596552,26.4,26.8,3.757207,3.755,3.76,11914,11942,0,0,0,0
2022-11-02T02:00:00Z,29,,,,0.232069,0.23,0.234,26.67931,26.5,27,3.755759,3.753,3.757,11943,11971,0,0,0,0
2022-11-02T03:00:00Z,29,,,,0.231931,0.23,0.236,27.044828,26.7,27.2,3.753966,3.753,3.757,11972,12000,0,0,0,0
2022-11-02T04:00:00Z,29,,,,0.231069,0.229,0.233,29.348276,27.4,31.5,3.751379,3.748,3.755,12001,12030,0,0,0,0
2022-11-02T05:00:00Z,29,,,,0.231172,0.229,0.233,31.4,31.4,31.4,3.749172,3.748,3.752,12031,12059,0,0,0,0
2022-11-02T06:00:00Z,29,,,,0.230828,0.229,0.232,31.403448,31.4,31.5,3.747517,3.745,3.75,12060,12088,0,0,0,0
2022-11-02T07:00:00Z,29,,,,0.231241,0.229,0.233,31.410345,31.4,31.5,3.745414,3.743,3.747,12089,12117,0,0,0,0
2022-11-02T08:00:00Z,29,,,,0.231241,0.229,0.234,31.4,31.4,31.4,3.742862,3.742,3.745,12118,12146,0,0,0,0
2022-11-02T09:00:00Z,30,,,,0.2314,0.23,0.234,31.396667,31.3,31.4,3.742433,3.742,3.745,12147,12176,0,0,0,0
2022-11-02T10:00:00Z,29,,,,0.231448,0.23,0.234,31.396552,31.3,31.4,3.740621,3.739,3.743,12177,12205,0,0,0,0
2022-11-02T11:00:00Z,29,,,,0.231276,0.229,0.234,31.362069,31.3,31.4,3.738862,3.737,3.74,12206,12234,0,0,0,0
2022-11-02T12:00:00Z,29,,,,0.230897,0.229,0.233,31.344828,31.3,31.4,3.737069,3.735,3.739,12235,12263,0,0,0,0
2022-11-02T13:00:00Z,30,,,,0.232867,0.23,0.237,28.59,25,31.4,3.735233,3.734,3.737,12264,12293,0,0,0,0
2022-11-02T14:00:00Z,29,,,,0.234379,0.232,0.237,24.87931,23.5,25.6,3.733655,3.73,3.735,12294,12322,0,0,0,0
2022-11-02T15:00:00Z,29,,,,0.232621,0.231,0.235,25.42069,23.8,26.7,3.732207,3.73,3.734,12323,12351,0,0,0,0
2022-11-02T16:00:00Z,29,,,,0.232276,0.23,0.235,26.951724,26.3,27.5,3.730069,3.729,3.732,12352,12380,0,0,0,0
2022-11-02T17:00:00Z,29,,,,0.232069,0.23,0.233,27.375862,27.2,27.6,3.728207,3.725,3.73,12381,12409,0,0,0,0
2022-11-02T18:00:00Z,30,,,,0.231867,0.23,0.234,28.263333,27.4,29.1,3.725433,3.724,3.727,12410,12439,0,0,0,0
2022-11-02T19:00:00Z,29,,,,0.231276,0.23,0.233,28.355172,27.7,29,3.723276,3.72,3.725,12440,12468,0,0,0,0
2022-11-02T20:00:00Z,29,,,,0.231655,0.23,0.233,27.689655,27.3,28.2,3.721103,3.719,3.724,12469,12497,0,0,0,0
2022-11-02T21:00:00Z,29,,,,0.232172,0.23,0.234,27.32069,27.1,27.7,3.718862,3.717,3.722,12498,12526,0,0,0,0
2022-11-02T22:00:00Z,30,,,,0.232,0.23,0.233,26.94,26.7,27.2,3.7169,3.714,3.719,12527,12556,0,0,0,0
2022-11-02T23:00:00Z,29,,,,0.232207,0.23,0.235,26.603448,26.2,26.9,3.71431,3.712,3.717,12557,12585,0,0,0,0
2022-11-03T00:00:00Z,29,,,,0.232069,0.23,0.235,26.355172,26.2,26.6,3.713345,3.712,3.715,12586,12614,0,0,0,0
2022-11-03T01:00:00Z,29,,,,0.231793,0.231,0.233,26.406897,26.2,26.7,3.711931,3.71,3.712,12615,12643,0,0,0,0
2022-11-03T02:00:00Z,29,,,,0.231931,0.23,0.234,26.593103,26.2,27,3.710897,3.71,3.712,12644,12672,0,0,0,0
2022-11-03T03:00:00Z,30,,,,0.232,0.23,0.234,26.96,26.7,27.2,3.710067,3.71,3.712,12673,12702,0,0,0,0
2022-11-03T04:00:00Z,14,,,,0.231571,0.23,0.233,27.192857,26.8,28.5,3.709071,3.707,3.71,12703,12723,0,0,0,0
2022-11-03T05:00:00Z,20,,,,0.23135,0.23,0.233,27.185,26.9,27.3,3.7034,3.702,3.706,12738,12757,0,0,0,0
2022-11-03T06:00:00Z,30,,,,0.2315,0.23,0.234,27.006667,26.8,27.2,3.7011,3.699,3.702,12758,12787,0,0,0,0
2022-11-03T07:00:00Z,29,,,,0.231448,0.23,0.234,26.889655,26.7,27.1,3.698621,3.694,3.702,12788,12816,0,0,0,0
2022-11-03T08:00:00Z,29,,,,0.231759,0.23,0.234,26.782759,26.6,27,3.695793,3.687,3.699,12817,12845,0,0,0,0
2022-11-03T09:00:00Z,29,,,,0.231966,0.23,0.234,26.786207,26.6,27.1,3.691069,3.686,3.697,12846,12874,0,0,0,0
2022-11-03T10:00:00Z,30,,,,0.2319,0.229,0.233,26.67,26.4,26.9,3.686033,3.682,3.691,12875,12904,0,0,0,0
2022-11-03T11:00:00Z,29,,,,0.232138,0.23,0.236,26.603448,26.4,26.7,3.683103,3.682,3.684,12905,12933,0,0,0,0
2022-11-03T12:00:00Z,29,,,,0.232172,0.23,0.236,26.468966,26.2,26.7,3.681931,3.681,3.682,12934,12962,0,0,0,0
2022-11-03T13:00:00Z,29,,,,0.232103,0.23,0.234,26.431034,26.2,26.7,3.681172,3.679,3.684,12963,12991,0,0,0,0
2022-11-03T14:00:00Z,29,,,,0.232034,0.23,0.234,26.424138,26.2,26.7,3.67831,3.677,3.681,12992,13020,0,0,0,0
2022-11-03T15:00:00Z,30,,,,0.231867,0.23,0.233,26.61,26.2,26.8,3.6765,3.674,3.679,13021,13050,0,0,0,0
2022-11-03T16:00:00Z,29,,,,0.231897,0.23,0.234,26.551724,26.3,26.7,3.674552,3.671,3.676,13051,13079,0,0,0,0
2022-11-03T17:00:00Z,29,,,,0.232138,0.231,0.235,26.296552,26.1,26.7,3.672448,3.671,3.676,13080,13108,0,0,0,0
2022-11-03T18:00:00Z,29,,,,0.231586,0.23,0.233,26.217241,25.9,26.4,3.669759,3.668,3.673,13109,13137,0,0,0,0
2022-11-03T19:00:00Z,30,,,,0.232767,0.231,0.234,26.053333,25.9,26.2,3.668,3.666,3.669,13138,13167,0,0,0,0
2022-11-03T20:00:00Z,29,,,,0.23231,0.231,0.234,25.996552,25.8,26.2,3.665414,3.663,3.668,13168,13196,0,0,0,0
2022-11-03T21:00:00Z,29,,,,0.232172,0.231,0.233,25.962069,25.8,26.2,3.66369,3.661,3.666,13197,13225,0,0,0,0
2022-11-03T22:00:00Z,29,,,,0.232276,0.231,0.233,25.937931,25.8,26.1,3.662379,3.659,3.664,13226,13254,0,0,0,0
2022-11-03T23:00:00Z,30,,,,0.2323,0.231,0.233,25.876667,25.8,26,3.660333,3.659,3.663,13255,13284,0,0,0,0
2022-11-04T00:00:00Z,29,,,,0.232414,0.231,0.234,25.913793,25.8,26.1,3.658966,3.658,3.659,13285,13313,0,0,0,0
2022-11-04T01:00:00Z,29,,,,0.232207,0.231,0.234,25.910345,25.8,26.2,3.658517,3.658,3.659,13314,13342,0,0,0,0
2022-11-04T02:00:00Z,29,,,,0.232448,0.231,0.234,25.910345,25.8,26.2,3.658034,3.658,3.659,13343,13371,0,0,0,0
2022-11-04T03:00:00Z,30,,,,0.232033,0.23,0.234,26.046667,25.8,26.2,3.657667,3.656,3.658,13372,13401,0,0,0,0
2022-11-04T04:00:00Z,29,,,,0.231966,0.23,0.234,26.131034,25.9,26.3,3.655931,3.654,3.658,13402,13430,0,0,0,0
2022-11-04T05:00:00Z,29,,,,0.231793,0.23,0.233,26.141379,25.9,26.4,3.655034,3.653,3.658,13431,13459,0,0,0,0
2022-11-04T06:00:00Z,29,,,,0.231931,0.23,0.234,26.255172,25.9,26.6,3.653552,3.651,3.656,13460,13488,0,0,0,0
2022-11-04T07:00:00Z,29,,,,0.232414,0.231,0.235,26.268966,26,26.5,3.651034,3.649,3.654,13489,13517,0,0,0,0
2022-11-04T08:00:00Z,30,,,,0.232333,0.231,0.235,26.216667,26,26.4,3.6493,3.646,3.651,13518,13547,0,0,0,0
2022-11-04T09:00:00Z,29,,,,0.232207,0.231,0.234,26.082759,25.9,26.2,3.646655,3.644,3.649,13548,13576,0,0,0,0
2022-11-04T10:00:00Z,29,,,,0.232207,0.231,0.234,26.086207,25.9,26.3,3.644483,3.643,3.648,13577,13605,0,0,0,0
2022-11-04T11:00:00Z,29,,,,0.232069,0.23,0.233,26.072414,25.9,26.2,3.642655,3.641,3.646,13606,13634,0,0,0,0
2022-11-04T12:00:00Z,30,,,,0.232133,0.231,0.234,25.996667,25.9,26.2,3.6415,3.64,3.643,13635,13664,0,0,0,0
2022-11-04T13:00:00Z,29,,,,0.232138,0.23,0.234,26.031034,25.9,26.2,3.639586,3.638,3.643,13665,13693,0,0,0,0
2022-11-04T14:00:00Z,29,,,,0.232276,0.23,0.234,26,25.8,26.2,3.637172,3.636,3.638,13694,13722,0,0,0,0
2022-11-04T15:00:00Z,29,,,,0.231931,0.231,0.233,25.872414,25.8,26.1,3.635379,3.633,3.636,13723,13751,0,0,0,0
2022-11-04T16:00:00Z,30,,,,0.2325,0.231,0.235,25.803333,25.7,25.9,3.6336,3.631,3.635,13752,13781,0,0,0,0
2022-11-04T17:00:00Z,29,,,,0.232241,0.231,0.234,25.817241,25.8,25.9,3.631517,3.63,3.635,13782,13810,0,0,0,0
2022-11-04T18:00:00Z,29,,,,0.232448,0.231,0.234,25.855172,25.8,25.9,3.629931,3.628,3.631,13811,13839,0,0,0,0
2022-11-04T19:00:00Z,29,,,,0.232724,0.231,0.235,25.82069,25.8,25.9,3.628759,3.626,3.63,13840,13868,0,0,0,0
2022-11-04T20:00:00Z,30,,,,0.2328,0.232,0.235,25.863333,25.7,26.1,3.6271,3.625,3.63,13869,13898,0,0,0,0
2022-11-04T21:00:00Z,29,,,,0.232897,0.232,0.235,26.227586,25.8,26.6,3.625517,3.623,3.626,13899,13927,0,0,0,0
2022-11-04T22:00:00Z,29,,,,0.233241,0.232,0.236,26.272414,25.9,26.7,3.623414,3.621,3.625,13928,13956,0,0,0,0
2022-11-04T23:00:00Z,29,,,,0.232828,0.232,0.234,25.844828,25.8,25.9,3.621517,3.62,3.625,13957,13985,0,0,0,0
2022-11-05T00:00:00Z,29,,,,0.232966,0.231,0.236,25.810345,25.8,25.9,3.619379,3.618,3.621,13986,14014,0,0,0,0
2022-11-05T01:00:00Z,30,,,,0.232433,0.231,0.234,25.746667,25.6,25.8,3.617133,3.615,3.62,14015,14044,0,0,0,0
2022-11-05T02:00:00Z,29,,,,0.232241,0.23,0.235,25.786207,25.7,25.9,3.61531,3.611,3.618,14045,14073,0,0,0,0
2022-11-05T03:00:00Z,29,,,,0.231724,0.23,0.234,25.82069,25.7,26,3.613931,3.613,3.616,14074,14102,0,0,0,0
2022-11-05T04:00:00Z,29,,,,0.231793,0.23,0.234,26.386207,26,26.8,3.612138,3.61,3.615,14103,14131,0,0,0,0
2022-11-05T05:00:00Z,28,,,,0.231179,0.23,0.233,26.725,26.2,27.2,3.610143,3.608,3.613,14132,14160,0,0,0,0
2022-11-05T06:00:00Z,18,,,,0.231389,0.23,0.233,26.783333,26.5,27.5,3.608556,3.607,3.61,14161,14188,0,0,0,0
2022-11-05T07:00:00Z,2,,,,0.2295,0.229,0.23,27.3,27.3,27.3,3.605,3.605,3.605,14202,14207,0,0,0,0
2022-11-05T08:00:00Z,14,,,,0.231143,0.229,0.233,26.85,26.5,27.2,3.603071,3.602,3.605,14222,14243,0,0,0,0
2022-11-05T09:00:00Z,29,,,,0.231621,0.23,0.233,26.517241,26.2,26.9,3.602103,3.6,3.603,14244,14272,0,0,0,0
2022-11-05T10:00:00Z,29,,,,0.231828,0.23,0.233,26.251724,26,26.5,3.6,3.598,3.602,14273,14301,0,0,0,0
2022-11-05T11:00:00Z,29,,,,0.231966,0.23,0.233,26.106897,25.9,26.4,3.597966,3.595,3.6,14302,14330,0,0,0,0
2022-11-05T12:00:00Z,30,,,,0.232233,0.231,0.233,26.07,25.8,26.2,3.5972,3.595,3.598,14331,14360,0,0,0,0
2022-11-05T13:00:00Z,29,,,,0.232069,0.231,0.234,26.124138,25.9,26.2,3.595483,3.592,3.597,14361,14389,0,0,0,0
2022-11-05T14:00:00Z,29,,,,0.232276,0.231,0.236,25.862069,25.7,26,3.593069,3.59,3.595,14390,14418,0,0,0,0
2022-11-05T15:00:00Z,29,,,,0.232103,0.23,0.234,25.772414,25.7,25.8,3.590862,3.588,3.593,14419,14447,0,0,0,0
2022-11-05T16:00:00Z,29,,,,0.232207,0.23,0.237,25.717241,25.6,25.8,3.58931,3.587,3.592,14448,14476,0,0,0,0
2022-11-05T17:00:00Z,30,,,,0.232,0.231,0.234,25.693333,25.5,25.8,3.587867,3.587,3.59,14477,14506,0,0,0,0
2022-11-05T18:00:00Z,29,,,,0.232483,0.231,0.234,25.989655,25.7,26.3,3.586586,3.585,3.588,14507,14535,0,0,0,0
2022-11-05T19:00:00Z,29,,,,0.232241,0.231,0.235,26.289655,25.9,26.6,3.583931,3.582,3.587,14536,14564,0,0,0,0
2022-11-05T20:00:00Z,29,,,,0.232483,0.231,0.235,26.596552,26.2,27.1,3.582448,3.582,3.585,14565,14593,0,0,0,0
2022-11-05T21:00:00Z,30,,,,0.232533,0.231,0.235,26.48,26.2,27,3.5811,3.578,3.583,14594,14623,0,0,0,0
2022-11-05T22:00:00Z,29,,,,0.232448,0.231,0.234,26.689655,26.4,27,3.580931,3.578,3.583,14624,14652,0,0,0,0
2022-11-05T23:00:00Z,29,,,,0.232621,0.231,0.235,26.67931,26.4,27,3.579448,3.578,3.582,14653,14681,0,0,0,0
2022-11-06T00:00:00Z,29,,,,0.232586,0.232,0.234,26.524138,26.2,26.8,3.578552,3.578,3.58,14682,14710,0,0,0,0
2022-11-06T01:00:00Z,29,,,,0.232517,0.231,0.234,26.186207,26,26.5,3.577897,3.577,3.58,14711,14739,0,0,0,0
2022-11-06T02:00:00Z,30,,,,0.231767,0.23,0.234,25.966667,25.8,26.2,3.576933,3.575,3.578,14740,14769,0,0,0,0
2022-11-06T03:00:00Z,29,,,,0.231793,0.231,0.233,25.896552,25.8,26,3.576207,3.574,3.577,14770,14798,0,0,0,0
2022-11-06T04:00:00Z,29,,,,0.231379,0.229,0.233,25.986207,25.8,26.6,3.57531,3.574,3.577,14799,14827,0,0,0,0
2022-11-06T05:00:00Z,29,,,,0.231069,0.229,0.233,26.113793,25.8,26.5,3.57431,3.574,3.575,14828,14856,0,0,0,0
2022-11-06T06:00:00Z,30,,,,0.2311,0.229,0.234,26.236667,25.8,27.2,3.572467,3.57,3.574,14857,14886,0,0,0,0
2022-11-06T07:00:00Z,29,,,,0.231103,0.229,0.233,26.606897,26.3,26.7,3.571034,3.569,3.574,14887,14915,0,0,0,0
2022-11-06T08:00:00Z,29,,,,0.232448,0.229,0.236,26.365517,25.8,26.8,3.569,3.567,3.57,14916,14944,0,0,0,0
2022-11-06T09:00:00Z,29,,,,0.234448,0.233,0.236,25.703448,25.1,27.3,3.565103,3.564,3.569,14945,14973,0,0,0,0
2022-11-06T10:00:00Z,29,,,,0.235414,0.233,0.238,25.617241,24.5,27.1,3.563759,3.562,3.565,14974,15002,0,0,0,0
2022-11-06T11:00:00Z,30,,,,0.236133,0.233,0.238,26.43,26.2,26.7,3.5614,3.56,3.564,15003,15032,0,0,0,0
2022-11-06T12:00:00Z,29,,,,0.234586,0.233,0.238,27.682759,26.2,28.7,3.560414,3.559,3.562,15033,15061,0,0,0,0
2022-11-06T13:00:00Z,29,,,,0.233759,0.232,0.237,26.189655,24.7,28.6,3.559,3.555,3.562,15062,15090,0,0,0,0
2022-11-06T14:00:00Z,29,,,,0.235862,0.234,0.238,25.913793,24.9,26.9,3.556862,3.555,3.559,15091,15119,0,0,0,0
2022-11-06T15:00:00Z,29,,,,0.235897,0.233,0.238,25.506897,24.1,26.6,3.555207,3.554,3.557,15120,15148,0,0,0,0
2022-11-06T16:00:00Z,30,,,,0.233833,0.233,0.236,26.326667,23.9,28.4,3.554233,3.554,3.555,15149,15178,0,0,0,0
2022-11-06T17:00:00Z,29,,,,0.233034,0.232,0.234,28.193103,26.7,29.3,3.554,3.554,3.554,15179,15207,0,0,0,0
2022-11-06T18:00:00Z,29,,,,0.232862,0.232,0.235,27.034483,26.6,27.5,3.553241,3.552,3.554,15208,15236,0,0,0,0
2022-11-06T19:00:00Z,29,,,,0.232621,0.231,0.235,28.127586,27.2,29.1,3.552,3.552,3.552,15237,15265,0,0,0,0
2022-11-06T20:00:00Z,30,,,,0.232633,0.232,0.233,28.366667,28.1,28.9,3.551533,3.55,3.552,15266,15295,0,0,0,0
2022-11-06T21:00:00Z,29,,,,0.232448,0.231,0.235,28.617241,28.4,28.8,3.550345,3.549,3.552,15296,15324,0,0,0,0
2022-11-06T22:00:00Z,29,,,,0.232345,0.231,0.234,28.413793,28.1,28.6,3.549552,3.549,3.55,15325,15353,0,0,0,0
2022-11-06T23:00:00Z,29,,,,0.232724,0.231,0.236,28.072414,27.9,28.4,3.548276,3.547,3.55,15354,15382,0,0,0,0
2022-11-07T00:00:00Z,29,,,,0.232448,0.231,0.233,28.534483,28.1,29.9,3.545862,3.544,3.547,15383,15411,0,0,0,0
2022-11-07T01:00:00Z,30,,,,0.2327,0.231,0.234,28.843333,28.1,30.1,3.5448,3.542,3.547,15412,15441,0,0,0,0
2022-11-07T02:00:00Z,29,,,,0.231897,0.23,0.233,29.3,28.5,30,3.543793,3.542,3.545,15442,15470,0,0,0,0
2022-11-07T03:00:00Z,29,,,,0.232172,0.23,0.234,28.758621,28.5,29.9,3.542379,3.541,3.544,15471,15499,0,0,0,0
2022-11-07T04:00:00Z,28,,,,0.2315,0.23,0.234,29.417857,28.8,30.6,3.540857,3.537,3.542,15500,15528,0,0,0,0
2022-11-07T05:00:00Z,30,,,,0.2312,0.23,0.233,28.706667,28.3,29.3,3.539867,3.537,3.541,15529,15558,0,0,0,0
2022-11-07T06:00:00Z,29,,,,0.231655,0.23,0.233,28.258621,26.8,28.6,3.538345,3.536,3.541,15559,15587,0,0,0,0
2022-11-07T07:00:00Z,29,,,,0.234448,0.233,0.237,26.844828,25.9,27.6,3.536621,3.536,3.537,15588,15616,0,0,0,0
2022-11-07T08:00:00Z,28,,,,0.235321,0.233,0.238,27.296429,27.2,27.4,3.535464,3.532,3.537,15617,15645,0,0,0,0
2022-11-07T09:00:00Z,20,,,,0.2354,0.234,0.238,25.56,24.6,27.3,3.5333,3.532,3.536,15646,15673,0,0,0,0
2022-11-07T10:00:00Z,29,,,,0.234069,0.233,0.238,25.886207,25.2,26.7,3.532897,3.531,3.536,15674,15702,0,0,0,0
2022-11-07T11:00:00Z,30,,,,0.233067,0.232,0.235,26.216667,25.7,27.2,3.532233,3.531,3.534,15703,15732,0,0,0,0
2022-11-07T12:00:00Z,29,,,,0.232621,0.231,0.235,29.062069,27.2,30,3.532,3.531,3.534,15733,15761,0,0,0,0
2022-11-07T13:00:00Z,29,,,,0.232379,0.231,0.235,28.475862,27.4,30.1,3.531379,3.531,3.534,15762,15790,0,0,0,0
2022-11-07T14:00:00Z,29,,,,0.231862,0.23,0.233,29.231034,27.4,30.2,3.53069,3.529,3.532,15791,15819,0,0,0,0
2022-11-07T15:00:00Z,30,,,,0.232367,0.231,0.234,30.236667,30.2,30.3,3.529533,3.527,3.531,15820,15849,0,0,0,0
2022-11-07T16:00:00Z,28,,,,0.232179,0.231,0.235,30.107143,30.1,30.2,3.528143,3.527,3.529,15851,15878,0,0,0,0
2022-11-07T17:00:00Z,29,,,,0.232103,0.231,0.234,30.1,30.1,30.1,3.527414,3.526,3.529,15879,15907,0,0,0,0
2022-11-07T18:00:00Z,29,,,,0.232276,0.231,0.233,30.1,30.1,30.1,3.526621,3.526,3.529,15908,15936,0,0,0,0
2022-11-07T19:00:00Z,30,,,,0.232667,0.23,0.234,30.1,30.1,30.1,3.5259,3.524,3.527,15937,15966,0,0,0,0
2022-11-07T20:00:00Z,29,,,,0.232172,0.231,0.234,30.096552,30,30.1,3.524897,3.524,3.526,15967,15995,0,0,0,0
2022-11-07T21:00:00Z,29,,,,0.232448,0.231,0.235,30.07931,30,30.1,3.524138,3.522,3.526,15996,16024,0,0,0,0
2022-11-07T22:00:00Z,29,,,,0.232379,0.231,0.235,30.075862,30,30.1,3.523586,3.522,3.526,16025,16053,0,0,0,0
2022-11-07T23:00:00Z,29,,,,0.23231,0.231,0.235,30.093103,30,30.1,3.52231,3.521,3.524,16054,16083,0,0,0,0
2022-11-08T00:00:00Z,29,,,,0.231724,0.23,0.233,30.17931,30.1,30.3,3.521621,3.519,3.524,16084,16112,0,0,0,0
2022-11-08T01:00:00Z,29,,,,0.231655,0.23,0.233,30.141379,29.1,30.6,3.521207,3.519,3.522,16113,16141,0,0,0,0
2022-11-08T02:00:00Z,29,,,,0.231793,0.23,0.234,29.22069,26.6,30.8,3.520345,3.519,3.522,16142,16170,0,0,0,0
2022-11-08T03:00:00Z,30,,,,0.233767,0.233,0.236,27.85,27.3,28.2,3.5188,3.517,3.521,16171,16200,0,0,0,0
2022-11-08T04:00:00Z,29,,,,0.234241,0.233,0.237,26.724138,25.1,27.7,3.517517,3.516,3.521,16201,16229,0,0,0,0
2022-11-08T05:00:00Z,29,,,,0.232759,0.231,0.235,27.182759,24.7,30.1,3.516966,3.514,3.519,16230,16258,0,0,0,0
2022-11-08T06:00:00Z,29,,,,0.232138,0.231,0.233,30.248276,30.1,30.6,3.516931,3.516,3.519,16259,16287,0,0,0,0
2022-11-08T07:00:00Z,29,,,,0.231966,0.23,0.235,30.662069,30.5,30.8,3.515966,3.514,3.519,16288,16316,0,0,0,0
2022-11-08T08:00:00Z,30,,,,0.231833,0.23,0.235,29.666667,28.7,30.8,3.514267,3.512,3.516,16317,16346,0,0,0,0
2022-11-08T09:00:00Z,27,,,,0.231519,0.23,0.234,29.696296,28.6,30.8,3.512593,3.511,3.516,16347,16375,0,0,0,0
2022-11-08T10:00:00Z,29,,,,0.231759,0.23,0.234,28.572414,27.2,29.1,3.511276,3.509,3.514,16376,16404,0,0,0,0
2022-11-08T11:00:00Z,29,,,,0.234448,0.233,0.237,27.682759,27,28.6,3.509966,3.508,3.512,16405,16433,0,0,0,0
2022-11-08T12:00:00Z,29,,,,0.235517,0.233,0.237,25.962069,24.8,26.7,3.50869,3.506,3.511,16434,16462,0,0,0,0
2022-11-08T13:00:00Z,30,,,,0.2359,0.234,0.239,26.34,24.8,26.7,3.507067,3.504,3.509,16463,16492,0,0,0,0
2022-11-08T14:00:00Z,29,,,,0.234483,0.233,0.237,27.210345,26.7,28.1,3.506517,3.504,3.509,16493,16521,0,0,0,0
2022-11-08T15:00:00Z,29,,,,0.233448,0.232,0.235,28.631034,25.7,29.4,3.505069,3.503,3.506,16522,16550,0,0,0,0
2022-11-08T16:00:00Z,29,,,,0.232621,0.231,0.235,29.375862,28.8,29.6,3.504448,3.503,3.506,16551,16579,0,0,0,0
2022-11-08T17:00:00Z,29,,,,0.232655,0.23,0.235,29.762069,29.6,29.9,3.503414,3.501,3.504,16580,16608,0,0,0,0
2022-11-08T18:00:00Z,30,,,,0.2325,0.232,0.233,29.93,29.9,30,3.5026,3.501,3.504,16609,16638,0,0,0,0
2022-11-08T19:00:00Z,29,,,,0.232724,0.231,0.235,29.989655,29.9,30,3.501276,3.501,3.503,16639,16667,0,0,0,0
2022-11-08T20:00:00Z,29,,,,0.232586,0.232,0.235,29.996552,29.9,30,3.501,3.499,3.503,16668,16696,0,0,0,0
2022-11-08T21:00:00Z,29,,,,0.232414,0.231,0.235,29.989655,29.9,30,3.500517,3.499,3.501,16697,16725,0,0,0,0
2022-11-08T22:00:00Z,30,,,,0.232333,0.231,0.235,29.976667,29.9,30,3.499267,3.499,3.501,16726,16755,0,0,0,0
2022-11-08T23:00:00Z,29,,,,0.232655,0.231,0.235,29.982759,29.9,30,3.499,3.499,3.499,16756,16784,0,0,0,0
2022-11-09T00:00:00Z,28,,,,0.232429,0.231,0.234,29.575,27.7,30.1,3.498107,3.496,3.499,16785,16813,0,0,0,0
2022-11-09T01:00:00Z,29,,,,0.234931,0.233,0.238,27.034483,25.7,27.7,3.495759,3.493,3.498,16814,16842,0,0,0,0
2022-11-09T02:00:00Z,29,,,,0.233069,0.232,0.235,28.210345,25.7,29.9,3.493793,3.491,3.496,16843,16871,0,0,0,0
2022-11-09T03:00:00Z,30,,,,0.2321,0.231,0.234,30.056667,29.6,30.1,3.491133,3.489,3.493,16872,16901,0,0,0,0
2022-11-09T04:00:00Z,29,,,,0.23269,0.231,0.236,28.682759,27.7,29.6,3.488414,3.484,3.491,16902,16930,0,0,0,0
2022-11-09T05:00:00Z,29,,,,0.233828,0.233,0.237,28.086207,27.2,28.6,3.484379,3.483,3.488,16931,16959,0,0,0,0
2022-11-09T06:00:00Z,29,,,,0.234655,0.233,0.238,27.489655,27.2,27.8,3.480138,3.478,3.483,16960,16988,0,0,0,0
2022-11-09T07:00:00Z,30,,,,0.234633,0.233,0.238,27.373333,27.3,27.4,3.476433,3.475,3.478,16989,17018,0,0,0,0
2022-11-09T08:00:00Z,29,,,,0.233655,0.232,0.236,28.231034,27.3,29.1,3.473759,3.471,3.475,17019,17047,0,0,0,0
2022-11-09T09:00:00Z,27,,,,0.232593,0.231,0.235,29.551852,29.1,30,3.470556,3.466,3.473,17048,17076,0,0,0,0
2022-11-09T10:00:00Z,6,,,,0.231833,0.23,0.233,30.183333,30.1,30.4,3.460667,3.45,3.468,17077,17103,0,0,0,0
2022-11-09T11:00:00Z,29,,,,0.232034,0.23,0.234,30.068966,30,30.1,3.449172,3.448,3.451,17104,17132,0,0,0,0
2022-11-09T12:00:00Z,29,,,,0.232,0.23,0.234,30.110345,30.1,30.2,3.446552,3.446,3.448,17133,17161,0,0,0,0
2022-11-09T13:00:00Z,29,,,,0.232,0.231,0.235,30.368966,30.1,30.6,3.443724,3.44,3.446,17162,17190,0,0,0,0
2022-11-09T14:00:00Z,29,,,,0.231724,0.23,0.234,30.337931,30.1,30.6,3.438103,3.435,3.443,17191,17219,0,0,0,0
2022-11-09T15:00:00Z,30,,,,0.231533,0.23,0.233,30.283333,30.1,30.5,3.431333,3.428,3.435,17220,17249,0,0,0,0
2022-11-09T16:00:00Z,29,,,,0.231759,0.23,0.235,30.155172,30.1,30.3,3.424897,3.422,3.428,17250,17278,0,0,0,0
2022-11-09T17:00:00Z,29,,,,0.232,0.231,0.233,30.065517,30,30.1,3.418448,3.415,3.422,17279,17307,0,0,0,0
2022-11-09T18:00:00Z,29,,,,0.231828,0.23,0.235,30,30,30,3.412517,3.409,3.417,17308,17336,0,0,0,0
2022-11-09T19:00:00Z,28,,,,0.232143,0.231,0.233,30.003571,30,30.1,3.406036,3.402,3.41,17337,17365,0,0,0,0
2022-11-09T20:00:00Z,30,,,,0.231867,0.231,0.234,30,30,30,3.396833,3.395,3.4,17366,17395,0,0,0,0
2022-11-09T21:00:00Z,29,,,,0.232172,0.231,0.233,30,30,30,3.392966,3.39,3.395,17396,17424,0,0,0,0
2022-11-09T22:00:00Z,29,,,,0.23231,0.23,0.235,30,30,30,3.385897,3.382,3.39,17425,17453,0,0,0,0
2022-11-09T23:00:00Z,29,,,,0.231828,0.23,0.234,30.010345,30,30.1,3.377379,3.374,3.384,17454,17482,0,0,0,0
2022-11-10T00:00:00Z,30,,,,0.2339,0.231,0.237,28.016667,26.7,30.1,3.370233,3.367,3.376,17483,17512,0,0,0,0
2022-11-10T01:00:00Z,27,,,,0.234519,0.233,0.238,26.851852,25.9,27.7,3.36337,3.359,3.367,17513,17541,0,0,0,0
2022-11-10T02:00:00Z,29,,,,0.234552,0.233,0.238,25.868966,25.5,26.7,3.355448,3.351,3.361,17542,17570,0,0,0,0
2022-11-10T03:00:00Z,29,,,,0.233862,0.232,0.237,25.796552,25.6,26,3.345862,3.343,3.351,17571,17599,0,0,0,0
2022-11-10T04:00:00Z,30,,,,0.231167,0.228,0.234,27.023333,25.8,28.8,3.340767,3.338,3.343,17600,17629,0,0,0,0
2022-11-10T05:00:00Z,29,,,,0.228103,0.226,0.231,30,28.8,30.2,3.332138,3.326,3.338,17630,17658,0,0,0,0
2022-11-10T06:00:00Z,29,,,,0.226276,0.224,0.229,30.32069,30.1,30.5,3.321241,3.318,3.326,17659,17687,0,0,0,0
2022-11-10T07:00:00Z,29,,,,0.224069,0.222,0.228,30.641379,30.6,30.7,3.312552,3.308,3.318,17688,17716,0,0,0,0
2022-11-10T08:00:00Z,29,,,,0.222069,0.22,0.225,30.734483,30.7,30.8,3.301931,3.296,3.308,17717,17745,0,0,0,0
2022-11-10T09:00:00Z,30,,,,0.220167,0.218,0.223,30.78,30.7,30.8,3.291567,3.288,3.296,17746,17775,0,0,0,0
2022-11-10T10:00:00Z,29,,,,0.219897,0.218,0.223,28.286207,27.4,30.5,3.28469,3.28,3.288,17776,17804,0,0,0,0
2022-11-10T11:00:00Z,29,,,,0.219241,0.217,0.223,27.065517,25.8,27.7,3.272793,3.267,3.28,17805,17833,0,0,0,0
2022-11-10T12:00:00Z,28,,,,0.215679,0.213,0.22,28.617857,27.2,29.4,3.261536,3.255,3.267,17834,17862,0,0,0,0
2022-11-10T13:00:00Z,29,,,,0.212207,0.21,0.216,29.772414,29.4,30,3.247793,3.24,3.255,17863,17891,0,0,0,0
2022-11-10T14:00:00Z,30,,,,0.210567,0.208,0.214,28.666667,25.9,30.1,3.236367,3.232,3.24,17892,17921,0,0,0,0
2022-11-10T15:00:00Z,29,,,,0.209241,0.206,0.212,27.52069,25.9,28.6,3.224724,3.217,3.234,17922,17950,0,0,0,0
2022-11-10T16:00:00Z,29,,,,0.205069,0.203,0.208,28.986207,28.7,29.2,3.209276,3.202,3.215,17951,17979,0,0,0,0
2022-11-10T17:00:00Z,29,,,,0.201931,0.199,0.205,29.303448,29.2,29.4,3.193069,3.184,3.201,17980,18008,0,0,0,0
2022-11-10T18:00:00Z,29,,,,0.196621,0.179,0.203,29.327586,28.8,29.4,3.176552,3.153,3.186,1,18021,0,0,0,0
2022-11-10T19:00:00Z,29,,,,0.18531,0.179,0.199,29.068966,28.9,29.4,3.143621,3.131,3.173,1,16,0,0,0,0
2022-11-10T20:00:00Z,29,,,,0.180483,0.178,0.184,28.931034,28.9,29,3.120241,3.107,3.131,1,1,0,0,0,0
2022-11-10T21:00:00Z,29,,,,0.176,0.173,0.18,28.896552,28.8,28.9,3.091621,3.079,3.105,1,1,0,0,0,0
2022-11-10T22:00:00Z,29,,,,0.169793,0.166,0.174,29.031034,28.9,29.2,3.063966,3.049,3.079,1,1,0,0,0,0
2022-11-10T23:00:00Z,29,,,,0.161448,0.155,0.167,34.02069,29.2,61.5,3.030069,3.016,3.047,1,1,0,0,4,0
2022-11-11T00:00:00Z,29,,,,0.155103,0.155,0.156,61.334483,59.8,61.8,2.991448,2.971,3.011,1,1,0,0,27,0
2022-11-11T01:00:00Z,29,,,,0.155,0.155,0.155,59.137931,58.1,59.7,2.944828,2.918,2.971,1,1,0,0,0,0
2022-11-11T02:00:00Z,3,,,,0.155,0.155,0.155,58.266667,58.1,58.4,2.915,2.912,2.918,1,1,0,0,0,0
2022-11-14T00:00:00Z,12,,,,0.248833,0.196,0.292,31.991667,30.2,33,3.42825,2.569,3.727,1,12,0,0,0,0
2022-11-14T01:00:00Z,29,,,,0.241207,0.198,0.286,33.103448,32.9,33.3,3.890345,3.735,4.009,13,41,0,0,0,0
2022-11-14T02:00:00Z,29,,,,0.249966,0.198,0.289,32.789655,32.7,32.9,4.080241,4.012,4.131,42,70,0,0,0,0
2022-11-14T03:00:00Z,30,,,,0.236067,0.198,0.289,32.61,32.5,32.7,4.1446,4.133,4.159,71,100,0,0,0,0
2022-11-14T04:00:00Z,29,,,,0.249655,0.198,0.288,32.337931,32.1,32.5,4.173517,4.161,4.186,101,129,0,0,0,0
2022-11-14T05:00:00Z,29,,,,0.236862,0.197,0.287,31.934483,31.6,32.1,4.176379,4.158,4.187,130,158,0,0,0,0
2022-11-14T06:00:00Z,29,,,,0.241069,0.199,0.291,31.6,31.6,31.6,4.148276,4.141,4.158,159,187,0,0,0,0
2022-11-14T07:00:00Z,30,,,,0.242267,0.2,0.291,31.556667,31.5,31.6,4.138533,4.136,4.143,188,217,0,0,0,0
2022-11-14T08:00:00Z,29,,,,0.24269,0.198,0.291,31.503448,31.5,31.6,4.134621,4.133,4.136,218,246,0,0,0,0
2022-11-14T09:00:00Z,29,,,,0.23631,0.198,0.29,31.503448,31.5,31.6,4.133207,4.131,4.135,247,275,0,0,0,0
2022-11-14T10:00:00Z,29,,,,0.238138,0.199,0.29,31.503448,31.5,31.6,4.131828,4.131,4.133,276,304,0,0,0,0
2022-11-14T11:00:00Z,29,,,,0.245379,0.2,0.291,31.5,31.5,31.5,4.130414,4.128,4.131,305,333,0,0,0,0
2022-11-14T12:00:00Z,30,,,,0.2464,0.199,0.291,31.366667,30.3,31.6,4.128433,4.126,4.131,334,363,0,0,0,0
2022-11-14T13:00:00Z,29,,,,0.255,0.203,0.296,29.282759,28.6,30.1,4.126241,4.125,4.13,364,392,0,0,0,0
2022-11-14T14:00:00Z,29,,,,0.252621,0.204,0.296,28.189655,27.7,28.6,4.124966,4.121,4.128,393,421,0,0,0,0
2022-11-14T15:00:00Z,29,,,,0.243,0.202,0.292,29.134483,27.8,30,4.123103,4.12,4.125,422,450,0,0,0,0
2022-11-14T16:00:00Z,30,,,,0.241267,0.203,0.292,30.093333,30,30.1,4.121833,4.12,4.125,451,480,0,0,0,0
2022-11-14T17:00:00Z,28,,,,0.255714,0.203,0.293,30.339286,30.3,30.5,4.120643,4.118,4.125,482,509,0,0,0,0
2022-11-14T18:00:00Z,29,,,,0.250103,0.2,0.294,30.424138,30.4,30.5,4.119621,4.116,4.121,510,538,0,0,0,0
2022-11-14T19:00:00Z,29,,,,0.240069,0.2,0.292,30.513793,30.5,30.6,4.119069,4.118,4.121,539,567,0,0,0,0
2022-11-14T20:00:00Z,29,,,,0.244517,0.201,0.291,30.541379,30.5,30.6,4.118759,4.115,4.121,568,596,0,0,0,0
2022-11-14T21:00:00Z,30,,,,0.247433,0.201,0.292,30.526667,30.5,30.6,4.118067,4.116,4.12,597,626,0,0,0,0
2022-11-14T22:00:00Z,29,,,,0.252655,0.2,0.294,30.5,30.5,30.5,4.117069,4.115,4.118,627,655,0,0,0,0
2022-11-14T23:00:00Z,29,,,,0.249483,0.201,0.291,30.586207,30.5,30.7,4.116414,4.115,4.118,656,684,0,0,0,0
2022-11-15T00:00:00Z,29,,,,0.254414,0.201,0.292,30.996552,30.7,31.3,4.115793,4.113,4.118,685,713,0,0,0,0
2022-11-15T01:00:00Z,29,,,,0.249379,0.2,0.294,31.310345,31.3,31.4,4.115483,4.113,4.118,714,743,0,0,0,0
2022-11-15T02:00:00Z,29,,,,0.240103,0.2,0.291,31.389655,31.3,31.4,4.115345,4.113,4.118,744,772,0,0,0,0
2022-11-15T03:00:00Z,29,,,,0.242241,0.202,0.291,31.451724,31.4,31.6,4.115207,4.113,4.116,773,801,0,0,0,0
2022-11-15T04:00:00Z,29,,,,0.239793,0.2,0.291,31.6,31.6,31.6,4.114655,4.113,4.116,802,830,0,0,0,0
2022-11-15T05:00:00Z,30,,,,0.235367,0.199,0.29,31.63,31.6,31.7,4.114,4.111,4.116,831,860,0,0,0,0
2022-11-15T06:00:00Z,28,,,,0.247,0.199,0.289,31.714286,31.6,32,4.113429,4.111,4.115,861,889,0,0,0,0
2022-11-15T07:00:00Z,29,,,,0.245483,0.199,0.287,31.6,31.6,31.6,4.112724,4.111,4.115,890,918,0,0,0,0
2022-11-15T08:00:00Z,29,,,,0.252759,0.2,0.291,31.6,31.6,31.6,4.11231,4.111,4.115,919,947,0,0,0,0
2022-11-15T09:00:00Z,29,,,,0.255621,0.203,0.293,31.6,31.6,31.6,4.112414,4.11,4.115,948,976,0,0,0,0
2022-11-15T10:00:00Z,29,,,,0.253448,0.203,0.291,31.6,31.6,31.6,4.112034,4.11,4.115,977,1005,0,0,0,0
2022-11-15T11:00:00Z,30,,,,0.253867,0.199,0.291,31.603333,31.6,31.7,4.110767,4.108,4.113,1006,1035,0,0,0,0
2022-11-15T12:00:00Z,29,,,,0.243207,0.199,0.291,31.610345,31.6,31.7,4.110483,4.106,4.113,1036,1064,0,0,0,0
2022-11-15T13:00:00Z,29,,,,0.250034,0.2,0.29,31.648276,31.6,31.7,4.110172,4.108,4.111,1065,1093,0,0,0,0
2022-11-15T14:00:00Z,29,,,,0.244103,0.2,0.29,31.644828,31.6,31.7,4.109517,4.106,4.111,1094,1122,0,0,0,0
2022-11-15T15:00:00Z,30,,,,0.2449,0.199,0.291,31.643333,31.4,31.7,4.107033,4.098,4.111,1123,1152,0,0,0,0
2022-11-15T16:00:00Z,29,,,,0.231483,0.231,0.233,31.372414,31.3,31.4,4.098138,4.095,4.1,1153,1181,0,0,0,0
2022-11-15T17:00:00Z,29,,,,0.231655,0.231,0.233,31.251724,31.1,31.4,4.097069,4.093,4.1,1182,1210,0,0,0,0
2022-11-15T18:00:00Z,29,,,,0.232552,0.231,0.234,29.672414,28.1,31.1,4.093379,4.092,4.097,1211,1239,0,0,0,0
2022-11-15T19:00:00Z,30,,,,0.233967,0.233,0.236,27.63,27.4,28.1,4.091367,4.088,4.093,1240,1269,0,0,0,0
2022-11-15T20:00:00Z,22,,,,0.233455,0.232,0.235,28.768182,27.5,29.9,4.089864,4.087,4.092,1270,1297,0,0,0,0
2022-11-15T21:00:00Z,6,,,,0.232333,0.232,0.233,29.966667,29.7,30.1,4.086667,4.085,4.087,1298,1318,0,0,0,0
2022-11-15T22:00:00Z,26,,,,0.232731,0.232,0.234,30.019231,30,30.1,4.084,4.083,4.085,1328,1353,0,0,0,0
2022-11-15T23:00:00Z,29,,,,0.232552,0.232,0.234,30.093103,30,30.2,4.083069,4.082,4.085,1354,1382,0,0,0,0
2022-11-16T00:00:00Z,29,,,,0.231862,0.231,0.233,30.713793,30.2,31.3,4.08269,4.082,4.085,1383,1411,0,0,0,0
2022-11-16T01:00:00Z,29,,,,0.231276,0.23,0.233,31.531034,31.3,32,4.082552,4.082,4.083,1412,1440,0,0,0,0
2022-11-16T02:00:00Z,30,,,,0.228467,0.225,0.232,33.54,32.1,37.2,4.0824,4.082,4.083,1441,1470,0,0,0,0
2022-11-16T03:00:00Z,29,,,,0.224172,0.223,0.228,37.772414,30.6,40.8,4.08269,4.082,4.085,1471,1499,0,0,0,0
2022-11-16T04:00:00Z,29,,,,0.226793,0.224,0.23,35.524138,31.3,38.5,4.081655,4.08,4.082,1500,1528,0,0,0,0
2022-11-16T05:00:00Z,29,,,,0.228172,0.227,0.231,34.041379,33.7,34.5,4.080828,4.08,4.082,1529,1557,0,0,0,0
2022-11-16T06:00:00Z,30,,,,0.2287,0.228,0.232,33.22,32.7,33.8,4.0802,4.08,4.082,1558,1587,0,0,0,0
2022-11-16T07:00:00Z,29,,,,0.229448,0.228,0.232,32.651724,32.5,32.7,4.079862,4.078,4.08,1588,1616,0,0,0,0
2022-11-16T08:00:00Z,29,,,,0.229931,0.229,0.232,32.306897,32.1,32.5,4.078759,4.078,4.08,1617,1645,0,0,0,0
2022-11-16T09:00:00Z,29,,,,0.230241,0.229,0.233,32.089655,32,32.1,4.077966,4.077,4.08,1646,1674,0,0,0,0
2022-11-16T10:00:00Z,29,,,,0.230379,0.229,0.233,31.872414,31.7,32,4.077483,4.075,4.08,1675,1703,0,0,0,0
2022-11-16T11:00:00Z,30,,,,0.230567,0.23,0.233,31.716667,31.6,31.8,4.076867,4.075,4.078,1704,1733,0,0,0,0
2022-11-16T12:00:00Z,29,,,,0.230207,0.229,0.233,31.610345,31.6,31.7,4.075655,4.072,4.078,1734,1762,0,0,0,0
2022-11-16T13:00:00Z,29,,,,0.231,0.23,0.233,31.565517,31.5,31.6,4.074552,4.072,4.077,1763,1791,0,0,0,0
2022-11-16T14:00:00Z,28,,,,0.230857,0.23,0.233,31.5,31.5,31.5,4.072857,4.072,4.075,1792,1820,0,0,0,0
2022-11-16T15:00:00Z,30,,,,0.230633,0.23,0.233,31.45,31.4,31.5,4.071667,4.069,4.073,1821,1850,0,0,0,0
2022-11-16T16:00:00Z,22,,,,0.230773,0.23,0.233,31.436364,31.4,31.5,4.071091,4.069,4.073,1851,1879,0,0,0,0
2022-11-16T17:00:00Z,29,,,,0.231241,0.23,0.233,31.382759,31.3,31.4,4.070172,4.069,4.072,1880,1908,0,0,0,0
2022-11-16T18:00:00Z,29,,,,0.231586,0.231,0.234,31.286207,31.2,31.4,4.069138,4.065,4.072,1909,1937,0,0,0,0
2022-11-16T19:00:00Z,29,,,,0.231517,0.23,0.233,31.113793,31,31.2,4.068207,4.067,4.07,1938,1966,0,0,0,0
2022-11-16T20:00:00Z,29,,,,0.231207,0.23,0.233,31.041379,30.9,31.1,4.067069,4.065,4.069,1967,1995,0,0,0,0
2022-11-16T21:00:00Z,30,,,,0.2317,0.231,0.233,30.753333,30.6,30.9,4.065833,4.064,4.069,1996,2025,0,0,0,0
2022-11-16T22:00:00Z,29,,,,0.231724,0.23,0.233,30.613793,30.6,30.7,4.065207,4.064,4.067,2026,2054,0,0,0,0
2022-11-16T23:00:00Z,29,,,,0.231793,0.231,0.233,30.641379,30.6,30.8,4.064862,4.062,4.067,2055,2083,0,0,0,0
2022-11-17T00:00:00Z,29,,,,0.231379,0.231,0.233,31.275862,30.8,31.4,4.063586,4.06,4.065,2084,2112,0,0,0,0
2022-11-17T01:00:00Z,30,,,,0.230167,0.229,0.232,31.843333,31.4,32.6,4.0629,4.06,4.065,2113,2142,0,0,0,0
2022-11-17T02:00:00Z,29,,,,0.225931,0.218,0.232,33.055172,25.2,46,4.064517,4.062,4.067,2143,2171,0,0,0,0
2022-11-17T03:00:00Z,29,,,,0.218586,0.217,0.221,39.451724,25.7,46.7,4.066,4.064,4.07,2172,2200,0,0,0,0
2022-11-17T04:00:00Z,29,,,,0.225379,0.218,0.23,36.624138,29.2,43.3,4.062586,4.06,4.065,2201,2229,0,0,0,0
2022-11-17T05:00:00Z,29,,,,0.227966,0.227,0.229,34.382759,34,34.9,4.061207,4.059,4.064,2230,2258,0,0,0,0
2022-11-17T06:00:00Z,30,,,,0.228567,0.228,0.231,31.093333,28.6,34,4.060033,4.059,4.062,2259,2288,0,0,0,0
2022-11-17T07:00:00Z,29,,,,0.229,0.228,0.232,29.817241,28.1,32.7,4.059517,4.057,4.062,2289,2317,0,0,0,0
2022-11-17T08:00:00Z,29,,,,0.230207,0.229,0.233,32.32069,32.1,32.7,4.058586,4.057,4.06,2318,2346,0,0,0,0
2022-11-17T09:00:00Z,29,,,,0.230483,0.229,0.233,32.1,32.1,32.1,4.057552,4.057,4.059,2347,2375,0,0,0,0
2022-11-17T10:00:00Z,30,,,,0.2304,0.229,0.232,31.976667,31.9,32.1,4.0568,4.055,4.059,2376,2405,0,0,0,0
2022-11-17T11:00:00Z,29,,,,0.23069,0.229,0.234,31.827586,31.8,31.9,4.055655,4.054,4.057,2406,2434,0,0,0,0
2022-11-17T12:00:00Z,29,,,,0.231379,0.229,0.234,30.737931,25.9,31.8,4.054931,4.054,4.057,2435,2463,0,0,0,0
2022-11-17T13:00:00Z,29,,,,0.233138,0.232,0.234,27.886207,23.6,29.5,4.053586,4.052,4.055,2464,2492,0,0,0,0
2022-11-17T14:00:00Z,29,,,,0.232897,0.231,0.236,28.706897,27.4,30.1,4.053379,4.052,4.054,2493,2521,0,0,0,0
2022-11-17T15:00:00Z,30,,,,0.233833,0.233,0.236,26.76,22.3,28.6,4.051733,4.05,4.054,2522,2551,0,0,0,0
2022-11-17T16:00:00Z,29,,,,0.234379,0.233,0.236,26.682759,23.1,27.7,4.05069,4.049,4.052,2552,2580,0,0,0,0
2022-11-17T17:00:00Z,29,,,,0.234103,0.233,0.236,24.851724,24.1,25.8,4.05031,4.049,4.052,2581,2609,0,0,0,0
2022-11-17T18:00:00Z,29,,,,0.232862,0.232,0.234,24.303448,22.1,29.4,4.050966,4.049,4.052,2610,2638,0,0,0,0
2022-11-17T19:00:00Z,30,,,,0.232233,0.231,0.234,22.28,22.1,23.2,4.0504,4.049,4.052,2639,2668,0,0,0,0
2022-11-17T20:00:00Z,13,,,,0.232462,0.232,0.234,23.838462,22.8,25.6,4.050538,4.049,4.052,2669,2683,0,0,0,0
2022-11-17T21:00:00Z,24,,,,0.23225,0.231,0.234,22.266667,22.1,23.3,4.048333,4.047,4.049,2701,2724,0,0,0,0
2022-11-17T22:00:00Z,29,,,,0.232138,0.231,0.234,22.12069,22.1,22.2,4.04831,4.045,4.05,2725,2753,0,0,0,0
2022-11-17T23:00:00Z,30,,,,0.2321,0.231,0.234,22.203333,22,23.2,4.047533,4.045,4.049,2754,2783,0,0,0,0
2022-11-18T00:00:00Z,29,,,,0.231552,0.231,0.232,23.62069,22.5,24.8,4.047483,4.044,4.05,2784,2812,0,0,0,0
2022-11-18T01:00:00Z,29,,,,0.230931,0.23,0.234,24.224138,23.6,24.8,4.047207,4.045,4.049,2813,2841,0,0,0,0
2022-11-18T02:00:00Z,29,,,,0.228414,0.225,0.231,27.572414,23.9,35.6,4.048552,4.045,4.05,2842,2870,0,0,0,0
2022-11-18T03:00:00Z,30,,,,0.223233,0.22,0.227,36.896667,25.2,42.1,4.049167,4.047,4.05,2871,2900,0,0,0,0
2022-11-18T04:00:00Z,29,,,,0.226207,0.223,0.23,36.413793,32.5,41.1,4.047724,4.045,4.05,2901,2929,0,0,0,0
2022-11-18T05:00:00Z,29,,,,0.228276,0.228,0.231,33.424138,32.9,34.2,4.046207,4.044,4.049,2930,2958,0,0,0,0
2022-11-18T06:00:00Z,29,,,,0.229103,0.228,0.232,32.710345,32.7,32.8,4.04569,4.045,4.049,2959,2987,0,0,0,0
2022-11-18T07:00:00Z,29,,,,0.229586,0.229,0.232,32.562069,32.5,32.7,4.045138,4.044,4.047,2988,3016,0,0,0,0
2022-11-18T08:00:00Z,30,,,,0.229867,0.229,0.232,32.236667,32.1,32.4,4.0441,4.04,4.047,3017,3046,0,0,0,0
2022-11-18T09:00:00Z,29,,,,0.230276,0.23,0.232,32.006897,31.9,32.1,4.043448,4.042,4.045,3047,3075,0,0,0,0
2022-11-18T10:00:00Z,29,,,,0.230379,0.23,0.233,31.710345,31.6,31.9,4.041724,4.04,4.044,3076,3104,0,0,0,0
2022-11-18T11:00:00Z,29,,,,0.231069,0.23,0.233,31.044828,29.6,31.6,4.042069,4.04,4.044,3105,3133,0,0,0,0
2022-11-18T12:00:00Z,29,,,,0.233552,0.233,0.235,28.831034,28.3,29.6,4.040241,4.039,4.042,3134,3162,0,0,0,0
2022-11-18T13:00:00Z,30,,,,0.233867,0.233,0.235,27.913333,27.7,28.2,4.039467,4.039,4.042,3163,3192,0,0,0,0
2022-11-18T14:00:00Z,29,,,,0.234172,0.233,0.238,27.77931,27.4,28.7,4.039034,4.036,4.04,3193,3221,0,0,0,0
2022-11-18T15:00:00Z,29,,,,0.232724,0.232,0.234,28.689655,23.6,30.1,4.039241,4.037,4.04,3222,3250,0,0,0,0
2022-11-18T16:00:00Z,29,,,,0.232241,0.231,0.234,23.710345,23.2,27.2,4.039345,4.037,4.04,3251,3279,0,0,0,0
2022-11-18T17:00:00Z,30,,,,0.2323,0.232,0.235,23.523333,23.2,24.7,4.038567,4.037,4.04,3280,3309,0,0,0,0
2022-11-18T18:00:00Z,29,,,,0.232138,0.231,0.233,24.2,23.3,25,4.038276,4.037,4.04,3310,3338,0,0,0,0
2022-11-18T19:00:00Z,29,,,,0.23231,0.231,0.235,25.817241,25,26.2,4.038241,4.037,4.04,3339,3367,0,0,0,0
2022-11-18T20:00:00Z,29,,,,0.231897,0.231,0.233,26.258621,26,26.8,4.038483,4.036,4.042,3368,3396,0,0,0,0
2022-11-18T21:00:00Z,28,,,,0.232071,0.231,0.234,25.55,25.1,26.7,4.037857,4.037,4.039,3397,3425,0,0,0,0
2022-11-18T22:00:00Z,30,,,,0.2321,0.231,0.233,25.203333,25,25.5,4.0373,4.034,4.039,3426,3455,0,0,0,0
2022-11-18T23:00:00Z,29,,,,0.232138,0.231,0.235,25.289655,25.1,25.6,4.036966,4.036,4.039,3456,3484,0,0,0,0
2022-11-19T00:00:00Z,29,,,,0.231793,0.231,0.233,25.106897,24.7,25.4,4.036414,4.034,4.039,3485,3513,0,0,0,0
2022-11-19T01:00:00Z,29,,,,0.232138,0.23,0.234,25.013793,24.7,25.2,4.036483,4.034,4.039,3514,3542,0,0,0,0
2022-11-19T02:00:00Z,29,,,,0.231793,0.231,0.233,24.737931,24.5,25.2,4.036379,4.034,4.039,3543,3571,0,0,0,0
2022-11-19T03:00:00Z,30,,,,0.231667,0.231,0.233,25.326667,24.9,25.8,4.036233,4.034,4.037,3572,3601,0,0,0,0
2022-11-19T04:00:00Z,29,,,,0.231483,0.23,0.233,26.062069,25.7,27.4,4.035172,4.032,4.037,3602,3630,0,0,0,0
2022-11-19T05:00:00Z,29,,,,0.231276,0.23,0.233,25.668966,25.4,25.9,4.035138,4.034,4.037,3631,3659,0,0,0,0
2022-11-19T06:00:00Z,29,,,,0.231,0.23,0.233,25.834483,25.4,26.2,4.035276,4.034,4.037,3660,3688,0,0,0,0
2022-11-19T07:00:00Z,30,,,,0.232033,0.23,0.233,25.64,23.8,29.4,4.035,4.032,4.037,3689,3718,0,0,0,0
2022-11-19T08:00:00Z,29,,,,0.233759,0.233,0.236,22.627586,21.8,23.8,4.033862,4.032,4.036,3719,3747,0,0,0,0
2022-11-19T09:00:00Z,29,,,,0.233759,0.233,0.236,21.555172,20.9,21.9,4.033241,4.032,4.036,3748,3776,0,0,0,0
2022-11-19T10:00:00Z,28,,,,0.232607,0.232,0.234,21.603571,20.9,22.5,4.032571,4.031,4.034,3777,3805,0,0,0,0
2022-11-19T11:00:00Z,27,,,,0.23263,0.232,0.234,22.525926,22.1,23.3,4.031815,4.031,4.034,3806,3834,0,0,0,0
2022-11-19T12:00:00Z,29,,,,0.232379,0.232,0.234,23.455172,22.6,24.2,4.031517,4.029,4.034,3835,3863,0,0,0,0
2022-11-19T13:00:00Z,30,,,,0.2324,0.232,0.235,23.93,23.3,24.4,4.032133,4.031,4.034,3864,3893,0,0,0,0
2022-11-19T14:00:00Z,29,,,,0.234172,0.233,0.237,22.844828,22.1,24,4.031724,4.031,4.034,3894,3922,0,0,0,0
2022-11-19T15:00:00Z,29,,,,0.234379,0.234,0.236,22.306897,22,22.7,4.031138,4.029,4.032,3923,3951,0,0,0,0
2022-11-19T16:00:00Z,29,,,,0.234966,0.234,0.237,22.67931,22.2,23.2,4.030655,4.029,4.032,3952,3980,0,0,0,0
2022-11-19T17:00:00Z,30,,,,0.2334,0.233,0.235,22.373333,21.8,23.2,4.031167,4.029,4.032,3981,4010,0,0,0,0
2022-11-19T18:00:00Z,29,,,,0.233,0.232,0.234,22.741379,22.2,23.4,4.031103,4.029,4.034,4011,4039,0,0,0,0
2022-11-19T19:00:00Z,29,,,,0.233138,0.233,0.236,23.296552,22.7,24.3,4.030621,4.029,4.032,4040,4068,0,0,0,0
2022-11-19T20:00:00Z,29,,,,0.233034,0.232,0.234,23.744828,23.1,25.8,4.030345,4.029,4.032,4069,4097,0,0,0,0
2022-11-19T21:00:00Z,12,,,,0.233,0.232,0.236,24.108333,23.3,26.4,4.02975,4.029,4.032,4098,4124,0,0,0,0
2022-11-19T23:00:00Z,25,,,,0.23272,0.232,0.235,23.456,23.1,24.2,4.02852,4.027,4.029,4156,4180,0,0,0,0
2022-11-20T00:00:00Z,29,,,,0.232793,0.232,0.235,23.296552,23.2,23.5,4.028724,4.027,4.029,4181,4209,0,0,0,0
2022-11-20T01:00:00Z,29,,,,0.232483,0.231,0.234,23.489655,23.3,23.9,4.028724,4.027,4.029,4210,4238,0,0,0,0
2022-11-20T02:00:00Z,29,,,,0.232276,0.231,0.233,24.144828,23.8,24.6,4.028724,4.027,4.029,4239,4268,0,0,0,0
2022-11-20T03:00:00Z,29,,,,0.232517,0.232,0.235,24.248276,23.5,24.6,4.028103,4.027,4.029,4269,4297,0,0,0,0
2022-11-20T04:00:00Z,29,,,,0.233793,0.233,0.235,22.703448,22,24.3,4.027276,4.027,4.029,4298,4326,0,0,0,0
2022-11-20T05:00:00Z,29,,,,0.234034,0.233,0.236,22.117241,22,22.4,4.027345,4.027,4.029,4327,4355,0,0,0,0
2022-11-20T06:00:00Z,29,,,,0.233069,0.232,0.237,22.403448,21.6,23.8,4.02769,4.027,4.029,4356,4384,0,0,0,0
2022-11-20T07:00:00Z,30,,,,0.2324,0.232,0.234,23.406667,23.2,24.1,4.0276,4.027,4.029,4385,4414,0,0,0,0
2022-11-20T08:00:00Z,28,,,,0.232536,0.232,0.234,23.671429,23.4,24.2,4.027357,4.027,4.029,4415,4443,0,0,0,0
2022-11-20T09:00:00Z,29,,,,0.232517,0.232,0.234,23.910345,23.3,24.3,4.027207,4.027,4.029,4444,4472,0,0,0,0
2022-11-20T10:00:00Z,29,,,,0.233448,0.232,0.235,22.924138,22,24.3,4.027,4.026,4.029,4473,4501,0,0,0,0
2022-11-20T11:00:00Z,30,,,,0.233233,0.233,0.235,22.386667,21.8,23.2,4.027,4.027,4.027,4502,4531,0,0,0,0
2022-11-20T12:00:00Z,29,,,,0.233138,0.232,0.234,23.82069,23.2,24.6,4.026966,4.026,4.027,4532,4560,0,0,0,0
2022-11-20T13:00:00Z,29,,,,0.232897,0.232,0.234,24.068966,23.7,24.5,4.026759,4.026,4.027,4561,4589,0,0,0,0
2022-11-20T14:00:00Z,29,,,,0.232759,0.232,0.235,24.158621,23.8,24.5,4.026552,4.024,4.027,4590,4618,0,0,0,0
2022-11-20T15:00:00Z,29,,,,0.232724,0.232,0.234,24.293103,23.8,24.6,4.026759,4.026,4.027,4619,4647,0,0,0,0
2022-11-20T16:00:00Z,30,,,,0.2327,0.232,0.234,24.47,24.2,24.8,4.026567,4.026,4.027,4648,4677,0,0,0,0
2022-11-20T17:00:00Z,29,,,,0.232448,0.232,0.233,24.458621,24.2,24.6,4.026897,4.026,4.027,4678,4706,0,0,0,0
2022-11-20T18:00:00Z,29,,,,0.232724,0.232,0.234,23.724138,23.3,24.4,4.026621,4.026,4.027,4707,4735,0,0,0,0
2022-11-20T19:00:00Z,29,,,,0.232897,0.232,0.235,23.475862,23.3,23.8,4.026586,4.026,4.027,4736,4764,0,0,0,0
2022-11-20T20:00:00Z,29,,,,0.232966,0.232,0.235,23.334483,23.2,23.6,4.026483,4.026,4.027,4765,4793,0,0,0,0
2022-11-20T21:00:00Z,30,,,,0.2329,0.232,0.233,23.243333,23.1,23.3,4.0262,4.026,4.027,4794,4823,0,0,0,0
2022-11-20T22:00:00Z,29,,,,0.233172,0.233,0.234,23.237931,23.1,23.3,4.025724,4.024,4.027,4824,4852,0,0,0,0
2022-11-20T23:00:00Z,28,,,,0.233071,0.232,0.235,23.185714,22.9,23.3,4.025571,4.024,4.026,4853,4881,0,0,0,0
2022-11-21T00:00:00Z,29,,,,0.232793,0.232,0.234,22.958621,22.7,23.3,4.025103,4.024,4.026,4882,4910,0,0,0,0
2022-11-21T01:00:00Z,29,,,,0.232552,0.232,0.233,22.837931,22.6,23.1,4.02469,4.022,4.026,4911,4939,0,0,0,0
2022-11-21T02:00:00Z,30,,,,0.2324,0.232,0.234,22.956667,22.8,23.3,4.023533,4.022,4.026,4940,4969,0,0,0,0
2022-11-21T03:00:00Z,29,,,,0.232276,0.231,0.234,23.310345,23.1,23.8,4.023069,4.021,4.026,4970,4998,0,0,0,0
2022-11-21T04:00:00Z,29,,,,0.232276,0.231,0.234,24.113793,23.5,24.5,4.022862,4.021,4.026,4999,5027,0,0,0,0
2022-11-21T05:00:00Z,29,,,,0.232241,0.232,0.233,24.5,24,24.7,4.022655,4.021,4.024,5028,5056,0,0,0,0
2022-11-21T06:00:00Z,29,,,,0.23231,0.231,0.233,24.158621,23.8,24.5,4.022069,4.017,4.026,5057,5085,0,0,0,0
2022-11-21T07:00:00Z,30,,,,0.2323,0.231,0.234,23.94,23.8,24.2,4.021933,4.021,4.024,5086,5115,0,0,0,0
2022-11-21T08:00:00Z,29,,,,0.232345,0.232,0.234,23.803448,23.4,24.1,4.02169,4.021,4.024,5116,5144,0,0,0,0
2022-11-21T09:00:00Z,29,,,,0.232483,0.231,0.235,23.441379,23.3,23.8,4.021,4.019,4.022,5145,5173,0,0,0,0
2022-11-21T10:00:00Z,29,,,,0.232414,0.232,0.233,23.331034,23.3,23.7,4.020103,4.019,4.021,5174,5202,0,0,0,0
2022-11-21T11:00:00Z,30,,,,0.2327,0.232,0.234,23.286667,23.1,23.4,4.019367,4.017,4.022,5203,5232,0,0,0,0
2022-11-21T12:00:00Z,29,,,,0.232621,0.232,0.234,23.175862,23,23.3,4.018862,4.017,4.021,5233,5261,0,0,0,0
2022-11-21T13:00:00Z,29,,,,0.232483,0.232,0.234,23.068966,22.9,23.3,4.018103,4.016,4.021,5262,5290,0,0,0,0
2022-11-21T14:00:00Z,29,,,,0.232517,0.232,0.234,23.1,22.9,23.3,4.01669,4.014,4.019,5291,5319,0,0,0,0
2022-11-21T15:00:00Z,30,,,,0.2324,0.232,0.234,23.223333,22.9,23.3,4.016367,4.014,4.017,5320,5349,0,0,0,0
2022-11-21T16:00:00Z,29,,,,0.232414,0.231,0.234,23.296552,23.1,23.6,4.01569,4.012,4.017,5350,5378,0,0,0,0
2022-11-21T17:00:00Z,29,,,,0.23231,0.232,0.234,23.893103,23.4,24.4,4.014828,4.012,4.017,5379,5407,0,0,0,0
2022-11-21T18:00:00Z,29,,,,0.232655,0.232,0.234,23.751724,23.3,24.2,4.014276,4.012,4.016,5408,5436,0,0,0,0
2022-11-21T19:00:00Z,29,,,,0.232517,0.232,0.233,23.306897,23.3,23.4,4.013759,4.011,4.017,5437,5465,0,0,0,0
2022-11-21T20:00:00Z,30,,,,0.2327,0.232,0.233,23.283333,23.2,23.3,4.011867,4.009,4.014,5466,5495,0,0,0,0
2022-11-21T21:00:00Z,25,,,,0.2328,0.232,0.234,23.148,22.9,23.3,4.011,4.009,4.012,5496,5523,0,0,0,0
2022-11-21T22:00:00Z,3,,,,0.232333,0.232,0.233,23.2,23.1,23.3,4.008333,4.007,4.009,5524,5527,0,0,0,0
2022-11-21T23:00:00Z,16,,,,0.232688,0.232,0.234,23.3375,23.2,23.8,4.004688,4.003,4.007,5552,5578,0,0,0,0
2022-11-22T00:00:00Z,29,,,,0.232655,0.232,0.234,23.241379,23.1,23.3,4.004828,4.003,4.007,5579,5607,0,0,0,0
2022-11-22T01:00:00Z,29,,,,0.232828,0.232,0.235,23.186207,23,23.3,4.005414,4.004,4.007,5608,5636,0,0,0,0
2022-11-22T02:00:00Z,29,,,,0.232552,0.231,0.234,23.275862,23.1,23.4,4.004103,4.003,4.006,5637,5665,0,0,0,0
2022-11-22T03:00:00Z,30,,,,0.231733,0.229,0.234,26.036667,23.4,32.6,4.004067,4.003,4.006,5666,5695,0,0,0,0
2022-11-22T04:00:00Z,29,,,,0.230931,0.229,0.233,27.951724,26.7,30.6,4.003966,4.003,4.006,5696,5724,0,0,0,0
2022-11-22T05:00:00Z,29,,,,0.231724,0.23,0.233,27.568966,27.3,27.9,4.003379,4.001,4.006,5725,5753,0,0,0,0
2022-11-22T06:00:00Z,28,,,,0.232071,0.231,0.233,28.135714,27.3,28.8,4.002536,4.001,4.004,5754,5782,0,0,0,0
2022-11-22T07:00:00Z,30,,,,0.232533,0.232,0.234,29.51,28.6,30,4.001267,3.999,4.003,5783,5812,0,0,0,0
2022-11-22T08:00:00Z,29,,,,0.232448,0.232,0.233,29.703448,29.5,29.9,4.000517,3.999,4.001,5813,5841,0,0,0,0
2022-11-22T09:00:00Z,29,,,,0.232517,0.232,0.234,29.551724,29.4,29.8,4.000034,3.999,4.001,5842,5870,0,0,0,0
2022-11-22T10:00:00Z,28,,,,0.232357,0.231,0.234,29.5,29.4,29.8,3.999607,3.998,4.001,5871,5899,0,0,0,0
2022-11-22T11:00:00Z,29,,,,0.232483,0.232,0.233,29.362069,29.2,29.5,3.998862,3.998,4.001,5900,5928,0,0,0,0
2022-11-22T12:00:00Z,29,,,,0.232621,0.232,0.235,29.337931,29.2,29.7,3.998,3.994,3.999,5929,5957,0,0,0,0
2022-11-22T13:00:00Z,30,,,,0.232733,0.232,0.234,29.166667,29.1,29.3,3.997833,3.994,3.999,5958,5987,0,0,0,0
2022-11-22T14:00:00Z,29,,,,0.23269,0.232,0.234,29.144828,29.1,29.2,3.996414,3.994,3.998,5988,6016,0,0,0,0
2022-11-22T15:00:00Z,29,,,,0.232621,0.232,0.234,29.203448,29.1,29.3,3.994862,3.993,3.998,6017,6045,0,0,0,0
2022-11-22T16:00:00Z,29,,,,0.232724,0.232,0.234,29.144828,29.1,29.3,3.993828,3.993,3.996,6046,6074,0,0,0,0
2022-11-22T17:00:00Z,30,,,,0.232733,0.232,0.234,29.09,29,29.2,3.992767,3.991,3.994,6075,6104,0,0,0,0
2022-11-22T18:00:00Z,29,,,,0.233069,0.232,0.234,29.044828,29,29.1,3.991759,3.988,3.994,6105,6133,0,0,0,0
2022-11-22T19:00:00Z,29,,,,0.232966,0.232,0.235,29.07931,29,29.1,3.989897,3.988,3.993,6134,6162,0,0,0,0
2022-11-22T20:00:00Z,29,,,,0.232931,0.232,0.234,29.07931,29,29.2,3.988,3.986,3.991,6163,6191,0,0,0,0
2022-11-22T21:00:00Z,29,,,,0.232828,0.232,0.236,29.027586,28.9,29.1,3.986931,3.984,3.989,6192,6220,0,0,0,0
2022-11-22T22:00:00Z,30,,,,0.232967,0.232,0.236,28.97,28.8,29.1,3.985,3.981,3.986,6221,6250,0,0,0,0
2022-11-22T23:00:00Z,28,,,,0.233,0.232,0.235,28.767857,28.7,29,3.98275,3.981,3.984,6251,6279,0,0,0,0
2022-11-23T00:00:00Z,29,,,,0.232655,0.232,0.233,29.003448,28.8,29.1,3.982207,3.981,3.984,6280,6308,0,0,0,0
2022-11-23T01:00:00Z,29,,,,0.232414,0.232,0.234,29.186207,29.1,29.4,3.980414,3.978,3.983,6309,6337,0,0,0,0
2022-11-23T02:00:00Z,28,,,,0.231429,0.229,0.233,26.6,24.5,29.9,3.979429,3.978,3.981,6338,6366,0,0,0,0
2022-11-23T03:00:00Z,29,,,,0.23131,0.23,0.233,24.731034,23.4,25.4,3.978448,3.978,3.979,6367,6395,0,0,0,0
2022-11-23T04:00:00Z,30,,,,0.231567,0.23,0.234,24.343333,23.5,25.1,3.977133,3.976,3.978,6396,6425,0,0,0,0
2022-11-23T05:00:00Z,29,,,,0.230586,0.23,0.233,24.02069,23.7,24.7,3.976552,3.976,3.978,6426,6454,0,0,0,0
2022-11-23T06:00:00Z,29,,,,0.231414,0.23,0.234,23.858621,23.5,24.6,3.975862,3.974,3.978,6455,6483,0,0,0,0
2022-11-23T07:00:00Z,29,,,,0.231862,0.231,0.234,24.537931,23.8,26.7,3.974897,3.974,3.976,6484,6512,0,0,0,0
2022-11-23T08:00:00Z,29,,,,0.232207,0.231,0.234,26.4,25.1,30.2,3.974,3.974,3.974,6513,6541,0,0,0,0
2022-11-23T09:00:00Z,30,,,,0.232133,0.231,0.233,25.996667,25,27.2,3.973633,3.973,3.974,6542,6571,0,0,0,0
2022-11-23T10:00:00Z,29,,,,0.232345,0.232,0.233,24.982759,24.7,25.5,3.97269,3.971,3.974,6572,6600,0,0,0,0
2022-11-23T11:00:00Z,29,,,,0.232897,0.232,0.234,24.696552,24.5,24.9,3.971862,3.97,3.973,6601,6629,0,0,0,0
2022-11-23T12:00:00Z,29,,,,0.23269,0.232,0.235,24.503448,24.4,24.7,3.970069,3.968,3.973,6630,6658,0,0,0,0
2022-11-23T13:00:00Z,29,,,,0.232655,0.232,0.234,24.496552,24.3,24.6,3.968034,3.965,3.97,6659,6687,0,0,0,0
2022-11-23T14:00:00Z,30,,,,0.232833,0.232,0.233,24.556667,24.4,25.4,3.9666,3.965,3.968,6688,6717,0,0,0,0
2022-11-23T15:00:00Z,29,,,,0.232621,0.231,0.234,24.47931,24.2,25,3.965172,3.963,3.966,6718,6746,0,0,0,0
2022-11-23T16:00:00Z,28,,,,0.232607,0.232,0.233,24.635714,24.2,25.6,3.962821,3.96,3.965,6747,6775,0,0,0,0
2022-11-23T17:00:00Z,10,,,,0.2325,0.232,0.234,24.57,24.3,25.7,3.9586,3.953,3.965,6776,6802,0,0,0,0
2022-11-23T18:00:00Z,24,,,,0.233083,0.232,0.235,24.841667,24.5,25.7,3.951708,3.95,3.955,6803,6831,0,0,0,0
2022-11-23T19:00:00Z,29,,,,0.233103,0.232,0.235,24.589655,24.4,24.7,3.949138,3.946,3.951,6832,6860,0,0,0,0
2022-11-23T20:00:00Z,27,,,,0.233037,0.232,0.234,24.540741,24.2,24.9,3.947074,3.945,3.95,6861,6889,0,0,0,0
2022-11-23T21:00:00Z,29,,,,0.233345,0.233,0.235,24.631034,24.5,25,3.946207,3.945,3.948,6890,6918,0,0,0,0
2022-11-23T22:00:00Z,15,,,,0.2332,0.233,0.235,24.44,24.2,24.6,3.9454,3.943,3.946,6919,6938,0,0,0,0
2022-11-23T23:00:00Z,10,,,,0.2332,0.233,0.234,24.31,24.2,24.4,3.9395,3.937,3.943,6949,6973,0,0,0,0
2022-11-24T00:00:00Z,29,,,,0.233138,0.233,0.235,24.482759,24.2,24.7,3.936828,3.935,3.938,6974,7002,0,0,0,0
2022-11-24T01:00:00Z,29,,,,0.232655,0.232,0.235,23.889655,23.4,24.5,3.937069,3.935,3.94,7003,7031,0,0,0,0
2022-11-24T02:00:00Z,30,,,,0.2285,0.221,0.233,27.696667,23.3,56,3.937333,3.935,3.941,7032,7061,0,0,0,0
2022-11-24T03:00:00Z,29,,,,0.226655,0.223,0.231,34.351724,30,40.7,3.936897,3.933,3.938,7062,7090,0,0,0,0
2022-11-24T04:00:00Z,29,,,,0.230931,0.229,0.234,31.593103,31.1,32.5,3.934345,3.932,3.937,7091,7119,0,0,0,0
2022-11-24T05:00:00Z,29,,,,0.231966,0.231,0.233,30.662069,30.3,31.1,3.932414,3.93,3.935,7120,7148,0,0,0,0
2022-11-24T06:00:00Z,29,,,,0.232448,0.231,0.234,30.182759,30.1,30.3,3.930379,3.928,3.933,7149,7177,0,0,0,0
2022-11-24T07:00:00Z,30,,,,0.232467,0.232,0.234,30.13,30.1,30.2,3.929067,3.927,3.932,7178,7207,0,0,0,0
2022-11-24T08:00:00Z,29,,,,0.232103,0.231,0.233,30.144828,30.1,30.2,3.927724,3.927,3.93,7208,7236,0,0,0,0
2022-11-24T09:00:00Z,29,,,,0.232241,0.232,0.233,30.1,30.1,30.1,3.926172,3.923,3.928,7237,7265,0,0,0,0
2022-11-24T10:00:00Z,29,,,,0.232448,0.231,0.234,30.1,30.1,30.1,3.925276,3.925,3.927,7266,7294,0,0,0,0
2022-11-24T11:00:00Z,29,,,,0.232379,0.232,0.236,30.096552,30,30.1,3.923966,3.923,3.927,7295,7323,0,0,0,0
2022-11-24T12:00:00Z,30,,,,0.2325,0.231,0.234,30.093333,30,30.1,3.923067,3.923,3.925,7324,7353,0,0,0,0
2022-11-24T13:00:00Z,25,,,,0.2328,0.232,0.234,30.1,30.1,30.1,3.9228,3.922,3.923,7354,7381,0,0,0,0
2022-11-24T14:00:00Z,28,,,,0.23275,0.232,0.234,30.085714,30,30.1,3.922321,3.922,3.923,7382,7410,0,0,0,0
2022-11-24T15:00:00Z,29,,,,0.232448,0.231,0.233,30.089655,30,30.1,3.922034,3.922,3.923,7411,7439,0,0,0,0
2022-11-24T16:00:00Z,29,,,,0.232345,0.231,0.233,30.1,30.1,30.1,3.921655,3.92,3.922,7440,7468,0,0,0,0
2022-11-24T17:00:00Z,30,,,,0.232667,0.232,0.236,30.063333,30,30.1,3.9214,3.92,3.922,7469,7498,0,0,0,0
2022-11-24T18:00:00Z,29,,,,0.233034,0.232,0.235,29.910345,29.7,30,3.920655,3.917,3.922,7499,7527,0,0,0,0
2022-11-24T19:00:00Z,29,,,,0.233069,0.232,0.235,29.641379,29.6,29.8,3.920069,3.918,3.922,7528,7556,0,0,0,0
2022-11-24T20:00:00Z,29,,,,0.233069,0.233,0.234,29.568966,29.5,29.6,3.918897,3.917,3.92,7557,7585,0,0,0,0
2022-11-24T21:00:00Z,30,,,,0.232967,0.232,0.234,29.456667,29.4,29.5,3.917333,3.915,3.918,7586,7615,0,0,0,0
2022-11-24T22:00:00Z,29,,,,0.233103,0.232,0.234,29.4,29.3,29.5,3.916862,3.913,3.918,7616,7644,0,0,0,0
2022-11-24T23:00:00Z,29,,,,0.233,0.232,0.234,29.624138,29.5,29.9,3.916276,3.913,3.918,7645,7673,0,0,0,0
2022-11-25T00:00:00Z,29,,,,0.232759,0.232,0.234,30.041379,29.9,30.1,3.915448,3.913,3.918,7674,7702,0,0,0,0
2022-11-25T01:00:00Z,29,,,,0.231931,0.231,0.233,30.37931,30.1,30.8,3.913793,3.912,3.915,7703,7731,0,0,0,0
2022-11-25T02:00:00Z,30,,,,0.2272,0.223,0.233,33.56,25.7,41.3,3.916133,3.913,3.918,7732,7761,0,0,0,0
2022-11-25T03:00:00Z,29,,,,0.225897,0.223,0.231,36.434483,33.8,40.6,3.914724,3.913,3.917,7762,7790,0,0,0,0
2022-11-25T04:00:00Z,29,,,,0.229034,0.228,0.231,33.093103,32.7,34.2,3.912724,3.91,3.915,7791,7819,0,0,0,0
2022-11-25T05:00:00Z,29,,,,0.230241,0.229,0.233,32.110345,31.6,32.7,3.911586,3.91,3.913,7820,7848,0,0,0,0
2022-11-25T06:00:00Z,29,,,,0.230621,0.229,0.233,31.572414,31.4,31.8,3.909621,3.907,3.912,7849,7877,0,0,0,0
2022-11-25T07:00:00Z,30,,,,0.231567,0.23,0.234,31.303333,31.1,31.4,3.907667,3.905,3.91,7878,7907,0,0,0,0
2022-11-25T08:00:00Z,28,,,,0.231857,0.231,0.233,30.885714,30.7,31.1,3.906357,3.905,3.907,7908,7936,0,0,0,0
2022-11-25T09:00:00Z,29,,,,0.231828,0.231,0.233,30.644828,30.6,30.8,3.905724,3.904,3.907,7937,7965,0,0,0,0
2022-11-25T10:00:00Z,29,,,,0.231828,0.231,0.233,30.6,30.6,30.6,3.904966,3.904,3.907,7966,7994,0,0,0,0
2022-11-25T11:00:00Z,29,,,,0.231793,0.231,0.233,30.458621,30.4,30.6,3.903897,3.902,3.905,7995,8023,0,0,0,0
2022-11-25T12:00:00Z,29,,,,0.232103,0.231,0.233,30.344828,30.3,30.4,3.902621,3.9,3.904,8024,8052,0,0,0,0
2022-11-25T13:00:00Z,29,,,,0.232103,0.231,0.233,30.248276,30.2,30.3,3.90131,3.9,3.904,8053,8081,0,0,0,0
2022-11-25T14:00:00Z,30,,,,0.232333,0.232,0.234,30.203333,30.2,30.3,3.9006,3.899,3.902,8082,8111,0,0,0,0
2022-11-25T15:00:00Z,29,,,,0.232103,0.231,0.234,30.351724,30.3,30.4,3.9,3.899,3.902,8112,8140,0,0,0,0
2022-11-25T16:00:00Z,29,,,,0.232241,0.231,0.234,30.410345,30.4,30.5,3.89931,3.897,3.9,8141,8169,0,0,0,0
2022-11-25T17:00:00Z,29,,,,0.231931,0.231,0.233,30.231034,30.1,30.4,3.898724,3.897,3.899,8170,8198,0,0,0,0
2022-11-25T18:00:00Z,30,,,,0.232367,0.232,0.233,30.093333,30,30.1,3.897667,3.897,3.899,8199,8228,0,0,0,0
2022-11-25T19:00:00Z,29,,,,0.232517,0.232,0.234,29.924138,29.6,30.1,3.896379,3.895,3.899,8229,8257,0,0,0,0
2022-11-25T20:00:00Z,29,,,,0.232793,0.232,0.234,29.086207,28.6,29.8,3.895552,3.895,3.897,8258,8286,0,0,0,0
2022-11-25T21:00:00Z,29,,,,0.232966,0.232,0.234,28.672414,28.5,29.1,3.895241,3.894,3.897,8287,8315,0,0,0,0
2022-11-25T22:00:00Z,18,,,,0.233,0.232,0.234,29.838889,29.2,30,3.894944,3.894,3.897,8316,8343,0,0,0,0
2022-11-25T23:00:00Z,3,,,,0.232,0.232,0.232,30,30,30,3.894,3.894,3.894,8345,8354,0,0,0,0
2022-11-26T00:00:00Z,24,,,,0.2325,0.232,0.234,29.975,29.9,30,3.891917,3.89,3.894,8376,8399,0,0,0,0
2022-11-26T01:00:00Z,29,,,,0.232724,0.232,0.235,29.762069,29.4,30,3.891276,3.889,3.894,8400,8428,0,0,0,0
2022-11-26T02:00:00Z,29,,,,0.229414,0.223,0.235,31.465517,27.8,40.4,3.892724,3.89,3.895,8429,8457,0,0,0,0
2022-11-26T03:00:00Z,29,,,,0.225483,0.219,0.231,39.22069,34.5,72.6,3.893,3.89,3.895,8458,8486,0,0,1,0
2022-11-26T04:00:00Z,29,,,,0.228759,0.228,0.231,33.755172,33.1,34.3,3.892345,3.89,3.894,8487,8515,0,0,0,0
2022-11-26T05:00:00Z,30,,,,0.229433,0.228,0.232,32.736667,30.7,33.2,3.891033,3.889,3.894,8516,8545,0,0,0,0
2022-11-26T06:00:00Z,29,,,,0.230586,0.23,0.233,31.427586,29.9,31.9,3.890138,3.889,3.892,8546,8574,0,0,0,0
2022-11-26T07:00:00Z,29,,,,0.231414,0.23,0.233,29.582759,27.4,31.4,3.889966,3.889,3.892,8575,8603,0,0,0,0
2022-11-26T08:00:00Z,29,,,,0.232034,0.231,0.234,28.948276,26.5,30.1,3.889,3.887,3.892,8604,8632,0,0,0,0
2022-11-26T09:00:00Z,30,,,,0.2335,0.233,0.236,26.9,24.2,29.1,3.886767,3.884,3.889,8633,8662,0,0,0,0
2022-11-26T10:00:00Z,29,,,,0.234276,0.233,0.236,25.713793,24.4,27.7,3.885172,3.882,3.889,8663,8691,0,0,0,0
2022-11-26T11:00:00Z,29,,,,0.234483,0.233,0.236,26.717241,25.2,27.3,3.884345,3.882,3.887,8692,8720,0,0,0,0
2022-11-26T12:00:00Z,29,,,,0.23469,0.234,0.237,24.548276,23.3,25.8,3.883103,3.88,3.885,8721,8749,0,0,0,0
2022-11-26T13:00:00Z,29,,,,0.234,0.233,0.237,25.375862,23.1,26.3,3.883379,3.882,3.885,8750,8778,0,0,0,0
2022-11-26T14:00:00Z,30,,,,0.233467,0.233,0.236,25.1,23.9,27.2,3.883267,3.882,3.887,8779,8808,0,0,0,0
2022-11-26T15:00:00Z,29,,,,0.233172,0.233,0.235,24.865517,23.3,25.8,3.882586,3.88,3.887,8809,8837,0,0,0,0
2022-11-26T16:00:00Z,29,,,,0.232862,0.232,0.234,23.665517,23.3,24.3,3.882931,3.88,3.885,8838,8866,0,0,0,0
2022-11-26T17:00:00Z,29,,,,0.232897,0.232,0.235,24.1,23.4,24.5,3.881793,3.88,3.884,8867,8895,0,0,0,0
2022-11-26T18:00:00Z,29,,,,0.232793,0.232,0.233,24.037931,23.8,24.3,3.881103,3.879,3.884,8896,8924,0,0,0,0
2022-11-26T19:00:00Z,30,,,,0.2329,0.232,0.234,23.76,23.4,24,3.880067,3.879,3.882,8925,8954,0,0,0,0
2022-11-26T20:00:00Z,29,,,,0.232897,0.232,0.234,23.655172,23.4,23.9,3.879793,3.879,3.882,8955,8983,0,0,0,0
2022-11-26T21:00:00Z,29,,,,0.233034,0.232,0.234,23.662069,23.4,24,3.879621,3.877,3.882,8984,9012,0,0,0,0
2022-11-26T22:00:00Z,29,,,,0.233172,0.233,0.235,23.682759,23.4,23.8,3.879448,3.879,3.882,9013,9041,0,0,0,0
2022-11-26T23:00:00Z,29,,,,0.233172,0.233,0.236,23.517241,23.3,23.8,3.879172,3.877,3.88,9042,9071,0,0,0,0
2022-11-27T00:00:00Z,28,,,,0.232857,0.232,0.234,23.760714,23.5,24,3.878893,3.877,3.88,9072,9100,0,0,0,0
2022-11-27T01:00:00Z,29,,,,0.232345,0.231,0.234,25.103448,24,26.3,3.878793,3.877,3.88,9101,9129,0,0,0,0
2022-11-27T02:00:00Z,29,,,,0.229966,0.228,0.233,28.465517,26.2,32.6,3.879172,3.877,3.88,9130,9158,0,0,0,0
2022-11-27T03:00:00Z,29,,,,0.228759,0.228,0.231,27.541379,26.7,28.7,3.879793,3.879,3.882,9159,9187,0,0,0,0
2022-11-27T04:00:00Z,30,,,,0.2285,0.228,0.231,28.493333,27.3,29.8,3.880133,3.879,3.882,9188,9217,0,0,0,0
2022-11-27T05:00:00Z,29,,,,0.229552,0.228,0.232,28.537931,27.1,31.4,3.879138,3.877,3.882,9218,9246,0,0,0,0
2022-11-27T06:00:00Z,29,,,,0.232345,0.231,0.233,29.796552,29.1,30.6,3.877621,3.877,3.879,9247,9275,0,0,0,0
2022-11-27T07:00:00Z,29,,,,0.232931,0.232,0.234,29.341379,29,30,3.875724,3.874,3.879,9276,9304,0,0,0,0
2022-11-27T08:00:00Z,29,,,,0.232103,0.231,0.233,30.089655,30,30.1,3.875828,3.875,3.877,9305,9333,0,0,0,0
2022-11-27T09:00:00Z,30,,,,0.232133,0.231,0.233,30.103333,30.1,30.2,3.875267,3.874,3.877,9334,9363,0,0,0,0
2022-11-27T10:00:00Z,29,,,,0.232,0.231,0.233,30.12069,30.1,30.2,3.874966,3.874,3.877,9364,9392,0,0,0,0
2022-11-27T11:00:00Z,29,,,,0.232241,0.231,0.233,30.168966,30.1,30.2,3.874414,3.872,3.877,9393,9421,0,0,0,0
2022-11-27T12:00:00Z,29,,,,0.232103,0.231,0.234,30.158621,29.4,30.3,3.874793,3.874,3.877,9422,9450,0,0,0,0
2022-11-27T13:00:00Z,29,,,,0.234,0.232,0.236,28.455172,25.8,29.1,3.873862,3.872,3.875,9451,9479,0,0,0,0
2022-11-27T14:00:00Z,30,,,,0.233433,0.232,0.236,28.776667,28.1,29.5,3.872833,3.872,3.875,9480,9509,0,0,0,0
2022-11-27T15:00:00Z,29,,,,0.233034,0.232,0.234,29.248276,27.2,30,3.872552,3.872,3.874,9510,9538,0,0,0,0
2022-11-27T16:00:00Z,29,,,,0.232897,0.232,0.235,26.865517,25.8,28.5,3.87269,3.871,3.874,9539,9567,0,0,0,0
2022-11-27T17:00:00Z,29,,,,0.233069,0.232,0.234,26.162069,25.8,26.8,3.872655,3.871,3.875,9568,9596,0,0,0,0
2022-11-27T18:00:00Z,30,,,,0.233133,0.232,0.234,26.093333,25.8,26.4,3.872133,3.871,3.874,9597,9626,0,0,0,0
2022-11-27T19:00:00Z,29,,,,0.233138,0.232,0.234,26.172414,25.9,26.4,3.872,3.871,3.874,9627,9655,0,0,0,0
2022-11-27T20:00:00Z,29,,,,0.232966,0.232,0.234,26.186207,25.9,26.6,3.871897,3.871,3.874,9656,9684,0,0,0,0
2022-11-27T21:00:00Z,29,,,,0.232897,0.232,0.234,25.962069,25.7,26.3,3.871552,3.871,3.872,9685,9713,0,0,0,0
2022-11-27T22:00:00Z,26,,,,0.233192,0.233,0.235,25.857692,25.7,26.1,3.871115,3.871,3.872,9717,9742,0,0,0,0
2022-11-27T23:00:00Z,30,,,,0.2331,0.233,0.235,25.93,25.7,26.3,3.871067,3.871,3.872,9743,9772,0,0,0,0
2022-11-28T00:00:00Z,29,,,,0.232724,0.232,0.234,26.203448,25.8,26.7,3.871034,3.871,3.872,9773,9801,0,0,0,0
2022-11-28T01:00:00Z,29,,,,0.232379,0.232,0.233,26.824138,25.9,28.6,3.870897,3.869,3.872,9802,9830,0,0,0,0
2022-11-28T02:00:00Z,29,,,,0.23069,0.229,0.233,29.47931,26,32.7,3.871069,3.871,3.872,9831,9859,0,0,0,0
2022-11-28T03:00:00Z,29,,,,0.229,0.228,0.231,29.331034,26.1,33.6,3.871103,3.871,3.872,9860,9888,0,0,0,0
2022-11-28T04:00:00Z,30,,,,0.229367,0.228,0.232,31.63,30.6,32.4,3.8711,3.871,3.872,9889,9918,0,0,0,0
2022-11-28T05:00:00Z,29,,,,0.230414,0.229,0.234,26.593103,25.5,29.7,3.871069,3.871,3.872,9919,9947,0,0,0,0
2022-11-28T06:00:00Z,29,,,,0.230828,0.229,0.233,26.02069,25.7,27.5,3.870517,3.869,3.871,9948,9976,0,0,0,0
2022-11-28T07:00:00Z,29,,,,0.231138,0.23,0.233,25.727586,25,27.4,3.870586,3.869,3.871,9977,10005,0,0,0,0
2022-11-28T08:00:00Z,30,,,,0.2318,0.231,0.235,25.553333,25.1,25.8,3.8698,3.869,3.871,10006,10035,0,0,0,0
2022-11-28T09:00:00Z,29,,,,0.231552,0.231,0.233,25.558621,25.2,25.8,3.869552,3.869,3.871,10036,10064,0,0,0,0
2022-11-28T10:00:00Z,29,,,,0.232,0.23,0.234,25.52069,25.3,25.7,3.869,3.867,3.871,10065,10093,0,0,0,0
2022-11-28T11:00:00Z,29,,,,0.232241,0.232,0.234,25.355172,25.1,25.7,3.868862,3.867,3.869,10094,10122,0,0,0,0
2022-11-28T12:00:00Z,30,,,,0.231933,0.23,0.233,25.006667,24.7,25.3,3.868867,3.867,3.869,10123,10152,0,0,0,0
2022-11-28T13:00:00Z,29,,,,0.231621,0.231,0.233,24.924138,24.7,25.3,3.868172,3.867,3.869,10153,10181,0,0,0,0
2022-11-28T14:00:00Z,29,,,,0.232069,0.231,0.234,24.989655,24.7,25.7,3.867828,3.867,3.869,10182,10210,0,0,0,0
2022-11-28T15:00:00Z,29,,,,0.232034,0.231,0.233,25.02069,24.6,25.6,3.867586,3.866,3.869,10211,10239,0,0,0,0
2022-11-28T16:00:00Z,29,,,,0.232034,0.231,0.234,24.817241,24.6,25.2,3.867034,3.864,3.869,10240,10268,0,0,0,0
2022-11-28T17:00:00Z,30,,,,0.232,0.231,0.234,24.57,24.4,24.7,3.866733,3.866,3.867,10269,10298,0,0,0,0
2022-11-28T18:00:00Z,29,,,,0.231966,0.231,0.234,24.555172,24.4,24.7,3.866138,3.864,3.867,10299,10327,0,0,0,0
2022-11-28T19:00:00Z,29,,,,0.232207,0.231,0.234,24.558621,24.4,24.6,3.865759,3.864,3.867,10328,10356,0,0,0,0
2022-11-28T20:00:00Z,29,,,,0.232379,0.232,0.234,24.631034,24.4,25.7,3.865069,3.862,3.867,10357,10385,0,0,0,0
2022-11-28T21:00:00Z,30,,,,0.2325,0.232,0.234,25.393333,24.6,26.7,3.864467,3.862,3.866,10386,10415,0,0,0,0
2022-11-28T22:00:00Z,21,,,,0.232286,0.232,0.233,26.009524,25.7,26.8,3.86319,3.861,3.866,10416,10442,0,0,0,0
2022-11-28T23:00:00Z,12,,,,0.232333,0.232,0.234,26.6,25.9,27.2,3.860833,3.859,3.864,10445,10470,0,0,0,0
2022-11-29T00:00:00Z,30,,,,0.232433,0.232,0.234,26.813333,26.4,27.2,3.8605,3.859,3.862,10471,10500,0,0,0,0
2022-11-29T01:00:00Z,29,,,,0.232448,0.231,0.234,26.896552,26.3,27.2,3.859897,3.857,3.861,10501,10529,0,0,0,0
2022-11-29T02:00:00Z,29,,,,0.229966,0.228,0.233,27.106897,25.2,32.3,3.860414,3.857,3.862,10530,10558,0,0,0,0
2022-11-29T03:00:00Z,29,,,,0.22831,0.227,0.231,33.296552,28.5,35.4,3.86131,3.859,3.864,10559,10587,0,0,0,0
2022-11-29T04:00:00Z,30,,,,0.228267,0.228,0.23,32.666667,28.1,34.7,3.860867,3.859,3.862,10588,10617,0,0,0,0
2022-11-29T05:00:00Z,29,,,,0.229414,0.228,0.233,27.906897,26.7,31.1,3.859138,3.857,3.861,10618,10646,0,0,0,0
2022-11-29T06:00:00Z,29,,,,0.230379,0.229,0.233,27.02069,26.6,27.8,3.858276,3.856,3.861,10647,10675,0,0,0,0
2022-11-29T07:00:00Z,29,,,,0.230414,0.229,0.233,31.724138,27.7,32.6,3.856931,3.854,3.861,10676,10704,0,0,0,0
2022-11-29T08:00:00Z,30,,,,0.2309,0.23,0.233,31.61,31.1,31.8,3.8556,3.854,3.857,10705,10734,0,0,0,0
2022-11-29T09:00:00Z,29,,,,0.231103,0.23,0.233,31.524138,31.4,31.7,3.855586,3.854,3.857,10735,10763,0,0,0,0
2022-11-29T10:00:00Z,29,,,,0.231207,0.23,0.234,31.396552,31.3,31.4,3.854069,3.852,3.856,10764,10792,0,0,0,0
2022-11-29T11:00:00Z,29,,,,0.231414,0.23,0.233,31.331034,31.3,31.4,3.853172,3.852,3.856,10793,10821,0,0,0,0
2022-11-29T12:00:00Z,29,,,,0.231379,0.23,0.233,31.303448,31.3,31.4,3.85269,3.851,3.854,10822,10850,0,0,0,0
2022-11-29T13:00:00Z,30,,,,0.231267,0.231,0.234,31.303333,31.3,31.4,3.8525,3.851,3.854,10851,10880,0,0,0,0
2022-11-29T14:00:00Z,29,,,,0.231483,0.231,0.234,31.306897,31.3,31.4,3.852034,3.851,3.854,10881,10909,0,0,0,0
2022-11-29T15:00:00Z,29,,,,0.23169,0.231,0.233,31.3,31.3,31.3,3.851552,3.849,3.854,10910,10938,0,0,0,0
2022-11-29T16:00:00Z,29,,,,0.231759,0.231,0.234,31.289655,31.2,31.3,3.850276,3.849,3.852,10939,10967,0,0,0,0
2022-11-29T17:00:00Z,29,,,,0.23231,0.231,0.234,29.251724,27.1,31.3,3.849586,3.847,3.852,10968,10996,0,0,0,0
2022-11-29T18:00:00Z,29,,,,0.232138,0.231,0.234,30.437931,27.7,30.9,3.848172,3.847,3.851,10997,11026,0,0,0,0
2022-11-29T19:00:00Z,29,,,,0.232172,0.231,0.234,30.37931,28.6,30.7,3.847862,3.846,3.851,11027,11055,0,0,0,0
2022-11-29T20:00:00Z,29,,,,0.232276,0.232,0.234,28.462069,27.2,29.8,3.847483,3.846,3.849,11056,11084,0,0,0,0
2022-11-29T21:00:00Z,29,,,,0.232207,0.231,0.233,27.010345,25.9,28.5,3.846586,3.844,3.849,11085,11113,0,0,0,0
2022-11-29T22:00:00Z,30,,,,0.232267,0.232,0.234,26.49,25.9,28.5,3.8461,3.844,3.847,11114,11143,0,0,0,0
2022-11-29T23:00:00Z,28,,,,0.232357,0.232,0.234,28,26.6,29.1,3.845786,3.842,3.847,11144,11172,0,0,0,0
2022-11-30T00:00:00Z,29,,,,0.232276,0.231,0.234,27.541379,26.7,28.4,3.844414,3.842,3.846,11173,11201,0,0,0,0
2022-11-30T01:00:00Z,29,,,,0.232,0.231,0.233,26.965517,26.2,27.7,3.844,3.842,3.846,11202,11230,0,0,0,0
2022-11-30T02:00:00Z,29,,,,0.230138,0.228,0.232,28.448276,25.4,33.1,3.844276,3.842,3.846,11231,11259,0,0,0,0
2022-11-30T03:00:00Z,30,,,,0.2287,0.227,0.231,29.083333,27.1,33.5,3.844433,3.842,3.847,11260,11289,0,0,0,0
2022-11-30T04:00:00Z,29,,,,0.228448,0.228,0.231,28.955172,27.9,30.6,3.84331,3.842,3.846,11290,11318,0,0,0,0
2022-11-30T05:00:00Z,29,,,,0.229138,0.228,0.231,27.637931,26.7,30.2,3.842345,3.841,3.844,11319,11347,0,0,0,0
2022-11-30T06:00:00Z,29,,,,0.230138,0.229,0.232,26.696552,26.2,27.3,3.842,3.841,3.844,11348,11376,0,0,0,0
2022-11-30T07:00:00Z,30,,,,0.230633,0.23,0.234,26.973333,26.2,29.4,3.841533,3.841,3.842,11377,11406,0,0,0,0
2022-11-30T08:00:00Z,29,,,,0.230414,0.23,0.233,26.034483,25.9,26.9,3.841448,3.841,3.842,11407,11435,0,0,0,0
2022-11-30T09:00:00Z,26,,,,0.231385,0.23,0.233,26.092308,25.9,26.5,3.841269,3.839,3.842,11436,11464,0,0,0,0
2022-11-30T10:00:00Z,29,,,,0.231483,0.23,0.233,25.955172,25.9,26.2,3.840793,3.838,3.842,11465,11493,0,0,0,0
2022-11-30T11:00:00Z,29,,,,0.231276,0.231,0.233,25.896552,25.8,26,3.839,3.838,3.841,11494,11522,0,0,0,0
2022-11-30T12:00:00Z,30,,,,0.2316,0.23,0.234,25.88,25.8,26,3.839067,3.838,3.841,11523,11552,0,0,0,0
2022-11-30T13:00:00Z,29,,,,0.231621,0.231,0.234,25.837931,25.7,25.9,3.838345,3.836,3.841,11553,11581,0,0,0,0
2022-11-30T14:00:00Z,29,,,,0.231552,0.23,0.233,25.772414,25.7,25.8,3.837552,3.834,3.839,11582,11610,0,0,0,0
2022-11-30T15:00:00Z,29,,,,0.231828,0.231,0.234,25.482759,24.4,25.9,3.836207,3.834,3.838,11611,11639,0,0,0,0
2022-11-30T16:00:00Z,29,,,,0.233966,0.233,0.236,23.803448,22.9,24.6,3.834552,3.833,3.836,11640,11668,0,0,0,0
2022-11-30T17:00:00Z,30,,,,0.234933,0.234,0.237,23.333333,22.9,24.3,3.833367,3.831,3.836,11669,11698,0,0,0,0
2022-11-30T18:00:00Z,29,,,,0.233966,0.233,0.237,22.755172,21.4,24.5,3.832793,3.831,3.834,11699,11727,0,0,0,0
2022-11-30T19:00:00Z,29,,,,0.232862,0.232,0.234,24.282759,23.8,25,3.832724,3.829,3.834,11728,11756,0,0,0,0
2022-11-30T20:00:00Z,29,,,,0.232448,0.232,0.234,24.365517,23.6,25.2,3.831759,3.829,3.834,11757,11785,0,0,0,0
2022-11-30T21:00:00Z,29,,,,0.232241,0.231,0.234,24.544828,24.2,24.7,3.830966,3.829,3.834,11786,11814,0,0,0,0
2022-11-30T22:00:00Z,30,,,,0.232033,0.231,0.234,25.036667,24.7,25.8,3.829733,3.828,3.831,11815,11844,0,0,0,0
2022-11-30T23:00:00Z,28,,,,0.232214,0.231,0.234,24.664286,24.4,25.6,3.829571,3.828,3.833,11845,11873,0,0,0,0
2022-12-01T00:00:00Z,29,,,,0.232172,0.231,0.234,25.044828,24.6,25.7,3.829034,3.828,3.831,11874,11902,0,0,0,0
2022-12-01T01:00:00Z,29,,,,0.232207,0.231,0.234,25.013793,24.4,25.9,3.828345,3.826,3.829,11903,11931,0,0,0,0
2022-12-01T02:00:00Z,29,,,,0.23131,0.23,0.233,25.727586,25.2,26.1,3.827793,3.826,3.829,11932,11960,0,0,0,0
2022-12-01T03:00:00Z,30,,,,0.2307,0.23,0.233,26.223333,25.9,27,3.827733,3.826,3.829,11961,11990,0,0,0,0
2022-12-01T04:00:00Z,28,,,,0.23025,0.229,0.232,26.567857,26,27.2,3.827964,3.826,3.829,11991,12019,0,0,0,0
2022-12-01T05:00:00Z,29,,,,0.230034,0.229,0.232,25.903448,25.5,26.6,3.826621,3.824,3.828,12020,12048,0,0,0,0
2022-12-01T06:00:00Z,29,,,,0.230517,0.23,0.233,25.403448,25.1,25.6,3.826276,3.824,3.828,12049,12077,0,0,0,0
2022-12-01T07:00:00Z,30,,,,0.2307,0.23,0.233,25.28,25.1,25.6,3.8254,3.824,3.828,12078,12107,0,0,0,0
2022-12-01T08:00:00Z,29,,,,0.23069,0.23,0.233,25.27931,25.1,25.6,3.824448,3.823,3.828,12108,12136,0,0,0,0
2022-12-01T09:00:00Z,29,,,,0.231276,0.23,0.233,25.12069,24.9,25.2,3.823345,3.821,3.826,12137,12165,0,0,0,0
2022-12-01T10:00:00Z,27,,,,0.23137,0.23,0.233,25.22963,25,25.5,3.82237,3.821,3.824,12166,12194,0,0,0,0
2022-12-01T11:00:00Z,7,,,,0.230857,0.229,0.233,25.057143,24.6,25.5,3.820143,3.819,3.821,12195,12221,0,0,0,0
2022-12-01T12:00:00Z,29,,,,0.231345,0.23,0.233,24.855172,24.6,25.2,3.819655,3.818,3.821,12222,12250,0,0,0,0
2022-12-01T13:00:00Z,29,,,,0.231241,0.23,0.233,24.92069,24.7,25.4,3.818966,3.818,3.821,12251,12279,0,0,0,0
2022-12-01T14:00:00Z,30,,,,0.231667,0.23,0.234,24.65,24.6,24.9,3.818767,3.818,3.821,12280,12309,0,0,0,0
2022-12-01T15:00:00Z,29,,,,0.231069,0.23,0.233,24.575862,24.4,24.7,3.818414,3.818,3.819,12310,12338,0,0,0,0
2022-12-01T16:00:00Z,29,,,,0.231241,0.231,0.233,24.57931,24.4,24.7,3.818069,3.818,3.819,12339,12367,0,0,0,0
2022-12-01T17:00:00Z,29,,,,0.23169,0.23,0.234,24.582759,24.5,24.6,3.817966,3.816,3.819,12368,12396,0,0,0,0
2022-12-01T18:00:00Z,30,,,,0.231467,0.231,0.234,24.66,24.6,24.9,3.817867,3.816,3.818,12397,12426,0,0,0,0
2022-12-01T19:00:00Z,29,,,,0.231586,0.231,0.233,24.686207,24.6,24.9,3.816897,3.816,3.818,12427,12455,0,0,0,0
2022-12-01T20:00:00Z,29,,,,0.231966,0.231,0.235,24.748276,24.6,25.1,3.816414,3.816,3.818,12456,12484,0,0,0,0
2022-12-01T21:00:00Z,29,,,,0.231828,0.231,0.235,24.803448,24.7,25.2,3.816,3.816,3.816,12485,12513,0,0,0,0
2022-12-01T22:00:00Z,29,,,,0.231724,0.231,0.234,24.775862,24.6,25.2,3.816,3.814,3.818,12514,12542,0,0,0,0
2022-12-01T23:00:00Z,30,,,,0.231767,0.231,0.233,24.826667,24.7,25.2,3.815933,3.814,3.816,12543,12572,0,0,0,0
2022-12-02T00:00:00Z,29,,,,0.231655,0.231,0.233,24.875862,24.6,25.5,3.815586,3.814,3.816,12573,12601,0,0,0,0
2022-12-02T01:00:00Z,29,,,,0.231207,0.23,0.233,24.855172,24.5,25.7,3.814897,3.814,3.816,12602,12630,0,0,0,0
2022-12-02T02:00:00Z,29,,,,0.231,0.23,0.233,24.4,23.7,25.2,3.814345,3.814,3.816,12631,12659,0,0,0,0
2022-12-02T03:00:00Z,29,,,,0.230276,0.229,0.233,24.8,23.6,26.3,3.81431,3.813,3.816,12660,12688,0,0,0,0
2022-12-02T04:00:00Z,30,,,,0.229367,0.229,0.232,26.573333,25.9,27.2,3.8144,3.814,3.816,12689,12718,0,0,0,0
2022-12-02T05:00:00Z,29,,,,0.230379,0.229,0.233,26.282759,25.9,26.9,3.813897,3.813,3.816,12719,12747,0,0,0,0
2022-12-02T06:00:00Z,29,,,,0.230414,0.23,0.233,26.524138,26.1,27,3.812552,3.811,3.814,12748,12776,0,0,0,0
2022-12-02T07:00:00Z,27,,,,0.230926,0.229,0.233,26.222222,25.9,27,3.812148,3.809,3.814,12777,12805,0,0,0,0
2022-12-02T08:00:00Z,30,,,,0.231,0.23,0.233,25.98,25.8,26.8,3.8107,3.808,3.813,12806,12835,0,0,0,0
2022-12-02T09:00:00Z,29,,,,0.231207,0.23,0.233,25.77931,25.7,25.9,3.810138,3.808,3.813,12836,12864,0,0,0,0
2022-12-02T10:00:00Z,29,,,,0.23131,0.23,0.234,25.824138,25.7,25.9,3.80931,3.808,3.811,12865,12893,0,0,0,0
2022-12-02T11:00:00Z,29,,,,0.231483,0.231,0.234,25.731034,25.5,25.9,3.809069,3.808,3.811,12894,12922,0,0,0,0
2022-12-02T12:00:00Z,29,,,,0.231586,0.23,0.233,25.531034,25.2,25.8,3.808103,3.806,3.809,12923,12951,0,0,0,0
2022-12-02T13:00:00Z,30,,,,0.231567,0.231,0.233,25.296667,25.1,25.5,3.8069,3.805,3.809,12952,12981,0,0,0,0
2022-12-02T14:00:00Z,29,,,,0.231759,0.23,0.234,25.137931,24.8,25.3,3.805241,3.803,3.808,12982,13010,0,0,0,0
2022-12-02T15:00:00Z,29,,,,0.231655,0.231,0.234,24.975862,24.7,25.3,3.804379,3.803,3.808,13011,13039,0,0,0,0
2022-12-02T16:00:00Z,29,,,,0.231897,0.231,0.234,25.117241,24.9,25.3,3.802655,3.801,3.805,13040,13068,0,0,0,0
2022-12-02T17:00:00Z,30,,,,0.231567,0.23,0.234,25.146667,24.9,25.4,3.801233,3.8,3.803,13069,13098,0,0,0,0
2022-12-02T18:00:00Z,29,,,,0.231897,0.231,0.233,25.12069,24.8,25.5,3.800793,3.8,3.803,13099,13127,0,0,0,0
2022-12-02T19:00:00Z,29,,,,0.232103,0.231,0.234,25.017241,24.8,25.3,3.8,3.798,3.801,13128,13156,0,0,0,0
2022-12-02T20:00:00Z,29,,,,0.232069,0.231,0.233,25.255172,25,25.5,3.798172,3.796,3.801,13157,13185,0,0,0,0
2022-12-02T21:00:00Z,29,,,,0.232103,0.231,0.234,25.217241,25,25.4,3.797069,3.795,3.8,13186,13214,0,0,0,0
2022-12-02T22:00:00Z,30,,,,0.232267,0.231,0.235,24.956667,24.7,25.3,3.795467,3.795,3.796,13215,13244,0,0,0,0
2022-12-02T23:00:00Z,28,,,,0.232107,0.231,0.233,24.710714,24.6,25,3.795143,3.793,3.796,13245,13273,0,0,0,0
2022-12-03T00:00:00Z,29,,,,0.231759,0.231,0.233,24.565517,24.4,24.7,3.795,3.793,3.796,13274,13302,0,0,0,0
2022-12-03T01:00:00Z,29,,,,0.231448,0.231,0.233,24.289655,23.9,24.6,3.793828,3.791,3.795,13303,13331,0,0,0,0
2022-12-03T02:00:00Z,29,,,,0.230966,0.229,0.233,23.668966,23.4,24.2,3.792448,3.791,3.795,13332,13360,0,0,0,0
2022-12-03T03:00:00Z,30,,,,0.230767,0.23,0.234,23.496667,23.3,23.8,3.791533,3.791,3.793,13361,13390,0,0,0,0
2022-12-03T04:00:00Z,29,,,,0.231138,0.229,0.234,23.631034,23.3,24.3,3.790793,3.79,3.791,13391,13419,0,0,0,0
2022-12-03T05:00:00Z,29,,,,0.230621,0.23,0.235,23.251724,23,23.5,3.790379,3.79,3.791,13420,13448,0,0,0,0
2022-12-03T06:00:00Z,29,,,,0.230552,0.23,0.233,23.124138,23,23.2,3.789793,3.788,3.79,13449,13477,0,0,0,0
2022-12-03T07:00:00Z,30,,,,0.230967,0.23,0.233,23.103333,22.9,23.3,3.789133,3.788,3.79,13478,13507,0,0,0,0
2022-12-03T08:00:00Z,29,,,,0.230897,0.23,0.233,23.072414,22.8,23.3,3.788069,3.786,3.79,13508,13536,0,0,0,0
2022-12-03T09:00:00Z,29,,,,0.231207,0.23,0.234,23.148276,23,23.3,3.786828,3.786,3.788,13537,13565,0,0,0,0
2022-12-03T10:00:00Z,29,,,,0.231448,0.23,0.234,23.289655,23.1,23.4,3.784862,3.781,3.788,13566,13594,0,0,0,0
2022-12-03T11:00:00Z,29,,,,0.231552,0.23,0.234,23.275862,23.1,23.4,3.783138,3.78,3.786,13595,13623,0,0,0,0
2022-12-03T12:00:00Z,30,,,,0.231633,0.23,0.235,23.333333,23.3,23.4,3.781167,3.778,3.785,13624,13653,0,0,0,0
2022-12-03T13:00:00Z,29,,,,0.232069,0.231,0.233,23.693103,23.4,23.8,3.780103,3.778,3.783,13654,13682,0,0,0,0
2022-12-03T14:00:00Z,29,,,,0.232414,0.23,0.235,23.944828,23.8,24.2,3.778172,3.775,3.781,13683,13711,0,0,0,0
2022-12-03T15:00:00Z,29,,,,0.232103,0.231,0.234,24.268966,24,24.6,3.775966,3.775,3.778,13712,13740,0,0,0,0
2022-12-03T16:00:00Z,30,,,,0.232267,0.232,0.235,24.53,24.3,24.9,3.774167,3.773,3.776,13741,13770,0,0,0,0
2022-12-03T17:00:00Z,29,,,,0.232172,0.231,0.234,24.910345,24.6,25.2,3.772276,3.77,3.773,13771,13799,0,0,0,0
2022-12-03T18:00:00Z,29,,,,0.232655,0.232,0.234,24.962069,24.7,25.4,3.771621,3.768,3.773,13800,13828,0,0,0,0
2022-12-03T19:00:00Z,29,,,,0.232552,0.232,0.234,24.789655,24.7,25.2,3.768931,3.767,3.772,13829,13857,0,0,0,0
2022-12-03T20:00:00Z,29,,,,0.232379,0.232,0.234,24.910345,24.7,25.1,3.767724,3.767,3.77,13858,13886,0,0,0,0
2022-12-03T21:00:00Z,30,,,,0.232533,0.232,0.234,24.82,24.7,25.1,3.7669,3.765,3.768,13887,13916,0,0,0,0
2022-12-03T22:00:00Z,29,,,,0.232448,0.232,0.233,24.8,24.6,25.1,3.766448,3.765,3.767,13917,13945,0,0,0,0
2022-12-03T23:00:00Z,29,,,,0.232448,0.232,0.234,24.668966,24.5,24.8,3.765276,3.763,3.767,13946,13974,0,0,0,0
2022-12-04T00:00:00Z,29,,,,0.232759,0.232,0.235,24.562069,24.4,24.7,3.764241,3.763,3.765,13975,14003,0,0,0,0
2022-12-04T01:00:00Z,30,,,,0.232267,0.232,0.234,24.37,24.1,24.6,3.7634,3.763,3.765,14004,14033,0,0,0,0
2022-12-04T02:00:00Z,29,,,,0.23131,0.23,0.233,24.510345,23.8,25.8,3.762966,3.762,3.763,14034,14062,0,0,0,0
2022-12-04T03:00:00Z,29,,,,0.231034,0.23,0.234,25.758621,25.5,26.2,3.762586,3.762,3.763,14063,14091,0,0,0,0
2022-12-04T04:00:00Z,28,,,,0.230143,0.229,0.233,25.975,25.7,26.3,3.761964,3.758,3.763,14092,14120,0,0,0,0
2022-12-04T05:00:00Z,12,,,,0.23075,0.23,0.233,25.341667,24.9,25.7,3.760417,3.757,3.762,14121,14145,0,0,0,0
2022-12-04T06:00:00Z,4,,,,0.2315,0.23,0.233,24.85,24.7,25,3.755,3.753,3.757,14148,14159,0,0,0,0
2022-12-04T07:00:00Z,24,,,,0.231417,0.23,0.233,25.425,25.1,25.7,3.748375,3.747,3.75,14180,14203,0,0,0,0
2022-12-04T08:00:00Z,29,,,,0.231586,0.231,0.234,25.655172,25.4,25.8,3.747517,3.745,3.75,14204,14232,0,0,0,0
2022-12-04T09:00:00Z,29,,,,0.231621,0.231,0.233,25.586207,25.3,25.8,3.746,3.745,3.748,14233,14261,0,0,0,0
2022-12-04T10:00:00Z,30,,,,0.2318,0.231,0.233,25.6,25.4,25.8,3.7435,3.742,3.745,14262,14291,0,0,0,0
2022-12-04T11:00:00Z,29,,,,0.232172,0.231,0.234,25.472414,25.2,25.8,3.742172,3.74,3.743,14292,14320,0,0,0,0
2022-12-04T12:00:00Z,29,,,,0.232138,0.231,0.234,25.255172,25.1,25.4,3.740897,3.74,3.742,14321,14349,0,0,0,0
2022-12-04T13:00:00Z,28,,,,0.23275,0.231,0.235,24.642857,23.3,25.4,3.73925,3.737,3.742,14350,14378,0,0,0,0
2022-12-04T14:00:00Z,30,,,,0.234633,0.233,0.237,23.21,22.5,24,3.7374,3.735,3.739,14379,14408,0,0,0,0
2022-12-04T15:00:00Z,29,,,,0.235414,0.234,0.238,22.793103,22.4,23.2,3.735207,3.734,3.737,14409,14437,0,0,0,0
2022-12-04T16:00:00Z,29,,,,0.235207,0.234,0.237,22.896552,22.3,23.3,3.734207,3.732,3.735,14438,14466,0,0,0,0
2022-12-04T17:00:00Z,29,,,,0.233138,0.232,0.235,22.662069,21.7,24.4,3.732172,3.729,3.734,14467,14495,0,0,0,0
2022-12-04T18:00:00Z,29,,,,0.233103,0.233,0.235,23.47931,23.2,24.4,3.730483,3.729,3.732,14496,14524,0,0,0,0
2022-12-04T19:00:00Z,30,,,,0.232967,0.232,0.234,23.3,23.1,23.5,3.728733,3.725,3.732,14525,14554,0,0,0,0
2022-12-04T20:00:00Z,29,,,,0.233103,0.232,0.235,23.282759,23.2,23.4,3.72631,3.724,3.729,14555,14583,0,0,0,0
2022-12-04T21:00:00Z,29,,,,0.233138,0.232,0.235,23.251724,23,23.3,3.723793,3.722,3.727,14584,14612,0,0,0,0
2022-12-04T22:00:00Z,29,,,,0.233207,0.233,0.235,23.093103,22.8,23.3,3.721724,3.72,3.724,14613,14641,0,0,0,0
2022-12-04T23:00:00Z,29,,,,0.242414,0.2,0.284,25.475862,16.4,30.7,4.009897,3.72,4.092,14642,14670,0,0,0,0
2022-12-05T00:00:00Z,30,,,,0.245933,0.201,0.284,26.013333,21.2,30.2,4.132033,4.1,4.151,14671,14700,0,0,0,0
2022-12-05T01:00:00Z,29,,,,0.246241,0.203,0.284,25.565517,21.1,29.6,4.165724,4.149,4.181,14701,14729,0,0,0,0
2022-12-05T02:00:00Z,29,,,,0.250345,0.203,0.287,25.834483,21.4,29.9,4.185483,4.179,4.189,14730,14758,0,0,0,0
2022-12-05T03:00:00Z,29,,,,0.248966,0.204,0.288,25.424138,20.9,28.8,4.158655,4.149,4.172,14759,14787,0,0,0,0
2022-12-05T04:00:00Z,30,,,,0.245033,0.203,0.287,25.356667,20.8,29.7,4.143667,4.139,4.149,14788,14817,0,0,0,0
2022-12-05T05:00:00Z,29,,,,0.240759,0.204,0.288,24.565517,20.3,27.7,4.138241,4.136,4.141,14818,14846,0,0,0,0
2022-12-05T06:00:00Z,29,,,,0.25369,0.207,0.286,25.193103,21.7,29.6,4.135241,4.135,4.136,14847,14875,0,0,0,0
2022-12-05T07:00:00Z,29,,,,0.242138,0.204,0.286,24.658621,19.4,29.9,4.133897,4.133,4.135,14876,14904,0,0,0,0
2022-12-05T08:00:00Z,29,,,,0.248862,0.204,0.286,24.093103,19.9,29.2,4.132862,4.131,4.133,14905,14933,0,0,0,0
2022-12-05T09:00:00Z,26,,,,0.231846,0.206,0.286,23.969231,19.6,29.7,4.131269,4.13,4.133,14934,14963,0,0,0,0
2022-12-05T10:00:00Z,29,,,,0.248241,0.205,0.286,24.77931,19.8,28.6,4.130655,4.13,4.133,14964,14992,0,0,0,0
2022-12-05T11:00:00Z,28,,,,0.255036,0.206,0.287,24.464286,20.3,29.7,4.129964,4.126,4.131,14993,15021,0,0,0,0
2022-12-05T12:00:00Z,29,,,,0.248724,0.204,0.288,23.951724,19.7,28.7,4.128276,4.126,4.13,15022,15050,0,0,0,0
2022-12-05T13:00:00Z,30,,,,0.243433,0.204,0.287,23.806667,19.4,29.8,4.127333,4.125,4.13,15051,15080,0,0,0,0
2022-12-05T14:00:00Z,29,,,,0.23631,0.205,0.287,23.355172,19.4,28.2,4.126138,4.125,4.128,15081,15109,0,0,0,0
2022-12-05T15:00:00Z,29,,,,0.246172,0.204,0.288,23.682759,19.4,30,4.124724,4.121,4.126,15110,15138,0,0,0,0
2022-12-05T16:00:00Z,29,,,,0.24531,0.206,0.289,24.486207,21.2,29.5,4.124621,4.121,4.126,15139,15167,0,0,0,0
2022-12-05T17:00:00Z,30,,,,0.237033,0.206,0.288,24.433333,21.3,30.1,4.1135,4.106,4.126,15168,15197,0,0,0,0
2022-12-05T18:00:00Z,29,,,,0.234552,0.234,0.236,23.855172,23.3,24.8,4.107034,4.106,4.11,15198,15226,0,0,0,0
2022-12-05T19:00:00Z,29,,,,0.235207,0.234,0.238,23.67931,23.4,23.9,4.10569,4.105,4.106,15227,15255,0,0,0,0
2022-12-05T20:00:00Z,29,,,,0.235069,0.234,0.237,23.834483,23.5,24.4,4.105207,4.105,4.106,15256,15284,0,0,0,0
2022-12-05T21:00:00Z,29,,,,0.233759,0.233,0.237,23.82069,23.1,24.5,4.10469,4.102,4.105,15285,15313,0,0,0,0
2022-12-05T22:00:00Z,30,,,,0.2331,0.232,0.235,24.533333,23.8,25.3,4.104,4.102,4.105,15314,15343,0,0,0,0
2022-12-05T23:00:00Z,29,,,,0.233172,0.232,0.235,25.67931,25,26.4,4.102586,4.1,4.105,15344,15372,0,0,0,0
2022-12-06T00:00:00Z,29,,,,0.232862,0.232,0.234,25.637931,25.2,26.7,4.101483,4.098,4.105,15373,15401,0,0,0,0
2022-12-06T01:00:00Z,28,,,,0.232321,0.232,0.234,25.757143,25.5,26.3,4.099036,4.097,4.102,15402,15430,0,0,0,0
2022-12-06T02:00:00Z,30,,,,0.228433,0.226,0.232,30.78,25.8,37,4.098033,4.097,4.1,15431,15460,0,0,0,0
2022-12-06T03:00:00Z,29,,,,0.229,0.227,0.232,28.482759,26.2,35.6,4.097414,4.095,4.1,15461,15489,0,0,0,0
2022-12-06T04:00:00Z,29,,,,0.228931,0.228,0.232,26.875862,26.5,27.4,4.095586,4.092,4.098,15490,15518,0,0,0,0
2022-12-06T05:00:00Z,29,,,,0.229862,0.229,0.232,28.244828,26.9,30.6,4.093379,4.092,4.097,15519,15547,0,0,0,0
2022-12-06T06:00:00Z,28,,,,0.230464,0.229,0.233,29.728571,28,31.3,4.091821,4.09,4.093,15548,15577,0,0,0,0
2022-12-06T07:00:00Z,28,,,,0.230536,0.229,0.233,27.553571,27,28.5,4.089643,4.088,4.092,15578,15605,0,0,0,0
2022-12-06T08:00:00Z,10,,,,0.231,0.23,0.233,27.3,26.3,28,4.0878,4.087,4.088,15607,15627,0,0,0,0
2022-12-06T09:00:00Z,21,,,,0.231143,0.23,0.234,28.866667,26.1,31.3,4.08419,4.082,4.087,15636,15661,0,0,0,0
2022-12-06T10:00:00Z,30,,,,0.2315,0.231,0.233,30.46,29.9,31.3,4.083133,4.082,4.085,15662,15691,0,0,0,0
2022-12-06T11:00:00Z,29,,,,0.23131,0.231,0.233,30.286207,29.5,31.2,4.082517,4.082,4.085,15692,15720,0,0,0,0
2022-12-06T12:00:00Z,29,,,,0.231345,0.231,0.232,29.637931,28.7,30.9,4.082207,4.082,4.083,15721,15749,0,0,0,0
2022-12-06T13:00:00Z,27,,,,0.231889,0.231,0.233,29.281481,28.5,30,4.081889,4.08,4.083,15750,15778,0,0,0,0
2022-12-06T14:00:00Z,30,,,,0.231833,0.231,0.233,28.09,27.2,29.3,4.080533,4.08,4.082,15779,15808,0,0,0,0
2022-12-06T15:00:00Z,29,,,,0.231793,0.231,0.233,27.331034,26.7,28.1,4.079862,4.078,4.08,15809,15837,0,0,0,0
2022-12-06T16:00:00Z,27,,,,0.232074,0.232,0.233,26.348148,25.7,27.3,4.079852,4.078,4.08,15838,15866,0,0,0,0
2022-12-06T17:00:00Z,29,,,,0.232207,0.231,0.234,27.734483,25.8,30.6,4.079172,4.078,4.08,15867,15895,0,0,0,0
2022-12-06T18:00:00Z,29,,,,0.232138,0.231,0.235,30.548276,30.5,30.6,4.078276,4.078,4.08,15896,15924,0,0,0,0
2022-12-06T19:00:00Z,30,,,,0.232333,0.232,0.233,30.39,30.3,30.5,4.077833,4.077,4.08,15925,15954,0,0,0,0
2022-12-06T20:00:00Z,29,,,,0.232241,0.232,0.235,30.265517,30.2,30.3,4.077207,4.073,4.078,15955,15983,0,0,0,0
2022-12-06T21:00:00Z,29,,,,0.232276,0.232,0.234,30.168966,30.1,30.3,4.076483,4.073,4.078,15984,16012,0,0,0,0
2022-12-06T22:00:00Z,29,,,,0.232759,0.232,0.236,30.1,30.1,30.1,4.075586,4.073,4.078,16013,16041,0,0,0,0
2022-12-06T23:00:00Z,29,,,,0.23269,0.231,0.234,30.1,30.1,30.1,4.07331,4.07,4.075,16042,16070,0,0,0,0
2022-12-07T00:00:00Z,30,,,,0.232233,0.232,0.234,30.34,30.1,30.6,4.0728,4.07,4.075,16071,16100,0,0,0,0
2022-12-07T01:00:00Z,29,,,,0.231931,0.231,0.234,30.8,30.6,31.3,4.071828,4.069,4.075,16101,16129,0,0,0,0
2022-12-07T02:00:00Z,26,,,,0.229962,0.228,0.233,30.196154,25.8,33.3,4.071308,4.07,4.073,16130,16158,0,0,0,0
2022-12-07T03:00:00Z,29,,,,0.229586,0.228,0.233,28.175862,26.4,29.2,4.070552,4.069,4.072,16159,16187,0,0,0,0
2022-12-07T04:00:00Z,30,,,,0.230133,0.229,0.233,27.316667,26.7,28.5,4.07,4.067,4.072,16188,16217,0,0,0,0
2022-12-07T05:00:00Z,29,,,,0.230379,0.229,0.233,27.751724,27.2,28.6,4.068241,4.067,4.07,16218,16246,0,0,0,0
2022-12-07T06:00:00Z,29,,,,0.231034,0.23,0.233,26.013793,25.5,27.1,4.067966,4.065,4.07,16247,16275,0,0,0,0
2022-12-07T07:00:00Z,29,,,,0.230828,0.229,0.233,26.348276,25.3,28,4.066379,4.065,4.069,16276,16304,0,0,0,0
2022-12-07T08:00:00Z,29,,,,0.231621,0.231,0.235,25.765517,24.7,27.5,4.064828,4.062,4.067,16305,16333,0,0,0,0
2022-12-07T09:00:00Z,30,,,,0.231433,0.23,0.233,24.94,24.7,25.4,4.064633,4.064,4.065,16334,16363,0,0,0,0
2022-12-07T10:00:00Z,29,,,,0.231828,0.231,0.234,25.286207,24.7,25.7,4.063483,4.06,4.065,16364,16392,0,0,0,0
2022-12-07T11:00:00Z,29,,,,0.232034,0.231,0.234,24.727586,24.6,24.9,4.061897,4.059,4.064,16393,16421,0,0,0,0
2022-12-07T12:00:00Z,29,,,,0.232103,0.231,0.233,24.613793,24.5,24.7,4.060862,4.059,4.064,16422,16450,0,0,0,0
2022-12-07T13:00:00Z,30,,,,0.232033,0.231,0.234,24.516667,24.4,24.7,4.060033,4.059,4.062,16451,16480,0,0,0,0
2022-12-07T14:00:00Z,29,,,,0.231931,0.231,0.234,24.42069,24.2,24.6,4.059931,4.057,4.062,16481,16509,0,0,0,0
2022-12-07T15:00:00Z,28,,,,0.231893,0.231,0.234,24.392857,24.2,24.6,4.059286,4.057,4.062,16510,16538,0,0,0,0
2022-12-07T16:00:00Z,29,,,,0.232172,0.231,0.234,24.234483,23.9,24.4,4.058517,4.055,4.06,16539,16567,0,0,0,0
2022-12-07T17:00:00Z,30,,,,0.232133,0.23,0.234,24.186667,23.9,24.5,4.058133,4.057,4.059,16568,16597,0,0,0,0
2022-12-07T18:00:00Z,29,,,,0.232379,0.232,0.234,24.889655,24.1,25.7,4.057345,4.054,4.06,16598,16626,0,0,0,0
2022-12-07T19:00:00Z,29,,,,0.23231,0.231,0.234,25.037931,24.7,25.4,4.055793,4.054,4.057,16627,16655,0,0,0,0
2022-12-07T20:00:00Z,29,,,,0.232138,0.231,0.233,25.048276,24.7,25.4,4.055586,4.054,4.059,16656,16684,0,0,0,0
2022-12-07T21:00:00Z,29,,,,0.232793,0.232,0.235,24.862069,24.7,25.2,4.054897,4.054,4.057,16685,16713,0,0,0,0
2022-12-07T22:00:00Z,30,,,,0.232867,0.232,0.235,25.553333,24.8,27.3,4.0546,4.054,4.057,16714,16743,0,0,0,0
2022-12-07T23:00:00Z,29,,,,0.232241,0.232,0.233,25.665517,25.3,26.6,4.053828,4.052,4.055,16744,16772,0,0,0,0
2022-12-08T00:00:00Z,29,,,,0.232345,0.232,0.234,25.410345,24.8,26.1,4.053517,4.052,4.055,16773,16801,0,0,0,0
2022-12-08T01:00:00Z,29,,,,0.231793,0.231,0.233,25.665517,24.8,27.2,4.053621,4.052,4.055,16802,16830,0,0,0,0
2022-12-08T02:00:00Z,30,,,,0.2284,0.226,0.232,29.37,25.3,33,4.053233,4.052,4.055,16831,16860,0,0,0,0
2022-12-08T03:00:00Z,29,,,,0.228793,0.227,0.232,29.255172,26.7,35.2,4.05331,4.052,4.055,16861,16889,0,0,0,0
2022-12-08T04:00:00Z,29,,,,0.229172,0.228,0.231,26.658621,26.1,27.2,4.052966,4.052,4.054,16890,16918,0,0,0,0
2022-12-08T05:00:00Z,29,,,,0.229724,0.229,0.233,30.848276,26.7,33,4.051931,4.05,4.054,16919,16947,0,0,0,0
2022-12-08T06:00:00Z,29,,,,0.23031,0.229,0.233,28.617241,26.7,32.5,4.051448,4.05,4.054,16948,16976,0,0,0,0
2022-12-08T07:00:00Z,30,,,,0.230667,0.23,0.233,28.916667,27.1,32.2,4.051033,4.049,4.052,16977,17006,0,0,0,0
2022-12-08T08:00:00Z,29,,,,0.231069,0.23,0.233,30.013793,27.5,31.6,4.049724,4.047,4.052,17007,17035,0,0,0,0
2022-12-08T09:00:00Z,29,,,,0.231345,0.23,0.233,30.637931,29.9,31.2,4.049655,4.047,4.052,17036,17064,0,0,0,0
2022-12-08T10:00:00Z,29,,,,0.231414,0.23,0.233,29.575862,28.4,30.9,4.04969,4.049,4.052,17065,17093,0,0,0,0
2022-12-08T11:00:00Z,30,,,,0.231633,0.231,0.234,27.613333,27.4,28.2,4.0496,4.047,4.052,17094,17123,0,0,0,0
2022-12-08T12:00:00Z,29,,,,0.231793,0.231,0.233,27.213793,27,27.4,4.048483,4.047,4.05,17124,17152,0,0,0,0
2022-12-08T13:00:00Z,29,,,,0.231724,0.23,0.233,27.044828,26.7,27.2,4.047759,4.045,4.049,17153,17181,0,0,0,0
2022-12-08T14:00:00Z,22,,,,0.231545,0.231,0.233,26.972727,26.8,27.2,4.047045,4.044,4.049,17182,17206,0,0,0,0
2022-12-08T15:00:00Z,3,,,,0.231667,0.231,0.233,26.7,26.7,26.7,4.044,4.042,4.045,17213,17229,0,0,0,0
2022-12-08T16:00:00Z,23,,,,0.231652,0.23,0.234,26.595652,26.4,26.9,4.042174,4.04,4.045,17242,17265,0,0,0,0
2022-12-08T17:00:00Z,29,,,,0.231586,0.231,0.233,26.558621,26.3,26.9,4.042069,4.039,4.045,17266,17294,0,0,0,0
2022-12-08T18:00:00Z,29,,,,0.231793,0.231,0.233,26.424138,26.2,26.6,4.042724,4.04,4.045,17295,17323,0,0,0,0
2022-12-08T19:00:00Z,30,,,,0.231767,0.231,0.233,27.543333,26.4,29.9,4.040833,4.039,4.044,17324,17353,0,0,0,0
2022-12-08T20:00:00Z,29,,,,0.231931,0.23,0.234,28.044828,27.1,30,4.039966,4.037,4.045,17354,17382,0,0,0,0
2022-12-08T21:00:00Z,29,,,,0.232138,0.231,0.233,30.444828,30,30.6,4.039414,4.037,4.042,17383,17411,0,0,0,0
2022-12-08T22:00:00Z,29,,,,0.232034,0.231,0.234,30.544828,30.4,30.6,4.03931,4.037,4.042,17412,17440,0,0,0,0
2022-12-08T23:00:00Z,29,,,,0.232172,0.231,0.233,30.417241,30.4,30.5,4.039,4.037,4.04,17441,17469,0,0,0,0
2022-12-09T00:00:00Z,28,,,,0.232107,0.231,0.233,30.571429,30.4,30.8,4.038643,4.037,4.04,17472,17499,0,0,0,0
2022-12-09T01:00:00Z,28,,,,0.231929,0.231,0.235,31.260714,30.8,31.6,4.038714,4.037,4.04,17500,17528,0,0,0,0
2022-12-09T02:00:00Z,29,,,,0.227966,0.226,0.231,31.910345,28.7,36.7,4.038345,4.036,4.04,17529,17557,0,0,0,0
2022-12-09T03:00:00Z,29,,,,0.228517,0.227,0.232,28.965517,27.6,32.2,4.038931,4.037,4.04,17558,17586,0,0,0,0
2022-12-09T04:00:00Z,30,,,,0.229367,0.228,0.232,27.323333,27.1,28.1,4.038367,4.037,4.04,17587,17616,0,0,0,0
2022-12-09T05:00:00Z,29,,,,0.230034,0.229,0.233,28.551724,27.2,32.6,4.037552,4.036,4.039,17617,17645,0,0,0,0
2022-12-09T06:00:00Z,29,,,,0.230621,0.23,0.233,27.375862,26.8,31.8,4.036931,4.036,4.039,17646,17674,0,0,0,0
2022-12-09T07:00:00Z,29,,,,0.231,0.23,0.232,30.731034,27.1,31.6,4.036724,4.036,4.039,17675,17703,0,0,0,0
2022-12-09T08:00:00Z,27,,,,0.231111,0.229,0.233,31.6,31.6,31.6,4.036667,4.036,4.039,17705,17732,0,0,0,0
2022-12-09T09:00:00Z,30,,,,0.230933,0.23,0.232,31.583333,31.5,31.6,4.0364,4.034,4.039,17733,17762,0,0,0,0
2022-12-09T10:00:00Z,28,,,,0.231429,0.23,0.233,28.507143,26.6,31.5,4.036571,4.036,4.039,17763,17790,0,0,0,0
2022-12-09T11:00:00Z,29,,,,0.231379,0.23,0.234,26.441379,26,26.9,4.035586,4.034,4.037,17792,17820,0,0,0,0
2022-12-09T12:00:00Z,29,,,,0.231621,0.231,0.233,26.831034,26.1,28.6,4.034655,4.034,4.037,17821,17849,0,0,0,0
2022-12-09T13:00:00Z,29,,,,0.231793,0.231,0.234,26.489655,25.9,27.7,4.035345,4.032,4.037,17850,17878,0,0,0,0
2022-12-09T14:00:00Z,30,,,,0.231633,0.23,0.234,25.926667,25.8,26.2,4.035333,4.032,4.037,17879,17908,0,0,0,0
2022-12-09T15:00:00Z,28,,,,0.2315,0.231,0.234,25.921429,25.8,26.4,4.033929,4.032,4.036,17909,17937,0,0,0,0
2022-12-09T16:00:00Z,29,,,,0.232,0.231,0.233,27.986207,26.3,30.3,4.033103,4.032,4.036,17938,17966,0,0,0,0
2022-12-09T17:00:00Z,29,,,,0.231931,0.23,0.234,29.844828,27.3,31,4.032897,4.032,4.034,17967,17995,0,0,0,0
2022-12-09T18:00:00Z,30,,,,0.232167,0.231,0.233,29.336667,27.1,30.7,4.032267,4.031,4.034,17996,18025,0,0,0,0
2022-12-09T19:00:00Z,29,,,,0.23231,0.231,0.235,30.403448,29.1,30.6,4.032172,4.031,4.034,18026,18054,0,0,0,0
2022-12-09T20:00:00Z,29,,,,0.232345,0.232,0.234,28.3,26.9,29.3,4.032207,4.031,4.034,18055,18083,0,0,0,0
2022-12-09T21:00:00Z,29,,,,0.232414,0.232,0.234,27.062069,26,29.9,4.031931,4.031,4.034,18084,18112,0,0,0,0
2022-12-09T22:00:00Z,30,,,,0.2325,0.232,0.234,27.56,26.7,30.1,4.0313,4.029,4.032,18113,18142,0,0,0,0
2022-12-09T23:00:00Z,20,,,,0.2325,0.232,0.234,26.925,26.4,28.6,4.03135,4.029,4.032,18143,18171,0,0,0,0
2022-12-10T00:00:00Z,29,,,,0.232345,0.232,0.234,27.006897,26.5,27.3,4.030931,4.029,4.032,18172,18200,0,0,0,0
2022-12-10T01:00:00Z,29,,,,0.231862,0.231,0.234,26.865517,26.2,27.5,4.031103,4.029,4.032,18201,18229,0,0,0,0
2022-12-10T02:00:00Z,29,,,,0.227724,0.224,0.232,31.241379,26.2,36.5,4.031069,4.029,4.032,18230,18258,0,0,0,0
2022-12-10T03:00:00Z,30,,,,0.227833,0.225,0.23,30.75,28.6,35.3,4.031367,4.031,4.034,18259,18288,0,0,0,0
2022-12-10T04:00:00Z,29,,,,0.22869,0.228,0.232,27.937931,27.4,28.6,4.031207,4.031,4.032,18289,18317,0,0,0,0
2022-12-10T05:00:00Z,29,,,,0.229448,0.228,0.232,30.1,28.1,33.2,4.03069,4.029,4.032,18318,18346,0,0,0,0
2022-12-10T06:00:00Z,29,,,,0.229793,0.229,0.232,31.434483,27.7,32.5,4.030069,4.029,4.032,18347,18375,0,0,0,0
2022-12-10T07:00:00Z,29,,,,0.230793,0.229,0.233,28.534483,26.5,32,4.03,4.029,4.032,18376,18404,0,0,0,0
2022-12-10T08:00:00Z,29,,,,0.230759,0.23,0.233,28.858621,26.5,31.5,4.02969,4.029,4.031,18405,18433,0,0,0,0
2022-12-10T09:00:00Z,30,,,,0.2328,0.231,0.234,28.346667,25,31.4,4.0292,4.029,4.031,18434,18463,0,0,0,0
2022-12-10T10:00:00Z,29,,,,0.233448,0.233,0.236,28.244828,24.9,29.4,4.028655,4.027,4.029,18464,18492,0,0,0,0
2022-12-10T11:00:00Z,29,,,,0.232276,0.232,0.233,24.917241,23.3,25.9,4.028793,4.027,4.029,18493,18521,0,0,0,0
2022-12-10T12:00:00Z,29,,,,0.232034,0.231,0.233,25.682759,24.9,26.8,4.028862,4.027,4.029,18522,18550,0,0,0,0
2022-12-10T13:00:00Z,30,,,,0.232167,0.231,0.234,26.42,25.8,27.2,4.0288,4.027,4.029,18551,18580,0,0,0,0
2022-12-10T14:00:00Z,29,,,,0.232345,0.231,0.235,26.948276,26.1,28.6,4.02831,4.027,4.029,18581,18609,0,0,0,0
2022-12-10T15:00:00Z,29,,,,0.231655,0.231,0.235,30.041379,27.6,30.6,4.028586,4.027,4.029,18610,18638,0,0,0,0
2022-12-10T16:00:00Z,29,,,,0.231862,0.231,0.233,30.517241,30.4,30.6,4.027759,4.027,4.029,18639,18667,0,0,0,0
2022-12-10T17:00:00Z,29,,,,0.232034,0.231,0.233,30.258621,30.1,30.4,4.027345,4.027,4.029,18668,18696,0,0,0,0
2022-12-10T18:00:00Z,30,,,,0.2321,0.231,0.233,30.11,30.1,30.2,4.0276,4.027,4.029,18697,18726,0,0,0,0
2022-12-10T19:00:00Z,29,,,,0.232241,0.232,0.233,30.1,30.1,30.1,4.027276,4.027,4.029,18727,18755,0,0,0,0
2022-12-10T20:00:00Z,29,,,,0.232172,0.231,0.233,30.1,30.1,30.1,4.027069,4.027,4.029,18756,18784,0,0,0,0
2022-12-10T21:00:00Z,29,,,,0.232483,0.232,0.234,30.093103,30,30.1,4.027138,4.027,4.029,18785,18813,0,0,0,0
2022-12-10T22:00:00Z,17,,,,0.232294,0.232,0.233,30.1,30.1,30.1,4.027,4.027,4.027,18814,18839,0,0,0,0
2022-12-10T23:00:00Z,16,,,,0.232563,0.232,0.234,30.09375,30,30.1,4.026813,4.026,4.027,18844,18869,0,0,0,0
2022-12-11T00:00:00Z,29,,,,0.232586,0.232,0.234,30.086207,30,30.1,4.02669,4.026,4.027,18870,18898,0,0,0,0
2022-12-11T01:00:00Z,29,,,,0.232,0.231,0.233,30.52069,30.1,31.3,4.026345,4.026,4.027,18899,18927,0,0,0,0
2022-12-11T02:00:00Z,30,,,,0.230433,0.228,0.233,29.523333,25.9,33,4.0263,4.026,4.027,18928,18957,0,0,0,0
2022-12-11T03:00:00Z,29,,,,0.231759,0.23,0.234,29.637931,25.4,31.6,4.025793,4.024,4.026,18958,18986,0,0,0,0
2022-12-11T04:00:00Z,29,,,,0.232414,0.232,0.234,26.82069,25.7,28.6,4.025552,4.024,4.027,18987,19015,0,0,0,0
2022-12-11T05:00:00Z,29,,,,0.232966,0.232,0.235,28.762069,25.6,30,4.025241,4.022,4.026,19016,19044,0,0,0,0
2022-12-11T06:00:00Z,29,,,,0.233034,0.231,0.235,29.182759,27.2,30.1,4.024552,4.024,4.026,19045,19073,0,0,0,0
2022-12-11T07:00:00Z,30,,,,0.2337,0.233,0.235,27.02,25.1,28.8,4.023767,4.021,4.026,19074,19103,0,0,0,0
2022-12-11T08:00:00Z,29,,,,0.232862,0.232,0.234,27.768966,24.6,29.7,4.023793,4.022,4.026,19104,19132,0,0,0,0
2022-12-11T09:00:00Z,29,,,,0.232414,0.232,0.234,28.089655,27.2,29.1,4.022931,4.021,4.024,19133,19161,0,0,0,0
2022-12-11T10:00:00Z,29,,,,0.232586,0.232,0.233,26.758621,25.5,28.1,4.022552,4.021,4.024,19162,19190,0,0,0,0
2022-12-11T11:00:00Z,30,,,,0.2327,0.232,0.235,24.796667,24.5,25.7,4.022,4.019,4.024,19191,19220,0,0,0,0
2022-12-11T12:00:00Z,28,,,,0.2325,0.232,0.235,24.417857,24,24.8,4.021929,4.021,4.024,19221,19249,0,0,0,0
2022-12-11T13:00:00Z,29,,,,0.232241,0.231,0.233,24.596552,24.2,25.1,4.021345,4.019,4.024,19250,19278,0,0,0,0
2022-12-11T14:00:00Z,29,,,,0.232345,0.232,0.233,24.627586,24.4,25.1,4.020483,4.019,4.022,19279,19307,0,0,0,0
2022-12-11T15:00:00Z,29,,,,0.232276,0.231,0.234,24.606897,24.4,24.8,4.019966,4.017,4.021,19308,19336,0,0,0,0
2022-12-11T16:00:00Z,30,,,,0.232233,0.231,0.233,24.84,24.6,25.2,4.0193,4.017,4.022,19337,19366,0,0,0,0
2022-12-11T17:00:00Z,29,,,,0.23269,0.232,0.237,25.362069,24.9,25.8,4.018759,4.016,4.021,19367,19395,0,0,0,0
2022-12-11T18:00:00Z,29,,,,0.232207,0.232,0.233,25.17931,24.7,25.7,4.017793,4.016,4.021,19396,19424,0,0,0,0
2022-12-11T19:00:00Z,29,,,,0.232345,0.232,0.234,24.862069,24.6,25.2,4.017138,4.014,4.019,19425,19453,0,0,0,0
2022-12-11T20:00:00Z,29,,,,0.23231,0.232,0.234,24.641379,24.4,25.2,4.016241,4.014,4.019,19454,19482,0,0,0,0
2022-12-11T21:00:00Z,29,,,,0.232586,0.232,0.234,24.493103,24.3,24.6,4.015034,4.012,4.017,19483,19511,0,0,0,0
2022-12-11T22:00:00Z,30,,,,0.232967,0.232,0.234,24.486667,24.2,24.7,4.0143,4.011,4.017,19512,19541,0,0,0,0
2022-12-11T23:00:00Z,29,,,,0.232931,0.232,0.234,24.444828,24.1,24.6,4.012034,4.011,4.014,19542,19570,0,0,0,0
2022-12-12T00:00:00Z,29,,,,0.232552,0.232,0.234,24.427586,24.1,24.6,4.012345,4.011,4.014,19571,19599,0,0,0,0
2022-12-12T01:00:00Z,29,,,,0.232069,0.231,0.235,25.513793,24.6,26.6,4.011966,4.011,4.014,19600,19628,0,0,0,0
2022-12-12T02:00:00Z,30,,,,0.226467,0.223,0.231,31.496667,25.9,39.2,4.0123,4.011,4.014,19629,19658,0,0,0,0
2022-12-12T03:00:00Z,29,,,,0.228448,0.225,0.232,32.903448,29.1,34.8,4.012103,4.009,4.014,19659,19687,0,0,0,0
2022-12-12T04:00:00Z,29,,,,0.228345,0.227,0.23,29.12069,26,34.6,4.011586,4.011,4.012,19688,19716,0,0,0,0
2022-12-12T05:00:00Z,29,,,,0.229759,0.228,0.232,27.251724,26,31.3,4.010345,4.007,4.012,19717,19745,0,0,0,0
2022-12-12T06:00:00Z,29,,,,0.230621,0.229,0.233,31.710345,31.6,32.1,4.008621,4.007,4.012,19746,19774,0,0,0,0
2022-12-12T07:00:00Z,30,,,,0.2307,0.23,0.232,31.11,29.1,31.6,4.007367,4.006,4.009,19775,19804,0,0,0,0
2022-12-12T08:00:00Z,29,,,,0.231172,0.23,0.233,31.324138,31.3,31.4,4.006517,4.006,4.009,19805,19833,0,0,0,0
2022-12-12T09:00:00Z,29,,,,0.231276,0.23,0.232,30.265517,27.2,31.3,4.006103,4.004,4.007,19834,19862,0,0,0,0
2022-12-12T10:00:00Z,29,,,,0.231483,0.231,0.234,30.113793,27.7,30.7,4.004862,4.003,4.007,19863,19891,0,0,0,0
2022-12-12T11:00:00Z,29,,,,0.231793,0.23,0.233,30.2,30.1,30.5,4.004069,4.003,4.006,19892,19921,0,0,0,0
2022-12-12T12:00:00Z,29,,,,0.231897,0.231,0.233,30.041379,29.9,30.2,4.003552,4.001,4.004,19922,19950,0,0,0,0
2022-12-12T13:00:00Z,29,,,,0.232138,0.231,0.233,29.962069,29.3,30.3,4.003138,4.001,4.004,19951,19979,0,0,0,0
2022-12-12T14:00:00Z,29,,,,0.232103,0.231,0.233,28.334483,27.7,29.7,4.002414,4.001,4.004,19980,20008,0,0,0,0
2022-12-12T15:00:00Z,29,,,,0.231966,0.231,0.233,27.672414,27.2,28.8,4.001069,3.999,4.003,20009,20037,0,0,0,0
2022-12-12T16:00:00Z,30,,,,0.232333,0.232,0.234,28.033333,27.1,30.1,4.000067,3.999,4.003,20038,20067,0,0,0,0
2022-12-12T17:00:00Z,29,,,,0.232345,0.232,0.233,29.42069,27.4,30.1,3.999241,3.998,4.001,20068,20096,0,0,0,0
2022-12-12T18:00:00Z,29,,,,0.232621,0.232,0.234,30.075862,30,30.1,3.99869,3.998,3.999,20097,20125,0,0,0,0
2022-12-12T19:00:00Z,29,,,,0.232724,0.232,0.234,29.096552,26.6,30.1,3.998103,3.996,3.999,20126,20154,0,0,0,0
2022-12-12T20:00:00Z,30,,,,0.2329,0.232,0.234,27.843333,25.7,29.9,3.997133,3.994,3.999,20155,20184,0,0,0,0
2022-12-12T21:00:00Z,29,,,,0.232793,0.232,0.234,29.717241,29.6,29.8,3.996172,3.993,3.998,20185,20213,0,0,0,0
2022-12-12T22:00:00Z,29,,,,0.232931,0.232,0.234,29.603448,29.5,29.7,3.994345,3.993,3.996,20214,20242,0,0,0,0
2022-12-12T23:00:00Z,29,,,,0.233,0.233,0.233,29.544828,29.5,29.6,3.993034,3.989,3.994,20243,20271,0,0,0,0
2022-12-13T00:00:00Z,29,,,,0.232862,0.232,0.234,29.882759,29.6,30.1,3.991414,3.988,3.994,20272,20300,0,0,0,0
2022-12-13T01:00:00Z,30,,,,0.232167,0.231,0.234,30.363333,30.1,31.3,3.991,3.988,3.993,20301,20330,0,0,0,0
2022-12-13T02:00:00Z,29,,,,0.224966,0.221,0.233,35.927586,25.9,42.7,3.992345,3.991,3.994,20331,20359,0,0,0,0
2022-12-13T03:00:00Z,29,,,,0.226724,0.222,0.231,35.12069,31.1,41.7,3.98931,3.986,3.991,20360,20388,0,0,0,0
2022-12-13T04:00:00Z,29,,,,0.228103,0.227,0.23,30.527586,28.1,35.2,3.987621,3.986,3.991,20389,20417,0,0,0,0
2022-12-13T05:00:00Z,30,,,,0.229567,0.228,0.232,31.686667,29.2,33,3.985467,3.983,3.989,20418,20447,0,0,0,0
2022-12-13T06:00:00Z,29,,,,0.230034,0.229,0.231,31.827586,31.6,32.2,3.983759,3.981,3.986,20448,20476,0,0,0,0
2022-12-13T07:00:00Z,29,,,,0.231034,0.23,0.233,31.358621,30.1,31.6,3.981931,3.979,3.984,20477,20505,0,0,0,0
2022-12-13T08:00:00Z,29,,,,0.231552,0.231,0.233,29.475862,28.5,30.6,3.979517,3.978,3.983,20506,20534,0,0,0,0
2022-12-13T09:00:00Z,29,,,,0.231724,0.23,0.233,29.768966,28.7,30.6,3.978724,3.978,3.979,20535,20563,0,0,0,0
2022-12-13T10:00:00Z,18,,,,0.231611,0.231,0.233,29.827778,29.5,30.1,3.977611,3.974,3.979,20564,20587,0,0,0,0
2022-12-13T11:00:00Z,8,,,,0.232125,0.231,0.233,29.7875,29.6,29.9,3.9745,3.974,3.976,20592,20618,0,0,0,0
2022-12-13T12:00:00Z,30,,,,0.231933,0.231,0.233,28.8,28.5,29.4,3.9737,3.973,3.974,20619,20648,0,0,0,0
2022-12-13T13:00:00Z,29,,,,0.232207,0.231,0.234,28.224138,27.2,28.9,3.972793,3.97,3.974,20649,20677,0,0,0,0
2022-12-13T14:00:00Z,28,,,,0.232429,0.231,0.235,27.2,23.7,29.1,3.972179,3.97,3.973,20678,20706,0,0,0,0
2022-12-13T15:00:00Z,28,,,,0.2345,0.233,0.238,26.503571,23.5,27.7,3.969107,3.966,3.971,20707,20735,0,0,0,0
2022-12-13T16:00:00Z,29,,,,0.233897,0.233,0.237,25.024138,23.5,27.4,3.967483,3.966,3.971,20736,20764,0,0,0,0
2022-12-13T17:00:00Z,30,,,,0.233133,0.232,0.236,24.946667,23.8,25.7,3.966033,3.963,3.968,20765,20794,0,0,0,0
2022-12-13T18:00:00Z,29,,,,0.233069,0.232,0.234,25.168966,24.7,25.7,3.964207,3.961,3.966,20795,20823,0,0,0,0
2022-12-13T19:00:00Z,29,,,,0.233069,0.232,0.235,24.734483,24.5,25.2,3.962207,3.96,3.965,20824,20852,0,0,0,0
2022-12-13T20:00:00Z,29,,,,0.233034,0.232,0.234,24.672414,24.5,24.9,3.960897,3.96,3.963,20853,20881,0,0,0,0
2022-12-13T21:00:00Z,26,,,,0.233038,0.233,0.234,24.530769,24.4,24.7,3.958731,3.956,3.961,20882,20911,0,0,0,0
2022-12-13T22:00:00Z,29,,,,0.233276,0.232,0.235,24.493103,24.4,24.6,3.956828,3.956,3.96,20912,20940,0,0,0,0
2022-12-13T23:00:00Z,29,,,,0.233138,0.233,0.234,24.458621,24.3,24.6,3.955655,3.955,3.958,20941,20969,0,0,0,0
2022-12-14T00:00:00Z,29,,,,0.232966,0.232,0.235,24.862069,24.4,26.2,3.954172,3.951,3.956,20970,20998,0,0,0,0
2022-12-14T01:00:00Z,29,,,,0.232379,0.231,0.235,25.782759,25.4,26.7,3.952103,3.95,3.956,20999,21027,0,0,0,0
2022-12-14T02:00:00Z,30,,,,0.230467,0.229,0.233,27.746667,25.9,32.7,3.951833,3.948,3.953,21028,21057,0,0,0,0
2022-12-14T03:00:00Z,29,,,,0.231414,0.231,0.233,27.358621,26.2,28.9,3.950207,3.948,3.951,21058,21086,0,0,0,0
2022-12-14T04:00:00Z,29,,,,0.231276,0.23,0.233,27.344828,26.3,28.2,3.948897,3.946,3.95,21087,21115,0,0,0,0
2022-12-14T05:00:00Z,29,,,,0.231345,0.231,0.233,27.293103,26.3,28.2,3.947517,3.946,3.95,21116,21144,0,0,0,0
2022-12-14T06:00:00Z,29,,,,0.231724,0.231,0.233,27.175862,26.3,28.6,3.946034,3.945,3.948,21145,21173,0,0,0,0
2022-12-14T07:00:00Z,30,,,,0.2317,0.231,0.233,27.146667,26.4,28.5,3.945467,3.943,3.948,21174,21203,0,0,0,0
2022-12-14T08:00:00Z,29,,,,0.231655,0.23,0.233,28.606897,27.3,29.5,3.944276,3.941,3.946,21204,21232,0,0,0,0
2022-12-14T09:00:00Z,29,,,,0.232172,0.231,0.233,27.651724,27.1,28.5,3.942379,3.941,3.945,21233,21261,0,0,0,0
2022-12-14T10:00:00Z,29,,,,0.232276,0.231,0.234,27.168966,26.7,28,3.94069,3.938,3.943,21262,21290,0,0,0,0
2022-12-14T11:00:00Z,30,,,,0.232167,0.232,0.233,27.943333,27.1,28.6,3.939733,3.937,3.941,21291,21320,0,0,0,0
2022-12-14T12:00:00Z,29,,,,0.232172,0.231,0.233,28.472414,27.9,29.2,3.938069,3.935,3.94,21321,21349,0,0,0,0
2022-12-14T13:00:00Z,29,,,,0.232241,0.231,0.233,28.582759,28.3,28.8,3.937241,3.935,3.94,21350,21378,0,0,0,0
2022-12-14T14:00:00Z,29,,,,0.232069,0.231,0.233,28.793103,28.6,29.1,3.935862,3.933,3.938,21379,21407,0,0,0,0
2022-12-14T15:00:00Z,29,,,,0.232172,0.231,0.233,28.865517,28.6,29.1,3.934655,3.933,3.937,21408,21436,0,0,0,0
2022-12-14T16:00:00Z,30,,,,0.2323,0.231,0.235,28.73,28.6,29,3.933367,3.932,3.935,21437,21466,0,0,0,0
2022-12-14T17:00:00Z,29,,,,0.232448,0.231,0.233,28.668966,28.4,29.1,3.932276,3.93,3.935,21467,21495,0,0,0,0
2022-12-14T18:00:00Z,29,,,,0.232414,0.232,0.233,28.855172,28.6,29.1,3.930483,3.928,3.932,21496,21524,0,0,0,0
2022-12-14T19:00:00Z,29,,,,0.232448,0.231,0.234,28.675862,28.5,28.9,3.929724,3.928,3.932,21525,21553,0,0,0,0
2022-12-14T20:00:00Z,29,,,,0.232172,0.231,0.233,28.62069,28.4,28.8,3.928172,3.927,3.932,21554,21582,0,0,0,0
2022-12-14T21:00:00Z,30,,,,0.232267,0.231,0.234,28.953333,28.6,29.3,3.926967,3.925,3.928,21583,21612,0,0,0,0
2022-12-14T22:00:00Z,29,,,,0.232931,0.232,0.234,28.006897,27.4,28.7,3.926103,3.925,3.927,21613,21641,0,0,0,0
2022-12-14T23:00:00Z,29,,,,0.23269,0.231,0.233,28.537931,27.5,29.2,3.924517,3.923,3.927,21642,21670,0,0,0,0
2022-12-15T00:00:00Z,29,,,,0.232517,0.232,0.233,29.013793,28.5,29.4,3.923759,3.923,3.925,21671,21699,0,0,0,0
2022-12-15T01:00:00Z,30,,,,0.231667,0.23,0.233,29.706667,29.3,30.6,3.923067,3.923,3.925,21700,21729,0,0,0,0
2022-12-15T02:00:00Z,29,,,,0.225966,0.223,0.233,32.810345,27.1,39.4,3.924517,3.923,3.927,21730,21758,0,0,0,0
2022-12-15T03:00:00Z,29,,,,0.227793,0.224,0.231,32.168966,28.8,38,3.923828,3.923,3.927,21759,21787,0,0,0,0
2022-12-15T04:00:00Z,29,,,,0.228655,0.228,0.232,30.544828,28.2,32.2,3.922931,3.922,3.923,21788,21816,0,0,0,0
2022-12-15T05:00:00Z,29,,,,0.23,0.229,0.233,30.141379,27.8,32.6,3.92231,3.922,3.923,21817,21845,0,0,0,0
2022-12-15T06:00:00Z,30,,,,0.2306,0.229,0.233,28.476667,27.4,32,3.922033,3.922,3.923,21846,21875,0,0,0,0
2022-12-15T07:00:00Z,29,,,,0.230759,0.23,0.233,28.293103,27.7,28.9,3.921586,3.92,3.922,21876,21904,0,0,0,0
2022-12-15T08:00:00Z,29,,,,0.231345,0.231,0.233,29.17931,28.2,30.4,3.92069,3.92,3.922,21905,21933,0,0,0,0
2022-12-15T09:00:00Z,29,,,,0.231103,0.231,0.233,30.493103,28.5,31.3,3.92,3.918,3.922,21934,21962,0,0,0,0
2022-12-15T10:00:00Z,16,,,,0.231313,0.23,0.233,31.1,31,31.3,3.919125,3.918,3.92,21963,21990,0,0,0,0
2022-12-15T11:00:00Z,29,,,,0.231724,0.23,0.234,30.527586,29.4,31.3,3.916517,3.915,3.918,21991,22019,0,0,0,0
2022-12-15T12:00:00Z,29,,,,0.231897,0.231,0.233,30.6,30.6,30.6,3.915069,3.913,3.917,22020,22048,0,0,0,0
2022-12-15T13:00:00Z,29,,,,0.232,0.231,0.233,30.596552,30.5,30.6,3.914069,3.912,3.915,22049,22078,0,0,0,0
2022-12-15T14:00:00Z,29,,,,0.23169,0.231,0.233,30.57931,30.5,30.6,3.913,3.912,3.915,22079,22107,0,0,0,0
2022-12-15T15:00:00Z,29,,,,0.231621,0.23,0.233,30.589655,30.5,30.6,3.911931,3.91,3.913,22108,22136,0,0,0,0
2022-12-15T16:00:00Z,29,,,,0.231862,0.231,0.233,30.596552,30.5,30.6,3.910724,3.907,3.912,22137,22165,0,0,0,0
2022-12-15T17:00:00Z,30,,,,0.231867,0.231,0.233,30.586667,30.5,30.6,3.908433,3.907,3.91,22166,22195,0,0,0,0
2022-12-15T18:00:00Z,28,,,,0.231893,0.231,0.233,30.375,30.2,30.5,3.908036,3.907,3.91,22196,22224,0,0,0,0
2022-12-15T19:00:00Z,29,,,,0.232793,0.231,0.235,28.217241,24.7,30.2,3.906,3.904,3.908,22225,22253,0,0,0,0
2022-12-15T20:00:00Z,29,,,,0.234793,0.234,0.237,23.734483,23.2,25.8,3.904724,3.904,3.907,22254,22282,0,0,0,0
2022-12-15T21:00:00Z,29,,,,0.234966,0.234,0.237,23.362069,22.5,25.3,3.903655,3.902,3.905,22283,22311,0,0,0,0
2022-12-15T22:00:00Z,30,,,,0.235067,0.233,0.238,24.593333,23.3,25.8,3.9018,3.9,3.904,22312,22341,0,0,0,0
2022-12-15T23:00:00Z,29,,,,0.234724,0.233,0.237,26.306897,24.4,27.3,3.900138,3.899,3.902,22342,22370,0,0,0,0
2022-12-16T00:00:00Z,29,,,,0.233138,0.232,0.235,25.731034,24.4,27.9,3.899793,3.899,3.902,22371,22399,0,0,0,0
2022-12-16T01:00:00Z,29,,,,0.232621,0.232,0.234,25.034483,24.5,25.8,3.900103,3.899,3.904,22400,22428,0,0,0,0
2022-12-16T02:00:00Z,29,,,,0.229621,0.227,0.233,26.793103,25.3,31.9,3.900966,3.899,3.904,22429,22457,0,0,0,0
2022-12-16T03:00:00Z,30,,,,0.2293,0.228,0.232,25.916667,25.3,27.2,3.900167,3.899,3.902,22458,22487,0,0,0,0
2022-12-16T04:00:00Z,29,,,,0.229483,0.228,0.232,25.4,24.8,26,3.899862,3.899,3.902,22488,22516,0,0,0,0
2022-12-16T05:00:00Z,28,,,,0.230179,0.229,0.233,26.939286,25.3,30.6,3.899607,3.899,3.902,22517,22544,0,0,0,0
2022-12-16T06:00:00Z,29,,,,0.230931,0.23,0.233,30.686207,28.8,31.4,3.899069,3.897,3.9,22546,22574,0,0,0,0
2022-12-16T07:00:00Z,30,,,,0.2312,0.23,0.233,31.3,31.3,31.3,3.897533,3.895,3.899,22575,22604,0,0,0,0
2022-12-16T08:00:00Z,29,,,,0.231414,0.231,0.233,31.317241,31.3,31.4,3.896724,3.895,3.899,22605,22633,0,0,0,0
2022-12-16T09:00:00Z,29,,,,0.231483,0.231,0.233,31.137931,31,31.3,3.89569,3.895,3.899,22634,22662,0,0,0,0
2022-12-16T10:00:00Z,29,,,,0.231483,0.23,0.234,30.806897,30.7,30.9,3.895034,3.894,3.897,22663,22691,0,0,0,0
2022-12-16T11:00:00Z,29,,,,0.231586,0.231,0.235,30.686207,30.6,30.8,3.894586,3.894,3.895,22692,22720,0,0,0,0
2022-12-16T12:00:00Z,30,,,,0.231833,0.231,0.233,30.626667,30.6,30.7,3.8943,3.894,3.895,22721,22750,0,0,0,0
2022-12-16T13:00:00Z,29,,,,0.231655,0.23,0.233,30.6,30.6,30.6,3.894138,3.894,3.895,22751,22779,0,0,0,0
2022-12-16T14:00:00Z,29,,,,0.232138,0.231,0.234,30.6,30.6,30.6,3.893966,3.892,3.895,22780,22808,0,0,0,0
2022-12-16T15:00:00Z,29,,,,0.231724,0.231,0.233,30.6,30.6,30.6,3.893103,3.89,3.894,22809,22837,0,0,0,0
2022-12-16T16:00:00Z,30,,,,0.231733,0.231,0.234,30.51,30.4,30.6,3.892133,3.89,3.894,22838,22867,0,0,0,0
2022-12-16T17:00:00Z,29,,,,0.232069,0.231,0.233,30.275862,30.2,30.4,3.891586,3.89,3.894,22868,22896,0,0,0,0
2022-12-16T18:00:00Z,29,,,,0.232138,0.231,0.234,30.117241,30.1,30.2,3.890793,3.889,3.892,22897,22925,0,0,0,0
2022-12-16T19:00:00Z,29,,,,0.232069,0.231,0.233,30.1,30.1,30.1,3.890552,3.889,3.892,22926,22954,0,0,0,0
2022-12-16T20:00:00Z,30,,,,0.232233,0.231,0.234,30.1,30.1,30.1,3.890033,3.889,3.892,22955,22984,0,0,0,0
2022-12-16T21:00:00Z,28,,,,0.232357,0.231,0.233,30.1,30.1,30.1,3.888821,3.887,3.89,22985,23013,0,0,0,0
2022-12-16T22:00:00Z,29,,,,0.23231,0.231,0.235,30.093103,30,30.1,3.888483,3.885,3.89,23014,23042,0,0,0,0
2022-12-16T23:00:00Z,29,,,,0.232172,0.231,0.233,30.07931,30,30.1,3.887966,3.885,3.889,23043,23071,0,0,0,0
2022-12-17T00:00:00Z,29,,,,0.232379,0.232,0.234,30.096552,30,30.1,3.887103,3.884,3.889,23072,23100,0,0,0,0
2022-12-17T01:00:00Z,30,,,,0.232367,0.232,0.235,30.1,30.1,30.1,3.8861,3.884,3.889,23101,23130,0,0,0,0
2022-12-17T02:00:00Z,29,,,,0.231793,0.231,0.232,30.286207,30.1,30.6,3.884724,3.882,3.887,23131,23159,0,0,0,0
2022-12-17T03:00:00Z,29,,,,0.231414,0.23,0.233,30.831034,30.6,31.1,3.884759,3.882,3.887,23160,23188,0,0,0,0
2022-12-17T04:00:00Z,29,,,,0.231207,0.23,0.233,31.272414,31.1,31.4,3.885138,3.884,3.887,23189,23217,0,0,0,0
2022-12-17T05:00:00Z,29,,,,0.231069,0.23,0.233,31.3,30.1,31.4,3.88431,3.882,3.887,23218,23246,0,0,0,0
2022-12-17T06:00:00Z,30,,,,0.233333,0.232,0.235,26.993333,24.5,30.1,3.882767,3.88,3.885,23247,23276,0,0,0,0
2022-12-17T07:00:00Z,29,,,,0.233414,0.233,0.235,28.541379,28.2,28.7,3.881655,3.88,3.884,23277,23305,0,0,0,0
2022-12-17T08:00:00Z,29,,,,0.233966,0.233,0.236,27.013793,25.4,28.2,3.881069,3.879,3.884,23306,23334,0,0,0,0
2022-12-17T09:00:00Z,29,,,,0.234241,0.233,0.236,25.37931,24.5,27.4,3.880172,3.879,3.882,23335,23363,0,0,0,0
2022-12-17T10:00:00Z,30,,,,0.2349,0.234,0.237,25.42,24.4,26.7,3.879533,3.877,3.88,23364,23393,0,0,0,0
2022-12-17T11:00:00Z,29,,,,0.234897,0.234,0.236,25.841379,23.8,27.2,3.878966,3.877,3.88,23394,23422,0,0,0,0
2022-12-17T12:00:00Z,29,,,,0.235414,0.234,0.238,26.696552,26.4,27.2,3.878724,3.877,3.88,23423,23451,0,0,0,0
2022-12-17T13:00:00Z,29,,,,0.236207,0.235,0.238,26.351724,26.3,26.5,3.877552,3.875,3.879,23452,23480,0,0,0,0
2022-12-17T14:00:00Z,29,,,,0.23569,0.234,0.238,26.72069,26.2,27.3,3.877,3.875,3.879,23481,23509,0,0,0,0
2022-12-17T15:00:00Z,30,,,,0.2346,0.234,0.236,27.326667,27.3,27.5,3.8771,3.874,3.879,23510,23539,0,0,0,0
2022-12-17T16:00:00Z,29,,,,0.233862,0.233,0.236,26.348276,23.7,28.1,3.877,3.875,3.879,23540,23568,0,0,0,0
2022-12-17T17:00:00Z,29,,,,0.233207,0.232,0.235,24.137931,23.8,24.5,3.877759,3.875,3.879,23569,23597,0,0,0,0
2022-12-17T18:00:00Z,29,,,,0.233207,0.233,0.235,24.337931,23.8,25,3.877345,3.875,3.879,23598,23626,0,0,0,0
2022-12-17T19:00:00Z,30,,,,0.232967,0.232,0.234,24.533333,24.4,24.7,3.875933,3.874,3.877,23627,23656,0,0,0,0
2022-12-17T20:00:00Z,29,,,,0.233069,0.232,0.234,24.527586,24.4,24.7,3.876138,3.874,3.879,23657,23685,0,0,0,0
2022-12-17T21:00:00Z,29,,,,0.233,0.232,0.235,24.665517,24.5,25,3.877069,3.875,3.879,23686,23714,0,0,0,0
2022-12-17T22:00:00Z,29,,,,0.233103,0.233,0.234,24.868966,24.7,25.2,3.875276,3.874,3.877,23715,23743,0,0,0,0
2022-12-17T23:00:00Z,29,,,,0.233069,0.232,0.235,24.748276,24.6,25.2,3.874552,3.874,3.875,23744,23773,0,0,0,0
2022-12-18T00:00:00Z,29,,,,0.232655,0.232,0.234,26.182759,24.8,28.8,3.874586,3.872,3.877,23774,23802,0,0,0,0
2022-12-18T01:00:00Z,21,,,,0.23219,0.231,0.233,26.609524,26.1,27.1,3.874952,3.874,3.877,23803,23824,0,0,0,0
2022-12-18T02:00:00Z,26,,,,0.226,0.223,0.231,31.465385,27.2,37.9,3.878115,3.875,3.88,23834,23859,0,0,0,0
2022-12-18T03:00:00Z,29,,,,0.229069,0.224,0.233,31.648276,29.1,35.6,3.876897,3.874,3.88,23860,23888,0,0,0,0
2022-12-18T04:00:00Z,30,,,,0.231867,0.231,0.234,30.27,29.1,31.1,3.874333,3.872,3.877,23889,23918,0,0,0,0
2022-12-18T05:00:00Z,29,,,,0.231103,0.23,0.233,31.182759,31.1,31.3,3.874448,3.872,3.877,23919,23947,0,0,0,0
2022-12-18T06:00:00Z,29,,,,0.231207,0.23,0.233,31.117241,31,31.3,3.873724,3.872,3.875,23948,23976,0,0,0,0
2022-12-18T07:00:00Z,29,,,,0.231897,0.203,0.27,30.682759,23.5,31.9,3.914172,3.872,4.095,2,23999,0,0,0,0
2022-12-18T08:00:00Z,29,,,,0.232931,0.201,0.275,26.606897,22.6,29.6,4.134793,4.103,4.156,8,36,0,0,0,0
2022-12-18T09:00:00Z,30,,,,0.233433,0.204,0.277,25.736667,22.6,28.1,4.171567,4.156,4.184,37,66,0,0,0,0
2022-12-18T10:00:00Z,29,,,,0.240517,0.203,0.277,27.037931,24.7,30.1,4.186793,4.174,4.191,67,95,0,0,0,0
2022-12-18T11:00:00Z,29,,,,0.240207,0.204,0.278,27.758621,23.9,29.9,4.161172,4.153,4.171,96,124,0,0,0,0
2022-12-18T12:00:00Z,29,,,,0.239655,0.205,0.28,29.331034,28.3,30.1,4.148,4.143,4.153,125,153,0,0,0,0
2022-12-18T13:00:00Z,29,,,,0.246034,0.205,0.28,29.075862,25,30.3,4.141069,4.138,4.144,154,182,0,0,0,0
2022-12-18T14:00:00Z,30,,,,0.244333,0.208,0.28,25.626667,21.5,28.6,4.137167,4.135,4.139,183,212,0,0,0,0
2022-12-18T15:00:00Z,29,,,,0.241483,0.208,0.279,24.606897,20.4,29.1,4.135828,4.135,4.138,213,241,0,0,0,0
2022-12-18T16:00:00Z,28,,,,0.238786,0.206,0.279,27.614286,23.8,30.1,4.135107,4.135,4.136,242,270,0,0,0,0
2022-12-18T17:00:00Z,29,,,,0.247931,0.205,0.279,28.858621,27.2,30,4.134448,4.133,4.135,271,299,0,0,0,0
2022-12-18T18:00:00Z,30,,,,0.235467,0.205,0.279,28.383333,27,30,4.133667,4.133,4.135,300,329,0,0,0,0
2022-12-18T19:00:00Z,27,,,,0.229519,0.205,0.28,28.325926,27.2,29.9,4.132852,4.131,4.133,330,358,0,0,0,0
2022-12-18T20:00:00Z,29,,,,0.239414,0.204,0.28,28.086207,26.7,29.6,4.132862,4.131,4.135,359,387,0,0,0,0
2022-12-18T21:00:00Z,29,,,,0.244793,0.207,0.279,28.110345,26.2,29.8,4.132241,4.131,4.133,388,416,0,0,0,0
2022-12-18T22:00:00Z,29,,,,0.248897,0.205,0.279,28.058621,26.7,29.7,4.131345,4.131,4.133,417,445,0,0,0,0
2022-12-18T23:00:00Z,30,,,,0.246833,0.206,0.279,27.806667,26.3,29.6,4.131133,4.13,4.133,446,475,0,0,0,0
2022-12-19T00:00:00Z,29,,,,0.242897,0.207,0.278,27.862069,26.1,29.6,4.130759,4.128,4.133,476,504,0,0,0,0
2022-12-19T01:00:00Z,29,,,,0.240724,0.205,0.277,28.034483,26.7,29.9,4.130483,4.13,4.131,505,533,0,0,0,0
2022-12-19T02:00:00Z,29,,,,0.245621,0.206,0.277,28.548276,26.9,30.1,4.130172,4.128,4.131,534,562,0,0,0,0
2022-12-19T03:00:00Z,30,,,,0.242567,0.205,0.277,28.38,26.7,30,4.128833,4.126,4.131,563,592,0,0,0,0
2022-12-19T04:00:00Z,29,,,,0.24369,0.204,0.277,28.534483,26.8,30.1,4.128207,4.126,4.13,593,621,0,0,0,0
2022-12-19T05:00:00Z,29,,,,0.240172,0.204,0.278,28.151724,27.1,30.1,4.127069,4.125,4.128,622,650,0,0,0,0
2022-12-19T06:00:00Z,29,,,,0.241828,0.204,0.277,28.144828,26.2,30.1,4.126724,4.125,4.13,651,679,0,0,0,0
2022-12-19T07:00:00Z,27,,,,0.242667,0.205,0.277,28.162963,26.7,30.1,4.126222,4.123,4.128,680,709,0,0,0,0
2022-12-19T08:00:00Z,29,,,,0.242828,0.205,0.278,28.693103,27,30.1,4.125483,4.123,4.128,710,738,0,0,0,0
2022-12-19T09:00:00Z,29,,,,0.243897,0.204,0.28,28.289655,26.5,30.1,4.125138,4.123,4.126,739,767,0,0,0,0
2022-12-19T10:00:00Z,29,,,,0.239655,0.204,0.278,28.468966,26.9,30.1,4.124552,4.121,4.126,768,796,0,0,0,0
2022-12-19T11:00:00Z,26,,,,0.239885,0.205,0.277,28.034615,26.6,30.1,4.124577,4.121,4.126,797,826,0,0,0,0
2022-12-19T12:00:00Z,29,,,,0.238552,0.204,0.279,28.389655,26.6,30,4.124586,4.121,4.126,827,855,0,0,0,0
2022-12-19T13:00:00Z,29,,,,0.240759,0.204,0.278,28.527586,27.2,30.1,4.124345,4.121,4.126,856,884,0,0,0,0
2022-12-19T14:00:00Z,29,,,,0.249034,0.206,0.28,28.893103,27.6,30.2,4.124,4.121,4.126,885,913,0,0,0,0
2022-12-19T15:00:00Z,29,,,,0.242138,0.206,0.278,28.986207,27.5,30.3,4.123621,4.121,4.125,914,942,0,0,0,0
2022-12-19T16:00:00Z,30,,,,0.2408,0.204,0.279,28.74,27.3,30,4.123033,4.12,4.126,943,972,0,0,0,0
2022-12-19T17:00:00Z,29,,,,0.242207,0.205,0.281,28.451724,26.3,30.3,4.122448,4.12,4.125,973,1001,0,0,0,0
2022-12-19T18:00:00Z,29,,,,0.240621,0.204,0.28,28.289655,26.4,29.7,4.121276,4.118,4.125,1002,1030,0,0,0,0
2022-12-19T19:00:00Z,29,,,,0.240793,0.204,0.279,28.17931,26,30.3,4.120414,4.118,4.123,1031,1059,0,0,0,0
2022-12-19T20:00:00Z,30,,,,0.250967,0.205,0.279,28.263333,26.4,30,4.120467,4.118,4.123,1060,1089,0,0,0,0
2022-12-19T21:00:00Z,29,,,,0.241345,0.205,0.281,27.637931,26,29.4,4.120759,4.118,4.123,1090,1118,0,0,0,0
2022-12-19T22:00:00Z,29,,,,0.242586,0.205,0.277,27.817241,25.9,30,4.120241,4.118,4.123,1119,1147,0,0,0,0
2022-12-19T23:00:00Z,29,,,,0.244586,0.206,0.279,27.693103,26.2,28.5,4.119379,4.118,4.121,1148,1176,0,0,0,0
2022-12-20T00:00:00Z,25,,,,0.2446,0.207,0.281,27.776,26.4,30,4.11992,4.118,4.121,1177,1203,0,0,0,0
2022-12-20T01:00:00Z,4,,,,0.24125,0.205,0.257,27.7,27.2,29,4.11975,4.118,4.121,1206,1221,0,0,0,0
2022-12-20T02:00:00Z,20,,,,0.2384,0.203,0.278,28.31,27,29.8,4.11785,4.115,4.12,1241,1260,0,0,0,0
2022-12-20T03:00:00Z,29,,,,0.240586,0.203,0.277,28.548276,26.7,30.3,4.11769,4.115,4.12,1261,1289,0,0,0,0
2022-12-20T04:00:00Z,29,,,,0.242345,0.204,0.28,28.493103,26.4,30.3,4.117552,4.116,4.121,1290,1318,0,0,0,0
2022-12-20T05:00:00Z,30,,,,0.239367,0.205,0.278,26.946667,24.2,28.9,4.1182,4.116,4.12,1319,1348,0,0,0,0
2022-12-20T06:00:00Z,29,,,,0.241103,0.205,0.277,26.965517,24.5,29.9,4.118448,4.116,4.121,1349,1377,0,0,0,0
2022-12-20T07:00:00Z,29,,,,0.244586,0.204,0.278,26.910345,24.5,29.2,4.116586,4.115,4.12,1378,1406,0,0,0,0
2022-12-20T08:00:00Z,29,,,,0.242621,0.204,0.281,26.762069,24,28.8,4.116,4.115,4.118,1407,1435,0,0,0,0
2022-12-20T09:00:00Z,29,,,,0.244793,0.204,0.28,27.1,24.5,30,4.116414,4.115,4.118,1436,1464,0,0,0,0
2022-12-20T10:00:00Z,30,,,,0.239833,0.203,0.277,27.283333,23.8,30,4.115533,4.113,4.118,1465,1494,0,0,0,0
2022-12-20T11:00:00Z,29,,,,0.242069,0.206,0.276,26.786207,23.8,29.8,4.115897,4.115,4.118,1495,1523,0,0,0,0
2022-12-20T12:00:00Z,29,,,,0.24631,0.208,0.277,26.975862,23.5,29.9,4.115069,4.113,4.116,1524,1552,0,0,0,0
2022-12-20T13:00:00Z,29,,,,0.245793,0.208,0.279,26.527586,23.9,29.8,4.115276,4.113,4.118,1553,1581,0,0,0,0
2022-12-20T14:00:00Z,30,,,,0.237733,0.205,0.279,25.953333,23.6,29.7,4.1152,4.113,4.116,1582,1611,0,0,0,0
2022-12-20T15:00:00Z,29,,,,0.242655,0.205,0.277,26.427586,22.9,29.8,4.115,4.113,4.116,1612,1640,0,0,0,0
2022-12-20T16:00:00Z,29,,,,0.242793,0.207,0.278,26.768966,22.4,29.8,4.114897,4.113,4.116,1641,1669,0,0,0,0
2022-12-20T17:00:00Z,29,,,,0.246345,0.205,0.277,26.272414,22.4,29.9,4.114655,4.113,4.116,1670,1698,0,0,0,0
2022-12-20T18:00:00Z,30,,,,0.247033,0.205,0.279,26.92,24,30.2,4.1147,4.113,4.116,1699,1728,0,0,0,0
2022-12-20T19:00:00Z,29,,,,0.238897,0.206,0.279,27.089655,24.1,30.4,4.114138,4.111,4.118,1729,1757,0,0,0,0
2022-12-20T20:00:00Z,29,,,,0.238759,0.205,0.281,26.92069,24.3,29.8,4.114034,4.113,4.115,1758,1786,0,0,0,0
2022-12-20T21:00:00Z,29,,,,0.245483,0.205,0.28,26.975862,25.2,30.1,4.11369,4.111,4.116,1787,1815,0,0,0,0
2022-12-20T22:00:00Z,29,,,,0.248517,0.211,0.28,26.675862,24.2,29,4.113034,4.111,4.116,1816,1844,0,0,0,0
2022-12-20T23:00:00Z,30,,,,0.240433,0.206,0.277,26.29,24.1,27.7,4.112933,4.111,4.115,1845,1874,0,0,0,0
2022-12-21T00:00:00Z,29,,,,0.250172,0.205,0.278,26.67931,24.7,29.7,4.113655,4.111,4.116,1875,1903,0,0,0,0
2022-12-21T01:00:00Z,29,,,,0.23969,0.205,0.277,26.637931,23.6,29.7,4.113552,4.111,4.115,1904,1932,0,0,0,0
2022-12-21T02:00:00Z,29,,,,0.242034,0.205,0.278,26.882759,24,29.8,4.112931,4.111,4.115,1933,1961,0,0,0,0
2022-12-21T03:00:00Z,30,,,,0.2451,0.206,0.277,27.1,24.3,29.8,4.112633,4.11,4.115,1962,1991,0,0,0,0
2022-12-21T04:00:00Z,29,,,,0.230828,0.206,0.278,26.117241,24,29.6,4.111552,4.11,4.113,1992,2020,0,0,0,0
2022-12-21T05:00:00Z,29,,,,0.246552,0.205,0.277,27.086207,24.2,30,4.111138,4.11,4.113,2021,2049,0,0,0,0
2022-12-21T06:00:00Z,29,,,,0.239345,0.205,0.277,27.131034,24.2,29.9,4.111,4.11,4.113,2050,2078,0,0,0,0
2022-12-21T07:00:00Z,29,,,,0.24131,0.205,0.279,27.303448,24.7,30.1,4.111138,4.11,4.113,2079,2107,0,0,0,0
2022-12-21T08:00:00Z,30,,,,0.235167,0.204,0.277,26.936667,25,28.7,4.110433,4.106,4.111,2108,2137,0,0,0,0
2022-12-21T09:00:00Z,29,,,,0.250517,0.204,0.28,27.596552,24.7,30.1,4.110552,4.11,4.113,2138,2166,0,0,0,0
2022-12-21T10:00:00Z,29,,,,0.244414,0.204,0.278,27.210345,24.8,30.1,4.110276,4.108,4.111,2167,2195,0,0,0,0
2022-12-21T11:00:00Z,29,,,,0.243793,0.205,0.278,27.831034,24.4,30,4.110552,4.108,4.113,2196,2224,0,0,0,0
2022-12-21T12:00:00Z,30,,,,0.241633,0.206,0.277,26.893333,24.3,29.3,4.1101,4.108,4.111,2225,2254,0,0,0,0
2022-12-21T13:00:00Z,29,,,,0.235517,0.204,0.276,26.782759,24.3,30.2,4.110379,4.11,4.111,2255,2283,0,0,0,0
2022-12-21T14:00:00Z,29,,,,0.234586,0.204,0.278,27.117241,24.8,29.6,4.109724,4.106,4.111,2284,2312,0,0,0,0
2022-12-21T15:00:00Z,29,,,,0.247069,0.205,0.279,27.258621,25,29.6,4.109379,4.106,4.111,2313,2341,0,0,0,0
2022-12-21T16:00:00Z,29,,,,0.231793,0.205,0.279,27.365517,24.7,30.3,4.109414,4.106,4.113,2342,2370,0,0,0,0
2022-12-21T17:00:00Z,30,,,,0.243733,0.205,0.279,27.62,26.1,30.3,4.108667,4.106,4.11,2371,2400,0,0,0,0
2022-12-21T18:00:00Z,29,,,,0.242483,0.204,0.28,26.968966,25.1,28.5,4.108793,4.106,4.111,2401,2429,0,0,0,0
2022-12-21T19:00:00Z,29,,,,0.24431,0.206,0.278,26.637931,24.1,30,4.108,4.106,4.11,2430,2458,0,0,0,0
2022-12-21T20:00:00Z,29,,,,0.245,0.207,0.279,27.506897,25.1,30.1,4.108862,4.106,4.111,2459,2487,0,0,0,0
2022-12-21T21:00:00Z,30,,,,0.2338,0.205,0.276,26.956667,24.2,30.1,4.108533,4.106,4.111,2488,2517,0,0,0,0
2022-12-21T22:00:00Z,29,,,,0.238897,0.206,0.278,26.772414,24.2,30.1,4.107793,4.106,4.11,2518,2546,0,0,0,0
2022-12-21T23:00:00Z,29,,,,0.243103,0.207,0.277,27.048276,24.4,29.8,4.106931,4.105,4.11,2547,2575,0,0,0,0
2022-12-22T00:00:00Z,29,,,,0.242966,0.206,0.281,26.737931,24.5,29.9,4.107931,4.106,4.11,2576,2604,0,0,0,0
2022-12-22T01:00:00Z,29,,,,0.234759,0.206,0.28,27.048276,24.9,29.7,4.107931,4.106,4.11,2605,2633,0,0,0,0
2022-12-22T02:00:00Z,29,,,,0.241069,0.205,0.277,26.593103,24,30,4.107724,4.106,4.11,2634,2662,0,0,0,0
2022-12-22T03:00:00Z,9,,,,0.245778,0.206,0.276,26.744444,23.3,29.4,4.108111,4.106,4.111,2664,2690,0,0,0,0
2022-12-22T04:00:00Z,29,,,,0.241241,0.204,0.277,26.758621,24.5,29.7,4.106621,4.106,4.108,2691,2719,0,0,0,0
2022-12-22T05:00:00Z,29,,,,0.243172,0.205,0.277,27.131034,24.7,29.9,4.106483,4.106,4.108,2720,2748,0,0,0,0
2022-12-22T06:00:00Z,29,,,,0.248172,0.206,0.28,27.117241,23.9,30,4.107103,4.106,4.11,2749,2777,0,0,0,0
2022-12-22T07:00:00Z,29,,,,0.244897,0.205,0.278,27.158621,25.2,29.9,4.106138,4.106,4.108,2778,2806,0,0,0,0
2022-12-22T08:00:00Z,30,,,,0.241267,0.205,0.278,26.91,23.7,30.1,4.106667,4.106,4.108,2807,2836,0,0,0,0
2022-12-22T09:00:00Z,28,,,,0.242071,0.204,0.278,26.435714,23.3,30.1,4.1065,4.106,4.108,2837,2865,0,0,0,0
2022-12-22T10:00:00Z,29,,,,0.247103,0.206,0.277,26.82069,24.1,29.2,4.10631,4.105,4.108,2866,2894,0,0,0,0
2022-12-22T11:00:00Z,29,,,,0.239034,0.205,0.277,26.42069,23.6,30,4.106,4.105,4.108,2895,2923,0,0,0,0
2022-12-22T12:00:00Z,29,,,,0.244517,0.205,0.277,26.62069,24.7,29.6,4.106069,4.105,4.108,2924,2952,0,0,0,0
2022-12-22T13:00:00Z,30,,,,0.241967,0.205,0.28,26.263333,23.3,29.6,4.1058,4.105,4.106,2953,2982,0,0,0,0
2022-12-22T14:00:00Z,29,,,,0.251897,0.204,0.278,27.137931,23.3,29.6,4.105621,4.105,4.106,2983,3011,0,0,0,0
2022-12-22T15:00:00Z,29,,,,0.234793,0.204,0.281,26.575862,23.3,30,4.105345,4.105,4.106,3012,3040,0,0,0,0
2022-12-22T16:00:00Z,29,,,,0.251379,0.209,0.281,27.496552,24.2,30.4,4.105552,4.105,4.106,3041,3069,0,0,0,0
2022-12-22T17:00:00Z,30,,,,0.2507,0.207,0.281,27.716667,25.5,30.2,4.1054,4.105,4.106,3070,3099,0,0,0,0
2022-12-22T18:00:00Z,29,,,,0.237241,0.205,0.277,27.065517,24.2,30.6,4.105138,4.105,4.106,3100,3128,0,0,0,0
2022-12-22T19:00:00Z,29,,,,0.243069,0.205,0.28,26.906897,24.1,30.3,4.105241,4.105,4.106,3129,3157,0,0,0,0
2022-12-22T20:00:00Z,29,,,,0.240724,0.205,0.282,26.558621,23.6,28.1,4.10531,4.105,4.106,3158,3186,0,0,0,0
2022-12-22T21:00:00Z,29,,,,0.240172,0.204,0.28,26.813793,24.2,30.1,4.105241,4.105,4.106,3187,3215,0,0,0,0
2022-12-22T22:00:00Z,30,,,,0.235067,0.205,0.279,26.596667,24,29.7,4.105067,4.105,4.106,3216,3245,0,0,0,0
2022-12-22T23:00:00Z,29,,,,0.247241,0.205,0.279,27.206897,24.7,29.9,4.105103,4.105,4.106,3246,3274,0,0,0,0
2022-12-23T00:00:00Z,29,,,,0.245207,0.206,0.281,26.948276,24.2,29.7,4.105,4.103,4.106,3275,3303,0,0,0,0
2022-12-23T01:00:00Z,29,,,,0.241138,0.205,0.28,26.82069,23.7,29.8,4.105103,4.105,4.106,3304,3332,0,0,0,0
2022-12-23T02:00:00Z,29,,,,0.244759,0.206,0.279,26.07931,22.8,29.9,4.104897,4.103,4.106,3333,3361,0,0,0,0
2022-12-23T03:00:00Z,29,,,,0.240966,0.206,0.281,26.151724,22.2,29.6,4.104724,4.103,4.105,3362,3391,0,0,0,0
2022-12-23T04:00:00Z,29,,,,0.24131,0.206,0.278,26.186207,22.3,29.8,4.10469,4.103,4.106,3392,3420,0,0,0,0
2022-12-23T05:00:00Z,29,,,,0.243586,0.207,0.28,26.486207,22,29.9,4.104655,4.103,4.105,3421,3449,0,0,0,0
2022-12-23T06:00:00Z,29,,,,0.240069,0.206,0.277,25.634483,22.5,28.5,4.104103,4.103,4.105,3450,3478,0,0,0,0
2022-12-23T07:00:00Z,30,,,,0.2392,0.205,0.277,25.79,22.6,29.8,4.1042,4.102,4.105,3479,3508,0,0,0,0
2022-12-23T08:00:00Z,29,,,,0.244069,0.205,0.277,26.162069,22.2,29.9,4.104517,4.103,4.105,3509,3537,0,0,0,0
2022-12-23T09:00:00Z,29,,,,0.235379,0.205,0.278,25.031034,21.8,29.9,4.103793,4.102,4.105,3538,3566,0,0,0,0
2022-12-23T10:00:00Z,29,,,,0.249586,0.206,0.279,26.268966,23,29.7,4.104138,4.102,4.105,3567,3595,0,0,0,0
2022-12-23T11:00:00Z,29,,,,0.241897,0.207,0.28,25.806897,22.9,29.4,4.104379,4.103,4.105,3596,3624,0,0,0,0
2022-12-23T12:00:00Z,30,,,,0.241,0.205,0.277,25.856667,22.5,29.8,4.1041,4.102,4.105,3625,3654,0,0,0,0
2022-12-23T13:00:00Z,29,,,,0.243034,0.207,0.278,26.148276,22.2,29.4,4.104034,4.103,4.105,3655,3683,0,0,0,0
2022-12-23T14:00:00Z,28,,,,0.244393,0.206,0.278,25.882143,22.3,29.8,4.104071,4.102,4.105,3684,3712,0,0,0,0
2022-12-23T15:00:00Z,28,,,,0.242929,0.205,0.278,25.714286,22.2,30,4.103714,4.103,4.105,3713,3741,0,0,0,0
2022-12-23T16:00:00Z,29,,,,0.239793,0.205,0.28,25.406897,22,28.8,4.103241,4.102,4.105,3742,3770,0,0,0,0
2022-12-23T17:00:00Z,30,,,,0.2396,0.205,0.279,26.093333,22.3,30.1,4.102933,4.102,4.105,3771,3800,0,0,0,0
2022-12-23T18:00:00Z,29,,,,0.235379,0.206,0.281,25.531034,21.8,29.1,4.102897,4.1,4.105,3801,3829,0,0,0,0
2022-12-23T19:00:00Z,29,,,,0.25169,0.213,0.279,26.482759,23.2,30,4.102414,4.1,4.105,3830,3858,0,0,0,0
2022-12-23T20:00:00Z,29,,,,0.238724,0.207,0.281,26.124138,23,29.2,4.103034,4.1,4.105,3859,3887,0,0,0,0
2022-12-23T21:00:00Z,29,,,,0.231034,0.205,0.281,26.558621,23.4,28.6,4.102793,4.102,4.105,3888,3916,0,0,0,0
2022-12-23T22:00:00Z,30,,,,0.2382,0.206,0.278,26.823333,24.1,28.8,4.1027,4.102,4.105,3917,3946,0,0,0,0
2022-12-23T23:00:00Z,29,,,,0.239483,0.206,0.278,26.865517,25,29.1,4.102379,4.1,4.103,3947,3975,0,0,0,0
2022-12-24T00:00:00Z,29,,,,0.24469,0.207,0.277,27.055172,24.9,29.3,4.102103,4.1,4.103,3976,4004,0,0,0,0
2022-12-24T01:00:00Z,29,,,,0.240034,0.206,0.277,26.631034,24.4,29.4,4.102345,4.1,4.103,4005,4033,0,0,0,0
2022-12-24T02:00:00Z,27,,,,0.243333,0.206,0.277,26.625926,23.5,29.6,4.102519,4.102,4.103,4034,4062,0,0,0,0
2022-12-24T03:00:00Z,29,,,,0.243724,0.206,0.279,25.637931,23,28.9,4.101241,4.1,4.103,4063,4091,0,0,0,0
2022-12-24T04:00:00Z,30,,,,0.239833,0.205,0.279,26.17,23.2,29.7,4.101833,4.098,4.103,4092,4121,0,0,0,0
2022-12-24T05:00:00Z,29,,,,0.245103,0.207,0.278,25.831034,22.3,29.5,4.101586,4.098,4.103,4122,4150,0,0,0,0
2022-12-24T06:00:00Z,29,,,,0.246897,0.207,0.277,26.327586,23.4,29.5,4.101448,4.1,4.103,4151,4179,0,0,0,0
2022-12-24T07:00:00Z,29,,,,0.24031,0.207,0.28,25.710345,23.2,28.6,4.101414,4.098,4.103,4180,4208,0,0,0,0
2022-12-24T08:00:00Z,30,,,,0.2401,0.206,0.277,25.563333,22.4,28.7,4.1012,4.1,4.103,4209,4238,0,0,0,0
2022-12-24T09:00:00Z,29,,,,0.243586,0.207,0.276,25.982759,23.5,29.6,4.100793,4.097,4.102,4239,4267,0,0,0,0
2022-12-24T10:00:00Z,29,,,,0.229931,0.206,0.277,25.524138,22.5,28.6,4.100793,4.098,4.103,4268,4296,0,0,0,0
2022-12-24T11:00:00Z,26,,,,0.244462,0.206,0.276,26.130769,22.3,29.4,4.100231,4.098,4.102,4297,4324,0,0,0,0
2022-12-24T12:00:00Z,29,,,,0.245793,0.206,0.277,25.831034,22.1,29.6,4.10031,4.098,4.103,4326,4354,0,0,0,0
2022-12-24T13:00:00Z,29,,,,0.240552,0.207,0.277,25.437931,22.8,29.5,4.100276,4.098,4.102,4355,4383,0,0,0,0
2022-12-24T14:00:00Z,30,,,,0.2436,0.208,0.277,25.496667,21.8,29.6,4.0991,4.097,4.102,4384,4413,0,0,0,0
2022-12-24T15:00:00Z,29,,,,0.239552,0.206,0.278,24.917241,21.5,28.8,4.098966,4.098,4.102,4414,4442,0,0,0,0
2022-12-24T16:00:00Z,29,,,,0.239414,0.206,0.28,25.37931,21.8,29.5,4.098655,4.097,4.102,4443,4471,0,0,0,0
2022-12-24T17:00:00Z,29,,,,0.247172,0.207,0.28,25.965517,21.7,29.3,4.099586,4.098,4.102,4472,4500,0,0,0,0
2022-12-24T18:00:00Z,27,,,,0.240926,0.207,0.277,25.122222,22.8,26.9,4.099519,4.097,4.102,4501,4528,0,0,0,0
2022-12-24T19:00:00Z,30,,,,0.246167,0.207,0.277,25.913333,22.3,29.3,4.0996,4.097,4.102,4529,4558,0,0,0,0
2022-12-24T20:00:00Z,29,,,,0.242379,0.207,0.278,26.362069,23.3,29.6,4.099,4.097,4.102,4559,4587,0,0,0,0
2022-12-24T21:00:00Z,29,,,,0.248966,0.208,0.28,27.168966,25.7,29.7,4.099138,4.097,4.102,4588,4616,0,0,0,0
2022-12-24T22:00:00Z,29,,,,0.238724,0.208,0.279,26.493103,24.4,27.8,4.09869,4.097,4.102,4617,4645,0,0,0,0
2022-12-24T23:00:00Z,29,,,,0.24631,0.208,0.278,26.455172,23.4,29.4,4.098931,4.097,4.102,4646,4674,0,0,0,0
2022-12-25T00:00:00Z,30,,,,0.2365,0.208,0.275,26.286667,23.1,29.1,4.099067,4.097,4.102,4675,4704,0,0,0,0
2022-12-25T01:00:00Z,29,,,,0.245793,0.208,0.276,25.37931,22.7,28.9,4.098655,4.097,4.1,4705,4733,0,0,0,0
2022-12-25T02:00:00Z,28,,,,0.233071,0.208,0.277,24.882143,21.4,26.6,4.098321,4.095,4.1,4734,4762,0,0,0,0
2022-12-25T03:00:00Z,29,,,,0.239966,0.208,0.276,24.97931,21.1,28.6,4.098172,4.097,4.1,4763,4791,0,0,0,0
2022-12-25T04:00:00Z,29,,,,0.241241,0.208,0.277,25.324138,22.1,26.7,4.097448,4.095,4.1,4792,4820,0,0,0,0
2022-12-25T05:00:00Z,28,,,,0.238179,0.208,0.277,24,20,27.8,4.097286,4.093,4.1,4821,4848,0,0,0,0
2022-12-25T06:00:00Z,28,,,,0.236357,0.208,0.277,24.885714,21,27.7,4.097893,4.097,4.1,4849,4877,0,0,0,0
2022-12-25T07:00:00Z,29,,,,0.237966,0.208,0.274,24.624138,21.5,28.4,4.09769,4.095,4.1,4878,4906,0,0,0,0
2022-12-25T08:00:00Z,28,,,,0.242714,0.207,0.276,25.239286,22.1,28.6,4.09725,4.095,4.1,4907,4934,0,0,0,0
2022-12-25T09:00:00Z,29,,,,0.237345,0.208,0.277,24.817241,22.3,28.6,4.096862,4.093,4.098,4935,4963,0,0,0,0
2022-12-25T10:00:00Z,29,,,,0.240931,0.208,0.275,25.044828,21.1,28.6,4.096276,4.093,4.098,4964,4992,0,0,0,0
2022-12-25T11:00:00Z,28,,,,0.243143,0.208,0.277,24.857143,20.9,28.6,4.095964,4.093,4.098,4993,5020,0,0,0,0
2022-12-25T12:00:00Z,29,,,,0.238345,0.208,0.276,24.517241,20.7,29.1,4.096034,4.093,4.098,5021,5049,0,0,0,0
2022-12-25T13:00:00Z,27,,,,0.242815,0.207,0.275,25.022222,22.3,28.9,4.09537,4.092,4.098,5050,5078,0,0,0,0
2022-12-25T14:00:00Z,27,,,,0.236481,0.207,0.275,25.133333,22.1,29.2,4.095333,4.093,4.098,5079,5106,0,0,0,0
2022-12-25T15:00:00Z,25,,,,0.24804,0.207,0.276,25.876,22.5,29.5,4.0946,4.093,4.098,5107,5135,0,0,0,0
2022-12-25T16:00:00Z,25,,,,0.24328,0.205,0.278,26.028,22.8,29.6,4.09448,4.092,4.097,5136,5163,0,0,0,0
2022-12-25T17:00:00Z,29,,,,0.238655,0.208,0.278,25.341379,21.9,28.9,4.095,4.093,4.097,5164,5192,0,0,0,0
2022-12-25T18:00:00Z,29,,,,0.248759,0.208,0.278,26.041379,22.3,29.5,4.094517,4.093,4.097,5193,5221,0,0,0,0
2022-12-25T19:00:00Z,29,,,,0.235483,0.208,0.277,25.275862,21.8,29,4.093862,4.092,4.097,5222,5250,0,0,0,0
2022-12-25T20:00:00Z,28,,,,0.241143,0.208,0.277,24.867857,21.2,29.2,4.094393,4.093,4.098,5251,5278,0,0,0,0
2022-12-25T21:00:00Z,29,,,,0.232966,0.228,0.235,24.917241,24.5,25.3,4.082138,4.082,4.083,5279,5307,0,0,0,0
2022-12-25T22:00:00Z,29,,,,0.233034,0.232,0.234,24.693103,24.5,25,4.081655,4.08,4.082,5308,5336,0,0,0,0
2022-12-25T23:00:00Z,28,,,,0.233214,0.232,0.235,24.632143,24.5,24.9,4.080286,4.08,4.082,5337,5364,0,0,0,0
2022-12-26T00:00:00Z,29,,,,0.232897,0.232,0.234,24.534483,24.4,24.7,4.08,4.078,4.082,5365,5393,0,0,0,0
2022-12-26T01:00:00Z,20,,,,0.2327,0.231,0.234,24.455,24.2,24.6,4.0791,4.078,4.08,5394,5416,0,0,0,0
2022-12-26T03:00:00Z,24,,,,0.231958,0.231,0.233,25.7375,25.5,26,4.075208,4.073,4.078,5451,5475,0,0,0,0
2022-12-26T04:00:00Z,29,,,,0.232,0.231,0.234,25.713793,25.6,25.8,4.074241,4.073,4.077,5476,5504,0,0,0,0
2022-12-26T05:00:00Z,28,,,,0.231714,0.23,0.233,25.589286,25.3,25.7,4.073179,4.07,4.075,5505,5533,0,0,0,0
2022-12-26T06:00:00Z,28,,,,0.232214,0.231,0.234,25.3,25.2,25.6,4.071821,4.069,4.073,5534,5561,0,0,0,0
2022-12-26T07:00:00Z,29,,,,0.232069,0.231,0.234,25.206897,25,25.4,4.070345,4.067,4.072,5562,5590,0,0,0,0
2022-12-26T08:00:00Z,29,,,,0.232379,0.231,0.235,25.165517,24.8,25.5,4.068276,4.065,4.072,5591,5619,0,0,0,0
2022-12-26T09:00:00Z,28,,,,0.232321,0.231,0.234,25.078571,24.8,25.3,4.066929,4.065,4.07,5620,5647,0,0,0,0
2022-12-26T10:00:00Z,29,,,,0.232414,0.231,0.234,24.896552,24.7,25.1,4.066,4.064,4.069,5648,5676,0,0,0,0
2022-12-26T11:00:00Z,23,,,,0.232609,0.232,0.234,24.8,24.7,25,4.064478,4.062,4.067,5677,5705,0,0,0,0
2022-12-26T12:00:00Z,20,,,,0.23265,0.232,0.234,24.86,24.7,25.1,4.0636,4.062,4.065,5706,5733,0,0,0,0
2022-12-26T13:00:00Z,21,,,,0.232571,0.231,0.235,24.738095,24.7,24.9,4.062238,4.06,4.065,5734,5762,0,0,0,0
2022-12-26T14:00:00Z,20,,,,0.2325,0.232,0.234,24.625,24.5,24.8,4.0608,4.06,4.064,5763,5790,0,0,0,0
2022-12-26T15:00:00Z,25,,,,0.23276,0.232,0.233,24.62,24.5,24.7,4.05952,4.059,4.06,5791,5819,0,0,0,0
2022-12-26T16:00:00Z,27,,,,0.233,0.232,0.234,24.585185,24.5,24.7,4.058444,4.055,4.06,5820,5847,0,0,0,0
2022-12-26T17:00:00Z,29,,,,0.232655,0.232,0.234,24.572414,24.5,24.8,4.05731,4.055,4.06,5848,5876,0,0,0,0
2022-12-26T18:00:00Z,28,,,,0.232929,0.232,0.235,24.539286,24.5,24.6,4.055929,4.054,4.057,5877,5904,0,0,0,0
2022-12-26T19:00:00Z,29,,,,0.233034,0.232,0.235,24.52069,24.4,24.6,4.055034,4.054,4.057,5905,5933,0,0,0,0
2022-12-26T20:00:00Z,29,,,,0.232931,0.232,0.234,24.62069,24.5,24.8,4.054552,4.054,4.057,5934,5962,0,0,0,0
2022-12-26T21:00:00Z,28,,,,0.233071,0.232,0.234,24.775,24.6,25,4.05375,4.052,4.055,5963,5990,0,0,0,0
2022-12-26T22:00:00Z,29,,,,0.233276,0.233,0.235,25.055172,24.7,25.3,4.05331,4.052,4.055,5991,6019,0,0,0,0
2022-12-26T23:00:00Z,29,,,,0.233379,0.233,0.236,25.072414,24.7,25.5,4.052621,4.052,4.054,6020,6048,0,0,0,0
2022-12-27T00:00:00Z,28,,,,0.233357,0.232,0.235,24.839286,24.7,25.1,4.051786,4.05,4.054,6049,6076,0,0,0,0
2022-12-27T01:00:00Z,29,,,,0.233069,0.232,0.235,24.662069,24.6,25,4.050828,4.049,4.052,6077,6105,0,0,0,0
2022-12-27T02:00:00Z,29,,,,0.232724,0.232,0.233,24.541379,24.5,24.6,4.050207,4.047,4.052,6106,6134,0,0,0,0
2022-12-27T03:00:00Z,27,,,,0.232519,0.231,0.234,24.47037,24.4,24.5,4.050296,4.047,4.052,6135,6161,0,0,0,0
2022-12-27T04:00:00Z,29,,,,0.232172,0.231,0.234,24.5,24.4,24.6,4.049034,4.047,4.05,6163,6191,0,0,0,0
2022-12-27T05:00:00Z,29,,,,0.232,0.231,0.234,24.496552,24.4,24.6,4.048414,4.045,4.05,6192,6220,0,0,0,0
2022-12-27T06:00:00Z,28,,,,0.232286,0.231,0.233,24.467857,24.3,24.6,4.048071,4.045,4.05,6221,6248,0,0,0,0
2022-12-27T07:00:00Z,29,,,,0.23231,0.231,0.233,24.234483,24,24.5,4.046448,4.045,4.049,6249,6277,0,0,0,0
2022-12-27T08:00:00Z,29,,,,0.232379,0.231,0.233,24.027586,23.9,24.3,4.045828,4.044,4.047,6278,6306,0,0,0,0
2022-12-27T09:00:00Z,28,,,,0.2325,0.232,0.234,23.95,23.8,24.1,4.045179,4.044,4.047,6307,6334,0,0,0,0
2022-12-27T10:00:00Z,29,,,,0.232552,0.231,0.235,23.924138,23.8,24.2,4.043966,4.042,4.047,6335,6363,0,0,0,0
2022-12-27T11:00:00Z,29,,,,0.232448,0.232,0.234,23.858621,23.7,24.1,4.043414,4.04,4.045,6364,6392,0,0,0,0
2022-12-27T12:00:00Z,25,,,,0.23252,0.232,0.234,23.892,23.8,24.2,4.0426,4.04,4.045,6393,6420,0,0,0,0
2022-12-27T13:00:00Z,21,,,,0.232571,0.232,0.234,23.852381,23.6,24.1,4.040667,4.039,4.044,6421,6449,0,0,0,0
2022-12-27T14:00:00Z,23,,,,0.232739,0.232,0.234,23.865217,23.8,24.2,4.040652,4.039,4.042,6450,6477,0,0,0,0
2022-12-27T15:00:00Z,27,,,,0.232593,0.232,0.233,23.740741,23.5,24.1,4.039815,4.037,4.042,6478,6506,0,0,0,0
2022-12-27T16:00:00Z,28,,,,0.232786,0.232,0.234,23.710714,23.5,23.9,4.038821,4.037,4.04,6507,6534,0,0,0,0
2022-12-27T17:00:00Z,29,,,,0.232379,0.232,0.233,23.551724,23.4,23.7,4.038276,4.037,4.04,6535,6563,0,0,0,0
2022-12-27T18:00:00Z,29,,,,0.232862,0.232,0.234,23.531034,23.4,23.8,4.038172,4.036,4.04,6564,6592,0,0,0,0
2022-12-27T19:00:00Z,28,,,,0.232607,0.232,0.233,23.5,23.3,23.8,4.037714,4.036,4.039,6593,6620,0,0,0,0
2022-12-27T20:00:00Z,29,,,,0.232931,0.232,0.235,23.593103,23.4,23.8,4.036793,4.034,4.039,6621,6649,0,0,0,0
2022-12-27T21:00:00Z,29,,,,0.233,0.232,0.234,23.768966,23.5,23.9,4.035828,4.034,4.037,6650,6678,0,0,0,0
2022-12-27T22:00:00Z,27,,,,0.233259,0.232,0.235,24.040741,23.8,24.3,4.035889,4.034,4.039,6679,6706,0,0,0,0
2022-12-27T23:00:00Z,29,,,,0.233034,0.232,0.235,24.12069,23.9,24.3,4.036069,4.034,4.039,6707,6735,0,0,0,0
2022-12-28T00:00:00Z,29,,,,0.233172,0.233,0.235,24.165517,24,24.3,4.035517,4.034,4.037,6736,6764,0,0,0,0
2022-12-28T01:00:00Z,28,,,,0.233071,0.232,0.236,24.035714,23.9,24.2,4.035036,4.034,4.037,6765,6792,0,0,0,0
2022-12-28T02:00:00Z,29,,,,0.23269,0.231,0.235,24.117241,23.8,24.5,4.033931,4.032,4.036,6793,6821,0,0,0,0
2022-12-28T03:00:00Z,28,,,,0.232143,0.231,0.233,25.175,24.5,25.6,4.034286,4.032,4.036,6822,6850,0,0,0,0
2022-12-28T04:00:00Z,28,,,,0.231643,0.231,0.233,25.928571,25.3,26.6,4.033679,4.032,4.037,6851,6878,0,0,0,0
2022-12-28T05:00:00Z,18,,,,0.231778,0.231,0.233,26.088889,25.9,26.6,4.033222,4.032,4.034,6879,6906,0,0,0,0
2022-12-28T06:00:00Z,21,,,,0.232048,0.231,0.234,25.838095,25.4,26.4,4.031714,4.031,4.032,6908,6934,0,0,0,0
2022-12-28T08:00:00Z,20,,,,0.23595,0.234,0.238,26.355,23.7,27.3,4.0295,4.029,4.031,6969,6988,0,0,0,0
2022-12-28T09:00:00Z,29,,,,0.235897,0.235,0.238,26.462069,26,27,4.029138,4.029,4.031,6989,7017,0,0,0,0
2022-12-28T10:00:00Z,29,,,,0.236069,0.235,0.238,26.555172,26.3,26.7,4.029069,4.029,4.031,7018,7046,0,0,0,0
2022-12-28T11:00:00Z,25,,,,0.23596,0.235,0.238,26.512,26,26.7,4.02908,4.029,4.031,7047,7073,0,0,0,0
2022-12-28T12:00:00Z,27,,,,0.234963,0.233,0.237,25.996296,25.5,27.6,4.029074,4.029,4.031,7075,7103,0,0,0,0
2022-12-28T13:00:00Z,20,,,,0.23395,0.233,0.235,25.885,23.8,28.1,4.0288,4.027,4.029,7104,7131,0,0,0,0
2022-12-28T14:00:00Z,26,,,,0.233423,0.233,0.235,24.503846,24.4,24.7,4.028692,4.027,4.029,7133,7160,0,0,0,0
2022-12-28T15:00:00Z,28,,,,0.233536,0.233,0.236,24.65,24.5,25,4.028071,4.027,4.029,7161,7189,0,0,0,0
2022-12-28T16:00:00Z,28,,,,0.23325,0.232,0.236,24.714286,24.5,25,4.028,4.027,4.029,7190,7217,0,0,0,0
2022-12-28T17:00:00Z,29,,,,0.232862,0.232,0.233,24.648276,24.5,24.8,4.027552,4.027,4.029,7218,7246,0,0,0,0
2022-12-28T18:00:00Z,29,,,,0.232862,0.232,0.235,24.568966,24.5,24.7,4.027483,4.027,4.029,7247,7275,0,0,0,0
2022-12-28T19:00:00Z,28,,,,0.233107,0.232,0.235,24.796429,24.6,25.2,4.027357,4.027,4.029,7276,7303,0,0,0,0
2022-12-28T20:00:00Z,29,,,,0.233069,0.232,0.235,25.044828,24.8,25.4,4.027069,4.027,4.029,7304,7332,0,0,0,0
2022-12-28T21:00:00Z,29,,,,0.233103,0.232,0.235,24.968966,24.6,25.3,4.026966,4.026,4.027,7333,7361,0,0,0,0
2022-12-28T22:00:00Z,27,,,,0.233185,0.232,0.235,24.655556,24.5,25.1,4.026963,4.026,4.027,7362,7389,0,0,0,0
2022-12-28T23:00:00Z,29,,,,0.233,0.232,0.234,24.575862,24.5,24.8,4.026931,4.026,4.027,7390,7418,0,0,0,0
2022-12-29T00:00:00Z,29,,,,0.232862,0.232,0.234,25.07931,24.6,25.7,4.026862,4.026,4.027,7419,7447,0,0,0,0
2022-12-29T01:00:00Z,28,,,,0.232964,0.232,0.236,25.707143,25.5,25.8,4.026679,4.026,4.027,7448,7475,0,0,0,0
2022-12-29T02:00:00Z,29,,,,0.234172,0.232,0.237,24.113793,23,25.8,4.026276,4.024,4.027,7476,7504,0,0,0,0
2022-12-29T03:00:00Z,29,,,,0.233207,0.232,0.235,23.510345,22.7,24.6,4.026138,4.024,4.027,7505,7533,0,0,0,0
2022-12-29T04:00:00Z,29,,,,0.232621,0.232,0.234,25.224138,24.2,27.3,4.025931,4.022,4.027,7534,7562,0,0,0,0
2022-12-29T05:00:00Z,28,,,,0.232036,0.231,0.233,26.332143,25.7,27.7,4.025857,4.024,4.027,7563,7590,0,0,0,0
2022-12-29T06:00:00Z,29,,,,0.231759,0.23,0.233,26.293103,26.2,26.5,4.025793,4.024,4.026,7591,7619,0,0,0,0
2022-12-29T07:00:00Z,28,,,,0.232071,0.231,0.235,26.171429,25.8,26.7,4.025143,4.022,4.026,7620,7648,0,0,0,0
2022-12-29T08:00:00Z,28,,,,0.232143,0.231,0.233,25.853571,25.8,25.9,4.024357,4.022,4.026,7649,7676,0,0,0,0
2022-12-29T09:00:00Z,29,,,,0.232241,0.232,0.235,25.789655,25.7,25.8,4.024069,4.022,4.026,7677,7705,0,0,0,0
2022-12-29T10:00:00Z,29,,,,0.232448,0.231,0.234,25.748276,25.6,25.8,4.023517,4.022,4.026,7706,7734,0,0,0,0
2022-12-29T11:00:00Z,27,,,,0.232519,0.232,0.235,25.611111,25.4,25.7,4.022481,4.021,4.026,7735,7762,0,0,0,0
2022-12-29T12:00:00Z,27,,,,0.232481,0.232,0.234,25.57037,25.4,25.8,4.021593,4.021,4.024,7763,7791,0,0,0,0
2022-12-29T13:00:00Z,22,,,,0.232545,0.232,0.234,25.563636,25.4,25.7,4.021136,4.019,4.024,7792,7819,0,0,0,0
2022-12-29T14:00:00Z,27,,,,0.232593,0.232,0.234,25.511111,25.3,25.7,4.019815,4.017,4.022,7820,7848,0,0,0,0
2022-12-29T15:00:00Z,29,,,,0.232621,0.232,0.235,25.537931,25.4,25.7,4.019138,4.017,4.021,7849,7877,0,0,0,0
2022-12-29T16:00:00Z,29,,,,0.232552,0.232,0.234,25.506897,25.2,25.7,4.018207,4.016,4.021,7878,7906,0,0,0,0
2022-12-29T17:00:00Z,28,,,,0.232429,0.232,0.233,25.542857,25.3,25.7,4.017393,4.014,4.021,7907,7934,0,0,0,0
2022-12-29T18:00:00Z,29,,,,0.232414,0.232,0.233,25.582759,25.4,25.7,4.015862,4.014,4.019,7935,7963,0,0,0,0
2022-12-29T19:00:00Z,28,,,,0.232429,0.232,0.233,25.439286,25.2,25.7,4.014964,4.012,4.017,7964,7991,0,0,0,0
2022-12-29T20:00:00Z,29,,,,0.232862,0.232,0.235,25.293103,25.1,25.6,4.014276,4.012,4.016,7992,8020,0,0,0,0
2022-12-29T21:00:00Z,29,,,,0.232897,0.232,0.235,25.182759,25,25.4,4.013345,4.011,4.017,8021,8049,0,0,0,0
2022-12-29T22:00:00Z,28,,,,0.232929,0.232,0.234,25.014286,24.9,25.2,4.012321,4.011,4.014,8050,8077,0,0,0,0
2022-12-29T23:00:00Z,29,,,,0.232724,0.232,0.233,24.934483,24.8,25.2,4.011552,4.011,4.012,8078,8106,0,0,0,0
2022-12-30T00:00:00Z,29,,,,0.232724,0.231,0.234,24.862069,24.7,25.1,4.010276,4.007,4.012,8107,8135,0,0,0,0
2022-12-30T01:00:00Z,29,,,,0.232966,0.232,0.236,24.903448,24.7,25.1,4.009483,4.007,4.011,8136,8164,0,0,0,0
2022-12-30T02:00:00Z,29,,,,0.232448,0.231,0.234,24.955172,24.7,25.2,4.008241,4.006,4.011,8165,8193,0,0,0,0
2022-12-30T03:00:00Z,28,,,,0.232714,0.232,0.234,24.9,24.7,25.2,4.007393,4.006,4.011,8194,8221,0,0,0,0
2022-12-30T04:00:00Z,29,,,,0.232517,0.232,0.235,25.162069,24.8,25.6,4.006138,4.004,4.007,8222,8250,0,0,0,0
2022-12-30T05:00:00Z,26,,,,0.232077,0.23,0.233,25.953846,25.8,26.2,4.005077,4.004,4.007,8253,8278,0,0,0,0
2022-12-30T06:00:00Z,29,,,,0.232172,0.231,0.233,26.02069,25.9,26.2,4.004276,4.003,4.006,8279,8307,0,0,0,0
2022-12-30T07:00:00Z,29,,,,0.23231,0.231,0.235,25.944828,25.8,26.1,4.003,4.001,4.004,8308,8336,0,0,0,0
2022-12-30T08:00:00Z,29,,,,0.232207,0.231,0.233,25.813793,25.8,25.9,4.001966,4.001,4.003,8337,8365,0,0,0,0
2022-12-30T09:00:00Z,28,,,,0.232464,0.232,0.233,25.728571,25.4,25.8,4.000643,3.999,4.003,8366,8393,0,0,0,0
2022-12-30T10:00:00Z,29,,,,0.232621,0.232,0.233,25.641379,25.5,25.7,3.999517,3.998,4.001,8394,8422,0,0,0,0
2022-12-30T11:00:00Z,29,,,,0.232793,0.231,0.237,25.693103,25.5,25.8,3.998897,3.998,4.001,8423,8451,0,0,0,0
2022-12-30T12:00:00Z,26,,,,0.232923,0.231,0.235,25.680769,25.5,25.7,3.997654,3.996,3.999,8452,8479,0,0,0,0
2022-12-30T13:00:00Z,21,,,,0.232857,0.231,0.234,25.766667,25.6,26.1,3.995,3.993,3.998,8480,8507,0,0,0,0
2022-12-30T14:00:00Z,24,,,,0.23275,0.232,0.234,25.758333,25.7,25.8,3.993375,3.989,3.994,8508,8536,0,0,0,0
2022-12-30T15:00:00Z,16,,,,0.2325,0.232,0.233,25.79375,25.7,25.9,3.989625,3.988,3.993,8537,8561,0,0,0,0
2022-12-30T16:00:00Z,9,,,,0.232333,0.232,0.234,25.833333,25.8,25.9,3.984889,3.983,3.988,8568,8590,0,0,0,0
2022-12-30T17:00:00Z,29,,,,0.232828,0.232,0.234,25.765517,25.7,25.8,3.983552,3.981,3.986,8591,8619,0,0,0,0
2022-12-30T18:00:00Z,29,,,,0.232793,0.232,0.234,25.686207,25.5,25.8,3.981655,3.979,3.984,8620,8648,0,0,0,0
2022-12-30T19:00:00Z,28,,,,0.233107,0.232,0.235,25.603571,25.4,25.7,3.980286,3.979,3.983,8649,8676,0,0,0,0
2022-12-30T20:00:00Z,29,,,,0.232862,0.231,0.233,25.451724,25.2,25.7,3.978414,3.978,3.979,8677,8705,0,0,0,0
2022-12-30T21:00:00Z,29,,,,0.232759,0.232,0.233,25.444828,25.2,25.7,3.976724,3.976,3.979,8706,8734,0,0,0,0
2022-12-30T22:00:00Z,28,,,,0.23325,0.232,0.235,25.417857,25.2,25.6,3.976071,3.976,3.978,8735,8762,0,0,0,0
2022-12-30T23:00:00Z,29,,,,0.233103,0.233,0.235,25.341379,25.2,25.5,3.974621,3.974,3.976,8763,8791,0,0,0,0
2022-12-31T00:00:00Z,28,,,,0.233107,0.232,0.236,25.4,25.2,25.7,3.973964,3.973,3.974,8792,8819,0,0,0,0
2022-12-31T01:00:00Z,29,,,,0.233207,0.232,0.237,25.437931,25.2,25.7,3.973207,3.971,3.974,8820,8848,0,0,0,0
2022-12-31T02:00:00Z,29,,,,0.232897,0.232,0.234,25.386207,25.2,25.6,3.971828,3.97,3.973,8849,8877,0,0,0,0
2022-12-31T03:00:00Z,28,,,,0.232571,0.232,0.235,25.528571,25.3,25.8,3.970036,3.968,3.971,8878,8905,0,0,0,0
2022-12-31T04:00:00Z,29,,,,0.232655,0.232,0.234,26.055172,25.7,26.5,3.967759,3.965,3.97,8906,8934,0,0,0,0
2022-12-31T05:00:00Z,29,,,,0.232552,0.232,0.234,26.193103,25.9,26.6,3.965828,3.963,3.968,8935,8963,0,0,0,0
2022-12-31T06:00:00Z,28,,,,0.232571,0.232,0.234,26.085714,25.9,26.5,3.962857,3.96,3.965,8964,8991,0,0,0,0
2022-12-31T07:00:00Z,29,,,,0.232448,0.231,0.235,25.872414,25.8,26.2,3.960759,3.958,3.963,8992,9020,0,0,0,0
2022-12-31T08:00:00Z,29,,,,0.232759,0.232,0.235,25.810345,25.8,25.9,3.958345,3.956,3.96,9021,9049,0,0,0,0
2022-12-31T09:00:00Z,28,,,,0.232964,0.232,0.235,25.789286,25.7,25.8,3.955679,3.953,3.958,9050,9077,0,0,0,0
2022-12-31T10:00:00Z,29,,,,0.232897,0.232,0.234,25.806897,25.8,25.9,3.953931,3.951,3.956,9078,9106,0,0,0,0
2022-12-31T11:00:00Z,29,,,,0.232862,0.232,0.234,25.793103,25.7,25.8,3.952,3.95,3.953,9107,9135,0,0,0,0
2022-12-31T12:00:00Z,27,,,,0.233037,0.232,0.236,25.740741,25.7,25.8,3.950815,3.95,3.953,9136,9163,0,0,0,0
2022-12-31T13:00:00Z,23,,,,0.233087,0.232,0.235,25.695652,25.6,25.7,3.947652,3.946,3.95,9165,9192,0,0,0,0
2022-12-31T14:00:00Z,27,,,,0.233074,0.232,0.235,25.651852,25.5,25.8,3.946185,3.943,3.948,9193,9221,0,0,0,0
2022-12-31T15:00:00Z,26,,,,0.232962,0.232,0.235,25.65,25.5,25.7,3.944385,3.941,3.946,9222,9249,0,0,0,0
2022-12-31T16:00:00Z,29,,,,0.232931,0.232,0.234,25.686207,25.6,25.8,3.942724,3.941,3.945,9250,9278,0,0,0,0
2022-12-31T17:00:00Z,28,,,,0.232929,0.232,0.235,25.539286,25.3,25.7,3.940214,3.937,3.943,9279,9306,0,0,0,0
2022-12-31T18:00:00Z,29,,,,0.233138,0.232,0.235,25.510345,25.4,25.7,3.938483,3.935,3.941,9307,9335,0,0,0,0
2022-12-31T19:00:00Z,29,,,,0.233241,0.233,0.235,25.406897,25.2,25.6,3.936207,3.933,3.938,9336,9364,0,0,0,0
2022-12-31T20:00:00Z,28,,,,0.232893,0.232,0.234,25.464286,25.3,25.7,3.933929,3.933,3.937,9365,9392,0,0,0,0
2022-12-31T21:00:00Z,29,,,,0.233069,0.232,0.235,25.344828,25.2,25.6,3.932345,3.93,3.935,9393,9421,0,0,0,0
2022-12-31T22:00:00Z,29,,,,0.233138,0.232,0.234,25.275862,25.2,25.5,3.930828,3.928,3.932,9422,9450,0,0,0,0
2022-12-31T23:00:00Z,28,,,,0.233107,0.232,0.237,25.314286,25.2,25.6,3.928821,3.927,3.932,9451,9478,0,0,0,0
