ts,n_samples,solar2_v_avg,solar2_v_min,solar2_v_max,current2_a_avg,current2_a_min,current2_a_max,temp_c_avg,temp_c_min,temp_c_max,lipo2_v_avg,lipo2_v_min,lipo2_v_max,boot_count_min,boot_count_max,solar2_v_n_oor,current2_a_n_oor,temp_c_n_oor,lipo2_v_n_oor
2023-01-01T00:00:00Z,29,,,,0.233,0.232,0.234,25.231034,25.1,25.5,3.927759,3.927,3.93,9479,9507,0,0,0,0
2023-01-01T01:00:00Z,29,,,,0.232931,0.232,0.234,25.2,25.1,25.3,3.926172,3.925,3.927,9508,9536,0,0,0,0
2023-01-01T02:00:00Z,29,,,,0.233069,0.232,0.235,25.234483,25.1,25.4,3.924241,3.923,3.927,9537,9565,0,0,0,0
2023-01-01T03:00:00Z,28,,,,0.2325,0.232,0.235,25.517857,25.3,25.8,3.923643,3.923,3.925,9566,9593,0,0,0,0
2023-01-01T04:00:00Z,29,,,,0.231966,0.231,0.233,26.593103,25.6,30.6,3.923034,3.922,3.925,9594,9622,0,0,0,0
2023-01-01T05:00:00Z,29,,,,0.232103,0.231,0.234,27.155172,26.2,29.2,3.92269,3.922,3.923,9623,9651,0,0,0,0
2023-01-01T06:00:00Z,27,,,,0.232185,0.231,0.234,26.485185,26.2,27,3.922037,3.922,3.923,9652,9679,0,0,0,0
2023-01-01T07:00:00Z,29,,,,0.232103,0.231,0.233,26.234483,25.9,26.5,3.921793,3.92,3.922,9680,9708,0,0,0,0
2023-01-01T08:00:00Z,29,,,,0.232448,0.232,0.234,26.082759,26,26.2,3.921103,3.92,3.922,9709,9737,0,0,0,0
2023-01-01T09:00:00Z,28,,,,0.232714,0.232,0.234,26.139286,26,26.3,3.919857,3.918,3.922,9738,9765,0,0,0,0
2023-01-01T10:00:00Z,29,,,,0.232897,0.232,0.235,26.051724,25.9,26.3,3.918345,3.917,3.92,9766,9794,0,0,0,0
2023-01-01T11:00:00Z,29,,,,0.232621,0.231,0.235,26.017241,25.8,26.2,3.91731,3.915,3.92,9795,9823,0,0,0,0
2023-01-01T12:00:00Z,25,,,,0.23264,0.232,0.234,25.896,25.8,26.1,3.9158,3.915,3.917,9824,9851,0,0,0,0
2023-01-01T13:00:00Z,25,,,,0.23272,0.232,0.234,26.064,25.9,26.2,3.91448,3.912,3.917,9852,9880,0,0,0,0
2023-01-01T14:00:00Z,21,,,,0.233,0.232,0.235,26,25.9,26.2,3.912476,3.91,3.913,9881,9908,0,0,0,0
2023-01-01T15:00:00Z,28,,,,0.232964,0.232,0.234,25.939286,25.8,26.1,3.910071,3.908,3.913,9909,9937,0,0,0,0
2023-01-01T16:00:00Z,29,,,,0.23269,0.232,0.234,25.844828,25.7,26,3.908345,3.907,3.91,9938,9966,0,0,0,0
2023-01-01T17:00:00Z,28,,,,0.232929,0.232,0.235,25.807143,25.8,25.9,3.907429,3.907,3.908,9967,9994,0,0,0,0
2023-01-01T18:00:00Z,29,,,,0.232552,0.232,0.234,25.796552,25.7,25.8,3.905276,3.902,3.907,9995,10023,0,0,0,0
2023-01-01T19:00:00Z,28,,,,0.232857,0.232,0.234,25.778571,25.7,25.9,3.904607,3.904,3.907,10024,10052,0,0,0,0
2023-01-01T20:00:00Z,28,,,,0.232464,0.232,0.233,25.767857,25.7,25.8,3.902536,3.9,3.905,10053,10080,0,0,0,0
2023-01-01T21:00:00Z,29,,,,0.232828,0.232,0.234,25.775862,25.7,25.8,3.900862,3.899,3.902,10081,10109,0,0,0,0
2023-01-01T22:00:00Z,28,,,,0.232714,0.232,0.234,25.767857,25.7,25.8,3.899786,3.897,3.902,10110,10137,0,0,0,0
2023-01-01T23:00:00Z,29,,,,0.232931,0.232,0.234,25.737931,25.6,25.8,3.898931,3.897,3.9,10138,10166,0,0,0,0
2023-01-02T00:00:00Z,29,,,,0.232862,0.232,0.234,25.682759,25.6,25.8,3.897448,3.895,3.9,10167,10195,0,0,0,0
2023-01-02T01:00:00Z,28,,,,0.2325,0.232,0.234,25.603571,25.4,25.7,3.895929,3.895,3.899,10196,10223,0,0,0,0
2023-01-02T02:00:00Z,29,,,,0.232414,0.232,0.233,25.568966,25.3,25.9,3.894931,3.894,3.895,10224,10252,0,0,0,0
2023-01-02T03:00:00Z,29,,,,0.232414,0.231,0.233,25.444828,25.2,25.7,3.89469,3.894,3.895,10253,10281,0,0,0,0
2023-01-02T04:00:00Z,29,,,,0.231862,0.23,0.233,25.975862,25.4,26.7,3.894276,3.894,3.895,10282,10310,0,0,0,0
2023-01-02T05:00:00Z,25,,,,0.23164,0.231,0.233,26.44,26.2,26.8,3.89408,3.892,3.895,10311,10337,0,0,0,0
2023-01-02T06:00:00Z,28,,,,0.232071,0.231,0.234,25.992857,25.9,26.2,3.893893,3.892,3.895,10339,10367,0,0,0,0
2023-01-02T07:00:00Z,28,,,,0.232,0.231,0.234,25.882143,25.8,25.9,3.892286,3.89,3.894,10368,10395,0,0,0,0
2023-01-02T08:00:00Z,29,,,,0.231862,0.231,0.233,25.806897,25.7,26,3.891034,3.89,3.892,10396,10424,0,0,0,0
2023-01-02T09:00:00Z,4,,,,0.23225,0.232,0.233,25.8,25.8,25.8,3.89,3.889,3.892,10425,10428,0,0,0,0
2023-01-30T14:00:00Z,10,,,,0.2361,0.217,0.273,23.14,19.4,27.3,3.4103,2.588,3.734,1,10,0,0,0,0
2023-01-30T15:00:00Z,30,,,,0.246233,0.204,0.277,27.696667,24.8,30.5,3.896,3.742,4.029,11,40,0,0,0,0
2023-01-30T16:00:00Z,29,,,,0.23931,0.203,0.275,27.044828,24.5,30.2,4.094759,4.034,4.133,41,69,0,0,0,0
2023-01-30T17:00:00Z,29,,,,0.246862,0.207,0.276,27.086207,24.3,30.1,4.145586,4.133,4.161,70,98,0,0,0,0
2023-01-30T18:00:00Z,28,,,,0.234571,0.205,0.277,25.910714,22.7,27.2,4.172571,4.159,4.182,99,127,0,0,0,0
2023-01-30T19:00:00Z,28,,,,0.242179,0.205,0.277,25.346429,21.8,28.9,4.175393,4.156,4.187,128,156,0,0,0,0
2023-01-30T20:00:00Z,23,,,,0.237913,0.207,0.278,25.595652,23.5,29.6,4.147565,4.141,4.156,157,179,0,0,0,0
2023-01-30T21:00:00Z,29,,,,0.243862,0.207,0.28,25.42069,22,29.1,4.136448,4.135,4.141,187,215,0,0,0,0
2023-01-30T22:00:00Z,29,,,,0.241414,0.207,0.277,25.862069,23.9,28.9,4.132931,4.131,4.135,216,244,0,0,0,0
2023-01-30T23:00:00Z,29,,,,0.242931,0.208,0.28,25.551724,22.3,28.9,4.131069,4.128,4.133,245,273,0,0,0,0
2023-01-31T00:00:00Z,30,,,,0.2384,0.207,0.277,25.126667,21.8,29.1,4.127667,4.125,4.133,274,303,0,0,0,0
2023-01-31T01:00:00Z,29,,,,0.245345,0.207,0.279,25.237931,21.1,29,4.124621,4.121,4.13,304,332,0,0,0,0
2023-01-31T02:00:00Z,29,,,,0.242517,0.207,0.277,25.224138,21.6,29,4.121966,4.118,4.126,333,361,0,0,0,0
2023-01-31T03:00:00Z,29,,,,0.241414,0.206,0.277,25.251724,20.7,29.4,4.120724,4.118,4.125,362,390,0,0,0,0
2023-01-31T04:00:00Z,29,,,,0.241655,0.206,0.279,24.565517,20.4,29.5,4.118931,4.116,4.123,391,419,0,0,0,0
2023-01-31T05:00:00Z,30,,,,0.240667,0.207,0.277,24.773333,20.5,29.2,4.118333,4.116,4.123,420,449,0,0,0,0
2023-01-31T06:00:00Z,29,,,,0.244483,0.207,0.277,24.434483,20.2,29.3,4.11631,4.113,4.12,450,478,0,0,0,0
2023-01-31T07:00:00Z,29,,,,0.242517,0.206,0.278,23.775862,20,28.9,4.114552,4.111,4.118,479,507,0,0,0,0
2023-01-31T08:00:00Z,29,,,,0.248621,0.207,0.277,24.589655,21.7,28.7,4.113724,4.111,4.116,508,536,0,0,0,0
2023-01-31T09:00:00Z,19,,,,0.248368,0.204,0.277,24.426316,22,26.3,4.112895,4.111,4.115,537,564,0,0,0,0
2023-01-31T10:00:00Z,29,,,,0.239379,0.205,0.279,25.675862,22.8,27.6,4.112241,4.11,4.116,565,593,0,0,0,0
2023-01-31T11:00:00Z,30,,,,0.234867,0.205,0.277,25.76,22.8,29.6,4.1121,4.108,4.115,594,623,0,0,0,0
2023-01-31T12:00:00Z,29,,,,0.245448,0.206,0.277,26,23.5,29.5,4.111793,4.11,4.115,624,652,0,0,0,0
2023-01-31T13:00:00Z,29,,,,0.242483,0.206,0.277,26.075862,22.7,29.6,4.11031,4.106,4.115,653,681,0,0,0,0
2023-01-31T14:00:00Z,29,,,,0.246517,0.205,0.278,25.975862,22.2,29.8,4.109759,4.106,4.113,682,710,0,0,0,0
2023-01-31T15:00:00Z,30,,,,0.242533,0.209,0.277,26.193333,23.4,29.8,4.108767,4.106,4.113,711,740,0,0,0,0
2023-01-31T16:00:00Z,29,,,,0.231345,0.206,0.277,25.255172,22,26.9,4.108414,4.106,4.113,741,769,0,0,0,0
2023-01-31T17:00:00Z,26,,,,0.248962,0.206,0.278,26.088462,22,30.1,4.107192,4.105,4.111,770,798,0,0,0,0
2023-01-31T18:00:00Z,29,,,,0.23769,0.205,0.278,25.568966,21.9,30.1,4.106552,4.105,4.111,799,827,0,0,0,0
2023-01-31T19:00:00Z,29,,,,0.246172,0.206,0.278,26.182759,22.9,30.1,4.106345,4.105,4.108,828,856,0,0,0,0
2023-01-31T20:00:00Z,30,,,,0.242167,0.206,0.277,25.203333,21.8,28,4.105933,4.105,4.11,857,886,0,0,0,0
2023-01-31T21:00:00Z,29,,,,0.238586,0.207,0.281,25.8,22.9,29.9,4.10569,4.105,4.108,887,915,0,0,0,0
2023-01-31T22:00:00Z,29,,,,0.227103,0.207,0.277,25.048276,21.8,29.7,4.105448,4.103,4.108,916,944,0,0,0,0
2023-01-31T23:00:00Z,29,,,,0.245345,0.207,0.278,25.631034,22.2,29.4,4.105414,4.105,4.108,945,973,0,0,0,0
2023-02-01T00:00:00Z,29,,,,0.240931,0.206,0.279,24.893103,22,26.3,4.105379,4.105,4.106,974,1002,0,0,0,0
2023-02-01T01:00:00Z,30,,,,0.2442,0.207,0.278,25.63,22.3,29.3,4.1049,4.103,4.106,1003,1032,0,0,0,0
2023-02-01T02:00:00Z,29,,,,0.239621,0.206,0.278,24.468966,20.9,29.3,4.104414,4.102,4.106,1033,1061,0,0,0,0
2023-02-01T03:00:00Z,24,,,,0.243792,0.208,0.275,25.5375,22.8,29.6,4.104333,4.103,4.106,1062,1090,0,0,0,0
2023-02-01T04:00:00Z,13,,,,0.252462,0.216,0.272,25.323077,23.8,30.3,4.104538,4.103,4.106,1091,1115,0,0,0,0
2023-02-01T05:00:00Z,16,,,,0.234187,0.206,0.277,26.0625,23.6,29.7,4.104,4.103,4.105,1121,1145,0,0,0,0
2023-02-01T06:00:00Z,19,,,,0.234947,0.205,0.277,25.247368,23.3,28.3,4.103737,4.103,4.105,1149,1174,0,0,0,0
2023-02-01T07:00:00Z,20,,,,0.24085,0.208,0.274,26.39,24.8,29.9,4.1032,4.102,4.105,1175,1201,0,0,0,0
2023-02-01T08:00:00Z,22,,,,0.241182,0.208,0.279,26.304545,23.9,29.2,4.103364,4.102,4.106,1203,1231,0,0,0,0
2023-02-01T09:00:00Z,23,,,,0.239826,0.206,0.279,26.1,22.8,29.9,4.103174,4.102,4.105,1232,1259,0,0,0,0
2023-02-01T10:00:00Z,24,,,,0.239458,0.208,0.277,26.945833,25.6,29.5,4.103167,4.1,4.105,1261,1288,0,0,0,0
2023-02-01T11:00:00Z,27,,,,0.252593,0.206,0.28,26.877778,23.9,29.9,4.103444,4.102,4.105,1289,1317,0,0,0,0
2023-02-01T12:00:00Z,13,,,,0.231846,0.207,0.275,25.692308,23,29.2,4.103692,4.102,4.105,1319,1340,0,0,0,0
2023-02-01T13:00:00Z,12,,,,0.248417,0.207,0.277,26.716667,23.3,30,4.102917,4.1,4.105,1346,1373,0,0,0,0
2023-02-01T14:00:00Z,23,,,,0.240739,0.206,0.278,25.891304,22.3,29.2,4.103261,4.102,4.105,1374,1402,0,0,0,0
2023-02-01T15:00:00Z,27,,,,0.243556,0.206,0.281,26.081481,22.9,30.1,4.102444,4.1,4.105,1403,1430,0,0,0,0
2023-02-01T16:00:00Z,28,,,,0.238321,0.206,0.28,25.721429,22.9,30.1,4.102393,4.1,4.105,1431,1459,0,0,0,0
2023-02-01T17:00:00Z,29,,,,0.24369,0.207,0.276,26.241379,22.3,29.8,4.10231,4.1,4.105,1460,1488,0,0,0,0
2023-02-01T18:00:00Z,30,,,,0.237567,0.206,0.279,25.936667,22.8,29.8,4.101433,4.1,4.105,1489,1518,0,0,0,0
2023-02-01T19:00:00Z,29,,,,0.235,0.207,0.278,25.548276,22.4,29.9,4.102103,4.1,4.105,1519,1547,0,0,0,0
2023-02-01T20:00:00Z,29,,,,0.241103,0.209,0.281,24.696552,22.1,27.2,4.101552,4.098,4.105,1548,1576,0,0,0,0
2023-02-01T21:00:00Z,29,,,,0.241517,0.208,0.279,24.975862,21.2,29.1,4.101552,4.098,4.105,1577,1605,0,0,0,0
2023-02-01T22:00:00Z,30,,,,0.244833,0.208,0.278,25.7,23.5,29.5,4.100833,4.098,4.103,1606,1635,0,0,0,0
2023-02-01T23:00:00Z,29,,,,0.236655,0.208,0.278,24.972414,21.8,28.5,4.09969,4.098,4.103,1636,1664,0,0,0,0
2023-02-02T00:00:00Z,29,,,,0.244207,0.208,0.279,25.296552,22.3,28.7,4.099069,4.097,4.103,1665,1693,0,0,0,0
2023-02-02T01:00:00Z,29,,,,0.238379,0.208,0.279,24.758621,21.1,28.8,4.099241,4.095,4.103,1694,1722,0,0,0,0
2023-02-02T02:00:00Z,30,,,,0.252833,0.208,0.28,25.483333,20.8,29.4,4.098833,4.095,4.102,1723,1752,0,0,0,0
2023-02-02T03:00:00Z,29,,,,0.248759,0.208,0.281,24.503448,20.5,27.6,4.098793,4.095,4.102,1753,1781,0,0,0,0
2023-02-02T04:00:00Z,29,,,,0.240621,0.208,0.279,25.058621,20.8,29,4.098103,4.095,4.102,1782,1810,0,0,0,0
2023-02-02T05:00:00Z,29,,,,0.238172,0.207,0.277,24.965517,20.4,29.3,4.098138,4.095,4.102,1811,1839,0,0,0,0
2023-02-02T06:00:00Z,29,,,,0.239793,0.207,0.277,24.544828,21.3,29.1,4.098517,4.095,4.102,1840,1868,0,0,0,0
2023-02-02T07:00:00Z,30,,,,0.245033,0.207,0.278,24.406667,20.5,29.4,4.098067,4.095,4.102,1869,1898,0,0,0,0
2023-02-02T08:00:00Z,29,,,,0.242897,0.207,0.281,24.8,21,29.2,4.096793,4.092,4.102,1899,1927,0,0,0,0
2023-02-02T09:00:00Z,29,,,,0.247241,0.207,0.279,25.093103,20.7,29.6,4.096276,4.093,4.102,1928,1956,0,0,0,0
2023-02-02T10:00:00Z,22,,,,0.248045,0.207,0.279,24.809091,20,29.4,4.096818,4.095,4.102,1957,1979,0,0,0,0
2023-02-02T11:00:00Z,4,,,,0.2665,0.248,0.278,24.6,23.3,25.7,4.09775,4.097,4.1,1986,2008,0,0,0,0
2023-02-02T12:00:00Z,22,,,,0.244818,0.208,0.278,24.331818,20.6,28.6,4.097227,4.093,4.102,2019,2040,0,0,0,0
2023-02-02T13:00:00Z,29,,,,0.255793,0.208,0.281,25.410345,20.6,29.4,4.096069,4.093,4.1,2041,2069,0,0,0,0
2023-02-02T14:00:00Z,27,,,,0.242148,0.207,0.278,24.459259,20,29.6,4.095296,4.092,4.1,2070,2098,0,0,0,0
2023-02-02T15:00:00Z,29,,,,0.240724,0.206,0.28,24.362069,19.6,28.3,4.096034,4.093,4.1,2099,2127,0,0,0,0
2023-02-02T16:00:00Z,30,,,,0.2478,0.208,0.278,24.563333,20.7,29.1,4.0955,4.093,4.1,2128,2157,0,0,0,0
2023-02-02T17:00:00Z,29,,,,0.245931,0.207,0.279,25.217241,21,29.3,4.094276,4.092,4.098,2158,2186,0,0,0,0
2023-02-02T18:00:00Z,29,,,,0.246828,0.207,0.279,25.158621,21.3,29.7,4.093931,4.092,4.098,2187,2215,0,0,0,0
2023-02-02T19:00:00Z,29,,,,0.247897,0.208,0.279,24.837931,22.2,29.6,4.093483,4.09,4.098,2216,2244,0,0,0,0
2023-02-02T20:00:00Z,30,,,,0.248,0.206,0.281,24.74,20.8,27.9,4.093667,4.09,4.097,2245,2274,0,0,0,0
2023-02-02T21:00:00Z,29,,,,0.239172,0.208,0.278,24.796552,20.8,27.6,4.092897,4.092,4.097,2275,2303,0,0,0,0
2023-02-02T22:00:00Z,29,,,,0.245034,0.207,0.28,25.351724,22.3,29.6,4.092517,4.09,4.097,2304,2332,0,0,0,0
2023-02-02T23:00:00Z,29,,,,0.242448,0.208,0.277,25.741379,22.9,29.6,4.092448,4.09,4.095,2333,2361,0,0,0,0
2023-02-03T00:00:00Z,29,,,,0.238724,0.207,0.277,24.889655,21.8,28.5,4.093793,4.092,4.097,2362,2390,0,0,0,0
2023-02-03T01:00:00Z,30,,,,0.244667,0.207,0.277,25.733333,22.5,29.2,4.092667,4.09,4.097,2391,2420,0,0,0,0
2023-02-03T02:00:00Z,29,,,,0.247379,0.208,0.279,26.093103,22,29.5,4.092276,4.09,4.095,2421,2449,0,0,0,0
2023-02-03T03:00:00Z,29,,,,0.245034,0.207,0.277,25.810345,22.6,28.8,4.091897,4.09,4.097,2450,2478,0,0,0,0
2023-02-03T04:00:00Z,29,,,,0.242448,0.207,0.278,25.444828,22.1,28.6,4.091897,4.088,4.095,2479,2507,0,0,0,0
2023-02-03T05:00:00Z,30,,,,0.243533,0.205,0.278,25.456667,21.4,29.2,4.091933,4.088,4.097,2508,2537,0,0,0,0
2023-02-03T06:00:00Z,29,,,,0.244103,0.206,0.277,25.362069,23.2,29.5,4.092345,4.09,4.095,2538,2566,0,0,0,0
2023-02-03T07:00:00Z,29,,,,0.244448,0.207,0.279,25.203448,21,29.6,4.092276,4.09,4.097,2567,2595,0,0,0,0
2023-02-03T08:00:00Z,29,,,,0.241931,0.206,0.277,24.9,21,29.4,4.092241,4.09,4.095,2596,2624,0,0,0,0
2023-02-03T09:00:00Z,29,,,,0.23969,0.207,0.277,24.72069,20.8,29.6,4.092172,4.09,4.095,2625,2653,0,0,0,0
2023-02-03T10:00:00Z,30,,,,0.243033,0.206,0.277,25.223333,21.3,29.2,4.0916,4.088,4.095,2654,2683,0,0,0,0
2023-02-03T11:00:00Z,29,,,,0.243069,0.206,0.277,25.317241,21.1,29.6,4.090828,4.088,4.095,2684,2712,0,0,0,0
2023-02-03T12:00:00Z,29,,,,0.235966,0.206,0.279,24.703448,20.8,29.4,4.091069,4.087,4.095,2713,2741,0,0,0,0
2023-02-03T13:00:00Z,29,,,,0.243793,0.207,0.28,24.258621,20.2,27.3,4.090138,4.087,4.093,2742,2770,0,0,0,0
2023-02-03T14:00:00Z,30,,,,0.2458,0.207,0.28,24.11,21.1,29.7,4.0902,4.088,4.093,2771,2800,0,0,0,0
2023-02-03T15:00:00Z,29,,,,0.237448,0.206,0.281,24.6,21.3,28.1,4.090897,4.088,4.093,2801,2829,0,0,0,0
2023-02-03T16:00:00Z,29,,,,0.237207,0.205,0.28,24.768966,20.1,29.4,4.090069,4.087,4.093,2830,2858,0,0,0,0
2023-02-03T17:00:00Z,29,,,,0.24531,0.206,0.281,23.968966,19.7,30.1,4.089759,4.087,4.093,2859,2887,0,0,0,0
2023-02-03T18:00:00Z,29,,,,0.249241,0.207,0.281,25.310345,21.6,29.8,4.089138,4.087,4.092,2888,2916,0,0,0,0
2023-02-03T19:00:00Z,29,,,,0.253966,0.208,0.282,25.137931,22.4,29.2,4.088379,4.087,4.092,2917,2945,0,0,0,0
2023-02-03T20:00:00Z,29,,,,0.243759,0.207,0.28,24.327586,20.4,29.6,4.088379,4.087,4.092,2946,2974,0,0,0,0
2023-02-03T21:00:00Z,28,,,,0.244,0.206,0.279,24.996429,20.9,30,4.087607,4.085,4.09,2975,3002,0,0,0,0
2023-02-03T22:00:00Z,29,,,,0.248931,0.207,0.281,25.762069,23,29.9,4.088,4.085,4.092,3003,3031,0,0,0,0
2023-02-03T23:00:00Z,29,,,,0.241621,0.207,0.281,24.582759,21.8,28.2,4.088483,4.085,4.092,3032,3060,0,0,0,0
2023-02-04T00:00:00Z,26,,,,0.246615,0.206,0.279,24.669231,20.8,29.5,4.087885,4.085,4.092,3061,3088,0,0,0,0
2023-02-04T01:00:00Z,22,,,,0.238409,0.206,0.279,24.540909,20,29.7,4.086727,4.08,4.09,3089,3117,0,0,0,0
2023-02-04T02:00:00Z,25,,,,0.23268,0.225,0.239,24.5,23.8,25.2,4.07904,4.078,4.08,3119,3145,0,0,0,0
2023-02-04T03:00:00Z,27,,,,0.230481,0.224,0.242,24.385185,23.8,24.9,4.078222,4.077,4.08,3146,3174,0,0,0,0
2023-02-04T04:00:00Z,26,,,,0.233231,0.225,0.24,24.469231,23.8,25.1,4.076692,4.073,4.08,3175,3202,0,0,0,0
2023-02-04T05:00:00Z,26,,,,0.232885,0.225,0.241,24.646154,24.1,25.2,4.076077,4.073,4.078,3204,3231,0,0,0,0
2023-02-04T06:00:00Z,24,,,,0.232917,0.225,0.239,24.591667,24,25.2,4.073667,4.072,4.077,3232,3259,0,0,0,0
2023-02-04T07:00:00Z,26,,,,0.231,0.223,0.239,24.45,23.8,24.9,4.072615,4.07,4.077,3260,3288,0,0,0,0
2023-02-04T08:00:00Z,26,,,,0.234538,0.224,0.243,26.192308,23.9,28.6,4.069577,4.067,4.073,3289,3316,0,0,0,0
2023-02-04T09:00:00Z,26,,,,0.235423,0.227,0.246,26.030769,23.8,27.3,4.066808,4.064,4.07,3317,3344,0,0,0,0
2023-02-04T10:00:00Z,27,,,,0.234741,0.224,0.244,24.9,23.7,25.8,4.066704,4.064,4.07,3345,3373,0,0,0,0
2023-02-04T11:00:00Z,26,,,,0.235615,0.224,0.243,25.711538,24.8,26.8,4.064885,4.062,4.069,3374,3402,0,0,0,0
2023-02-04T12:00:00Z,19,,,,0.234053,0.223,0.241,25.442105,24.6,25.9,4.062789,4.059,4.065,3405,3430,0,0,0,0
2023-02-04T13:00:00Z,22,,,,0.233136,0.224,0.241,25.309091,24.6,25.8,4.061227,4.059,4.065,3431,3457,0,0,0,0
2023-02-04T14:00:00Z,7,,,,0.231,0.223,0.239,24.871429,23.7,25.7,4.059857,4.059,4.062,3459,3479,0,0,0,0
2023-02-04T15:00:00Z,16,,,,0.235125,0.226,0.243,24.9125,23,26.1,4.058438,4.055,4.06,3491,3513,0,0,0,0
2023-02-04T16:00:00Z,26,,,,0.233423,0.224,0.242,23.946154,22.8,25.8,4.056308,4.054,4.059,3514,3542,0,0,0,0
2023-02-04T17:00:00Z,29,,,,0.234138,0.224,0.242,24.155172,23.3,24.8,4.055483,4.054,4.059,3543,3571,0,0,0,0
2023-02-04T18:00:00Z,29,,,,0.232862,0.224,0.241,23.958621,23.3,24.6,4.055552,4.054,4.059,3572,3600,0,0,0,0
2023-02-04T19:00:00Z,28,,,,0.232643,0.224,0.243,23.932143,23.3,24.7,4.054571,4.052,4.059,3601,3628,0,0,0,0
2023-02-04T20:00:00Z,29,,,,0.232862,0.224,0.241,23.875862,23.2,24.6,4.053759,4.052,4.057,3629,3657,0,0,0,0
2023-02-04T21:00:00Z,29,,,,0.232517,0.224,0.242,23.77931,23,24.6,4.053,4.052,4.055,3658,3686,0,0,0,0
2023-02-04T22:00:00Z,30,,,,0.232633,0.225,0.241,23.84,22.9,24.5,4.0529,4.05,4.055,3687,3716,0,0,0,0
2023-02-04T23:00:00Z,29,,,,0.233069,0.225,0.242,23.844828,23.1,24.6,4.052172,4.05,4.055,3717,3745,0,0,0,0
2023-02-05T00:00:00Z,29,,,,0.231138,0.224,0.241,24.065517,23.3,24.7,4.051621,4.049,4.054,3746,3774,0,0,0,0
2023-02-05T01:00:00Z,29,,,,0.234793,0.224,0.243,24.986207,24.2,25.8,4.050241,4.049,4.052,3775,3803,0,0,0,0
2023-02-05T02:00:00Z,29,,,,0.23269,0.225,0.242,25.272414,24.4,25.9,4.050793,4.049,4.054,3804,3832,0,0,0,0
2023-02-05T03:00:00Z,26,,,,0.2325,0.224,0.242,25.880769,25.4,26.5,4.049846,4.047,4.054,3833,3861,0,0,0,0
2023-02-05T04:00:00Z,29,,,,0.233069,0.223,0.241,26.131034,25.6,26.9,4.049379,4.045,4.052,3862,3890,0,0,0,0
2023-02-05T05:00:00Z,30,,,,0.231733,0.224,0.24,26.213333,25.8,26.8,4.049067,4.047,4.052,3891,3920,0,0,0,0
2023-02-05T06:00:00Z,29,,,,0.232034,0.223,0.241,26.572414,25.8,27.2,4.048483,4.045,4.052,3921,3949,0,0,0,0
2023-02-05T07:00:00Z,29,,,,0.231069,0.223,0.24,26.862069,26,27.3,4.048,4.045,4.052,3950,3978,0,0,0,0
2023-02-05T08:00:00Z,29,,,,0.231793,0.224,0.242,26.637931,25.9,27.2,4.047069,4.044,4.05,3979,4007,0,0,0,0
2023-02-05T09:00:00Z,29,,,,0.233276,0.223,0.24,26.124138,25.7,26.7,4.045517,4.042,4.049,4008,4036,0,0,0,0
2023-02-05T10:00:00Z,30,,,,0.2334,0.223,0.242,25.966667,25.6,26.3,4.045633,4.042,4.049,4037,4066,0,0,0,0
2023-02-05T11:00:00Z,28,,,,0.229607,0.224,0.24,25.807143,25.5,26.2,4.045143,4.04,4.049,4067,4095,0,0,0,0
2023-02-05T12:00:00Z,29,,,,0.233931,0.224,0.242,25.913793,25.5,26.2,4.044621,4.042,4.047,4096,4124,0,0,0,0
2023-02-05T13:00:00Z,29,,,,0.233207,0.224,0.242,25.758621,25.4,26,4.044621,4.042,4.047,4125,4153,0,0,0,0
2023-02-05T14:00:00Z,29,,,,0.234966,0.224,0.242,25.824138,25.3,26.2,4.044276,4.04,4.049,4154,4182,0,0,0,0
2023-02-05T15:00:00Z,29,,,,0.234103,0.225,0.243,25.048276,23.9,25.9,4.042759,4.04,4.047,4183,4212,0,0,0,0
2023-02-05T16:00:00Z,29,,,,0.236724,0.227,0.244,24.293103,23.3,26.6,4.043207,4.04,4.045,4213,4241,0,0,0,0
2023-02-05T17:00:00Z,29,,,,0.234103,0.228,0.246,23.648276,23.1,24.4,4.042379,4.039,4.047,4242,4270,0,0,0,0
2023-02-05T18:00:00Z,29,,,,0.237103,0.227,0.245,23.996552,22.8,24.5,4.041759,4.039,4.045,4271,4299,0,0,0,0
2023-02-05T19:00:00Z,30,,,,0.2328,0.225,0.243,23.86,22.9,24.9,4.0407,4.037,4.044,4300,4329,0,0,0,0
2023-02-05T20:00:00Z,29,,,,0.232345,0.225,0.242,24.172414,23.3,24.7,4.040483,4.039,4.044,4330,4358,0,0,0,0
2023-02-05T21:00:00Z,29,,,,0.232034,0.225,0.242,24.534483,23.9,25.2,4.039207,4.037,4.044,4359,4387,0,0,0,0
2023-02-05T22:00:00Z,29,,,,0.232138,0.225,0.242,24.658621,24,25.4,4.038862,4.037,4.042,4388,4416,0,0,0,0
2023-02-05T23:00:00Z,29,,,,0.233448,0.224,0.244,24.731034,23.9,25.3,4.038655,4.036,4.042,4417,4445,0,0,0,0
2023-02-06T00:00:00Z,30,,,,0.233867,0.224,0.244,24.716667,23.9,25.7,4.038,4.034,4.04,4446,4475,0,0,0,0
2023-02-06T01:00:00Z,29,,,,0.232793,0.223,0.242,25.210345,24.3,25.8,4.03769,4.034,4.042,4476,4504,0,0,0,0
2023-02-06T02:00:00Z,29,,,,0.232897,0.223,0.242,25.744828,24.9,26.3,4.037345,4.034,4.042,4505,4533,0,0,0,0
2023-02-06T03:00:00Z,29,,,,0.232207,0.223,0.244,25.948276,25.5,26.6,4.03731,4.034,4.04,4534,4562,0,0,0,0
2023-02-06T04:00:00Z,30,,,,0.232867,0.223,0.244,26.433333,25.6,27.2,4.038033,4.036,4.04,4563,4592,0,0,0,0
2023-02-06T05:00:00Z,29,,,,0.231034,0.223,0.244,25.965517,25.7,26.7,4.03731,4.034,4.042,4593,4621,0,0,0,0
2023-02-06T06:00:00Z,29,,,,0.232828,0.223,0.242,26.127586,25.6,26.9,4.035379,4.034,4.039,4622,4650,0,0,0,0
2023-02-06T07:00:00Z,29,,,,0.231897,0.223,0.243,26.186207,25.7,26.9,4.034828,4.032,4.037,4651,4679,0,0,0,0
2023-02-06T08:00:00Z,27,,,,0.23263,0.223,0.242,26.151852,25.7,26.9,4.034852,4.032,4.039,4680,4708,0,0,0,0
2023-02-06T09:00:00Z,30,,,,0.233433,0.223,0.242,26.066667,25.7,26.7,4.0343,4.032,4.037,4709,4738,0,0,0,0
2023-02-06T10:00:00Z,29,,,,0.23231,0.223,0.243,26.027586,25.6,26.6,4.033862,4.032,4.037,4739,4767,0,0,0,0
2023-02-06T11:00:00Z,28,,,,0.232107,0.223,0.24,25.975,25.7,26.4,4.033714,4.032,4.036,4768,4796,0,0,0,0
2023-02-06T12:00:00Z,29,,,,0.230448,0.223,0.241,26,25.6,26.5,4.032759,4.031,4.036,4797,4825,0,0,0,0
2023-02-06T13:00:00Z,30,,,,0.231367,0.223,0.241,26.426667,25.8,27.2,4.033733,4.031,4.037,4826,4855,0,0,0,0
2023-02-06T14:00:00Z,13,,,,0.235923,0.226,0.242,26.507692,26.1,27.2,4.032385,4.031,4.036,4856,4878,0,0,0,0
2023-02-06T15:00:00Z,17,,,,0.233353,0.223,0.242,26.317647,25.8,26.9,4.031353,4.031,4.032,4894,4910,0,0,0,0
2023-02-06T16:00:00Z,30,,,,0.2315,0.223,0.243,26.02,25.7,26.7,4.031667,4.029,4.036,4911,4940,0,0,0,0
2023-02-06T17:00:00Z,29,,,,0.232103,0.223,0.241,26.158621,25.8,26.7,4.031379,4.029,4.036,4941,4969,0,0,0,0
2023-02-06T18:00:00Z,29,,,,0.232379,0.223,0.243,26.47931,25.8,27.4,4.030966,4.029,4.034,4970,4998,0,0,0,0
2023-02-06T19:00:00Z,25,,,,0.23264,0.223,0.242,26.14,25.7,26.7,4.03004,4.029,4.034,4999,5027,0,0,0,0
2023-02-06T20:00:00Z,29,,,,0.233621,0.223,0.244,26.131034,25.7,26.7,4.030103,4.029,4.034,5028,5056,0,0,0,0
2023-02-06T21:00:00Z,30,,,,0.231633,0.223,0.242,26.013333,25.6,26.7,4.0293,4.029,4.032,5057,5086,0,0,0,0
2023-02-06T22:00:00Z,29,,,,0.232414,0.223,0.243,25.962069,25.6,26.5,4.029828,4.029,4.032,5087,5115,0,0,0,0
2023-02-06T23:00:00Z,29,,,,0.233586,0.224,0.242,25.996552,25.6,26.6,4.029759,4.029,4.032,5116,5144,0,0,0,0
2023-02-07T00:00:00Z,29,,,,0.232276,0.223,0.242,25.824138,25.3,26.3,4.029448,4.027,4.032,5145,5173,0,0,0,0
2023-02-07T01:00:00Z,30,,,,0.233333,0.223,0.245,25.746667,25.2,26.2,4.029633,4.029,4.032,5174,5203,0,0,0,0
2023-02-07T02:00:00Z,29,,,,0.233103,0.223,0.242,25.57931,24.8,25.9,4.029207,4.027,4.031,5204,5232,0,0,0,0
2023-02-07T03:00:00Z,29,,,,0.233276,0.223,0.244,25.482759,24.7,25.9,4.029207,4.027,4.031,5233,5261,0,0,0,0
2023-02-07T04:00:00Z,29,,,,0.233655,0.223,0.245,25.431034,24.7,25.9,4.029172,4.027,4.032,5262,5290,0,0,0,0
2023-02-07T05:00:00Z,30,,,,0.232,0.223,0.242,25.416667,24.7,25.9,4.028867,4.027,4.031,5291,5320,0,0,0,0
2023-02-07T06:00:00Z,29,,,,0.232586,0.223,0.242,25.334483,24.7,25.9,4.028379,4.027,4.031,5321,5349,0,0,0,0
2023-02-07T07:00:00Z,29,,,,0.23231,0.223,0.243,25.593103,24.9,26.2,4.028172,4.027,4.031,5350,5378,0,0,0,0
2023-02-07T08:00:00Z,29,,,,0.231828,0.223,0.242,25.531034,24.9,26,4.02769,4.027,4.029,5379,5407,0,0,0,0
2023-02-07T09:00:00Z,29,,,,0.234241,0.223,0.242,25.693103,24.7,26.1,4.027828,4.027,4.029,5408,5436,0,0,0,0
2023-02-07T10:00:00Z,30,,,,0.2335,0.223,0.242,25.61,24.8,25.9,4.0274,4.027,4.029,5437,5466,0,0,0,0
2023-02-07T11:00:00Z,29,,,,0.227828,0.223,0.241,25.272414,24.8,25.9,4.027966,4.027,4.029,5467,5495,0,0,0,0
2023-02-07T12:00:00Z,29,,,,0.230931,0.223,0.242,25.437931,24.8,25.9,4.027517,4.026,4.029,5496,5524,0,0,0,0
2023-02-07T13:00:00Z,28,,,,0.234429,0.223,0.244,25.567857,24.7,26,4.027286,4.027,4.029,5525,5553,0,0,0,0
2023-02-07T14:00:00Z,27,,,,0.233259,0.218,0.254,25.307407,24.3,26.6,4.027444,4.027,4.029,5554,5582,0,0,0,0
2023-02-07T15:00:00Z,28,,,,0.230929,0.218,0.253,25.585714,24.4,27,4.027107,4.026,4.029,5584,5611,0,0,0,0
2023-02-07T16:00:00Z,30,,,,0.2342,0.223,0.245,26.423333,25.8,27.2,4.027367,4.026,4.029,5612,5641,0,0,0,0
2023-02-07T17:00:00Z,29,,,,0.232345,0.222,0.243,26.317241,25.7,27.1,4.027241,4.026,4.029,5642,5670,0,0,0,0
2023-02-07T18:00:00Z,29,,,,0.233621,0.222,0.245,25.972414,25.2,26.5,4.027345,4.026,4.029,5671,5699,0,0,0,0
2023-02-07T19:00:00Z,29,,,,0.233069,0.223,0.243,25.693103,25,26.2,4.026793,4.026,4.027,5700,5728,0,0,0,0
2023-02-07T20:00:00Z,29,,,,0.234034,0.222,0.246,25.62069,25,26.2,4.026517,4.026,4.027,5729,5757,0,0,0,0
2023-02-07T21:00:00Z,30,,,,0.232,0.223,0.246,25.723333,25.1,26.2,4.026667,4.026,4.027,5758,5787,0,0,0,0
2023-02-07T22:00:00Z,29,,,,0.23069,0.223,0.243,25.67931,25.2,26.2,4.026655,4.026,4.027,5788,5816,0,0,0,0
2023-02-07T23:00:00Z,29,,,,0.233379,0.223,0.244,25.727586,25.2,26,4.026414,4.026,4.027,5817,5845,0,0,0,0
2023-02-08T00:00:00Z,29,,,,0.234172,0.223,0.245,25.631034,25,25.9,4.026379,4.024,4.027,5846,5874,0,0,0,0
2023-02-08T01:00:00Z,29,,,,0.231862,0.223,0.242,25.496552,24.8,25.9,4.025621,4.024,4.027,5875,5903,0,0,0,0
2023-02-08T02:00:00Z,30,,,,0.2327,0.223,0.242,25.44,24.8,25.9,4.0246,4.022,4.027,5904,5933,0,0,0,0
2023-02-08T03:00:00Z,29,,,,0.23469,0.223,0.243,25.493103,24.7,25.9,4.024379,4.022,4.027,5934,5962,0,0,0,0
2023-02-08T04:00:00Z,29,,,,0.231034,0.223,0.241,25.717241,25.2,26,4.02431,4.022,4.027,5963,5991,0,0,0,0
2023-02-08T05:00:00Z,28,,,,0.231821,0.223,0.241,25.803571,25.4,26.2,4.024321,4.022,4.027,5992,6020,0,0,0,0
2023-02-08T06:00:00Z,29,,,,0.230966,0.223,0.24,25.893103,25.5,26.6,4.024276,4.022,4.026,6021,6049,0,0,0,0
2023-02-08T07:00:00Z,30,,,,0.233,0.223,0.241,26.256667,25.8,27,4.022967,4.019,4.026,6050,6079,0,0,0,0
2023-02-08T08:00:00Z,29,,,,0.231103,0.223,0.242,26.303448,25.8,27,4.023586,4.021,4.026,6080,6108,0,0,0,0
2023-02-08T09:00:00Z,29,,,,0.23331,0.223,0.242,26.303448,25.8,27,4.022828,4.021,4.026,6109,6137,0,0,0,0
2023-02-08T10:00:00Z,28,,,,0.229143,0.223,0.24,26.271429,25.9,26.8,4.021929,4.019,4.026,6138,6166,0,0,0,0
2023-02-08T11:00:00Z,29,,,,0.231034,0.223,0.241,26.572414,26,27.1,4.021379,4.019,4.024,6167,6195,0,0,0,0
2023-02-08T12:00:00Z,30,,,,0.2304,0.223,0.239,26.42,25.9,27.1,4.0206,4.019,4.024,6196,6225,0,0,0,0
2023-02-08T13:00:00Z,29,,,,0.231517,0.223,0.242,26.558621,25.9,27.2,4.020517,4.017,4.026,6226,6254,0,0,0,0
2023-02-08T14:00:00Z,29,,,,0.232379,0.223,0.241,26.527586,25.9,27.1,4.020724,4.017,4.024,6255,6283,0,0,0,0
2023-02-08T15:00:00Z,29,,,,0.232414,0.223,0.241,26.475862,25.8,27.1,4.018966,4.016,4.024,6284,6312,0,0,0,0
2023-02-08T16:00:00Z,29,,,,0.230931,0.223,0.241,26.310345,25.9,27,4.018207,4.014,4.022,6313,6341,0,0,0,0
2023-02-08T17:00:00Z,30,,,,0.2321,0.223,0.242,26.15,25.7,26.9,4.017733,4.012,4.021,6342,6371,0,0,0,0
2023-02-08T18:00:00Z,29,,,,0.232207,0.223,0.241,25.924138,25.7,26.3,4.017724,4.012,4.021,6372,6400,0,0,0,0
2023-02-08T19:00:00Z,29,,,,0.231414,0.224,0.242,25.831034,25.5,26.2,4.017,4.014,4.021,6401,6429,0,0,0,0
2023-02-08T20:00:00Z,19,,,,0.233316,0.223,0.241,25.831579,25.5,26.1,4.016842,4.014,4.021,6430,6457,0,0,0,0
2023-02-08T21:00:00Z,6,,,,0.2335,0.225,0.241,25.766667,25.7,25.8,4.0115,4.011,4.012,6458,6484,0,0,0,0
2023-02-08T22:00:00Z,29,,,,0.231621,0.224,0.242,25.775862,25.3,26.2,4.012241,4.011,4.016,6485,6513,0,0,0,0
2023-02-08T23:00:00Z,30,,,,0.233167,0.225,0.241,25.86,25.5,26.2,4.0118,4.009,4.014,6514,6543,0,0,0,0
2023-02-09T00:00:00Z,29,,,,0.232414,0.223,0.241,25.762069,25.4,26.1,4.010862,4.007,4.014,6544,6572,0,0,0,0
2023-02-09T01:00:00Z,29,,,,0.233897,0.224,0.243,25.689655,25.2,26.1,4.010345,4.007,4.014,6573,6601,0,0,0,0
2023-02-09T02:00:00Z,28,,,,0.231929,0.223,0.241,25.535714,25.1,25.9,4.009929,4.007,4.012,6602,6630,0,0,0,0
2023-02-09T03:00:00Z,29,,,,0.232103,0.224,0.24,25.7,25.2,26,4.009931,4.007,4.012,6631,6659,0,0,0,0
2023-02-09T04:00:00Z,30,,,,0.230933,0.223,0.239,25.8,25.3,26.3,4.0085,4.006,4.012,6660,6689,0,0,0,0
2023-02-09T05:00:00Z,29,,,,0.230517,0.223,0.239,25.958621,25.7,26.4,4.007862,4.006,4.011,6690,6718,0,0,0,0
2023-02-09T06:00:00Z,29,,,,0.232828,0.223,0.24,25.851724,25.5,26.3,4.006793,4.004,4.009,6719,6747,0,0,0,0
2023-02-09T07:00:00Z,28,,,,0.231857,0.223,0.242,25.960714,25.6,26.2,4.006321,4.004,4.011,6748,6776,0,0,0,0
2023-02-09T08:00:00Z,28,,,,0.231893,0.223,0.242,25.921429,25.5,26.5,4.004607,4.003,4.007,6777,6805,0,0,0,0
2023-02-09T09:00:00Z,29,,,,0.231793,0.223,0.24,26.013793,25.7,26.4,4.004517,4.003,4.007,6806,6834,0,0,0,0
2023-02-09T10:00:00Z,29,,,,0.23131,0.223,0.24,26.017241,25.7,26.5,4.003276,4.001,4.006,6835,6863,0,0,0,0
2023-02-09T11:00:00Z,24,,,,0.232375,0.223,0.24,25.979167,25.6,26.5,4.002417,3.999,4.006,6864,6891,0,0,0,0
2023-02-09T12:00:00Z,26,,,,0.2315,0.223,0.24,26.323077,25.8,26.9,4.001231,3.999,4.004,6893,6921,0,0,0,0
2023-02-09T13:00:00Z,29,,,,0.231379,0.223,0.24,26.227586,25.8,26.8,4.000897,3.999,4.004,6922,6950,0,0,0,0
2023-02-09T14:00:00Z,29,,,,0.231655,0.223,0.24,26.655172,26,27.3,4.000276,3.998,4.003,6951,6979,0,0,0,0
2023-02-09T15:00:00Z,30,,,,0.2323,0.223,0.242,26.443333,25.9,27.1,3.999567,3.998,4.003,6980,7009,0,0,0,0
2023-02-09T16:00:00Z,29,,,,0.232,0.223,0.241,26.437931,25.8,27,3.999103,3.998,4.001,7010,7038,0,0,0,0
2023-02-09T17:00:00Z,29,,,,0.231345,0.223,0.242,26.475862,25.9,27.1,3.998621,3.996,4.001,7039,7067,0,0,0,0
2023-02-09T18:00:00Z,29,,,,0.231448,0.223,0.239,26.162069,25.8,26.8,3.998138,3.996,3.999,7068,7096,0,0,0,0
2023-02-09T19:00:00Z,29,,,,0.231448,0.223,0.242,26.058621,25.7,26.5,3.996621,3.993,4.001,7097,7125,0,0,0,0
2023-02-09T20:00:00Z,29,,,,0.232759,0.224,0.24,26.013793,25.7,26.6,3.994966,3.991,3.998,7126,7155,0,0,0,0
2023-02-09T21:00:00Z,28,,,,0.230786,0.224,0.241,26.146429,25.7,27.1,3.994036,3.989,3.998,7156,7184,0,0,0,0
2023-02-09T22:00:00Z,29,,,,0.230966,0.224,0.24,26.034483,25.6,26.5,3.991724,3.988,3.994,7185,7213,0,0,0,0
2023-02-09T23:00:00Z,29,,,,0.230414,0.224,0.24,25.868966,25.5,26.2,3.989207,3.986,3.993,7214,7242,0,0,0,0
2023-02-10T00:00:00Z,29,,,,0.233621,0.224,0.24,25.868966,25.5,26.2,3.989345,3.986,3.993,7243,7271,0,0,0,0
2023-02-10T01:00:00Z,29,,,,0.232034,0.223,0.242,25.744828,25.3,26.2,3.987862,3.984,3.993,7272,7300,0,0,0,0
2023-02-10T02:00:00Z,29,,,,0.231586,0.224,0.242,25.768966,25.2,26.1,3.985517,3.983,3.991,7301,7330,0,0,0,0
2023-02-10T03:00:00Z,29,,,,0.233034,0.224,0.242,25.886207,25.4,26.3,3.984103,3.983,3.988,7331,7359,0,0,0,0
2023-02-10T04:00:00Z,29,,,,0.231655,0.223,0.242,26.034483,25.7,26.7,3.983517,3.981,3.986,7360,7388,0,0,0,0
2023-02-10T05:00:00Z,29,,,,0.231828,0.224,0.242,26.458621,25.8,27.2,3.981345,3.979,3.986,7389,7417,0,0,0,0
2023-02-10T06:00:00Z,29,,,,0.231621,0.224,0.24,26.934483,26.2,27.4,3.980448,3.978,3.984,7418,7446,0,0,0,0
2023-02-10T07:00:00Z,30,,,,0.233133,0.223,0.242,27.206667,26.7,27.7,3.979233,3.978,3.983,7447,7476,0,0,0,0
2023-02-10T08:00:00Z,27,,,,0.231,0.223,0.242,27.240741,26.5,28.5,3.977963,3.976,3.981,7477,7505,0,0,0,0
2023-02-10T09:00:00Z,28,,,,0.234,0.223,0.241,27.196429,26.7,27.7,3.977071,3.976,3.979,7506,7534,0,0,0,0
2023-02-10T10:00:00Z,29,,,,0.231586,0.223,0.239,26.993103,26.5,27.3,3.976207,3.974,3.978,7535,7563,0,0,0,0
2023-02-10T11:00:00Z,29,,,,0.230448,0.223,0.242,26.931034,26.4,27.2,3.974966,3.974,3.978,7564,7592,0,0,0,0
2023-02-10T12:00:00Z,29,,,,0.230345,0.223,0.242,26.727586,26.2,27.2,3.974448,3.973,3.976,7593,7621,0,0,0,0
2023-02-10T13:00:00Z,30,,,,0.2327,0.223,0.241,26.806667,26.2,27.2,3.9732,3.971,3.974,7622,7651,0,0,0,0
2023-02-10T14:00:00Z,29,,,,0.229828,0.223,0.241,26.648276,26.2,27.2,3.973172,3.971,3.974,7652,7680,0,0,0,0
2023-02-10T15:00:00Z,29,,,,0.232,0.223,0.24,26.824138,26.2,27.9,3.97169,3.968,3.974,7681,7709,0,0,0,0
2023-02-10T16:00:00Z,29,,,,0.231103,0.223,0.241,26.810345,26.1,27.2,3.970207,3.968,3.973,7710,7738,0,0,0,0
2023-02-10T17:00:00Z,30,,,,0.231533,0.223,0.239,26.77,26.2,27.3,3.968733,3.966,3.971,7739,7768,0,0,0,0
2023-02-10T18:00:00Z,29,,,,0.231517,0.223,0.241,26.589655,26,27.2,3.965966,3.963,3.97,7769,7797,0,0,0,0
2023-02-10T19:00:00Z,29,,,,0.232241,0.223,0.241,26.517241,25.9,27.1,3.963,3.96,3.968,7798,7826,0,0,0,0
2023-02-10T20:00:00Z,29,,,,0.232621,0.224,0.241,26.610345,26,27.1,3.961345,3.96,3.966,7827,7855,0,0,0,0
2023-02-10T21:00:00Z,8,,,,0.23025,0.224,0.24,26.4125,25.9,26.8,3.959125,3.958,3.961,7856,7879,0,0,0,0
2023-02-10T22:00:00Z,2,,,,0.2325,0.226,0.239,26.05,25.9,26.2,3.949,3.948,3.95,7899,7908,0,0,0,0
2023-02-10T23:00:00Z,30,,,,0.2333,0.224,0.242,26.403333,25.8,27,3.949767,3.946,3.953,7909,7938,0,0,0,0
2023-02-11T00:00:00Z,29,,,,0.233897,0.224,0.24,26.441379,25.8,27.2,3.949414,3.946,3.953,7939,7967,0,0,0,0
2023-02-11T01:00:00Z,29,,,,0.23031,0.224,0.24,25.986207,25.7,26.5,3.947069,3.946,3.951,7968,7996,0,0,0,0
2023-02-11T02:00:00Z,29,,,,0.232586,0.224,0.241,25.924138,25.7,26.3,3.946759,3.945,3.95,7997,8025,0,0,0,0
2023-02-11T03:00:00Z,30,,,,0.2301,0.223,0.239,25.87,25.6,26.2,3.945867,3.945,3.948,8026,8055,0,0,0,0
2023-02-11T04:00:00Z,29,,,,0.231552,0.224,0.24,25.906897,25.6,26.3,3.944241,3.941,3.946,8056,8084,0,0,0,0
2023-02-11T05:00:00Z,29,,,,0.230862,0.223,0.239,25.996552,25.7,26.4,3.942034,3.94,3.945,8085,8113,0,0,0,0
2023-02-11T06:00:00Z,29,,,,0.230828,0.224,0.239,25.97931,25.7,26.4,3.941724,3.94,3.946,8114,8142,0,0,0,0
2023-02-11T07:00:00Z,29,,,,0.231207,0.223,0.242,26.010345,25.7,26.5,3.940345,3.937,3.943,8143,8171,0,0,0,0
2023-02-11T08:00:00Z,30,,,,0.231067,0.223,0.241,25.95,25.7,26.5,3.938533,3.935,3.943,8172,8201,0,0,0,0
2023-02-11T09:00:00Z,29,,,,0.232379,0.223,0.24,26.103448,25.7,27.2,3.937207,3.935,3.941,8202,8230,0,0,0,0
2023-02-11T10:00:00Z,29,,,,0.232241,0.224,0.24,26.572414,25.8,27.8,3.935379,3.932,3.938,8231,8259,0,0,0,0
2023-02-11T11:00:00Z,29,,,,0.233793,0.223,0.242,26.468966,25.8,27.2,3.933828,3.932,3.938,8260,8288,0,0,0,0
2023-02-11T12:00:00Z,30,,,,0.2322,0.223,0.242,26.026667,25.7,26.4,3.9324,3.93,3.935,8289,8318,0,0,0,0
2023-02-11T13:00:00Z,26,,,,0.231615,0.224,0.239,25.942308,25.7,26.4,3.931115,3.928,3.935,8319,8347,0,0,0,0
2023-02-11T14:00:00Z,29,,,,0.231414,0.224,0.24,25.910345,25.2,26.5,3.928379,3.925,3.933,8348,8376,0,0,0,0
2023-02-11T15:00:00Z,29,,,,0.23431,0.226,0.243,24.603448,23.3,25.7,3.926552,3.923,3.928,8377,8405,0,0,0,0
2023-02-11T16:00:00Z,28,,,,0.235,0.227,0.244,24.021429,23.2,24.6,3.925464,3.923,3.928,8406,8434,0,0,0,0
2023-02-11T17:00:00Z,29,,,,0.234448,0.226,0.243,23.662069,22.4,24.4,3.924241,3.923,3.927,8435,8463,0,0,0,0
2023-02-11T18:00:00Z,30,,,,0.234,0.225,0.242,25.193333,23,28.7,3.923933,3.923,3.927,8464,8493,0,0,0,0
2023-02-11T19:00:00Z,29,,,,0.232552,0.224,0.244,24.955172,24.3,25.6,3.923552,3.923,3.925,8494,8522,0,0,0,0
2023-02-11T20:00:00Z,28,,,,0.231179,0.224,0.244,25.171429,24.5,25.8,3.923,3.922,3.925,8523,8551,0,0,0,0
2023-02-11T21:00:00Z,26,,,,0.234769,0.224,0.242,25.192308,24.6,25.8,3.922577,3.922,3.923,8552,8580,0,0,0,0
2023-02-11T22:00:00Z,29,,,,0.232483,0.224,0.244,25.12069,24.5,25.8,3.922241,3.922,3.923,8581,8609,0,0,0,0
2023-02-11T23:00:00Z,30,,,,0.2322,0.224,0.241,25.19,24.7,25.8,3.922033,3.92,3.923,8610,8639,0,0,0,0
2023-02-12T00:00:00Z,29,,,,0.233724,0.224,0.243,25.427586,24.7,25.8,3.921793,3.92,3.922,8640,8668,0,0,0,0
2023-02-12T01:00:00Z,29,,,,0.232345,0.224,0.242,25.62069,25.1,26.1,3.921,3.92,3.923,8669,8697,0,0,0,0
2023-02-12T02:00:00Z,29,,,,0.231586,0.223,0.246,25.789655,25.2,26.5,3.92031,3.917,3.922,8698,8726,0,0,0,0
2023-02-12T03:00:00Z,30,,,,0.233667,0.223,0.246,25.093333,23.6,26.8,3.919433,3.917,3.922,8727,8756,0,0,0,0
2023-02-12T04:00:00Z,29,,,,0.237207,0.224,0.247,24.093103,23.2,24.7,3.917069,3.915,3.92,8757,8785,0,0,0,0
2023-02-12T05:00:00Z,29,,,,0.237379,0.226,0.247,23.893103,23,24.6,3.914621,3.913,3.918,8786,8814,0,0,0,0
2023-02-12T06:00:00Z,29,,,,0.234034,0.225,0.247,23.593103,22.8,24.4,3.914034,3.912,3.918,8815,8843,0,0,0,0
2023-02-12T07:00:00Z,29,,,,0.23431,0.226,0.245,23.510345,22.3,24.6,3.913138,3.91,3.917,8844,8872,0,0,0,0
2023-02-12T08:00:00Z,30,,,,0.232967,0.223,0.243,24.466667,23.6,25.8,3.912633,3.908,3.917,8873,8902,0,0,0,0
2023-02-12T09:00:00Z,29,,,,0.231517,0.225,0.241,24.731034,24.3,25.5,3.911,3.907,3.915,8903,8931,0,0,0,0
2023-02-12T10:00:00Z,29,,,,0.230828,0.224,0.242,25.134483,24.5,25.8,3.909828,3.907,3.913,8932,8960,0,0,0,0
2023-02-12T11:00:00Z,29,,,,0.23269,0.224,0.244,25.455172,24.7,26,3.909552,3.907,3.913,8961,8989,0,0,0,0
2023-02-12T12:00:00Z,28,,,,0.232857,0.224,0.241,25.442857,24.7,25.9,3.908143,3.905,3.912,8990,9018,0,0,0,0
2023-02-12T13:00:00Z,26,,,,0.232462,0.224,0.243,25.661538,25.2,26.2,3.908269,3.905,3.912,9019,9047,0,0,0,0
2023-02-12T14:00:00Z,28,,,,0.231393,0.223,0.242,25.539286,25.1,26,3.906536,3.904,3.91,9048,9076,0,0,0,0
2023-02-12T15:00:00Z,29,,,,0.231759,0.223,0.242,25.610345,24.9,26,3.905621,3.902,3.908,9077,9105,0,0,0,0
2023-02-12T16:00:00Z,30,,,,0.2317,0.224,0.236,26.163333,25.6,26.9,3.9049,3.902,3.908,9106,9135,0,0,0,0
2023-02-12T17:00:00Z,29,,,,0.232655,0.223,0.242,26.189655,25.7,26.8,3.903931,3.902,3.907,9136,9164,0,0,0,0
2023-02-12T18:00:00Z,29,,,,0.233379,0.223,0.242,25.993103,25.7,26.5,3.903069,3.899,3.905,9165,9193,0,0,0,0
2023-02-12T19:00:00Z,29,,,,0.234345,0.223,0.244,25.962069,25.4,26.3,3.902897,3.9,3.905,9194,9222,0,0,0,0
2023-02-12T20:00:00Z,29,,,,0.231069,0.223,0.24,25.875862,25.5,26.4,3.901379,3.899,3.905,9223,9251,0,0,0,0
2023-02-12T21:00:00Z,25,,,,0.23064,0.223,0.24,26.24,25.8,27.1,3.9002,3.897,3.904,9252,9279,0,0,0,0
2023-02-12T22:00:00Z,7,,,,0.229857,0.223,0.239,26.042857,25.8,26.4,3.897571,3.895,3.9,9283,9307,0,0,0,0
2023-02-12T23:00:00Z,29,,,,0.232862,0.224,0.24,25.672414,24.9,26.2,3.896724,3.895,3.899,9308,9336,0,0,0,0
2023-02-13T00:00:00Z,29,,,,0.231069,0.223,0.242,25.327586,24.7,25.9,3.89569,3.895,3.899,9337,9365,0,0,0,0
2023-02-13T01:00:00Z,29,,,,0.232931,0.223,0.242,25.527586,24.9,25.9,3.895069,3.894,3.897,9366,9394,0,0,0,0
2023-02-13T02:00:00Z,29,,,,0.232621,0.223,0.24,25.586207,24.9,26,3.894345,3.894,3.895,9395,9423,0,0,0,0
2023-02-13T03:00:00Z,29,,,,0.231241,0.224,0.242,25.758621,25.2,26.2,3.894345,3.894,3.895,9424,9452,0,0,0,0
2023-02-13T04:00:00Z,28,,,,0.231107,0.223,0.24,26.264286,25.8,27.1,3.893571,3.89,3.895,9453,9480,0,0,0,0
2023-02-13T05:00:00Z,24,,,,0.23075,0.223,0.239,26.466667,25.8,27.2,3.892875,3.89,3.895,9481,9509,0,0,0,0
2023-02-13T06:00:00Z,29,,,,0.23169,0.223,0.241,26.144828,25.7,26.7,3.892207,3.89,3.894,9510,9538,0,0,0,0
2023-02-13T07:00:00Z,29,,,,0.231,0.223,0.242,26.162069,25.7,27.1,3.892241,3.89,3.895,9539,9567,0,0,0,0
2023-02-13T08:00:00Z,29,,,,0.231655,0.223,0.24,26.648276,25.9,27.2,3.890966,3.887,3.894,9568,9596,0,0,0,0
2023-02-13T09:00:00Z,28,,,,0.231321,0.223,0.239,26.878571,26.3,27.3,3.890179,3.887,3.894,9597,9624,0,0,0,0
2023-02-13T10:00:00Z,29,,,,0.231345,0.223,0.241,26.737931,26,27.4,3.889862,3.887,3.894,9625,9653,0,0,0,0
2023-02-13T11:00:00Z,29,,,,0.231724,0.223,0.241,26.555172,25.9,27.2,3.888793,3.885,3.892,9654,9682,0,0,0,0
2023-02-13T12:00:00Z,24,,,,0.230292,0.223,0.239,26.416667,26,27.1,3.887917,3.884,3.892,9683,9710,0,0,0,0
2023-02-13T13:00:00Z,23,,,,0.232043,0.224,0.239,26.482609,25.8,27.5,3.88687,3.884,3.889,9713,9739,0,0,0,0
2023-02-13T14:00:00Z,29,,,,0.23331,0.223,0.241,26.037931,24.7,26.8,3.885931,3.882,3.889,9740,9768,0,0,0,0
2023-02-13T15:00:00Z,29,,,,0.233138,0.221,0.247,25.006897,23.6,25.8,3.882448,3.88,3.887,9769,9797,0,0,0,0
2023-02-13T16:00:00Z,30,,,,0.233467,0.218,0.251,24.566667,22.7,25.7,3.882967,3.88,3.887,9798,9827,0,0,0,0
2023-02-13T17:00:00Z,29,,,,0.230586,0.218,0.249,24.703448,23.3,26.1,3.883345,3.88,3.887,9828,9856,0,0,0,0
2023-02-13T18:00:00Z,28,,,,0.236393,0.218,0.252,25.296429,24.3,26.2,3.882107,3.879,3.885,9857,9884,0,0,0,0
2023-02-13T19:00:00Z,29,,,,0.229138,0.218,0.25,25.168966,24.2,26.2,3.88131,3.879,3.885,9885,9913,0,0,0,0
2023-02-13T20:00:00Z,29,,,,0.236034,0.219,0.251,25.151724,24.2,26.1,3.880448,3.879,3.884,9914,9942,0,0,0,0
2023-02-13T21:00:00Z,28,,,,0.2355,0.217,0.251,25.353571,24.3,26.2,3.880536,3.877,3.884,9943,9970,0,0,0,0
2023-02-13T22:00:00Z,28,,,,0.23425,0.218,0.252,25.342857,24.4,26,3.879464,3.877,3.882,9971,9999,0,0,0,0
2023-02-13T23:00:00Z,28,,,,0.231929,0.219,0.25,25.003571,24.1,25.9,3.877857,3.875,3.88,10000,10027,0,0,0,0
2023-02-14T00:00:00Z,29,,,,0.233172,0.222,0.245,25.527586,24.5,26.3,3.878241,3.875,3.882,10028,10056,0,0,0,0
2023-02-14T01:00:00Z,29,,,,0.234276,0.223,0.244,25.989655,25.4,26.7,3.87831,3.875,3.882,10057,10085,0,0,0,0
2023-02-14T02:00:00Z,28,,,,0.23075,0.222,0.248,26.117857,25.7,27,3.877179,3.874,3.88,10086,10113,0,0,0,0
2023-02-14T03:00:00Z,29,,,,0.231724,0.221,0.244,26.237931,25.7,27,3.877,3.875,3.88,10114,10142,0,0,0,0
2023-02-14T04:00:00Z,28,,,,0.234679,0.221,0.244,26.482143,25.7,27.2,3.875893,3.874,3.879,10143,10171,0,0,0,0
2023-02-14T05:00:00Z,19,,,,0.232789,0.222,0.243,27.005263,26.3,27.6,3.875579,3.874,3.879,10173,10199,0,0,0,0
2023-02-14T06:00:00Z,28,,,,0.233321,0.221,0.246,26.785714,25.9,27.5,3.875179,3.874,3.879,10200,10228,0,0,0,0
2023-02-14T07:00:00Z,28,,,,0.234107,0.222,0.246,26.675,26,27.2,3.874964,3.872,3.877,10229,10256,0,0,0,0
2023-02-14T08:00:00Z,29,,,,0.233379,0.221,0.246,26.731034,26,27.3,3.874172,3.872,3.877,10257,10285,0,0,0,0
2023-02-14T09:00:00Z,29,,,,0.233379,0.221,0.244,26.524138,25.8,27.2,3.873379,3.872,3.875,10286,10314,0,0,0,0
2023-02-14T10:00:00Z,28,,,,0.230607,0.221,0.244,26.517857,25.8,27.2,3.873,3.872,3.875,10315,10342,0,0,0,0
2023-02-14T11:00:00Z,26,,,,0.232,0.222,0.246,26.580769,25.8,27.2,3.872692,3.871,3.875,10345,10371,0,0,0,0
2023-02-14T12:00:00Z,29,,,,0.232172,0.221,0.243,26.175862,25.8,27,3.872138,3.871,3.874,10372,10400,0,0,0,0
2023-02-14T13:00:00Z,30,,,,0.2335,0.222,0.245,26.356667,25.6,27.1,3.871933,3.871,3.874,10401,10430,0,0,0,0
2023-02-14T14:00:00Z,29,,,,0.23169,0.222,0.242,26.051724,25.7,26.7,3.871897,3.871,3.874,10431,10459,0,0,0,0
2023-02-14T15:00:00Z,29,,,,0.234276,0.222,0.244,26.106897,25.5,26.8,3.871172,3.869,3.872,10460,10488,0,0,0,0
2023-02-14T16:00:00Z,29,,,,0.233966,0.221,0.245,26.87931,25.7,27.8,3.871586,3.871,3.874,10489,10517,0,0,0,0
2023-02-14T17:00:00Z,29,,,,0.235276,0.222,0.244,27.044828,26,28.2,3.871103,3.869,3.872,10518,10546,0,0,0,0
2023-02-14T18:00:00Z,29,,,,0.230379,0.222,0.242,26.631034,26,27.3,3.871,3.869,3.872,10547,10575,0,0,0,0
2023-02-14T19:00:00Z,28,,,,0.231429,0.223,0.242,26.439286,25.8,27.2,3.870893,3.869,3.872,10576,10603,0,0,0,0
2023-02-14T20:00:00Z,29,,,,0.231966,0.223,0.242,26.244828,25.8,27.1,3.870069,3.869,3.872,10604,10632,0,0,0,0
2023-02-14T21:00:00Z,29,,,,0.233,0.223,0.243,26.044828,25.7,26.7,3.86969,3.869,3.871,10633,10661,0,0,0,0
2023-02-14T22:00:00Z,28,,,,0.231143,0.223,0.242,25.932143,25.6,26.5,3.869286,3.869,3.871,10662,10689,0,0,0,0
2023-02-14T23:00:00Z,25,,,,0.23408,0.223,0.245,26.056,25.7,26.9,3.86924,3.867,3.871,10690,10718,0,0,0,0
2023-02-15T00:00:00Z,25,,,,0.22924,0.22,0.247,25.916,25.2,26.7,3.86844,3.867,3.869,10719,10746,0,0,0,0
2023-02-15T01:00:00Z,25,,,,0.2322,0.22,0.247,25.928,25.2,26.7,3.86808,3.866,3.869,10747,10774,0,0,0,0
2023-02-15T02:00:00Z,10,,,,0.2316,0.22,0.247,25.92,25.4,26.7,3.8678,3.867,3.869,10776,10793,0,0,0,0
2023-02-15T04:00:00Z,27,,,,0.233481,0.219,0.249,26.096296,25.3,26.9,3.865593,3.862,3.867,10831,10857,0,0,0,0
2023-02-15T05:00:00Z,30,,,,0.2311,0.22,0.248,25.866667,25.3,26.7,3.864633,3.862,3.867,10858,10887,0,0,0,0
2023-02-15T06:00:00Z,29,,,,0.234828,0.22,0.247,26.048276,25.3,26.9,3.863621,3.861,3.867,10888,10916,0,0,0,0
2023-02-15T07:00:00Z,29,,,,0.231448,0.22,0.249,26.02069,25.3,26.8,3.862966,3.862,3.866,10917,10945,0,0,0,0
2023-02-15T08:00:00Z,29,,,,0.235828,0.22,0.249,26.251724,25.3,26.9,3.862345,3.859,3.866,10946,10974,0,0,0,0
2023-02-15T09:00:00Z,29,,,,0.232276,0.219,0.247,25.872414,25.1,26.7,3.862034,3.859,3.866,10975,11003,0,0,0,0
2023-02-15T10:00:00Z,30,,,,0.236,0.22,0.248,26.14,25.3,26.8,3.861267,3.857,3.864,11004,11033,0,0,0,0
2023-02-15T11:00:00Z,27,,,,0.232481,0.22,0.247,26,25.2,26.7,3.860519,3.856,3.864,11034,11062,0,0,0,0
2023-02-15T12:00:00Z,29,,,,0.232,0.219,0.247,25.972414,25.1,26.8,3.859517,3.856,3.862,11063,11091,0,0,0,0
2023-02-15T13:00:00Z,29,,,,0.231621,0.22,0.247,25.782759,25.1,26.6,3.858759,3.856,3.862,11092,11120,0,0,0,0
2023-02-15T14:00:00Z,29,,,,0.236966,0.219,0.247,26.024138,25.2,26.7,3.859034,3.856,3.862,11121,11149,0,0,0,0
2023-02-15T15:00:00Z,30,,,,0.233567,0.219,0.247,25.88,25.2,26.7,3.8583,3.856,3.862,11150,11179,0,0,0,0
2023-02-15T16:00:00Z,29,,,,0.233828,0.22,0.247,25.717241,25,26.6,3.857552,3.854,3.861,11180,11208,0,0,0,0
2023-02-15T17:00:00Z,29,,,,0.235621,0.221,0.248,25.555172,24.7,26.6,3.855448,3.852,3.861,11209,11237,0,0,0,0
2023-02-15T18:00:00Z,29,,,,0.237862,0.223,0.251,24.837931,23.6,25.8,3.854793,3.852,3.859,11238,11266,0,0,0,0
2023-02-15T19:00:00Z,30,,,,0.234667,0.223,0.25,24.246667,23.3,25.1,3.8533,3.851,3.857,11267,11296,0,0,0,0
2023-02-15T20:00:00Z,29,,,,0.233655,0.221,0.248,24.403448,22.8,25.7,3.85231,3.851,3.854,11297,11325,0,0,0,0
2023-02-15T21:00:00Z,29,,,,0.234414,0.221,0.247,25.234483,24.4,26,3.853034,3.851,3.857,11326,11354,0,0,0,0
2023-02-15T22:00:00Z,29,,,,0.232,0.221,0.246,25.593103,24.7,26.5,3.852276,3.851,3.856,11355,11383,0,0,0,0
2023-02-15T23:00:00Z,30,,,,0.2325,0.223,0.247,24.93,23.7,26.3,3.850967,3.849,3.854,11384,11413,0,0,0,0
2023-02-16T00:00:00Z,29,,,,0.232793,0.224,0.247,23.913793,22.9,24.7,3.849931,3.846,3.852,11414,11442,0,0,0,0
2023-02-16T01:00:00Z,28,,,,0.233357,0.223,0.245,24.278571,22.9,25.7,3.849321,3.847,3.852,11443,11471,0,0,0,0
2023-02-16T02:00:00Z,29,,,,0.233793,0.223,0.242,25.906897,24.7,27.1,3.850379,3.847,3.854,11472,11500,0,0,0,0
2023-02-16T03:00:00Z,29,,,,0.234241,0.223,0.244,26.882759,26.2,27.2,3.849138,3.846,3.852,11501,11529,0,0,0,0
2023-02-16T04:00:00Z,30,,,,0.232833,0.223,0.242,27.073333,26.5,27.4,3.848,3.846,3.851,11530,11559,0,0,0,0
2023-02-16T05:00:00Z,29,,,,0.232517,0.223,0.242,27.203448,26.7,27.6,3.847897,3.846,3.851,11560,11588,0,0,0,0
2023-02-16T06:00:00Z,29,,,,0.232172,0.223,0.243,27.106897,26.6,27.5,3.846931,3.846,3.849,11589,11617,0,0,0,0
2023-02-16T07:00:00Z,29,,,,0.233345,0.223,0.245,27.051724,26.6,27.4,3.846897,3.844,3.851,11618,11646,0,0,0,0
2023-02-16T08:00:00Z,30,,,,0.233867,0.223,0.242,27.176667,26.8,27.6,3.8462,3.844,3.849,11647,11676,0,0,0,0
2023-02-16T09:00:00Z,29,,,,0.231759,0.222,0.242,27.237931,26.9,27.7,3.845483,3.842,3.849,11677,11705,0,0,0,0
2023-02-16T10:00:00Z,28,,,,0.234607,0.223,0.242,27.25,26.6,28.3,3.844429,3.842,3.849,11706,11734,0,0,0,0
2023-02-16T11:00:00Z,29,,,,0.232276,0.223,0.242,26.858621,26.2,27.2,3.844655,3.842,3.847,11735,11763,0,0,0,0
2023-02-16T12:00:00Z,29,,,,0.232207,0.223,0.242,27.027586,26.7,27.3,3.843414,3.841,3.846,11764,11792,0,0,0,0
2023-02-16T13:00:00Z,29,,,,0.231379,0.223,0.242,26.831034,26.2,27.2,3.84331,3.841,3.846,11793,11821,0,0,0,0
2023-02-16T14:00:00Z,30,,,,0.2362,0.223,0.245,26.386667,25.5,27.2,3.8423,3.841,3.846,11822,11851,0,0,0,0
2023-02-16T15:00:00Z,27,,,,0.235,0.226,0.247,24.907407,24.3,25.8,3.841,3.839,3.842,11852,11880,0,0,0,0
2023-02-16T16:00:00Z,29,,,,0.235586,0.226,0.247,24.124138,23.3,24.8,3.840241,3.839,3.842,11881,11909,0,0,0,0
2023-02-16T17:00:00Z,28,,,,0.235429,0.224,0.247,24.557143,23.3,25.9,3.840107,3.838,3.842,11910,11938,0,0,0,0
2023-02-16T18:00:00Z,29,,,,0.232276,0.223,0.246,26.055172,25.2,26.8,3.839862,3.838,3.842,11939,11967,0,0,0,0
2023-02-16T19:00:00Z,30,,,,0.2349,0.223,0.246,26.693333,26,27.2,3.839433,3.836,3.842,11968,11997,0,0,0,0
2023-02-16T20:00:00Z,29,,,,0.233483,0.223,0.246,26.77931,26.1,27.2,3.839138,3.836,3.841,11998,12026,0,0,0,0
2023-02-16T21:00:00Z,29,,,,0.233793,0.223,0.244,26.893103,26.2,27.2,3.838621,3.836,3.842,12027,12055,0,0,0,0
2023-02-16T22:00:00Z,29,,,,0.234862,0.223,0.246,27.034483,26.1,27.4,3.837552,3.834,3.841,12056,12084,0,0,0,0
2023-02-16T23:00:00Z,29,,,,0.233621,0.223,0.243,27.341379,26.8,28.1,3.836793,3.834,3.839,12085,12113,0,0,0,0
2023-02-17T00:00:00Z,30,,,,0.233167,0.223,0.242,27.51,27.2,28.1,3.836533,3.833,3.839,12114,12143,0,0,0,0
2023-02-17T01:00:00Z,29,,,,0.233793,0.223,0.244,27.848276,27.2,28.3,3.83669,3.834,3.839,12144,12172,0,0,0,0
2023-02-17T02:00:00Z,29,,,,0.23331,0.223,0.245,28.282759,27.7,28.6,3.835552,3.833,3.839,12173,12201,0,0,0,0
2023-02-17T03:00:00Z,28,,,,0.2325,0.223,0.242,28.435714,28,28.9,3.834607,3.833,3.838,12202,12230,0,0,0,0
2023-02-17T04:00:00Z,29,,,,0.232621,0.223,0.242,28.355172,27.9,28.6,3.834,3.829,3.838,12231,12259,0,0,0,0
2023-02-17T05:00:00Z,30,,,,0.232233,0.223,0.243,28.493333,27.9,28.8,3.8322,3.829,3.836,12260,12289,0,0,0,0
2023-02-17T06:00:00Z,29,,,,0.23131,0.223,0.245,28.631034,28.4,29,3.831138,3.828,3.834,12290,12318,0,0,0,0
2023-02-17T07:00:00Z,29,,,,0.231828,0.223,0.242,28.72069,28.5,29.1,3.830655,3.828,3.834,12319,12347,0,0,0,0
2023-02-17T08:00:00Z,29,,,,0.232828,0.222,0.242,28.782759,28.5,29.1,3.830793,3.828,3.834,12348,12376,0,0,0,0
2023-02-17T09:00:00Z,29,,,,0.232517,0.222,0.242,28.606897,28.3,29,3.82931,3.826,3.833,12377,12405,0,0,0,0
2023-02-17T10:00:00Z,30,,,,0.230233,0.222,0.243,28.72,28.4,29.2,3.828633,3.826,3.831,12406,12435,0,0,0,0
2023-02-17T11:00:00Z,29,,,,0.229069,0.222,0.242,28.503448,28,28.9,3.828793,3.826,3.833,12436,12464,0,0,0,0
2023-02-17T12:00:00Z,21,,,,0.23519,0.221,0.245,28.504762,27.8,29.1,3.827333,3.824,3.831,12465,12489,0,0,0,0
2023-02-17T13:00:00Z,24,,,,0.230958,0.222,0.242,27.970833,27.3,28.7,3.824917,3.823,3.828,12498,12521,0,0,0,0
2023-02-17T14:00:00Z,28,,,,0.233143,0.222,0.243,27.614286,27,28.3,3.824821,3.823,3.828,12522,12550,0,0,0,0
2023-02-17T15:00:00Z,29,,,,0.236103,0.223,0.247,26.072414,25,27.1,3.824517,3.821,3.828,12551,12579,0,0,0,0
2023-02-17T16:00:00Z,28,,,,0.237821,0.226,0.248,25.135714,24.5,25.7,3.822393,3.819,3.828,12580,12608,0,0,0,0
2023-02-17T17:00:00Z,28,,,,0.235429,0.225,0.248,25.557143,24.2,27,3.821893,3.819,3.824,12610,12637,0,0,0,0
2023-02-17T18:00:00Z,29,,,,0.233862,0.223,0.243,27.272414,26.6,27.7,3.822138,3.819,3.824,12638,12666,0,0,0,0
2023-02-17T19:00:00Z,30,,,,0.234733,0.223,0.246,27.656667,27.2,28.1,3.821933,3.819,3.826,12667,12696,0,0,0,0
2023-02-17T20:00:00Z,29,,,,0.230517,0.223,0.242,27.672414,27.3,28.1,3.820931,3.818,3.824,12697,12725,0,0,0,0
2023-02-17T21:00:00Z,29,,,,0.232586,0.223,0.242,27.572414,27.2,28,3.820241,3.819,3.823,12726,12754,0,0,0,0
2023-02-17T22:00:00Z,29,,,,0.233276,0.223,0.243,27.506897,27.2,28,3.819897,3.818,3.823,12755,12783,0,0,0,0
2023-02-17T23:00:00Z,29,,,,0.233966,0.226,0.242,27.413793,27.2,27.7,3.819483,3.818,3.821,12784,12812,0,0,0,0
2023-02-18T00:00:00Z,30,,,,0.2332,0.222,0.245,27.513333,27.2,28.1,3.8189,3.818,3.821,12813,12842,0,0,0,0
2023-02-18T01:00:00Z,29,,,,0.232345,0.223,0.242,28.293103,27.8,28.6,3.818414,3.818,3.821,12843,12871,0,0,0,0
2023-02-18T02:00:00Z,29,,,,0.233862,0.222,0.243,28.417241,28.1,28.6,3.818586,3.818,3.821,12872,12900,0,0,0,0
2023-02-18T03:00:00Z,29,,,,0.233621,0.223,0.244,28.613793,28.4,28.9,3.818172,3.816,3.819,12901,12929,0,0,0,0
2023-02-18T04:00:00Z,30,,,,0.2337,0.223,0.243,28.69,28.5,29.1,3.818067,3.816,3.821,12930,12959,0,0,0,0
2023-02-18T05:00:00Z,29,,,,0.233862,0.223,0.242,28.803448,28.5,29.1,3.817345,3.816,3.819,12960,12988,0,0,0,0
2023-02-18T06:00:00Z,29,,,,0.231379,0.223,0.242,29.031034,28.6,29.3,3.816966,3.816,3.818,12989,13017,0,0,0,0
2023-02-18T07:00:00Z,29,,,,0.233034,0.223,0.243,28.989655,28.7,29.4,3.816552,3.816,3.818,13018,13046,0,0,0,0
2023-02-18T08:00:00Z,29,,,,0.231448,0.223,0.242,28.937931,28.6,29.3,3.81669,3.816,3.818,13047,13075,0,0,0,0
2023-02-18T09:00:00Z,30,,,,0.230333,0.223,0.241,28.83,28.6,29.2,3.8162,3.816,3.818,13076,13105,0,0,0,0
2023-02-18T10:00:00Z,28,,,,0.230286,0.222,0.241,27.828571,26,29.1,3.815214,3.814,3.816,13106,13134,0,0,0,0
2023-02-18T11:00:00Z,27,,,,0.234111,0.225,0.246,25.862963,25.3,26.6,3.814481,3.813,3.816,13135,13163,0,0,0,0
2023-02-18T12:00:00Z,29,,,,0.235379,0.224,0.247,25.472414,24.9,25.8,3.81369,3.811,3.816,13164,13192,0,0,0,0
2023-02-18T13:00:00Z,26,,,,0.237769,0.226,0.247,25.561538,25.1,25.8,3.812615,3.809,3.816,13193,13219,0,0,0,0
2023-02-18T14:00:00Z,24,,,,0.236083,0.225,0.247,25.516667,25,25.8,3.810833,3.808,3.814,13222,13250,0,0,0,0
2023-02-18T15:00:00Z,29,,,,0.232931,0.223,0.243,25.824138,25.2,26.4,3.810241,3.809,3.813,13251,13279,0,0,0,0
2023-02-18T16:00:00Z,29,,,,0.23269,0.223,0.243,26.758621,25.9,27.2,3.810414,3.808,3.814,13280,13308,0,0,0,0
2023-02-18T17:00:00Z,30,,,,0.2328,0.223,0.244,27.35,26.8,27.9,3.8103,3.808,3.813,13309,13338,0,0,0,0
2023-02-18T18:00:00Z,29,,,,0.233897,0.223,0.242,27.693103,27.2,28,3.80931,3.806,3.813,13339,13367,0,0,0,0
2023-02-18T19:00:00Z,29,,,,0.231586,0.223,0.242,27.413793,27.2,27.8,3.80769,3.805,3.811,13368,13396,0,0,0,0
2023-02-18T20:00:00Z,29,,,,0.232414,0.223,0.244,27.32069,27.1,27.6,3.808103,3.806,3.811,13397,13425,0,0,0,0
2023-02-18T21:00:00Z,29,,,,0.230103,0.223,0.242,27.2,27,27.4,3.806655,3.803,3.811,13426,13454,0,0,0,0
2023-02-18T22:00:00Z,29,,,,0.232207,0.223,0.243,27.2,27,27.4,3.805172,3.801,3.809,13455,13484,0,0,0,0
2023-02-18T23:00:00Z,29,,,,0.233552,0.223,0.244,27.127586,26.9,27.4,3.803621,3.801,3.808,13485,13513,0,0,0,0
2023-02-19T00:00:00Z,28,,,,0.232036,0.223,0.243,27.246429,27,27.6,3.803786,3.801,3.808,13514,13542,0,0,0,0
2023-02-19T01:00:00Z,28,,,,0.231607,0.223,0.243,27.685714,27.1,28.5,3.802036,3.8,3.805,13543,13571,0,0,0,0
2023-02-19T02:00:00Z,28,,,,0.236429,0.223,0.247,26.557143,25.2,28.5,3.801393,3.798,3.806,13572,13600,0,0,0,0
2023-02-19T03:00:00Z,29,,,,0.236724,0.227,0.247,24.837931,24.5,25.5,3.799241,3.796,3.803,13601,13630,0,0,0,0
2023-02-19T04:00:00Z,29,,,,0.232862,0.223,0.244,25.544828,24.5,27,3.79831,3.796,3.803,13631,13659,0,0,0,0
2023-02-19T05:00:00Z,28,,,,0.232286,0.223,0.244,27.192857,26.3,27.7,3.797571,3.795,3.8,13660,13688,0,0,0,0
2023-02-19T06:00:00Z,29,,,,0.232586,0.223,0.242,27.562069,27.2,27.9,3.796724,3.793,3.8,13689,13717,0,0,0,0
2023-02-19T07:00:00Z,30,,,,0.233767,0.222,0.244,28.046667,27.6,28.5,3.795333,3.793,3.798,13718,13747,0,0,0,0
2023-02-19T08:00:00Z,28,,,,0.231357,0.222,0.245,28.332143,27.9,28.6,3.794571,3.793,3.798,13748,13776,0,0,0,0
2023-02-19T09:00:00Z,29,,,,0.233897,0.221,0.247,28.393103,27.9,28.6,3.793759,3.791,3.796,13777,13805,0,0,0,0
2023-02-19T10:00:00Z,29,,,,0.231586,0.221,0.246,28.082759,27.7,28.6,3.792586,3.791,3.795,13806,13834,0,0,0,0
2023-02-19T11:00:00Z,28,,,,0.231,0.221,0.245,27.9,27.5,28.5,3.791821,3.79,3.795,13835,13863,0,0,0,0
2023-02-19T12:00:00Z,28,,,,0.233143,0.221,0.247,28.096429,27.6,28.5,3.791,3.79,3.793,13864,13892,0,0,0,0
2023-02-19T13:00:00Z,30,,,,0.236333,0.222,0.245,28.366667,27.9,28.6,3.790267,3.788,3.791,13893,13922,0,0,0,0
2023-02-19T14:00:00Z,29,,,,0.232276,0.221,0.246,27.703448,25.7,28.6,3.789379,3.788,3.791,13923,13951,0,0,0,0
2023-02-19T15:00:00Z,29,,,,0.233621,0.223,0.247,25.47931,24.7,26.2,3.788552,3.786,3.79,13952,13980,0,0,0,0
2023-02-19T16:00:00Z,29,,,,0.237862,0.223,0.249,25.075862,24.2,25.8,3.787517,3.786,3.79,13981,14009,0,0,0,0
2023-02-19T17:00:00Z,29,,,,0.237724,0.226,0.247,25.175862,24.4,26,3.786621,3.785,3.79,14010,14038,0,0,0,0
2023-02-19T18:00:00Z,30,,,,0.233467,0.223,0.244,26.443333,25.6,27.2,3.784733,3.783,3.788,14039,14068,0,0,0,0
2023-02-19T19:00:00Z,29,,,,0.234414,0.223,0.245,26.941379,26.5,27.2,3.784,3.78,3.788,14069,14097,0,0,0,0
2023-02-19T20:00:00Z,29,,,,0.235069,0.223,0.246,27.048276,26.6,27.2,3.782379,3.778,3.785,14098,14126,0,0,0,0
2023-02-19T21:00:00Z,29,,,,0.231345,0.223,0.244,27.027586,26.7,27.2,3.780586,3.778,3.783,14127,14155,0,0,0,0
2023-02-19T22:00:00Z,29,,,,0.233207,0.223,0.246,27.044828,26.7,27.2,3.77831,3.776,3.783,14156,14184,0,0,0,0
2023-02-19T23:00:00Z,30,,,,0.234967,0.223,0.246,27.2,26.7,27.5,3.7764,3.773,3.78,14185,14214,0,0,0,0
2023-02-20T00:00:00Z,29,,,,0.232621,0.223,0.245,27.403448,27.2,27.9,3.775103,3.773,3.778,14215,14243,0,0,0,0
2023-02-20T01:00:00Z,29,,,,0.232759,0.223,0.243,27.603448,27.2,28.1,3.773655,3.772,3.778,14244,14272,0,0,0,0
2023-02-20T02:00:00Z,28,,,,0.235,0.223,0.244,27.903571,27.5,28.3,3.772,3.768,3.775,14273,14301,0,0,0,0
2023-02-20T03:00:00Z,28,,,,0.231893,0.223,0.242,28.032143,27.6,28.5,3.77025,3.768,3.773,14302,14330,0,0,0,0
2023-02-20T04:00:00Z,30,,,,0.231933,0.223,0.243,28.22,27.7,28.5,3.768433,3.767,3.772,14331,14360,0,0,0,0
2023-02-20T05:00:00Z,29,,,,0.231172,0.223,0.242,28.355172,28,28.6,3.767483,3.765,3.77,14361,14389,0,0,0,0
2023-02-20T06:00:00Z,29,,,,0.231655,0.223,0.242,28.496552,28.1,28.7,3.766207,3.765,3.768,14390,14418,0,0,0,0
2023-02-20T07:00:00Z,26,,,,0.234115,0.223,0.243,28.569231,28.4,28.7,3.7655,3.765,3.768,14419,14447,0,0,0,0
2023-02-20T08:00:00Z,27,,,,0.231889,0.223,0.242,28.57037,28.4,28.8,3.764259,3.763,3.767,14448,14476,0,0,0,0
2023-02-20T09:00:00Z,27,,,,0.233593,0.223,0.243,28.52963,28.3,28.7,3.763148,3.762,3.765,14478,14504,0,0,0,0
2023-02-20T10:00:00Z,29,,,,0.23231,0.223,0.243,28.637931,28.4,28.9,3.762207,3.76,3.763,14505,14533,0,0,0,0
2023-02-20T11:00:00Z,29,,,,0.231414,0.223,0.243,28.793103,28.6,29.2,3.76031,3.758,3.763,14534,14562,0,0,0,0
2023-02-20T12:00:00Z,14,,,,0.234214,0.223,0.242,28.914286,28.6,29.3,3.757571,3.753,3.76,14563,14585,0,0,0,0
2023-02-20T13:00:00Z,18,,,,0.228667,0.223,0.242,28.766667,28.6,29.2,3.751944,3.748,3.755,14598,14617,0,0,0,0
2023-02-20T14:00:00Z,25,,,,0.23228,0.223,0.244,28.744,28.6,29.1,3.74944,3.747,3.753,14618,14646,0,0,0,0
2023-02-20T15:00:00Z,27,,,,0.233185,0.223,0.242,28.640741,28.5,28.9,3.747333,3.743,3.752,14647,14674,0,0,0,0
2023-02-20T16:00:00Z,29,,,,0.231552,0.223,0.244,28.444828,28.1,28.6,3.744379,3.742,3.748,14675,14703,0,0,0,0
2023-02-20T17:00:00Z,29,,,,0.235103,0.223,0.243,28.334483,28,28.6,3.741345,3.737,3.745,14704,14732,0,0,0,0
2023-02-20T18:00:00Z,28,,,,0.232107,0.223,0.242,28.225,27.8,28.5,3.739393,3.737,3.743,14733,14760,0,0,0,0
2023-02-20T19:00:00Z,29,,,,0.232034,0.223,0.244,27.986207,27.7,28.5,3.73731,3.734,3.742,14761,14789,0,0,0,0
2023-02-20T20:00:00Z,29,,,,0.23131,0.222,0.242,27.924138,27.6,28.4,3.735241,3.73,3.739,14790,14818,0,0,0,0
2023-02-20T21:00:00Z,28,,,,0.232214,0.223,0.244,27.814286,27.4,28.2,3.732786,3.73,3.735,14819,14846,0,0,0,0
2023-02-20T22:00:00Z,29,,,,0.234276,0.223,0.244,27.810345,27.4,28.1,3.730552,3.729,3.734,14847,14875,0,0,0,0
2023-02-20T23:00:00Z,29,,,,0.233966,0.223,0.243,27.744828,27.4,28.1,3.726655,3.724,3.73,14876,14904,0,0,0,0
2023-02-21T00:00:00Z,29,,,,0.233586,0.223,0.244,27.706897,27.4,28.1,3.723276,3.72,3.727,14905,14933,0,0,0,0
2023-02-21T01:00:00Z,29,,,,0.232345,0.223,0.242,27.92069,27.5,28.3,3.721276,3.719,3.725,14934,14962,0,0,0,0
2023-02-21T02:00:00Z,29,,,,0.232172,0.223,0.242,28.055172,27.7,28.5,3.720138,3.717,3.724,14963,14991,0,0,0,0
2023-02-21T03:00:00Z,29,,,,0.230724,0.223,0.242,28.310345,28,28.6,3.71831,3.715,3.72,14992,15020,0,0,0,0
2023-02-21T04:00:00Z,30,,,,0.2334,0.223,0.242,28.473333,28.1,28.7,3.716067,3.714,3.72,15021,15050,0,0,0,0
2023-02-21T05:00:00Z,29,,,,0.23369,0.223,0.242,28.572414,28.4,28.8,3.714655,3.712,3.717,15051,15079,0,0,0,0
2023-02-21T06:00:00Z,29,,,,0.232724,0.223,0.243,28.641379,28.4,28.9,3.712966,3.712,3.715,15080,15108,0,0,0,0
2023-02-21T07:00:00Z,29,,,,0.229897,0.222,0.245,28.775862,28.5,29.1,3.712483,3.71,3.714,15109,15137,0,0,0,0
2023-02-21T08:00:00Z,30,,,,0.2316,0.223,0.244,28.813333,28.6,29.1,3.711067,3.71,3.712,15138,15167,0,0,0,0
2023-02-21T09:00:00Z,29,,,,0.23231,0.223,0.244,28.82069,28.6,29.1,3.710414,3.709,3.712,15168,15196,0,0,0,0
2023-02-21T10:00:00Z,29,,,,0.230552,0.223,0.243,28.758621,28.6,29,3.709483,3.707,3.71,15197,15225,0,0,0,0
2023-02-21T11:00:00Z,29,,,,0.233034,0.223,0.243,28.724138,28.5,29,3.708517,3.706,3.71,15226,15254,0,0,0,0
2023-02-21T12:00:00Z,29,,,,0.232103,0.223,0.242,28.662069,28.5,29,3.706759,3.704,3.71,15255,15283,0,0,0,0
2023-02-21T13:00:00Z,30,,,,0.2311,0.222,0.242,28.72,28.5,29.1,3.704567,3.702,3.707,15284,15313,0,0,0,0
2023-02-21T14:00:00Z,29,,,,0.231931,0.222,0.242,29.044828,28.6,29.5,3.702793,3.699,3.706,15314,15342,0,0,0,0
2023-02-21T15:00:00Z,29,,,,0.230138,0.223,0.242,29.310345,29,29.6,3.70069,3.696,3.706,15343,15371,0,0,0,0
2023-02-21T16:00:00Z,29,,,,0.235414,0.223,0.246,27.006897,25.7,29,3.697034,3.691,3.702,15372,15400,0,0,0,0
2023-02-21T17:00:00Z,30,,,,0.237867,0.224,0.247,25.75,24.9,26.4,3.691467,3.684,3.699,15401,15430,0,0,0,0
2023-02-21T18:00:00Z,29,,,,0.234172,0.223,0.243,26.448276,25.8,27.2,3.688931,3.684,3.696,15431,15459,0,0,0,0
2023-02-21T19:00:00Z,29,,,,0.232862,0.223,0.243,27.127586,26.7,27.5,3.685483,3.682,3.696,15460,15488,0,0,0,0
2023-02-21T20:00:00Z,29,,,,0.233966,0.223,0.245,27.413793,27.2,27.8,3.683276,3.682,3.687,15489,15517,0,0,0,0
2023-02-21T21:00:00Z,29,,,,0.233862,0.223,0.243,27.57931,27.2,27.9,3.681655,3.679,3.684,15518,15546,0,0,0,0
2023-02-21T22:00:00Z,30,,,,0.233433,0.223,0.244,27.423333,27.2,27.7,3.6801,3.677,3.682,15547,15576,0,0,0,0
2023-02-21T23:00:00Z,29,,,,0.232414,0.223,0.242,27.327586,27.2,27.7,3.678862,3.676,3.682,15577,15605,0,0,0,0
2023-02-22T00:00:00Z,29,,,,0.231862,0.223,0.243,27.241379,27.1,27.5,3.675828,3.673,3.679,15606,15634,0,0,0,0
2023-02-22T01:00:00Z,28,,,,0.230714,0.223,0.242,27.610714,27.2,28.5,3.673429,3.671,3.677,15636,15663,0,0,0,0
2023-02-22T02:00:00Z,28,,,,0.229786,0.223,0.242,28.225,27.7,28.7,3.6705,3.666,3.676,15664,15691,0,0,0,0
2023-02-22T03:00:00Z,29,,,,0.233379,0.223,0.244,28.32069,28,28.6,3.666207,3.664,3.669,15692,15720,0,0,0,0
2023-02-22T04:00:00Z,28,,,,0.230143,0.223,0.243,28.575,28.4,28.8,3.663321,3.661,3.666,15721,15748,0,0,0,0
2023-02-22T05:00:00Z,29,,,,0.230966,0.223,0.243,28.793103,28.5,29.2,3.660483,3.659,3.664,15749,15777,0,0,0,0
2023-02-22T06:00:00Z,27,,,,0.234222,0.223,0.242,29.066667,28.7,29.4,3.659444,3.658,3.663,15778,15806,0,0,0,0
2023-02-22T07:00:00Z,28,,,,0.232357,0.222,0.243,29.192857,28.8,29.5,3.658357,3.658,3.659,15807,15834,0,0,0,0
2023-02-22T08:00:00Z,29,,,,0.231724,0.223,0.243,29.034483,28.7,29.4,3.657103,3.656,3.658,15835,15863,0,0,0,0
2023-02-22T09:00:00Z,29,,,,0.233379,0.223,0.243,29.089655,28.8,29.4,3.654586,3.651,3.658,15864,15892,0,0,0,0
2023-02-22T10:00:00Z,28,,,,0.230786,0.223,0.242,29.035714,28.7,29.4,3.651393,3.649,3.656,15893,15920,0,0,0,0
2023-02-22T11:00:00Z,29,,,,0.232897,0.223,0.246,27.437931,25.2,29.3,3.648483,3.643,3.653,15921,15949,0,0,0,0
2023-02-22T12:00:00Z,29,,,,0.236966,0.225,0.247,25.755172,24.7,26.5,3.645,3.643,3.649,15950,15978,0,0,0,0
2023-02-22T13:00:00Z,27,,,,0.232815,0.223,0.242,26.881481,25.9,27.6,3.642407,3.64,3.644,15979,16006,0,0,0,0
2023-02-22T14:00:00Z,29,,,,0.233759,0.223,0.244,27.710345,27.2,28.2,3.639034,3.636,3.641,16007,16035,0,0,0,0
2023-02-22T15:00:00Z,29,,,,0.232655,0.223,0.242,27.910345,27.6,28.4,3.637448,3.636,3.64,16036,16064,0,0,0,0
2023-02-22T16:00:00Z,30,,,,0.232867,0.223,0.244,28.163333,27.7,28.5,3.635533,3.631,3.64,16065,16094,0,0,0,0
2023-02-22T17:00:00Z,29,,,,0.233552,0.223,0.243,28.137931,27.8,28.5,3.634276,3.631,3.638,16095,16123,0,0,0,0
2023-02-22T18:00:00Z,29,,,,0.234207,0.223,0.243,28.137931,27.7,28.4,3.631621,3.63,3.635,16124,16152,0,0,0,0
2023-02-22T19:00:00Z,29,,,,0.233862,0.224,0.242,28.041379,27.6,28.3,3.630172,3.628,3.633,16153,16181,0,0,0,0
2023-02-22T20:00:00Z,7,,,,0.231714,0.224,0.239,27.942857,27.7,28.2,3.628143,3.625,3.63,16182,16210,0,0,0,0
2023-02-22T21:00:00Z,29,,,,0.233345,0.223,0.244,27.868966,27.6,28.2,3.62731,3.625,3.63,16211,16239,0,0,0,0
2023-02-22T22:00:00Z,14,,,,0.233714,0.223,0.242,27.664286,27.4,28.1,3.626286,3.623,3.628,16240,16269,0,0,0,0
2023-02-22T23:00:00Z,29,,,,0.233241,0.223,0.242,27.668966,27.3,28.1,3.623414,3.62,3.626,16270,16298,0,0,0,0
2023-02-23T00:00:00Z,29,,,,0.234276,0.223,0.244,27.772414,27.4,28.1,3.620379,3.616,3.625,16299,16327,0,0,0,0
2023-02-23T01:00:00Z,29,,,,0.23169,0.223,0.242,27.982759,27.7,28.4,3.618414,3.616,3.623,16328,16356,0,0,0,0
2023-02-23T02:00:00Z,29,,,,0.230414,0.223,0.242,28.475862,28,28.7,3.617276,3.615,3.621,16357,16385,0,0,0,0
2023-02-23T03:00:00Z,30,,,,0.230867,0.223,0.242,28.69,28.5,29,3.615167,3.613,3.618,16386,16415,0,0,0,0
2023-02-23T04:00:00Z,29,,,,0.233448,0.223,0.244,28.862069,28.6,29.2,3.612897,3.611,3.616,16416,16444,0,0,0,0
2023-02-23T05:00:00Z,29,,,,0.232103,0.223,0.242,29.044828,28.7,29.3,3.61131,3.608,3.615,16445,16473,0,0,0,0
2023-02-23T06:00:00Z,29,,,,0.234241,0.223,0.244,29.203448,29,29.4,3.609828,3.608,3.613,16474,16502,0,0,0,0
2023-02-23T07:00:00Z,30,,,,0.233267,0.223,0.242,29.203333,28.9,29.4,3.608267,3.607,3.611,16503,16532,0,0,0,0
2023-02-23T08:00:00Z,29,,,,0.233517,0.223,0.242,29.137931,28.8,29.4,3.607793,3.607,3.61,16533,16561,0,0,0,0
2023-02-23T09:00:00Z,29,,,,0.231345,0.223,0.242,29.141379,28.9,29.4,3.60669,3.605,3.608,16562,16590,0,0,0,0
2023-02-23T10:00:00Z,29,,,,0.233379,0.223,0.242,29.172414,28.9,29.4,3.605897,3.605,3.607,16591,16619,0,0,0,0
2023-02-23T11:00:00Z,29,,,,0.232,0.223,0.242,29.22069,28.9,29.5,3.605138,3.603,3.607,16620,16648,0,0,0,0
2023-02-23T12:00:00Z,30,,,,0.230333,0.223,0.242,29.136667,28.9,29.4,3.604333,3.603,3.605,16649,16678,0,0,0,0
2023-02-23T13:00:00Z,26,,,,0.231538,0.223,0.242,29.326923,29.1,29.7,3.602538,3.6,3.607,16679,16706,0,0,0,0
2023-02-23T14:00:00Z,29,,,,0.233103,0.222,0.243,29.241379,28.8,29.5,3.600724,3.598,3.603,16707,16736,0,0,0,0
2023-02-23T15:00:00Z,29,,,,0.234069,0.223,0.246,27.07931,25.9,28.8,3.599069,3.597,3.603,16737,16765,0,0,0,0
2023-02-23T16:00:00Z,29,,,,0.234759,0.225,0.246,25.893103,25.7,26.2,3.597517,3.593,3.6,16766,16794,0,0,0,0
2023-02-23T17:00:00Z,29,,,,0.233897,0.223,0.244,26.072414,25.7,26.5,3.595448,3.592,3.598,16795,16823,0,0,0,0
2023-02-23T18:00:00Z,28,,,,0.234464,0.223,0.243,26.560714,25.8,27.2,3.594071,3.59,3.598,16824,16853,0,0,0,0
2023-02-23T19:00:00Z,29,,,,0.233966,0.223,0.244,27.07931,26.7,27.3,3.591552,3.588,3.597,16854,16882,0,0,0,0
2023-02-23T20:00:00Z,29,,,,0.233241,0.223,0.245,27.244828,27,27.6,3.590207,3.588,3.593,16883,16911,0,0,0,0
2023-02-23T21:00:00Z,29,,,,0.233379,0.223,0.242,27.331034,27.2,27.7,3.588379,3.585,3.593,16912,16940,0,0,0,0
2023-02-23T22:00:00Z,29,,,,0.230828,0.223,0.242,27.293103,27.2,27.7,3.586759,3.585,3.59,16941,16969,0,0,0,0
2023-02-23T23:00:00Z,29,,,,0.232897,0.223,0.242,27.451724,27.2,27.7,3.585069,3.582,3.588,16970,16998,0,0,0,0
2023-02-24T00:00:00Z,29,,,,0.236759,0.223,0.245,27.741379,27.2,28.2,3.583241,3.582,3.587,16999,17028,0,0,0,0
2023-02-24T01:00:00Z,29,,,,0.233448,0.223,0.242,28.227586,27.7,28.6,3.582379,3.58,3.585,17029,17057,0,0,0,0
2023-02-24T02:00:00Z,29,,,,0.234552,0.222,0.243,28.513793,28,28.9,3.580828,3.58,3.583,17058,17086,0,0,0,0
2023-02-24T03:00:00Z,29,,,,0.232345,0.223,0.242,28.82069,28.6,29.1,3.579517,3.578,3.582,17087,17115,0,0,0,0
2023-02-24T04:00:00Z,29,,,,0.231138,0.222,0.242,29.034483,28.8,29.4,3.578621,3.578,3.58,17116,17144,0,0,0,0
2023-02-24T05:00:00Z,29,,,,0.233034,0.223,0.242,29.365517,29.1,29.6,3.577448,3.577,3.58,17145,17173,0,0,0,0
2023-02-24T06:00:00Z,29,,,,0.228828,0.223,0.243,29.355172,29.1,29.6,3.576069,3.575,3.578,17174,17202,0,0,0,0
2023-02-24T07:00:00Z,28,,,,0.231214,0.223,0.242,29.289286,29.1,29.6,3.574786,3.572,3.577,17203,17230,0,0,0,0
2023-02-24T08:00:00Z,29,,,,0.230793,0.223,0.242,29.355172,29.1,29.6,3.571828,3.569,3.575,17231,17259,0,0,0,0
2023-02-24T09:00:00Z,29,,,,0.230655,0.222,0.242,29.434483,29.2,29.6,3.570069,3.565,3.574,17260,17288,0,0,0,0
2023-02-24T10:00:00Z,28,,,,0.234357,0.223,0.242,29.546429,29.2,29.8,3.567607,3.564,3.57,17289,17316,0,0,0,0
2023-02-24T11:00:00Z,29,,,,0.234207,0.223,0.242,29.575862,29.3,29.8,3.565069,3.562,3.569,17317,17345,0,0,0,0
2023-02-24T12:00:00Z,29,,,,0.235034,0.223,0.243,29.641379,29.3,29.8,3.562483,3.56,3.567,17346,17374,0,0,0,0
2023-02-24T13:00:00Z,27,,,,0.231667,0.223,0.244,29.7,29.5,29.9,3.560037,3.557,3.564,17375,17402,0,0,0,0
2023-02-24T14:00:00Z,29,,,,0.232034,0.222,0.242,29.562069,29.2,29.8,3.557793,3.555,3.56,17403,17431,0,0,0,0
2023-02-24T15:00:00Z,28,,,,0.231071,0.223,0.242,29.467857,29.3,29.7,3.555643,3.554,3.559,17432,17460,0,0,0,0
2023-02-24T16:00:00Z,29,,,,0.233034,0.223,0.244,29.475862,29.2,29.7,3.554034,3.552,3.555,17461,17489,0,0,0,0
2023-02-24T17:00:00Z,28,,,,0.233607,0.223,0.242,29.410714,29.1,29.6,3.552643,3.552,3.554,17490,17517,0,0,0,0
2023-02-24T18:00:00Z,21,,,,0.22981,0.223,0.242,29.066667,28.9,29.4,3.55219,3.552,3.554,17518,17546,0,0,0,0
2023-02-24T19:00:00Z,29,,,,0.230931,0.223,0.243,28.910345,28.6,29.2,3.550448,3.549,3.552,17547,17575,0,0,0,0
2023-02-24T20:00:00Z,27,,,,0.232556,0.223,0.242,28.777778,28.6,29,3.548296,3.547,3.55,17576,17603,0,0,0,0
2023-02-24T21:00:00Z,11,,,,0.230909,0.223,0.242,28.727273,28.6,29,3.545273,3.542,3.549,17605,17617,0,0,0,0
2023-02-24T22:00:00Z,1,,,,0.224,0.224,0.224,28.6,28.6,28.6,3.541,3.541,3.541,17631,17631,0,0,0,0
2023-02-24T23:00:00Z,27,,,,0.234074,0.223,0.242,28.544444,28.4,28.8,3.538667,3.536,3.542,17659,17685,0,0,0,0
2023-02-25T00:00:00Z,28,,,,0.231143,0.223,0.242,28.482143,28.3,28.6,3.53625,3.534,3.539,17686,17714,0,0,0,0
2023-02-25T01:00:00Z,28,,,,0.231786,0.223,0.244,28.646429,28.4,29,3.535357,3.532,3.537,17715,17742,0,0,0,0
2023-02-25T02:00:00Z,29,,,,0.233483,0.222,0.244,28.948276,28.6,29.3,3.534241,3.531,3.537,17743,17771,0,0,0,0
2023-02-25T03:00:00Z,28,,,,0.233,0.223,0.242,29.042857,28.8,29.3,3.532536,3.531,3.536,17772,17800,0,0,0,0
2023-02-25T04:00:00Z,28,,,,0.230643,0.222,0.242,29.125,28.8,29.4,3.531,3.529,3.534,17801,17828,0,0,0,0
2023-02-25T05:00:00Z,29,,,,0.233069,0.223,0.244,29.151724,28.8,29.5,3.530414,3.527,3.534,17829,17857,0,0,0,0
2023-02-25T06:00:00Z,29,,,,0.232862,0.223,0.244,29.144828,28.9,29.5,3.529,3.526,3.532,17858,17886,0,0,0,0
2023-02-25T07:00:00Z,28,,,,0.231643,0.222,0.243,29.232143,29,29.5,3.528036,3.526,3.531,17887,17914,0,0,0,0
2023-02-25T08:00:00Z,29,,,,0.232862,0.223,0.244,29.255172,29,29.5,3.526828,3.526,3.531,17915,17943,0,0,0,0
2023-02-25T09:00:00Z,29,,,,0.233586,0.223,0.243,29.227586,28.9,29.5,3.526,3.524,3.527,17944,17972,0,0,0,0
2023-02-25T10:00:00Z,27,,,,0.232889,0.223,0.242,29.251852,29,29.5,3.52537,3.524,3.529,17973,18000,0,0,0,0
2023-02-25T11:00:00Z,29,,,,0.230586,0.223,0.243,29.286207,29,29.6,3.523379,3.521,3.526,18001,18029,0,0,0,0
2023-02-25T12:00:00Z,29,,,,0.232172,0.223,0.243,29.148276,28.9,29.4,3.522586,3.521,3.526,18030,18058,0,0,0,0
2023-02-25T13:00:00Z,28,,,,0.235536,0.223,0.244,29.242857,28.9,29.5,3.521357,3.519,3.524,18059,18086,0,0,0,0
2023-02-25T14:00:00Z,29,,,,0.231517,0.223,0.242,29.275862,29,29.6,3.520345,3.516,3.522,18087,18115,0,0,0,0
2023-02-25T15:00:00Z,29,,,,0.22869,0.223,0.242,29.617241,29.1,29.9,3.519138,3.517,3.522,18116,18144,0,0,0,0
2023-02-25T16:00:00Z,29,,,,0.23031,0.223,0.243,29.772414,29.6,29.9,3.517414,3.514,3.521,18145,18173,0,0,0,0
2023-02-25T17:00:00Z,29,,,,0.234966,0.222,0.243,29.693103,29.4,29.9,3.514966,3.512,3.519,18174,18202,0,0,0,0
2023-02-25T18:00:00Z,28,,,,0.232036,0.222,0.242,29.221429,28.8,29.6,3.513679,3.509,3.517,18203,18230,0,0,0,0
2023-02-25T19:00:00Z,29,,,,0.234034,0.223,0.243,28.975862,28.6,29.2,3.511517,3.509,3.517,18231,18259,0,0,0,0
2023-02-25T20:00:00Z,29,,,,0.232138,0.223,0.244,28.786207,28.6,29.1,3.509379,3.508,3.512,18260,18288,0,0,0,0
2023-02-25T21:00:00Z,28,,,,0.233643,0.223,0.245,28.710714,28.6,29,3.508036,3.506,3.511,18289,18316,0,0,0,0
2023-02-25T22:00:00Z,29,,,,0.234069,0.223,0.242,28.575862,28.4,28.7,3.506172,3.504,3.509,18317,18345,0,0,0,0
2023-02-25T23:00:00Z,29,,,,0.237241,0.223,0.245,28.517241,28.2,28.6,3.504655,3.503,3.508,18346,18374,0,0,0,0
2023-02-26T00:00:00Z,28,,,,0.23275,0.223,0.242,28.546429,28.2,28.8,3.503036,3.501,3.506,18375,18402,0,0,0,0
2023-02-26T01:00:00Z,29,,,,0.234103,0.222,0.243,28.77931,28.5,29.1,3.501828,3.501,3.503,18403,18431,0,0,0,0
2023-02-26T02:00:00Z,25,,,,0.22892,0.223,0.242,28.792,28.3,29.1,3.50052,3.499,3.501,18432,18459,0,0,0,0
2023-02-26T03:00:00Z,16,,,,0.233437,0.223,0.245,26.6625,25.6,28,3.498875,3.498,3.499,18461,18488,0,0,0,0
2023-02-26T04:00:00Z,18,,,,0.236222,0.224,0.246,26.255556,25.7,27.1,3.498722,3.498,3.499,18490,18515,0,0,0,0
2023-02-26T05:00:00Z,26,,,,0.233308,0.223,0.243,25.934615,24.9,27.2,3.496692,3.494,3.498,18517,18545,0,0,0,0
2023-02-26T06:00:00Z,29,,,,0.234793,0.223,0.245,26.541379,25.4,28.1,3.493138,3.491,3.498,18546,18574,0,0,0,0
2023-02-26T07:00:00Z,27,,,,0.230444,0.223,0.242,28.281481,27.7,28.7,3.489667,3.484,3.494,18575,18602,0,0,0,0
2023-02-26T08:00:00Z,29,,,,0.23331,0.223,0.243,28.724138,28.5,29,3.483931,3.479,3.488,18603,18631,0,0,0,0
2023-02-26T09:00:00Z,29,,,,0.234345,0.223,0.244,28.955172,28.6,29.2,3.47869,3.476,3.483,18632,18660,0,0,0,0
2023-02-26T10:00:00Z,28,,,,0.232714,0.223,0.242,29.075,28.9,29.3,3.474464,3.471,3.478,18661,18688,0,0,0,0
2023-02-26T11:00:00Z,29,,,,0.230241,0.223,0.242,29.175862,29,29.4,3.469034,3.465,3.473,18689,18717,0,0,0,0
2023-02-26T12:00:00Z,28,,,,0.233214,0.224,0.242,29.239286,29,29.5,3.461,3.456,3.466,18718,18746,0,0,0,0
2023-02-26T13:00:00Z,28,,,,0.230679,0.223,0.242,28.85,28.6,29.5,3.453143,3.448,3.458,18747,18774,0,0,0,0
2023-02-26T14:00:00Z,29,,,,0.233414,0.223,0.245,27.662069,25.5,29.1,3.447552,3.446,3.451,18775,18803,0,0,0,0
2023-02-26T15:00:00Z,29,,,,0.23669,0.225,0.247,24.748276,24.4,25.5,3.443724,3.44,3.448,18804,18832,0,0,0,0
2023-02-26T16:00:00Z,28,,,,0.231643,0.223,0.243,26.060714,24.5,27.2,3.435107,3.43,3.44,18833,18860,0,0,0,0
2023-02-26T17:00:00Z,29,,,,0.234862,0.223,0.243,27.527586,27.2,27.8,3.427828,3.423,3.433,18861,18889,0,0,0,0
2023-02-26T18:00:00Z,29,,,,0.234379,0.223,0.245,28.134483,27.4,28.5,3.420966,3.418,3.425,18890,18918,0,0,0,0
2023-02-26T19:00:00Z,30,,,,0.232733,0.222,0.244,28.316667,28,28.6,3.415633,3.409,3.422,18919,18948,0,0,0,0
2023-02-26T20:00:00Z,29,,,,0.232448,0.223,0.247,28.303448,27.9,28.6,3.407207,3.402,3.412,18949,18977,0,0,0,0
2023-02-26T21:00:00Z,29,,,,0.234172,0.221,0.245,28.22069,27.8,28.6,3.400069,3.395,3.405,18978,19006,0,0,0,0
2023-02-26T22:00:00Z,28,,,,0.233857,0.223,0.245,28.010714,27.7,28.4,3.394536,3.394,3.395,19007,19034,0,0,0,0
2023-02-26T23:00:00Z,29,,,,0.233034,0.223,0.243,28.044828,27.7,28.5,3.388379,3.384,3.394,19036,19064,0,0,0,0
2023-02-27T00:00:00Z,29,,,,0.232724,0.223,0.245,28.148276,27.8,28.5,3.381103,3.376,3.387,19065,19093,0,0,0,0
2023-02-27T01:00:00Z,29,,,,0.229621,0.222,0.242,28.386207,28,28.6,3.373034,3.369,3.377,19094,19122,0,0,0,0
2023-02-27T02:00:00Z,30,,,,0.232233,0.223,0.244,28.646667,28.4,29,3.366767,3.364,3.371,19123,19152,0,0,0,0
2023-02-27T03:00:00Z,29,,,,0.233448,0.223,0.245,28.896552,28.6,29.1,3.360138,3.356,3.366,19153,19181,0,0,0,0
2023-02-27T04:00:00Z,29,,,,0.233414,0.223,0.243,28.97931,28.7,29.2,3.350379,3.346,3.357,19182,19210,0,0,0,0
2023-02-27T05:00:00Z,29,,,,0.229069,0.22,0.241,29.055172,28.8,29.4,3.343,3.341,3.344,19211,19239,0,0,0,0
2023-02-27T06:00:00Z,28,,,,0.230643,0.218,0.241,29,28.6,29.4,3.336107,3.329,3.341,19240,19268,0,0,0,0
2023-02-27T07:00:00Z,17,,,,0.227941,0.216,0.239,28.952941,28.7,29.3,3.325941,3.316,3.334,19269,19291,0,0,0,0
2023-02-27T08:00:00Z,6,,,,0.226667,0.214,0.236,29.35,29.2,29.4,3.303,3.288,3.313,19297,19320,0,0,0,0
2023-02-27T09:00:00Z,19,,,,0.218632,0.205,0.228,28.936842,28.6,29.5,3.266526,3.26,3.272,19332,19351,0,0,0,0
2023-02-27T10:00:00Z,25,,,,0.21304,0.202,0.224,28.72,28.6,29,3.25092,3.239,3.262,19352,19380,0,0,0,0
2023-02-27T11:00:00Z,23,,,,0.207522,0.196,0.218,28.665217,28.5,29.1,3.221739,3.214,3.237,19382,19409,0,0,0,0
2023-02-27T12:00:00Z,28,,,,0.202286,0.193,0.216,28.539286,28.3,28.6,3.206429,3.197,3.214,19410,19438,0,0,0,0
2023-02-27T13:00:00Z,29,,,,0.200207,0.189,0.218,28.448276,28.2,28.6,3.191034,3.184,3.199,19439,19467,0,0,0,0
2023-02-27T14:00:00Z,29,,,,0.200448,0.185,0.215,28.503448,28.2,28.6,3.179966,3.173,3.184,19468,19496,0,0,0,0
2023-02-27T15:00:00Z,29,,,,0.190241,0.172,0.211,28.52069,28.1,28.7,3.150931,3.133,3.174,1,19508,0,0,0,0
2023-02-27T16:00:00Z,29,,,,0.178931,0.169,0.194,28.337931,28.1,28.6,3.123276,3.112,3.131,1,1,0,0,0,0
2023-02-27T17:00:00Z,29,,,,0.179241,0.161,0.191,28.234483,27.8,28.6,3.096103,3.083,3.11,1,1,0,0,0,0
2023-02-27T18:00:00Z,29,,,,0.172345,0.155,0.189,27.931034,27.7,28.3,3.068828,3.052,3.08,1,1,0,0,0,0
2023-02-27T19:00:00Z,29,,,,0.165966,0.155,0.182,28.12069,27.7,28.6,3.036517,3.022,3.052,1,1,0,0,0,0
2023-02-27T20:00:00Z,29,,,,0.163621,0.155,0.174,52.841379,28.6,56,3.001,2.976,3.024,1,1,0,0,0,0
2023-02-27T21:00:00Z,29,,,,0.156517,0.155,0.163,54.786207,53.8,55.3,2.950103,2.914,2.976,1,1,0,0,0,0
2023-02-27T22:00:00Z,2,,,,0.155,0.155,0.155,53.85,53.7,54,2.9095,2.907,2.912,1,1,0,0,0,0
2023-04-11T00:00:00Z,19,,,,0.236263,0.196,0.288,32.226316,29.9,33,3.630737,2.813,3.828,2,20,0,0,0,0
2023-04-11T01:00:00Z,26,,,,0.238154,0.196,0.285,32.919231,32.8,33,3.985923,3.841,4.087,21,49,0,0,0,0
2023-04-11T02:00:00Z,26,,,,0.247462,0.199,0.287,32.638462,32.5,32.8,4.123038,4.088,4.143,50,78,0,0,0,0
2023-04-11T03:00:00Z,11,,,,0.257545,0.197,0.288,32.281818,32.2,32.4,4.147909,4.141,4.153,79,89,0,0,0,0
2023-04-11T14:00:00Z,3,,,,0.228667,0.223,0.238,33.166667,32.7,33.5,4.035,4.034,4.037,1,3,0,0,0,0
2023-04-11T15:00:00Z,29,,,,0.230793,0.22,0.242,31.762069,31.6,32.7,4.036793,4.034,4.039,4,32,0,0,0,0
2023-04-11T16:00:00Z,28,,,,0.232893,0.221,0.242,31.585714,31.5,31.6,4.036286,4.032,4.039,33,61,0,0,0,0
2023-04-11T17:00:00Z,29,,,,0.230897,0.221,0.242,31.465517,31.4,31.5,4.036103,4.034,4.04,62,90,0,0,0,0
2023-04-11T18:00:00Z,26,,,,0.232885,0.221,0.242,31.396154,31.3,31.4,4.036346,4.034,4.039,91,119,0,0,0,0
2023-04-11T19:00:00Z,23,,,,0.231043,0.221,0.242,31.404348,31.4,31.5,4.034478,4.032,4.037,120,146,0,0,0,0
2023-04-11T20:00:00Z,29,,,,0.230483,0.221,0.244,31.396552,31.3,31.4,4.034207,4.032,4.037,147,175,0,0,0,0
2023-04-11T21:00:00Z,29,,,,0.230897,0.221,0.242,31.382759,31.3,31.4,4.034379,4.032,4.037,176,204,0,0,0,0
2023-04-11T22:00:00Z,30,,,,0.2356,0.221,0.244,31.356667,31.3,31.4,4.034,4.031,4.037,205,234,0,0,0,0
2023-04-11T23:00:00Z,29,,,,0.230241,0.221,0.242,31.396552,31.3,31.4,4.033828,4.031,4.037,235,263,0,0,0,0
2023-04-12T00:00:00Z,29,,,,0.232966,0.222,0.245,31.4,31.4,31.4,4.033345,4.031,4.037,264,292,0,0,0,0
2023-04-12T01:00:00Z,29,,,,0.232759,0.221,0.243,31.4,31.4,31.4,4.032724,4.031,4.036,293,321,0,0,0,0
2023-04-12T02:00:00Z,29,,,,0.234172,0.221,0.244,31.406897,31.4,31.5,4.03269,4.031,4.036,322,350,0,0,0,0
2023-04-12T03:00:00Z,30,,,,0.229633,0.221,0.244,31.5,31.4,31.6,4.0324,4.031,4.036,351,380,0,0,0,0
2023-04-12T04:00:00Z,29,,,,0.233069,0.221,0.242,31.565517,31.5,31.6,4.03169,4.031,4.034,381,409,0,0,0,0
2023-04-12T05:00:00Z,29,,,,0.230586,0.221,0.242,31.6,31.6,31.6,4.030759,4.029,4.032,410,438,0,0,0,0
2023-04-12T06:00:00Z,29,,,,0.230172,0.221,0.244,31.610345,31.6,31.7,4.031103,4.029,4.034,439,467,0,0,0,0
2023-04-12T07:00:00Z,29,,,,0.230207,0.221,0.242,31.706897,31.6,31.8,4.030828,4.029,4.034,468,496,0,0,0,0
2023-04-12T08:00:00Z,30,,,,0.229733,0.22,0.242,31.733333,31.7,31.8,4.030633,4.029,4.032,497,526,0,0,0,0
2023-04-12T09:00:00Z,29,,,,0.230517,0.221,0.242,31.751724,31.7,31.8,4.030276,4.029,4.032,527,555,0,0,0,0
2023-04-12T10:00:00Z,29,,,,0.230241,0.221,0.242,30.931034,29.9,31.9,4.030103,4.029,4.032,556,584,0,0,0,0
2023-04-12T11:00:00Z,29,,,,0.233483,0.223,0.244,29.093103,28.7,29.8,4.029724,4.029,4.032,585,613,0,0,0,0
2023-04-12T12:00:00Z,29,,,,0.235345,0.224,0.246,28.065517,27.4,28.7,4.029414,4.027,4.031,614,642,0,0,0,0
2023-04-12T13:00:00Z,29,,,,0.237724,0.225,0.246,28.106897,27.1,29.4,4.028517,4.027,4.031,643,672,0,0,0,0
2023-04-12T14:00:00Z,29,,,,0.233724,0.223,0.245,29.958621,29.4,30.1,4.029207,4.027,4.031,673,701,0,0,0,0
2023-04-12T15:00:00Z,29,,,,0.233552,0.222,0.243,30.406897,30.1,30.6,4.029138,4.027,4.031,702,730,0,0,0,0
2023-04-12T16:00:00Z,29,,,,0.234448,0.222,0.243,30.858621,30.6,31.1,4.028103,4.027,4.031,731,759,0,0,0,0
2023-04-12T17:00:00Z,29,,,,0.232034,0.221,0.244,31.075862,31,31.1,4.02769,4.027,4.029,760,788,0,0,0,0
2023-04-12T18:00:00Z,30,,,,0.2349,0.221,0.243,31.066667,31,31.2,4.027533,4.027,4.029,789,818,0,0,0,0
2023-04-12T19:00:00Z,29,,,,0.232034,0.221,0.242,31.062069,31,31.1,4.027483,4.027,4.029,819,847,0,0,0,0
2023-04-12T20:00:00Z,29,,,,0.233552,0.221,0.243,30.989655,30.9,31.1,4.027621,4.027,4.031,848,876,0,0,0,0
2023-04-12T21:00:00Z,29,,,,0.234414,0.221,0.243,30.965517,30.9,31.1,4.027621,4.027,4.029,877,905,0,0,0,0
2023-04-12T22:00:00Z,29,,,,0.231966,0.221,0.244,30.841379,30.6,31,4.027276,4.027,4.029,906,934,0,0,0,0
2023-04-12T23:00:00Z,28,,,,0.234714,0.221,0.243,30.685714,30.6,30.8,4.027643,4.027,4.029,935,964,0,0,0,0
2023-04-13T00:00:00Z,29,,,,0.233138,0.222,0.242,30.827586,30.7,31,4.026793,4.026,4.027,965,993,0,0,0,0
2023-04-13T01:00:00Z,29,,,,0.233,0.221,0.242,31.127586,30.9,31.3,4.027069,4.026,4.029,994,1022,0,0,0,0
2023-04-13T02:00:00Z,28,,,,0.232321,0.221,0.242,31.335714,31.2,31.4,4.026857,4.026,4.029,1023,1051,0,0,0,0
2023-04-13T03:00:00Z,29,,,,0.231793,0.221,0.242,31.393103,31.3,31.4,4.02669,4.026,4.029,1052,1080,0,0,0,0
2023-04-13T04:00:00Z,29,,,,0.233517,0.221,0.244,31.4,31.4,31.4,4.027,4.026,4.029,1081,1109,0,0,0,0
2023-04-13T05:00:00Z,30,,,,0.231033,0.221,0.242,31.4,31.4,31.4,4.026567,4.024,4.029,1110,1139,0,0,0,0
2023-04-13T06:00:00Z,29,,,,0.235138,0.221,0.244,31.458621,31.4,31.5,4.026241,4.024,4.027,1140,1168,0,0,0,0
2023-04-13T07:00:00Z,29,,,,0.233862,0.22,0.245,31.565517,31.5,31.6,4.02631,4.024,4.027,1169,1197,0,0,0,0
2023-04-13T08:00:00Z,29,,,,0.231034,0.221,0.242,31.6,31.6,31.6,4.025966,4.024,4.027,1198,1226,0,0,0,0
2023-04-13T09:00:00Z,29,,,,0.231,0.22,0.242,31.6,31.6,31.6,4.024931,4.022,4.027,1227,1255,0,0,0,0
2023-04-13T10:00:00Z,30,,,,0.2325,0.222,0.242,31.6,31.6,31.6,4.024367,4.021,4.027,1256,1285,0,0,0,0
2023-04-13T11:00:00Z,29,,,,0.229345,0.221,0.242,31.6,31.6,31.6,4.023724,4.021,4.027,1286,1314,0,0,0,0
2023-04-13T12:00:00Z,29,,,,0.23,0.222,0.241,31.6,31.6,31.6,4.023586,4.021,4.026,1315,1343,0,0,0,0
2023-04-13T13:00:00Z,29,,,,0.229034,0.221,0.242,31.606897,31.6,31.7,4.023276,4.021,4.026,1344,1372,0,0,0,0
2023-04-13T14:00:00Z,29,,,,0.232724,0.221,0.242,31.662069,31.6,31.8,4.022586,4.019,4.026,1373,1401,0,0,0,0
2023-04-13T15:00:00Z,30,,,,0.232967,0.222,0.242,31.86,31.7,31.9,4.021767,4.019,4.026,1402,1431,0,0,0,0
2023-04-13T16:00:00Z,29,,,,0.23131,0.221,0.243,31.675862,31.6,31.8,4.021103,4.019,4.024,1432,1460,0,0,0,0
2023-04-13T17:00:00Z,29,,,,0.230345,0.221,0.242,31.551724,31.5,31.6,4.020448,4.017,4.024,1461,1489,0,0,0,0
2023-04-13T18:00:00Z,29,,,,0.230621,0.221,0.242,31.424138,31.4,31.5,4.019517,4.017,4.022,1490,1518,0,0,0,0
2023-04-13T19:00:00Z,29,,,,0.232414,0.221,0.243,31.434483,31.4,31.5,4.018897,4.016,4.022,1519,1547,0,0,0,0
2023-04-13T20:00:00Z,30,,,,0.2307,0.221,0.242,31.41,31.4,31.5,4.017967,4.014,4.021,1548,1577,0,0,0,0
2023-04-13T21:00:00Z,29,,,,0.232552,0.222,0.244,31.396552,31.3,31.4,4.01769,4.014,4.022,1578,1606,0,0,0,0
2023-04-13T22:00:00Z,29,,,,0.231931,0.222,0.244,31.396552,31.3,31.4,4.01769,4.014,4.022,1607,1635,0,0,0,0
2023-04-13T23:00:00Z,29,,,,0.229793,0.221,0.242,31.372414,31.3,31.4,4.016862,4.012,4.021,1636,1664,0,0,0,0
2023-04-14T00:00:00Z,29,,,,0.233552,0.221,0.242,31.386207,31.3,31.4,4.015621,4.014,4.019,1665,1693,0,0,0,0
2023-04-14T01:00:00Z,29,,,,0.230931,0.221,0.243,31.4,31.4,31.4,4.015759,4.012,4.019,1694,1722,0,0,0,0
2023-04-14T02:00:00Z,30,,,,0.2322,0.222,0.243,31.4,31.4,31.4,4.014067,4.012,4.019,1723,1752,0,0,0,0
2023-04-14T03:00:00Z,29,,,,0.228759,0.22,0.242,31.458621,31.4,31.6,4.012448,4.011,4.016,1753,1781,0,0,0,0
2023-04-14T04:00:00Z,29,,,,0.232241,0.221,0.242,31.568966,31.5,31.6,4.011897,4.011,4.016,1782,1810,0,0,0,0
2023-04-14T05:00:00Z,29,,,,0.23369,0.221,0.244,31.6,31.6,31.6,4.010621,4.007,4.014,1811,1839,0,0,0,0
2023-04-14T06:00:00Z,29,,,,0.230345,0.221,0.242,31.627586,31.6,31.7,4.009586,4.007,4.012,1840,1868,0,0,0,0
2023-04-14T07:00:00Z,30,,,,0.233133,0.221,0.244,31.706667,31.6,31.8,4.0087,4.006,4.012,1869,1898,0,0,0,0
2023-04-14T08:00:00Z,29,,,,0.233586,0.221,0.244,31.765517,31.7,31.8,4.008241,4.006,4.011,1899,1927,0,0,0,0
2023-04-14T09:00:00Z,29,,,,0.231552,0.221,0.242,31.841379,31.8,31.9,4.008207,4.006,4.012,1928,1956,0,0,0,0
2023-04-14T10:00:00Z,29,,,,0.231379,0.221,0.243,31.793103,31.7,31.8,4.006517,4.006,4.009,1957,1985,0,0,0,0
2023-04-14T11:00:00Z,29,,,,0.232172,0.222,0.242,31.824138,31.8,31.9,4.006862,4.004,4.009,1986,2014,0,0,0,0
2023-04-14T12:00:00Z,30,,,,0.2304,0.221,0.242,31.843333,31.8,31.9,4.006333,4.004,4.011,2015,2044,0,0,0,0
2023-04-14T13:00:00Z,29,,,,0.231931,0.221,0.241,31.872414,31.8,31.9,4.005414,4.003,4.009,2045,2073,0,0,0,0
2023-04-14T14:00:00Z,29,,,,0.231828,0.221,0.241,31.927586,31.8,32,4.004862,4.003,4.009,2074,2102,0,0,0,0
2023-04-14T15:00:00Z,29,,,,0.233138,0.22,0.243,32.003448,31.9,32.1,4.003345,4.001,4.006,2103,2131,0,0,0,0
2023-04-14T16:00:00Z,29,,,,0.229621,0.221,0.241,32.086207,32,32.1,4.00331,4.001,4.006,2132,2160,0,0,0,0
2023-04-14T17:00:00Z,30,,,,0.230767,0.22,0.242,32.026667,31.9,32.1,4.0022,4.001,4.004,2161,2190,0,0,0,0
2023-04-14T18:00:00Z,29,,,,0.231138,0.222,0.242,31.803448,31.7,31.9,4.001724,3.999,4.004,2191,2219,0,0,0,0
2023-04-14T19:00:00Z,29,,,,0.230138,0.221,0.242,31.624138,31.6,31.7,4.000931,3.999,4.003,2220,2248,0,0,0,0
2023-04-14T20:00:00Z,29,,,,0.231724,0.222,0.242,31.593103,31.5,31.6,4.000172,3.999,4.003,2249,2277,0,0,0,0
2023-04-14T21:00:00Z,29,,,,0.22931,0.221,0.241,31.506897,31.4,31.6,3.999552,3.999,4.003,2278,2306,0,0,0,0
2023-04-14T22:00:00Z,30,,,,0.2314,0.221,0.245,31.42,31.4,31.5,3.998533,3.996,4.001,2307,2336,0,0,0,0
2023-04-14T23:00:00Z,29,,,,0.231552,0.221,0.242,31.4,31.4,31.4,3.997897,3.996,4.001,2337,2365,0,0,0,0
2023-04-15T00:00:00Z,29,,,,0.231172,0.222,0.242,31.4,31.4,31.4,3.997,3.994,4.001,2366,2394,0,0,0,0
2023-04-15T01:00:00Z,29,,,,0.231759,0.221,0.242,31.4,31.4,31.4,3.995207,3.993,3.998,2395,2423,0,0,0,0
2023-04-15T02:00:00Z,29,,,,0.23169,0.222,0.241,31.02069,29.6,31.5,3.994,3.991,3.998,2424,2452,0,0,0,0
2023-04-15T03:00:00Z,30,,,,0.236333,0.223,0.247,28.183333,27.8,29.3,3.991567,3.988,3.996,2453,2482,0,0,0,0
2023-04-15T04:00:00Z,28,,,,0.233893,0.224,0.247,27.739286,27.5,28.1,3.989786,3.986,3.994,2483,2511,0,0,0,0
2023-04-15T05:00:00Z,29,,,,0.235897,0.224,0.247,27.782759,27.4,28.9,3.988069,3.986,3.993,2512,2540,0,0,0,0
2023-04-15T06:00:00Z,29,,,,0.231552,0.222,0.245,29.92069,29.1,30.3,3.987207,3.984,3.991,2541,2569,0,0,0,0
2023-04-15T07:00:00Z,29,,,,0.229931,0.221,0.243,30.624138,30.3,30.9,3.985759,3.983,3.989,2570,2598,0,0,0,0
2023-04-15T08:00:00Z,29,,,,0.230621,0.221,0.245,31.189655,31,31.3,3.984069,3.981,3.988,2599,2627,0,0,0,0
2023-04-15T09:00:00Z,30,,,,0.233367,0.222,0.242,31.373333,31.3,31.4,3.9834,3.981,3.986,2628,2657,0,0,0,0
2023-04-15T10:00:00Z,28,,,,0.23225,0.222,0.242,31.4,31.4,31.4,3.981464,3.979,3.986,2658,2686,0,0,0,0
2023-04-15T11:00:00Z,29,,,,0.231379,0.222,0.242,31.4,31.4,31.4,3.979862,3.978,3.983,2687,2715,0,0,0,0
2023-04-15T12:00:00Z,29,,,,0.232,0.221,0.243,31.4,31.4,31.4,3.978034,3.976,3.981,2716,2744,0,0,0,0
2023-04-15T13:00:00Z,29,,,,0.230483,0.221,0.243,31.448276,31.4,31.5,3.976621,3.976,3.979,2745,2773,0,0,0,0
2023-04-15T14:00:00Z,30,,,,0.230767,0.22,0.243,31.496667,31.4,31.5,3.975333,3.974,3.978,2774,2803,0,0,0,0
2023-04-15T15:00:00Z,29,,,,0.230276,0.221,0.242,31.572414,31.5,31.6,3.974621,3.974,3.976,2804,2832,0,0,0,0
2023-04-15T16:00:00Z,29,,,,0.231103,0.22,0.241,31.6,31.6,31.6,3.974103,3.973,3.976,2833,2861,0,0,0,0
2023-04-15T17:00:00Z,29,,,,0.230759,0.22,0.242,31.610345,31.6,31.7,3.973483,3.971,3.974,2862,2890,0,0,0,0
2023-04-15T18:00:00Z,29,,,,0.233241,0.221,0.244,31.596552,31.5,31.6,3.972483,3.97,3.974,2891,2919,0,0,0,0
2023-04-15T19:00:00Z,30,,,,0.232033,0.221,0.242,31.446667,31.4,31.5,3.970933,3.968,3.973,2920,2949,0,0,0,0
2023-04-15T20:00:00Z,29,,,,0.230379,0.221,0.245,31.4,31.4,31.4,3.969103,3.966,3.973,2950,2978,0,0,0,0
2023-04-15T21:00:00Z,29,,,,0.230828,0.221,0.242,31.396552,31.3,31.4,3.967034,3.961,3.971,2979,3007,0,0,0,0
2023-04-15T22:00:00Z,29,,,,0.232862,0.222,0.242,31.365517,31.3,31.4,3.964552,3.961,3.97,3008,3036,0,0,0,0
2023-04-15T23:00:00Z,29,,,,0.233828,0.222,0.245,31.32069,31.3,31.4,3.963931,3.961,3.968,3037,3065,0,0,0,0
2023-04-16T00:00:00Z,30,,,,0.231033,0.222,0.244,31.33,31.3,31.4,3.960867,3.958,3.966,3066,3095,0,0,0,0
2023-04-16T01:00:00Z,28,,,,0.231429,0.221,0.242,31.371429,31.1,31.4,3.959071,3.955,3.965,3096,3124,0,0,0,0
2023-04-16T02:00:00Z,28,,,,0.234036,0.222,0.244,29.585714,28.7,31,3.956214,3.953,3.96,3125,3153,0,0,0,0
2023-04-16T03:00:00Z,29,,,,0.233621,0.222,0.243,30.175862,29.3,30.7,3.95469,3.953,3.958,3154,3182,0,0,0,0
2023-04-16T04:00:00Z,29,,,,0.232414,0.221,0.242,31.058621,30.7,31.3,3.953586,3.951,3.958,3183,3211,0,0,0,0
2023-04-16T05:00:00Z,29,,,,0.230448,0.221,0.242,31.351724,31.3,31.4,3.952241,3.948,3.956,3212,3240,0,0,0,0
2023-04-16T06:00:00Z,30,,,,0.231833,0.222,0.242,31.4,31.4,31.4,3.951033,3.948,3.955,3241,3270,0,0,0,0
2023-04-16T07:00:00Z,28,,,,0.232179,0.222,0.243,31.396429,31.3,31.4,3.949357,3.946,3.953,3271,3299,0,0,0,0
2023-04-16T08:00:00Z,29,,,,0.233724,0.221,0.242,31.441379,31.4,31.5,3.947966,3.946,3.953,3300,3328,0,0,0,0
2023-04-16T09:00:00Z,29,,,,0.229276,0.221,0.243,31.5,31.5,31.5,3.947621,3.946,3.951,3329,3357,0,0,0,0
2023-04-16T10:00:00Z,29,,,,0.230897,0.222,0.241,31.5,31.5,31.5,3.946,3.945,3.95,3358,3386,0,0,0,0
2023-04-16T11:00:00Z,29,,,,0.232207,0.221,0.242,31.134483,30.1,31.6,3.944862,3.94,3.95,3387,3416,0,0,0,0
2023-04-16T12:00:00Z,29,,,,0.233276,0.223,0.246,29.241379,28.7,30.1,3.942,3.94,3.946,3417,3445,0,0,0,0
2023-04-16T13:00:00Z,29,,,,0.232897,0.223,0.247,28.368966,28.1,28.6,3.940069,3.937,3.943,3446,3474,0,0,0,0
2023-04-16T14:00:00Z,28,,,,0.23325,0.223,0.245,29.475,28.6,30.1,3.938929,3.937,3.943,3476,3503,0,0,0,0
2023-04-16T15:00:00Z,29,,,,0.231552,0.222,0.243,30.172414,30,30.4,3.93831,3.935,3.941,3504,3532,0,0,0,0
2023-04-16T16:00:00Z,29,,,,0.23269,0.223,0.246,28.286207,27.4,29.7,3.935621,3.933,3.94,3533,3561,0,0,0,0
2023-04-16T17:00:00Z,29,,,,0.23469,0.225,0.247,27.075862,26.7,27.4,3.933345,3.932,3.937,3562,3590,0,0,0,0
2023-04-16T18:00:00Z,30,,,,0.2359,0.224,0.248,26.28,25.2,26.7,3.9313,3.928,3.935,3591,3620,0,0,0,0
2023-04-16T19:00:00Z,28,,,,0.234857,0.223,0.248,26.714286,25.8,27.8,3.930643,3.927,3.935,3621,3649,0,0,0,0
2023-04-16T20:00:00Z,29,,,,0.230207,0.223,0.244,29.6,28.1,30,3.930517,3.927,3.935,3650,3678,0,0,0,0
2023-04-16T21:00:00Z,29,,,,0.234,0.222,0.244,30.096552,30,30.1,3.929862,3.927,3.933,3679,3707,0,0,0,0
2023-04-16T22:00:00Z,29,,,,0.232552,0.222,0.244,30.1,30.1,30.1,3.928276,3.927,3.932,3708,3736,0,0,0,0
2023-04-16T23:00:00Z,30,,,,0.2319,0.222,0.244,30.103333,30.1,30.2,3.927233,3.925,3.93,3737,3766,0,0,0,0
2023-04-17T00:00:00Z,29,,,,0.231621,0.222,0.247,30.193103,30.1,30.3,3.92569,3.923,3.928,3767,3795,0,0,0,0
2023-04-17T01:00:00Z,29,,,,0.232241,0.223,0.244,30.413793,30.3,30.6,3.925621,3.923,3.928,3796,3824,0,0,0,0
2023-04-17T02:00:00Z,29,,,,0.230931,0.222,0.245,30.610345,30.5,30.7,3.924034,3.923,3.927,3825,3853,0,0,0,0
2023-04-17T03:00:00Z,26,,,,0.233692,0.222,0.243,30.826923,30.7,31,3.923346,3.922,3.927,3854,3882,0,0,0,0
2023-04-17T04:00:00Z,30,,,,0.234167,0.222,0.244,31.093333,30.9,31.2,3.9232,3.922,3.925,3883,3912,0,0,0,0
2023-04-17T05:00:00Z,29,,,,0.23269,0.222,0.242,31.265517,31.1,31.3,3.922414,3.922,3.923,3913,3941,0,0,0,0
2023-04-17T06:00:00Z,29,,,,0.229586,0.22,0.242,31.334483,31.3,31.4,3.922276,3.92,3.923,3942,3970,0,0,0,0
2023-04-17T07:00:00Z,29,,,,0.232793,0.221,0.244,31.37931,31.3,31.4,3.921793,3.92,3.923,3971,3999,0,0,0,0
2023-04-17T08:00:00Z,29,,,,0.232241,0.222,0.242,31.393103,31.3,31.4,3.920897,3.92,3.922,4000,4028,0,0,0,0
2023-04-17T09:00:00Z,29,,,,0.230276,0.221,0.243,31.396552,31.3,31.4,3.920483,3.918,3.922,4029,4057,0,0,0,0
2023-04-17T10:00:00Z,28,,,,0.231607,0.221,0.242,31.4,31.4,31.4,3.919393,3.917,3.922,4058,4086,0,0,0,0
2023-04-17T11:00:00Z,29,,,,0.233759,0.222,0.242,31.4,31.4,31.4,3.91831,3.915,3.922,4087,4115,0,0,0,0
2023-04-17T12:00:00Z,30,,,,0.230133,0.221,0.242,31.4,31.4,31.4,3.917667,3.915,3.92,4116,4145,0,0,0,0
2023-04-17T13:00:00Z,29,,,,0.232069,0.221,0.244,31.4,31.4,31.4,3.916207,3.913,3.92,4146,4174,0,0,0,0
2023-04-17T14:00:00Z,29,,,,0.232759,0.222,0.242,31.406897,31.4,31.5,3.914931,3.91,3.918,4175,4203,0,0,0,0
2023-04-17T15:00:00Z,29,,,,0.230862,0.221,0.242,31.489655,31.4,31.6,3.913517,3.91,3.917,4204,4232,0,0,0,0
2023-04-17T16:00:00Z,29,,,,0.231931,0.221,0.242,31.496552,31.4,31.6,3.912172,3.908,3.915,4233,4261,0,0,0,0
2023-04-17T17:00:00Z,29,,,,0.232724,0.221,0.244,31.4,31.4,31.4,3.909897,3.907,3.913,4262,4290,0,0,0,0
2023-04-17T18:00:00Z,30,,,,0.231633,0.222,0.242,31.396667,31.3,31.4,3.9091,3.907,3.913,4291,4320,0,0,0,0
2023-04-17T19:00:00Z,29,,,,0.230897,0.221,0.243,31.389655,31.3,31.4,3.907931,3.905,3.913,4321,4349,0,0,0,0
2023-04-17T20:00:00Z,29,,,,0.232586,0.221,0.242,31.348276,31.3,31.4,3.906759,3.905,3.912,4350,4378,0,0,0,0
2023-04-17T21:00:00Z,29,,,,0.232552,0.221,0.242,31.32069,31.3,31.4,3.906103,3.904,3.908,4379,4407,0,0,0,0
2023-04-17T22:00:00Z,29,,,,0.230655,0.221,0.242,31.282759,31.2,31.3,3.904621,3.902,3.908,4408,4436,0,0,0,0
2023-04-17T23:00:00Z,30,,,,0.232867,0.222,0.242,31.216667,31.2,31.3,3.9042,3.902,3.907,4437,4466,0,0,0,0
2023-04-18T00:00:00Z,28,,,,0.24575,0.198,0.281,31.389286,30.4,32.5,4.0875,3.904,4.143,4467,4494,0,0,0,0
2023-04-18T01:00:00Z,29,,,,0.239207,0.2,0.282,30.982759,29.8,32.2,4.162069,4.146,4.179,4496,4524,0,0,0,0
2023-04-18T02:00:00Z,29,,,,0.250897,0.203,0.283,30.613793,29.6,31.6,4.185241,4.177,4.191,4525,4553,0,0,0,0
2023-04-18T03:00:00Z,29,,,,0.23231,0.201,0.282,30.017241,29.2,30.9,4.159862,4.151,4.171,4554,4582,0,0,0,0
2023-04-18T04:00:00Z,29,,,,0.236621,0.202,0.283,29.982759,29,31.3,4.147793,4.143,4.153,4583,4611,0,0,0,0
2023-04-18T05:00:00Z,30,,,,0.245733,0.203,0.283,30.11,29.1,31.2,4.1411,4.139,4.144,4612,4641,0,0,0,0
2023-04-18T06:00:00Z,29,,,,0.252,0.203,0.284,30.37931,29.1,31.4,4.137103,4.135,4.139,4642,4670,0,0,0,0
2023-04-18T07:00:00Z,29,,,,0.23569,0.203,0.284,30.282759,29.1,31.3,4.135586,4.133,4.138,4671,4699,0,0,0,0
2023-04-18T08:00:00Z,29,,,,0.232172,0.201,0.285,30.303448,29.6,31.3,4.134931,4.133,4.136,4700,4728,0,0,0,0
2023-04-18T09:00:00Z,29,,,,0.245621,0.201,0.284,30.289655,29.3,31.3,4.134172,4.133,4.135,4729,4757,0,0,0,0
2023-04-18T10:00:00Z,27,,,,0.246074,0.203,0.282,30.240741,29.7,31.5,4.133222,4.131,4.135,4758,4787,0,0,0,0
2023-04-18T11:00:00Z,29,,,,0.244517,0.204,0.283,30.248276,29.2,31.4,4.132517,4.131,4.133,4788,4816,0,0,0,0
2023-04-18T12:00:00Z,29,,,,0.241828,0.202,0.283,30.382759,29.2,31.4,4.132034,4.131,4.133,4817,4845,0,0,0,0
2023-04-18T13:00:00Z,29,,,,0.249862,0.205,0.282,30.403448,29.8,31.2,4.131483,4.13,4.133,4846,4874,0,0,0,0
2023-04-18T14:00:00Z,28,,,,0.238821,0.202,0.285,30.064286,29.1,30.9,4.131357,4.13,4.133,4875,4902,0,0,0,0
2023-04-18T15:00:00Z,28,,,,0.248643,0.202,0.282,30.775,29.6,31.7,4.131,4.13,4.133,4903,4931,0,0,0,0
2023-04-18T16:00:00Z,29,,,,0.239069,0.201,0.284,30.413793,29.4,31.1,4.13031,4.128,4.133,4932,4960,0,0,0,0
2023-04-18T17:00:00Z,28,,,,0.232321,0.202,0.286,30.264286,29.4,31.5,4.129821,4.128,4.131,4961,4988,0,0,0,0
2023-04-18T18:00:00Z,28,,,,0.248214,0.202,0.286,30.539286,29.5,31.4,4.129714,4.128,4.131,4989,5017,0,0,0,0
2023-04-18T19:00:00Z,29,,,,0.242586,0.202,0.285,30.162069,29,31.4,4.129207,4.126,4.131,5018,5046,0,0,0,0
2023-04-18T20:00:00Z,28,,,,0.244893,0.203,0.286,30.160714,28.8,31.3,4.128321,4.126,4.131,5047,5074,0,0,0,0
2023-04-18T21:00:00Z,29,,,,0.247724,0.205,0.287,30.258621,29.2,31.1,4.127241,4.125,4.131,5075,5103,0,0,0,0
2023-04-18T22:00:00Z,29,,,,0.242448,0.201,0.286,30.072414,28.7,31.2,4.127241,4.123,4.131,5104,5132,0,0,0,0
2023-04-18T23:00:00Z,28,,,,0.259179,0.202,0.284,30.128571,29,31.2,4.126964,4.125,4.131,5133,5160,0,0,0,0
2023-04-19T00:00:00Z,29,,,,0.243966,0.204,0.286,30.089655,28.8,31.2,4.12631,4.123,4.13,5161,5189,0,0,0,0
2023-04-19T01:00:00Z,29,,,,0.249241,0.203,0.282,30.313793,29.4,31.3,4.126103,4.123,4.13,5190,5218,0,0,0,0
2023-04-19T02:00:00Z,28,,,,0.244214,0.201,0.284,30.278571,29.3,31.2,4.12475,4.121,4.128,5219,5246,0,0,0,0
2023-04-19T03:00:00Z,29,,,,0.245069,0.203,0.283,30.458621,29.1,31.4,4.123897,4.121,4.128,5247,5275,0,0,0,0
2023-04-19T04:00:00Z,29,,,,0.249276,0.201,0.286,30.531034,29.6,31.4,4.123621,4.12,4.128,5276,5304,0,0,0,0
2023-04-19T05:00:00Z,28,,,,0.241607,0.201,0.281,30.407143,29.4,31.3,4.123786,4.121,4.126,5305,5332,0,0,0,0
2023-04-19T06:00:00Z,29,,,,0.240448,0.2,0.283,30.551724,29.5,31.5,4.123138,4.12,4.128,5333,5361,0,0,0,0
2023-04-19T07:00:00Z,29,,,,0.236724,0.2,0.283,30.358621,29.3,31.6,4.122,4.118,4.126,5362,5390,0,0,0,0
2023-04-19T08:00:00Z,29,,,,0.248345,0.2,0.283,30.606897,29.5,31.6,4.122552,4.12,4.126,5391,5419,0,0,0,0
2023-04-19T09:00:00Z,29,,,,0.246966,0.201,0.287,30.593103,29.3,31.5,4.122379,4.12,4.126,5420,5448,0,0,0,0
2023-04-19T10:00:00Z,30,,,,0.240933,0.201,0.283,30.526667,29.6,31.8,4.122167,4.12,4.125,5449,5478,0,0,0,0
2023-04-19T11:00:00Z,29,,,,0.243862,0.202,0.283,29.772414,27.7,31.6,4.120448,4.116,4.123,5479,5507,0,0,0,0
2023-04-19T12:00:00Z,29,,,,0.241759,0.206,0.286,28.324138,26.2,29.6,4.120724,4.116,4.125,5508,5536,0,0,0,0
2023-04-19T13:00:00Z,28,,,,0.239429,0.205,0.283,27.4,26.1,28.6,4.121,4.118,4.125,5537,5564,0,0,0,0
2023-04-19T14:00:00Z,28,,,,0.252321,0.203,0.284,30.367857,27.9,31.4,4.120036,4.118,4.125,5565,5593,0,0,0,0
2023-04-19T15:00:00Z,28,,,,0.243929,0.203,0.284,31.582143,31.4,31.7,4.120821,4.118,4.125,5594,5621,0,0,0,0
2023-04-19T16:00:00Z,29,,,,0.248,0.201,0.285,31.782759,31.7,31.9,4.12069,4.118,4.126,5622,5650,0,0,0,0
2023-04-19T17:00:00Z,29,,,,0.246483,0.203,0.284,31.724138,31.6,31.8,4.119103,4.118,4.123,5651,5679,0,0,0,0
2023-04-19T18:00:00Z,28,,,,0.24875,0.203,0.286,31.646429,31.6,31.7,4.119643,4.118,4.123,5680,5707,0,0,0,0
2023-04-19T19:00:00Z,29,,,,0.236655,0.201,0.282,31.606897,31.6,31.7,4.120828,4.118,4.125,5708,5736,0,0,0,0
2023-04-19T20:00:00Z,29,,,,0.239724,0.203,0.286,31.6,31.6,31.6,4.119241,4.116,4.123,5737,5765,0,0,0,0
2023-04-19T21:00:00Z,28,,,,0.254857,0.204,0.285,30.232143,27.9,31.6,4.118214,4.115,4.123,5766,5793,0,0,0,0
2023-04-19T22:00:00Z,29,,,,0.24769,0.206,0.286,26.52069,25,28,4.117448,4.115,4.12,5794,5822,0,0,0,0
2023-04-19T23:00:00Z,28,,,,0.24975,0.203,0.282,27.389286,25.6,29.8,4.116964,4.115,4.12,5823,5851,0,0,0,0
2023-04-20T00:00:00Z,28,,,,0.242857,0.203,0.281,28.575,26.3,31.1,4.117821,4.116,4.123,5852,5879,0,0,0,0
2023-04-20T01:00:00Z,29,,,,0.242034,0.202,0.286,31.286207,30.2,31.6,4.117448,4.115,4.121,5880,5908,0,0,0,0
2023-04-20T02:00:00Z,28,,,,0.239107,0.202,0.282,31.721429,31.6,31.9,4.117357,4.115,4.121,5909,5936,0,0,0,0
2023-04-20T03:00:00Z,29,,,,0.244586,0.201,0.283,31.972414,31.8,32.1,4.116241,4.113,4.12,5937,5965,0,0,0,0
2023-04-20T04:00:00Z,29,,,,0.240931,0.202,0.283,32.103448,32.1,32.2,4.116,4.113,4.12,5966,5994,0,0,0,0
2023-04-20T05:00:00Z,28,,,,0.237393,0.203,0.282,32.214286,32.1,32.3,4.115143,4.111,4.12,5995,6022,0,0,0,0
2023-04-20T06:00:00Z,29,,,,0.238483,0.2,0.281,32.382759,32.3,32.5,4.11569,4.113,4.118,6023,6051,0,0,0,0
2023-04-20T07:00:00Z,28,,,,0.234071,0.201,0.281,31.957143,30.5,32.5,4.115964,4.113,4.118,6052,6079,0,0,0,0
2023-04-20T08:00:00Z,29,,,,0.255,0.203,0.282,30.858621,30,31.9,4.114966,4.111,4.118,6080,6108,0,0,0,0
2023-04-20T09:00:00Z,28,,,,0.246,0.2,0.281,30.596429,29.7,31.9,4.115143,4.113,4.12,6109,6136,0,0,0,0
2023-04-20T10:00:00Z,29,,,,0.240931,0.2,0.282,30.517241,29.6,31.8,4.115345,4.111,4.118,6137,6165,0,0,0,0
2023-04-20T11:00:00Z,29,,,,0.247345,0.201,0.282,30.710345,29.6,31.8,4.113655,4.111,4.116,6166,6194,0,0,0,0
2023-04-20T12:00:00Z,28,,,,0.237143,0.201,0.283,30.514286,29.7,31.8,4.114571,4.111,4.118,6195,6222,0,0,0,0
2023-04-20T13:00:00Z,29,,,,0.248897,0.201,0.284,30.67931,29.5,32,4.115138,4.113,4.118,6223,6251,0,0,0,0
2023-04-20T14:00:00Z,29,,,,0.246759,0.203,0.284,30.465517,29.4,31.6,4.114345,4.113,4.118,6252,6280,0,0,0,0
2023-04-20T15:00:00Z,29,,,,0.243207,0.2,0.283,30.606897,29.6,31.6,4.114034,4.113,4.118,6281,6309,0,0,0,0
2023-04-20T16:00:00Z,29,,,,0.246448,0.2,0.282,30.696552,29.9,31.7,4.113793,4.111,4.118,6310,6338,0,0,0,0
2023-04-20T17:00:00Z,29,,,,0.238207,0.2,0.286,30.4,29,31.6,4.113276,4.111,4.116,6339,6367,0,0,0,0
2023-04-20T18:00:00Z,29,,,,0.239241,0.202,0.284,30.224138,28.8,31.6,4.113448,4.111,4.116,6368,6396,0,0,0,0
2023-04-20T19:00:00Z,30,,,,0.244067,0.201,0.284,30.09,28.7,31.1,4.112833,4.111,4.118,6397,6426,0,0,0,0
2023-04-20T20:00:00Z,29,,,,0.238759,0.201,0.284,29.986207,28.7,31.6,4.112621,4.11,4.116,6427,6455,0,0,0,0
2023-04-20T21:00:00Z,29,,,,0.247586,0.201,0.284,30.089655,28.6,31.1,4.112586,4.11,4.116,6456,6484,0,0,0,0
2023-04-20T22:00:00Z,29,,,,0.242345,0.201,0.285,29.968966,28.6,31.4,4.112448,4.11,4.116,6485,6513,0,0,0,0
2023-04-20T23:00:00Z,29,,,,0.247724,0.203,0.284,30.072414,28.9,31.4,4.111448,4.11,4.115,6514,6542,0,0,0,0
2023-04-21T00:00:00Z,30,,,,0.244533,0.201,0.285,30.12,28.8,31.5,4.1114,4.108,4.115,6543,6572,0,0,0,0
2023-04-21T01:00:00Z,28,,,,0.242071,0.202,0.281,30.4,29.2,31.5,4.11225,4.108,4.115,6573,6601,0,0,0,0
2023-04-21T02:00:00Z,28,,,,0.235679,0.2,0.28,30.296429,29.1,31.6,4.111286,4.108,4.115,6602,6630,0,0,0,0
2023-04-21T03:00:00Z,29,,,,0.232862,0.2,0.281,30.386207,29.1,31.3,4.111552,4.108,4.115,6631,6659,0,0,0,0
2023-04-21T04:00:00Z,29,,,,0.245793,0.201,0.282,30.537931,29.2,31.8,4.111552,4.108,4.115,6660,6688,0,0,0,0
2023-04-21T05:00:00Z,29,,,,0.251,0.201,0.282,30.865517,29.6,31.9,4.111897,4.108,4.115,6689,6717,0,0,0,0
2023-04-21T06:00:00Z,30,,,,0.244567,0.2,0.282,30.86,29.7,32,4.111033,4.11,4.115,6718,6747,0,0,0,0
2023-04-21T07:00:00Z,29,,,,0.24231,0.199,0.283,30.889655,30,32.1,4.110207,4.108,4.113,6748,6776,0,0,0,0
2023-04-21T08:00:00Z,29,,,,0.242276,0.2,0.282,30.931034,30.1,31.8,4.110483,4.108,4.115,6777,6805,0,0,0,0
2023-04-21T09:00:00Z,29,,,,0.245414,0.2,0.282,31.003448,29.9,32.3,4.110655,4.106,4.115,6806,6834,0,0,0,0
2023-04-21T10:00:00Z,30,,,,0.245867,0.2,0.284,31.103333,30.1,32.2,4.1106,4.106,4.115,6835,6864,0,0,0,0
2023-04-21T11:00:00Z,29,,,,0.238724,0.201,0.281,31.006897,30,32.2,4.11,4.108,4.115,6865,6893,0,0,0,0
2023-04-21T12:00:00Z,28,,,,0.247893,0.202,0.282,30.985714,30.3,32.1,4.11,4.106,4.113,6894,6922,0,0,0,0
2023-04-21T13:00:00Z,29,,,,0.244897,0.201,0.281,30.872414,29.9,32.1,4.108517,4.106,4.111,6923,6951,0,0,0,0
2023-04-21T14:00:00Z,29,,,,0.239793,0.199,0.282,30.958621,29.9,32.2,4.108483,4.106,4.113,6952,6980,0,0,0,0
2023-04-21T15:00:00Z,30,,,,0.243467,0.201,0.282,31.05,29.8,32.3,4.1072,4.106,4.111,6981,7010,0,0,0,0
2023-04-21T16:00:00Z,29,,,,0.249621,0.2,0.284,31.348276,29.9,32.3,4.107586,4.106,4.111,7011,7039,0,0,0,0
2023-04-21T17:00:00Z,29,,,,0.243,0.199,0.284,31.093103,29.9,32.4,4.107172,4.106,4.111,7040,7068,0,0,0,0
2023-04-21T18:00:00Z,29,,,,0.246483,0.199,0.284,30.862069,29.7,32.4,4.10831,4.106,4.111,7069,7097,0,0,0,0
2023-04-21T19:00:00Z,27,,,,0.234741,0.2,0.284,30.585185,29.5,32.1,4.107815,4.106,4.111,7100,7126,0,0,0,0
2023-04-21T20:00:00Z,29,,,,0.241069,0.199,0.283,30.627586,29.7,32.1,4.107862,4.106,4.113,7127,7155,0,0,0,0
2023-04-21T21:00:00Z,29,,,,0.24069,0.2,0.284,30.537931,29.2,31.9,4.107345,4.105,4.111,7156,7184,0,0,0,0
2023-04-21T22:00:00Z,28,,,,0.24325,0.2,0.284,30.817857,29.2,32,4.107536,4.106,4.111,7185,7212,0,0,0,0
2023-04-21T23:00:00Z,29,,,,0.248276,0.2,0.283,30.613793,29.2,31.9,4.107069,4.106,4.111,7213,7241,0,0,0,0
2023-04-22T00:00:00Z,29,,,,0.245345,0.201,0.281,30.582759,29.2,31.7,4.107138,4.105,4.111,7242,7270,0,0,0,0
2023-04-22T01:00:00Z,28,,,,0.241179,0.201,0.283,30.610714,29.5,31.8,4.107,4.105,4.111,7271,7298,0,0,0,0
2023-04-22T02:00:00Z,28,,,,0.246,0.2,0.283,30.835714,29.8,31.9,4.106571,4.105,4.111,7299,7327,0,0,0,0
2023-04-22T03:00:00Z,29,,,,0.241966,0.201,0.284,31.158621,30,32.3,4.107103,4.105,4.11,7328,7356,0,0,0,0
2023-04-22T04:00:00Z,28,,,,0.249286,0.201,0.283,29.953571,27.7,32.1,4.10625,4.105,4.11,7357,7384,0,0,0,0
2023-04-22T05:00:00Z,29,,,,0.242931,0.207,0.283,27.696552,25.8,29.8,4.105828,4.105,4.108,7385,7413,0,0,0,0
2023-04-22T06:00:00Z,29,,,,0.24569,0.205,0.283,27.372414,25.8,29.6,4.105517,4.105,4.108,7414,7442,0,0,0,0
2023-04-22T07:00:00Z,28,,,,0.230286,0.203,0.281,30.339286,27.4,31.6,4.106321,4.105,4.108,7443,7470,0,0,0,0
2023-04-22T08:00:00Z,29,,,,0.244759,0.205,0.285,27.531034,25.2,30.1,4.105379,4.105,4.106,7471,7499,0,0,0,0
2023-04-22T09:00:00Z,29,,,,0.245276,0.207,0.283,26.348276,25.6,27.3,4.10531,4.105,4.106,7500,7528,0,0,0,0
2023-04-22T10:00:00Z,28,,,,0.241429,0.206,0.283,26.867857,24.7,29.2,4.105321,4.105,4.106,7529,7556,0,0,0,0
2023-04-22T11:00:00Z,29,,,,0.245103,0.203,0.281,29.351724,28.4,30.3,4.105414,4.105,4.106,7557,7585,0,0,0,0
2023-04-22T12:00:00Z,29,,,,0.246793,0.203,0.28,29.855172,28.6,31.1,4.105138,4.105,4.106,7586,7614,0,0,0,0
2023-04-22T13:00:00Z,28,,,,0.245429,0.203,0.281,30.782143,29.5,31.6,4.105179,4.105,4.106,7615,7642,0,0,0,0
2023-04-22T14:00:00Z,29,,,,0.238724,0.202,0.283,31.7,31.6,31.9,4.105379,4.105,4.108,7643,7671,0,0,0,0
2023-04-22T15:00:00Z,28,,,,0.236179,0.201,0.281,31.992857,31.9,32.1,4.105393,4.105,4.108,7672,7699,0,0,0,0
2023-04-22T16:00:00Z,29,,,,0.245724,0.203,0.284,32.093103,32,32.1,4.105241,4.105,4.106,7700,7728,0,0,0,0
2023-04-22T17:00:00Z,29,,,,0.240828,0.201,0.281,32.113793,32.1,32.2,4.105138,4.103,4.106,7729,7757,0,0,0,0
2023-04-22T18:00:00Z,28,,,,0.238357,0.2,0.281,32.257143,32.2,32.4,4.105143,4.103,4.106,7758,7785,0,0,0,0
2023-04-22T19:00:00Z,29,,,,0.247207,0.2,0.282,32.131034,32.1,32.2,4.105069,4.103,4.106,7786,7814,0,0,0,0
2023-04-22T20:00:00Z,28,,,,0.248036,0.203,0.282,32.082143,32,32.1,4.105143,4.105,4.106,7815,7842,0,0,0,0
2023-04-22T21:00:00Z,29,,,,0.251241,0.201,0.286,31.996552,31.9,32.1,4.105276,4.105,4.106,7843,7871,0,0,0,0
2023-04-22T22:00:00Z,29,,,,0.243138,0.2,0.283,31.913793,31.8,32,4.105103,4.103,4.106,7872,7900,0,0,0,0
2023-04-22T23:00:00Z,28,,,,0.238821,0.201,0.283,31.882143,31.8,32,4.105107,4.103,4.106,7901,7928,0,0,0,0
2023-04-23T00:00:00Z,29,,,,0.235241,0.203,0.285,31.896552,31.8,32,4.105379,4.105,4.106,7929,7957,0,0,0,0
2023-04-23T01:00:00Z,28,,,,0.238429,0.201,0.281,31.921429,31.8,32,4.105179,4.105,4.106,7958,7986,0,0,0,0
2023-04-23T02:00:00Z,28,,,,0.24575,0.202,0.282,32.082143,32,32.1,4.105179,4.103,4.106,7987,8014,0,0,0,0
2023-04-23T03:00:00Z,28,,,,0.237964,0.201,0.281,32.214286,31.9,32.4,4.105071,4.103,4.106,8015,8043,0,0,0,0
2023-04-23T04:00:00Z,28,,,,0.242107,0.205,0.282,28.65,25.5,32,4.103571,4.103,4.105,8044,8071,0,0,0,0
2023-04-23T05:00:00Z,29,,,,0.243724,0.203,0.281,28.041379,25.7,30.9,4.103828,4.102,4.106,8072,8100,0,0,0,0
2023-04-23T06:00:00Z,29,,,,0.246966,0.202,0.282,31.058621,29.3,32.1,4.104276,4.102,4.106,8101,8129,0,0,0,0
2023-04-23T07:00:00Z,28,,,,0.247429,0.201,0.282,32.15,32.1,32.3,4.10425,4.1,4.106,8130,8157,0,0,0,0
2023-04-23T08:00:00Z,29,,,,0.235138,0.199,0.283,31.465517,30,32.4,4.103655,4.1,4.105,8158,8186,0,0,0,0
2023-04-23T09:00:00Z,28,,,,0.246821,0.204,0.284,31.396429,30.3,31.9,4.103786,4.102,4.105,8187,8215,0,0,0,0
2023-04-23T10:00:00Z,28,,,,0.238786,0.203,0.283,32.060714,31.9,32.1,4.104357,4.103,4.105,8216,8243,0,0,0,0
2023-04-23T11:00:00Z,29,,,,0.239345,0.2,0.282,32.165517,32.1,32.3,4.103793,4.102,4.106,8244,8272,0,0,0,0
2023-04-23T12:00:00Z,28,,,,0.242679,0.203,0.285,32.3,32.2,32.4,4.103286,4.102,4.105,8273,8300,0,0,0,0
2023-04-23T13:00:00Z,29,,,,0.234483,0.202,0.28,32.406897,32.3,32.5,4.103103,4.102,4.105,8301,8329,0,0,0,0
2023-04-23T14:00:00Z,29,,,,0.245172,0.2,0.282,32.489655,32.4,32.5,4.103655,4.102,4.105,8330,8358,0,0,0,0
2023-04-23T15:00:00Z,28,,,,0.242143,0.2,0.283,32.5,32.5,32.5,4.103929,4.102,4.105,8359,8386,0,0,0,0
2023-04-23T16:00:00Z,29,,,,0.238414,0.199,0.285,32.534483,32.5,32.6,4.103724,4.102,4.105,8387,8415,0,0,0,0
2023-04-23T17:00:00Z,29,,,,0.244862,0.2,0.281,32.548276,32.5,32.6,4.103207,4.102,4.105,8416,8444,0,0,0,0
2023-04-23T18:00:00Z,28,,,,0.24425,0.201,0.284,32.575,32.5,32.6,4.103321,4.1,4.105,8445,8472,0,0,0,0
2023-04-23T19:00:00Z,29,,,,0.242345,0.202,0.284,32.6,32.6,32.6,4.103138,4.102,4.105,8473,8501,0,0,0,0
2023-04-23T20:00:00Z,29,,,,0.242828,0.2,0.283,32.6,32.6,32.6,4.102655,4.1,4.105,8502,8530,0,0,0,0
2023-04-23T21:00:00Z,28,,,,0.238,0.2,0.283,32.6,32.6,32.6,4.101786,4.1,4.105,8531,8558,0,0,0,0
2023-04-23T22:00:00Z,29,,,,0.225759,0.201,0.278,32.6,32.6,32.6,4.102,4.1,4.105,8559,8587,0,0,0,0
2023-04-23T23:00:00Z,29,,,,0.233897,0.201,0.283,32.6,32.6,32.6,4.102207,4.1,4.105,8588,8616,0,0,0,0
2023-04-24T00:00:00Z,28,,,,0.232786,0.199,0.283,32.492857,30.2,32.7,4.102286,4.098,4.105,8617,8644,0,0,0,0
2023-04-24T01:00:00Z,29,,,,0.243897,0.2,0.285,30.965517,29.9,32.1,4.102448,4.098,4.105,8645,8673,0,0,0,0
2023-04-24T02:00:00Z,28,,,,0.239143,0.2,0.282,30.860714,30,32.2,4.103036,4.1,4.105,8674,8701,0,0,0,0
2023-04-24T03:00:00Z,29,,,,0.233483,0.2,0.283,30.927586,29.9,32.2,4.102655,4.1,4.105,8702,8730,0,0,0,0
2023-04-24T04:00:00Z,29,,,,0.245241,0.2,0.286,31.055172,29.9,32.1,4.102172,4.098,4.105,8731,8759,0,0,0,0
2023-04-24T05:00:00Z,28,,,,0.242464,0.2,0.283,31.003571,30.2,32.2,4.102,4.1,4.105,8760,8787,0,0,0,0
2023-04-24T06:00:00Z,29,,,,0.246655,0.2,0.285,31.172414,29.8,32.2,4.101172,4.098,4.103,8788,8816,0,0,0,0
2023-04-24T07:00:00Z,29,,,,0.239138,0.199,0.283,30.951724,29.8,32.1,4.101759,4.098,4.105,8817,8845,0,0,0,0
2023-04-24T08:00:00Z,28,,,,0.246536,0.202,0.283,31.003571,29.8,32.2,4.101607,4.1,4.105,8846,8873,0,0,0,0
2023-04-24T09:00:00Z,29,,,,0.238966,0.199,0.283,30.896552,29.8,32.2,4.100828,4.098,4.105,8874,8902,0,0,0,0
2023-04-24T10:00:00Z,29,,,,0.241966,0.2,0.282,30.827586,29.8,32.1,4.101724,4.098,4.105,8903,8931,0,0,0,0
2023-04-24T11:00:00Z,29,,,,0.243207,0.2,0.284,30.903448,29.8,32.1,4.101034,4.1,4.103,8932,8960,0,0,0,0
2023-04-24T12:00:00Z,28,,,,0.2435,0.199,0.281,30.942857,30.1,32.1,4.101393,4.1,4.105,8961,8988,0,0,0,0
2023-04-24T13:00:00Z,29,,,,0.239724,0.201,0.282,31.103448,30.1,32.3,4.101034,4.098,4.105,8989,9017,0,0,0,0
2023-04-24T14:00:00Z,28,,,,0.248821,0.202,0.283,31.078571,30.1,32.2,4.101,4.098,4.105,9018,9045,0,0,0,0
2023-04-24T15:00:00Z,29,,,,0.233034,0.198,0.285,30.955172,29.9,32.1,4.100897,4.098,4.105,9046,9074,0,0,0,0
2023-04-24T16:00:00Z,29,,,,0.240172,0.201,0.284,31.2,29.9,32.5,4.100724,4.097,4.105,9075,9103,0,0,0,0
2023-04-24T17:00:00Z,28,,,,0.242143,0.2,0.283,31.157143,29.9,32.5,4.099714,4.098,4.103,9104,9131,0,0,0,0
2023-04-24T18:00:00Z,29,,,,0.239379,0.201,0.285,31.082759,29.9,32.5,4.100207,4.097,4.103,9132,9160,0,0,0,0
2023-04-24T19:00:00Z,29,,,,0.237379,0.2,0.284,31.072414,30,32.5,4.099897,4.098,4.103,9161,9189,0,0,0,0
2023-04-24T20:00:00Z,28,,,,0.246536,0.198,0.285,31.025,29.9,32.2,4.099786,4.097,4.103,9190,9217,0,0,0,0
2023-04-24T21:00:00Z,29,,,,0.235517,0.198,0.286,31.034483,30,32.4,4.100448,4.098,4.103,9218,9246,0,0,0,0
2023-04-24T22:00:00Z,29,,,,0.25431,0.201,0.286,31.17931,30.1,32.5,4.100931,4.098,4.103,9247,9275,0,0,0,0
2023-04-24T23:00:00Z,28,,,,0.243536,0.2,0.285,31.282143,30.4,32.5,4.09975,4.097,4.103,9276,9303,0,0,0,0
2023-04-25T00:00:00Z,29,,,,0.23531,0.199,0.286,31.255172,30.1,32.5,4.099862,4.097,4.103,9304,9332,0,0,0,0
2023-04-25T01:00:00Z,29,,,,0.244655,0.2,0.282,31.2,30.1,32.1,4.099172,4.098,4.103,9333,9361,0,0,0,0
2023-04-25T02:00:00Z,28,,,,0.241143,0.201,0.285,31.828571,30.1,32.7,4.099143,4.093,4.103,9362,9389,0,0,0,0
2023-04-25T03:00:00Z,29,,,,0.233448,0.199,0.281,32.844828,32.6,32.9,4.098379,4.095,4.102,9390,9418,0,0,0,0
2023-04-25T04:00:00Z,29,,,,0.242345,0.199,0.282,32.517241,31.1,32.9,4.097483,4.095,4.102,9419,9447,0,0,0,0
2023-04-25T05:00:00Z,28,,,,0.24375,0.199,0.284,31.817857,30.6,32.6,4.098393,4.097,4.102,9448,9475,0,0,0,0
2023-04-25T06:00:00Z,29,,,,0.242414,0.199,0.286,31.955172,31.1,32.6,4.098793,4.097,4.102,9476,9504,0,0,0,0
2023-04-25T07:00:00Z,28,,,,0.242464,0.2,0.286,31.389286,30.1,32.2,4.099036,4.095,4.103,9505,9532,0,0,0,0
2023-04-25T08:00:00Z,23,,,,0.228,0.198,0.282,31.069565,30.1,32.1,4.098304,4.095,4.102,9533,9556,0,0,0,0
2023-04-25T09:00:00Z,3,,,,0.238333,0.203,0.275,31.333333,31.1,31.7,4.095667,4.095,4.097,9588,9590,0,0,0,0
2023-04-25T10:00:00Z,28,,,,0.236964,0.2,0.284,31.296429,30.2,32.1,4.097036,4.093,4.102,9591,9618,0,0,0,0
2023-04-25T11:00:00Z,29,,,,0.246862,0.201,0.284,31.431034,30.1,32.5,4.096966,4.093,4.102,9619,9647,0,0,0,0
2023-04-25T12:00:00Z,29,,,,0.231759,0.198,0.283,31.213793,30.2,32.1,4.096276,4.093,4.102,9648,9676,0,0,0,0
2023-04-25T13:00:00Z,28,,,,0.238321,0.198,0.285,31.425,30.1,32.5,4.095964,4.093,4.1,9677,9704,0,0,0,0
2023-04-25T14:00:00Z,29,,,,0.240448,0.199,0.284,31.417241,30,32.4,4.096586,4.093,4.102,9705,9733,0,0,0,0
2023-04-25T15:00:00Z,29,,,,0.247034,0.199,0.284,31.275862,30.7,32.4,4.09669,4.093,4.1,9734,9762,0,0,0,0
2023-04-25T16:00:00Z,28,,,,0.2495,0.198,0.286,31.239286,29.9,32.5,4.094893,4.092,4.098,9763,9790,0,0,0,0
2023-04-25T17:00:00Z,29,,,,0.234,0.198,0.285,31.003448,30.1,31.7,4.095483,4.092,4.1,9791,9819,0,0,0,0
2023-04-25T18:00:00Z,29,,,,0.243586,0.198,0.286,31.12069,29.8,32.5,4.097138,4.093,4.102,9820,9848,0,0,0,0
2023-04-25T19:00:00Z,28,,,,0.231393,0.198,0.286,30.917857,29.8,32.5,4.095,4.092,4.098,9849,9876,0,0,0,0
2023-04-25T20:00:00Z,29,,,,0.244345,0.198,0.285,30.958621,30.1,32.1,4.095,4.092,4.102,9877,9905,0,0,0,0
2023-04-25T21:00:00Z,28,,,,0.253143,0.198,0.286,31.1,29.6,32.3,4.094143,4.092,4.098,9906,9933,0,0,0,0
2023-04-25T22:00:00Z,29,,,,0.240138,0.198,0.286,31.044828,29.7,32.5,4.095414,4.092,4.1,9934,9962,0,0,0,0
2023-04-25T23:00:00Z,29,,,,0.244759,0.199,0.285,30.896552,29.8,32.4,4.094517,4.092,4.1,9963,9991,0,0,0,0
2023-04-26T00:00:00Z,28,,,,0.238143,0.199,0.286,30.896429,29.9,32.1,4.094536,4.092,4.098,9992,10019,0,0,0,0
2023-04-26T01:00:00Z,29,,,,0.24369,0.198,0.285,31.234483,30,32.5,4.095,4.093,4.098,10020,10048,0,0,0,0
2023-04-26T02:00:00Z,27,,,,0.250074,0.198,0.288,31.562963,30.3,32.5,4.094741,4.092,4.098,10049,10076,0,0,0,0
2023-04-26T03:00:00Z,29,,,,0.246138,0.198,0.286,31.637931,30.2,32.5,4.093897,4.092,4.098,10077,10105,0,0,0,0
2023-04-26T04:00:00Z,29,,,,0.240483,0.198,0.284,31.406897,29.8,32.5,4.093966,4.092,4.098,10106,10134,0,0,0,0
2023-04-26T05:00:00Z,28,,,,0.237643,0.199,0.286,31.264286,30,32.2,4.092679,4.09,4.098,10135,10162,0,0,0,0
2023-04-26T06:00:00Z,29,,,,0.237103,0.198,0.285,31.3,29.5,32.5,4.093138,4.092,4.097,10163,10191,0,0,0,0
2023-04-26T07:00:00Z,29,,,,0.246793,0.199,0.281,31.255172,29.9,32.5,4.093931,4.092,4.098,10192,10220,0,0,0,0
2023-04-26T08:00:00Z,28,,,,0.239786,0.2,0.281,31.439286,30.1,32.5,4.093857,4.092,4.097,10221,10248,0,0,0,0
2023-04-26T09:00:00Z,29,,,,0.240517,0.199,0.287,30.872414,29.6,32.1,4.093655,4.09,4.098,10249,10277,0,0,0,0
2023-04-26T10:00:00Z,28,,,,0.24775,0.199,0.285,30.839286,29.7,32.5,4.093643,4.09,4.1,10278,10305,0,0,0,0
2023-04-26T11:00:00Z,28,,,,0.251714,0.199,0.286,31.382143,30.1,32.5,4.09375,4.09,4.097,10306,10334,0,0,0,0
2023-04-26T12:00:00Z,29,,,,0.243379,0.199,0.286,31.058621,29.9,32.5,4.093655,4.092,4.097,10335,10363,0,0,0,0
2023-04-26T13:00:00Z,26,,,,0.238846,0.2,0.286,31.119231,30.3,32.5,4.093423,4.092,4.097,10364,10391,0,0,0,0
2023-04-26T14:00:00Z,29,,,,0.231,0.198,0.286,30.6,29.1,32.4,4.092138,4.09,4.097,10392,10420,0,0,0,0
2023-04-26T15:00:00Z,30,,,,0.2523,0.198,0.287,31.056667,29.5,32.4,4.091967,4.09,4.095,10421,10450,0,0,0,0
2023-04-26T16:00:00Z,29,,,,0.236517,0.199,0.284,30.941379,29.7,32.4,4.091448,4.09,4.093,10451,10479,0,0,0,0
2023-04-26T17:00:00Z,29,,,,0.247414,0.203,0.285,30.858621,29.9,32.4,4.091207,4.088,4.095,10480,10508,0,0,0,0
2023-04-26T18:00:00Z,29,,,,0.24131,0.199,0.286,30.617241,28.9,31.8,4.091034,4.088,4.093,10509,10537,0,0,0,0
2023-04-26T19:00:00Z,29,,,,0.246552,0.198,0.286,30.755172,29.1,32.5,4.092103,4.09,4.097,10538,10566,0,0,0,0
2023-04-26T20:00:00Z,30,,,,0.241533,0.199,0.286,30.556667,29.1,31.9,4.0918,4.088,4.095,10567,10596,0,0,0,0
2023-04-26T21:00:00Z,29,,,,0.235379,0.198,0.287,30.837931,29.1,32.4,4.091793,4.088,4.097,10597,10625,0,0,0,0
2023-04-26T22:00:00Z,29,,,,0.238517,0.2,0.286,30.706897,29,32.5,4.091759,4.09,4.095,10626,10654,0,0,0,0
2023-04-26T23:00:00Z,29,,,,0.247517,0.198,0.286,30.782759,29.1,32.3,4.091138,4.088,4.093,10655,10683,0,0,0,0
2023-04-27T00:00:00Z,29,,,,0.238517,0.198,0.285,30.751724,29.3,32.4,4.092,4.09,4.097,10684,10712,0,0,0,0
2023-04-27T01:00:00Z,30,,,,0.2408,0.199,0.284,30.76,29.1,32.4,4.0917,4.09,4.095,10713,10742,0,0,0,0
2023-04-27T02:00:00Z,29,,,,0.242793,0.198,0.285,30.693103,29.2,32.4,4.090241,4.087,4.093,10743,10771,0,0,0,0
2023-04-27T03:00:00Z,29,,,,0.242931,0.199,0.284,31.010345,29.3,32.5,4.091345,4.088,4.095,10772,10800,0,0,0,0
2023-04-27T04:00:00Z,29,,,,0.229138,0.2,0.284,30.706897,29.5,32.3,4.09131,4.088,4.095,10801,10829,0,0,0,0
2023-04-27T05:00:00Z,28,,,,0.243536,0.2,0.286,30.982143,29.5,32.5,4.091036,4.088,4.093,10830,10857,0,0,0,0
2023-04-27T06:00:00Z,29,,,,0.246414,0.201,0.287,30.848276,29.3,32.2,4.090897,4.088,4.095,10858,10886,0,0,0,0
2023-04-27T07:00:00Z,29,,,,0.245655,0.199,0.286,30.668966,29.3,32.2,4.090379,4.088,4.093,10887,10915,0,0,0,0
2023-04-27T08:00:00Z,28,,,,0.240571,0.198,0.286,30.860714,29.4,32.5,4.090893,4.087,4.095,10916,10943,0,0,0,0
2023-04-27T09:00:00Z,29,,,,0.24531,0.2,0.286,30.962069,29.6,32.5,4.091034,4.088,4.093,10944,10972,0,0,0,0
2023-04-27T10:00:00Z,29,,,,0.238241,0.199,0.286,30.734483,29.3,32.4,4.089448,4.087,4.093,10973,11001,0,0,0,0
2023-04-27T11:00:00Z,29,,,,0.241966,0.199,0.285,30.810345,29.4,32.5,4.090897,4.087,4.095,11002,11030,0,0,0,0
2023-04-27T12:00:00Z,28,,,,0.225571,0.198,0.286,30.392857,29.3,32.3,4.088821,4.087,4.092,11031,11058,0,0,0,0
2023-04-27T13:00:00Z,29,,,,0.240931,0.2,0.285,30.67931,29.3,32.3,4.089483,4.087,4.092,11059,11087,0,0,0,0
2023-04-27T14:00:00Z,29,,,,0.234241,0.2,0.288,30.651724,29.1,32.1,4.088966,4.087,4.092,11088,11116,0,0,0,0
2023-04-27T15:00:00Z,28,,,,0.251321,0.199,0.286,30.632143,29.1,31.9,4.088536,4.087,4.092,11117,11144,0,0,0,0
2023-04-27T16:00:00Z,29,,,,0.249586,0.2,0.287,30.755172,29.1,32.4,4.089103,4.087,4.092,11145,11173,0,0,0,0
2023-04-27T17:00:00Z,29,,,,0.246621,0.198,0.286,30.648276,29,32.4,4.089034,4.087,4.093,11174,11202,0,0,0,0
2023-04-27T18:00:00Z,28,,,,0.239143,0.198,0.287,30.6,29,32.5,4.089036,4.087,4.092,11203,11230,0,0,0,0
2023-04-27T19:00:00Z,29,,,,0.250276,0.2,0.288,30.748276,29,32.5,4.08869,4.087,4.092,11231,11259,0,0,0,0
2023-04-27T20:00:00Z,29,,,,0.249897,0.202,0.286,30.755172,29.9,32.5,4.089172,4.087,4.093,11260,11288,0,0,0,0
2023-04-27T21:00:00Z,28,,,,0.237821,0.199,0.287,30.478571,28.6,32.5,4.087929,4.085,4.092,11289,11316,0,0,0,0
2023-04-27T22:00:00Z,29,,,,0.244966,0.198,0.287,30.568966,28.7,32.4,4.08869,4.085,4.092,11317,11345,0,0,0,0
2023-04-27T23:00:00Z,29,,,,0.252931,0.201,0.287,30.686207,29.8,31.8,4.089207,4.087,4.092,11346,11374,0,0,0,0
2023-04-28T00:00:00Z,28,,,,0.232714,0.199,0.286,30.242857,28.7,31.8,4.088,4.085,4.092,11375,11402,0,0,0,0
2023-04-28T01:00:00Z,29,,,,0.241862,0.198,0.287,30.548276,29.1,32.4,4.088069,4.085,4.092,11403,11431,0,0,0,0
2023-04-28T02:00:00Z,28,,,,0.238,0.199,0.287,30.653571,29.3,32.5,4.088786,4.087,4.093,11432,11460,0,0,0,0
2023-04-28T03:00:00Z,28,,,,0.238679,0.199,0.286,30.260714,28.3,32.1,4.087857,4.085,4.092,11461,11488,0,0,0,0
2023-04-28T04:00:00Z,29,,,,0.236897,0.199,0.285,29.917241,28.1,31.9,4.08731,4.085,4.09,11489,11517,0,0,0,0
2023-04-28T05:00:00Z,28,,,,0.243607,0.199,0.285,30.039286,28,32.1,4.087,4.085,4.09,11518,11545,0,0,0,0
2023-04-28T06:00:00Z,29,,,,0.241379,0.199,0.286,30.255172,28.2,32.2,4.087483,4.085,4.09,11546,11574,0,0,0,0
2023-04-28T07:00:00Z,29,,,,0.241655,0.198,0.287,30.358621,29.1,32.2,4.087,4.085,4.09,11575,11603,0,0,0,0
2023-04-28T08:00:00Z,29,,,,0.234379,0.198,0.285,30.210345,28,32.3,4.087138,4.085,4.092,11604,11632,0,0,0,0
2023-04-28T09:00:00Z,28,,,,0.246214,0.2,0.286,30.178571,28.1,32.4,4.08675,4.083,4.09,11633,11660,0,0,0,0
2023-04-28T10:00:00Z,29,,,,0.246379,0.2,0.289,30.206897,28.1,32.1,4.086241,4.083,4.09,11661,11689,0,0,0,0
2023-04-28T11:00:00Z,29,,,,0.246069,0.199,0.286,30.4,28.1,32.2,4.085828,4.085,4.09,11690,11718,0,0,0,0
2023-04-28T12:00:00Z,28,,,,0.243571,0.198,0.286,30.132143,27.9,32,4.086036,4.083,4.088,11719,11746,0,0,0,0
2023-04-28T13:00:00Z,29,,,,0.243517,0.198,0.285,30.248276,28.4,32.3,4.086172,4.083,4.09,11747,11775,0,0,0,0
2023-04-28T14:00:00Z,29,,,,0.254483,0.199,0.286,30.42069,28,32.2,4.085552,4.082,4.09,11776,11804,0,0,0,0
2023-04-28T15:00:00Z,28,,,,0.243143,0.201,0.289,30.321429,28.3,32.1,4.085929,4.083,4.088,11805,11832,0,0,0,0
2023-04-28T16:00:00Z,29,,,,0.248655,0.2,0.287,30.124138,27.8,32.3,4.086138,4.085,4.09,11833,11861,0,0,0,0
2023-04-28T17:00:00Z,29,,,,0.256345,0.198,0.286,30.648276,28.9,32.5,4.086448,4.083,4.09,11862,11890,0,0,0,0
2023-04-28T18:00:00Z,28,,,,0.251036,0.199,0.287,30.339286,28.1,32.2,4.085143,4.083,4.088,11891,11918,0,0,0,0
2023-04-28T19:00:00Z,29,,,,0.251103,0.199,0.289,30.072414,27.7,31.6,4.085897,4.083,4.088,11919,11947,0,0,0,0
2023-04-28T20:00:00Z,28,,,,0.245679,0.2,0.289,30.475,27.6,32.4,4.0855,4.083,4.09,11948,11975,0,0,0,0
2023-04-28T21:00:00Z,29,,,,0.243966,0.198,0.288,30.141379,28.4,32.3,4.085759,4.083,4.088,11976,12004,0,0,0,0
2023-04-28T22:00:00Z,29,,,,0.239724,0.198,0.288,29.813793,27.4,32,4.085448,4.083,4.09,12005,12033,0,0,0,0
2023-04-28T23:00:00Z,28,,,,0.23675,0.198,0.289,29.746429,27.7,31.4,4.085893,4.083,4.088,12034,12061,0,0,0,0
2023-04-29T00:00:00Z,29,,,,0.239586,0.198,0.288,29.693103,27.9,32.3,4.085897,4.083,4.088,12062,12090,0,0,0,0
2023-04-29T01:00:00Z,28,,,,0.248679,0.198,0.286,30.257143,28.2,32.1,4.085536,4.083,4.088,12091,12118,0,0,0,0
2023-04-29T02:00:00Z,29,,,,0.238931,0.198,0.286,30.32069,27.9,32.4,4.085103,4.082,4.088,12119,12147,0,0,0,0
2023-04-29T03:00:00Z,29,,,,0.23631,0.198,0.288,30.217241,28.5,31.8,4.085069,4.083,4.088,12148,12176,0,0,0,0
2023-04-29T04:00:00Z,28,,,,0.243036,0.198,0.29,30.121429,28.2,32.2,4.085536,4.083,4.09,12177,12204,0,0,0,0
2023-04-29T05:00:00Z,28,,,,0.24475,0.198,0.286,30.832143,29.3,32.3,4.085786,4.083,4.09,12205,12233,0,0,0,0
2023-04-29T06:00:00Z,29,,,,0.251552,0.199,0.288,30.506897,29,31.7,4.085034,4.083,4.088,12234,12262,0,0,0,0
2023-04-29T07:00:00Z,28,,,,0.248429,0.203,0.286,30.610714,28.5,32.4,4.085536,4.083,4.088,12263,12290,0,0,0,0
2023-04-29T08:00:00Z,27,,,,0.239222,0.199,0.288,30.492593,28.6,32.5,4.084741,4.082,4.087,12291,12317,0,0,0,0
2023-04-29T09:00:00Z,25,,,,0.2364,0.201,0.286,30.212,28.5,31.4,4.08424,4.083,4.088,12324,12348,0,0,0,0
2023-04-29T10:00:00Z,28,,,,0.251214,0.198,0.288,30.571429,29.2,32.1,4.083964,4.082,4.087,12349,12376,0,0,0,0
2023-04-29T11:00:00Z,29,,,,0.246448,0.199,0.286,30.489655,28.9,32.4,4.084138,4.082,4.087,12377,12405,0,0,0,0
2023-04-29T12:00:00Z,29,,,,0.238103,0.198,0.289,30.089655,28.1,32.3,4.083448,4.082,4.087,12406,12434,0,0,0,0
2023-04-29T13:00:00Z,28,,,,0.234857,0.199,0.286,30.45,28.6,32.4,4.084,4.082,4.088,12435,12462,0,0,0,0
2023-04-29T14:00:00Z,29,,,,0.234897,0.198,0.283,30.193103,28.6,32.4,4.083931,4.082,4.087,12463,12491,0,0,0,0
2023-04-29T15:00:00Z,29,,,,0.248655,0.198,0.29,30.451724,28.6,32.4,4.083655,4.082,4.087,12492,12520,0,0,0,0
2023-04-29T16:00:00Z,28,,,,0.25,0.201,0.287,30.403571,27.9,32.4,4.083679,4.082,4.087,12521,12548,0,0,0,0
2023-04-29T17:00:00Z,29,,,,0.234069,0.198,0.288,30.062069,28.1,32.4,4.084103,4.083,4.087,12549,12577,0,0,0,0
2023-04-29T18:00:00Z,29,,,,0.248448,0.2,0.291,30.27931,29.3,31.1,4.083034,4.082,4.085,12578,12606,0,0,0,0
2023-04-29T19:00:00Z,28,,,,0.240857,0.198,0.288,30.439286,28.3,32.5,4.082964,4.082,4.087,12607,12634,0,0,0,0
2023-04-29T20:00:00Z,29,,,,0.243931,0.199,0.288,30.168966,28.3,32.4,4.082897,4.082,4.087,12635,12663,0,0,0,0
2023-04-29T21:00:00Z,29,,,,0.237207,0.198,0.291,30.168966,28.1,32.5,4.083069,4.082,4.085,12664,12692,0,0,0,0
2023-04-29T22:00:00Z,28,,,,0.247964,0.198,0.29,30.275,28.1,32.2,4.083071,4.082,4.085,12693,12720,0,0,0,0
2023-04-29T23:00:00Z,29,,,,0.243414,0.198,0.291,30.131034,28.1,32.5,4.083621,4.082,4.088,12721,12749,0,0,0,0
2023-04-30T00:00:00Z,28,,,,0.242179,0.199,0.288,30.371429,28.2,32.5,4.083143,4.082,4.085,12750,12777,0,0,0,0
2023-04-30T01:00:00Z,29,,,,0.242069,0.198,0.287,30.962069,29.1,32.5,4.083241,4.082,4.085,12778,12806,0,0,0,0
2023-04-30T02:00:00Z,29,,,,0.247517,0.198,0.29,30.406897,28.6,32.5,4.082586,4.082,4.085,12807,12835,0,0,0,0
2023-04-30T03:00:00Z,28,,,,0.241429,0.198,0.287,30.328571,28.2,31.8,4.082929,4.082,4.085,12836,12863,0,0,0,0
2023-04-30T04:00:00Z,29,,,,0.245793,0.198,0.287,30.110345,28.2,32.2,4.082793,4.082,4.087,12864,12892,0,0,0,0
2023-04-30T05:00:00Z,29,,,,0.250138,0.198,0.288,30.189655,27.7,32.1,4.082931,4.082,4.085,12893,12921,0,0,0,0
2023-04-30T06:00:00Z,28,,,,0.237071,0.2,0.286,30.367857,28.8,32.3,4.083286,4.082,4.087,12922,12949,0,0,0,0
2023-04-30T07:00:00Z,29,,,,0.237621,0.198,0.286,30.103448,28,32.5,4.082828,4.082,4.085,12950,12978,0,0,0,0
2023-04-30T08:00:00Z,29,,,,0.242931,0.197,0.283,29.962069,27.9,32.3,4.082897,4.082,4.087,12979,13007,0,0,0,0
2023-04-30T09:00:00Z,28,,,,0.242214,0.198,0.289,30.096429,27.7,32.4,4.082571,4.082,4.085,13008,13035,0,0,0,0
2023-04-30T10:00:00Z,29,,,,0.244103,0.198,0.29,29.944828,27.5,32.3,4.082828,4.082,4.085,13036,13064,0,0,0,0
2023-04-30T11:00:00Z,29,,,,0.235862,0.198,0.288,29.968966,27.5,31.5,4.082621,4.082,4.085,13065,13093,0,0,0,0
2023-04-30T12:00:00Z,28,,,,0.238143,0.198,0.29,29.875,27.7,32.4,4.082857,4.082,4.085,13094,13121,0,0,0,0
2023-04-30T13:00:00Z,29,,,,0.244,0.2,0.288,29.927586,27.2,32.3,4.082138,4.08,4.085,13122,13150,0,0,0,0
2023-04-30T14:00:00Z,28,,,,0.240643,0.197,0.29,29.489286,27.3,32.4,4.082393,4.082,4.085,13151,13178,0,0,0,0
2023-04-30T15:00:00Z,29,,,,0.24531,0.2,0.291,29.77931,27.9,31.7,4.082759,4.082,4.087,13179,13207,0,0,0,0
2023-04-30T16:00:00Z,29,,,,0.248655,0.197,0.291,29.482759,27.1,31.6,4.082517,4.082,4.085,13208,13236,0,0,0,0
2023-04-30T17:00:00Z,29,,,,0.241,0.198,0.289,29.534483,26.8,32.3,4.082897,4.082,4.085,13237,13265,0,0,0,0
2023-04-30T18:00:00Z,28,,,,0.242571,0.199,0.29,29.496429,28,32.1,4.082321,4.082,4.085,13266,13293,0,0,0,0
2023-04-30T19:00:00Z,29,,,,0.237448,0.198,0.292,29.57931,26.8,32.1,4.081966,4.08,4.083,13294,13322,0,0,0,0
2023-04-30T20:00:00Z,28,,,,0.254179,0.201,0.293,29.914286,28.3,32.5,4.082143,4.08,4.085,13323,13350,0,0,0,0
2023-04-30T21:00:00Z,29,,,,0.244655,0.201,0.291,29.693103,26.8,32.4,4.081862,4.08,4.083,13351,13379,0,0,0,0
2023-04-30T22:00:00Z,29,,,,0.243034,0.2,0.292,29.686207,27.6,32.2,4.082034,4.08,4.083,13380,13408,0,0,0,0
2023-04-30T23:00:00Z,28,,,,0.240571,0.198,0.291,29.121429,26.5,32.2,4.08175,4.08,4.083,13409,13436,0,0,0,0
2023-05-01T00:00:00Z,29,,,,0.253966,0.199,0.29,29.517241,28.4,32.4,4.081828,4.08,4.083,13437,13465,0,0,0,0
2023-05-01T01:00:00Z,29,,,,0.239793,0.198,0.289,29.417241,27.3,32.2,4.082,4.08,4.083,13466,13494,0,0,0,0
2023-05-01T02:00:00Z,28,,,,0.255929,0.199,0.289,30.435714,27.2,32.5,4.082071,4.08,4.083,13495,13522,0,0,0,0
2023-05-01T03:00:00Z,29,,,,0.247345,0.198,0.288,30.275862,27.9,32.4,4.08169,4.08,4.083,13523,13551,0,0,0,0
2023-05-01T04:00:00Z,28,,,,0.244107,0.198,0.286,30.092857,27.7,32.4,4.081786,4.08,4.085,13552,13579,0,0,0,0
2023-05-01T05:00:00Z,29,,,,0.245552,0.198,0.288,30.006897,27.5,32.3,4.081483,4.08,4.083,13580,13608,0,0,0,0
2023-05-01T06:00:00Z,29,,,,0.244552,0.198,0.287,30.151724,27.4,32.4,4.081138,4.08,4.083,13609,13637,0,0,0,0
2023-05-01T07:00:00Z,28,,,,0.245607,0.197,0.288,30.364286,28.3,32.3,4.081143,4.08,4.083,13638,13665,0,0,0,0
2023-05-01T08:00:00Z,29,,,,0.24831,0.196,0.288,30.096552,27.8,32.5,4.081483,4.08,4.083,13666,13694,0,0,0,0
2023-05-01T09:00:00Z,29,,,,0.241276,0.198,0.286,30.031034,27.6,32.1,4.080897,4.08,4.083,13695,13723,0,0,0,0
2023-05-01T10:00:00Z,28,,,,0.242929,0.198,0.29,30.067857,27.6,32.3,4.080893,4.08,4.083,13724,13751,0,0,0,0
2023-05-01T11:00:00Z,29,,,,0.247414,0.198,0.288,30.210345,28.6,32.4,4.081034,4.08,4.082,13752,13780,0,0,0,0
2023-05-01T12:00:00Z,28,,,,0.242286,0.198,0.288,29.778571,27.5,31.4,4.080786,4.08,4.082,13781,13808,0,0,0,0
2023-05-01T13:00:00Z,29,,,,0.249379,0.201,0.289,30.427586,27.5,32.2,4.080759,4.08,4.083,13809,13837,0,0,0,0
2023-05-01T14:00:00Z,29,,,,0.242207,0.198,0.289,29.972414,27.5,32.3,4.080862,4.08,4.083,13838,13866,0,0,0,0
2023-05-01T15:00:00Z,28,,,,0.236821,0.198,0.289,30.053571,27.8,32.5,4.081,4.08,4.083,13867,13894,0,0,0,0
2023-05-01T16:00:00Z,29,,,,0.237172,0.197,0.291,30.089655,27.5,32.6,4.080966,4.08,4.082,13895,13923,0,0,0,0
2023-05-01T17:00:00Z,29,,,,0.252483,0.198,0.291,30.689655,29.1,32.7,4.081034,4.08,4.082,13924,13952,0,0,0,0
2023-05-01T18:00:00Z,28,,,,0.241143,0.198,0.291,30.221429,27.7,32.2,4.080893,4.08,4.083,13953,13980,0,0,0,0
2023-05-01T19:00:00Z,29,,,,0.245345,0.198,0.291,30.148276,27.9,31.8,4.080621,4.08,4.082,13981,14009,0,0,0,0
2023-05-01T20:00:00Z,28,,,,0.244929,0.198,0.294,29.489286,27.2,31.2,4.0805,4.08,4.082,14010,14037,0,0,0,0
2023-05-01T21:00:00Z,29,,,,0.241655,0.198,0.291,29.637931,27.3,32.5,4.080862,4.078,4.083,14038,14066,0,0,0,0
2023-05-01T22:00:00Z,29,,,,0.241966,0.198,0.291,29.72069,26.8,32.3,4.080483,4.08,4.082,14067,14095,0,0,0,0
2023-05-01T23:00:00Z,28,,,,0.255321,0.198,0.292,29.982143,27.5,32.1,4.080714,4.08,4.082,14096,14123,0,0,0,0
2023-05-02T00:00:00Z,29,,,,0.252379,0.201,0.292,29.958621,28.2,32.4,4.080552,4.08,4.082,14124,14152,0,0,0,0
2023-05-02T01:00:00Z,29,,,,0.249655,0.198,0.291,29.889655,28,32.1,4.080414,4.08,4.082,14153,14181,0,0,0,0
2023-05-02T02:00:00Z,28,,,,0.2505,0.198,0.292,30.364286,28.7,32.5,4.080786,4.08,4.082,14182,14209,0,0,0,0
2023-05-02T03:00:00Z,29,,,,0.23969,0.199,0.29,30.024138,28.3,31.4,4.080759,4.08,4.082,14210,14238,0,0,0,0
2023-05-02T04:00:00Z,28,,,,0.247893,0.198,0.289,29.982143,27.6,32.5,4.080429,4.078,4.082,14239,14266,0,0,0,0
2023-05-02T05:00:00Z,28,,,,0.237571,0.199,0.287,30.082143,27.9,31.8,4.080429,4.08,4.082,14267,14295,0,0,0,0
2023-05-02T06:00:00Z,29,,,,0.251655,0.199,0.29,29.844828,27.4,32.5,4.080207,4.078,4.082,14296,14324,0,0,0,0
2023-05-02T07:00:00Z,29,,,,0.244448,0.203,0.288,26.586207,23.2,29.6,4.079241,4.078,4.08,14325,14353,0,0,0,0
2023-05-02T08:00:00Z,28,,,,0.249821,0.205,0.29,25.828571,22.4,28.7,4.078571,4.078,4.08,14354,14381,0,0,0,0
2023-05-02T09:00:00Z,29,,,,0.251862,0.212,0.288,25.289655,22.5,28,4.07931,4.078,4.082,14382,14410,0,0,0,0
2023-05-02T10:00:00Z,28,,,,0.257714,0.207,0.289,25.475,22.7,28.1,4.079071,4.078,4.08,14411,14438,0,0,0,0
2023-05-02T11:00:00Z,28,,,,0.24825,0.204,0.286,27.025,22.4,29.3,4.079714,4.078,4.082,14439,14467,0,0,0,0
2023-05-02T12:00:00Z,27,,,,0.240148,0.203,0.283,28.233333,25.8,30.5,4.079926,4.078,4.082,14468,14496,0,0,0,0
2023-05-02T13:00:00Z,28,,,,0.244321,0.203,0.285,28.557143,26.3,30.6,4.079571,4.078,4.08,14497,14524,0,0,0,0
2023-05-02T14:00:00Z,29,,,,0.237172,0.203,0.285,28.713793,26.5,31.2,4.079586,4.078,4.082,14525,14553,0,0,0,0
2023-05-02T15:00:00Z,29,,,,0.234586,0.203,0.286,27.034483,24.1,29.6,4.079103,4.078,4.08,14554,14582,0,0,0,0
2023-05-02T16:00:00Z,28,,,,0.253821,0.21,0.288,26.35,23.5,28.9,4.078393,4.077,4.08,14583,14610,0,0,0,0
2023-05-02T17:00:00Z,29,,,,0.242759,0.207,0.287,25.765517,23.6,27.9,4.078448,4.077,4.08,14611,14639,0,0,0,0
2023-05-02T18:00:00Z,28,,,,0.253571,0.204,0.287,26.2,23.1,29.5,4.079321,4.077,4.08,14640,14667,0,0,0,0
2023-05-02T19:00:00Z,28,,,,0.240714,0.204,0.285,27.5,24.9,29.2,4.078679,4.077,4.08,14668,14696,0,0,0,0
2023-05-02T20:00:00Z,29,,,,0.248759,0.203,0.288,28.313793,26,30.6,4.078862,4.077,4.08,14697,14725,0,0,0,0
2023-05-02T21:00:00Z,28,,,,0.247321,0.207,0.282,28.478571,27.3,30.7,4.078321,4.077,4.08,14726,14753,0,0,0,0
2023-05-02T22:00:00Z,29,,,,0.246759,0.203,0.285,28.937931,26.4,31,4.079034,4.078,4.082,14754,14782,0,0,0,0
2023-05-02T23:00:00Z,29,,,,0.234448,0.203,0.285,28.848276,26.7,31,4.079069,4.077,4.08,14783,14811,0,0,0,0
2023-05-03T00:00:00Z,28,,,,0.250929,0.204,0.286,27.235714,24.7,29.7,4.078929,4.078,4.08,14812,14839,0,0,0,0
2023-05-03T01:00:00Z,29,,,,0.242897,0.207,0.286,25.696552,23.5,28.3,4.078862,4.077,4.08,14840,14868,0,0,0,0
2023-05-03T02:00:00Z,28,,,,0.244964,0.207,0.286,26.085714,24.2,27.9,4.078321,4.077,4.08,14869,14897,0,0,0,0
2023-05-03T03:00:00Z,24,,,,0.244542,0.208,0.284,25.95,24.2,27.7,4.078167,4.077,4.08,14898,14925,0,0,0,0
2023-05-03T04:00:00Z,25,,,,0.24808,0.208,0.286,26.108,24.4,27.5,4.07772,4.075,4.08,14926,14953,0,0,0,0
2023-05-03T05:00:00Z,29,,,,0.244138,0.208,0.285,26.02069,24.5,27.2,4.077793,4.075,4.08,14954,14982,0,0,0,0
2023-05-03T06:00:00Z,30,,,,0.248367,0.208,0.286,25.933333,24.4,27,4.0776,4.073,4.08,14983,15012,0,0,0,0
2023-05-03T07:00:00Z,29,,,,0.241552,0.205,0.285,26.768966,24.5,28.5,4.07731,4.075,4.08,15013,15041,0,0,0,0
2023-05-03T08:00:00Z,29,,,,0.247483,0.205,0.281,28.651724,27.2,30.1,4.078138,4.073,4.08,15042,15070,0,0,0,0
2023-05-03T09:00:00Z,29,,,,0.251241,0.205,0.284,28.97931,27.3,30.4,4.078103,4.077,4.08,15071,15099,0,0,0,0
2023-05-03T10:00:00Z,29,,,,0.245345,0.206,0.282,29.210345,28.3,30.6,4.078621,4.077,4.08,15100,15128,0,0,0,0
2023-05-03T11:00:00Z,30,,,,0.234633,0.203,0.285,28.803333,27.3,30.3,4.078167,4.077,4.08,15129,15158,0,0,0,0
2023-05-03T12:00:00Z,29,,,,0.252207,0.203,0.284,27.565517,24,29.9,4.078,4.075,4.08,15159,15187,0,0,0,0
2023-05-03T13:00:00Z,28,,,,0.244107,0.208,0.286,26.132143,24.2,28.2,4.077857,4.075,4.08,15188,15216,0,0,0,0
2023-05-03T14:00:00Z,29,,,,0.250138,0.208,0.286,25.817241,24.1,27.7,4.077724,4.077,4.08,15217,15245,0,0,0,0
2023-05-03T15:00:00Z,29,,,,0.247,0.208,0.286,25.589655,24.1,27.4,4.07731,4.075,4.08,15246,15274,0,0,0,0
2023-05-03T16:00:00Z,30,,,,0.2563,0.208,0.286,25.953333,24.2,27.3,4.0765,4.073,4.08,15275,15304,0,0,0,0
2023-05-03T17:00:00Z,29,,,,0.250345,0.207,0.289,26.296552,24.2,28.8,4.07731,4.075,4.08,15305,15333,0,0,0,0
2023-05-03T18:00:00Z,29,,,,0.244966,0.206,0.285,27.589655,26.1,29.6,4.077138,4.075,4.08,15334,15362,0,0,0,0
2023-05-03T19:00:00Z,29,,,,0.245483,0.203,0.284,28.003448,26.7,29.9,4.077414,4.075,4.08,15363,15391,0,0,0,0
2023-05-03T20:00:00Z,29,,,,0.240586,0.203,0.283,28.213793,26.7,30.1,4.077069,4.075,4.08,15392,15420,0,0,0,0
2023-05-03T21:00:00Z,29,,,,0.236724,0.205,0.285,28.424138,27.3,29.4,4.076759,4.075,4.08,15421,15449,0,0,0,0
2023-05-03T22:00:00Z,30,,,,0.2507,0.206,0.286,26.233333,23.3,28.5,4.076467,4.073,4.078,15450,15479,0,0,0,0
2023-05-03T23:00:00Z,29,,,,0.240172,0.207,0.287,25.265517,23.3,27.2,4.075862,4.073,4.078,15480,15508,0,0,0,0
2023-05-04T00:00:00Z,29,,,,0.238724,0.204,0.282,27.144828,25.6,29.6,4.076448,4.073,4.08,15509,15537,0,0,0,0
2023-05-04T01:00:00Z,29,,,,0.245793,0.203,0.281,28.503448,27,30.1,4.077207,4.075,4.08,15538,15566,0,0,0,0
2023-05-04T02:00:00Z,29,,,,0.25231,0.204,0.284,28.682759,27,30,4.077069,4.075,4.08,15567,15595,0,0,0,0
2023-05-04T03:00:00Z,30,,,,0.236867,0.203,0.282,29.13,27.5,30.1,4.076967,4.075,4.08,15596,15625,0,0,0,0
2023-05-04T04:00:00Z,29,,,,0.247,0.203,0.281,29.193103,27.7,31,4.076862,4.073,4.08,15626,15654,0,0,0,0
2023-05-04T05:00:00Z,29,,,,0.239103,0.203,0.281,29.206897,27.7,30.8,4.077103,4.075,4.08,15655,15683,0,0,0,0
2023-05-04T06:00:00Z,29,,,,0.240034,0.203,0.281,29.468966,28.1,31,4.076621,4.075,4.078,15684,15712,0,0,0,0
2023-05-04T07:00:00Z,29,,,,0.228552,0.203,0.285,29.441379,27.9,31.1,4.076931,4.075,4.08,15713,15741,0,0,0,0
2023-05-04T08:00:00Z,30,,,,0.2533,0.205,0.285,29.983333,29,31.2,4.077467,4.075,4.08,15742,15771,0,0,0,0
2023-05-04T09:00:00Z,29,,,,0.234655,0.202,0.284,29.758621,28.6,31.1,4.076448,4.075,4.078,15772,15800,0,0,0,0
2023-05-04T10:00:00Z,29,,,,0.244379,0.205,0.282,29.934483,28.5,31.3,4.07631,4.073,4.078,15801,15829,0,0,0,0
2023-05-04T11:00:00Z,29,,,,0.236345,0.202,0.281,29.944828,28.5,31.3,4.077621,4.075,4.08,15830,15858,0,0,0,0
2023-05-04T12:00:00Z,29,,,,0.243828,0.203,0.282,30.193103,29.6,31.3,4.076793,4.075,4.08,15859,15887,0,0,0,0
2023-05-04T13:00:00Z,30,,,,0.241033,0.203,0.281,29.91,28.4,31.1,4.0765,4.073,4.078,15888,15917,0,0,0,0
2023-05-04T14:00:00Z,29,,,,0.241172,0.203,0.284,29.865517,28.7,31.3,4.077448,4.075,4.08,15918,15946,0,0,0,0
2023-05-04T15:00:00Z,21,,,,0.243714,0.201,0.282,29.504762,27.9,31.2,4.077429,4.075,4.08,15947,15975,0,0,0,0
2023-05-04T16:00:00Z,29,,,,0.250862,0.203,0.284,29.703448,28.4,31.2,4.077345,4.075,4.08,15976,16004,0,0,0,0
2023-05-04T17:00:00Z,29,,,,0.235759,0.203,0.284,29.458621,27.9,31.2,4.077414,4.075,4.08,16005,16033,0,0,0,0
2023-05-04T18:00:00Z,29,,,,0.252759,0.203,0.286,29.775862,27.7,31.1,4.077,4.075,4.08,16034,16062,0,0,0,0
2023-05-04T19:00:00Z,30,,,,0.2542,0.203,0.286,29.933333,28.8,31.2,4.076667,4.073,4.08,16063,16092,0,0,0,0
2023-05-04T20:00:00Z,29,,,,0.239345,0.203,0.284,29.22069,27.6,31.1,4.076828,4.073,4.08,16093,16121,0,0,0,0
2023-05-04T21:00:00Z,29,,,,0.246448,0.202,0.285,29.203448,27.4,30.7,4.075862,4.075,4.078,16122,16150,0,0,0,0
2023-05-04T22:00:00Z,29,,,,0.238931,0.204,0.284,28.434483,27.2,30.3,4.076034,4.073,4.078,16151,16179,0,0,0,0
2023-05-04T23:00:00Z,29,,,,0.241379,0.203,0.283,28.3,26,31,4.076138,4.073,4.078,16180,16208,0,0,0,0
2023-05-05T00:00:00Z,30,,,,0.2453,0.206,0.283,28.02,26.7,29.9,4.075367,4.072,4.078,16209,16238,0,0,0,0
2023-05-05T01:00:00Z,29,,,,0.23569,0.203,0.278,27.958621,25.9,30.7,4.075552,4.073,4.078,16239,16267,0,0,0,0
2023-05-05T02:00:00Z,29,,,,0.242897,0.203,0.281,28.741379,27,30.9,4.076379,4.073,4.078,16268,16296,0,0,0,0
2023-05-05T03:00:00Z,29,,,,0.236241,0.202,0.28,28.965517,27.5,30.6,4.075483,4.073,4.078,16297,16325,0,0,0,0
2023-05-05T04:00:00Z,29,,,,0.232138,0.203,0.276,29.2,27.8,30,4.075207,4.073,4.078,16326,16354,0,0,0,0
2023-05-05T05:00:00Z,30,,,,0.2434,0.203,0.281,29.493333,28.3,30.6,4.074967,4.072,4.078,16355,16384,0,0,0,0
2023-05-05T06:00:00Z,29,,,,0.24231,0.203,0.281,30.062069,29,31.6,4.074966,4.072,4.077,16385,16413,0,0,0,0
2023-05-05T07:00:00Z,29,,,,0.244655,0.203,0.281,30.5,28.9,32,4.07431,4.073,4.078,16414,16442,0,0,0,0
2023-05-05T08:00:00Z,29,,,,0.238276,0.201,0.282,32.037931,30.9,32.7,4.075862,4.073,4.078,16443,16471,0,0,0,0
2023-05-05T09:00:00Z,29,,,,0.238552,0.201,0.281,32.689655,32.6,32.7,4.075655,4.073,4.078,16472,16500,0,0,0,0
2023-05-05T10:00:00Z,30,,,,0.2359,0.2,0.282,32.7,32.7,32.7,4.0749,4.073,4.078,16501,16530,0,0,0,0
2023-05-05T11:00:00Z,29,,,,0.245448,0.202,0.282,32.317241,30,32.7,4.075,4.072,4.078,16531,16559,0,0,0,0
2023-05-05T12:00:00Z,28,,,,0.242321,0.201,0.282,30.835714,29.4,32.1,4.075893,4.073,4.08,16560,16588,0,0,0,0
2023-05-05T13:00:00Z,29,,,,0.243034,0.203,0.281,30.544828,29.1,31.7,4.075586,4.073,4.08,16589,16617,0,0,0,0
2023-05-05T14:00:00Z,29,,,,0.239793,0.202,0.283,29.982759,28.7,31,4.075069,4.073,4.078,16618,16646,0,0,0,0
2023-05-05T15:00:00Z,30,,,,0.2415,0.201,0.283,29.883333,28,31.6,4.075333,4.073,4.078,16647,16676,0,0,0,0
2023-05-05T16:00:00Z,29,,,,0.248172,0.202,0.282,29.727586,27.7,31.6,4.074966,4.072,4.077,16677,16705,0,0,0,0
2023-05-05T17:00:00Z,28,,,,0.244643,0.201,0.284,29.485714,28.3,31.4,4.074536,4.072,4.078,16706,16734,0,0,0,0
2023-05-05T18:00:00Z,29,,,,0.244138,0.203,0.285,29.482759,27.9,30.7,4.074414,4.072,4.078,16735,16763,0,0,0,0
2023-05-05T19:00:00Z,29,,,,0.245207,0.201,0.286,29.551724,27.5,31.6,4.075138,4.072,4.078,16764,16792,0,0,0,0
2023-05-05T20:00:00Z,30,,,,0.251633,0.202,0.286,29.7,27.6,31.6,4.074233,4.072,4.078,16793,16822,0,0,0,0
2023-05-05T21:00:00Z,27,,,,0.247778,0.202,0.284,29.3,27.6,30.9,4.073667,4.072,4.077,16823,16851,0,0,0,0
2023-05-05T22:00:00Z,29,,,,0.253966,0.204,0.286,29.6,27,31.3,4.074345,4.072,4.077,16852,16880,0,0,0,0
2023-05-05T23:00:00Z,29,,,,0.236966,0.201,0.283,29.286207,27.2,31.5,4.074069,4.072,4.077,16881,16909,0,0,0,0
2023-05-06T00:00:00Z,29,,,,0.249586,0.207,0.283,28.210345,24.3,31.4,4.073517,4.072,4.078,16910,16938,0,0,0,0
2023-05-06T01:00:00Z,30,,,,0.243367,0.205,0.289,25.476667,22.6,28.8,4.073133,4.069,4.077,16939,16968,0,0,0,0
2023-05-06T02:00:00Z,29,,,,0.248552,0.203,0.284,26.248276,24.2,30,4.073103,4.07,4.077,16969,16997,0,0,0,0
2023-05-06T03:00:00Z,28,,,,0.241464,0.204,0.282,28.003571,25.9,30.3,4.073214,4.07,4.077,16998,17026,0,0,0,0
2023-05-06T04:00:00Z,29,,,,0.247138,0.203,0.283,28.224138,26.2,30.7,4.073034,4.069,4.078,17027,17055,0,0,0,0
2023-05-06T05:00:00Z,29,,,,0.242517,0.203,0.283,28.365517,26.4,31.1,4.072345,4.07,4.075,17056,17084,0,0,0,0
2023-05-06T06:00:00Z,29,,,,0.242448,0.202,0.282,28.258621,26.2,29.9,4.072552,4.07,4.075,17085,17113,0,0,0,0
2023-05-06T07:00:00Z,29,,,,0.241655,0.203,0.282,28.813793,26.2,31.2,4.072724,4.07,4.077,17114,17142,0,0,0,0
2023-05-06T08:00:00Z,30,,,,0.245533,0.201,0.282,29.333333,26.6,31.3,4.072567,4.07,4.077,17143,17172,0,0,0,0
2023-05-06T09:00:00Z,29,,,,0.242241,0.202,0.284,28.77931,25.6,31.5,4.071897,4.069,4.075,17173,17201,0,0,0,0
2023-05-06T10:00:00Z,29,,,,0.245414,0.205,0.281,26.506897,25,29.2,4.071586,4.069,4.075,17202,17230,0,0,0,0
2023-05-06T11:00:00Z,29,,,,0.241828,0.203,0.283,27.47931,24.9,30,4.072724,4.07,4.077,17231,17259,0,0,0,0
2023-05-06T12:00:00Z,29,,,,0.244448,0.202,0.281,28.131034,25.2,31,4.072586,4.07,4.077,17260,17288,0,0,0,0
2023-05-06T13:00:00Z,29,,,,0.231621,0.201,0.281,28.148276,25.8,30.4,4.072483,4.07,4.077,17289,17317,0,0,0,0
2023-05-06T14:00:00Z,29,,,,0.237966,0.2,0.281,28.910345,26.7,31.4,4.07269,4.07,4.075,17318,17346,0,0,0,0
2023-05-06T15:00:00Z,29,,,,0.23931,0.2,0.282,28.803448,26.2,31.2,4.072793,4.07,4.077,17347,17375,0,0,0,0
2023-05-06T16:00:00Z,30,,,,0.2552,0.2,0.283,28.846667,26.1,31.3,4.072867,4.07,4.077,17376,17405,0,0,0,0
2023-05-06T17:00:00Z,29,,,,0.232414,0.2,0.284,28.144828,26.2,30.1,4.072897,4.069,4.077,17406,17434,0,0,0,0
2023-05-06T18:00:00Z,29,,,,0.232276,0.2,0.282,28.582759,25.9,31.4,4.073414,4.072,4.077,17435,17463,0,0,0,0
2023-05-06T19:00:00Z,29,,,,0.240586,0.201,0.282,28.548276,25.9,31.1,4.07269,4.07,4.077,17464,17492,0,0,0,0
2023-05-06T20:00:00Z,29,,,,0.243897,0.203,0.282,28.717241,26.3,31.2,4.072724,4.07,4.077,17493,17521,0,0,0,0
2023-05-06T21:00:00Z,30,,,,0.245433,0.203,0.283,28.596667,26,31.3,4.072267,4.069,4.077,17522,17551,0,0,0,0
2023-05-06T22:00:00Z,29,,,,0.241897,0.201,0.285,28.358621,25.9,31,4.072483,4.069,4.075,17552,17580,0,0,0,0
2023-05-06T23:00:00Z,29,,,,0.243828,0.202,0.282,28.703448,25.8,31.2,4.073172,4.07,4.077,17581,17609,0,0,0,0
2023-05-07T00:00:00Z,29,,,,0.251724,0.202,0.282,29.02069,26.1,31.2,4.072241,4.07,4.075,17610,17638,0,0,0,0
2023-05-07T01:00:00Z,29,,,,0.231759,0.201,0.281,28.337931,25.8,31.3,4.071655,4.069,4.077,17639,17667,0,0,0,0
2023-05-07T02:00:00Z,30,,,,0.235633,0.203,0.286,26.546667,24.1,29.3,4.0705,4.067,4.075,17668,17697,0,0,0,0
2023-05-07T03:00:00Z,29,,,,0.254828,0.206,0.285,26.12069,23.3,28.1,4.070655,4.067,4.073,17698,17726,0,0,0,0
2023-05-07T04:00:00Z,29,,,,0.24631,0.208,0.287,25.558621,24,27.5,4.069034,4.065,4.073,17727,17755,0,0,0,0
2023-05-07T05:00:00Z,29,,,,0.242414,0.207,0.282,26.055172,23.9,28.1,4.068724,4.065,4.072,17756,17784,0,0,0,0
2023-05-07T06:00:00Z,29,,,,0.249793,0.216,0.284,26.248276,24.7,27.9,4.068793,4.065,4.072,17785,17813,0,0,0,0
2023-05-07T07:00:00Z,29,,,,0.246517,0.207,0.282,25.796552,24.1,27.7,4.067897,4.065,4.072,17814,17842,0,0,0,0
2023-05-07T08:00:00Z,30,,,,0.2501,0.203,0.282,27.246667,23.8,29.7,4.068067,4.065,4.073,17843,17872,0,0,0,0
2023-05-07T09:00:00Z,29,,,,0.24169,0.205,0.282,28.903448,27.2,30.5,4.068655,4.065,4.072,17873,17901,0,0,0,0
2023-05-07T10:00:00Z,29,,,,0.247517,0.203,0.282,29.213793,27.9,30.7,4.06969,4.065,4.073,17902,17930,0,0,0,0
2023-05-07T11:00:00Z,29,,,,0.238517,0.205,0.282,28.982759,27.2,30.8,4.069448,4.065,4.073,17931,17959,0,0,0,0
2023-05-07T12:00:00Z,29,,,,0.246,0.203,0.283,27.048276,24.7,29.9,4.069759,4.067,4.073,17960,17988,0,0,0,0
2023-05-07T13:00:00Z,28,,,,0.252786,0.208,0.284,25.714286,23.2,27.6,4.068536,4.065,4.073,17989,18016,0,0,0,0
2023-05-07T14:00:00Z,29,,,,0.23669,0.208,0.285,25.306897,23.5,27.2,4.067483,4.065,4.072,18018,18046,0,0,0,0
2023-05-07T15:00:00Z,28,,,,0.249143,0.208,0.286,25.364286,23.2,27,4.068321,4.065,4.072,18047,18075,0,0,0,0
2023-05-07T16:00:00Z,30,,,,0.241933,0.205,0.285,26.513333,24.5,28.8,4.068233,4.065,4.072,18076,18105,0,0,0,0
2023-05-07T17:00:00Z,29,,,,0.247207,0.205,0.286,27.810345,26.2,29.7,4.069069,4.065,4.073,18106,18134,0,0,0,0
2023-05-07T18:00:00Z,29,,,,0.245828,0.203,0.282,28.296552,26.2,30.1,4.068724,4.065,4.072,18135,18163,0,0,0,0
2023-05-07T19:00:00Z,29,,,,0.242069,0.204,0.285,28.544828,27.2,30,4.068172,4.065,4.072,18164,18192,0,0,0,0
2023-05-07T20:00:00Z,29,,,,0.244138,0.205,0.283,28.603448,26.7,30.6,4.068379,4.065,4.072,18193,18221,0,0,0,0
2023-05-07T21:00:00Z,29,,,,0.246379,0.202,0.282,28.703448,27,30.9,4.06831,4.065,4.072,18222,18250,0,0,0,0
2023-05-07T22:00:00Z,30,,,,0.239267,0.202,0.282,28.926667,27.1,30.8,4.068,4.065,4.072,18251,18280,0,0,0,0
2023-05-07T23:00:00Z,29,,,,0.243414,0.205,0.281,26.582759,21.1,30.1,4.067172,4.064,4.072,18281,18309,0,0,0,0
2023-05-08T00:00:00Z,29,,,,0.253448,0.207,0.286,25.048276,23.3,28.6,4.067724,4.065,4.07,18310,18338,0,0,0,0
2023-05-08T01:00:00Z,29,,,,0.246586,0.204,0.284,26.975862,23.6,29,4.067379,4.064,4.072,18339,18367,0,0,0,0
2023-05-08T02:00:00Z,29,,,,0.239862,0.203,0.28,27.441379,24.7,30.1,4.067931,4.065,4.072,18368,18396,0,0,0,0
2023-05-08T03:00:00Z,28,,,,0.243214,0.203,0.282,27.953571,25.6,30.5,4.069571,4.067,4.073,18397,18426,0,0,0,0
2023-05-08T04:00:00Z,29,,,,0.24269,0.203,0.282,28.775862,26.6,30.8,4.069345,4.067,4.075,18427,18455,0,0,0,0
2023-05-08T05:00:00Z,29,,,,0.24731,0.203,0.282,28.924138,26.8,30.9,4.068586,4.065,4.072,18456,18484,0,0,0,0
2023-05-08T06:00:00Z,29,,,,0.245034,0.202,0.281,29.12069,27,30.9,4.067793,4.065,4.072,18485,18513,0,0,0,0
2023-05-08T07:00:00Z,29,,,,0.24669,0.201,0.282,29.255172,27.4,31.2,4.067897,4.065,4.072,18514,18542,0,0,0,0
2023-05-08T08:00:00Z,29,,,,0.243897,0.202,0.283,29.393103,27.5,31.1,4.067724,4.065,4.07,18543,18571,0,0,0,0
2023-05-08T09:00:00Z,30,,,,0.2387,0.202,0.282,29.49,27.7,31.2,4.068433,4.065,4.073,18572,18601,0,0,0,0
2023-05-08T10:00:00Z,29,,,,0.236897,0.202,0.281,29.241379,27.4,31.2,4.069069,4.065,4.072,18602,18630,0,0,0,0
2023-05-08T11:00:00Z,29,,,,0.238379,0.2,0.281,29.506897,27.8,31.4,4.068862,4.067,4.073,18631,18659,0,0,0,0
2023-05-08T12:00:00Z,29,,,,0.245034,0.204,0.281,29.672414,28,31.4,4.067966,4.065,4.072,18660,18688,0,0,0,0
2023-05-08T13:00:00Z,29,,,,0.242759,0.201,0.284,29.644828,28.1,31.2,4.067552,4.065,4.07,18689,18717,0,0,0,0
2023-05-08T14:00:00Z,30,,,,0.239733,0.202,0.284,29.866667,28.1,31.6,4.067667,4.065,4.072,18718,18747,0,0,0,0
2023-05-08T15:00:00Z,29,,,,0.240345,0.203,0.281,30.117241,27.5,31.6,4.066931,4.064,4.072,18748,18776,0,0,0,0
2023-05-08T16:00:00Z,29,,,,0.244138,0.202,0.283,29.693103,27.7,31.1,4.067034,4.064,4.07,18777,18805,0,0,0,0
2023-05-08T17:00:00Z,29,,,,0.247276,0.201,0.285,29.334483,27.2,31.4,4.066966,4.065,4.07,18806,18834,0,0,0,0
2023-05-08T18:00:00Z,29,,,,0.230862,0.202,0.282,29.041379,27.2,30.5,4.066862,4.064,4.072,18835,18863,0,0,0,0
2023-05-08T19:00:00Z,30,,,,0.2414,0.203,0.282,29.05,27.2,31.2,4.0664,4.064,4.07,18864,18893,0,0,0,0
2023-05-08T20:00:00Z,29,,,,0.250034,0.202,0.282,29.089655,27.2,31.2,4.06631,4.065,4.07,18894,18922,0,0,0,0
2023-05-08T21:00:00Z,29,,,,0.230897,0.202,0.286,27.382759,23.1,30.6,4.066517,4.064,4.07,18923,18951,0,0,0,0
2023-05-08T22:00:00Z,29,,,,0.255448,0.206,0.286,25.610345,20.9,28.4,4.065414,4.064,4.069,18952,18980,0,0,0,0
2023-05-08T23:00:00Z,29,,,,0.250621,0.208,0.286,26.12069,23.9,27.5,4.065586,4.064,4.069,18981,19009,0,0,0,0
2023-05-09T00:00:00Z,30,,,,0.244333,0.206,0.278,26.666667,22.4,28.9,4.0657,4.064,4.07,19010,19039,0,0,0,0
2023-05-09T01:00:00Z,29,,,,0.239759,0.203,0.283,26.644828,24.1,29.4,4.065862,4.064,4.069,19040,19068,0,0,0,0
2023-05-09T02:00:00Z,29,,,,0.243069,0.203,0.284,28.555172,25.7,31.3,4.065448,4.064,4.069,19069,19097,0,0,0,0
2023-05-09T03:00:00Z,29,,,,0.233414,0.201,0.284,28.948276,26.6,31.2,4.067069,4.065,4.07,19098,19126,0,0,0,0
2023-05-09T04:00:00Z,29,,,,0.230414,0.202,0.282,28.803448,27.2,30.6,4.067862,4.065,4.072,19127,19155,0,0,0,0
2023-05-09T05:00:00Z,30,,,,0.2453,0.203,0.282,29.15,26.7,30.9,4.067133,4.065,4.073,19156,19185,0,0,0,0
2023-05-09T06:00:00Z,29,,,,0.238862,0.203,0.279,31.303448,27.1,32.2,4.066483,4.064,4.07,19186,19214,0,0,0,0
2023-05-09T07:00:00Z,29,,,,0.240621,0.201,0.283,32.182759,32.1,32.2,4.066655,4.064,4.072,19215,19243,0,0,0,0
2023-05-09T08:00:00Z,29,,,,0.236138,0.202,0.278,30.37931,27.2,32.3,4.066586,4.064,4.07,19244,19272,0,0,0,0
2023-05-09T09:00:00Z,29,,,,0.243724,0.203,0.283,30.42069,27.9,32.5,4.067379,4.065,4.072,19273,19301,0,0,0,0
2023-05-09T10:00:00Z,30,,,,0.2527,0.205,0.286,26.956667,23.8,30.3,4.066733,4.064,4.07,19302,19331,0,0,0,0
2023-05-09T11:00:00Z,29,,,,0.24,0.203,0.283,27.544828,23.5,31.7,4.067,4.065,4.072,19332,19360,0,0,0,0
2023-05-09T12:00:00Z,29,,,,0.247828,0.202,0.285,30.1,25.3,32,4.066414,4.064,4.07,19361,19389,0,0,0,0
2023-05-09T13:00:00Z,29,,,,0.238552,0.203,0.281,30.351724,23.3,32.3,4.067897,4.064,4.072,19390,19418,0,0,0,0
2023-05-09T14:00:00Z,29,,,,0.236828,0.202,0.283,32.286207,32.2,32.4,4.066517,4.064,4.07,19419,19447,0,0,0,0
2023-05-09T15:00:00Z,30,,,,0.2427,0.203,0.285,28.243333,25,32.4,4.067333,4.065,4.072,19448,19477,0,0,0,0
2023-05-09T16:00:00Z,29,,,,0.239517,0.201,0.283,32.455172,32.3,32.5,4.066897,4.065,4.07,19478,19506,0,0,0,0
2023-05-09T17:00:00Z,29,,,,0.241517,0.203,0.285,32.365517,32.3,32.5,4.067034,4.065,4.072,19507,19535,0,0,0,0
2023-05-09T18:00:00Z,29,,,,0.235517,0.201,0.285,28.741379,25.6,32.3,4.067621,4.065,4.072,19536,19564,0,0,0,0
2023-05-09T19:00:00Z,29,,,,0.256069,0.203,0.285,28.806897,25.7,31.1,4.066931,4.064,4.07,19565,19593,0,0,0,0
2023-05-09T20:00:00Z,30,,,,0.2465,0.203,0.286,28.283333,26.7,31.1,4.0665,4.064,4.072,19594,19623,0,0,0,0
2023-05-09T21:00:00Z,29,,,,0.244759,0.202,0.285,28.237931,25.4,31,4.066172,4.064,4.07,19624,19652,0,0,0,0
2023-05-09T22:00:00Z,29,,,,0.24231,0.203,0.284,28.186207,25.6,31,4.065379,4.064,4.069,19653,19681,0,0,0,0
2023-05-09T23:00:00Z,29,,,,0.245379,0.203,0.283,28.348276,25.7,31,4.06569,4.064,4.069,19682,19710,0,0,0,0
2023-05-10T00:00:00Z,29,,,,0.241897,0.201,0.284,27.768966,25.7,31,4.065414,4.064,4.067,19711,19739,0,0,0,0
2023-05-10T01:00:00Z,30,,,,0.250467,0.202,0.282,28.853333,26.1,30.9,4.0647,4.062,4.067,19740,19769,0,0,0,0
2023-05-10T02:00:00Z,29,,,,0.236207,0.201,0.283,28.431034,26,30.9,4.065069,4.062,4.07,19770,19798,0,0,0,0
2023-05-10T03:00:00Z,29,,,,0.241241,0.203,0.283,28.613793,26.2,31.1,4.064586,4.062,4.067,19799,19827,0,0,0,0
2023-05-10T04:00:00Z,29,,,,0.24631,0.203,0.282,30.662069,26.3,32.6,4.065103,4.062,4.067,19828,19856,0,0,0,0
2023-05-10T05:00:00Z,29,,,,0.241828,0.201,0.283,31.072414,27.8,32.6,4.064828,4.064,4.069,19857,19885,0,0,0,0
2023-05-10T06:00:00Z,28,,,,0.241464,0.203,0.281,29.010714,26.9,31.1,4.066143,4.064,4.069,19886,19914,0,0,0,0
2023-05-10T07:00:00Z,30,,,,0.2391,0.2,0.283,29.07,27.2,31.1,4.064667,4.062,4.067,19915,19944,0,0,0,0
2023-05-10T08:00:00Z,29,,,,0.240586,0.2,0.285,29.072414,27.2,31.3,4.064862,4.062,4.069,19945,19973,0,0,0,0
2023-05-10T09:00:00Z,29,,,,0.244862,0.201,0.282,29.441379,27.1,31.3,4.065103,4.062,4.07,19974,20002,0,0,0,0
2023-05-10T10:00:00Z,29,,,,0.238069,0.201,0.285,29.162069,27.2,31,4.064724,4.062,4.069,20003,20031,0,0,0,0
2023-05-10T11:00:00Z,29,,,,0.246483,0.203,0.284,29.251724,27.2,31.1,4.064966,4.062,4.067,20032,20060,0,0,0,0
2023-05-10T12:00:00Z,30,,,,0.239867,0.203,0.285,29.313333,27.3,31.4,4.0648,4.062,4.069,20061,20090,0,0,0,0
2023-05-10T13:00:00Z,29,,,,0.238,0.202,0.286,29.231034,27.2,31.3,4.065103,4.062,4.07,20091,20119,0,0,0,0
2023-05-10T14:00:00Z,29,,,,0.24431,0.205,0.285,27.7,23.2,30.2,4.064276,4.062,4.067,20120,20148,0,0,0,0
2023-05-10T15:00:00Z,29,,,,0.243552,0.208,0.286,24.010345,20.8,27.7,4.063069,4.06,4.067,20149,20177,0,0,0,0
2023-05-10T16:00:00Z,30,,,,0.246867,0.204,0.288,24.81,20.2,29.3,4.063533,4.06,4.067,20178,20207,0,0,0,0
2023-05-10T17:00:00Z,29,,,,0.23431,0.203,0.283,27.306897,23.3,31.3,4.064345,4.062,4.067,20208,20236,0,0,0,0
2023-05-10T18:00:00Z,29,,,,0.244897,0.204,0.284,27.37931,24.2,30.8,4.063966,4.06,4.067,20237,20265,0,0,0,0
2023-05-10T19:00:00Z,29,,,,0.245862,0.204,0.286,27.341379,24.3,30.3,4.064379,4.062,4.067,20266,20294,0,0,0,0
2023-05-10T20:00:00Z,29,,,,0.237138,0.203,0.283,27.1,25.2,30.8,4.064655,4.062,4.067,20295,20323,0,0,0,0
2023-05-10T21:00:00Z,30,,,,0.246367,0.202,0.286,27.473333,24.7,30.6,4.064433,4.062,4.069,20324,20353,0,0,0,0
2023-05-10T22:00:00Z,29,,,,0.235276,0.202,0.285,26.789655,24.4,30.8,4.064069,4.062,4.067,20354,20382,0,0,0,0
2023-05-10T23:00:00Z,29,,,,0.245379,0.207,0.287,25.017241,20.8,27.9,4.063448,4.059,4.067,20383,20411,0,0,0,0
2023-05-11T00:00:00Z,29,,,,0.238655,0.204,0.284,25.068966,22,29.1,4.063759,4.062,4.065,20412,20440,0,0,0,0
2023-05-11T01:00:00Z,29,,,,0.239276,0.205,0.283,26.12069,22.6,30.4,4.064241,4.062,4.067,20441,20469,0,0,0,0
2023-05-11T02:00:00Z,29,,,,0.249517,0.204,0.283,30.662069,25.7,31.9,4.063069,4.06,4.067,20470,20498,0,0,0,0
2023-05-11T03:00:00Z,30,,,,0.239033,0.203,0.282,26.27,24.2,29.9,4.063767,4.06,4.067,20499,20528,0,0,0,0
2023-05-11T04:00:00Z,29,,,,0.240828,0.201,0.285,28.268966,25.1,32,4.063517,4.06,4.067,20529,20557,0,0,0,0
2023-05-11T05:00:00Z,29,,,,0.233931,0.202,0.285,27.372414,23.5,32.3,4.063759,4.062,4.067,20558,20586,0,0,0,0
2023-05-11T06:00:00Z,28,,,,0.244679,0.202,0.282,31.25,28.6,32.4,4.063821,4.062,4.067,20587,20615,0,0,0,0
2023-05-11T07:00:00Z,28,,,,0.246107,0.202,0.285,27.967857,24.7,30.7,4.062893,4.06,4.067,20616,20644,0,0,0,0
2023-05-11T08:00:00Z,29,,,,0.238862,0.201,0.284,28.717241,26.4,32.3,4.063103,4.06,4.067,20646,20674,0,0,0,0
2023-05-11T09:00:00Z,29,,,,0.241759,0.2,0.286,28.458621,26.4,31.1,4.063448,4.06,4.065,20675,20703,0,0,0,0
2023-05-11T10:00:00Z,29,,,,0.237103,0.201,0.282,28.32069,25.8,31.1,4.062379,4.06,4.065,20704,20732,0,0,0,0
2023-05-11T11:00:00Z,29,,,,0.238862,0.201,0.283,28.375862,26.7,31,4.062621,4.06,4.067,20733,20761,0,0,0,0
2023-05-11T12:00:00Z,29,,,,0.242103,0.203,0.282,28.489655,26.2,31.2,4.062414,4.06,4.065,20762,20790,0,0,0,0
2023-05-11T13:00:00Z,27,,,,0.242111,0.203,0.282,28.711111,26.2,31.1,4.062889,4.06,4.065,20791,20820,0,0,0,0
2023-05-11T14:00:00Z,29,,,,0.251414,0.202,0.282,29.327586,26.4,31.2,4.062517,4.06,4.065,20821,20849,0,0,0,0
2023-05-11T15:00:00Z,29,,,,0.238793,0.202,0.282,29.231034,26.7,31.3,4.061586,4.06,4.065,20850,20878,0,0,0,0
2023-05-11T16:00:00Z,29,,,,0.240517,0.2,0.283,29.17931,27.2,31.6,4.062379,4.06,4.065,20879,20907,0,0,0,0
2023-05-11T17:00:00Z,29,,,,0.249828,0.203,0.284,29.262069,26.5,31.5,4.061759,4.059,4.065,20908,20936,0,0,0,0
2023-05-11T18:00:00Z,30,,,,0.242333,0.2,0.285,28.793333,26.2,31.2,4.062667,4.06,4.065,20937,20966,0,0,0,0
2023-05-11T19:00:00Z,26,,,,0.229808,0.2,0.284,28.903846,26.2,31.1,4.062154,4.06,4.065,20967,20994,0,0,0,0
2023-05-11T20:00:00Z,30,,,,0.2364,0.202,0.285,28.726667,27,31,4.062033,4.06,4.065,20995,21024,0,0,0,0
2023-05-11T21:00:00Z,29,,,,0.245621,0.201,0.283,28.762069,26.3,31,4.061793,4.06,4.065,21025,21053,0,0,0,0
2023-05-11T22:00:00Z,29,,,,0.241103,0.2,0.283,28.527586,26.2,31.1,4.06231,4.057,4.065,21054,21082,0,0,0,0
2023-05-11T23:00:00Z,29,,,,0.246379,0.203,0.284,28.92069,26.6,31.1,4.061897,4.059,4.065,21083,21111,0,0,0,0
2023-05-12T00:00:00Z,30,,,,0.233633,0.202,0.281,28.116667,26,31.1,4.061167,4.059,4.065,21112,21141,0,0,0,0
2023-05-12T01:00:00Z,29,,,,0.254552,0.202,0.283,28.910345,26.4,31.1,4.061655,4.059,4.065,21142,21170,0,0,0,0
2023-05-12T02:00:00Z,29,,,,0.239241,0.202,0.281,28.868966,26.7,31.1,4.061448,4.059,4.064,21171,21199,0,0,0,0
2023-05-12T03:00:00Z,29,,,,0.245103,0.201,0.282,28.813793,26.6,31.1,4.061138,4.059,4.064,21200,21228,0,0,0,0
2023-05-12T04:00:00Z,29,,,,0.249379,0.201,0.284,28.855172,26.5,31.1,4.060724,4.059,4.064,21229,21257,0,0,0,0
2023-05-12T05:00:00Z,30,,,,0.2422,0.203,0.283,28.956667,26.2,31.1,4.060933,4.059,4.064,21258,21287,0,0,0,0
2023-05-12T06:00:00Z,29,,,,0.243414,0.201,0.284,28.868966,26.5,30.9,4.061241,4.059,4.064,21288,21316,0,0,0,0
2023-05-12T07:00:00Z,29,,,,0.248724,0.201,0.285,29.468966,26.7,31.3,4.061069,4.059,4.065,21317,21345,0,0,0,0
2023-05-12T08:00:00Z,29,,,,0.238034,0.201,0.282,29.317241,26.8,31.5,4.061552,4.059,4.065,21346,21374,0,0,0,0
2023-05-12T09:00:00Z,29,,,,0.240207,0.2,0.282,29.148276,27.2,30.7,4.061207,4.059,4.065,21375,21403,0,0,0,0
2023-05-12T10:00:00Z,30,,,,0.236,0.196,0.281,30.593333,27.2,32.7,4.060233,4.057,4.064,21404,21433,0,0,0,0
2023-05-12T11:00:00Z,29,,,,0.249552,0.203,0.283,30.475862,28.5,32.7,4.06031,4.059,4.064,21434,21462,0,0,0,0
2023-05-12T12:00:00Z,29,,,,0.250103,0.203,0.283,29.762069,28.5,31.5,4.059897,4.059,4.062,21463,21491,0,0,0,0
2023-05-12T13:00:00Z,29,,,,0.239483,0.2,0.281,29.42069,27.2,31.4,4.060103,4.059,4.064,21492,21520,0,0,0,0
2023-05-12T14:00:00Z,29,,,,0.248793,0.202,0.283,30.027586,27.7,31.6,4.060345,4.057,4.064,21521,21549,0,0,0,0
2023-05-12T15:00:00Z,30,,,,0.239867,0.202,0.286,30.08,27.2,32.6,4.0591,4.057,4.062,21550,21579,0,0,0,0
2023-05-12T16:00:00Z,29,,,,0.240828,0.2,0.285,29.768966,27.7,32,4.059276,4.057,4.062,21580,21608,0,0,0,0
2023-05-12T17:00:00Z,29,,,,0.236,0.199,0.286,29.482759,27.6,31.4,4.059241,4.055,4.062,21609,21637,0,0,0,0
2023-05-12T18:00:00Z,29,,,,0.23731,0.201,0.286,29.47931,27.8,31.8,4.059483,4.057,4.064,21638,21666,0,0,0,0
2023-05-12T19:00:00Z,29,,,,0.243379,0.202,0.284,29.396552,28.1,31.5,4.058552,4.057,4.062,21667,21695,0,0,0,0
2023-05-12T20:00:00Z,30,,,,0.240533,0.201,0.283,28.756667,26.6,30.6,4.059067,4.055,4.062,21696,21725,0,0,0,0
2023-05-12T21:00:00Z,29,,,,0.243379,0.202,0.284,29.224138,26.9,31.6,4.05831,4.055,4.062,21726,21754,0,0,0,0
2023-05-12T22:00:00Z,29,,,,0.239931,0.2,0.285,28.737931,26.2,31.3,4.059207,4.057,4.062,21755,21783,0,0,0,0
2023-05-12T23:00:00Z,29,,,,0.232931,0.202,0.283,28.375862,26.3,30.6,4.058379,4.055,4.064,21784,21812,0,0,0,0
2023-05-13T00:00:00Z,29,,,,0.233793,0.202,0.272,28.975862,26.7,30.9,4.058414,4.057,4.06,21813,21841,0,0,0,0
2023-05-13T01:00:00Z,30,,,,0.244633,0.2,0.284,29.163333,26.8,31.2,4.058567,4.055,4.062,21842,21871,0,0,0,0
2023-05-13T02:00:00Z,29,,,,0.240069,0.2,0.281,28.934483,26.7,31.3,4.058724,4.055,4.064,21872,21900,0,0,0,0
2023-05-13T03:00:00Z,29,,,,0.242103,0.2,0.283,29.096552,26.9,31.4,4.058207,4.055,4.062,21901,21929,0,0,0,0
2023-05-13T04:00:00Z,29,,,,0.248276,0.203,0.285,29.27931,27.5,31.6,4.058552,4.057,4.062,21930,21958,0,0,0,0
2023-05-13T05:00:00Z,30,,,,0.2285,0.201,0.272,28.713333,26.7,31.1,4.0588,4.055,4.062,21959,21988,0,0,0,0
2023-05-13T06:00:00Z,29,,,,0.237448,0.201,0.281,29.303448,26.7,31.5,4.057828,4.055,4.062,21989,22017,0,0,0,0
2023-05-13T07:00:00Z,29,,,,0.244655,0.203,0.287,28.158621,24.7,30.8,4.058103,4.055,4.062,22018,22046,0,0,0,0
2023-05-13T08:00:00Z,29,,,,0.238172,0.205,0.286,26.244828,22.4,29.4,4.056793,4.054,4.06,22047,22075,0,0,0,0
2023-05-13T09:00:00Z,29,,,,0.250276,0.208,0.286,25.927586,21.2,27.7,4.056862,4.054,4.06,22076,22104,0,0,0,0
2023-05-13T10:00:00Z,30,,,,0.2435,0.207,0.286,25.85,21.5,28.3,4.056333,4.054,4.059,22105,22134,0,0,0,0
2023-05-13T11:00:00Z,29,,,,0.246069,0.207,0.286,26.37931,22.8,29.6,4.057276,4.055,4.06,22135,22163,0,0,0,0
2023-05-13T12:00:00Z,29,,,,0.24669,0.204,0.282,29.031034,25.8,31.1,4.057241,4.054,4.06,22164,22192,0,0,0,0
2023-05-13T13:00:00Z,29,,,,0.232586,0.203,0.283,27.851724,26.2,30.5,4.057103,4.055,4.06,22193,22221,0,0,0,0
2023-05-13T14:00:00Z,29,,,,0.241655,0.203,0.281,31.206897,26.7,31.6,4.056931,4.054,4.06,22222,22250,0,0,0,0
2023-05-13T15:00:00Z,30,,,,0.2418,0.203,0.282,31.5,28.8,31.7,4.057567,4.055,4.062,22251,22280,0,0,0,0
2023-05-13T16:00:00Z,29,,,,0.247103,0.203,0.282,31.672414,31.6,31.7,4.05769,4.055,4.062,22281,22309,0,0,0,0
2023-05-13T17:00:00Z,29,,,,0.245172,0.203,0.283,31.651724,31.6,31.7,4.056621,4.054,4.06,22310,22338,0,0,0,0
2023-05-13T18:00:00Z,29,,,,0.237724,0.203,0.283,31.662069,31.6,31.7,4.05831,4.055,4.062,22339,22367,0,0,0,0
2023-05-13T19:00:00Z,30,,,,0.2383,0.203,0.285,31.613333,31.6,31.7,4.057733,4.055,4.06,22368,22397,0,0,0,0
2023-05-13T20:00:00Z,29,,,,0.240552,0.202,0.282,31.606897,31.6,31.7,4.058621,4.055,4.062,22398,22426,0,0,0,0
2023-05-13T21:00:00Z,29,,,,0.250552,0.203,0.283,31.603448,31.6,31.7,4.058586,4.055,4.062,22427,22455,0,0,0,0
2023-05-13T22:00:00Z,29,,,,0.238207,0.202,0.282,31.6,31.6,31.6,4.058034,4.055,4.062,22456,22484,0,0,0,0
2023-05-13T23:00:00Z,29,,,,0.238207,0.203,0.282,31.658621,31.6,31.8,4.058414,4.055,4.062,22485,22513,0,0,0,0
2023-05-14T00:00:00Z,30,,,,0.235967,0.201,0.281,31.853333,31.7,32,4.056467,4.055,4.059,22514,22543,0,0,0,0
2023-05-14T01:00:00Z,29,,,,0.244448,0.205,0.285,30.082759,24.7,32,4.056276,4.054,4.06,22544,22572,0,0,0,0
2023-05-14T02:00:00Z,29,,,,0.24931,0.206,0.286,28.548276,27.5,30,4.056034,4.054,4.059,22573,22601,0,0,0,0
2023-05-14T03:00:00Z,29,,,,0.242931,0.203,0.281,29.603448,25.7,31.1,4.056414,4.052,4.06,22602,22630,0,0,0,0
2023-05-14T04:00:00Z,29,,,,0.248,0.203,0.285,28.127586,25.2,31.3,4.057345,4.055,4.06,22631,22659,0,0,0,0
2023-05-14T05:00:00Z,30,,,,0.249433,0.203,0.281,31.516667,31.4,31.6,4.057033,4.055,4.06,22660,22689,0,0,0,0
2023-05-14T06:00:00Z,29,,,,0.25069,0.205,0.281,30.713793,29,31.7,4.057103,4.054,4.06,22690,22718,0,0,0,0
2023-05-14T07:00:00Z,29,,,,0.247552,0.206,0.286,28.796552,28,29.9,4.055586,4.054,4.059,22719,22747,0,0,0,0
2023-05-14T08:00:00Z,29,,,,0.238793,0.204,0.283,30.534483,30,31.2,4.056172,4.054,4.06,22748,22776,0,0,0,0
2023-05-14T09:00:00Z,30,,,,0.247767,0.203,0.283,31.36,31.1,31.4,4.056533,4.054,4.06,22777,22806,0,0,0,0
2023-05-14T10:00:00Z,29,,,,0.242207,0.203,0.283,31.437931,31.4,31.5,4.056379,4.054,4.059,22807,22835,0,0,0,0
2023-05-14T11:00:00Z,29,,,,0.242517,0.203,0.281,31.589655,31.5,31.6,4.056621,4.054,4.059,22836,22864,0,0,0,0
2023-05-14T12:00:00Z,29,,,,0.241552,0.203,0.283,31.651724,31.6,31.7,4.056483,4.054,4.059,22865,22893,0,0,0,0
2023-05-14T13:00:00Z,29,,,,0.230793,0.203,0.281,31.77931,31.7,31.9,4.057483,4.054,4.06,22894,22922,0,0,0,0
2023-05-14T14:00:00Z,30,,,,0.239567,0.203,0.282,31.933333,31.8,32,4.056933,4.055,4.062,22923,22952,0,0,0,0
2023-05-14T15:00:00Z,29,,,,0.242586,0.203,0.283,31.968966,31.9,32,4.057621,4.055,4.062,22953,22981,0,0,0,0
2023-05-14T16:00:00Z,29,,,,0.248138,0.202,0.282,31.92069,31.8,32,4.057621,4.055,4.06,22982,23010,0,0,0,0
2023-05-14T17:00:00Z,29,,,,0.232897,0.203,0.28,31.889655,31.8,32,4.057241,4.055,4.06,23011,23039,0,0,0,0
2023-05-14T18:00:00Z,29,,,,0.242,0.203,0.283,31.841379,31.8,31.9,4.057276,4.054,4.06,23040,23068,0,0,0,0
2023-05-14T19:00:00Z,30,,,,0.2392,0.202,0.286,31.803333,31.7,31.9,4.057633,4.055,4.06,23069,23098,0,0,0,0
2023-05-14T20:00:00Z,28,,,,0.237321,0.202,0.282,31.789286,31.7,32.1,4.057,4.055,4.06,23099,23127,0,0,0,0
2023-05-14T21:00:00Z,29,,,,0.236724,0.203,0.281,31.727586,31.7,31.8,4.057793,4.055,4.062,23128,23156,0,0,0,0
2023-05-14T22:00:00Z,29,,,,0.243379,0.204,0.282,31.693103,31.6,31.8,4.057552,4.054,4.06,23157,23185,0,0,0,0
2023-05-14T23:00:00Z,29,,,,0.246138,0.203,0.281,31.672414,31.6,31.7,4.057759,4.055,4.062,23186,23214,0,0,0,0
2023-05-15T00:00:00Z,30,,,,0.239367,0.202,0.282,31.716667,31.6,31.8,4.056833,4.054,4.06,23215,23244,0,0,0,0
2023-05-15T01:00:00Z,26,,,,0.240692,0.202,0.281,31.869231,31.8,32,4.056346,4.055,4.06,23245,23273,0,0,0,0
2023-05-15T02:00:00Z,29,,,,0.239,0.203,0.281,31.951724,31.9,32,4.055655,4.054,4.059,23274,23302,0,0,0,0
2023-05-15T03:00:00Z,28,,,,0.24625,0.204,0.282,32.114286,32,32.5,4.056607,4.054,4.06,23303,23331,0,0,0,0
2023-05-15T04:00:00Z,29,,,,0.242862,0.203,0.282,32.1,32.1,32.1,4.056483,4.054,4.06,23332,23360,0,0,0,0
2023-05-15T05:00:00Z,29,,,,0.243552,0.201,0.281,32.131034,32.1,32.2,4.056,4.055,4.06,23361,23389,0,0,0,0
2023-05-15T06:00:00Z,30,,,,0.245033,0.202,0.281,32.223333,32.2,32.3,4.0565,4.055,4.06,23390,23419,0,0,0,0
2023-05-15T07:00:00Z,29,,,,0.251759,0.202,0.281,32.32069,32.3,32.4,4.056,4.054,4.059,23420,23448,0,0,0,0
2023-05-15T08:00:00Z,29,,,,0.249793,0.201,0.284,32.334483,32.3,32.4,4.055828,4.052,4.059,23449,23477,0,0,0,0
2023-05-15T09:00:00Z,29,,,,0.236414,0.202,0.281,32.375862,32.3,32.5,4.055897,4.054,4.059,23478,23506,0,0,0,0
2023-05-15T10:00:00Z,29,,,,0.246759,0.202,0.281,32.406897,32.3,32.5,4.055966,4.054,4.059,23507,23535,0,0,0,0
2023-05-15T11:00:00Z,30,,,,0.2449,0.202,0.284,32.44,32.4,32.5,4.0561,4.054,4.059,23536,23565,0,0,0,0
2023-05-15T12:00:00Z,29,,,,0.235966,0.202,0.281,32.451724,32.4,32.5,4.055793,4.054,4.059,23566,23594,0,0,0,0
2023-05-15T13:00:00Z,29,,,,0.242724,0.201,0.281,31.551724,30.1,32.5,4.055552,4.054,4.059,23595,23623,0,0,0,0
2023-05-15T14:00:00Z,29,,,,0.24369,0.205,0.285,29.206897,28.7,30,4.05431,4.052,4.057,23624,23652,0,0,0,0
2023-05-15T15:00:00Z,29,,,,0.252552,0.208,0.286,28.827586,28.4,29.7,4.054759,4.052,4.059,23653,23681,0,0,0,0
2023-05-15T16:00:00Z,30,,,,0.2376,0.204,0.282,29.883333,25.8,30.6,4.0554,4.054,4.059,23682,23711,0,0,0,0
2023-05-15T17:00:00Z,29,,,,0.245,0.203,0.283,30.017241,26.4,31.2,4.054897,4.054,4.059,23712,23740,0,0,0,0
2023-05-15T18:00:00Z,29,,,,0.236552,0.203,0.281,31.317241,29.7,31.4,4.055483,4.054,4.059,23741,23769,0,0,0,0
2023-05-15T19:00:00Z,29,,,,0.247828,0.203,0.283,31.4,31.4,31.4,4.05531,4.054,4.059,23770,23798,0,0,0,0
2023-05-15T20:00:00Z,29,,,,0.236759,0.202,0.282,31.4,31.4,31.4,4.05569,4.054,4.059,23799,23827,0,0,0,0
2023-05-15T21:00:00Z,30,,,,0.2385,0.202,0.282,31.4,31.4,31.4,4.055233,4.05,4.059,23828,23857,0,0,0,0
2023-05-15T22:00:00Z,29,,,,0.242897,0.203,0.283,31.413793,31.4,31.5,4.055931,4.054,4.06,23858,23886,0,0,0,0
2023-05-15T23:00:00Z,29,,,,0.244793,0.202,0.283,31.437931,31.4,31.5,4.05569,4.054,4.059,23887,23915,0,0,0,0
2023-05-16T00:00:00Z,29,,,,0.247621,0.203,0.281,31.148276,25.7,31.7,4.055759,4.054,4.059,23916,23944,0,0,0,0
2023-05-16T01:00:00Z,29,,,,0.236138,0.203,0.281,31.865517,31.8,32,4.055552,4.054,4.059,23945,23973,0,0,0,0
2023-05-16T02:00:00Z,30,,,,0.243367,0.202,0.28,31.88,31.8,32,4.056067,4.054,4.059,23974,24003,0,0,0,0
2023-05-16T03:00:00Z,28,,,,0.23675,0.202,0.28,31.971429,31.8,32.1,4.055429,4.054,4.059,24004,24031,0,0,0,0
2023-05-16T04:00:00Z,29,,,,0.247241,0.203,0.281,32.07931,32,32.1,4.056414,4.054,4.059,24032,24060,0,0,0,0
2023-05-16T05:00:00Z,29,,,,0.237379,0.202,0.281,32.093103,32,32.1,4.055103,4.054,4.059,24061,24089,0,0,0,0
2023-05-16T06:00:00Z,28,,,,0.2295,0.202,0.279,32.1,32.1,32.1,4.054821,4.052,4.057,24090,24117,0,0,0,0
2023-05-16T07:00:00Z,29,,,,0.243552,0.203,0.284,32.113793,32.1,32.2,4.054862,4.052,4.059,24118,24146,0,0,0,0
2023-05-16T08:00:00Z,28,,,,0.237536,0.203,0.282,32.160714,32.1,32.2,4.054536,4.052,4.059,24147,24174,0,0,0,0
2023-05-16T09:00:00Z,29,,,,0.236586,0.202,0.281,32.217241,32.1,32.3,4.05431,4.052,4.057,24175,24203,0,0,0,0
2023-05-16T10:00:00Z,29,,,,0.245,0.201,0.281,32.293103,32.2,32.4,4.05469,4.052,4.059,24204,24232,0,0,0,0
2023-05-16T11:00:00Z,28,,,,0.234929,0.201,0.282,32.360714,32.3,32.4,4.054607,4.052,4.059,24233,24260,0,0,0,0
2023-05-16T12:00:00Z,29,,,,0.241793,0.203,0.28,32.368966,32.3,32.4,4.054241,4.052,4.057,24261,24289,0,0,0,0
2023-05-16T13:00:00Z,29,,,,0.248069,0.201,0.281,32.37931,32.3,32.5,4.054414,4.052,4.057,24290,24318,0,0,0,0
2023-05-16T14:00:00Z,29,,,,0.24669,0.202,0.284,32.306897,32.2,32.4,4.054793,4.052,4.057,24319,24347,0,0,0,0
2023-05-16T15:00:00Z,29,,,,0.246517,0.201,0.285,32.327586,32.3,32.4,4.054379,4.052,4.057,24348,24376,0,0,0,0
2023-05-16T16:00:00Z,29,,,,0.234552,0.202,0.283,32.327586,32.3,32.4,4.054345,4.052,4.059,24377,24405,0,0,0,0
2023-05-16T17:00:00Z,29,,,,0.244069,0.201,0.285,32.310345,32.1,32.4,4.053966,4.052,4.057,24406,24434,0,0,0,0
2023-05-16T18:00:00Z,30,,,,0.2402,0.202,0.283,32.133333,32.1,32.2,4.054367,4.052,4.059,24435,24464,0,0,0,0
2023-05-16T19:00:00Z,29,,,,0.243207,0.203,0.28,32.07931,32,32.1,4.054172,4.052,4.059,24465,24493,0,0,0,0
2023-05-16T20:00:00Z,29,,,,0.248241,0.202,0.282,31.972414,31.9,32,4.054069,4.052,4.057,24494,24522,0,0,0,0
2023-05-16T21:00:00Z,29,,,,0.250793,0.203,0.282,31.868966,31.8,32,4.054828,4.052,4.059,24523,24551,0,0,0,0
2023-05-16T22:00:00Z,29,,,,0.250414,0.201,0.281,31.768966,31.7,31.8,4.054621,4.052,4.057,24552,24580,0,0,0,0
2023-05-16T23:00:00Z,30,,,,0.247267,0.203,0.281,31.72,31.7,31.8,4.0547,4.052,4.057,24581,24610,0,0,0,0
2023-05-17T00:00:00Z,29,,,,0.241828,0.201,0.282,32.203448,31.7,32.5,4.054552,4.052,4.057,24611,24639,0,0,0,0
2023-05-17T01:00:00Z,29,,,,0.246931,0.202,0.281,32.575862,32.5,32.6,4.05469,4.052,4.059,24640,24668,0,0,0,0
2023-05-17T02:00:00Z,29,,,,0.236931,0.203,0.28,32.537931,32.5,32.6,4.054517,4.052,4.059,24669,24697,0,0,0,0
2023-05-17T03:00:00Z,29,,,,0.243034,0.2,0.279,32.544828,32.5,32.6,4.054379,4.052,4.057,24698,24726,0,0,0,0
2023-05-17T04:00:00Z,29,,,,0.233448,0.201,0.278,32.586207,32.5,32.6,4.054241,4.052,4.057,24727,24755,0,0,0,0
2023-05-17T05:00:00Z,30,,,,0.2467,0.202,0.28,32.6,32.6,32.6,4.054967,4.052,4.059,24756,24785,0,0,0,0
2023-05-17T06:00:00Z,29,,,,0.241655,0.2,0.279,32.610345,32.6,32.7,4.054966,4.052,4.059,24786,24814,0,0,0,0
2023-05-17T07:00:00Z,29,,,,0.249793,0.201,0.281,32.648276,32.6,32.7,4.054483,4.052,4.057,24815,24843,0,0,0,0
2023-05-17T08:00:00Z,29,,,,0.233724,0.203,0.281,32.634483,32.6,32.7,4.053897,4.052,4.057,24844,24872,0,0,0,0
2023-05-17T09:00:00Z,29,,,,0.238897,0.199,0.281,32.613793,32.6,32.7,4.055138,4.054,4.059,24873,24901,0,0,0,0
2023-05-17T10:00:00Z,30,,,,0.2379,0.201,0.281,32.613333,32.6,32.7,4.0544,4.052,4.057,24902,24931,0,0,0,0
2023-05-17T11:00:00Z,29,,,,0.232759,0.201,0.281,32.634483,32.6,32.7,4.054552,4.052,4.059,24932,24960,0,0,0,0
2023-05-17T12:00:00Z,29,,,,0.243483,0.205,0.281,32.627586,32.6,32.7,4.054586,4.052,4.057,24961,24989,0,0,0,0
2023-05-17T13:00:00Z,29,,,,0.233759,0.201,0.28,32.631034,32.6,32.7,4.054034,4.052,4.057,24990,25018,0,0,0,0
2023-05-17T14:00:00Z,29,,,,0.241483,0.2,0.28,32.624138,32.6,32.7,4.053931,4.052,4.057,25019,25047,0,0,0,0
2023-05-17T15:00:00Z,30,,,,0.242733,0.202,0.282,32.62,32.6,32.7,4.053533,4.052,4.055,25048,25077,0,0,0,0
2023-05-17T16:00:00Z,29,,,,0.240034,0.201,0.286,32.606897,32.5,32.7,4.054414,4.052,4.059,25078,25106,0,0,0,0
2023-05-17T17:00:00Z,28,,,,0.241571,0.201,0.279,32.614286,32.6,32.7,4.054393,4.052,4.059,25107,25135,0,0,0,0
2023-05-17T18:00:00Z,29,,,,0.241103,0.2,0.282,32.6,32.6,32.6,4.054517,4.052,4.057,25136,25164,0,0,0,0
2023-05-17T19:00:00Z,29,,,,0.247345,0.2,0.282,32.513793,32.5,32.6,4.054931,4.052,4.059,25165,25193,0,0,0,0
2023-05-17T20:00:00Z,30,,,,0.246533,0.201,0.285,32.43,32.3,32.5,4.053467,4.052,4.055,25194,25223,0,0,0,0
2023-05-17T21:00:00Z,29,,,,0.238931,0.201,0.284,32.293103,32.2,32.4,4.052931,4.05,4.055,25224,25252,0,0,0,0
2023-05-17T22:00:00Z,29,,,,0.243448,0.201,0.281,32.203448,32.1,32.3,4.053414,4.052,4.055,25253,25281,0,0,0,0
2023-05-17T23:00:00Z,29,,,,0.243103,0.203,0.281,32.155172,32.1,32.2,4.053,4.05,4.055,25282,25310,0,0,0,0
2023-05-18T00:00:00Z,29,,,,0.236724,0.201,0.281,32.258621,32.1,32.4,4.053034,4.052,4.055,25311,25339,0,0,0,0
2023-05-18T01:00:00Z,30,,,,0.239433,0.203,0.281,32.41,32.3,32.5,4.053367,4.05,4.057,25340,25369,0,0,0,0
2023-05-18T02:00:00Z,29,,,,0.236759,0.202,0.281,32.513793,32.5,32.6,4.053759,4.052,4.057,25370,25398,0,0,0,0
2023-05-18T03:00:00Z,29,,,,0.236138,0.201,0.28,32.586207,32.5,32.6,4.053276,4.052,4.055,25399,25427,0,0,0,0
2023-05-18T04:00:00Z,29,,,,0.237552,0.201,0.28,32.6,32.6,32.6,4.053586,4.052,4.057,25428,25456,0,0,0,0
2023-05-18T05:00:00Z,29,,,,0.242621,0.201,0.281,32.603448,32.6,32.7,4.053414,4.052,4.057,25457,25485,0,0,0,0
2023-05-18T06:00:00Z,30,,,,0.241667,0.201,0.28,32.623333,32.6,32.7,4.0534,4.052,4.057,25486,25515,0,0,0,0
2023-05-18T07:00:00Z,29,,,,0.243966,0.202,0.28,32.610345,32.6,32.7,4.052759,4.052,4.055,25516,25544,0,0,0,0
2023-05-18T08:00:00Z,29,,,,0.227793,0.2,0.281,32.637931,32.6,32.7,4.053517,4.052,4.057,25545,25573,0,0,0,0
2023-05-18T09:00:00Z,29,,,,0.246586,0.2,0.281,32.662069,32.6,32.7,4.053621,4.052,4.057,25574,25602,0,0,0,0
2023-05-18T10:00:00Z,29,,,,0.245655,0.203,0.28,32.672414,32.6,32.7,4.05331,4.052,4.057,25603,25631,0,0,0,0
2023-05-18T11:00:00Z,30,,,,0.240033,0.201,0.28,32.683333,32.6,32.7,4.053267,4.052,4.057,25632,25661,0,0,0,0
2023-05-18T12:00:00Z,29,,,,0.245241,0.202,0.282,32.67931,32.6,32.7,4.052931,4.05,4.055,25662,25690,0,0,0,0
2023-05-18T13:00:00Z,29,,,,0.237207,0.201,0.28,32.689655,32.6,32.7,4.053172,4.052,4.057,25691,25719,0,0,0,0
2023-05-18T14:00:00Z,29,,,,0.236552,0.201,0.28,32.682759,32.6,32.7,4.052759,4.05,4.055,25720,25748,0,0,0,0
2023-05-18T15:00:00Z,29,,,,0.233345,0.203,0.279,32.465517,29.9,32.7,4.052828,4.05,4.055,25749,25777,0,0,0,0
2023-05-18T16:00:00Z,30,,,,0.243833,0.201,0.282,28.723333,25.7,31.3,4.052533,4.05,4.054,25778,25807,0,0,0,0
2023-05-18T17:00:00Z,29,,,,0.237379,0.201,0.282,27.941379,25.4,31.3,4.052241,4.05,4.055,25808,25836,0,0,0,0
2023-05-18T18:00:00Z,29,,,,0.234207,0.2,0.284,27.62069,25.4,30.6,4.052276,4.05,4.054,25837,25865,0,0,0,0
2023-05-18T19:00:00Z,29,,,,0.250966,0.203,0.283,28.289655,25.3,31.1,4.052483,4.05,4.054,25866,25894,0,0,0,0
2023-05-18T20:00:00Z,29,,,,0.229207,0.203,0.285,27.765517,25.3,31.1,4.052552,4.05,4.055,25895,25923,0,0,0,0
2023-05-18T21:00:00Z,30,,,,0.2443,0.203,0.283,27.77,25.1,30.9,4.051833,4.05,4.055,25924,25953,0,0,0,0
2023-05-18T22:00:00Z,29,,,,0.24231,0.203,0.283,28.048276,26.9,31.1,4.051517,4.05,4.054,25954,25982,0,0,0,0
2023-05-18T23:00:00Z,29,,,,0.236172,0.203,0.281,28.272414,25.7,30.9,4.052793,4.05,4.055,25983,26011,0,0,0,0
2023-05-19T00:00:00Z,29,,,,0.238828,0.202,0.281,28.137931,25.7,31,4.053207,4.052,4.057,26012,26040,0,0,0,0
2023-05-19T01:00:00Z,29,,,,0.244793,0.203,0.281,28.186207,25.6,30.8,4.052828,4.052,4.055,26041,26069,0,0,0,0
2023-05-19T02:00:00Z,30,,,,0.243933,0.203,0.281,28.213333,25.7,30.7,4.052633,4.05,4.055,26070,26099,0,0,0,0
2023-05-19T03:00:00Z,29,,,,0.242207,0.203,0.284,28.037931,25.5,30.2,4.05269,4.052,4.055,26100,26128,0,0,0,0
2023-05-19T04:00:00Z,29,,,,0.241517,0.202,0.284,27.831034,25.4,30.8,4.052655,4.05,4.057,26129,26157,0,0,0,0
2023-05-19T05:00:00Z,29,,,,0.243034,0.203,0.281,27.786207,25.3,30.7,4.052172,4.05,4.055,26158,26186,0,0,0,0
2023-05-19T06:00:00Z,29,,,,0.232103,0.2,0.283,27.382759,25.2,30.9,4.052448,4.05,4.055,26187,26215,0,0,0,0
2023-05-19T07:00:00Z,30,,,,0.243233,0.201,0.283,28.183333,25.3,31,4.052267,4.05,4.055,26216,26245,0,0,0,0
2023-05-19T08:00:00Z,29,,,,0.23831,0.202,0.283,28.289655,25.4,31.1,4.052207,4.05,4.055,26246,26274,0,0,0,0
2023-05-19T09:00:00Z,29,,,,0.249759,0.201,0.284,28.062069,25.3,30.9,4.052379,4.049,4.055,26275,26303,0,0,0,0
2023-05-19T10:00:00Z,29,,,,0.232931,0.201,0.282,27.97931,25.5,30.1,4.052276,4.05,4.055,26304,26332,0,0,0,0
2023-05-19T11:00:00Z,29,,,,0.226103,0.2,0.282,27.582759,25.4,30,4.051966,4.05,4.055,26333,26361,0,0,0,0
2023-05-19T12:00:00Z,30,,,,0.243667,0.203,0.282,28.3,25.5,31.1,4.051667,4.05,4.054,26362,26391,0,0,0,0
2023-05-19T13:00:00Z,29,,,,0.248483,0.202,0.284,28.617241,25.7,30.9,4.051621,4.049,4.054,26392,26420,0,0,0,0
2023-05-19T14:00:00Z,29,,,,0.265483,0.223,0.284,28.827586,27.1,31.1,4.051931,4.049,4.055,26421,26449,0,0,0,0
2023-05-19T15:00:00Z,29,,,,0.239552,0.201,0.282,27.824138,25.3,30.5,4.051241,4.049,4.054,26450,26478,0,0,0,0
2023-05-19T16:00:00Z,28,,,,0.240893,0.202,0.282,27.885714,25.7,30.8,4.050964,4.049,4.054,26479,26506,0,0,0,0
2023-05-19T17:00:00Z,29,,,,0.240138,0.201,0.282,27.917241,25.3,30.9,4.051207,4.047,4.054,26507,26535,0,0,0,0
2023-05-19T18:00:00Z,29,,,,0.245,0.202,0.282,28.224138,25.3,30.9,4.050966,4.049,4.054,26536,26564,0,0,0,0
2023-05-19T19:00:00Z,28,,,,0.245929,0.203,0.283,28.310714,25.5,30.7,4.051071,4.049,4.054,26565,26592,0,0,0,0
2023-05-19T20:00:00Z,29,,,,0.234655,0.202,0.282,27.851724,25.4,30.1,4.05131,4.05,4.054,26593,26621,0,0,0,0
2023-05-19T21:00:00Z,28,,,,0.245036,0.202,0.284,27.671429,25.1,30.4,4.051429,4.049,4.054,26622,26649,0,0,0,0
2023-05-19T22:00:00Z,29,,,,0.248897,0.202,0.282,28.234483,26,31.1,4.051,4.049,4.054,26650,26678,0,0,0,0
2023-05-19T23:00:00Z,29,,,,0.239345,0.201,0.283,28.075862,25.4,30.3,4.050966,4.049,4.054,26679,26707,0,0,0,0
2023-05-20T00:00:00Z,28,,,,0.241429,0.202,0.281,28.235714,26.6,30.9,4.051464,4.049,4.054,26708,26735,0,0,0,0
2023-05-20T01:00:00Z,29,,,,0.247379,0.202,0.283,28.203448,25.7,30.3,4.05131,4.05,4.054,26736,26764,0,0,0,0
2023-05-20T02:00:00Z,29,,,,0.257241,0.203,0.286,28.617241,24.9,31.1,4.050379,4.049,4.054,26765,26793,0,0,0,0
2023-05-20T03:00:00Z,28,,,,0.249179,0.206,0.285,27.242857,25.6,28.1,4.050286,4.047,4.052,26794,26821,0,0,0,0
2023-05-20T04:00:00Z,29,,,,0.247103,0.207,0.286,27.648276,27.4,28,4.049655,4.047,4.052,26822,26850,0,0,0,0
2023-05-20T05:00:00Z,29,,,,0.248966,0.208,0.286,27.448276,27.4,27.6,4.049793,4.047,4.054,26851,26879,0,0,0,0
2023-05-20T06:00:00Z,28,,,,0.238214,0.207,0.284,27.403571,27.3,27.5,4.050107,4.047,4.052,26880,26907,0,0,0,0
2023-05-20T07:00:00Z,29,,,,0.245517,0.209,0.281,27.144828,24.2,27.4,4.049379,4.045,4.052,26908,26936,0,0,0,0
2023-05-20T08:00:00Z,29,,,,0.24331,0.207,0.285,25.451724,22,27.2,4.049793,4.047,4.052,26937,26965,0,0,0,0
2023-05-20T09:00:00Z,28,,,,0.249893,0.208,0.285,25.078571,22.8,27.1,4.0505,4.047,4.052,26966,26993,0,0,0,0
2023-05-20T10:00:00Z,30,,,,0.236067,0.205,0.283,25.376667,23,28.8,4.0497,4.047,4.052,26994,27023,0,0,0,0
2023-05-20T11:00:00Z,29,,,,0.235621,0.205,0.278,28.917241,23.5,30.5,4.049897,4.047,4.054,27024,27052,0,0,0,0
2023-05-20T12:00:00Z,29,,,,0.238862,0.205,0.283,28.851724,24.3,30.5,4.049759,4.047,4.054,27053,27081,0,0,0,0
2023-05-20T13:00:00Z,29,,,,0.250448,0.208,0.285,24.834483,22.6,27.2,4.049276,4.047,4.052,27082,27110,0,0,0,0
2023-05-20T14:00:00Z,29,,,,0.235793,0.207,0.284,24.565517,22.2,26.2,4.048759,4.045,4.052,27111,27139,0,0,0,0
2023-05-20T15:00:00Z,30,,,,0.2467,0.205,0.281,25.896667,23,28.7,4.049367,4.047,4.052,27140,27169,0,0,0,0
2023-05-20T16:00:00Z,29,,,,0.245276,0.203,0.28,29.306897,25.9,30.5,4.05,4.047,4.052,27170,27198,0,0,0,0
2023-05-20T17:00:00Z,29,,,,0.244241,0.203,0.282,30.403448,28.5,30.8,4.049862,4.047,4.052,27199,27227,0,0,0,0
2023-05-20T18:00:00Z,28,,,,0.238821,0.203,0.281,29.825,24.6,31.3,4.049571,4.047,4.054,27228,27255,0,0,0,0
2023-05-20T19:00:00Z,29,,,,0.249897,0.202,0.282,31.368966,31.3,31.4,4.050517,4.049,4.052,27256,27284,0,0,0,0
2023-05-20T20:00:00Z,28,,,,0.246536,0.202,0.284,31.396429,31.3,31.4,4.050071,4.049,4.054,27285,27312,0,0,0,0
2023-05-20T21:00:00Z,29,,,,0.230828,0.202,0.281,31.396552,31.3,31.4,4.049586,4.047,4.052,27313,27341,0,0,0,0
2023-05-20T22:00:00Z,28,,,,0.243357,0.203,0.285,31.392857,31.3,31.4,4.049643,4.047,4.054,27342,27369,0,0,0,0
2023-05-20T23:00:00Z,28,,,,0.243857,0.202,0.282,31.4,31.4,31.4,4.049893,4.047,4.054,27371,27398,0,0,0,0
2023-05-21T00:00:00Z,29,,,,0.243414,0.203,0.281,31.4,31.4,31.4,4.050379,4.047,4.054,27399,27427,0,0,0,0
2023-05-21T01:00:00Z,29,,,,0.246172,0.201,0.284,31.42069,31.4,31.5,4.049276,4.047,4.052,27428,27456,0,0,0,0
2023-05-21T02:00:00Z,28,,,,0.248179,0.203,0.281,31.564286,31.5,31.6,4.050357,4.047,4.052,27457,27484,0,0,0,0
2023-05-21T03:00:00Z,29,,,,0.243103,0.202,0.28,31.665517,31.6,31.8,4.049862,4.047,4.052,27485,27513,0,0,0,0
2023-05-21T04:00:00Z,29,,,,0.238483,0.202,0.283,31.534483,29.1,32,4.050966,4.049,4.054,27514,27542,0,0,0,0
2023-05-21T05:00:00Z,29,,,,0.239069,0.203,0.282,31.851724,30.3,32,4.051138,4.049,4.054,27543,27571,0,0,0,0
2023-05-21T06:00:00Z,28,,,,0.251893,0.201,0.281,31.846429,28.2,32.1,4.051179,4.049,4.054,27572,27599,0,0,0,0
2023-05-21T07:00:00Z,29,,,,0.239759,0.201,0.281,32.1,32.1,32.1,4.050828,4.047,4.054,27600,27628,0,0,0,0
2023-05-21T08:00:00Z,28,,,,0.241107,0.201,0.282,32.1,32.1,32.1,4.050536,4.049,4.054,27629,27656,0,0,0,0
2023-05-21T09:00:00Z,27,,,,0.244259,0.201,0.281,32.1,32.1,32.1,4.050852,4.049,4.054,27657,27685,0,0,0,0
2023-05-21T10:00:00Z,29,,,,0.242793,0.201,0.282,32.110345,32.1,32.2,4.050345,4.047,4.054,27686,27714,0,0,0,0
2023-05-21T11:00:00Z,28,,,,0.232571,0.201,0.281,32.103571,32.1,32.2,4.050571,4.049,4.054,27715,27742,0,0,0,0
2023-05-21T12:00:00Z,29,,,,0.235621,0.2,0.281,32.113793,32.1,32.2,4.050828,4.049,4.054,27743,27771,0,0,0,0
2023-05-21T13:00:00Z,29,,,,0.24069,0.2,0.281,32.106897,32.1,32.2,4.050069,4.047,4.052,27772,27800,0,0,0,0
2023-05-21T14:00:00Z,28,,,,0.245214,0.202,0.282,32.175,32.1,32.2,4.049893,4.047,4.052,27801,27828,0,0,0,0
2023-05-21T15:00:00Z,29,,,,0.237069,0.202,0.283,32.106897,31.8,32.3,4.049724,4.047,4.054,27829,27857,0,0,0,0
2023-05-21T16:00:00Z,28,,,,0.246107,0.201,0.283,32.064286,31.9,32.1,4.050429,4.049,4.054,27858,27885,0,0,0,0
2023-05-21T17:00:00Z,29,,,,0.234483,0.201,0.282,31.851724,31.7,32,4.050241,4.049,4.052,27886,27914,0,0,0,0
2023-05-21T18:00:00Z,29,,,,0.244172,0.203,0.282,31.713793,31.6,31.8,4.049966,4.047,4.052,27915,27943,0,0,0,0
2023-05-21T19:00:00Z,28,,,,0.242536,0.203,0.283,31.625,31.5,31.8,4.049964,4.047,4.052,27944,27971,0,0,0,0
2023-05-21T20:00:00Z,29,,,,0.241724,0.201,0.282,31.575862,31.5,31.6,4.049586,4.047,4.052,27972,28000,0,0,0,0
2023-05-21T21:00:00Z,29,,,,0.245724,0.203,0.285,31.541379,31.5,31.6,4.050241,4.049,4.052,28001,28029,0,0,0,0
2023-05-21T22:00:00Z,28,,,,0.233786,0.201,0.282,31.489286,31.4,31.6,4.049929,4.047,4.052,28030,28057,0,0,0,0
2023-05-21T23:00:00Z,29,,,,0.245034,0.203,0.284,31.475862,31.4,31.6,4.049103,4.047,4.052,28058,28086,0,0,0,0
2023-05-22T00:00:00Z,28,,,,0.245929,0.202,0.283,31.603571,31.5,31.7,4.049786,4.047,4.052,28087,28114,0,0,0,0
2023-05-22T01:00:00Z,29,,,,0.240207,0.2,0.283,31.713793,31.6,31.9,4.050276,4.047,4.054,28115,28143,0,0,0,0
2023-05-22T02:00:00Z,29,,,,0.244,0.202,0.282,31.906897,31.7,32,4.049724,4.047,4.052,28144,28172,0,0,0,0
2023-05-22T03:00:00Z,28,,,,0.232893,0.2,0.283,32.010714,31.9,32.1,4.049857,4.047,4.054,28173,28200,0,0,0,0
2023-05-22T04:00:00Z,29,,,,0.23131,0.201,0.281,32.103448,32.1,32.2,4.049655,4.047,4.052,28201,28229,0,0,0,0
2023-05-22T05:00:00Z,29,,,,0.241103,0.2,0.285,32.117241,32.1,32.2,4.050138,4.049,4.052,28230,28258,0,0,0,0
2023-05-22T06:00:00Z,28,,,,0.254607,0.201,0.285,32.139286,32.1,32.3,4.049286,4.047,4.052,28259,28286,0,0,0,0
2023-05-22T07:00:00Z,29,,,,0.240103,0.2,0.285,32.151724,32.1,32.3,4.049793,4.047,4.052,28287,28315,0,0,0,0
2023-05-22T08:00:00Z,28,,,,0.230536,0.201,0.283,32.107143,32.1,32.2,4.049607,4.047,4.052,28316,28343,0,0,0,0
2023-05-22T09:00:00Z,29,,,,0.246966,0.201,0.283,32.096552,32,32.1,4.050103,4.047,4.052,28344,28372,0,0,0,0
2023-05-22T10:00:00Z,29,,,,0.236138,0.202,0.284,32.093103,32,32.1,4.049379,4.047,4.052,28373,28401,0,0,0,0
2023-05-22T11:00:00Z,27,,,,0.238259,0.202,0.283,32.085185,32,32.2,4.048778,4.047,4.052,28402,28429,0,0,0,0
2023-05-22T12:00:00Z,28,,,,0.233071,0.202,0.282,32.164286,32.1,32.2,4.049679,4.047,4.052,28430,28458,0,0,0,0
2023-05-22T13:00:00Z,29,,,,0.247207,0.201,0.285,32.189655,32.1,32.3,4.050172,4.047,4.052,28459,28487,0,0,0,0
2023-05-22T14:00:00Z,28,,,,0.243464,0.202,0.281,32.214286,32.2,32.3,4.0495,4.047,4.052,28488,28515,0,0,0,0
2023-05-22T15:00:00Z,29,,,,0.248517,0.202,0.286,32.248276,32.2,32.3,4.049448,4.047,4.054,28516,28544,0,0,0,0
2023-05-22T16:00:00Z,29,,,,0.244172,0.201,0.286,32.182759,32.1,32.3,4.049586,4.047,4.052,28545,28573,0,0,0,0
2023-05-22T17:00:00Z,29,,,,0.250793,0.201,0.286,32.096552,32,32.1,4.049207,4.047,4.052,28574,28602,0,0,0,0
2023-05-22T18:00:00Z,28,,,,0.244786,0.2,0.286,32.010714,31.9,32.1,4.049464,4.047,4.052,28603,28630,0,0,0,0
2023-05-22T19:00:00Z,29,,,,0.253483,0.201,0.286,31.834483,31.7,31.9,4.049621,4.047,4.052,28631,28659,0,0,0,0
2023-05-22T20:00:00Z,28,,,,0.239,0.202,0.288,31.725,31.7,31.8,4.049071,4.045,4.052,28660,28687,0,0,0,0
2023-05-22T21:00:00Z,29,,,,0.238379,0.202,0.284,31.655172,31.6,31.7,4.049241,4.047,4.052,28688,28716,0,0,0,0
2023-05-22T22:00:00Z,29,,,,0.235793,0.2,0.287,31.589655,31.5,31.6,4.048966,4.047,4.052,28717,28745,0,0,0,0
2023-05-22T23:00:00Z,28,,,,0.233786,0.202,0.283,31.6,31.6,31.6,4.049286,4.047,4.052,28746,28773,0,0,0,0
2023-05-23T00:00:00Z,29,,,,0.245966,0.201,0.286,31.6,31.6,31.6,4.049172,4.047,4.052,28774,28802,0,0,0,0
2023-05-23T01:00:00Z,29,,,,0.239276,0.203,0.283,31.672414,31.6,31.8,4.048759,4.047,4.052,28803,28831,0,0,0,0
2023-05-23T02:00:00Z,28,,,,0.244464,0.202,0.284,31.896429,31.8,32,4.048714,4.045,4.052,28832,28859,0,0,0,0
2023-05-23T03:00:00Z,29,,,,0.232034,0.199,0.283,31.996552,31.9,32.1,4.048172,4.045,4.05,28860,28888,0,0,0,0
2023-05-23T04:00:00Z,30,,,,0.238167,0.201,0.284,32.086667,32,32.1,4.049433,4.047,4.052,28889,28918,0,0,0,0
2023-05-23T05:00:00Z,29,,,,0.242103,0.201,0.281,32.103448,32.1,32.2,4.049517,4.045,4.052,28919,28947,0,0,0,0
2023-05-23T06:00:00Z,29,,,,0.235069,0.201,0.284,32.2,32.1,32.3,4.049828,4.047,4.052,28948,28976,0,0,0,0
2023-05-23T07:00:00Z,29,,,,0.247069,0.199,0.283,32.251724,32.2,32.3,4.050241,4.049,4.052,28977,29005,0,0,0,0
2023-05-23T08:00:00Z,30,,,,0.237067,0.199,0.284,32.296667,32.2,32.4,4.049367,4.045,4.052,29006,29035,0,0,0,0
2023-05-23T09:00:00Z,28,,,,0.2515,0.2,0.284,32.367857,32.3,32.5,4.049286,4.044,4.052,29036,29064,0,0,0,0
2023-05-23T10:00:00Z,28,,,,0.245714,0.2,0.281,32.514286,32.4,32.7,4.048286,4.045,4.052,29065,29093,0,0,0,0
2023-05-23T11:00:00Z,28,,,,0.247571,0.204,0.282,32.614286,32.6,32.7,4.048714,4.047,4.052,29094,29122,0,0,0,0
2023-05-23T12:00:00Z,29,,,,0.239552,0.201,0.282,32.527586,32.5,32.6,4.049207,4.045,4.052,29123,29151,0,0,0,0
2023-05-23T13:00:00Z,29,,,,0.238966,0.201,0.28,32.42069,32.3,32.5,4.04769,4.045,4.052,29152,29180,0,0,0,0
2023-05-23T14:00:00Z,30,,,,0.245767,0.201,0.282,32.433333,32.3,32.5,4.0481,4.045,4.05,29181,29210,0,0,0,0
2023-05-23T15:00:00Z,29,,,,0.239241,0.201,0.281,32.365517,32.2,32.5,4.047897,4.045,4.052,29211,29239,0,0,0,0
2023-05-23T16:00:00Z,29,,,,0.253586,0.203,0.284,32.182759,32.1,32.3,4.047483,4.044,4.05,29240,29268,0,0,0,0
2023-05-23T17:00:00Z,29,,,,0.243276,0.201,0.286,32.1,32.1,32.1,4.047138,4.044,4.052,29269,29297,0,0,0,0
2023-05-23T18:00:00Z,29,,,,0.23469,0.202,0.284,32.086207,32,32.1,4.047241,4.044,4.05,29298,29326,0,0,0,0
2023-05-23T19:00:00Z,30,,,,0.250867,0.201,0.284,31.95,31.9,32,4.046867,4.044,4.05,29327,29356,0,0,0,0
2023-05-23T20:00:00Z,26,,,,0.246231,0.201,0.286,31.896154,31.8,32,4.047308,4.044,4.05,29357,29385,0,0,0,0
2023-05-23T21:00:00Z,29,,,,0.236,0.2,0.284,31.789655,31.7,31.9,4.047172,4.045,4.05,29386,29414,0,0,0,0
2023-05-23T22:00:00Z,29,,,,0.251103,0.201,0.283,31.706897,31.7,31.8,4.046552,4.044,4.05,29415,29443,0,0,0,0
2023-05-23T23:00:00Z,29,,,,0.251414,0.203,0.283,31.775862,31.7,31.9,4.046241,4.044,4.05,29444,29472,0,0,0,0
2023-05-24T00:00:00Z,30,,,,0.248467,0.202,0.283,32.016667,31.9,32.1,4.046667,4.044,4.05,29473,29502,0,0,0,0
2023-05-24T01:00:00Z,29,,,,0.245207,0.201,0.282,32.1,32.1,32.1,4.046345,4.045,4.05,29503,29531,0,0,0,0
2023-05-24T02:00:00Z,29,,,,0.241897,0.198,0.283,32.162069,32.1,32.3,4.048069,4.045,4.052,29532,29560,0,0,0,0
2023-05-24T03:00:00Z,28,,,,0.238143,0.2,0.285,32.332143,32.2,32.6,4.049036,4.047,4.052,29561,29589,0,0,0,0
2023-05-24T04:00:00Z,29,,,,0.235897,0.201,0.283,32.417241,32.4,32.5,4.04831,4.045,4.052,29590,29618,0,0,0,0
2023-05-24T05:00:00Z,29,,,,0.237931,0.202,0.282,32.496552,32.4,32.5,4.047931,4.045,4.05,29619,29647,0,0,0,0
2023-05-24T06:00:00Z,30,,,,0.236933,0.2,0.282,32.5,32.5,32.5,4.0482,4.045,4.05,29648,29677,0,0,0,0
2023-05-24T07:00:00Z,29,,,,0.237828,0.199,0.284,32.52069,32.5,32.6,4.047621,4.045,4.05,29678,29706,0,0,0,0
2023-05-24T08:00:00Z,29,,,,0.245103,0.2,0.285,32.57931,32.5,32.6,4.047621,4.045,4.05,29707,29735,0,0,0,0
2023-05-24T09:00:00Z,29,,,,0.234103,0.2,0.283,32.537931,32.5,32.6,4.04769,4.045,4.05,29736,29764,0,0,0,0
2023-05-24T10:00:00Z,29,,,,0.247103,0.203,0.283,32.513793,32.5,32.6,4.047931,4.045,4.052,29765,29793,0,0,0,0
2023-05-24T11:00:00Z,30,,,,0.2434,0.201,0.282,32.506667,32.5,32.6,4.048167,4.045,4.05,29794,29823,0,0,0,0
2023-05-24T12:00:00Z,28,,,,0.232393,0.202,0.283,32.510714,32.5,32.6,4.048036,4.045,4.05,29824,29852,0,0,0,0
2023-05-24T13:00:00Z,29,,,,0.239724,0.204,0.281,32.517241,32.5,32.6,4.047828,4.045,4.05,29853,29881,0,0,0,0
2023-05-24T14:00:00Z,29,,,,0.244966,0.201,0.283,32.544828,32.5,32.6,4.046931,4.044,4.052,29882,29910,0,0,0,0
2023-05-24T15:00:00Z,29,,,,0.243552,0.201,0.283,32.575862,32.5,32.6,4.047207,4.045,4.052,29911,29939,0,0,0,0
2023-05-24T16:00:00Z,30,,,,0.237967,0.198,0.285,32.616667,32.6,32.7,4.047233,4.044,4.052,29940,29969,0,0,0,0
2023-05-24T17:00:00Z,29,,,,0.23831,0.2,0.284,32.596552,32.5,32.7,4.047414,4.045,4.052,29970,29998,0,0,0,0
2023-05-24T18:00:00Z,29,,,,0.259034,0.208,0.285,32.465517,32.4,32.6,4.046552,4.044,4.05,29999,30027,0,0,0,0
2023-05-24T19:00:00Z,24,,,,0.244083,0.202,0.284,32.379167,32.3,32.5,4.047,4.044,4.05,30028,30056,0,0,0,0
2023-05-24T20:00:00Z,28,,,,0.247571,0.202,0.287,32.264286,32.2,32.4,4.047036,4.045,4.05,30057,30084,0,0,0,0
2023-05-24T21:00:00Z,29,,,,0.238586,0.201,0.287,32.137931,32.1,32.2,4.04731,4.045,4.05,30085,30113,0,0,0,0
2023-05-24T22:00:00Z,29,,,,0.248172,0.201,0.283,32.1,32.1,32.1,4.046759,4.045,4.05,30114,30142,0,0,0,0
2023-05-24T23:00:00Z,28,,,,0.238393,0.201,0.283,32.085714,32,32.1,4.047464,4.045,4.05,30143,30170,0,0,0,0
2023-05-25T00:00:00Z,29,,,,0.238759,0.202,0.282,32.1,32,32.2,4.047586,4.045,4.05,30171,30199,0,0,0,0
2023-05-25T01:00:00Z,28,,,,0.246,0.201,0.284,32.207143,32.1,32.3,4.04725,4.045,4.05,30200,30227,0,0,0,0
2023-05-25T02:00:00Z,29,,,,0.235138,0.2,0.284,32.358621,32.3,32.5,4.046828,4.044,4.05,30228,30256,0,0,0,0
2023-05-25T03:00:00Z,29,,,,0.257345,0.2,0.286,32.482759,32.4,32.5,4.046414,4.042,4.05,30257,30285,0,0,0,0
2023-05-25T04:00:00Z,28,,,,0.23225,0.2,0.283,32.560714,32.5,32.6,4.047821,4.045,4.052,30286,30313,0,0,0,0
2023-05-25T05:00:00Z,29,,,,0.232,0.2,0.282,32.596552,32.5,32.6,4.046379,4.044,4.049,30314,30342,0,0,0,0
2023-05-25T06:00:00Z,28,,,,0.239321,0.201,0.283,32.607143,32.6,32.7,4.046643,4.044,4.05,30343,30370,0,0,0,0
2023-05-25T07:00:00Z,29,,,,0.234103,0.201,0.281,32.610345,32.6,32.7,4.046793,4.045,4.05,30371,30399,0,0,0,0
2023-05-25T08:00:00Z,29,,,,0.251621,0.2,0.283,32.6,32.6,32.6,4.046483,4.045,4.05,30400,30428,0,0,0,0
2023-05-25T09:00:00Z,28,,,,0.242679,0.201,0.285,32.6,32.6,32.6,4.046643,4.045,4.05,30429,30456,0,0,0,0
2023-05-25T10:00:00Z,29,,,,0.243069,0.2,0.281,32.603448,32.6,32.7,4.046862,4.044,4.05,30457,30485,0,0,0,0
2023-05-25T11:00:00Z,29,,,,0.247138,0.203,0.285,32.596552,32.5,32.6,4.046552,4.044,4.05,30486,30514,0,0,0,0
2023-05-25T12:00:00Z,29,,,,0.237345,0.2,0.282,32.586207,32.5,32.6,4.046414,4.044,4.05,30515,30543,0,0,0,0
2023-05-25T13:00:00Z,29,,,,0.238379,0.201,0.282,32.6,32.6,32.6,4.046862,4.044,4.05,30544,30572,0,0,0,0
2023-05-25T14:00:00Z,30,,,,0.243233,0.2,0.283,32.6,32.6,32.6,4.046267,4.044,4.052,30573,30602,0,0,0,0
2023-05-25T15:00:00Z,29,,,,0.239138,0.2,0.287,32.6,32.6,32.6,4.046828,4.044,4.05,30603,30631,0,0,0,0
2023-05-25T16:00:00Z,29,,,,0.256379,0.201,0.286,32.606897,32.6,32.7,4.047103,4.044,4.05,30632,30660,0,0,0,0
2023-05-25T17:00:00Z,28,,,,0.242429,0.2,0.286,32.542857,32.5,32.6,4.046679,4.044,4.049,30661,30689,0,0,0,0
2023-05-25T18:00:00Z,29,,,,0.247,0.203,0.286,32.355172,32.2,32.5,4.045793,4.044,4.049,30690,30718,0,0,0,0
2023-05-25T19:00:00Z,27,,,,0.240296,0.2,0.285,32.251852,32.1,32.6,4.046444,4.044,4.05,30719,30747,0,0,0,0
2023-05-25T20:00:00Z,29,,,,0.247414,0.201,0.286,32.113793,32.1,32.2,4.046517,4.044,4.05,30748,30776,0,0,0,0
2023-05-25T21:00:00Z,30,,,,0.242433,0.202,0.286,32.096667,32,32.1,4.046033,4.042,4.05,30777,30806,0,0,0,0
2023-05-25T22:00:00Z,29,,,,0.248759,0.199,0.284,32.044828,32,32.1,4.047724,4.045,4.05,30807,30835,0,0,0,0
2023-05-25T23:00:00Z,29,,,,0.235552,0.2,0.284,32.044828,32,32.1,4.047,4.045,4.05,30836,30864,0,0,0,0
2023-05-26T00:00:00Z,29,,,,0.234,0.2,0.281,32.151724,32.1,32.3,4.047655,4.045,4.05,30865,30893,0,0,0,0
2023-05-26T01:00:00Z,29,,,,0.239828,0.201,0.282,32.306897,32.2,32.4,4.047345,4.045,4.05,30894,30922,0,0,0,0
2023-05-26T02:00:00Z,30,,,,0.2471,0.2,0.283,32.45,32.3,32.5,4.047,4.045,4.05,30923,30952,0,0,0,0
2023-05-26T03:00:00Z,29,,,,0.239517,0.201,0.284,32.506897,32.5,32.6,4.04631,4.044,4.049,30953,30981,0,0,0,0
2023-05-26T04:00:00Z,29,,,,0.239034,0.201,0.285,32.5,32.5,32.5,4.045966,4.044,4.049,30982,31010,0,0,0,0
2023-05-26T05:00:00Z,29,,,,0.245138,0.2,0.283,32.5,32.5,32.5,4.045793,4.042,4.05,31011,31039,0,0,0,0
2023-05-26T06:00:00Z,29,,,,0.236276,0.2,0.284,32.5,32.5,32.5,4.045966,4.042,4.049,31040,31068,0,0,0,0
2023-05-26T07:00:00Z,29,,,,0.240621,0.199,0.284,32.503448,32.5,32.6,4.045828,4.044,4.05,31069,31097,0,0,0,0
2023-05-26T08:00:00Z,30,,,,0.250133,0.202,0.286,32.496667,32.4,32.5,4.046767,4.044,4.05,31098,31127,0,0,0,0
2023-05-26T09:00:00Z,29,,,,0.248793,0.201,0.283,32.486207,32.4,32.5,4.046966,4.044,4.052,31128,31156,0,0,0,0
2023-05-26T10:00:00Z,29,,,,0.243276,0.204,0.283,32.468966,32.4,32.5,4.046966,4.044,4.05,31157,31185,0,0,0,0
2023-05-26T11:00:00Z,29,,,,0.244414,0.205,0.284,32.441379,32.4,32.5,4.046414,4.044,4.05,31186,31214,0,0,0,0
2023-05-26T12:00:00Z,29,,,,0.239759,0.201,0.282,32.458621,32.4,32.5,4.04631,4.044,4.05,31215,31243,0,0,0,0
2023-05-26T13:00:00Z,30,,,,0.248767,0.202,0.286,32.44,32.3,32.5,4.045867,4.044,4.049,31244,31273,0,0,0,0
2023-05-26T14:00:00Z,29,,,,0.239862,0.201,0.285,32.475862,32.4,32.6,4.046414,4.044,4.05,31274,31302,0,0,0,0
2023-05-26T15:00:00Z,29,,,,0.253517,0.203,0.286,32.513793,32.5,32.6,4.045724,4.042,4.05,31303,31331,0,0,0,0
2023-05-26T16:00:00Z,29,,,,0.249414,0.2,0.287,32.541379,32.5,32.6,4.046828,4.044,4.05,31332,31360,0,0,0,0
2023-05-26T17:00:00Z,29,,,,0.229897,0.2,0.284,32.562069,32.5,32.6,4.046448,4.044,4.05,31361,31389,0,0,0,0
2023-05-26T18:00:00Z,30,,,,0.249033,0.203,0.286,32.496667,32.3,32.6,4.045833,4.044,4.05,31390,31419,0,0,0,0
2023-05-26T19:00:00Z,29,,,,0.241862,0.201,0.286,32.175862,32.1,32.3,4.046138,4.044,4.049,31420,31448,0,0,0,0
2023-05-26T20:00:00Z,29,,,,0.241793,0.201,0.288,32.027586,31.9,32.1,4.045724,4.042,4.05,31449,31477,0,0,0,0
2023-05-26T21:00:00Z,29,,,,0.238655,0.201,0.286,31.841379,31.7,32,4.044897,4.042,4.049,31478,31506,0,0,0,0
2023-05-26T22:00:00Z,29,,,,0.255034,0.202,0.289,31.706897,31.6,31.8,4.045103,4.044,4.049,31507,31535,0,0,0,0
2023-05-26T23:00:00Z,30,,,,0.247233,0.201,0.286,31.606667,31.6,31.7,4.0457,4.042,4.049,31536,31565,0,0,0,0
2023-05-27T00:00:00Z,29,,,,0.247483,0.202,0.286,31.568966,31.5,31.6,4.045483,4.04,4.049,31566,31594,0,0,0,0
2023-05-27T01:00:00Z,29,,,,0.248655,0.202,0.287,31.517241,31.5,31.6,4.04469,4.042,4.047,31595,31623,0,0,0,0
2023-05-27T02:00:00Z,29,,,,0.24331,0.202,0.282,31.568966,31.4,31.7,4.044552,4.04,4.047,31624,31652,0,0,0,0
2023-05-27T03:00:00Z,29,,,,0.244621,0.201,0.285,31.893103,31.7,32,4.045483,4.044,4.049,31653,31681,0,0,0,0
2023-05-27T04:00:00Z,29,,,,0.240069,0.201,0.285,32.062069,32,32.1,4.046034,4.044,4.05,31682,31710,0,0,0,0
2023-05-27T05:00:00Z,30,,,,0.241533,0.201,0.286,32.206667,32.1,32.4,4.045233,4.042,4.05,31711,31740,0,0,0,0
2023-05-27T06:00:00Z,29,,,,0.238966,0.202,0.284,31.731034,30.4,32.2,4.045172,4.04,4.049,31741,31769,0,0,0,0
2023-05-27T07:00:00Z,29,,,,0.238103,0.204,0.286,29.631034,28.6,30.3,4.044207,4.042,4.047,31770,31798,0,0,0,0
2023-05-27T08:00:00Z,29,,,,0.246345,0.204,0.286,30.041379,29.3,30.6,4.044448,4.042,4.047,31799,31827,0,0,0,0
2023-05-27T09:00:00Z,29,,,,0.24231,0.203,0.286,30.893103,29.2,31.4,4.044586,4.04,4.049,31828,31856,0,0,0,0
2023-05-27T10:00:00Z,29,,,,0.232586,0.203,0.286,31.386207,31.3,31.4,4.045241,4.042,4.047,31857,31885,0,0,0,0
2023-05-27T11:00:00Z,30,,,,0.243467,0.203,0.286,31.39,31.3,31.4,4.044767,4.04,4.049,31886,31915,0,0,0,0
2023-05-27T12:00:00Z,29,,,,0.244379,0.203,0.286,31.396552,31.3,31.4,4.045448,4.042,4.049,31916,31944,0,0,0,0
2023-05-27T13:00:00Z,29,,,,0.24669,0.204,0.287,31.396552,31.3,31.4,4.044414,4.04,4.049,31945,31973,0,0,0,0
2023-05-27T14:00:00Z,29,,,,0.243138,0.203,0.287,31.4,31.4,31.4,4.043828,4.04,4.047,31974,32002,0,0,0,0
2023-05-27T15:00:00Z,29,,,,0.250897,0.202,0.289,31.4,31.4,31.4,4.044517,4.042,4.049,32003,32031,0,0,0,0
2023-05-27T16:00:00Z,29,,,,0.250345,0.203,0.286,31.42069,31.4,31.6,4.044862,4.042,4.049,32032,32061,0,0,0,0
2023-05-27T17:00:00Z,29,,,,0.248,0.202,0.288,31.396552,31.3,31.4,4.044897,4.042,4.05,32062,32090,0,0,0,0
2023-05-27T18:00:00Z,29,,,,0.244966,0.203,0.289,31.310345,31.2,31.4,4.043862,4.04,4.049,32091,32119,0,0,0,0
2023-05-27T19:00:00Z,29,,,,0.24731,0.203,0.288,31.106897,31,31.3,4.044448,4.04,4.049,32120,32148,0,0,0,0
2023-05-27T20:00:00Z,29,,,,0.254138,0.203,0.288,30.913793,30.8,31.1,4.043724,4.04,4.049,32149,32177,0,0,0,0
2023-05-27T21:00:00Z,30,,,,0.237067,0.202,0.286,30.78,30.7,30.9,4.0445,4.042,4.047,32178,32207,0,0,0,0
2023-05-27T22:00:00Z,29,,,,0.253276,0.203,0.287,30.737931,30.6,30.9,4.043414,4.04,4.047,32208,32236,0,0,0,0
2023-05-27T23:00:00Z,29,,,,0.244241,0.206,0.287,30.710345,30.6,30.8,4.043828,4.04,4.049,32237,32265,0,0,0,0
2023-05-28T00:00:00Z,29,,,,0.252897,0.203,0.285,30.775862,30.7,30.9,4.044586,4.04,4.049,32266,32294,0,0,0,0
2023-05-28T01:00:00Z,29,,,,0.242241,0.203,0.286,30.8,30.7,30.9,4.044483,4.042,4.047,32295,32323,0,0,0,0
2023-05-28T02:00:00Z,29,,,,0.252862,0.203,0.286,31.058621,30.8,31.3,4.043759,4.04,4.049,32324,32352,0,0,0,0
2023-05-28T03:00:00Z,30,,,,0.248033,0.203,0.286,31.343333,31.3,31.4,4.043533,4.04,4.047,32353,32382,0,0,0,0
2023-05-28T04:00:00Z,29,,,,0.240172,0.204,0.286,31.396552,31.3,31.4,4.043207,4.04,4.047,32383,32411,0,0,0,0
2023-05-28T05:00:00Z,29,,,,0.249379,0.203,0.287,31.148276,30.1,31.4,4.042655,4.04,4.047,32412,32440,0,0,0,0
2023-05-28T06:00:00Z,29,,,,0.249828,0.206,0.288,28.17931,24,30.1,4.043552,4.04,4.047,32441,32469,0,0,0,0
2023-05-28T07:00:00Z,29,,,,0.247759,0.208,0.287,27.548276,27.3,28.6,4.04269,4.04,4.047,32470,32498,0,0,0,0
2023-05-28T08:00:00Z,30,,,,0.246867,0.205,0.286,29.576667,28.6,30.1,4.043233,4.04,4.047,32499,32528,0,0,0,0
2023-05-28T09:00:00Z,29,,,,0.239793,0.205,0.284,29.889655,25.7,30.3,4.04331,4.04,4.047,32529,32557,0,0,0,0
2023-05-28T10:00:00Z,29,,,,0.249069,0.204,0.286,30.355172,30.2,30.5,4.043862,4.04,4.047,32558,32586,0,0,0,0
2023-05-28T11:00:00Z,29,,,,0.239655,0.203,0.284,30.562069,30.4,30.6,4.043345,4.039,4.047,32587,32615,0,0,0,0
2023-05-28T12:00:00Z,29,,,,0.248069,0.204,0.285,30.648276,30.6,30.7,4.043241,4.04,4.047,32616,32644,0,0,0,0
2023-05-28T13:00:00Z,30,,,,0.240233,0.203,0.286,30.853333,30.7,31.1,4.043733,4.04,4.049,32645,32674,0,0,0,0
2023-05-28T14:00:00Z,29,,,,0.241517,0.203,0.286,31.075862,30.9,31.2,4.042379,4.04,4.047,32675,32703,0,0,0,0
2023-05-28T15:00:00Z,26,,,,0.245192,0.205,0.286,31.238462,31.1,31.3,4.042654,4.04,4.045,32704,32732,0,0,0,0
2023-05-28T16:00:00Z,29,,,,0.241138,0.203,0.287,31.286207,31.2,31.4,4.043586,4.04,4.047,32733,32761,0,0,0,0
2023-05-28T17:00:00Z,29,,,,0.241724,0.203,0.286,31.027586,30.9,31.2,4.042414,4.039,4.047,32762,32790,0,0,0,0
2023-05-28T18:00:00Z,30,,,,0.244967,0.203,0.286,30.756667,30.7,30.9,4.042667,4.04,4.047,32791,32820,0,0,0,0
2023-05-28T19:00:00Z,29,,,,0.248207,0.203,0.286,30.672414,30.6,30.8,4.042172,4.039,4.047,32821,32849,0,0,0,0
2023-05-28T20:00:00Z,29,,,,0.243276,0.203,0.286,30.606897,30.6,30.7,4.04231,4.04,4.047,32850,32878,0,0,0,0
2023-05-28T21:00:00Z,29,,,,0.24331,0.204,0.287,30.593103,30.5,30.6,4.041931,4.039,4.047,32879,32907,0,0,0,0
2023-05-28T22:00:00Z,29,,,,0.247793,0.204,0.285,30.541379,30.5,30.6,4.043448,4.04,4.047,32908,32936,0,0,0,0
2023-05-28T23:00:00Z,30,,,,0.242767,0.204,0.286,30.536667,30.5,30.6,4.0431,4.04,4.047,32937,32966,0,0,0,0
2023-05-29T00:00:00Z,29,,,,0.246241,0.205,0.286,30.586207,30.5,30.6,4.042966,4.039,4.047,32967,32995,0,0,0,0
2023-05-29T01:00:00Z,29,,,,0.247,0.203,0.286,30.67931,30.6,30.8,4.042931,4.039,4.047,32996,33024,0,0,0,0
2023-05-29T02:00:00Z,29,,,,0.239621,0.203,0.285,30.82069,30.7,31,4.042621,4.04,4.047,33025,33053,0,0,0,0
2023-05-29T03:00:00Z,29,,,,0.238448,0.203,0.284,31.12069,30.9,31.3,4.042483,4.04,4.047,33054,33082,0,0,0,0
2023-05-29T04:00:00Z,30,,,,0.241967,0.203,0.286,31.28,31.2,31.3,4.041933,4.04,4.047,33083,33112,0,0,0,0
2023-05-29T05:00:00Z,29,,,,0.245448,0.203,0.285,31.306897,31.3,31.4,4.043517,4.04,4.049,33113,33141,0,0,0,0
2023-05-29T06:00:00Z,29,,,,0.238897,0.203,0.286,31.3,31.3,31.3,4.043276,4.039,4.047,33142,33170,0,0,0,0
2023-05-29T07:00:00Z,29,,,,0.248276,0.205,0.286,31.303448,31.3,31.4,4.043759,4.04,4.047,33171,33199,0,0,0,0
2023-05-29T08:00:00Z,29,,,,0.248345,0.203,0.286,31.331034,31.3,31.4,4.043793,4.04,4.049,33200,33228,0,0,0,0
2023-05-29T09:00:00Z,30,,,,0.250133,0.203,0.285,31.306667,31.3,31.4,4.043467,4.04,4.047,33229,33258,0,0,0,0
2023-05-29T10:00:00Z,29,,,,0.238276,0.202,0.286,31.3,31.3,31.3,4.043862,4.04,4.047,33259,33287,0,0,0,0
2023-05-29T11:00:00Z,29,,,,0.258103,0.202,0.286,31.303448,31.3,31.4,4.044069,4.04,4.047,33288,33316,0,0,0,0
2023-05-29T12:00:00Z,29,,,,0.240414,0.202,0.289,31.303448,31.3,31.4,4.043793,4.04,4.047,33317,33345,0,0,0,0
2023-05-29T13:00:00Z,29,,,,0.247483,0.203,0.286,31.313793,31.3,31.4,4.043207,4.039,4.049,33346,33374,0,0,0,0
2023-05-29T14:00:00Z,30,,,,0.244233,0.202,0.286,31.313333,31.3,31.4,4.043133,4.04,4.047,33375,33404,0,0,0,0
2023-05-29T15:00:00Z,29,,,,0.243379,0.202,0.286,31.362069,31.3,31.4,4.042793,4.04,4.047,33405,33433,0,0,0,0
2023-05-29T16:00:00Z,28,,,,0.2435,0.202,0.286,31.414286,31.4,31.6,4.042071,4.039,4.047,33434,33462,0,0,0,0
2023-05-29T17:00:00Z,29,,,,0.24569,0.201,0.286,31.4,31.4,31.4,4.042517,4.04,4.045,33463,33491,0,0,0,0
2023-05-29T18:00:00Z,29,,,,0.243241,0.202,0.287,31.4,31.4,31.4,4.042,4.039,4.045,33492,33520,0,0,0,0
2023-05-29T19:00:00Z,30,,,,0.2377,0.202,0.288,31.316667,31.1,31.4,4.041733,4.039,4.045,33521,33550,0,0,0,0
2023-05-29T20:00:00Z,29,,,,0.245,0.203,0.29,31.037931,30.9,31.2,4.043172,4.04,4.047,33551,33579,0,0,0,0
2023-05-29T21:00:00Z,28,,,,0.248214,0.203,0.291,30.771429,30.7,30.9,4.042321,4.04,4.045,33580,33608,0,0,0,0
2023-05-29T22:00:00Z,29,,,,0.243586,0.203,0.289,30.665517,30.6,30.7,4.042862,4.04,4.047,33609,33637,0,0,0,0
2023-05-29T23:00:00Z,29,,,,0.252517,0.205,0.288,30.603448,30.6,30.7,4.042138,4.04,4.045,33638,33666,0,0,0,0
2023-05-30T00:00:00Z,29,,,,0.234379,0.203,0.284,30.644828,30.6,30.7,4.042448,4.04,4.045,33667,33695,0,0,0,0
2023-05-30T01:00:00Z,30,,,,0.2464,0.205,0.286,30.803333,30.7,31,4.042533,4.04,4.045,33696,33725,0,0,0,0
2023-05-30T02:00:00Z,29,,,,0.235,0.203,0.285,31.110345,30.9,31.3,4.042655,4.039,4.047,33726,33754,0,0,0,0
2023-05-30T03:00:00Z,29,,,,0.249828,0.203,0.286,31.296552,31.2,31.3,4.042655,4.04,4.047,33755,33783,0,0,0,0
2023-05-30T04:00:00Z,29,,,,0.247759,0.203,0.286,31.334483,31.3,31.4,4.042586,4.04,4.045,33784,33812,0,0,0,0
2023-05-30T05:00:00Z,30,,,,0.247,0.203,0.286,31.386667,31.3,31.4,4.042567,4.039,4.047,33813,33842,0,0,0,0
2023-05-30T06:00:00Z,29,,,,0.230379,0.203,0.286,31.396552,31.3,31.4,4.041724,4.039,4.045,33843,33871,0,0,0,0
2023-05-30T07:00:00Z,29,,,,0.245966,0.203,0.29,31.396552,31.3,31.4,4.041931,4.039,4.045,33872,33900,0,0,0,0
2023-05-30T08:00:00Z,29,,,,0.251345,0.203,0.288,31.386207,31.3,31.4,4.041621,4.039,4.047,33901,33929,0,0,0,0
2023-05-30T09:00:00Z,29,,,,0.246724,0.203,0.286,31.386207,31.3,31.4,4.041655,4.039,4.045,33930,33958,0,0,0,0
2023-05-30T10:00:00Z,30,,,,0.2397,0.203,0.286,31.396667,31.3,31.4,4.041433,4.039,4.045,33959,33988,0,0,0,0
2023-05-30T11:00:00Z,29,,,,0.246517,0.203,0.289,31.4,31.4,31.4,4.042,4.04,4.045,33989,34017,0,0,0,0
2023-05-30T12:00:00Z,29,,,,0.245207,0.203,0.29,31.4,31.4,31.4,4.041,4.039,4.045,34018,34046,0,0,0,0
2023-05-30T13:00:00Z,29,,,,0.244931,0.203,0.286,31.393103,31.3,31.4,4.041103,4.039,4.045,34047,34075,0,0,0,0
2023-05-30T14:00:00Z,29,,,,0.236897,0.203,0.286,31.4,31.4,31.4,4.041793,4.039,4.045,34076,34104,0,0,0,0
2023-05-30T15:00:00Z,30,,,,0.239367,0.203,0.287,31.4,31.4,31.4,4.042667,4.039,4.047,34105,34134,0,0,0,0
2023-05-30T16:00:00Z,29,,,,0.25631,0.203,0.287,31.4,31.4,31.4,4.042759,4.04,4.047,34135,34163,0,0,0,0
2023-05-30T17:00:00Z,29,,,,0.243069,0.203,0.288,31.393103,31.3,31.4,4.042241,4.04,4.045,34164,34192,0,0,0,0
2023-05-30T18:00:00Z,29,,,,0.250207,0.203,0.288,31.32069,31.3,31.4,4.042793,4.04,4.047,34193,34221,0,0,0,0
2023-05-30T19:00:00Z,29,,,,0.241448,0.204,0.288,31.27931,31.2,31.3,4.042172,4.039,4.045,34222,34250,0,0,0,0
2023-05-30T20:00:00Z,30,,,,0.2395,0.203,0.288,31.17,31.1,31.3,4.0418,4.039,4.045,34251,34280,0,0,0,0
2023-05-30T21:00:00Z,29,,,,0.255931,0.204,0.289,31.075862,31,31.2,4.041345,4.039,4.045,34281,34309,0,0,0,0
2023-05-30T22:00:00Z,29,,,,0.250862,0.203,0.289,30.934483,30.8,31.1,4.041207,4.039,4.047,34310,34338,0,0,0,0
2023-05-30T23:00:00Z,29,,,,0.235103,0.203,0.286,30.944828,30.8,31.1,4.042241,4.039,4.047,34339,34367,0,0,0,0
2023-05-31T00:00:00Z,29,,,,0.244414,0.203,0.286,31.127586,30.9,31.3,4.042138,4.037,4.045,34368,34396,0,0,0,0
2023-05-31T01:00:00Z,30,,,,0.247033,0.203,0.286,31.273333,31.2,31.3,4.043,4.04,4.047,34397,34426,0,0,0,0
2023-05-31T02:00:00Z,29,,,,0.247517,0.203,0.286,31.368966,31.3,31.4,4.043207,4.04,4.047,34427,34455,0,0,0,0
2023-05-31T03:00:00Z,29,,,,0.238034,0.203,0.286,31.4,31.4,31.4,4.043897,4.04,4.049,34456,34484,0,0,0,0
2023-05-31T04:00:00Z,29,,,,0.24169,0.202,0.286,31.4,31.4,31.4,4.044034,4.042,4.047,34485,34513,0,0,0,0
2023-05-31T05:00:00Z,29,,,,0.246931,0.202,0.286,31.4,31.4,31.4,4.042724,4.04,4.047,34514,34542,0,0,0,0
2023-05-31T06:00:00Z,30,,,,0.2351,0.202,0.286,31.403333,31.4,31.5,4.0417,4.039,4.045,34543,34572,0,0,0,0
2023-05-31T07:00:00Z,28,,,,0.243786,0.203,0.288,31.4,31.4,31.4,4.041571,4.037,4.045,34573,34601,0,0,0,0
2023-05-31T08:00:00Z,29,,,,0.242724,0.203,0.286,31.4,31.4,31.4,4.041828,4.039,4.045,34602,34630,0,0,0,0
2023-05-31T09:00:00Z,29,,,,0.244414,0.202,0.286,31.403448,31.4,31.5,4.042138,4.039,4.045,34631,34659,0,0,0,0
2023-05-31T10:00:00Z,29,,,,0.245655,0.203,0.287,31.417241,31.4,31.5,4.042793,4.04,4.047,34660,34688,0,0,0,0
2023-05-31T11:00:00Z,30,,,,0.254233,0.202,0.287,31.443333,31.4,31.5,4.042933,4.04,4.047,34689,34718,0,0,0,0
2023-05-31T12:00:00Z,29,,,,0.249069,0.202,0.286,31.406897,31.4,31.5,4.040828,4.039,4.045,34719,34747,0,0,0,0
2023-05-31T13:00:00Z,29,,,,0.243897,0.202,0.286,31.417241,31.4,31.5,4.041034,4.039,4.045,34748,34776,0,0,0,0
2023-05-31T14:00:00Z,29,,,,0.237448,0.202,0.287,31.431034,31.4,31.5,4.04169,4.039,4.047,34777,34805,0,0,0,0
2023-05-31T15:00:00Z,29,,,,0.242414,0.203,0.287,31.413793,31.4,31.5,4.041138,4.039,4.045,34806,34834,0,0,0,0
2023-05-31T16:00:00Z,29,,,,0.257069,0.207,0.288,31.517241,31.4,31.6,4.040828,4.039,4.047,34835,34863,0,0,0,0
2023-05-31T17:00:00Z,30,,,,0.229233,0.203,0.289,31.44,31.4,31.5,4.041033,4.039,4.045,34864,34893,0,0,0,0
2023-05-31T18:00:00Z,29,,,,0.244103,0.203,0.286,31.4,31.4,31.4,4.041931,4.039,4.047,34894,34922,0,0,0,0
2023-05-31T19:00:00Z,29,,,,0.247862,0.203,0.288,31.4,31.4,31.4,4.041172,4.039,4.045,34923,34951,0,0,0,0
2023-05-31T20:00:00Z,29,,,,0.238931,0.203,0.286,31.396552,31.3,31.4,4.04131,4.039,4.045,34952,34980,0,0,0,0
2023-05-31T21:00:00Z,29,,,,0.249931,0.203,0.289,31.389655,31.3,31.4,4.041138,4.039,4.045,34981,35009,0,0,0,0
2023-05-31T22:00:00Z,30,,,,0.2539,0.202,0.287,31.356667,31.3,31.4,4.0416,4.039,4.045,35010,35039,0,0,0,0
2023-05-31T23:00:00Z,27,,,,0.245852,0.203,0.286,31.311111,31.3,31.4,4.041889,4.039,4.045,35040,35068,0,0,0,0
2023-06-01T00:00:00Z,29,,,,0.241379,0.203,0.284,31.324138,31.3,31.4,4.041862,4.039,4.045,35069,35097,0,0,0,0
2023-06-01T01:00:00Z,29,,,,0.253414,0.204,0.286,31.37931,31.3,31.4,4.041552,4.039,4.044,35098,35126,0,0,0,0
2023-06-01T02:00:00Z,29,,,,0.243034,0.203,0.288,31.4,31.4,31.4,4.041448,4.039,4.045,35127,35155,0,0,0,0
2023-06-01T03:00:00Z,30,,,,0.244433,0.203,0.286,31.4,31.4,31.4,4.040367,4.039,4.045,35156,35185,0,0,0,0
2023-06-01T04:00:00Z,29,,,,0.241103,0.204,0.285,31.417241,31.4,31.5,4.040448,4.039,4.044,35186,35214,0,0,0,0
2023-06-01T05:00:00Z,29,,,,0.25031,0.203,0.286,31.517241,31.5,31.6,4.040138,4.037,4.044,35215,35243,0,0,0,0
2023-06-01T06:00:00Z,29,,,,0.243931,0.201,0.286,31.568966,31.5,31.6,4.040483,4.037,4.045,35244,35272,0,0,0,0
2023-06-01T07:00:00Z,29,,,,0.239897,0.203,0.286,31.610345,31.6,31.7,4.041793,4.039,4.045,35273,35301,0,0,0,0
2023-06-01T08:00:00Z,30,,,,0.234333,0.202,0.286,31.603333,31.6,31.7,4.040667,4.039,4.044,35302,35331,0,0,0,0
2023-06-01T09:00:00Z,29,,,,0.250103,0.203,0.288,31.655172,31.6,31.7,4.041207,4.039,4.045,35332,35360,0,0,0,0
2023-06-01T10:00:00Z,28,,,,0.241179,0.203,0.285,31.692857,31.6,31.9,4.039893,4.039,4.044,35361,35389,0,0,0,0
2023-06-01T11:00:00Z,29,,,,0.241069,0.203,0.286,31.703448,31.6,31.8,4.041379,4.039,4.045,35390,35418,0,0,0,0
2023-06-01T12:00:00Z,29,,,,0.24569,0.203,0.288,31.689655,31.6,31.8,4.040586,4.037,4.044,35419,35447,0,0,0,0
2023-06-01T13:00:00Z,29,,,,0.252552,0.202,0.288,31.710345,31.7,31.8,4.040034,4.039,4.044,35448,35476,0,0,0,0
2023-06-01T14:00:00Z,30,,,,0.233433,0.201,0.289,31.786667,31.7,31.9,4.041633,4.039,4.045,35477,35506,0,0,0,0
2023-06-01T15:00:00Z,27,,,,0.246037,0.201,0.288,31.896296,31.8,32,4.041444,4.039,4.047,35507,35535,0,0,0,0
2023-06-01T16:00:00Z,29,,,,0.236448,0.201,0.283,31.872414,31.7,32,4.041724,4.039,4.045,35536,35564,0,0,0,0
2023-06-01T17:00:00Z,29,,,,0.244724,0.201,0.289,31.637931,31.6,31.8,4.042069,4.039,4.047,35565,35593,0,0,0,0
2023-06-01T18:00:00Z,29,,,,0.247241,0.203,0.287,31.6,31.6,31.6,4.042517,4.04,4.047,35594,35622,0,0,0,0
2023-06-01T19:00:00Z,29,,,,0.237724,0.202,0.289,31.503448,31.4,31.6,4.041379,4.039,4.045,35623,35651,0,0,0,0
2023-06-01T20:00:00Z,29,,,,0.246448,0.203,0.286,31.4,31.4,31.4,4.040517,4.039,4.044,35652,35680,0,0,0,0
2023-06-01T21:00:00Z,29,,,,0.248759,0.203,0.286,31.4,31.4,31.4,4.041,4.039,4.045,35681,35709,0,0,0,0
2023-06-01T22:00:00Z,30,,,,0.243867,0.203,0.283,31.4,31.4,31.4,4.041833,4.039,4.047,35710,35739,0,0,0,0
2023-06-01T23:00:00Z,29,,,,0.235586,0.203,0.286,31.4,31.4,31.4,4.041621,4.039,4.047,35740,35768,0,0,0,0
2023-06-02T00:00:00Z,29,,,,0.233828,0.202,0.286,31.4,31.4,31.4,4.041414,4.039,4.045,35769,35797,0,0,0,0
2023-06-02T01:00:00Z,29,,,,0.247483,0.203,0.285,31.417241,31.4,31.5,4.040586,4.039,4.045,35798,35826,0,0,0,0
2023-06-02T02:00:00Z,29,,,,0.248517,0.203,0.284,31.513793,31.4,31.6,4.040483,4.037,4.045,35827,35855,0,0,0,0
2023-06-02T03:00:00Z,29,,,,0.243759,0.202,0.284,31.593103,31.5,31.6,4.040483,4.037,4.044,35856,35884,0,0,0,0
2023-06-02T04:00:00Z,30,,,,0.2407,0.202,0.286,31.636667,31.6,31.7,4.040033,4.039,4.044,35885,35914,0,0,0,0
2023-06-02T05:00:00Z,29,,,,0.234276,0.202,0.286,31.706897,31.6,31.8,4.039966,4.037,4.045,35915,35943,0,0,0,0
2023-06-02T06:00:00Z,29,,,,0.242103,0.202,0.285,31.768966,31.7,31.8,4.040621,4.039,4.044,35944,35972,0,0,0,0
2023-06-02T07:00:00Z,29,,,,0.243241,0.202,0.286,31.751724,31.7,31.8,4.040862,4.039,4.045,35973,36001,0,0,0,0
2023-06-02T08:00:00Z,29,,,,0.246345,0.202,0.286,31.796552,31.7,31.9,4.040586,4.037,4.045,36002,36030,0,0,0,0
2023-06-02T09:00:00Z,30,,,,0.240867,0.202,0.282,31.82,31.8,31.9,4.040767,4.039,4.045,36031,36060,0,0,0,0
2023-06-02T10:00:00Z,29,,,,0.246379,0.202,0.286,31.858621,31.8,31.9,4.040966,4.039,4.044,36061,36089,0,0,0,0
2023-06-02T11:00:00Z,29,,,,0.244517,0.203,0.288,31.865517,31.8,31.9,4.040172,4.039,4.044,36090,36118,0,0,0,0
2023-06-02T12:00:00Z,29,,,,0.242724,0.201,0.283,31.896552,31.8,32,4.040931,4.039,4.044,36119,36147,0,0,0,0
2023-06-02T13:00:00Z,29,,,,0.249276,0.203,0.286,31.937931,31.9,32,4.040483,4.037,4.047,36148,36176,0,0,0,0
2023-06-02T14:00:00Z,29,,,,0.247793,0.202,0.288,31.951724,31.9,32,4.040517,4.039,4.044,36177,36205,0,0,0,0
2023-06-02T15:00:00Z,28,,,,0.2375,0.202,0.286,32.028571,31.9,32.2,4.040071,4.037,4.044,36206,36234,0,0,0,0
2023-06-02T16:00:00Z,29,,,,0.244621,0.201,0.286,32.1,32.1,32.1,4.040862,4.039,4.044,36235,36263,0,0,0,0
2023-06-02T17:00:00Z,29,,,,0.247414,0.201,0.286,32.151724,32.1,32.3,4.040931,4.039,4.045,36264,36292,0,0,0,0
2023-06-02T18:00:00Z,29,,,,0.247207,0.202,0.286,32.055172,32,32.1,4.040552,4.037,4.044,36293,36321,0,0,0,0
2023-06-02T19:00:00Z,29,,,,0.240069,0.203,0.286,31.782759,31.7,32.1,4.040034,4.039,4.044,36322,36350,0,0,0,0
2023-06-02T20:00:00Z,29,,,,0.242897,0.202,0.286,31.606897,31.6,31.7,4.040207,4.037,4.045,36351,36379,0,0,0,0
2023-06-02T21:00:00Z,29,,,,0.235517,0.203,0.286,31.6,31.6,31.6,4.041172,4.039,4.045,36380,36408,0,0,0,0
2023-06-02T22:00:00Z,29,,,,0.249621,0.208,0.286,31.589655,31.5,31.6,4.040414,4.039,4.044,36409,36437,0,0,0,0
2023-06-02T23:00:00Z,30,,,,0.248867,0.203,0.286,31.486667,31.4,31.6,4.040367,4.039,4.045,36438,36467,0,0,0,0
2023-06-03T00:00:00Z,29,,,,0.24631,0.203,0.286,31.451724,31.4,31.5,4.040655,4.039,4.045,36468,36496,0,0,0,0
2023-06-03T01:00:00Z,29,,,,0.244759,0.202,0.286,31.506897,31.4,31.6,4.039966,4.037,4.044,36497,36525,0,0,0,0
2023-06-03T02:00:00Z,29,,,,0.242724,0.203,0.286,31.624138,31.6,31.7,4.039897,4.037,4.044,36526,36554,0,0,0,0
2023-06-03T03:00:00Z,29,,,,0.237793,0.202,0.285,31.748276,31.7,31.9,4.040414,4.037,4.044,36555,36583,0,0,0,0
2023-06-03T04:00:00Z,30,,,,0.244733,0.202,0.285,31.863333,31.7,32,4.040733,4.037,4.044,36584,36613,0,0,0,0
2023-06-03T05:00:00Z,29,,,,0.242897,0.201,0.287,31.982759,31.9,32.1,4.04069,4.039,4.044,36614,36642,0,0,0,0
2023-06-03T06:00:00Z,29,,,,0.243552,0.205,0.285,30.910345,29.3,32.1,4.040862,4.039,4.045,36643,36671,0,0,0,0
2023-06-03T07:00:00Z,29,,,,0.243586,0.208,0.287,28.734483,28.4,29.2,4.040034,4.037,4.042,36672,36700,0,0,0,0
2023-06-03T08:00:00Z,29,,,,0.244621,0.207,0.287,28.034483,27.8,28.3,4.039483,4.037,4.044,36701,36729,0,0,0,0
2023-06-03T09:00:00Z,30,,,,0.2426,0.21,0.291,27.546667,27.4,27.8,4.0395,4.036,4.044,36730,36759,0,0,0,0
2023-06-03T10:00:00Z,28,,,,0.253464,0.208,0.289,27.65,27.3,28.7,4.0395,4.037,4.042,36761,36788,0,0,0,0
2023-06-03T11:00:00Z,29,,,,0.242138,0.205,0.282,29.693103,28.8,30.1,4.040138,4.037,4.045,36789,36817,0,0,0,0
2023-06-03T12:00:00Z,29,,,,0.248483,0.205,0.285,30.162069,29.2,30.5,4.040069,4.037,4.045,36818,36846,0,0,0,0
2023-06-03T13:00:00Z,29,,,,0.251345,0.205,0.287,30.534483,28.6,31,4.040931,4.039,4.044,36847,36875,0,0,0,0
2023-06-03T14:00:00Z,30,,,,0.243467,0.204,0.285,31.093333,30.9,31.3,4.041067,4.037,4.045,36876,36905,0,0,0,0
2023-06-03T15:00:00Z,29,,,,0.234966,0.203,0.285,31.303448,31.2,31.4,4.040276,4.037,4.044,36906,36934,0,0,0,0
2023-06-03T16:00:00Z,29,,,,0.239138,0.204,0.286,31.37931,31.3,31.4,4.040448,4.037,4.044,36935,36963,0,0,0,0
2023-06-03T17:00:00Z,29,,,,0.249069,0.203,0.288,31.386207,31.3,31.4,4.039862,4.037,4.044,36964,36992,0,0,0,0
2023-06-03T18:00:00Z,29,,,,0.244897,0.205,0.285,31.355172,31.3,31.4,4.040034,4.037,4.045,36993,37021,0,0,0,0
2023-06-03T19:00:00Z,29,,,,0.252517,0.203,0.288,31.337931,31.3,31.4,4.040172,4.037,4.044,37022,37051,0,0,0,0
2023-06-03T20:00:00Z,29,,,,0.241828,0.205,0.286,31.344828,31.3,31.4,4.040241,4.039,4.044,37052,37080,0,0,0,0
2023-06-03T21:00:00Z,29,,,,0.240448,0.203,0.286,31.341379,31.3,31.4,4.040517,4.037,4.044,37081,37109,0,0,0,0
2023-06-03T22:00:00Z,29,,,,0.241724,0.203,0.286,31.344828,31.3,31.4,4.039621,4.036,4.044,37110,37138,0,0,0,0
2023-06-03T23:00:00Z,29,,,,0.236966,0.203,0.286,31.393103,31.3,31.4,4.040759,4.039,4.045,37139,37167,0,0,0,0
2023-06-04T00:00:00Z,26,,,,0.240654,0.202,0.287,31.446154,31.4,31.6,4.040154,4.039,4.044,37168,37196,0,0,0,0
2023-06-04T01:00:00Z,29,,,,0.248724,0.202,0.283,31.489655,31.4,31.5,4.039966,4.037,4.044,37197,37225,0,0,0,0
2023-06-04T02:00:00Z,29,,,,0.246379,0.202,0.284,31.555172,31.5,31.6,4.039724,4.039,4.044,37226,37254,0,0,0,0
2023-06-04T03:00:00Z,30,,,,0.242867,0.203,0.286,31.626667,31.6,31.7,4.0399,4.037,4.044,37255,37284,0,0,0,0
2023-06-04T04:00:00Z,29,,,,0.244276,0.204,0.283,30.596552,29.7,31.7,4.040103,4.037,4.044,37285,37313,0,0,0,0
2023-06-04T05:00:00Z,29,,,,0.247897,0.206,0.287,29.141379,28.7,29.8,4.040069,4.037,4.044,37314,37342,0,0,0,0
2023-06-04T06:00:00Z,29,,,,0.239862,0.207,0.285,28.341379,27.7,28.7,4.039483,4.037,4.044,37343,37371,0,0,0,0
2023-06-04T07:00:00Z,29,,,,0.251241,0.206,0.287,27.737931,27.4,28.7,4.039172,4.037,4.042,37372,37400,0,0,0,0
2023-06-04T08:00:00Z,30,,,,0.243267,0.204,0.283,29.843333,28.9,30.2,4.039933,4.039,4.042,37401,37430,0,0,0,0
2023-06-04T09:00:00Z,29,,,,0.243448,0.205,0.282,30.486207,30.1,30.7,4.040172,4.037,4.044,37431,37459,0,0,0,0
2023-06-04T10:00:00Z,29,,,,0.244483,0.204,0.282,30.582759,26.4,31.3,4.041069,4.039,4.045,37460,37488,0,0,0,0
2023-06-04T11:00:00Z,29,,,,0.242897,0.204,0.284,31.303448,31.2,31.4,4.041138,4.039,4.045,37489,37517,0,0,0,0
2023-06-04T12:00:00Z,29,,,,0.241897,0.203,0.284,31.386207,31.3,31.4,4.040207,4.039,4.045,37518,37546,0,0,0,0
2023-06-04T13:00:00Z,30,,,,0.2442,0.203,0.283,31.4,31.4,31.4,4.0404,4.039,4.044,37547,37576,0,0,0,0
2023-06-04T14:00:00Z,29,,,,0.249345,0.205,0.285,31.4,31.4,31.4,4.040724,4.039,4.045,37577,37605,0,0,0,0
2023-06-04T15:00:00Z,29,,,,0.240241,0.202,0.284,31.493103,31.4,31.6,4.040828,4.039,4.045,37606,37634,0,0,0,0
2023-06-04T16:00:00Z,29,,,,0.247931,0.203,0.285,31.589655,31.5,31.7,4.040069,4.037,4.044,37635,37663,0,0,0,0
2023-06-04T17:00:00Z,29,,,,0.245207,0.203,0.286,31.551724,31.4,31.6,4.039655,4.037,4.044,37664,37692,0,0,0,0
2023-06-04T18:00:00Z,29,,,,0.239103,0.203,0.286,31.410345,31.4,31.5,4.040276,4.039,4.045,37693,37721,0,0,0,0
2023-06-04T19:00:00Z,30,,,,0.246033,0.206,0.285,31.4,31.4,31.4,4.040567,4.037,4.045,37722,37751,0,0,0,0
2023-06-04T20:00:00Z,29,,,,0.241034,0.203,0.284,31.4,31.4,31.4,4.040621,4.039,4.045,37752,37780,0,0,0,0
2023-06-04T21:00:00Z,29,,,,0.242345,0.203,0.286,31.389655,31.3,31.4,4.041552,4.039,4.045,37781,37809,0,0,0,0
2023-06-04T22:00:00Z,29,,,,0.243207,0.204,0.286,31.372414,31.3,31.4,4.041414,4.039,4.045,37810,37838,0,0,0,0
2023-06-04T23:00:00Z,29,,,,0.247345,0.204,0.284,31.355172,31.3,31.4,4.040172,4.037,4.045,37839,37867,0,0,0,0
2023-06-05T00:00:00Z,30,,,,0.233367,0.203,0.288,31.386667,31.3,31.4,4.041,4.039,4.044,37868,37897,0,0,0,0
2023-06-05T01:00:00Z,29,,,,0.242552,0.203,0.286,31.396552,31.3,31.4,4.040931,4.037,4.045,37898,37926,0,0,0,0
2023-06-05T02:00:00Z,29,,,,0.243655,0.203,0.285,31.4,31.4,31.4,4.040448,4.039,4.045,37927,37955,0,0,0,0
2023-06-05T03:00:00Z,29,,,,0.244034,0.203,0.288,31.462069,31.4,31.5,4.041103,4.039,4.045,37956,37984,0,0,0,0
2023-06-05T04:00:00Z,29,,,,0.244655,0.203,0.285,31.586207,31.5,31.6,4.040448,4.037,4.044,37985,38013,0,0,0,0
2023-06-05T05:00:00Z,30,,,,0.246167,0.203,0.285,31.606667,31.6,31.7,4.040533,4.039,4.045,38014,38043,0,0,0,0
2023-06-05T06:00:00Z,29,,,,0.235862,0.203,0.285,31.675862,31.6,31.8,4.040379,4.037,4.045,38044,38072,0,0,0,0
2023-06-05T07:00:00Z,29,,,,0.234483,0.202,0.284,31.717241,31.7,31.8,4.041207,4.039,4.045,38073,38101,0,0,0,0
2023-06-05T08:00:00Z,29,,,,0.252862,0.202,0.286,31.689655,31.6,31.7,4.040345,4.039,4.044,38102,38130,0,0,0,0
2023-06-05T09:00:00Z,28,,,,0.245536,0.202,0.287,31.7,31.6,31.8,4.040286,4.039,4.045,38131,38158,0,0,0,0
2023-06-05T10:00:00Z,16,,,,0.253875,0.203,0.287,31.99375,31.8,32.1,4.040375,4.037,4.045,38161,38183,0,0,0,0
2023-06-05T11:00:00Z,2,,,,0.2415,0.203,0.28,32.1,32.1,32.1,4.0415,4.039,4.044,38196,38206,0,0,0,0
2023-06-05T12:00:00Z,23,,,,0.251261,0.202,0.286,31.795652,31.6,32.1,4.041435,4.039,4.045,38220,38242,0,0,0,0
2023-06-05T13:00:00Z,29,,,,0.244621,0.205,0.285,31.665517,31.6,31.7,4.040586,4.039,4.044,38243,38271,0,0,0,0
2023-06-05T14:00:00Z,29,,,,0.250897,0.203,0.287,31.682759,31.6,31.8,4.040483,4.039,4.045,38272,38300,0,0,0,0
2023-06-05T15:00:00Z,30,,,,0.246133,0.203,0.29,30.353333,29.5,31.5,4.039767,4.039,4.044,38301,38330,0,0,0,0
2023-06-05T16:00:00Z,29,,,,0.247621,0.205,0.288,29.134483,28.7,29.7,4.039448,4.037,4.044,38331,38359,0,0,0,0
2023-06-05T17:00:00Z,29,,,,0.240828,0.204,0.286,30.237931,29.8,30.6,4.040241,4.037,4.044,38360,38388,0,0,0,0
2023-06-05T18:00:00Z,29,,,,0.245655,0.203,0.289,31.055172,30.6,31.3,4.039621,4.037,4.044,38389,38417,0,0,0,0
2023-06-05T19:00:00Z,29,,,,0.24131,0.203,0.288,31.368966,31.3,31.4,4.040345,4.039,4.045,38418,38446,0,0,0,0
2023-06-05T20:00:00Z,29,,,,0.254241,0.202,0.288,31.4,31.4,31.4,4.040069,4.037,4.045,38447,38475,0,0,0,0
2023-06-05T21:00:00Z,30,,,,0.249967,0.203,0.286,31.39,31.3,31.4,4.040367,4.039,4.045,38476,38505,0,0,0,0
2023-06-05T22:00:00Z,29,,,,0.248586,0.203,0.286,31.306897,31.3,31.4,4.040345,4.037,4.045,38506,38534,0,0,0,0
2023-06-05T23:00:00Z,29,,,,0.238034,0.203,0.286,31.293103,31.2,31.3,4.040034,4.037,4.044,38535,38563,0,0,0,0
2023-06-06T00:00:00Z,29,,,,0.244759,0.203,0.289,31.3,31.3,31.3,4.040345,4.039,4.045,38564,38592,0,0,0,0
2023-06-06T01:00:00Z,29,,,,0.245172,0.203,0.286,31.296552,31.2,31.3,4.040103,4.037,4.044,38593,38621,0,0,0,0
2023-06-06T02:00:00Z,30,,,,0.240733,0.203,0.286,31.336667,31.3,31.4,4.040033,4.037,4.044,38622,38651,0,0,0,0
2023-06-06T03:00:00Z,29,,,,0.242069,0.203,0.287,31.396552,31.3,31.4,4.040069,4.037,4.044,38652,38680,0,0,0,0
2023-06-06T04:00:00Z,29,,,,0.257138,0.204,0.286,31.4,31.4,31.4,4.039759,4.037,4.044,38681,38709,0,0,0,0
2023-06-06T05:00:00Z,29,,,,0.23731,0.203,0.282,31.410345,31.4,31.5,4.039793,4.037,4.044,38710,38738,0,0,0,0
2023-06-06T06:00:00Z,29,,,,0.241,0.203,0.284,31.448276,31.4,31.5,4.039897,4.037,4.044,38739,38767,0,0,0,0
2023-06-06T07:00:00Z,30,,,,0.249033,0.204,0.284,31.42,31.4,31.5,4.039733,4.037,4.044,38768,38797,0,0,0,0
2023-06-06T08:00:00Z,29,,,,0.249793,0.203,0.287,31.444828,31.4,31.6,4.040276,4.037,4.045,38798,38826,0,0,0,0
2023-06-06T09:00:00Z,29,,,,0.239241,0.203,0.286,31.4,31.4,31.4,4.040793,4.039,4.044,38827,38855,0,0,0,0
2023-06-06T10:00:00Z,29,,,,0.231793,0.202,0.288,31.424138,31.4,31.5,4.04,4.037,4.045,38856,38884,0,0,0,0
2023-06-06T11:00:00Z,28,,,,0.254464,0.202,0.289,31.442857,31.4,31.6,4.040893,4.039,4.045,38885,38913,0,0,0,0
2023-06-06T12:00:00Z,30,,,,0.2466,0.203,0.286,31.4,31.4,31.4,4.0403,4.039,4.044,38914,38943,0,0,0,0
2023-06-06T13:00:00Z,29,,,,0.24169,0.203,0.291,31.4,31.4,31.4,4.04031,4.037,4.045,38944,38972,0,0,0,0
2023-06-06T14:00:00Z,29,,,,0.241172,0.202,0.29,31.4,31.4,31.4,4.040414,4.037,4.044,38973,39001,0,0,0,0
2023-06-06T15:00:00Z,27,,,,0.252111,0.204,0.291,31.4,31.4,31.4,4.040333,4.039,4.044,39002,39030,0,0,0,0
2023-06-06T16:00:00Z,29,,,,0.243517,0.202,0.288,31.4,31.4,31.4,4.039345,4.037,4.044,39031,39059,0,0,0,0
2023-06-06T17:00:00Z,30,,,,0.239867,0.203,0.291,31.376667,31.3,31.4,4.0393,4.036,4.042,39060,39089,0,0,0,0
2023-06-06T18:00:00Z,29,,,,0.240793,0.203,0.287,31.3,31.2,31.4,4.038759,4.036,4.042,39090,39118,0,0,0,0
2023-06-06T19:00:00Z,29,,,,0.24969,0.203,0.291,31.182759,31.1,31.3,4.038,4.036,4.042,39119,39147,0,0,0,0
2023-06-06T20:00:00Z,29,,,,0.236,0.203,0.286,31.065517,30.9,31.1,4.039,4.037,4.044,39148,39176,0,0,0,0
2023-06-06T21:00:00Z,30,,,,0.2459,0.203,0.29,30.956667,30.8,31.1,4.038233,4.034,4.04,39177,39206,0,0,0,0
2023-06-06T22:00:00Z,29,,,,0.23769,0.203,0.288,30.789655,30.7,30.9,4.037862,4.036,4.04,39207,39235,0,0,0,0
2023-06-06T23:00:00Z,29,,,,0.245828,0.203,0.287,30.772414,30.7,30.9,4.037379,4.034,4.042,39236,39264,0,0,0,0
2023-06-07T00:00:00Z,29,,,,0.251172,0.213,0.288,31.131034,30.9,31.3,4.037966,4.034,4.04,39265,39293,0,0,0,0
2023-06-07T01:00:00Z,29,,,,0.252966,0.203,0.286,31.286207,31.2,31.3,4.038345,4.037,4.04,39294,39322,0,0,0,0
2023-06-07T02:00:00Z,30,,,,0.247933,0.204,0.289,31.336667,31.3,31.4,4.0384,4.037,4.042,39323,39352,0,0,0,0
2023-06-07T03:00:00Z,29,,,,0.23531,0.203,0.286,31.37931,31.3,31.4,4.038241,4.037,4.042,39353,39381,0,0,0,0
2023-06-07T04:00:00Z,29,,,,0.248448,0.205,0.287,31.382759,31.3,31.4,4.038621,4.036,4.042,39382,39410,0,0,0,0
2023-06-07T05:00:00Z,29,,,,0.24031,0.203,0.288,31.396552,31.3,31.4,4.038241,4.036,4.042,39411,39439,0,0,0,0
2023-06-07T06:00:00Z,29,,,,0.251207,0.203,0.29,31.393103,31.3,31.4,4.038655,4.037,4.042,39440,39468,0,0,0,0
2023-06-07T07:00:00Z,30,,,,0.2389,0.202,0.291,31.396667,31.3,31.4,4.038667,4.037,4.042,39469,39498,0,0,0,0
2023-06-07T08:00:00Z,29,,,,0.24069,0.202,0.287,31.4,31.4,31.4,4.038138,4.036,4.042,39499,39527,0,0,0,0
2023-06-07T09:00:00Z,29,,,,0.244897,0.203,0.29,31.4,31.4,31.4,4.038448,4.036,4.042,39528,39556,0,0,0,0
2023-06-07T10:00:00Z,28,,,,0.250393,0.203,0.287,31.407143,31.4,31.5,4.038393,4.036,4.042,39557,39585,0,0,0,0
2023-06-07T11:00:00Z,29,,,,0.25469,0.203,0.287,31.4,31.4,31.4,4.038586,4.036,4.042,39586,39614,0,0,0,0
2023-06-07T12:00:00Z,30,,,,0.236067,0.202,0.289,31.4,31.4,31.4,4.0389,4.037,4.042,39615,39644,0,0,0,0
2023-06-07T13:00:00Z,29,,,,0.249379,0.205,0.287,31.4,31.4,31.4,4.038448,4.036,4.042,39645,39673,0,0,0,0
2023-06-07T14:00:00Z,28,,,,0.248429,0.204,0.287,31.407143,31.4,31.5,4.038036,4.036,4.042,39674,39702,0,0,0,0
2023-06-07T15:00:00Z,29,,,,0.251862,0.202,0.289,31.4,31.4,31.4,4.038276,4.036,4.042,39703,39731,0,0,0,0
2023-06-07T16:00:00Z,29,,,,0.251345,0.202,0.291,31.465517,31.4,31.5,4.037897,4.036,4.044,39732,39760,0,0,0,0
2023-06-07T17:00:00Z,30,,,,0.2491,0.202,0.292,31.51,31.4,31.6,4.037533,4.036,4.039,39761,39790,0,0,0,0
2023-06-07T18:00:00Z,29,,,,0.238172,0.203,0.291,31.4,31.4,31.4,4.037,4.036,4.04,39791,39819,0,0,0,0
2023-06-07T19:00:00Z,29,,,,0.248172,0.203,0.291,31.393103,31.3,31.4,4.037897,4.036,4.04,39820,39848,0,0,0,0
2023-06-07T20:00:00Z,29,,,,0.24431,0.202,0.291,31.317241,31.3,31.4,4.038207,4.036,4.04,39849,39877,0,0,0,0
2023-06-07T21:00:00Z,28,,,,0.2515,0.203,0.291,31.292857,31.2,31.3,4.037536,4.036,4.04,39878,39906,0,0,0,0
2023-06-07T22:00:00Z,30,,,,0.238567,0.203,0.288,31.203333,31.1,31.3,4.038133,4.036,4.042,39907,39936,0,0,0,0
2023-06-07T23:00:00Z,29,,,,0.255552,0.205,0.29,31.113793,31.1,31.2,4.038552,4.036,4.042,39937,39965,0,0,0,0
2023-06-08T00:00:00Z,29,,,,0.245379,0.203,0.288,31.182759,31.1,31.3,4.038034,4.036,4.04,39966,39994,0,0,0,0
2023-06-08T01:00:00Z,29,,,,0.238621,0.203,0.288,31.303448,31.3,31.4,4.038483,4.037,4.042,39995,40023,0,0,0,0
2023-06-08T02:00:00Z,29,,,,0.238345,0.203,0.287,31.37931,31.3,31.4,4.038069,4.036,4.042,40024,40052,0,0,0,0
2023-06-08T03:00:00Z,30,,,,0.250667,0.202,0.287,31.4,31.4,31.4,4.038967,4.036,4.042,40053,40082,0,0,0,0
2023-06-08T04:00:00Z,28,,,,0.240571,0.202,0.288,31.403571,31.4,31.5,4.03825,4.036,4.042,40083,40111,0,0,0,0
2023-06-08T05:00:00Z,3,,,,0.236333,0.217,0.258,31.4,31.4,31.4,4.038667,4.037,4.04,40112,40114,0,0,0,0
2023-06-08T06:00:00Z,11,,,,0.234636,0.204,0.288,31.536364,31.4,31.8,4.038,4.036,4.04,40155,40165,0,0,0,0
2023-06-08T07:00:00Z,29,,,,0.244931,0.202,0.289,31.4,31.4,31.4,4.038379,4.036,4.042,40166,40194,0,0,0,0
2023-06-08T08:00:00Z,29,,,,0.241828,0.202,0.289,31.4,31.4,31.4,4.037586,4.036,4.04,40195,40223,0,0,0,0
2023-06-08T09:00:00Z,29,,,,0.243621,0.203,0.287,31.406897,31.4,31.5,4.037655,4.036,4.042,40224,40252,0,0,0,0
2023-06-08T10:00:00Z,29,,,,0.246,0.202,0.286,31.410345,31.4,31.5,4.037931,4.036,4.04,40253,40281,0,0,0,0
2023-06-08T11:00:00Z,30,,,,0.2546,0.203,0.286,31.406667,31.4,31.5,4.037167,4.034,4.04,40282,40311,0,0,0,0
2023-06-08T12:00:00Z,29,,,,0.243517,0.202,0.29,31.403448,31.4,31.5,4.037483,4.036,4.04,40312,40340,0,0,0,0
2023-06-08T13:00:00Z,29,,,,0.238552,0.203,0.287,31.462069,31.4,31.5,4.037483,4.034,4.04,40341,40369,0,0,0,0
2023-06-08T14:00:00Z,28,,,,0.249393,0.203,0.286,31.535714,31.4,31.6,4.03675,4.034,4.039,40370,40397,0,0,0,0
2023-06-08T15:00:00Z,29,,,,0.239966,0.203,0.288,30.696552,29.4,31.6,4.037241,4.034,4.04,40398,40426,0,0,0,0
2023-06-08T16:00:00Z,29,,,,0.247172,0.206,0.286,28.855172,28.5,29.4,4.036724,4.034,4.04,40427,40455,0,0,0,0
2023-06-08T17:00:00Z,28,,,,0.254964,0.208,0.29,28.253571,27.8,29.1,4.036929,4.034,4.039,40456,40483,0,0,0,0
2023-06-08T18:00:00Z,29,,,,0.245793,0.205,0.287,29.875862,29.1,30.1,4.037379,4.034,4.04,40484,40512,0,0,0,0
2023-06-08T19:00:00Z,29,,,,0.244448,0.204,0.288,30.241379,30.1,30.4,4.038034,4.034,4.04,40513,40541,0,0,0,0
2023-06-08T20:00:00Z,28,,,,0.241429,0.203,0.289,30.492857,30.4,30.6,4.037357,4.036,4.04,40542,40569,0,0,0,0
2023-06-08T21:00:00Z,29,,,,0.248793,0.204,0.288,30.6,30.6,30.6,4.037345,4.036,4.04,40570,40598,0,0,0,0
2023-06-08T22:00:00Z,29,,,,0.239517,0.203,0.287,30.641379,30.6,30.7,4.038345,4.036,4.04,40599,40627,0,0,0,0
2023-06-08T23:00:00Z,28,,,,0.253357,0.205,0.286,30.671429,30.6,30.7,4.038107,4.037,4.042,40628,40655,0,0,0,0
2023-06-09T00:00:00Z,29,,,,0.245414,0.207,0.286,30.703448,30.7,30.8,4.037759,4.036,4.042,40656,40684,0,0,0,0
2023-06-09T01:00:00Z,29,,,,0.249241,0.203,0.286,30.924138,30.7,31.3,4.037966,4.036,4.04,40685,40713,0,0,0,0
2023-06-09T02:00:00Z,28,,,,0.248036,0.203,0.288,31.282143,31.1,31.3,4.037857,4.036,4.04,40714,40741,0,0,0,0
2023-06-09T03:00:00Z,29,,,,0.250586,0.203,0.287,31.337931,31.3,31.4,4.037207,4.036,4.04,40742,40770,0,0,0,0
2023-06-09T04:00:00Z,29,,,,0.246138,0.202,0.286,31.389655,31.3,31.4,4.037828,4.036,4.042,40771,40799,0,0,0,0
2023-06-09T05:00:00Z,28,,,,0.244,0.203,0.285,31.396429,31.3,31.4,4.037964,4.036,4.04,40800,40827,0,0,0,0
2023-06-09T06:00:00Z,29,,,,0.241103,0.203,0.286,31.393103,31.3,31.4,4.037138,4.036,4.04,40828,40856,0,0,0,0
2023-06-09T07:00:00Z,29,,,,0.24269,0.202,0.286,31.4,31.4,31.4,4.037,4.034,4.042,40857,40885,0,0,0,0
2023-06-09T08:00:00Z,28,,,,0.245214,0.203,0.285,31.4,31.4,31.4,4.037821,4.034,4.042,40886,40913,0,0,0,0
2023-06-09T09:00:00Z,29,,,,0.250379,0.204,0.289,31.4,31.4,31.4,4.037793,4.036,4.04,40914,40942,0,0,0,0
2023-06-09T10:00:00Z,29,,,,0.245448,0.202,0.286,31.4,31.4,31.4,4.037379,4.036,4.042,40943,40971,0,0,0,0
2023-06-09T11:00:00Z,28,,,,0.251179,0.203,0.286,31.4,31.4,31.4,4.03775,4.036,4.04,40972,40999,0,0,0,0
2023-06-09T12:00:00Z,29,,,,0.240379,0.203,0.286,31.137931,30.1,31.4,4.037655,4.034,4.04,41000,41028,0,0,0,0
2023-06-09T13:00:00Z,29,,,,0.250483,0.205,0.29,29.248276,28.6,30.1,4.036828,4.034,4.039,41029,41057,0,0,0,0
2023-06-09T14:00:00Z,28,,,,0.247821,0.205,0.288,29.796429,28.7,30.6,4.037321,4.034,4.04,41058,41085,0,0,0,0
2023-06-09T15:00:00Z,29,,,,0.238414,0.203,0.277,30.906897,30.6,31.2,4.037379,4.036,4.04,41086,41114,0,0,0,0
2023-06-09T16:00:00Z,29,,,,0.23831,0.203,0.285,31.155172,31.1,31.3,4.037862,4.036,4.04,41115,41143,0,0,0,0
2023-06-09T17:00:00Z,28,,,,0.250464,0.203,0.286,31.225,31.1,31.3,4.037714,4.036,4.04,41144,41171,0,0,0,0
2023-06-09T18:00:00Z,29,,,,0.242862,0.203,0.286,31.231034,31.2,31.3,4.03769,4.036,4.042,41172,41200,0,0,0,0
2023-06-09T19:00:00Z,29,,,,0.246276,0.203,0.286,31.182759,31.1,31.3,4.037138,4.036,4.04,41201,41229,0,0,0,0
2023-06-09T20:00:00Z,28,,,,0.250607,0.206,0.287,31.175,31.1,31.3,4.037536,4.036,4.04,41230,41257,0,0,0,0
2023-06-09T21:00:00Z,29,,,,0.24369,0.203,0.286,31.148276,31.1,31.3,4.03769,4.034,4.04,41258,41286,0,0,0,0
2023-06-09T22:00:00Z,29,,,,0.248517,0.203,0.287,31.117241,31.1,31.2,4.037207,4.034,4.04,41287,41315,0,0,0,0
2023-06-09T23:00:00Z,28,,,,0.236179,0.204,0.284,31.125,31.1,31.2,4.037214,4.034,4.04,41316,41343,0,0,0,0
2023-06-10T00:00:00Z,29,,,,0.244448,0.203,0.286,31.289655,31.1,31.4,4.037379,4.034,4.04,41344,41372,0,0,0,0
2023-06-10T01:00:00Z,29,,,,0.242621,0.203,0.286,31.382759,31.3,31.4,4.036759,4.034,4.04,41373,41401,0,0,0,0
2023-06-10T02:00:00Z,28,,,,0.254464,0.203,0.286,31.396429,31.3,31.4,4.037571,4.036,4.04,41402,41429,0,0,0,0
2023-06-10T03:00:00Z,29,,,,0.239276,0.203,0.288,31.4,31.4,31.4,4.037552,4.034,4.04,41430,41458,0,0,0,0
2023-06-10T04:00:00Z,29,,,,0.250345,0.203,0.286,31.4,31.4,31.4,4.036655,4.034,4.039,41459,41487,0,0,0,0
2023-06-10T05:00:00Z,28,,,,0.247464,0.203,0.285,31.4,31.4,31.4,4.037357,4.036,4.04,41488,41515,0,0,0,0
2023-06-10T06:00:00Z,29,,,,0.239483,0.203,0.286,31.406897,31.4,31.5,4.037483,4.034,4.04,41516,41544,0,0,0,0
2023-06-10T07:00:00Z,29,,,,0.236655,0.201,0.285,31.451724,31.4,31.5,4.037414,4.034,4.042,41545,41573,0,0,0,0
2023-06-10T08:00:00Z,28,,,,0.246857,0.202,0.286,31.496429,31.4,31.5,4.036929,4.032,4.042,41574,41601,0,0,0,0
2023-06-10T09:00:00Z,29,,,,0.241207,0.201,0.286,31.52069,31.5,31.6,4.037448,4.034,4.04,41602,41630,0,0,0,0
2023-06-10T10:00:00Z,29,,,,0.237414,0.204,0.286,31.551724,31.5,31.6,4.037172,4.034,4.04,41631,41659,0,0,0,0
2023-06-10T11:00:00Z,28,,,,0.243393,0.202,0.286,31.496429,31.4,31.6,4.037286,4.036,4.04,41660,41687,0,0,0,0
2023-06-10T12:00:00Z,29,,,,0.241897,0.202,0.286,31.410345,31.4,31.5,4.037276,4.036,4.04,41688,41716,0,0,0,0
2023-06-10T13:00:00Z,29,,,,0.245828,0.203,0.286,31.403448,31.4,31.5,4.037621,4.036,4.04,41717,41745,0,0,0,0
2023-06-10T14:00:00Z,28,,,,0.248893,0.201,0.286,31.407143,31.4,31.5,4.037821,4.036,4.04,41746,41773,0,0,0,0
2023-06-10T15:00:00Z,28,,,,0.238107,0.201,0.289,31.517857,31.4,31.6,4.036786,4.034,4.04,41774,41802,0,0,0,0
2023-06-10T16:00:00Z,29,,,,0.243241,0.201,0.291,31.486207,31.4,31.6,4.036966,4.034,4.04,41803,41831,0,0,0,0
2023-06-10T17:00:00Z,28,,,,0.243964,0.202,0.289,31.414286,31.4,31.5,4.037036,4.034,4.04,41832,41859,0,0,0,0
2023-06-10T18:00:00Z,29,,,,0.24169,0.202,0.288,31.4,31.4,31.4,4.036172,4.034,4.039,41860,41888,0,0,0,0
2023-06-10T19:00:00Z,29,,,,0.247034,0.202,0.29,31.341379,31.3,31.4,4.036276,4.034,4.039,41889,41917,0,0,0,0
2023-06-10T20:00:00Z,28,,,,0.242143,0.202,0.289,31.3,31.3,31.3,4.036857,4.034,4.04,41918,41945,0,0,0,0
2023-06-10T21:00:00Z,29,,,,0.238931,0.202,0.29,31.237931,31.1,31.3,4.036862,4.034,4.04,41946,41974,0,0,0,0
2023-06-10T22:00:00Z,17,,,,0.245765,0.202,0.288,31.270588,31.1,31.4,4.036765,4.034,4.04,41975,42001,0,0,0,0
2023-06-10T23:00:00Z,7,,,,0.253714,0.203,0.286,31.371429,31.3,31.4,4.037571,4.036,4.04,42003,42028,0,0,0,0
2023-06-11T00:00:00Z,30,,,,0.235133,0.203,0.287,31.253333,31.1,31.4,4.0371,4.034,4.039,42029,42058,0,0,0,0
2023-06-11T01:00:00Z,29,,,,0.240172,0.204,0.287,29.703448,28.7,31.1,4.036276,4.034,4.039,42059,42087,0,0,0,0
2023-06-11T02:00:00Z,29,,,,0.246448,0.207,0.288,28.141379,27.7,28.7,4.036,4.032,4.039,42088,42116,0,0,0,0
2023-06-11T03:00:00Z,29,,,,0.254621,0.206,0.29,27.551724,27.4,27.7,4.036345,4.034,4.04,42117,42145,0,0,0,0
2023-06-11T04:00:00Z,29,,,,0.253034,0.207,0.29,27.358621,27.2,27.5,4.035828,4.034,4.039,42146,42174,0,0,0,0
2023-06-11T05:00:00Z,29,,,,0.249828,0.21,0.289,26.924138,26.7,27.3,4.03631,4.032,4.039,42175,42203,0,0,0,0
2023-06-11T06:00:00Z,29,,,,0.251379,0.207,0.289,28.517241,27.4,29.4,4.036345,4.034,4.039,42204,42232,0,0,0,0
2023-06-11T07:00:00Z,30,,,,0.241267,0.204,0.286,29.9,29.4,30.1,4.036267,4.032,4.04,42233,42262,0,0,0,0
2023-06-11T08:00:00Z,29,,,,0.232069,0.203,0.285,30.1,30.1,30.1,4.036069,4.032,4.04,42263,42291,0,0,0,0
2023-06-11T09:00:00Z,29,,,,0.237621,0.203,0.281,30.210345,30.1,30.3,4.036897,4.034,4.039,42292,42320,0,0,0,0
2023-06-11T10:00:00Z,29,,,,0.251897,0.203,0.287,30.368966,30.3,30.4,4.036793,4.034,4.04,42321,42349,0,0,0,0
2023-06-11T11:00:00Z,29,,,,0.258897,0.203,0.286,30.534483,30.4,30.6,4.036241,4.034,4.039,42350,42378,0,0,0,0
2023-06-11T12:00:00Z,30,,,,0.242633,0.204,0.286,30.653333,30.6,30.8,4.036533,4.034,4.04,42379,42408,0,0,0,0
2023-06-11T13:00:00Z,29,,,,0.246862,0.203,0.287,30.913793,30.7,31.1,4.035862,4.032,4.039,42409,42437,0,0,0,0
2023-06-11T14:00:00Z,29,,,,0.236931,0.203,0.285,31.093103,31,31.2,4.036483,4.034,4.039,42438,42466,0,0,0,0
2023-06-11T15:00:00Z,29,,,,0.247138,0.204,0.286,31.237931,31.1,31.4,4.036379,4.034,4.039,42467,42495,0,0,0,0
2023-06-11T16:00:00Z,29,,,,0.240828,0.202,0.285,31.244828,31.1,31.3,4.035793,4.034,4.039,42496,42524,0,0,0,0
2023-06-11T17:00:00Z,29,,,,0.243276,0.203,0.287,30.996552,30.8,31.2,4.035793,4.034,4.039,42525,42553,0,0,0,0
2023-06-11T18:00:00Z,30,,,,0.243933,0.203,0.286,30.736667,30.7,30.9,4.0352,4.034,4.039,42554,42583,0,0,0,0
2023-06-11T19:00:00Z,29,,,,0.245,0.204,0.287,30.686207,30.6,30.7,4.035828,4.034,4.039,42584,42612,0,0,0,0
2023-06-11T20:00:00Z,29,,,,0.246931,0.203,0.29,30.651724,30.6,30.7,4.036207,4.034,4.04,42613,42641,0,0,0,0
2023-06-11T21:00:00Z,29,,,,0.234759,0.203,0.286,30.606897,30.6,30.7,4.036828,4.034,4.039,42642,42670,0,0,0,0
2023-06-11T22:00:00Z,29,,,,0.242759,0.203,0.287,30.6,30.6,30.6,4.036276,4.032,4.04,42671,42699,0,0,0,0
2023-06-11T23:00:00Z,28,,,,0.244821,0.203,0.286,30.621429,30.5,31,4.035821,4.032,4.039,42700,42728,0,0,0,0
2023-06-12T00:00:00Z,30,,,,0.245233,0.203,0.286,30.756667,30.7,30.9,4.036733,4.034,4.04,42729,42758,0,0,0,0
2023-06-12T01:00:00Z,29,,,,0.237862,0.202,0.285,31.065517,30.8,31.2,4.036862,4.034,4.039,42759,42787,0,0,0,0
2023-06-12T02:00:00Z,29,,,,0.255862,0.203,0.285,31.268966,31.2,31.3,4.036138,4.034,4.039,42788,42816,0,0,0,0
2023-06-12T03:00:00Z,29,,,,0.245966,0.202,0.287,31.362069,31.3,31.4,4.035552,4.032,4.039,42817,42845,0,0,0,0
2023-06-12T04:00:00Z,29,,,,0.247759,0.201,0.288,31.4,31.4,31.4,4.03631,4.032,4.04,42846,42874,0,0,0,0
2023-06-12T05:00:00Z,29,,,,0.245276,0.203,0.284,31.4,31.4,31.4,4.036828,4.034,4.039,42875,42903,0,0,0,0
2023-06-12T06:00:00Z,29,,,,0.241724,0.201,0.286,31.4,31.4,31.4,4.037069,4.034,4.04,42904,42932,0,0,0,0
2023-06-12T07:00:00Z,30,,,,0.253067,0.202,0.288,31.413333,31.4,31.5,4.036567,4.034,4.039,42933,42962,0,0,0,0
2023-06-12T08:00:00Z,29,,,,0.251483,0.205,0.285,31.468966,31.4,31.5,4.036172,4.034,4.039,42963,42991,0,0,0,0
2023-06-12T09:00:00Z,29,,,,0.239724,0.201,0.286,31.472414,31.4,31.6,4.035828,4.034,4.039,42992,43020,0,0,0,0
2023-06-12T10:00:00Z,29,,,,0.240379,0.201,0.284,31.493103,31.4,31.5,4.036379,4.034,4.04,43021,43049,0,0,0,0
2023-06-12T11:00:00Z,29,,,,0.246862,0.201,0.286,31.510345,31.4,31.6,4.036276,4.034,4.039,43050,43078,0,0,0,0
2023-06-12T12:00:00Z,30,,,,0.247833,0.201,0.287,31.523333,31.5,31.6,4.0365,4.034,4.039,43079,43108,0,0,0,0
2023-06-12T13:00:00Z,29,,,,0.250103,0.202,0.286,31.52069,31.5,31.6,4.03569,4.034,4.039,43109,43137,0,0,0,0
2023-06-12T14:00:00Z,29,,,,0.240897,0.201,0.288,31.448276,31.4,31.5,4.035862,4.032,4.039,43138,43166,0,0,0,0
2023-06-12T15:00:00Z,29,,,,0.253724,0.203,0.291,31.427586,31.4,31.5,4.036,4.034,4.04,43167,43195,0,0,0,0
2023-06-12T16:00:00Z,29,,,,0.239931,0.203,0.289,31.451724,31.4,31.6,4.036414,4.034,4.039,43196,43224,0,0,0,0
2023-06-12T17:00:00Z,30,,,,0.2454,0.201,0.291,31.47,31.4,31.5,4.036533,4.034,4.039,43225,43254,0,0,0,0
2023-06-12T18:00:00Z,29,,,,0.247586,0.203,0.29,31.396552,31.3,31.4,4.036379,4.034,4.04,43255,43283,0,0,0,0
2023-06-12T19:00:00Z,29,,,,0.237655,0.202,0.289,31.362069,31.3,31.4,4.03631,4.034,4.039,43284,43312,0,0,0,0
2023-06-12T20:00:00Z,29,,,,0.241759,0.202,0.289,31.306897,31.3,31.4,4.036517,4.034,4.039,43313,43341,0,0,0,0
2023-06-12T21:00:00Z,28,,,,0.251893,0.203,0.292,31.278571,31.2,31.3,4.036786,4.034,4.039,43342,43370,0,0,0,0
2023-06-12T22:00:00Z,29,,,,0.253414,0.203,0.289,31.141379,31,31.3,4.036483,4.034,4.04,43371,43399,0,0,0,0
2023-06-12T23:00:00Z,29,,,,0.240379,0.202,0.291,31.068966,30.9,31.3,4.036379,4.034,4.039,43400,43429,0,0,0,0
2023-06-13T00:00:00Z,29,,,,0.252931,0.203,0.291,31.048276,31,31.3,4.035552,4.034,4.039,43430,43458,0,0,0,0
2023-06-13T01:00:00Z,29,,,,0.237862,0.201,0.291,30.706897,29.9,31.1,4.036,4.032,4.039,43459,43487,0,0,0,0
2023-06-13T02:00:00Z,29,,,,0.248966,0.206,0.289,28.789655,28.2,29.6,4.035586,4.032,4.039,43488,43516,0,0,0,0
2023-06-13T03:00:00Z,29,,,,0.255966,0.206,0.289,27.751724,27.5,28.1,4.036414,4.034,4.039,43517,43545,0,0,0,0
2023-06-13T04:00:00Z,29,,,,0.243828,0.205,0.287,28.396552,27.4,29.6,4.035621,4.032,4.039,43546,43574,0,0,0,0
2023-06-13T05:00:00Z,30,,,,0.248433,0.203,0.286,30.013333,29.6,30.1,4.035467,4.032,4.037,43575,43604,0,0,0,0
2023-06-13T06:00:00Z,29,,,,0.245379,0.203,0.286,30.293103,30.1,30.5,4.035207,4.032,4.039,43605,43633,0,0,0,0
2023-06-13T07:00:00Z,27,,,,0.251444,0.207,0.288,30.622222,30.5,30.8,4.03463,4.032,4.039,43636,43662,0,0,0,0
2023-06-13T08:00:00Z,28,,,,0.240464,0.203,0.285,30.867857,30.7,31,4.034429,4.031,4.037,43663,43690,0,0,0,0
2023-06-13T09:00:00Z,29,,,,0.250897,0.205,0.286,31.075862,30.9,31.2,4.034897,4.032,4.039,43691,43719,0,0,0,0
2023-06-13T10:00:00Z,29,,,,0.234655,0.203,0.286,31.3,31.1,31.4,4.035034,4.032,4.037,43720,43748,0,0,0,0
2023-06-13T11:00:00Z,29,,,,0.246034,0.202,0.286,31.372414,31.3,31.4,4.034966,4.032,4.037,43749,43777,0,0,0,0
2023-06-13T12:00:00Z,28,,,,0.235143,0.202,0.287,31.357143,31.3,31.4,4.036,4.034,4.039,43778,43805,0,0,0,0
2023-06-13T13:00:00Z,29,,,,0.248379,0.202,0.285,31.327586,31.3,31.4,4.036414,4.034,4.04,43806,43834,0,0,0,0
2023-06-13T14:00:00Z,11,,,,0.236455,0.203,0.288,31.381818,31.3,31.4,4.035545,4.034,4.037,43837,43853,0,0,0,0
2023-06-13T15:00:00Z,3,,,,0.233667,0.21,0.278,31.4,31.4,31.4,4.038,4.036,4.039,43871,43880,0,0,0,0
2023-06-13T16:00:00Z,26,,,,0.239346,0.201,0.29,31.392308,31.3,31.5,4.035769,4.034,4.039,43892,43917,0,0,0,0
2023-06-13T17:00:00Z,29,,,,0.251,0.203,0.287,31.396552,31.3,31.4,4.035448,4.034,4.039,43918,43946,0,0,0,0
2023-06-13T18:00:00Z,29,,,,0.241759,0.203,0.286,31.4,31.4,31.4,4.034724,4.032,4.039,43947,43975,0,0,0,0
2023-06-13T19:00:00Z,29,,,,0.245931,0.202,0.287,31.351724,31.3,31.4,4.03531,4.034,4.039,43976,44004,0,0,0,0
2023-06-13T20:00:00Z,30,,,,0.2452,0.204,0.29,31.283333,31.2,31.3,4.0358,4.034,4.039,44005,44034,0,0,0,0
2023-06-13T21:00:00Z,29,,,,0.241379,0.203,0.287,31.182759,31.1,31.3,4.034897,4.032,4.039,44035,44063,0,0,0,0
2023-06-13T22:00:00Z,29,,,,0.247897,0.203,0.286,31.07931,30.9,31.2,4.034655,4.032,4.039,44064,44092,0,0,0,0
2023-06-13T23:00:00Z,29,,,,0.252862,0.205,0.286,30.962069,30.8,31.1,4.035586,4.032,4.039,44093,44121,0,0,0,0
2023-06-14T00:00:00Z,29,,,,0.247759,0.202,0.287,30.889655,30.8,31,4.035172,4.032,4.037,44122,44150,0,0,0,0
2023-06-14T01:00:00Z,30,,,,0.250267,0.205,0.288,31.093333,30.9,31.2,4.035467,4.032,4.039,44151,44180,0,0,0,0
2023-06-14T02:00:00Z,29,,,,0.236793,0.203,0.287,31.293103,31.2,31.4,4.035276,4.032,4.039,44181,44209,0,0,0,0
2023-06-14T03:00:00Z,29,,,,0.240379,0.204,0.289,31.396552,31.3,31.4,4.035207,4.032,4.039,44210,44238,0,0,0,0
2023-06-14T04:00:00Z,29,,,,0.233483,0.201,0.281,31.4,31.4,31.4,4.03531,4.032,4.039,44239,44267,0,0,0,0
2023-06-14T05:00:00Z,29,,,,0.247034,0.202,0.288,31.4,31.4,31.4,4.035517,4.034,4.039,44268,44296,0,0,0,0
2023-06-14T06:00:00Z,29,,,,0.242862,0.201,0.286,31.4,31.4,31.4,4.035966,4.034,4.039,44297,44325,0,0,0,0
2023-06-14T07:00:00Z,30,,,,0.2428,0.203,0.286,31.4,31.4,31.4,4.035533,4.034,4.039,44326,44355,0,0,0,0
2023-06-14T08:00:00Z,29,,,,0.247517,0.203,0.29,31.410345,31.4,31.5,4.034966,4.032,4.039,44356,44384,0,0,0,0
2023-06-14T09:00:00Z,25,,,,0.2446,0.203,0.288,31.212,30.2,31.5,4.03508,4.032,4.039,44385,44413,0,0,0,0
2023-06-14T10:00:00Z,29,,,,0.255966,0.205,0.288,29.182759,28.6,30.1,4.034241,4.031,4.037,44414,44442,0,0,0,0
2023-06-14T11:00:00Z,29,,,,0.250621,0.203,0.287,29.872414,28.6,30.6,4.035138,4.032,4.039,44443,44471,0,0,0,0
2023-06-14T12:00:00Z,29,,,,0.252483,0.203,0.286,30.931034,30.6,31.2,4.035897,4.032,4.039,44472,44500,0,0,0,0
2023-06-14T13:00:00Z,30,,,,0.239367,0.202,0.285,31.25,31.1,31.3,4.0355,4.032,4.039,44501,44530,0,0,0,0
2023-06-14T14:00:00Z,29,,,,0.23969,0.203,0.285,31.362069,31.3,31.4,4.035552,4.032,4.039,44531,44559,0,0,0,0
2023-06-14T15:00:00Z,29,,,,0.248414,0.202,0.287,31.396552,31.3,31.4,4.036483,4.034,4.039,44560,44588,0,0,0,0
2023-06-14T16:00:00Z,29,,,,0.235207,0.203,0.288,31.4,31.4,31.4,4.036172,4.034,4.039,44589,44617,0,0,0,0
2023-06-14T17:00:00Z,29,,,,0.23569,0.201,0.286,31.4,31.4,31.4,4.036138,4.034,4.039,44618,44646,0,0,0,0
2023-06-14T18:00:00Z,29,,,,0.237241,0.203,0.287,31.396552,31.3,31.4,4.036034,4.032,4.039,44647,44675,0,0,0,0
2023-06-14T19:00:00Z,29,,,,0.243345,0.202,0.288,31.358621,31.3,31.4,4.035793,4.034,4.039,44676,44704,0,0,0,0
2023-06-14T20:00:00Z,30,,,,0.248,0.202,0.288,31.306667,31.3,31.4,4.035067,4.032,4.039,44705,44734,0,0,0,0
2023-06-14T21:00:00Z,29,,,,0.256,0.203,0.287,31.3,31.3,31.3,4.036103,4.034,4.039,44735,44763,0,0,0,0
2023-06-14T22:00:00Z,29,,,,0.243828,0.203,0.288,31.286207,31.2,31.3,4.035759,4.034,4.039,44764,44792,0,0,0,0
2023-06-14T23:00:00Z,28,,,,0.24125,0.203,0.286,31.275,31.2,31.3,4.036,4.034,4.039,44793,44821,0,0,0,0
2023-06-15T00:00:00Z,29,,,,0.246517,0.203,0.288,31.213793,31.1,31.3,4.035483,4.032,4.039,44822,44850,0,0,0,0
2023-06-15T01:00:00Z,30,,,,0.242533,0.203,0.286,31.313333,31.2,31.4,4.0348,4.032,4.037,44851,44880,0,0,0,0
2023-06-15T02:00:00Z,28,,,,0.23675,0.203,0.278,31.425,31.4,31.6,4.035464,4.034,4.037,44881,44909,0,0,0,0
2023-06-15T03:00:00Z,29,,,,0.237345,0.203,0.281,31.42069,31.4,31.5,4.035034,4.032,4.039,44910,44938,0,0,0,0
2023-06-15T04:00:00Z,29,,,,0.245759,0.206,0.279,31.503448,31.4,31.6,4.035207,4.031,4.039,44939,44967,0,0,0,0
2023-06-15T05:00:00Z,29,,,,0.240172,0.204,0.278,31.568966,31.5,31.6,4.034483,4.032,4.037,44968,44996,0,0,0,0
2023-06-15T06:00:00Z,29,,,,0.228828,0.203,0.28,31.6,31.6,31.6,4.035069,4.032,4.039,44997,45025,0,0,0,0
2023-06-15T07:00:00Z,28,,,,0.2395,0.203,0.279,31.635714,31.6,31.7,4.034929,4.032,4.037,45026,45055,0,0,0,0
2023-06-15T08:00:00Z,29,,,,0.246172,0.202,0.281,31.634483,31.6,31.7,4.034276,4.032,4.037,45056,45084,0,0,0,0
2023-06-15T09:00:00Z,29,,,,0.241,0.206,0.28,31.617241,31.6,31.7,4.034414,4.032,4.037,45085,45113,0,0,0,0
2023-06-15T10:00:00Z,29,,,,0.245379,0.203,0.281,31.624138,31.6,31.7,4.034552,4.032,4.037,45114,45142,0,0,0,0
2023-06-15T11:00:00Z,28,,,,0.2335,0.204,0.277,30.007143,28.3,31.7,4.033786,4.032,4.037,45143,45171,0,0,0,0
2023-06-15T12:00:00Z,28,,,,0.239536,0.208,0.28,27.635714,27.3,28.1,4.033464,4.032,4.037,45172,45200,0,0,0,0
2023-06-15T13:00:00Z,29,,,,0.242034,0.208,0.282,27.303448,27.2,27.4,4.033379,4.031,4.037,45201,45229,0,0,0,0
2023-06-15T14:00:00Z,30,,,,0.240333,0.208,0.283,27.3,27.2,27.4,4.034367,4.032,4.037,45230,45259,0,0,0,0
2023-06-15T15:00:00Z,29,,,,0.249276,0.209,0.282,27.213793,27,28,4.035,4.032,4.037,45260,45288,0,0,0,0
2023-06-15T16:00:00Z,29,,,,0.25,0.207,0.279,29.286207,28.1,30.1,4.034552,4.032,4.037,45289,45317,0,0,0,0
2023-06-15T17:00:00Z,29,,,,0.237862,0.205,0.278,30.182759,30,30.5,4.034517,4.031,4.037,45318,45346,0,0,0,0
2023-06-15T18:00:00Z,27,,,,0.239778,0.205,0.281,30.740741,30.5,31.3,4.033815,4.031,4.037,45347,45375,0,0,0,0
2023-06-15T19:00:00Z,29,,,,0.246862,0.203,0.278,31.075862,31,31.2,4.034241,4.032,4.037,45376,45404,0,0,0,0
2023-06-15T20:00:00Z,29,,,,0.247448,0.204,0.279,30.944828,30.8,31.1,4.033828,4.032,4.037,45405,45433,0,0,0,0
2023-06-15T21:00:00Z,30,,,,0.243267,0.204,0.279,30.796667,30.7,30.9,4.034067,4.031,4.037,45434,45463,0,0,0,0
2023-06-15T22:00:00Z,29,,,,0.243207,0.205,0.279,30.741379,30.7,30.8,4.033103,4.031,4.037,45464,45492,0,0,0,0
2023-06-15T23:00:00Z,29,,,,0.251138,0.204,0.279,30.72069,30.7,30.8,4.033724,4.032,4.037,45493,45521,0,0,0,0
2023-06-16T00:00:00Z,29,,,,0.240069,0.204,0.277,30.824138,30.7,30.9,4.034034,4.032,4.037,45522,45550,0,0,0,0
2023-06-16T01:00:00Z,29,,,,0.238621,0.204,0.279,30.965517,30.8,31.1,4.033897,4.032,4.037,45551,45579,0,0,0,0
2023-06-16T02:00:00Z,28,,,,0.24425,0.207,0.283,28.528571,27.4,30.7,4.034286,4.032,4.037,45580,45608,0,0,0,0
2023-06-16T03:00:00Z,30,,,,0.247867,0.209,0.284,27.163333,26.9,27.4,4.033967,4.031,4.037,45609,45638,0,0,0,0
2023-06-16T04:00:00Z,29,,,,0.250931,0.208,0.285,26.755172,26.4,27.1,4.033517,4.032,4.037,45639,45667,0,0,0,0
2023-06-16T05:00:00Z,29,,,,0.250207,0.212,0.282,26.396552,26.2,26.6,4.033448,4.031,4.037,45668,45696,0,0,0,0
2023-06-16T06:00:00Z,29,,,,0.244724,0.21,0.282,26.103448,24.7,26.6,4.034,4.032,4.037,45697,45725,0,0,0,0
2023-06-16T07:00:00Z,28,,,,0.235143,0.208,0.283,27.014286,26.1,28.7,4.03425,4.032,4.037,45726,45754,0,0,0,0
2023-06-16T08:00:00Z,11,,,,0.252909,0.215,0.281,29.372727,28.7,30,4.032545,4.031,4.036,45755,45778,0,0,0,0
2023-06-16T09:00:00Z,17,,,,0.251059,0.205,0.281,30.1,30.1,30.1,4.033353,4.031,4.037,45793,45809,0,0,0,0
2023-06-16T10:00:00Z,29,,,,0.243138,0.205,0.28,30.113793,30.1,30.2,4.032966,4.031,4.037,45810,45838,0,0,0,0
2023-06-16T11:00:00Z,30,,,,0.240433,0.205,0.279,30.256667,30.2,30.3,4.033733,4.032,4.037,45839,45868,0,0,0,0
2023-06-16T12:00:00Z,29,,,,0.234724,0.204,0.279,30.403448,30.3,30.5,4.033793,4.032,4.036,45869,45897,0,0,0,0
2023-06-16T13:00:00Z,29,,,,0.239759,0.206,0.279,30.586207,30.5,30.7,4.034138,4.031,4.037,45898,45926,0,0,0,0
2023-06-16T14:00:00Z,29,,,,0.243241,0.204,0.279,30.7,30.6,30.8,4.033,4.032,4.037,45927,45955,0,0,0,0
2023-06-16T15:00:00Z,30,,,,0.2412,0.204,0.279,30.916667,30.8,31.1,4.032833,4.031,4.036,45956,45985,0,0,0,0
2023-06-16T16:00:00Z,29,,,,0.248828,0.205,0.282,31.172414,31.1,31.3,4.033379,4.031,4.037,45986,46014,0,0,0,0
2023-06-16T17:00:00Z,29,,,,0.244655,0.205,0.281,31.3,31.2,31.4,4.033103,4.032,4.036,46015,46043,0,0,0,0
2023-06-16T18:00:00Z,29,,,,0.249586,0.205,0.281,31.293103,31.2,31.3,4.033655,4.031,4.037,46044,46072,0,0,0,0
2023-06-16T19:00:00Z,29,,,,0.244414,0.203,0.28,31.127586,31,31.3,4.032931,4.031,4.036,46073,46101,0,0,0,0
2023-06-16T20:00:00Z,30,,,,0.2408,0.204,0.281,30.953333,30.9,31.1,4.033767,4.032,4.037,46102,46131,0,0,0,0
2023-06-16T21:00:00Z,28,,,,0.24575,0.204,0.281,30.785714,30.7,30.8,4.033214,4.031,4.036,46132,46160,0,0,0,0
2023-06-16T22:00:00Z,29,,,,0.243069,0.204,0.281,30.744828,30.7,30.8,4.033414,4.032,4.037,46161,46189,0,0,0,0
2023-06-16T23:00:00Z,29,,,,0.23431,0.204,0.281,30.713793,30.7,30.8,4.033379,4.031,4.037,46190,46218,0,0,0,0
2023-06-17T00:00:00Z,29,,,,0.245172,0.204,0.279,30.782759,30.7,31,4.033207,4.031,4.037,46219,46247,0,0,0,0
2023-06-17T01:00:00Z,30,,,,0.242367,0.203,0.281,31.136667,31,31.3,4.033533,4.031,4.037,46248,46277,0,0,0,0
2023-06-17T02:00:00Z,29,,,,0.241517,0.203,0.279,30.737931,28.7,31.3,4.033069,4.031,4.037,46278,46306,0,0,0,0
2023-06-17T03:00:00Z,29,,,,0.243655,0.209,0.283,27.486207,27.2,28.5,4.032448,4.031,4.036,46307,46335,0,0,0,0
2023-06-17T04:00:00Z,29,,,,0.249552,0.218,0.281,26.893103,26.7,27.3,4.032414,4.031,4.036,46336,46364,0,0,0,0
2023-06-17T05:00:00Z,29,,,,0.241897,0.209,0.28,26.541379,26.2,26.8,4.032241,4.031,4.036,46365,46393,0,0,0,0
2023-06-17T06:00:00Z,30,,,,0.240033,0.211,0.283,26.14,26.1,26.3,4.032467,4.031,4.036,46394,46423,0,0,0,0
2023-06-17T07:00:00Z,29,,,,0.239241,0.21,0.282,27.127586,25.7,28.6,4.032276,4.031,4.034,46424,46452,0,0,0,0
2023-06-17T08:00:00Z,29,,,,0.241448,0.206,0.278,29.224138,28.7,29.7,4.032517,4.029,4.036,46453,46481,0,0,0,0
2023-06-17T09:00:00Z,29,,,,0.237138,0.205,0.281,29.993103,29.7,30.1,4.03231,4.031,4.036,46482,46510,0,0,0,0
2023-06-17T10:00:00Z,29,,,,0.251,0.206,0.277,30.386207,30.1,30.6,4.032207,4.031,4.034,46511,46539,0,0,0,0
2023-06-17T11:00:00Z,30,,,,0.2396,0.204,0.275,31.04,30.6,31.6,4.087833,4.031,4.158,46540,46569,0,0,0,0
2023-06-17T12:00:00Z,29,,,,0.247897,0.205,0.276,31.486207,31.4,31.6,4.177586,4.161,4.189,46570,46598,0,0,0,0
2023-06-17T13:00:00Z,29,,,,0.237138,0.205,0.275,31.3,31.1,31.4,4.17631,4.158,4.196,46599,46627,0,0,0,0
2023-06-17T14:00:00Z,29,,,,0.244448,0.205,0.278,31.234483,31.1,31.3,4.154517,4.148,4.161,46628,46656,0,0,0,0
2023-06-17T15:00:00Z,29,,,,0.247897,0.205,0.277,31.303448,31.2,31.4,4.145345,4.143,4.151,46657,46685,0,0,0,0
2023-06-17T16:00:00Z,30,,,,0.238333,0.204,0.276,31.38,31.3,31.4,4.141433,4.138,4.144,46686,46715,0,0,0,0
2023-06-17T17:00:00Z,29,,,,0.246586,0.204,0.28,31.4,31.4,31.4,4.138483,4.136,4.143,46716,46744,0,0,0,0
2023-06-17T18:00:00Z,29,,,,0.240172,0.205,0.277,31.403448,31.4,31.5,4.137552,4.136,4.141,46745,46773,0,0,0,0
2023-06-17T19:00:00Z,29,,,,0.242862,0.204,0.279,31.386207,31.3,31.4,4.136,4.135,4.138,46774,46802,0,0,0,0
2023-06-17T20:00:00Z,29,,,,0.246,0.205,0.277,31.306897,31.2,31.4,4.135862,4.133,4.138,46803,46831,0,0,0,0
2023-06-17T21:00:00Z,30,,,,0.249333,0.207,0.278,31.18,31.1,31.3,4.1344,4.133,4.136,46832,46861,0,0,0,0
2023-06-17T22:00:00Z,29,,,,0.245862,0.205,0.275,31.062069,30.9,31.2,4.134069,4.133,4.136,46862,46890,0,0,0,0
2023-06-17T23:00:00Z,29,,,,0.244241,0.205,0.276,31.272414,31.1,31.4,4.13369,4.133,4.135,46891,46919,0,0,0,0
2023-06-18T00:00:00Z,29,,,,0.237448,0.204,0.275,30.789655,29.3,31.4,4.134034,4.133,4.135,46920,46948,0,0,0,0
2023-06-18T01:00:00Z,29,,,,0.246655,0.209,0.279,28.424138,27.9,29.1,4.133207,4.133,4.135,46949,46977,0,0,0,0
2023-06-18T02:00:00Z,28,,,,0.251429,0.209,0.277,27.617857,27.4,28,4.133071,4.131,4.135,46978,47006,0,0,0,0
2023-06-18T03:00:00Z,30,,,,0.2406,0.209,0.279,27.593333,26.7,28.8,4.132267,4.131,4.133,47007,47036,0,0,0,0
2023-06-18T04:00:00Z,29,,,,0.240345,0.208,0.277,29.703448,28.9,30.1,4.131897,4.131,4.133,47037,47065,0,0,0,0
2023-06-18T05:00:00Z,29,,,,0.250241,0.207,0.275,30.17931,30.1,30.4,4.131621,4.131,4.133,47066,47094,0,0,0,0
2023-06-18T06:00:00Z,29,,,,0.248207,0.207,0.284,29.303448,27.4,30.5,4.131966,4.131,4.133,47095,47123,0,0,0,0
2023-06-18T07:00:00Z,29,,,,0.244828,0.206,0.281,28.37931,27.3,29.8,4.131655,4.13,4.133,47124,47152,0,0,0,0
2023-06-18T08:00:00Z,30,,,,0.252033,0.205,0.285,30.056667,29.9,30.1,4.131933,4.131,4.133,47153,47182,0,0,0,0
2023-06-18T09:00:00Z,29,,,,0.247138,0.203,0.283,30.32069,30.1,30.5,4.131241,4.13,4.133,47183,47211,0,0,0,0
2023-06-18T10:00:00Z,29,,,,0.241,0.205,0.28,30.575862,30.4,30.6,4.131172,4.128,4.133,47212,47240,0,0,0,0
2023-06-18T11:00:00Z,29,,,,0.24331,0.203,0.283,29.693103,27.4,30.8,4.130931,4.128,4.133,47241,47269,0,0,0,0
2023-06-18T12:00:00Z,29,,,,0.247828,0.208,0.287,26.865517,26.4,27.4,4.130655,4.128,4.133,47270,47298,0,0,0,0
2023-06-18T13:00:00Z,30,,,,0.245067,0.207,0.285,28.9,27.4,29.9,4.1307,4.128,4.133,47299,47328,0,0,0,0
2023-06-18T14:00:00Z,29,,,,0.240931,0.203,0.282,30.072414,29.9,30.1,4.130207,4.128,4.133,47329,47357,0,0,0,0
2023-06-18T15:00:00Z,29,,,,0.242621,0.204,0.283,30.265517,30.1,30.5,4.130448,4.126,4.133,47358,47386,0,0,0,0
2023-06-18T16:00:00Z,29,,,,0.248345,0.207,0.284,30.558621,30.4,30.6,4.129862,4.128,4.133,47387,47415,0,0,0,0
2023-06-18T17:00:00Z,29,,,,0.237379,0.203,0.286,30.724138,30.6,30.9,4.129414,4.126,4.131,47416,47444,0,0,0,0
2023-06-18T18:00:00Z,30,,,,0.237967,0.203,0.284,30.77,30.7,30.9,4.129367,4.126,4.131,47445,47474,0,0,0,0
2023-06-18T19:00:00Z,29,,,,0.252862,0.203,0.286,30.72069,30.7,30.8,4.129207,4.126,4.131,47475,47503,0,0,0,0
2023-06-18T20:00:00Z,29,,,,0.245586,0.203,0.284,30.7,30.6,30.8,4.12931,4.126,4.131,47504,47532,0,0,0,0
2023-06-18T21:00:00Z,19,,,,0.251895,0.208,0.283,30.878947,30.6,31.3,4.129053,4.126,4.131,47533,47560,0,0,0,0
2023-06-18T22:00:00Z,13,,,,0.246154,0.204,0.282,30.853846,30.7,31.2,4.128846,4.126,4.131,47568,47587,0,0,0,0
2023-06-18T23:00:00Z,28,,,,0.243179,0.204,0.282,30.728571,30.6,31.1,4.128643,4.125,4.131,47588,47616,0,0,0,0
2023-06-19T00:00:00Z,30,,,,0.239167,0.203,0.277,30.726667,30.7,30.8,4.127233,4.126,4.131,47617,47646,0,0,0,0
2023-06-19T01:00:00Z,29,,,,0.247483,0.203,0.281,30.962069,30.8,31.1,4.128103,4.125,4.131,47647,47675,0,0,0,0
2023-06-19T02:00:00Z,29,,,,0.244793,0.203,0.282,30.87931,29.9,31.3,4.126552,4.123,4.131,47676,47704,0,0,0,0
2023-06-19T03:00:00Z,28,,,,0.253786,0.211,0.285,27.935714,27.3,29.6,4.126214,4.123,4.131,47705,47733,0,0,0,0
2023-06-19T04:00:00Z,28,,,,0.248107,0.205,0.283,29.075,27.3,30.1,4.125929,4.123,4.13,47734,47762,0,0,0,0
2023-06-19T05:00:00Z,29,,,,0.251828,0.205,0.283,30.334483,30.1,30.6,4.125931,4.123,4.13,47763,47791,0,0,0,0
2023-06-19T06:00:00Z,29,,,,0.245103,0.204,0.281,30.87931,30.6,31.1,4.125793,4.121,4.13,47792,47820,0,0,0,0
2023-06-19T07:00:00Z,29,,,,0.246828,0.203,0.284,31.237931,31.1,31.3,4.124586,4.123,4.128,47821,47849,0,0,0,0
2023-06-19T08:00:00Z,28,,,,0.242107,0.206,0.283,29.010714,27.3,31.3,4.12425,4.121,4.126,47850,47878,0,0,0,0
2023-06-19T09:00:00Z,30,,,,0.255733,0.208,0.288,26.706667,26.2,27.3,4.1234,4.12,4.128,47879,47908,0,0,0,0
2023-06-19T10:00:00Z,29,,,,0.244724,0.208,0.286,27.244828,26.1,28.8,4.123207,4.12,4.126,47909,47937,0,0,0,0
2023-06-19T11:00:00Z,29,,,,0.243931,0.206,0.281,29.686207,28.9,30.1,4.123759,4.12,4.128,47938,47966,0,0,0,0
2023-06-19T12:00:00Z,29,,,,0.243103,0.204,0.281,30.155172,30.1,30.3,4.124345,4.121,4.128,47967,47995,0,0,0,0
2023-06-19T13:00:00Z,29,,,,0.23831,0.203,0.28,30.482759,30.3,30.6,4.123207,4.121,4.126,47996,48024,0,0,0,0
2023-06-19T14:00:00Z,27,,,,0.239407,0.203,0.281,30.77037,30.6,31.1,4.122926,4.12,4.128,48025,48053,0,0,0,0
2023-06-19T15:00:00Z,30,,,,0.238233,0.209,0.282,31.01,30.8,31.1,4.123133,4.12,4.126,48054,48083,0,0,0,0
2023-06-19T16:00:00Z,29,,,,0.245621,0.205,0.282,31.282759,31.1,31.4,4.122517,4.12,4.125,48084,48112,0,0,0,0
2023-06-19T17:00:00Z,29,,,,0.244034,0.203,0.285,31.3,31.3,31.3,4.123241,4.121,4.128,48113,48141,0,0,0,0
2023-06-19T18:00:00Z,29,,,,0.242517,0.206,0.284,31.248276,31.1,31.3,4.122897,4.12,4.128,48142,48170,0,0,0,0
2023-06-19T19:00:00Z,29,,,,0.252517,0.219,0.282,31.196552,31.1,31.3,4.123,4.12,4.126,48171,48199,0,0,0,0
2023-06-19T20:00:00Z,30,,,,0.239467,0.203,0.283,31.18,31.1,31.3,4.1227,4.12,4.126,48200,48229,0,0,0,0
2023-06-19T21:00:00Z,29,,,,0.246034,0.202,0.281,31.141379,31.1,31.2,4.122,4.118,4.125,48230,48258,0,0,0,0
2023-06-19T22:00:00Z,29,,,,0.241103,0.203,0.283,31.227586,31.1,31.3,4.121931,4.118,4.125,48259,48287,0,0,0,0
2023-06-19T23:00:00Z,29,,,,0.246379,0.204,0.282,31.32069,31.3,31.4,4.122069,4.118,4.125,48288,48316,0,0,0,0
2023-06-20T00:00:00Z,29,,,,0.243793,0.203,0.282,31.396552,31.3,31.4,4.121621,4.12,4.125,48317,48345,0,0,0,0
2023-06-20T01:00:00Z,30,,,,0.242233,0.203,0.282,31.4,31.4,31.4,4.121,4.118,4.125,48346,48375,0,0,0,0
2023-06-20T02:00:00Z,29,,,,0.238793,0.203,0.278,31.396552,31.3,31.4,4.121241,4.118,4.125,48376,48404,0,0,0,0
2023-06-20T03:00:00Z,29,,,,0.234724,0.202,0.282,31.403448,31.4,31.5,4.120034,4.118,4.125,48405,48433,0,0,0,0
2023-06-20T04:00:00Z,29,,,,0.241379,0.202,0.282,31.548276,31.4,31.6,4.119966,4.118,4.123,48434,48462,0,0,0,0
2023-06-20T05:00:00Z,29,,,,0.256276,0.206,0.285,31.6,31.6,31.6,4.119448,4.116,4.123,48463,48491,0,0,0,0
2023-06-20T06:00:00Z,30,,,,0.239233,0.202,0.283,31.603333,31.6,31.7,4.1208,4.118,4.125,48492,48521,0,0,0,0
2023-06-20T07:00:00Z,29,,,,0.239724,0.203,0.282,31.67931,31.6,31.7,4.119931,4.118,4.123,48522,48550,0,0,0,0
2023-06-20T08:00:00Z,29,,,,0.24431,0.201,0.282,31.693103,31.6,31.8,4.119828,4.116,4.123,48551,48579,0,0,0,0
2023-06-20T09:00:00Z,29,,,,0.248379,0.203,0.285,31.77931,31.7,31.9,4.119483,4.116,4.123,48580,48608,0,0,0,0
2023-06-20T10:00:00Z,29,,,,0.253586,0.202,0.282,31.762069,31.7,31.8,4.119586,4.116,4.123,48609,48637,0,0,0,0
2023-06-20T11:00:00Z,29,,,,0.238207,0.203,0.281,31.765517,31.7,31.8,4.118586,4.115,4.123,48638,48666,0,0,0,0
2023-06-20T12:00:00Z,30,,,,0.249667,0.203,0.281,31.88,31.7,32.1,4.1192,4.115,4.123,48667,48696,0,0,0,0
2023-06-20T13:00:00Z,29,,,,0.247862,0.205,0.285,31.855172,31.8,31.9,4.118034,4.116,4.121,48697,48725,0,0,0,0
2023-06-20T14:00:00Z,29,,,,0.249034,0.203,0.283,31.924138,31.8,32,4.117586,4.115,4.123,48726,48754,0,0,0,0
2023-06-20T15:00:00Z,28,,,,0.243964,0.201,0.283,32.039286,31.9,32.2,4.1175,4.115,4.121,48755,48783,0,0,0,0
2023-06-20T16:00:00Z,29,,,,0.241379,0.21,0.276,31.862069,31.7,32.1,4.117138,4.116,4.121,48784,48812,0,0,0,0
2023-06-20T17:00:00Z,29,,,,0.239966,0.205,0.278,31.658621,31.6,31.9,4.117414,4.115,4.121,48813,48841,0,0,0,0
2023-06-20T18:00:00Z,29,,,,0.23431,0.204,0.275,31.444828,31.4,31.6,4.116414,4.115,4.12,48842,48870,0,0,0,0
2023-06-20T19:00:00Z,30,,,,0.242167,0.204,0.277,31.396667,31.3,31.4,4.116933,4.115,4.12,48871,48900,0,0,0,0
2023-06-20T20:00:00Z,29,,,,0.240034,0.207,0.277,31.4,31.4,31.4,4.116241,4.111,4.12,48901,48929,0,0,0,0
2023-06-20T21:00:00Z,29,,,,0.249448,0.205,0.277,31.4,31.4,31.4,4.11669,4.113,4.12,48930,48958,0,0,0,0
2023-06-20T22:00:00Z,29,,,,0.245138,0.207,0.275,31.4,31.4,31.4,4.116034,4.113,4.118,48959,48987,0,0,0,0
2023-06-20T23:00:00Z,29,,,,0.239448,0.205,0.274,31.4,31.4,31.4,4.116103,4.113,4.12,48988,49016,0,0,0,0
2023-06-21T00:00:00Z,30,,,,0.2399,0.205,0.276,31.4,31.4,31.4,4.1171,4.115,4.12,49017,49046,0,0,0,0
2023-06-21T01:00:00Z,29,,,,0.239931,0.205,0.275,31.406897,31.4,31.5,4.116414,4.115,4.12,49047,49075,0,0,0,0
2023-06-21T02:00:00Z,29,,,,0.239966,0.204,0.275,31.527586,31.4,31.6,4.115931,4.113,4.118,49076,49104,0,0,0,0
2023-06-21T03:00:00Z,29,,,,0.227414,0.204,0.276,31.6,31.6,31.6,4.116034,4.113,4.12,49105,49133,0,0,0,0
2023-06-21T04:00:00Z,29,,,,0.244552,0.203,0.277,31.693103,31.6,31.9,4.115897,4.113,4.12,49134,49162,0,0,0,0
2023-06-21T05:00:00Z,30,,,,0.240233,0.204,0.277,31.666667,30.7,31.9,4.115467,4.113,4.118,49163,49192,0,0,0,0
2023-06-21T06:00:00Z,28,,,,0.245643,0.208,0.278,28.789286,28.1,30.6,4.114464,4.111,4.118,49193,49221,0,0,0,0
2023-06-21T07:00:00Z,28,,,,0.243464,0.208,0.277,29.321429,27.8,30.3,4.114143,4.111,4.118,49222,49250,0,0,0,0
2023-06-21T08:00:00Z,29,,,,0.237793,0.204,0.278,30.934483,30.4,31.4,4.115552,4.113,4.118,49251,49279,0,0,0,0
2023-06-21T09:00:00Z,29,,,,0.235897,0.204,0.276,31.382759,31.3,31.4,4.115034,4.113,4.118,49280,49308,0,0,0,0
2023-06-21T10:00:00Z,29,,,,0.241448,0.204,0.276,31.413793,31.4,31.5,4.114172,4.111,4.118,49309,49337,0,0,0,0
2023-06-21T11:00:00Z,30,,,,0.235533,0.206,0.274,31.516667,31.5,31.6,4.115033,4.111,4.118,49338,49367,0,0,0,0
2023-06-21T12:00:00Z,29,,,,0.250828,0.206,0.277,31.548276,31.5,31.6,4.115,4.111,4.118,49368,49396,0,0,0,0
2023-06-21T13:00:00Z,29,,,,0.233069,0.205,0.275,31.6,31.6,31.6,4.112621,4.111,4.116,49397,49425,0,0,0,0
2023-06-21T14:00:00Z,26,,,,0.235654,0.203,0.275,31.642308,31.6,31.9,4.114346,4.111,4.118,49426,49454,0,0,0,0
2023-06-21T15:00:00Z,10,,,,0.2407,0.206,0.275,31.99,31.8,32.1,4.1144,4.113,4.116,49455,49479,0,0,0,0
2023-06-21T16:00:00Z,4,,,,0.21325,0.204,0.234,32.175,32.1,32.3,4.115,4.113,4.116,49505,49508,0,0,0,0
2023-06-21T17:00:00Z,29,,,,0.245034,0.204,0.277,31.7,31.6,32,4.114379,4.113,4.116,49509,49537,0,0,0,0
2023-06-21T18:00:00Z,28,,,,0.232357,0.204,0.276,31.571429,31.5,31.6,4.114143,4.111,4.116,49538,49566,0,0,0,0
2023-06-21T19:00:00Z,29,,,,0.236655,0.204,0.278,31.489655,31.4,31.6,4.113862,4.111,4.116,49567,49595,0,0,0,0
2023-06-21T20:00:00Z,29,,,,0.242655,0.203,0.276,31.406897,31.4,31.5,4.113276,4.111,4.116,49596,49624,0,0,0,0
2023-06-21T21:00:00Z,28,,,,0.2425,0.205,0.276,31.4,31.4,31.4,4.113036,4.111,4.116,49625,49654,0,0,0,0
2023-06-21T22:00:00Z,29,,,,0.238586,0.205,0.275,31.4,31.4,31.4,4.112276,4.11,4.115,49655,49683,0,0,0,0
2023-06-21T23:00:00Z,29,,,,0.238103,0.203,0.275,31.4,31.4,31.4,4.112414,4.11,4.115,49684,49712,0,0,0,0
2023-06-22T00:00:00Z,29,,,,0.251069,0.205,0.277,31.4,31.4,31.4,4.112828,4.11,4.116,49713,49741,0,0,0,0
2023-06-22T01:00:00Z,29,,,,0.240621,0.204,0.276,31.4,31.4,31.4,4.11131,4.11,4.116,49742,49770,0,0,0,0
2023-06-22T02:00:00Z,30,,,,0.233233,0.204,0.276,31.473333,31.4,31.6,4.111233,4.108,4.115,49771,49800,0,0,0,0
2023-06-22T03:00:00Z,29,,,,0.242,0.205,0.276,31.6,31.6,31.6,4.111345,4.108,4.115,49801,49829,0,0,0,0
2023-06-22T04:00:00Z,29,,,,0.239276,0.204,0.277,31.634483,31.6,31.7,4.112552,4.108,4.115,49830,49858,0,0,0,0
2023-06-22T05:00:00Z,29,,,,0.235,0.205,0.275,31.67931,31.6,31.8,4.112207,4.11,4.115,49859,49887,0,0,0,0
2023-06-22T06:00:00Z,30,,,,0.239167,0.205,0.275,31.73,31.7,31.8,4.112167,4.11,4.116,49888,49917,0,0,0,0
2023-06-22T07:00:00Z,29,,,,0.237655,0.204,0.277,31.565517,30.5,31.9,4.111517,4.108,4.116,49918,49946,0,0,0,0
2023-06-22T08:00:00Z,29,,,,0.244586,0.207,0.278,28.875862,27.8,30.2,4.110828,4.108,4.115,49947,49975,0,0,0,0
2023-06-22T09:00:00Z,29,,,,0.243966,0.21,0.278,27.548276,27.4,27.9,4.110069,4.106,4.115,49976,50004,0,0,0,0
2023-06-22T10:00:00Z,29,,,,0.235483,0.208,0.265,27.334483,27.2,27.5,4.110414,4.108,4.115,50005,50033,0,0,0,0
2023-06-22T11:00:00Z,30,,,,0.2375,0.224,0.247,26.85,26.6,27.2,4.1097,4.106,4.113,50034,50063,0,0,0,0
2023-06-22T12:00:00Z,28,,,,0.25125,0.212,0.284,26.292857,26.1,26.5,4.109643,4.106,4.113,50064,50092,0,0,0,0
2023-06-22T13:00:00Z,29,,,,0.244414,0.211,0.282,26.255172,26.1,26.6,4.109138,4.106,4.113,50093,50121,0,0,0,0
2023-06-22T14:00:00Z,29,,,,0.236517,0.228,0.245,26.441379,26.3,26.6,4.109483,4.106,4.113,50122,50150,0,0,0,0
2023-06-22T15:00:00Z,29,,,,0.237828,0.228,0.247,26.241379,26.2,26.4,4.108517,4.106,4.111,50151,50179,0,0,0,0
2023-06-22T16:00:00Z,30,,,,0.235567,0.225,0.246,27,26.1,28.6,4.1094,4.105,4.111,50180,50209,0,0,0,0
2023-06-22T17:00:00Z,29,,,,0.235793,0.224,0.244,29.275862,28.6,29.9,4.108655,4.106,4.111,50210,50238,0,0,0,0
2023-06-22T18:00:00Z,29,,,,0.232793,0.223,0.244,30.068966,30,30.1,4.108586,4.106,4.111,50239,50267,0,0,0,0
2023-06-22T19:00:00Z,29,,,,0.232966,0.223,0.244,30.175862,30.1,30.3,4.109655,4.106,4.113,50268,50296,0,0,0,0
2023-06-22T20:00:00Z,29,,,,0.236724,0.223,0.244,30.251724,30.2,30.3,4.10931,4.106,4.113,50297,50325,0,0,0,0
2023-06-22T21:00:00Z,30,,,,0.2342,0.223,0.243,30.28,30.2,30.3,4.1088,4.106,4.113,50326,50355,0,0,0,0
2023-06-22T22:00:00Z,29,,,,0.231759,0.222,0.243,30.27931,30.2,30.3,4.10769,4.106,4.111,50356,50384,0,0,0,0
2023-06-22T23:00:00Z,28,,,,0.233393,0.223,0.243,30.264286,30.2,30.3,4.107357,4.106,4.111,50385,50413,0,0,0,0
2023-06-23T00:00:00Z,29,,,,0.233345,0.223,0.243,30.413793,30.3,30.5,4.107724,4.105,4.113,50414,50442,0,0,0,0
2023-06-23T01:00:00Z,29,,,,0.230862,0.223,0.244,30.555172,30.5,30.6,4.108207,4.106,4.113,50443,50471,0,0,0,0
2023-06-23T02:00:00Z,30,,,,0.230967,0.223,0.242,30.666667,30.6,30.8,4.108333,4.106,4.111,50472,50501,0,0,0,0
2023-06-23T03:00:00Z,25,,,,0.23368,0.223,0.242,31.128,30.8,31.4,4.10708,4.106,4.111,50502,50530,0,0,0,0
2023-06-23T04:00:00Z,29,,,,0.233483,0.223,0.245,30.141379,27.8,31.3,4.10669,4.105,4.11,50531,50559,0,0,0,0
2023-06-23T05:00:00Z,29,,,,0.234345,0.226,0.245,27.358621,27.1,27.7,4.106621,4.105,4.11,50560,50588,0,0,0,0
2023-06-23T06:00:00Z,29,,,,0.234724,0.224,0.245,27.913793,26.8,29.3,4.106103,4.105,4.108,50589,50617,0,0,0,0
2023-06-23T07:00:00Z,29,,,,0.233138,0.223,0.244,29.968966,29.4,30.2,4.106379,4.105,4.11,50618,50646,0,0,0,0
2023-06-23T08:00:00Z,30,,,,0.234533,0.223,0.244,30.493333,30.2,30.7,4.106667,4.105,4.111,50647,50676,0,0,0,0
2023-06-23T09:00:00Z,29,,,,0.233,0.223,0.243,30.844828,30.6,31.1,4.106345,4.105,4.11,50677,50705,0,0,0,0
2023-06-23T10:00:00Z,29,,,,0.230621,0.223,0.242,31.165517,31,31.3,4.106897,4.105,4.11,50706,50734,0,0,0,0
2023-06-23T11:00:00Z,29,,,,0.233483,0.222,0.243,31.3,31.3,31.3,4.106103,4.105,4.11,50735,50763,0,0,0,0
2023-06-23T12:00:00Z,29,,,,0.233,0.223,0.242,31.313793,31.3,31.4,4.105862,4.105,4.108,50764,50792,0,0,0,0
2023-06-23T13:00:00Z,30,,,,0.230367,0.222,0.243,31.346667,31.3,31.4,4.106167,4.105,4.11,50793,50822,0,0,0,0
2023-06-23T14:00:00Z,29,,,,0.232345,0.222,0.242,31.382759,31.3,31.4,4.106207,4.105,4.108,50823,50851,0,0,0,0
2023-06-23T15:00:00Z,29,,,,0.229034,0.221,0.242,31.393103,31.3,31.4,4.105724,4.105,4.108,50852,50880,0,0,0,0
2023-06-23T16:00:00Z,29,,,,0.232034,0.222,0.243,31.389655,31.3,31.4,4.105759,4.105,4.108,50881,50909,0,0,0,0
2023-06-23T17:00:00Z,29,,,,0.232862,0.221,0.243,31.324138,31.3,31.4,4.105586,4.105,4.106,50910,50938,0,0,0,0
2023-06-23T18:00:00Z,27,,,,0.233444,0.222,0.245,31.277778,31.2,31.3,4.105444,4.105,4.108,50939,50967,0,0,0,0
2023-06-23T19:00:00Z,30,,,,0.234133,0.222,0.243,31.22,31.1,31.3,4.1053,4.105,4.108,50968,50997,0,0,0,0
2023-06-23T20:00:00Z,29,,,,0.233103,0.222,0.245,31.141379,31.1,31.2,4.105103,4.103,4.106,50998,51026,0,0,0,0
2023-06-23T21:00:00Z,29,,,,0.231172,0.223,0.244,31.137931,31.1,31.2,4.105517,4.103,4.108,51027,51055,0,0,0,0
2023-06-23T22:00:00Z,29,,,,0.234207,0.223,0.245,31.082759,31,31.1,4.105414,4.105,4.108,51056,51084,0,0,0,0
2023-06-23T23:00:00Z,30,,,,0.2322,0.222,0.242,31.13,31.1,31.2,4.105333,4.103,4.106,51085,51114,0,0,0,0
2023-06-24T00:00:00Z,29,,,,0.234,0.223,0.246,30.503448,28.9,31.3,4.10531,4.105,4.106,51115,51143,0,0,0,0
2023-06-24T01:00:00Z,29,,,,0.233931,0.224,0.246,27.468966,26.7,28.9,4.104931,4.103,4.106,51144,51172,0,0,0,0
2023-06-24T02:00:00Z,29,,,,0.236586,0.228,0.247,26.575862,26.3,26.8,4.104759,4.102,4.106,51173,51201,0,0,0,0
2023-06-24T03:00:00Z,29,,,,0.235828,0.228,0.245,26.865517,26.2,28.4,4.103759,4.102,4.106,51202,51230,0,0,0,0
2023-06-24T04:00:00Z,29,,,,0.231552,0.224,0.244,29.417241,28.6,30.1,4.104621,4.102,4.106,51231,51259,0,0,0,0
2023-06-24T05:00:00Z,30,,,,0.231433,0.223,0.242,30.146667,30.1,30.3,4.104633,4.103,4.106,51260,51289,0,0,0,0
2023-06-24T06:00:00Z,29,,,,0.232138,0.223,0.242,30.555172,30.3,30.7,4.104724,4.103,4.106,51290,51318,0,0,0,0
2023-06-24T07:00:00Z,29,,,,0.232828,0.223,0.242,30.834483,30.7,31.1,4.103931,4.102,4.105,51319,51347,0,0,0,0
2023-06-24T08:00:00Z,21,,,,0.228952,0.223,0.242,31.152381,31,31.4,4.104143,4.102,4.106,51349,51375,0,0,0,0
2023-06-24T09:00:00Z,8,,,,0.232875,0.222,0.242,31.375,31.3,31.4,4.10375,4.103,4.105,51377,51398,0,0,0,0
2023-06-24T10:00:00Z,24,,,,0.230542,0.222,0.244,31.379167,31.3,31.4,4.104542,4.103,4.106,51408,51431,0,0,0,0
2023-06-24T11:00:00Z,29,,,,0.233759,0.222,0.243,31.358621,31.3,31.4,4.103621,4.102,4.106,51432,51460,0,0,0,0
2023-06-24T12:00:00Z,30,,,,0.230433,0.222,0.242,31.396667,31.3,31.4,4.103733,4.102,4.105,51461,51490,0,0,0,0
2023-06-24T13:00:00Z,29,,,,0.234172,0.222,0.243,30.517241,28.7,31.4,4.104069,4.102,4.105,51491,51519,0,0,0,0
2023-06-24T14:00:00Z,29,,,,0.234483,0.223,0.244,30.3,29.6,30.8,4.103862,4.102,4.105,51520,51548,0,0,0,0
2023-06-24T15:00:00Z,29,,,,0.232241,0.222,0.242,31.162069,30.9,31.3,4.104069,4.103,4.106,51549,51577,0,0,0,0
2023-06-24T16:00:00Z,29,,,,0.230966,0.222,0.244,31.344828,31.3,31.4,4.104172,4.102,4.105,51578,51606,0,0,0,0
2023-06-24T17:00:00Z,29,,,,0.235759,0.222,0.245,31.4,31.4,31.4,4.104138,4.102,4.106,51607,51635,0,0,0,0
2023-06-24T18:00:00Z,30,,,,0.2307,0.221,0.244,31.4,31.4,31.4,4.1041,4.102,4.106,51636,51665,0,0,0,0
2023-06-24T19:00:00Z,29,,,,0.233793,0.222,0.242,31.393103,31.3,31.4,4.103586,4.102,4.105,51666,51694,0,0,0,0
2023-06-24T20:00:00Z,29,,,,0.22869,0.222,0.241,31.317241,31.2,31.4,4.103138,4.102,4.105,51695,51723,0,0,0,0
2023-06-24T21:00:00Z,29,,,,0.232172,0.223,0.243,31.193103,31.1,31.3,4.103931,4.102,4.105,51724,51752,0,0,0,0
2023-06-24T22:00:00Z,29,,,,0.231828,0.223,0.243,31.055172,30.9,31.1,4.103931,4.102,4.106,51753,51781,0,0,0,0
2023-06-24T23:00:00Z,30,,,,0.233533,0.223,0.244,30.93,30.8,31.1,4.103333,4.102,4.105,51782,51811,0,0,0,0
2023-06-25T00:00:00Z,29,,,,0.23131,0.223,0.242,31.017241,30.9,31.1,4.103621,4.102,4.106,51812,51840,0,0,0,0
2023-06-25T01:00:00Z,29,,,,0.235862,0.223,0.277,31.134483,31,31.3,4.102862,4.1,4.105,51841,51869,0,0,0,0
2023-06-25T02:00:00Z,29,,,,0.237793,0.205,0.277,31.310345,31.3,31.4,4.101828,4.1,4.105,51870,51898,0,0,0,0
2023-06-25T03:00:00Z,29,,,,0.243862,0.205,0.277,31.358621,31.3,31.4,4.102379,4.1,4.105,51899,51927,0,0,0,0
2023-06-25T04:00:00Z,27,,,,0.23837,0.204,0.278,31.396296,31.3,31.4,4.101519,4.1,4.105,51928,51956,0,0,0,0
2023-06-25T05:00:00Z,30,,,,0.234733,0.204,0.277,31.4,31.4,31.4,4.1015,4.098,4.105,51957,51986,0,0,0,0
2023-06-25T06:00:00Z,29,,,,0.24569,0.204,0.278,31.4,31.4,31.4,4.101966,4.098,4.105,51987,52015,0,0,0,0
2023-06-25T07:00:00Z,29,,,,0.238276,0.204,0.279,30.568966,29.1,31.4,4.100448,4.098,4.103,52016,52044,0,0,0,0
2023-06-25T08:00:00Z,29,,,,0.24531,0.204,0.278,30.624138,30.1,31.1,4.100483,4.097,4.105,52045,52073,0,0,0,0
2023-06-25T09:00:00Z,29,,,,0.242172,0.205,0.277,31.268966,31.1,31.4,4.100172,4.097,4.103,52074,52102,0,0,0,0
2023-06-25T10:00:00Z,29,,,,0.243966,0.206,0.277,31.358621,31.3,31.4,4.100517,4.098,4.105,52103,52131,0,0,0,0
2023-06-25T11:00:00Z,30,,,,0.243567,0.204,0.279,31.396667,31.3,31.4,4.101233,4.097,4.105,52132,52161,0,0,0,0
2023-06-25T12:00:00Z,29,,,,0.235759,0.204,0.277,31.393103,31.3,31.4,4.1,4.097,4.105,52162,52190,0,0,0,0
2023-06-25T13:00:00Z,29,,,,0.246414,0.207,0.278,31.396552,31.3,31.4,4.099724,4.097,4.105,52191,52219,0,0,0,0
2023-06-25T14:00:00Z,28,,,,0.245571,0.205,0.277,31.392857,31.3,31.4,4.09975,4.097,4.103,52220,52248,0,0,0,0
2023-06-25T15:00:00Z,29,,,,0.239379,0.204,0.277,31.393103,31.3,31.4,4.099069,4.097,4.103,52249,52277,0,0,0,0
2023-06-25T16:00:00Z,30,,,,0.2442,0.204,0.278,31.346667,31.3,31.4,4.099867,4.097,4.103,52278,52307,0,0,0,0
2023-06-25T17:00:00Z,29,,,,0.238517,0.205,0.277,31.272414,31.2,31.4,4.099793,4.097,4.103,52308,52336,0,0,0,0
2023-06-25T18:00:00Z,29,,,,0.245483,0.204,0.28,31.131034,31.1,31.2,4.100345,4.098,4.103,52337,52365,0,0,0,0
2023-06-25T19:00:00Z,29,,,,0.249759,0.204,0.278,31.034483,30.9,31.2,4.10031,4.097,4.103,52366,52394,0,0,0,0
2023-06-25T20:00:00Z,29,,,,0.240379,0.208,0.28,30.87931,30.8,31,4.100138,4.097,4.105,52395,52423,0,0,0,0
2023-06-25T21:00:00Z,29,,,,0.242552,0.205,0.279,30.775862,30.7,30.9,4.099414,4.097,4.103,52424,52452,0,0,0,0
2023-06-25T22:00:00Z,30,,,,0.2401,0.206,0.277,30.696667,30.6,30.7,4.098667,4.095,4.103,52453,52482,0,0,0,0
2023-06-25T23:00:00Z,29,,,,0.244931,0.204,0.278,30.675862,30.6,30.8,4.098172,4.095,4.102,52483,52511,0,0,0,0
2023-06-26T00:00:00Z,29,,,,0.241448,0.205,0.276,30.858621,30.7,31.1,4.098448,4.095,4.102,52512,52540,0,0,0,0
2023-06-26T01:00:00Z,29,,,,0.240897,0.206,0.276,31.141379,31,31.3,4.09831,4.095,4.103,52541,52569,0,0,0,0
2023-06-26T02:00:00Z,29,,,,0.245862,0.204,0.276,31.3,31.2,31.4,4.098793,4.095,4.102,52570,52598,0,0,0,0
2023-06-26T03:00:00Z,29,,,,0.250345,0.208,0.278,28.606897,27.3,31,4.097034,4.095,4.102,52599,52628,0,0,0,0
2023-06-26T04:00:00Z,29,,,,0.237069,0.21,0.279,26.955172,26.5,27.3,4.096034,4.093,4.102,52629,52657,0,0,0,0
2023-06-26T05:00:00Z,29,,,,0.253034,0.209,0.281,26.486207,26.2,26.7,4.097034,4.093,4.1,52658,52686,0,0,0,0
2023-06-26T06:00:00Z,28,,,,0.237893,0.208,0.277,28.364286,26.7,29.5,4.097,4.093,4.1,52687,52715,0,0,0,0
2023-06-26T07:00:00Z,29,,,,0.239966,0.206,0.276,29.951724,29.5,30.1,4.096966,4.093,4.1,52716,52744,0,0,0,0
2023-06-26T08:00:00Z,29,,,,0.243828,0.205,0.275,30.186207,30.1,30.4,4.097586,4.095,4.102,52745,52774,0,0,0,0
2023-06-26T09:00:00Z,29,,,,0.241517,0.206,0.277,30.527586,30.1,30.6,4.096793,4.095,4.1,52775,52803,0,0,0,0
2023-06-26T10:00:00Z,29,,,,0.237241,0.211,0.277,28.041379,26.4,30.1,4.095069,4.093,4.098,52804,52832,0,0,0,0
2023-06-26T11:00:00Z,28,,,,0.245071,0.21,0.278,27.082143,26.7,27.4,4.096214,4.093,4.1,52833,52861,0,0,0,0
2023-06-26T12:00:00Z,28,,,,0.2435,0.21,0.279,26.653571,26.3,27.3,4.095071,4.092,4.1,52862,52889,0,0,0,0
2023-06-26T13:00:00Z,29,,,,0.241828,0.208,0.276,28.52069,27.4,29.3,4.095207,4.092,4.1,52890,52918,0,0,0,0
2023-06-26T14:00:00Z,29,,,,0.240345,0.207,0.276,29.793103,29.4,30.1,4.096034,4.093,4.102,52919,52947,0,0,0,0
2023-06-26T15:00:00Z,28,,,,0.245643,0.207,0.277,29.264286,26.4,30.1,4.0965,4.092,4.102,52948,52975,0,0,0,0
2023-06-26T16:00:00Z,27,,,,0.240185,0.207,0.275,29.874074,28.1,30.3,4.096148,4.092,4.102,52976,53004,0,0,0,0
2023-06-26T17:00:00Z,29,,,,0.235655,0.207,0.277,28.831034,27.4,29.8,4.095276,4.092,4.098,53005,53033,0,0,0,0
2023-06-26T18:00:00Z,28,,,,0.250571,0.208,0.277,29.285714,28.6,30.1,4.095643,4.092,4.1,53034,53061,0,0,0,0
2023-06-26T19:00:00Z,29,,,,0.242172,0.207,0.276,28.948276,27.8,30.1,4.096655,4.093,4.102,53062,53090,0,0,0,0
2023-06-26T20:00:00Z,29,,,,0.241138,0.205,0.277,29.068966,28,30,4.096,4.093,4.1,53091,53119,0,0,0,0
2023-06-26T21:00:00Z,28,,,,0.237679,0.205,0.275,29.139286,27.5,30.1,4.095286,4.092,4.1,53120,53147,0,0,0,0
2023-06-26T22:00:00Z,29,,,,0.251828,0.206,0.278,29.034483,28.3,30.1,4.095414,4.092,4.098,53148,53176,0,0,0,0
2023-06-26T23:00:00Z,29,,,,0.242862,0.206,0.277,28.786207,27.3,30.1,4.094034,4.092,4.098,53177,53205,0,0,0,0
2023-06-27T00:00:00Z,28,,,,0.238286,0.206,0.275,29.1,27.4,30.2,4.095107,4.092,4.098,53206,53233,0,0,0,0
2023-06-27T01:00:00Z,27,,,,0.233296,0.207,0.276,28.940741,26.7,30.5,4.094963,4.092,4.1,53234,53261,0,0,0,0
2023-06-27T02:00:00Z,7,,,,0.253714,0.232,0.271,30.328571,29.8,31,4.094429,4.093,4.097,53263,53279,0,0,0,0
2023-06-27T03:00:00Z,8,,,,0.2435,0.207,0.272,30.9375,30.7,31.3,4.094125,4.092,4.097,53308,53315,0,0,0,0
2023-06-27T04:00:00Z,29,,,,0.240069,0.206,0.277,30.893103,30.7,31.1,4.095655,4.093,4.1,53316,53344,0,0,0,0
2023-06-27T05:00:00Z,30,,,,0.238667,0.206,0.276,31.056667,30.9,31.2,4.0954,4.092,4.1,53345,53374,0,0,0,0
2023-06-27T06:00:00Z,29,,,,0.24769,0.206,0.277,31.158621,31.1,31.3,4.094034,4.092,4.098,53375,53403,0,0,0,0
2023-06-27T07:00:00Z,29,,,,0.235276,0.205,0.274,31.296552,31.2,31.4,4.094448,4.092,4.098,53404,53432,0,0,0,0
2023-06-27T08:00:00Z,29,,,,0.233207,0.205,0.277,31.341379,31.3,31.4,4.093793,4.092,4.098,53433,53461,0,0,0,0
2023-06-27T09:00:00Z,29,,,,0.240034,0.206,0.277,31.393103,31.3,31.4,4.094241,4.092,4.098,53462,53490,0,0,0,0
2023-06-27T10:00:00Z,29,,,,0.240828,0.206,0.277,31.396552,31.3,31.4,4.093241,4.092,4.098,53491,53519,0,0,0,0
2023-06-27T11:00:00Z,29,,,,0.239241,0.205,0.277,31.396552,31.3,31.4,4.093138,4.092,4.097,53520,53548,0,0,0,0
2023-06-27T12:00:00Z,30,,,,0.244633,0.204,0.277,31.393333,31.3,31.4,4.093433,4.092,4.097,53549,53578,0,0,0,0
2023-06-27T13:00:00Z,29,,,,0.242862,0.205,0.276,31.393103,31.3,31.4,4.094276,4.092,4.098,53579,53607,0,0,0,0
2023-06-27T14:00:00Z,29,,,,0.238724,0.204,0.277,31.4,31.4,31.4,4.092931,4.09,4.097,53608,53636,0,0,0,0
2023-06-27T15:00:00Z,29,,,,0.23869,0.204,0.278,31.382759,31.2,31.4,4.092897,4.09,4.097,53637,53665,0,0,0,0
2023-06-27T16:00:00Z,29,,,,0.242655,0.205,0.278,31.396552,31.3,31.4,4.092586,4.09,4.095,53666,53694,0,0,0,0
2023-06-27T17:00:00Z,29,,,,0.246517,0.208,0.277,31.4,31.4,31.4,4.092897,4.09,4.097,53695,53723,0,0,0,0
2023-06-27T18:00:00Z,29,,,,0.248172,0.204,0.278,31.396552,31.3,31.4,4.092552,4.09,4.097,53724,53752,0,0,0,0
2023-06-27T19:00:00Z,29,,,,0.243276,0.204,0.278,31.358621,31.3,31.4,4.092379,4.09,4.097,53753,53781,0,0,0,0
2023-06-27T20:00:00Z,30,,,,0.239267,0.204,0.278,31.293333,31.2,31.3,4.093033,4.092,4.097,53782,53811,0,0,0,0
2023-06-27T21:00:00Z,29,,,,0.242345,0.204,0.279,31.234483,31.2,31.3,4.091724,4.09,4.095,53812,53840,0,0,0,0
2023-06-27T22:00:00Z,29,,,,0.24369,0.205,0.28,31.168966,31.1,31.3,4.092448,4.09,4.095,53841,53869,0,0,0,0
2023-06-27T23:00:00Z,29,,,,0.238931,0.204,0.277,31.175862,31.1,31.3,4.092276,4.088,4.097,53870,53898,0,0,0,0
2023-06-28T00:00:00Z,29,,,,0.236345,0.205,0.279,31.310345,31.2,31.4,4.092586,4.09,4.097,53899,53927,0,0,0,0
2023-06-28T01:00:00Z,30,,,,0.2421,0.204,0.278,30.906667,29.6,31.4,4.091333,4.088,4.093,53928,53957,0,0,0,0
2023-06-28T02:00:00Z,29,,,,0.235655,0.208,0.28,28.22069,27.7,29.4,4.09069,4.088,4.093,53958,53986,0,0,0,0
2023-06-28T03:00:00Z,28,,,,0.224143,0.208,0.265,24.414286,21,27.9,4.082893,4.078,4.093,53987,54015,0,0,0,0
2023-06-28T04:00:00Z,29,,,,0.223586,0.217,0.236,24.051724,20,26.2,4.079931,4.078,4.082,54016,54044,0,0,0,0
2023-06-28T05:00:00Z,29,,,,0.221931,0.215,0.233,24.103448,21.2,26.7,4.078966,4.078,4.08,54045,54073,0,0,0,0
2023-06-28T06:00:00Z,29,,,,0.225483,0.218,0.232,21.606897,19.8,24.5,4.078448,4.075,4.08,54074,54102,0,0,0,0
2023-06-28T07:00:00Z,30,,,,0.227367,0.221,0.233,22.056667,19.7,24,4.0782,4.077,4.08,54103,54132,0,0,0,0
2023-06-28T08:00:00Z,29,,,,0.22569,0.219,0.233,22.37931,19.8,24.5,4.077069,4.073,4.08,54133,54161,0,0,0,0
2023-06-28T09:00:00Z,28,,,,0.223929,0.218,0.231,22.471429,20.8,24.7,4.075821,4.073,4.078,54162,54190,0,0,0,0
2023-06-28T10:00:00Z,28,,,,0.224143,0.218,0.229,23,20.7,25,4.075071,4.073,4.078,54192,54219,0,0,0,0
2023-06-28T11:00:00Z,29,,,,0.225103,0.218,0.234,22.944828,20.9,24.7,4.073034,4.07,4.077,54220,54248,0,0,0,0
2023-06-28T12:00:00Z,29,,,,0.224862,0.218,0.23,23.175862,20.9,24.8,4.073,4.07,4.075,54249,54277,0,0,0,0
2023-06-28T13:00:00Z,30,,,,0.2225,0.218,0.228,22.763333,21,25.2,4.070967,4.067,4.073,54278,54307,0,0,0,0
2023-06-28T14:00:00Z,29,,,,0.222931,0.217,0.231,23.637931,21.3,25.7,4.069414,4.067,4.073,54308,54336,0,0,0,0
2023-06-28T15:00:00Z,29,,,,0.222034,0.216,0.23,23.651724,21.5,25.7,4.068552,4.064,4.073,54337,54365,0,0,0,0
2023-06-28T16:00:00Z,29,,,,0.222552,0.217,0.228,23.341379,21.5,25.7,4.067276,4.065,4.07,54366,54394,0,0,0,0
2023-06-28T17:00:00Z,29,,,,0.223759,0.217,0.229,23.87931,21.3,25.7,4.066379,4.064,4.07,54395,54423,0,0,0,0
2023-06-28T18:00:00Z,29,,,,0.223552,0.217,0.228,23.703448,21.3,25.7,4.065069,4.062,4.069,54424,54452,0,0,0,0
2023-06-28T19:00:00Z,30,,,,0.222833,0.217,0.228,23.22,20.9,25.3,4.063,4.06,4.065,54453,54482,0,0,0,0
2023-06-28T20:00:00Z,29,,,,0.223793,0.217,0.229,24.131034,21.5,26.1,4.062069,4.06,4.065,54483,54511,0,0,0,0
2023-06-28T21:00:00Z,29,,,,0.222483,0.217,0.228,23.275862,21.3,25.4,4.060517,4.059,4.064,54512,54540,0,0,0,0
2023-06-28T22:00:00Z,29,,,,0.223828,0.217,0.23,23.468966,21.1,25.3,4.059345,4.057,4.062,54541,54569,0,0,0,0
2023-06-28T23:00:00Z,29,,,,0.224414,0.218,0.23,23.655172,21.6,25.3,4.058345,4.055,4.062,54570,54598,0,0,0,0
2023-06-29T00:00:00Z,29,,,,0.22331,0.216,0.228,23.644828,21.6,25.8,4.057793,4.055,4.06,54599,54627,0,0,0,0
2023-06-29T01:00:00Z,29,,,,0.222241,0.217,0.228,24.117241,22,25.9,4.056897,4.054,4.06,54628,54656,0,0,0,0
2023-06-29T02:00:00Z,30,,,,0.2209,0.216,0.227,23.8,22,25.6,4.056433,4.054,4.06,54657,54686,0,0,0,0
2023-06-29T03:00:00Z,26,,,,0.222308,0.215,0.229,24.011538,21.8,26.2,4.055192,4.052,4.059,54687,54713,0,0,0,0
2023-06-29T04:00:00Z,28,,,,0.223429,0.216,0.231,23.925,21.7,25.7,4.0545,4.052,4.057,54717,54744,0,0,0,0
2023-06-29T05:00:00Z,29,,,,0.224345,0.217,0.23,24.389655,21.8,25.8,4.053724,4.052,4.057,54745,54773,0,0,0,0
2023-06-29T06:00:00Z,29,,,,0.221103,0.217,0.229,22.772414,21.3,24.5,4.052862,4.05,4.055,54774,54802,0,0,0,0
2023-06-29T07:00:00Z,30,,,,0.222733,0.217,0.229,23.04,21.3,25.7,4.052767,4.05,4.055,54803,54832,0,0,0,0
2023-06-29T08:00:00Z,29,,,,0.223621,0.217,0.228,23.506897,21.4,25.6,4.051,4.049,4.054,54833,54861,0,0,0,0
2023-06-29T09:00:00Z,29,,,,0.223552,0.216,0.235,22.906897,19.5,25.8,4.050517,4.049,4.054,54862,54890,0,0,0,0
2023-06-29T10:00:00Z,29,,,,0.230828,0.22,0.241,24.913793,20,27.5,4.048138,4.045,4.052,54891,54919,0,0,0,0
2023-06-29T11:00:00Z,29,,,,0.236207,0.231,0.241,27.331034,27,28.1,4.048,4.045,4.05,54920,54948,0,0,0,0
2023-06-29T12:00:00Z,28,,,,0.232321,0.228,0.239,29.467857,28.3,30.1,4.047429,4.045,4.05,54949,54977,0,0,0,0
2023-06-29T13:00:00Z,29,,,,0.231517,0.228,0.236,30.141379,30.1,30.3,4.047552,4.044,4.05,54978,55006,0,0,0,0
2023-06-29T14:00:00Z,29,,,,0.231793,0.228,0.236,30.496552,30.3,30.6,4.046172,4.044,4.05,55007,55035,0,0,0,0
2023-06-29T15:00:00Z,29,,,,0.230724,0.228,0.235,30.696552,30.6,30.9,4.045138,4.044,4.05,55036,55064,0,0,0,0
2023-06-29T16:00:00Z,29,,,,0.231345,0.228,0.235,31.02069,30.9,31.1,4.04431,4.042,4.049,55065,55093,0,0,0,0
2023-06-29T17:00:00Z,30,,,,0.231533,0.228,0.235,31.07,30.9,31.2,4.0449,4.042,4.049,55094,55123,0,0,0,0
2023-06-29T18:00:00Z,29,,,,0.232138,0.228,0.237,30.765517,30.7,30.9,4.043552,4.04,4.047,55124,55152,0,0,0,0
2023-06-29T19:00:00Z,16,,,,0.232375,0.227,0.238,30.85,30.7,31.1,4.042813,4.04,4.049,55153,55177,0,0,0,0
2023-06-29T20:00:00Z,6,,,,0.232333,0.228,0.235,30.983333,30.7,31.1,4.040333,4.039,4.042,55181,55206,0,0,0,0
2023-06-29T21:00:00Z,29,,,,0.232483,0.228,0.238,30.62069,30.6,30.7,4.03969,4.037,4.042,55207,55235,0,0,0,0
2023-06-29T22:00:00Z,29,,,,0.231966,0.228,0.238,30.6,30.6,30.6,4.039034,4.037,4.042,55236,55265,0,0,0,0
2023-06-29T23:00:00Z,27,,,,0.231074,0.228,0.236,30.6,30.6,30.6,4.039,4.037,4.042,55266,55294,0,0,0,0
2023-06-30T00:00:00Z,29,,,,0.231414,0.228,0.238,30.658621,30.6,30.8,4.038793,4.037,4.042,55295,55323,0,0,0,0
2023-06-30T01:00:00Z,29,,,,0.231138,0.228,0.236,30.965517,30.7,31.2,4.038586,4.036,4.042,55324,55352,0,0,0,0
2023-06-30T02:00:00Z,29,,,,0.231345,0.228,0.235,31.303448,31.2,31.4,4.037172,4.034,4.04,55353,55381,0,0,0,0
2023-06-30T03:00:00Z,29,,,,0.231276,0.227,0.235,31.4,31.4,31.4,4.037655,4.036,4.04,55382,55410,0,0,0,0
2023-06-30T04:00:00Z,29,,,,0.23169,0.227,0.235,31.424138,31.4,31.5,4.037241,4.034,4.04,55411,55439,0,0,0,0
2023-06-30T05:00:00Z,29,,,,0.23069,0.226,0.236,31.596552,31.5,31.6,4.036759,4.034,4.04,55440,55468,0,0,0,0
2023-06-30T06:00:00Z,30,,,,0.2294,0.226,0.234,31.626667,31.6,31.7,4.035267,4.032,4.037,55469,55498,0,0,0,0
2023-06-30T07:00:00Z,28,,,,0.231107,0.226,0.238,31.360714,30,31.9,4.034643,4.032,4.037,55499,55526,0,0,0,0
2023-06-30T08:00:00Z,30,,,,0.234533,0.23,0.239,27.81,21.5,29.9,4.033367,4.031,4.037,55527,55556,0,0,0,0
2023-06-30T09:00:00Z,29,,,,0.234966,0.228,0.24,28.127586,27.4,29.6,4.033034,4.032,4.036,55557,55585,0,0,0,0
2023-06-30T10:00:00Z,29,,,,0.232586,0.228,0.237,30.17931,29.8,30.5,4.033621,4.032,4.037,55586,55614,0,0,0,0
2023-06-30T11:00:00Z,29,,,,0.230931,0.228,0.235,30.686207,30.5,30.9,4.034241,4.032,4.037,55615,55643,0,0,0,0
2023-06-30T12:00:00Z,29,,,,0.231069,0.228,0.236,31.044828,30.9,31.2,4.033724,4.032,4.037,55644,55672,0,0,0,0
2023-06-30T13:00:00Z,29,,,,0.231345,0.227,0.235,31.293103,31.1,31.4,4.032931,4.031,4.036,55673,55701,0,0,0,0
2023-06-30T14:00:00Z,29,,,,0.23069,0.226,0.236,31.358621,31.3,31.4,4.032621,4.029,4.036,55702,55730,0,0,0,0
2023-06-30T15:00:00Z,29,,,,0.230241,0.227,0.237,31.396552,31.3,31.4,4.033276,4.031,4.037,55731,55759,0,0,0,0
2023-06-30T16:00:00Z,29,,,,0.231414,0.227,0.236,31.396552,31.3,31.4,4.03269,4.031,4.036,55760,55788,0,0,0,0
2023-06-30T17:00:00Z,29,,,,0.232138,0.227,0.238,31.4,31.4,31.4,4.032897,4.031,4.037,55789,55817,0,0,0,0
2023-06-30T18:00:00Z,30,,,,0.2314,0.227,0.235,31.36,31.3,31.4,4.0322,4.029,4.036,55818,55847,0,0,0,0
2023-06-30T19:00:00Z,29,,,,0.231448,0.227,0.236,31.262069,31.1,31.3,4.031345,4.029,4.034,55848,55876,0,0,0,0
2023-06-30T20:00:00Z,29,,,,0.231655,0.228,0.235,31.082759,30.9,31.3,4.031517,4.029,4.034,55877,55905,0,0,0,0
2023-06-30T21:00:00Z,29,,,,0.232655,0.228,0.238,30.931034,30.8,31,4.030793,4.029,4.034,55906,55934,0,0,0,0
2023-06-30T22:00:00Z,29,,,,0.231069,0.227,0.235,30.77931,30.7,30.9,4.030724,4.029,4.034,55935,55963,0,0,0,0
2023-06-30T23:00:00Z,29,,,,0.230966,0.228,0.237,30.727586,30.7,30.8,4.030724,4.029,4.032,55964,55992,0,0,0,0
2023-07-01T00:00:00Z,29,,,,0.229931,0.227,0.235,30.724138,30.7,30.8,4.030379,4.029,4.032,55993,56021,0,0,0,0
2023-07-01T01:00:00Z,30,,,,0.2323,0.227,0.236,30.986667,30.7,31.2,4.0298,4.029,4.032,56022,56051,0,0,0,0
2023-07-01T02:00:00Z,29,,,,0.231655,0.227,0.235,31.296552,31.2,31.4,4.029552,4.029,4.032,56052,56080,0,0,0,0
2023-07-01T03:00:00Z,29,,,,0.230759,0.227,0.237,31.375862,31.3,31.4,4.029552,4.029,4.032,56081,56109,0,0,0,0
2023-07-01T04:00:00Z,29,,,,0.230655,0.227,0.235,31.4,31.4,31.4,4.029483,4.029,4.032,56110,56138,0,0,0,0
2023-07-01T05:00:00Z,29,,,,0.232172,0.228,0.238,29.827586,28.5,31.4,4.028793,4.027,4.031,56139,56167,0,0,0,0
2023-07-01T06:00:00Z,29,,,,0.234724,0.228,0.239,23.534483,19.6,28.3,4.028172,4.027,4.029,56168,56196,0,0,0,0
2023-07-01T07:00:00Z,29,,,,0.233793,0.229,0.238,22.275862,20.5,25.7,4.02769,4.027,4.029,56197,56225,0,0,0,0
2023-07-01T08:00:00Z,29,,,,0.231966,0.228,0.236,22.706897,20.7,27,4.027966,4.027,4.029,56226,56254,0,0,0,0
2023-07-01T09:00:00Z,29,,,,0.231724,0.223,0.238,21.948276,20,24.3,4.028241,4.027,4.031,56255,56283,0,0,0,0
2023-07-01T10:00:00Z,29,,,,0.230276,0.226,0.235,24.062069,20.3,27.4,4.028241,4.027,4.031,56284,56312,0,0,0,0
2023-07-01T11:00:00Z,29,,,,0.231345,0.228,0.238,27.448276,23.5,29.7,4.027379,4.026,4.029,56313,56341,0,0,0,0
2023-07-01T12:00:00Z,30,,,,0.231067,0.228,0.238,26.34,24.3,28.6,4.027933,4.027,4.029,56342,56371,0,0,0,0
2023-07-01T13:00:00Z,28,,,,0.230786,0.227,0.237,24.485714,22.1,28,4.027857,4.027,4.029,56372,56400,0,0,0,0
2023-07-01T14:00:00Z,29,,,,0.230966,0.228,0.238,24.468966,22.1,27.5,4.027552,4.027,4.029,56401,56429,0,0,0,0
2023-07-01T15:00:00Z,28,,,,0.23175,0.227,0.238,24.414286,23.2,25.9,4.027429,4.027,4.029,56430,56458,0,0,0,0
2023-07-01T16:00:00Z,27,,,,0.232,0.227,0.237,23.833333,22.1,25.1,4.02737,4.027,4.029,56459,56487,0,0,0,0
2023-07-01T17:00:00Z,29,,,,0.231552,0.228,0.238,22.506897,20.8,25.7,4.027793,4.026,4.029,56488,56516,0,0,0,0
2023-07-01T18:00:00Z,29,,,,0.231793,0.227,0.236,22.065517,20.8,23.5,4.027379,4.026,4.029,56517,56545,0,0,0,0
2023-07-01T19:00:00Z,28,,,,0.230964,0.227,0.234,21.821429,20.7,23.5,4.027036,4.026,4.029,56546,56574,0,0,0,0
2023-07-01T20:00:00Z,28,,,,0.231214,0.227,0.236,21.607143,20.7,22.9,4.026464,4.026,4.027,56575,56603,0,0,0,0
2023-07-01T21:00:00Z,29,,,,0.232724,0.227,0.238,21.817241,20.8,22.4,4.026655,4.026,4.027,56604,56632,0,0,0,0
2023-07-01T22:00:00Z,27,,,,0.230593,0.227,0.235,21.425926,20.7,22.4,4.02663,4.026,4.027,56633,56661,0,0,0,0
2023-07-01T23:00:00Z,29,,,,0.231724,0.227,0.237,21.589655,20.7,22.4,4.026621,4.026,4.027,56662,56690,0,0,0,0
2023-07-02T00:00:00Z,30,,,,0.231433,0.228,0.236,21.463333,20.7,22.3,4.026367,4.026,4.027,56691,56720,0,0,0,0
2023-07-02T01:00:00Z,29,,,,0.231586,0.227,0.237,21.513793,20.8,22.5,4.02631,4.024,4.027,56721,56749,0,0,0,0
2023-07-02T02:00:00Z,29,,,,0.230379,0.227,0.236,21.327586,20.5,22.4,4.026241,4.024,4.027,56750,56778,0,0,0,0
2023-07-02T03:00:00Z,29,,,,0.230103,0.226,0.235,21.296552,20.6,22.4,4.026379,4.024,4.027,56779,56807,0,0,0,0
2023-07-02T04:00:00Z,29,,,,0.230655,0.226,0.234,21.389655,20.5,22.4,4.026069,4.024,4.027,56808,56836,0,0,0,0
2023-07-02T05:00:00Z,29,,,,0.230655,0.227,0.234,21.358621,20.6,22.4,4.02569,4.024,4.027,56837,56865,0,0,0,0
2023-07-02T06:00:00Z,29,,,,0.231448,0.227,0.237,21.351724,20.6,22.3,4.026138,4.024,4.027,56866,56894,0,0,0,0
2023-07-02T07:00:00Z,29,,,,0.230655,0.226,0.237,21.268966,20.6,22.4,4.026207,4.026,4.027,56895,56923,0,0,0,0
2023-07-02T08:00:00Z,30,,,,0.231033,0.226,0.235,21.436667,20.7,22.5,4.025867,4.024,4.027,56924,56953,0,0,0,0
2023-07-02T09:00:00Z,29,,,,0.230966,0.225,0.234,21.251724,20.4,22.3,4.025931,4.024,4.027,56954,56982,0,0,0,0
2023-07-02T10:00:00Z,29,,,,0.231414,0.227,0.236,21.368966,20.5,22.3,4.02531,4.022,4.027,56983,57011,0,0,0,0
2023-07-02T11:00:00Z,28,,,,0.229929,0.226,0.234,20.828571,20.2,21.6,4.025,4.021,4.027,57012,57040,0,0,0,0
2023-07-02T12:00:00Z,14,,,,0.231,0.225,0.234,21.321429,20.2,22,4.023643,4.021,4.026,57041,57064,0,0,0,0
2023-07-02T13:00:00Z,3,,,,0.23,0.227,0.233,20.833333,20.6,21,4.021333,4.019,4.024,57072,57090,0,0,0,0
2023-07-02T14:00:00Z,29,,,,0.230862,0.227,0.237,21.131034,20.4,22,4.021207,4.019,4.026,57095,57123,0,0,0,0
2023-07-02T15:00:00Z,29,,,,0.231276,0.226,0.235,21.141379,20.3,22.2,4.020483,4.017,4.024,57124,57152,0,0,0,0
2023-07-02T16:00:00Z,29,,,,0.231103,0.226,0.235,21.227586,20.3,22.3,4.020724,4.019,4.024,57153,57181,0,0,0,0
2023-07-02T17:00:00Z,29,,,,0.231724,0.227,0.238,21.237931,20.5,22.2,4.019966,4.017,4.024,57182,57210,0,0,0,0
2023-07-02T18:00:00Z,29,,,,0.232448,0.227,0.237,21.289655,20.3,22.3,4.01969,4.017,4.024,57211,57239,0,0,0,0
2023-07-02T19:00:00Z,29,,,,0.231,0.227,0.236,20.958621,20.3,22.3,4.018138,4.016,4.021,57240,57268,0,0,0,0
2023-07-02T20:00:00Z,30,,,,0.2317,0.227,0.236,21.193333,20.4,22.2,4.018933,4.016,4.022,57269,57298,0,0,0,0
2023-07-02T21:00:00Z,29,,,,0.231483,0.227,0.238,21.02069,20.2,22.3,4.019,4.017,4.022,57299,57327,0,0,0,0
2023-07-02T22:00:00Z,29,,,,0.230931,0.227,0.238,20.896552,19.8,22.3,4.019103,4.016,4.022,57328,57356,0,0,0,0
2023-07-02T23:00:00Z,29,,,,0.231483,0.226,0.236,20.951724,19.7,21.8,4.019517,4.016,4.022,57357,57385,0,0,0,0
2023-07-03T00:00:00Z,29,,,,0.230897,0.227,0.239,21.027586,20.2,22,4.018034,4.016,4.022,57386,57414,0,0,0,0
2023-07-03T01:00:00Z,29,,,,0.231276,0.227,0.236,21.113793,20.2,22,4.017655,4.014,4.021,57415,57443,0,0,0,0
2023-07-03T02:00:00Z,29,,,,0.230276,0.227,0.235,21.010345,20.3,22,4.015793,4.012,4.021,57444,57472,0,0,0,0
2023-07-03T03:00:00Z,29,,,,0.230828,0.227,0.236,21.275862,20.3,22.4,4.015517,4.012,4.019,57473,57501,0,0,0,0
2023-07-03T04:00:00Z,30,,,,0.230567,0.227,0.235,21.083333,20.1,22.4,4.0153,4.012,4.021,57502,57531,0,0,0,0
2023-07-03T05:00:00Z,29,,,,0.230379,0.225,0.237,21.248276,20.3,22.4,4.015276,4.011,4.019,57532,57560,0,0,0,0
2023-07-03T06:00:00Z,29,,,,0.231172,0.227,0.234,21.524138,20.8,22.5,4.013345,4.011,4.017,57561,57589,0,0,0,0
2023-07-03T07:00:00Z,29,,,,0.230724,0.228,0.236,21.241379,20.6,22.5,4.01269,4.011,4.016,57590,57618,0,0,0,0
2023-07-03T08:00:00Z,29,,,,0.231276,0.226,0.237,22.393103,19.5,27.4,4.011276,4.007,4.014,57619,57647,0,0,0,0
2023-07-03T09:00:00Z,29,,,,0.233,0.225,0.238,21.693103,19.9,26.7,4.010586,4.007,4.014,57648,57676,0,0,0,0
2023-07-03T10:00:00Z,29,,,,0.230828,0.223,0.237,21.651724,20.1,24.2,4.009931,4.007,4.012,57677,57705,0,0,0,0
2023-07-03T11:00:00Z,29,,,,0.230207,0.224,0.235,22.551724,20.2,27.5,4.009379,4.006,4.012,57706,57734,0,0,0,0
2023-07-03T12:00:00Z,29,,,,0.23069,0.226,0.235,22.37931,20.2,25.3,4.008,4.006,4.011,57735,57763,0,0,0,0
2023-07-03T13:00:00Z,29,,,,0.228621,0.223,0.234,21.931034,20.3,29.1,4.007414,4.004,4.012,57764,57792,0,0,0,0
2023-07-03T14:00:00Z,29,,,,0.229517,0.224,0.234,21.317241,20,22.5,4.006138,4.004,4.011,57793,57821,0,0,0,0
2023-07-03T15:00:00Z,29,,,,0.230138,0.224,0.234,21.217241,19.8,22.5,4.004793,4.003,4.009,57822,57850,0,0,0,0
2023-07-03T16:00:00Z,29,,,,0.227931,0.223,0.232,21.272414,20,23,4.004276,4.003,4.007,57851,57879,0,0,0,0
2023-07-03T17:00:00Z,29,,,,0.227241,0.223,0.233,21.031034,19.8,22.8,4.004172,4.003,4.007,57880,57908,0,0,0,0
2023-07-03T18:00:00Z,29,,,,0.22869,0.224,0.234,21.3,20,24.3,4.003172,4.001,4.006,57909,57937,0,0,0,0
2023-07-03T19:00:00Z,29,,,,0.228069,0.224,0.233,21.182759,20,24.5,4.002241,4.001,4.006,57938,57966,0,0,0,0
2023-07-03T20:00:00Z,30,,,,0.2289,0.224,0.233,21.333333,19.8,22.5,4.001567,3.999,4.004,57967,57996,0,0,0,0
2023-07-03T21:00:00Z,28,,,,0.228321,0.225,0.233,21.257143,20,22.3,4.000429,3.999,4.003,57997,58025,0,0,0,0
2023-07-03T22:00:00Z,29,,,,0.227621,0.223,0.232,21.168966,19.8,22.6,3.999483,3.999,4.003,58026,58054,0,0,0,0
2023-07-03T23:00:00Z,29,,,,0.227655,0.224,0.233,20.948276,19.8,22.3,3.998552,3.996,4.001,58055,58083,0,0,0,0
2023-07-04T00:00:00Z,29,,,,0.229,0.224,0.235,21.313793,19.9,26.7,3.997552,3.994,4.001,58084,58112,0,0,0,0
2023-07-04T01:00:00Z,29,,,,0.231655,0.228,0.238,25.627586,21.9,28.3,3.997207,3.994,3.999,58113,58141,0,0,0,0
2023-07-04T02:00:00Z,29,,,,0.231103,0.228,0.236,26.806897,23.3,29.4,3.995034,3.993,3.999,58142,58170,0,0,0,0
2023-07-04T03:00:00Z,29,,,,0.230759,0.226,0.233,22.351724,20.6,25.7,3.994724,3.993,3.998,58171,58199,0,0,0,0
2023-07-04T04:00:00Z,29,,,,0.229103,0.225,0.232,21.3,20.1,22.4,3.992586,3.989,3.996,58200,58228,0,0,0,0
2023-07-04T05:00:00Z,29,,,,0.225966,0.223,0.232,21.465517,20.3,22.8,3.991586,3.988,3.994,58229,58257,0,0,0,0
2023-07-04T06:00:00Z,29,,,,0.230414,0.223,0.238,23.206897,19.8,27.6,3.989552,3.986,3.994,58258,58286,0,0,0,0
2023-07-04T07:00:00Z,29,,,,0.23469,0.231,0.238,27.07931,25.1,27.9,3.987241,3.984,3.993,58287,58315,0,0,0,0
2023-07-04T08:00:00Z,28,,,,0.234536,0.23,0.238,25.571429,22.5,27.2,3.985357,3.983,3.989,58316,58344,0,0,0,0
2023-07-04T09:00:00Z,29,,,,0.232897,0.229,0.237,25.482759,22,27.6,3.983862,3.981,3.988,58345,58373,0,0,0,0
2023-07-04T10:00:00Z,29,,,,0.231,0.228,0.236,23.748276,20.5,27.1,3.981517,3.979,3.984,58374,58402,0,0,0,0
2023-07-04T11:00:00Z,29,,,,0.231276,0.228,0.234,24.641379,22,27.8,3.981,3.979,3.984,58403,58431,0,0,0,0
2023-07-04T12:00:00Z,29,,,,0.232,0.228,0.236,23.772414,20.8,28.2,3.979379,3.976,3.983,58432,58460,0,0,0,0
2023-07-04T13:00:00Z,29,,,,0.233724,0.23,0.237,24.782759,22.5,27,3.978241,3.976,3.981,58461,58489,0,0,0,0
2023-07-04T14:00:00Z,29,,,,0.231966,0.228,0.235,26.206897,24.5,28.6,3.976621,3.974,3.979,58490,58518,0,0,0,0
2023-07-04T15:00:00Z,29,,,,0.23169,0.228,0.236,24.144828,22.2,28.8,3.975724,3.974,3.978,58519,58547,0,0,0,0
2023-07-04T16:00:00Z,29,,,,0.231621,0.228,0.235,26.393103,24.4,29.6,3.974897,3.974,3.976,58548,58576,0,0,0,0
2023-07-04T17:00:00Z,30,,,,0.231333,0.228,0.235,26.416667,24.6,28.8,3.974267,3.973,3.976,58577,58606,0,0,0,0
2023-07-04T18:00:00Z,29,,,,0.231793,0.228,0.234,27.210345,23.8,29.7,3.973621,3.973,3.974,58607,58635,0,0,0,0
2023-07-04T19:00:00Z,29,,,,0.231241,0.228,0.235,27.744828,25.4,29.9,3.973172,3.971,3.974,58636,58664,0,0,0,0
2023-07-04T20:00:00Z,29,,,,0.231655,0.228,0.235,27.424138,24.9,29.7,3.972448,3.971,3.974,58665,58693,0,0,0,0
2023-07-04T21:00:00Z,29,,,,0.231931,0.228,0.236,26.668966,24.2,28.6,3.971345,3.97,3.974,58694,58722,0,0,0,0
2023-07-04T22:00:00Z,29,,,,0.23031,0.228,0.236,25.355172,22.4,27.9,3.969276,3.966,3.973,58723,58751,0,0,0,0
2023-07-04T23:00:00Z,29,,,,0.231276,0.228,0.235,25.796552,24.2,28.2,3.967138,3.966,3.971,58752,58780,0,0,0,0
2023-07-05T00:00:00Z,30,,,,0.231733,0.228,0.235,25.44,23.1,27.6,3.965733,3.963,3.97,58781,58810,0,0,0,0
2023-07-05T01:00:00Z,29,,,,0.232207,0.228,0.237,26.027586,23.1,28.7,3.963414,3.961,3.966,58811,58839,0,0,0,0
2023-07-05T02:00:00Z,29,,,,0.232586,0.229,0.237,27.689655,23.8,29.6,3.962069,3.96,3.966,58840,58868,0,0,0,0
2023-07-05T03:00:00Z,29,,,,0.231552,0.228,0.236,26.462069,23.8,28.8,3.961,3.958,3.965,58869,58897,0,0,0,0
2023-07-05T04:00:00Z,29,,,,0.231069,0.228,0.236,26.962069,23.7,30,3.957724,3.955,3.963,58898,58926,0,0,0,0
2023-07-05T05:00:00Z,29,,,,0.230241,0.228,0.237,28.92069,25.9,31.3,3.95669,3.953,3.96,58927,58955,0,0,0,0
2023-07-05T06:00:00Z,14,,,,0.232,0.228,0.235,28.221429,25.5,29.9,3.953571,3.951,3.958,58956,58975,0,0,0,0
2023-07-05T08:00:00Z,26,,,,0.232192,0.228,0.237,28.411538,25.7,29.6,3.945885,3.945,3.948,59013,59038,0,0,0,0
2023-07-05T09:00:00Z,29,,,,0.231103,0.228,0.235,28.055172,25.8,29.6,3.945172,3.943,3.948,59039,59067,0,0,0,0
2023-07-05T10:00:00Z,29,,,,0.231069,0.227,0.235,27.562069,24.2,29.9,3.944345,3.941,3.948,59068,59096,0,0,0,0
2023-07-05T11:00:00Z,26,,,,0.231462,0.227,0.236,26.765385,23.8,29.1,3.941846,3.938,3.945,59097,59125,0,0,0,0
2023-07-05T12:00:00Z,29,,,,0.230379,0.227,0.235,27.92069,25.8,29.9,3.940897,3.938,3.945,59126,59154,0,0,0,0
2023-07-05T13:00:00Z,29,,,,0.231379,0.228,0.237,29.224138,26.5,30.7,3.940276,3.935,3.943,59155,59183,0,0,0,0
2023-07-05T14:00:00Z,28,,,,0.2305,0.227,0.235,28.578571,24.9,30.4,3.938179,3.935,3.943,59184,59212,0,0,0,0
2023-07-05T15:00:00Z,28,,,,0.231464,0.227,0.236,29.321429,24.9,31.1,3.936679,3.933,3.941,59214,59241,0,0,0,0
2023-07-05T16:00:00Z,29,,,,0.230345,0.227,0.237,28.855172,26,31,3.935345,3.932,3.94,59242,59270,0,0,0,0
2023-07-05T17:00:00Z,29,,,,0.230586,0.227,0.236,28.348276,25.4,30.3,3.933862,3.932,3.938,59271,59299,0,0,0,0
2023-07-05T18:00:00Z,29,,,,0.23231,0.227,0.237,28.717241,26.2,30.1,3.932828,3.93,3.938,59300,59328,0,0,0,0
2023-07-05T19:00:00Z,29,,,,0.231276,0.227,0.237,29.851724,29.2,30.2,3.930724,3.928,3.935,59329,59357,0,0,0,0
2023-07-05T20:00:00Z,30,,,,0.231767,0.228,0.237,29.596667,28.2,30.2,3.93,3.927,3.935,59358,59387,0,0,0,0
2023-07-05T21:00:00Z,29,,,,0.231828,0.228,0.237,28.427586,26.7,30,3.928,3.927,3.932,59388,59416,0,0,0,0
2023-07-05T22:00:00Z,29,,,,0.232069,0.228,0.236,29.106897,27.7,30.3,3.927241,3.925,3.93,59417,59445,0,0,0,0
2023-07-05T23:00:00Z,29,,,,0.232,0.227,0.238,29.934483,28.4,30.4,3.926138,3.925,3.928,59446,59474,0,0,0,0
2023-07-06T00:00:00Z,29,,,,0.234241,0.229,0.238,28.044828,25.9,29.3,3.924103,3.923,3.927,59475,59503,0,0,0,0
2023-07-06T01:00:00Z,29,,,,0.234345,0.23,0.238,26.486207,24.8,27.3,3.922862,3.922,3.923,59504,59532,0,0,0,0
2023-07-06T02:00:00Z,29,,,,0.232138,0.228,0.235,27.3,25.9,28.8,3.923207,3.922,3.927,59533,59561,0,0,0,0
2023-07-06T03:00:00Z,30,,,,0.231033,0.228,0.238,26.786667,24,28.7,3.922633,3.922,3.925,59562,59591,0,0,0,0
2023-07-06T04:00:00Z,27,,,,0.231185,0.228,0.236,27.159259,25.7,29.1,3.922259,3.922,3.923,59592,59620,0,0,0,0
2023-07-06T05:00:00Z,29,,,,0.230966,0.228,0.235,26.931034,24.7,28.9,3.922034,3.92,3.923,59621,59649,0,0,0,0
2023-07-06T06:00:00Z,29,,,,0.231276,0.228,0.236,28.372414,25.8,30.1,3.92169,3.92,3.923,59650,59678,0,0,0,0
2023-07-06T07:00:00Z,29,,,,0.233793,0.228,0.238,26.362069,24.7,27.7,3.920414,3.918,3.922,59679,59707,0,0,0,0
2023-07-06T08:00:00Z,29,,,,0.234897,0.231,0.239,23.696552,20.3,26.7,3.918414,3.917,3.92,59708,59736,0,0,0,0
2023-07-06T09:00:00Z,30,,,,0.234167,0.23,0.239,20.656667,19.6,21.8,3.918367,3.915,3.922,59737,59766,0,0,0,0
2023-07-06T10:00:00Z,29,,,,0.235793,0.231,0.24,21.789655,20.6,24.4,3.915621,3.912,3.918,59767,59795,0,0,0,0
2023-07-06T11:00:00Z,29,,,,0.234552,0.229,0.239,23.113793,21.4,25.9,3.914862,3.913,3.918,59796,59824,0,0,0,0
2023-07-06T12:00:00Z,29,,,,0.23269,0.229,0.238,26.134483,22.9,27.5,3.914793,3.912,3.918,59825,59853,0,0,0,0
2023-07-06T13:00:00Z,28,,,,0.232643,0.228,0.238,28.057143,27.2,29.1,3.914179,3.912,3.917,59854,59881,0,0,0,0
2023-07-06T14:00:00Z,30,,,,0.232667,0.228,0.236,28.933333,28.5,29.3,3.9135,3.91,3.918,59883,59912,0,0,0,0
2023-07-06T15:00:00Z,29,,,,0.232,0.228,0.237,28.310345,24.5,29.5,3.912138,3.908,3.917,59913,59941,0,0,0,0
2023-07-06T16:00:00Z,29,,,,0.233207,0.228,0.238,24.344828,22.9,26.2,3.910345,3.907,3.915,59942,59970,0,0,0,0
2023-07-06T17:00:00Z,29,,,,0.231655,0.228,0.237,26.289655,22.9,28.9,3.909828,3.907,3.913,59971,59999,0,0,0,0
2023-07-06T18:00:00Z,29,,,,0.231759,0.228,0.238,23.068966,22,24.3,3.908931,3.905,3.913,60000,60028,0,0,0,0
2023-07-06T19:00:00Z,30,,,,0.232367,0.228,0.237,24.893333,23.3,25.8,3.907567,3.904,3.912,60029,60058,0,0,0,0
2023-07-06T20:00:00Z,29,,,,0.231793,0.228,0.236,24.724138,23.7,25.3,3.906,3.904,3.908,60059,60087,0,0,0,0
2023-07-06T21:00:00Z,29,,,,0.232379,0.228,0.236,24.17931,23.6,24.7,3.90531,3.902,3.908,60088,60116,0,0,0,0
2023-07-06T22:00:00Z,29,,,,0.232138,0.228,0.236,24.182759,23.6,24.7,3.90431,3.902,3.908,60117,60145,0,0,0,0
2023-07-06T23:00:00Z,29,,,,0.233069,0.228,0.237,24.313793,23.8,24.6,3.903379,3.902,3.907,60146,60174,0,0,0,0
2023-07-07T00:00:00Z,29,,,,0.231034,0.228,0.236,24.306897,23.8,24.7,3.902207,3.9,3.905,60175,60203,0,0,0,0
2023-07-07T01:00:00Z,29,,,,0.231483,0.228,0.236,24.52069,23.8,25,3.901276,3.9,3.905,60204,60232,0,0,0,0
2023-07-07T02:00:00Z,30,,,,0.2319,0.228,0.235,26.673333,24.7,29.2,3.9008,3.899,3.904,60233,60262,0,0,0,0
2023-07-07T03:00:00Z,29,,,,0.232552,0.228,0.237,28.175862,27,29.8,3.899621,3.897,3.902,60263,60291,0,0,0,0
2023-07-07T04:00:00Z,29,,,,0.234586,0.231,0.238,23.717241,21.2,27.2,3.898345,3.895,3.9,60292,60320,0,0,0,0
2023-07-07T05:00:00Z,26,,,,0.234615,0.23,0.239,21.896154,20.8,23.9,3.896462,3.895,3.899,60321,60349,0,0,0,0
2023-07-07T06:00:00Z,29,,,,0.234414,0.231,0.239,21.413793,20.2,22.4,3.895241,3.894,3.899,60350,60378,0,0,0,0
2023-07-07T07:00:00Z,29,,,,0.233759,0.229,0.237,21.768966,20.5,24.3,3.895207,3.894,3.897,60379,60407,0,0,0,0
2023-07-07T08:00:00Z,29,,,,0.232172,0.228,0.236,23.258621,20.4,26.2,3.894655,3.894,3.897,60408,60436,0,0,0,0
2023-07-07T09:00:00Z,29,,,,0.232345,0.228,0.236,25.362069,23.3,27.4,3.894724,3.894,3.897,60437,60465,0,0,0,0
2023-07-07T10:00:00Z,29,,,,0.232276,0.228,0.236,24.1,21.3,27.2,3.89431,3.892,3.897,60466,60494,0,0,0,0
2023-07-07T11:00:00Z,29,,,,0.230621,0.228,0.236,21.606897,20.8,22.7,3.893448,3.89,3.895,60495,60523,0,0,0,0
2023-07-07T12:00:00Z,29,,,,0.231724,0.228,0.238,21.448276,20.6,23.7,3.89169,3.889,3.894,60524,60552,0,0,0,0
2023-07-07T13:00:00Z,29,,,,0.232,0.228,0.236,21.796552,20.7,25.2,3.889655,3.887,3.892,60553,60581,0,0,0,0
2023-07-07T14:00:00Z,30,,,,0.2321,0.228,0.236,22.526667,20.8,25.2,3.889367,3.887,3.892,60582,60611,0,0,0,0
2023-07-07T15:00:00Z,24,,,,0.231708,0.228,0.237,21.55,20.8,22.8,3.889667,3.887,3.892,60612,60640,0,0,0,0
2023-07-07T16:00:00Z,29,,,,0.231103,0.227,0.237,21.882759,20.8,24.1,3.889586,3.885,3.894,60641,60669,0,0,0,0
2023-07-07T17:00:00Z,29,,,,0.230828,0.227,0.236,23.089655,21.2,27,3.888966,3.887,3.892,60670,60698,0,0,0,0
2023-07-07T18:00:00Z,29,,,,0.231448,0.228,0.235,30.913793,26.1,31.5,3.889138,3.885,3.894,60699,60727,0,0,0,0
2023-07-07T19:00:00Z,29,,,,0.231138,0.228,0.235,31.382759,31.3,31.4,3.887517,3.884,3.892,60728,60756,0,0,0,0
2023-07-07T20:00:00Z,30,,,,0.2314,0.228,0.237,30.943333,30.6,31.3,3.8867,3.882,3.89,60757,60786,0,0,0,0
2023-07-07T21:00:00Z,29,,,,0.231379,0.228,0.236,30.562069,30.4,30.7,3.886345,3.88,3.89,60787,60815,0,0,0,0
2023-07-07T22:00:00Z,29,,,,0.231448,0.228,0.236,30.358621,30.2,30.5,3.885517,3.88,3.89,60816,60844,0,0,0,0
2023-07-07T23:00:00Z,25,,,,0.23176,0.228,0.237,30.3,30.2,30.6,3.8848,3.88,3.887,60845,60873,0,0,0,0
2023-07-08T00:00:00Z,6,,,,0.231,0.228,0.233,30.633333,30.5,30.8,3.882333,3.88,3.884,60874,60885,0,0,0,0
2023-07-08T01:00:00Z,17,,,,0.230706,0.228,0.234,31.217647,31.1,31.4,3.880353,3.879,3.884,60912,60928,0,0,0,0
2023-07-08T02:00:00Z,29,,,,0.230759,0.228,0.234,31.12069,31.1,31.2,3.880966,3.879,3.884,60929,60957,0,0,0,0
2023-07-08T03:00:00Z,29,,,,0.231172,0.228,0.234,31.124138,31,31.2,3.880241,3.879,3.882,60958,60986,0,0,0,0
2023-07-08T04:00:00Z,29,,,,0.231655,0.228,0.235,31.117241,31.1,31.2,3.88,3.879,3.882,60987,61015,0,0,0,0
2023-07-08T05:00:00Z,29,,,,0.231241,0.228,0.236,31.141379,31.1,31.2,3.880172,3.877,3.884,61016,61044,0,0,0,0
2023-07-08T06:00:00Z,30,,,,0.2314,0.228,0.235,31.136667,31.1,31.2,3.879367,3.877,3.882,61045,61074,0,0,0,0
2023-07-08T07:00:00Z,29,,,,0.231276,0.228,0.234,31.262069,31.2,31.3,3.879448,3.877,3.884,61075,61103,0,0,0,0
2023-07-08T08:00:00Z,29,,,,0.231034,0.228,0.236,31.303448,31.3,31.4,3.879483,3.875,3.884,61104,61132,0,0,0,0
2023-07-08T09:00:00Z,29,,,,0.230828,0.228,0.234,31.32069,31.3,31.4,3.879586,3.877,3.884,61133,61161,0,0,0,0
2023-07-08T10:00:00Z,30,,,,0.230433,0.227,0.235,31.32,31.3,31.4,3.878433,3.875,3.88,61162,61191,0,0,0,0
2023-07-08T11:00:00Z,29,,,,0.230552,0.228,0.234,31.313793,31.3,31.4,3.878379,3.875,3.882,61192,61220,0,0,0,0
2023-07-08T12:00:00Z,29,,,,0.230207,0.228,0.233,31.331034,31.3,31.4,3.878724,3.875,3.882,61221,61249,0,0,0,0
2023-07-08T13:00:00Z,29,,,,0.230897,0.228,0.234,31.341379,31.3,31.4,3.878483,3.875,3.88,61250,61278,0,0,0,0
2023-07-08T14:00:00Z,29,,,,0.230724,0.228,0.235,31.344828,31.3,31.4,3.878207,3.875,3.88,61279,61307,0,0,0,0
2023-07-08T15:00:00Z,29,,,,0.23069,0.228,0.236,31.355172,31.3,31.4,3.878103,3.875,3.88,61308,61336,0,0,0,0
2023-07-08T16:00:00Z,30,,,,0.2308,0.228,0.235,31.353333,31.3,31.4,3.876867,3.875,3.88,61337,61366,0,0,0,0
2023-07-08T17:00:00Z,29,,,,0.23131,0.228,0.236,31.375862,31.3,31.4,3.876276,3.874,3.88,61367,61395,0,0,0,0
2023-07-08T18:00:00Z,29,,,,0.230138,0.228,0.235,31.389655,31.3,31.4,3.875966,3.874,3.879,61396,61424,0,0,0,0
2023-07-08T19:00:00Z,29,,,,0.230241,0.228,0.233,31.393103,31.3,31.4,3.876,3.874,3.879,61425,61453,0,0,0,0
2023-07-08T20:00:00Z,29,,,,0.230586,0.228,0.234,31.386207,31.3,31.4,3.875103,3.872,3.879,61454,61482,0,0,0,0
2023-07-08T21:00:00Z,30,,,,0.231267,0.228,0.234,31.353333,31.3,31.4,3.875067,3.872,3.879,61483,61512,0,0,0,0
2023-07-08T22:00:00Z,29,,,,0.230138,0.227,0.235,31.362069,31.3,31.4,3.874552,3.872,3.877,61513,61541,0,0,0,0
2023-07-08T23:00:00Z,27,,,,0.23137,0.228,0.235,31.374074,31.3,31.4,3.875296,3.872,3.879,61542,61570,0,0,0,0
2023-07-09T00:00:00Z,29,,,,0.231414,0.228,0.235,31.382759,31.3,31.4,3.873897,3.872,3.877,61571,61599,0,0,0,0
2023-07-09T01:00:00Z,29,,,,0.231207,0.228,0.235,31.393103,31.3,31.4,3.873517,3.872,3.875,61600,61628,0,0,0,0
2023-07-09T02:00:00Z,30,,,,0.230667,0.228,0.236,31.4,31.4,31.4,3.873633,3.872,3.877,61629,61658,0,0,0,0
2023-07-09T03:00:00Z,29,,,,0.230069,0.228,0.235,31.4,31.4,31.4,3.873828,3.872,3.877,61659,61687,0,0,0,0
2023-07-09T04:00:00Z,29,,,,0.230655,0.228,0.234,31.4,31.4,31.4,3.873655,3.872,3.877,61688,61716,0,0,0,0
2023-07-09T05:00:00Z,29,,,,0.231103,0.228,0.234,31.4,31.4,31.4,3.873207,3.871,3.875,61717,61745,0,0,0,0
2023-07-09T06:00:00Z,29,,,,0.231,0.228,0.233,31.4,31.4,31.4,3.873,3.871,3.877,61746,61774,0,0,0,0
2023-07-09T07:00:00Z,30,,,,0.231367,0.228,0.235,31.4,31.4,31.4,3.872733,3.871,3.875,61775,61804,0,0,0,0
2023-07-09T08:00:00Z,29,,,,0.231448,0.228,0.237,31.4,31.4,31.4,3.872345,3.871,3.875,61805,61833,0,0,0,0
2023-07-09T09:00:00Z,29,,,,0.231483,0.228,0.234,31.4,31.4,31.4,3.871966,3.871,3.874,61834,61862,0,0,0,0
2023-07-09T10:00:00Z,29,,,,0.23169,0.228,0.234,31.4,31.4,31.4,3.872,3.871,3.874,61863,61891,0,0,0,0
2023-07-09T11:00:00Z,28,,,,0.231214,0.228,0.236,31.403571,31.4,31.5,3.871893,3.871,3.874,61892,61920,0,0,0,0
2023-07-09T12:00:00Z,30,,,,0.231567,0.228,0.234,31.4,31.4,31.4,3.8713,3.869,3.874,61921,61950,0,0,0,0
2023-07-09T13:00:00Z,29,,,,0.231034,0.228,0.236,31.4,31.4,31.4,3.871241,3.871,3.874,61951,61979,0,0,0,0
2023-07-09T14:00:00Z,29,,,,0.231138,0.228,0.233,31.4,31.4,31.4,3.87131,3.871,3.872,61980,62008,0,0,0,0
2023-07-09T15:00:00Z,29,,,,0.231,0.228,0.235,31.4,31.4,31.4,3.870862,3.869,3.872,62009,62037,0,0,0,0
2023-07-09T16:00:00Z,29,,,,0.230759,0.227,0.235,31.4,31.4,31.4,3.870379,3.869,3.872,62038,62066,0,0,0,0
2023-07-09T17:00:00Z,30,,,,0.2315,0.228,0.234,31.4,31.4,31.4,3.869933,3.869,3.871,62067,62096,0,0,0,0
2023-07-09T18:00:00Z,29,,,,0.230621,0.228,0.235,31.4,31.4,31.4,3.86969,3.869,3.871,62097,62125,0,0,0,0
2023-07-09T19:00:00Z,29,,,,0.231138,0.228,0.235,31.4,31.4,31.4,3.869483,3.869,3.871,62126,62154,0,0,0,0
2023-07-09T20:00:00Z,29,,,,0.231069,0.228,0.237,31.396552,31.3,31.4,3.869552,3.869,3.871,62155,62183,0,0,0,0
2023-07-09T21:00:00Z,29,,,,0.230897,0.228,0.234,31.4,31.4,31.4,3.869552,3.869,3.871,62184,62212,0,0,0,0
2023-07-09T22:00:00Z,30,,,,0.230533,0.228,0.234,31.396667,31.3,31.4,3.869467,3.869,3.871,62213,62242,0,0,0,0
2023-07-09T23:00:00Z,29,,,,0.230621,0.228,0.235,31.396552,31.3,31.4,3.869138,3.867,3.871,62243,62271,0,0,0,0
2023-07-10T00:00:00Z,29,,,,0.23069,0.228,0.236,31.4,31.4,31.4,3.868862,3.867,3.871,62272,62300,0,0,0,0
2023-07-10T01:00:00Z,29,,,,0.230793,0.228,0.233,31.4,31.4,31.4,3.868586,3.867,3.871,62301,62329,0,0,0,0
2023-07-10T02:00:00Z,29,,,,0.230517,0.228,0.234,31.4,31.4,31.4,3.868379,3.867,3.871,62330,62358,0,0,0,0
2023-07-10T03:00:00Z,29,,,,0.230586,0.228,0.235,31.4,31.4,31.4,3.867828,3.867,3.869,62359,62387,0,0,0,0
2023-07-10T04:00:00Z,30,,,,0.229967,0.228,0.233,31.436667,31.4,31.5,3.867633,3.866,3.869,62388,62417,0,0,0,0
2023-07-10T05:00:00Z,29,,,,0.231034,0.228,0.235,31.503448,31.5,31.6,3.86731,3.866,3.869,62418,62446,0,0,0,0
2023-07-10T06:00:00Z,29,,,,0.230793,0.228,0.237,31.517241,31.5,31.6,3.867379,3.866,3.869,62447,62475,0,0,0,0
2023-07-10T07:00:00Z,29,,,,0.231034,0.228,0.236,31.524138,31.5,31.6,3.866552,3.864,3.869,62476,62504,0,0,0,0
2023-07-10T08:00:00Z,29,,,,0.231276,0.228,0.234,31.489655,31.4,31.5,3.866414,3.864,3.869,62505,62533,0,0,0,0
2023-07-10T09:00:00Z,30,,,,0.230567,0.228,0.234,31.46,31.4,31.5,3.865967,3.862,3.869,62534,62563,0,0,0,0
2023-07-10T10:00:00Z,29,,,,0.230828,0.228,0.234,31.444828,31.4,31.5,3.865345,3.862,3.867,62564,62592,0,0,0,0
2023-07-10T11:00:00Z,29,,,,0.230034,0.228,0.233,31.413793,31.4,31.5,3.864103,3.861,3.867,62593,62621,0,0,0,0
2023-07-10T12:00:00Z,29,,,,0.230379,0.228,0.234,31.448276,31.4,31.5,3.863552,3.861,3.867,62622,62650,0,0,0,0
2023-07-10T13:00:00Z,29,,,,0.230759,0.228,0.234,31.472414,31.4,31.5,3.863207,3.861,3.867,62651,62679,0,0,0,0
2023-07-10T14:00:00Z,29,,,,0.231414,0.228,0.234,31.462069,31.4,31.5,3.863517,3.861,3.866,62680,62708,0,0,0,0
2023-07-10T15:00:00Z,30,,,,0.231533,0.228,0.235,31.433333,31.4,31.5,3.8616,3.859,3.866,62709,62738,0,0,0,0
2023-07-10T16:00:00Z,29,,,,0.231276,0.228,0.235,31.437931,31.4,31.5,3.861483,3.859,3.864,62739,62767,0,0,0,0
2023-07-10T17:00:00Z,29,,,,0.231207,0.228,0.235,31.42069,31.4,31.5,3.860276,3.857,3.864,62768,62796,0,0,0,0
2023-07-10T18:00:00Z,27,,,,0.230556,0.227,0.234,31.414815,31.4,31.6,3.858889,3.856,3.862,62797,62825,0,0,0,0
2023-07-10T19:00:00Z,12,,,,0.230583,0.228,0.234,31.583333,31.4,31.7,3.858083,3.854,3.862,62826,62850,0,0,0,0
2023-07-10T20:00:00Z,4,,,,0.22975,0.228,0.233,31.6,31.6,31.6,3.855,3.854,3.856,62856,62879,0,0,0,0
2023-07-10T21:00:00Z,29,,,,0.231,0.228,0.234,31.424138,31.4,31.5,3.854483,3.852,3.857,62880,62908,0,0,0,0
2023-07-10T22:00:00Z,29,,,,0.230138,0.228,0.235,31.4,31.4,31.4,3.854207,3.851,3.857,62909,62937,0,0,0,0
2023-07-10T23:00:00Z,30,,,,0.231133,0.228,0.233,31.4,31.4,31.4,3.853333,3.851,3.857,62938,62967,0,0,0,0
2023-07-11T00:00:00Z,29,,,,0.231069,0.228,0.236,31.472414,31.4,31.5,3.85269,3.849,3.856,62968,62996,0,0,0,0
2023-07-11T01:00:00Z,29,,,,0.23031,0.228,0.233,31.527586,31.5,31.6,3.852138,3.849,3.856,62997,63025,0,0,0,0
2023-07-11T02:00:00Z,29,,,,0.231103,0.228,0.234,31.593103,31.5,31.6,3.851483,3.849,3.854,63026,63054,0,0,0,0
2023-07-11T03:00:00Z,29,,,,0.230276,0.228,0.233,31.6,31.6,31.6,3.85069,3.846,3.854,63055,63083,0,0,0,0
2023-07-11T04:00:00Z,30,,,,0.230733,0.228,0.233,31.606667,31.6,31.7,3.850167,3.847,3.854,63084,63113,0,0,0,0
2023-07-11T05:00:00Z,29,,,,0.230828,0.228,0.235,31.682759,31.6,31.7,3.849655,3.847,3.852,63114,63142,0,0,0,0
2023-07-11T06:00:00Z,29,,,,0.230414,0.228,0.234,31.751724,31.7,31.9,3.850241,3.847,3.854,63143,63171,0,0,0,0
2023-07-11T07:00:00Z,29,,,,0.230103,0.228,0.235,31.724138,31.7,31.8,3.849138,3.847,3.854,63172,63200,0,0,0,0
2023-07-11T08:00:00Z,29,,,,0.231207,0.228,0.235,31.731034,31.7,31.8,3.848966,3.847,3.852,63201,63229,0,0,0,0
2023-07-11T09:00:00Z,29,,,,0.230207,0.228,0.233,31.713793,31.7,31.8,3.847517,3.846,3.851,63230,63258,0,0,0,0
2023-07-11T10:00:00Z,29,,,,0.230207,0.228,0.233,31.710345,31.7,31.8,3.847483,3.846,3.851,63259,63287,0,0,0,0
2023-07-11T11:00:00Z,30,,,,0.231433,0.228,0.235,31.65,31.6,31.8,3.846967,3.842,3.851,63288,63317,0,0,0,0
2023-07-11T12:00:00Z,28,,,,0.230357,0.228,0.234,31.717857,31.6,31.9,3.845929,3.842,3.849,63318,63346,0,0,0,0
2023-07-11T13:00:00Z,29,,,,0.230759,0.228,0.234,31.662069,31.6,31.7,3.845241,3.842,3.847,63347,63375,0,0,0,0
2023-07-11T14:00:00Z,29,,,,0.230724,0.228,0.233,31.662069,31.6,31.7,3.844069,3.841,3.847,63376,63404,0,0,0,0
2023-07-11T15:00:00Z,29,,,,0.229897,0.228,0.233,31.696552,31.6,31.8,3.843172,3.841,3.847,63405,63433,0,0,0,0
2023-07-11T16:00:00Z,29,,,,0.230483,0.228,0.234,31.655172,31.6,31.7,3.842,3.841,3.846,63434,63462,0,0,0,0
2023-07-11T17:00:00Z,29,,,,0.231069,0.228,0.234,31.631034,31.6,31.7,3.841793,3.839,3.846,63463,63491,0,0,0,0
2023-07-11T18:00:00Z,29,,,,0.229828,0.228,0.234,31.637931,31.6,31.7,3.841897,3.839,3.844,63492,63520,0,0,0,0
2023-07-11T19:00:00Z,29,,,,0.230793,0.228,0.234,31.610345,31.6,31.7,3.840724,3.839,3.844,63521,63549,0,0,0,0
2023-07-11T20:00:00Z,28,,,,0.23075,0.228,0.233,31.610714,31.6,31.9,3.8405,3.838,3.842,63550,63578,0,0,0,0
2023-07-11T21:00:00Z,28,,,,0.231143,0.228,0.235,31.675,31.6,32.1,3.839321,3.836,3.842,63580,63607,0,0,0,0
2023-07-11T22:00:00Z,30,,,,0.2305,0.228,0.234,31.606667,31.6,31.7,3.8391,3.836,3.842,63608,63637,0,0,0,0
2023-07-11T23:00:00Z,29,,,,0.231724,0.228,0.235,31.6,31.6,31.6,3.839069,3.836,3.842,63638,63666,0,0,0,0
2023-07-12T00:00:00Z,29,,,,0.230517,0.228,0.234,31.613793,31.6,31.7,3.837724,3.834,3.841,63667,63695,0,0,0,0
2023-07-12T01:00:00Z,29,,,,0.230828,0.228,0.233,31.67931,31.6,31.7,3.83769,3.834,3.841,63696,63724,0,0,0,0
2023-07-12T02:00:00Z,29,,,,0.230931,0.228,0.235,31.737931,31.7,31.8,3.835862,3.834,3.839,63725,63753,0,0,0,0
2023-07-12T03:00:00Z,30,,,,0.231167,0.228,0.234,31.88,31.8,32,3.835967,3.834,3.839,63754,63783,0,0,0,0
2023-07-12T04:00:00Z,29,,,,0.231069,0.228,0.235,31.917241,31.8,32,3.834276,3.831,3.839,63784,63812,0,0,0,0
2023-07-12T05:00:00Z,29,,,,0.230586,0.228,0.235,31.975862,31.9,32,3.834,3.829,3.838,63813,63841,0,0,0,0
2023-07-12T06:00:00Z,29,,,,0.230414,0.228,0.234,32,31.9,32.1,3.832828,3.831,3.836,63842,63870,0,0,0,0
2023-07-12T07:00:00Z,29,,,,0.230931,0.228,0.234,32.075862,32,32.1,3.832931,3.831,3.838,63871,63899,0,0,0,0
2023-07-12T08:00:00Z,29,,,,0.230379,0.228,0.234,32.024138,32,32.1,3.831034,3.829,3.834,63900,63928,0,0,0,0
2023-07-12T09:00:00Z,29,,,,0.230724,0.228,0.233,32.006897,31.9,32.1,3.829655,3.828,3.834,63929,63957,0,0,0,0
2023-07-12T10:00:00Z,29,,,,0.229966,0.228,0.234,31.965517,31.9,32,3.829172,3.828,3.833,63958,63986,0,0,0,0
2023-07-12T11:00:00Z,30,,,,0.230833,0.228,0.234,31.933333,31.9,32,3.829,3.826,3.834,63987,64016,0,0,0,0
2023-07-12T12:00:00Z,29,,,,0.231103,0.228,0.235,31.944828,31.9,32,3.828966,3.826,3.833,64017,64045,0,0,0,0
2023-07-12T13:00:00Z,28,,,,0.230821,0.227,0.236,31.942857,31.9,32,3.827571,3.826,3.831,64046,64074,0,0,0,0
2023-07-12T14:00:00Z,29,,,,0.230586,0.228,0.234,31.944828,31.9,32,3.827655,3.826,3.831,64075,64103,0,0,0,0
2023-07-12T15:00:00Z,29,,,,0.230724,0.228,0.234,31.927586,31.8,32,3.825828,3.823,3.828,64104,64132,0,0,0,0
2023-07-12T16:00:00Z,29,,,,0.231241,0.228,0.235,31.924138,31.9,32,3.825552,3.823,3.829,64133,64161,0,0,0,0
2023-07-12T17:00:00Z,30,,,,0.230667,0.228,0.234,31.89,31.8,32,3.8241,3.823,3.828,64162,64191,0,0,0,0
2023-07-12T18:00:00Z,29,,,,0.230483,0.228,0.236,31.913793,31.9,32,3.824172,3.823,3.828,64192,64220,0,0,0,0
2023-07-12T19:00:00Z,29,,,,0.230862,0.228,0.233,31.92069,31.9,32,3.823897,3.821,3.826,64221,64249,0,0,0,0
2023-07-12T20:00:00Z,29,,,,0.231034,0.228,0.233,31.917241,31.8,32,3.823069,3.821,3.828,64250,64278,0,0,0,0
2023-07-12T21:00:00Z,29,,,,0.231,0.228,0.235,31.896552,31.8,32,3.822138,3.819,3.826,64279,64307,0,0,0,0
2023-07-12T22:00:00Z,30,,,,0.231133,0.228,0.233,31.863333,31.8,31.9,3.8214,3.819,3.824,64308,64337,0,0,0,0
2023-07-12T23:00:00Z,29,,,,0.230138,0.228,0.234,31.865517,31.8,32,3.820552,3.818,3.823,64338,64366,0,0,0,0
2023-07-13T00:00:00Z,29,,,,0.230793,0.228,0.235,31.931034,31.8,32,3.819379,3.818,3.823,64367,64395,0,0,0,0
2023-07-13T01:00:00Z,29,,,,0.229966,0.228,0.233,31.996552,31.9,32.1,3.819586,3.818,3.823,64396,64424,0,0,0,0
2023-07-13T02:00:00Z,29,,,,0.231276,0.228,0.233,32.075862,32,32.1,3.818793,3.818,3.821,64425,64453,0,0,0,0
2023-07-13T03:00:00Z,30,,,,0.230567,0.228,0.235,32.1,32.1,32.1,3.818633,3.818,3.821,64454,64483,0,0,0,0
2023-07-13T04:00:00Z,29,,,,0.230172,0.228,0.234,32.1,32.1,32.1,3.818276,3.818,3.821,64484,64512,0,0,0,0
2023-07-13T05:00:00Z,29,,,,0.230069,0.227,0.234,32.1,32.1,32.1,3.81769,3.816,3.819,64513,64541,0,0,0,0
2023-07-13T06:00:00Z,29,,,,0.230103,0.227,0.233,32.1,32.1,32.1,3.817414,3.816,3.819,64542,64570,0,0,0,0
2023-07-13T07:00:00Z,29,,,,0.230448,0.228,0.234,32.1,32.1,32.1,3.816931,3.816,3.819,64571,64599,0,0,0,0
2023-07-13T08:00:00Z,28,,,,0.230429,0.228,0.234,32.110714,32.1,32.2,3.8165,3.816,3.818,64600,64628,0,0,0,0
2023-07-13T09:00:00Z,30,,,,0.230833,0.228,0.235,32.1,32.1,32.1,3.816267,3.814,3.818,64629,64658,0,0,0,0
2023-07-13T10:00:00Z,29,,,,0.231034,0.227,0.235,32.1,32.1,32.1,3.815862,3.814,3.818,64659,64687,0,0,0,0
2023-07-13T11:00:00Z,29,,,,0.23069,0.228,0.234,32.096552,32,32.1,3.815724,3.814,3.818,64688,64716,0,0,0,0
2023-07-13T12:00:00Z,29,,,,0.230621,0.228,0.233,32.086207,32,32.1,3.814655,3.813,3.816,64717,64745,0,0,0,0
2023-07-13T13:00:00Z,27,,,,0.231,0.228,0.234,32.051852,32,32.1,3.814037,3.811,3.816,64746,64774,0,0,0,0
2023-07-13T14:00:00Z,8,,,,0.229,0.228,0.233,32.1,32.1,32.1,3.813,3.811,3.814,64775,64795,0,0,0,0
2023-07-13T15:00:00Z,24,,,,0.230125,0.228,0.234,31.845833,31.7,32.1,3.809875,3.808,3.813,64807,64830,0,0,0,0
2023-07-13T16:00:00Z,29,,,,0.230966,0.228,0.233,31.710345,31.6,31.8,3.810069,3.808,3.813,64831,64859,0,0,0,0
2023-07-13T17:00:00Z,29,,,,0.230241,0.228,0.234,31.644828,31.6,31.7,3.809103,3.806,3.813,64860,64888,0,0,0,0
2023-07-13T18:00:00Z,30,,,,0.2306,0.228,0.234,31.61,31.6,31.7,3.8085,3.805,3.811,64889,64918,0,0,0,0
2023-07-13T19:00:00Z,29,,,,0.231069,0.228,0.233,31.603448,31.6,31.7,3.806793,3.805,3.811,64919,64947,0,0,0,0
2023-07-13T20:00:00Z,29,,,,0.230586,0.228,0.234,31.603448,31.6,31.7,3.805552,3.803,3.809,64948,64976,0,0,0,0
2023-07-13T21:00:00Z,29,,,,0.23031,0.228,0.233,31.6,31.6,31.6,3.80431,3.801,3.808,64977,65005,0,0,0,0
2023-07-13T22:00:00Z,29,,,,0.230931,0.228,0.234,31.596552,31.5,31.6,3.802828,3.8,3.808,65006,65034,0,0,0,0
2023-07-13T23:00:00Z,29,,,,0.230759,0.228,0.235,31.586207,31.5,31.6,3.802276,3.798,3.806,65035,65063,0,0,0,0
2023-07-14T00:00:00Z,29,,,,0.231655,0.228,0.235,31.6,31.6,31.6,3.801207,3.798,3.805,65064,65092,0,0,0,0
2023-07-14T01:00:00Z,29,,,,0.230862,0.228,0.234,31.62069,31.6,31.7,3.800414,3.798,3.803,65093,65121,0,0,0,0
2023-07-14T02:00:00Z,29,,,,0.230069,0.228,0.234,31.724138,31.7,31.8,3.798724,3.796,3.803,65122,65150,0,0,0,0
2023-07-14T03:00:00Z,30,,,,0.230933,0.228,0.233,31.826667,31.7,31.9,3.796733,3.795,3.8,65151,65180,0,0,0,0
2023-07-14T04:00:00Z,29,,,,0.230862,0.228,0.233,31.917241,31.9,32,3.796207,3.795,3.8,65181,65209,0,0,0,0
2023-07-14T05:00:00Z,29,,,,0.230586,0.228,0.233,31.806897,31.7,31.9,3.794,3.791,3.8,65210,65238,0,0,0,0
2023-07-14T06:00:00Z,29,,,,0.230793,0.228,0.233,31.851724,31.8,32,3.793,3.791,3.795,65239,65267,0,0,0,0
2023-07-14T07:00:00Z,29,,,,0.230517,0.228,0.233,31.948276,31.9,32,3.791621,3.79,3.795,65268,65296,0,0,0,0
2023-07-14T08:00:00Z,29,,,,0.230897,0.228,0.233,31.941379,31.9,32,3.791241,3.79,3.793,65297,65325,0,0,0,0
2023-07-14T09:00:00Z,30,,,,0.230133,0.228,0.233,31.94,31.8,32,3.790167,3.788,3.791,65326,65355,0,0,0,0
2023-07-14T10:00:00Z,29,,,,0.231345,0.228,0.235,31.841379,31.7,32,3.789828,3.788,3.791,65356,65384,0,0,0,0
2023-07-14T11:00:00Z,29,,,,0.23069,0.228,0.234,31.717241,31.7,31.8,3.788483,3.786,3.79,65385,65413,0,0,0,0
2023-07-14T12:00:00Z,29,,,,0.231,0.228,0.234,31.682759,31.6,31.8,3.787034,3.785,3.79,65414,65442,0,0,0,0
2023-07-14T13:00:00Z,29,,,,0.230828,0.228,0.233,31.675862,31.6,31.7,3.785862,3.783,3.788,65443,65471,0,0,0,0
2023-07-14T14:00:00Z,29,,,,0.230483,0.228,0.234,31.62069,31.6,31.7,3.784724,3.781,3.788,65472,65500,0,0,0,0
2023-07-14T15:00:00Z,30,,,,0.231033,0.228,0.235,31.6,31.6,31.6,3.783,3.781,3.786,65501,65530,0,0,0,0
2023-07-14T16:00:00Z,29,,,,0.231172,0.228,0.235,31.6,31.6,31.6,3.781724,3.78,3.785,65531,65559,0,0,0,0
2023-07-14T17:00:00Z,29,,,,0.231,0.228,0.235,31.6,31.6,31.6,3.779586,3.776,3.783,65560,65588,0,0,0,0
2023-07-14T18:00:00Z,29,,,,0.230828,0.228,0.235,31.6,31.6,31.6,3.777241,3.775,3.781,65589,65617,0,0,0,0
2023-07-14T19:00:00Z,29,,,,0.230966,0.228,0.234,31.589655,31.5,31.6,3.775724,3.772,3.78,65618,65646,0,0,0,0
2023-07-14T20:00:00Z,30,,,,0.230533,0.228,0.233,31.556667,31.5,31.6,3.7743,3.772,3.778,65647,65676,0,0,0,0
2023-07-14T21:00:00Z,29,,,,0.230966,0.228,0.236,31.513793,31.5,31.6,3.773103,3.77,3.776,65677,65705,0,0,0,0
2023-07-14T22:00:00Z,29,,,,0.231034,0.228,0.236,31.506897,31.5,31.6,3.771966,3.768,3.775,65706,65734,0,0,0,0
2023-07-14T23:00:00Z,29,,,,0.230828,0.228,0.234,31.47931,31.4,31.5,3.769897,3.768,3.773,65735,65763,0,0,0,0
2023-07-15T00:00:00Z,29,,,,0.230552,0.228,0.234,31.486207,31.4,31.5,3.769379,3.767,3.773,65764,65792,0,0,0,0
2023-07-15T01:00:00Z,29,,,,0.231241,0.228,0.233,31.572414,31.5,31.6,3.768759,3.767,3.772,65793,65821,0,0,0,0
2023-07-15T02:00:00Z,30,,,,0.231467,0.229,0.234,31.616667,31.6,31.7,3.7677,3.765,3.77,65822,65851,0,0,0,0
2023-07-15T03:00:00Z,29,,,,0.230931,0.228,0.234,31.631034,31.6,31.7,3.766069,3.765,3.768,65852,65880,0,0,0,0
2023-07-15T04:00:00Z,29,,,,0.230448,0.228,0.234,31.696552,31.6,31.8,3.76531,3.763,3.768,65881,65909,0,0,0,0
2023-07-15T05:00:00Z,29,,,,0.230241,0.228,0.234,31.755172,31.7,31.8,3.764448,3.763,3.767,65910,65938,0,0,0,0
2023-07-15T06:00:00Z,29,,,,0.230552,0.228,0.234,31.810345,31.8,31.9,3.763759,3.763,3.765,65939,65967,0,0,0,0
2023-07-15T07:00:00Z,30,,,,0.230767,0.228,0.233,31.86,31.8,31.9,3.763033,3.762,3.765,65968,65997,0,0,0,0
2023-07-15T08:00:00Z,29,,,,0.230414,0.228,0.234,31.768966,31.7,31.9,3.762483,3.762,3.763,65998,66026,0,0,0,0
2023-07-15T09:00:00Z,29,,,,0.230483,0.228,0.233,31.762069,31.7,31.8,3.762276,3.76,3.763,66027,66055,0,0,0,0
2023-07-15T10:00:00Z,29,,,,0.231483,0.228,0.234,31.758621,31.7,31.8,3.760897,3.758,3.763,66056,66084,0,0,0,0
2023-07-15T11:00:00Z,29,,,,0.231103,0.228,0.235,31.713793,31.7,31.8,3.759103,3.757,3.762,66085,66113,0,0,0,0
2023-07-15T12:00:00Z,29,,,,0.230241,0.228,0.233,31.72069,31.7,31.8,3.757448,3.755,3.762,66114,66142,0,0,0,0
2023-07-15T13:00:00Z,30,,,,0.230733,0.228,0.233,31.703333,31.7,31.8,3.7559,3.752,3.76,66143,66172,0,0,0,0
2023-07-15T14:00:00Z,29,,,,0.231483,0.228,0.234,31.710345,31.7,31.8,3.753207,3.75,3.757,66173,66201,0,0,0,0
2023-07-15T15:00:00Z,29,,,,0.231483,0.228,0.235,31.706897,31.7,31.8,3.751621,3.748,3.755,66202,66230,0,0,0,0
2023-07-15T16:00:00Z,29,,,,0.230897,0.228,0.234,31.693103,31.6,31.8,3.74931,3.747,3.753,66231,66259,0,0,0,0
2023-07-15T17:00:00Z,29,,,,0.231138,0.228,0.235,31.696552,31.6,31.7,3.747897,3.745,3.75,66260,66288,0,0,0,0
2023-07-15T18:00:00Z,30,,,,0.230633,0.228,0.233,31.683333,31.6,31.7,3.746233,3.743,3.75,66289,66318,0,0,0,0
2023-07-15T19:00:00Z,29,,,,0.231241,0.228,0.234,31.682759,31.6,31.7,3.743897,3.742,3.748,66319,66347,0,0,0,0
2023-07-15T20:00:00Z,29,,,,0.231241,0.228,0.235,31.658621,31.6,31.7,3.74269,3.74,3.745,66348,66376,0,0,0,0
2023-07-15T21:00:00Z,29,,,,0.230966,0.228,0.234,31.648276,31.6,31.7,3.740759,3.739,3.743,66377,66405,0,0,0,0
2023-07-15T22:00:00Z,29,,,,0.23069,0.228,0.234,31.631034,31.6,31.7,3.739103,3.737,3.742,66406,66434,0,0,0,0
2023-07-15T23:00:00Z,29,,,,0.231241,0.228,0.235,31.617241,31.6,31.7,3.73731,3.735,3.74,66435,66463,0,0,0,0
2023-07-16T00:00:00Z,30,,,,0.2301,0.228,0.234,31.696667,31.6,31.8,3.7352,3.734,3.739,66464,66493,0,0,0,0
2023-07-16T01:00:00Z,29,,,,0.230724,0.228,0.235,31.851724,31.7,31.9,3.73469,3.732,3.737,66494,66522,0,0,0,0
2023-07-16T02:00:00Z,29,,,,0.230414,0.228,0.235,31.903448,31.8,32,3.733379,3.73,3.737,66523,66551,0,0,0,0
2023-07-16T03:00:00Z,29,,,,0.231069,0.228,0.233,31.962069,31.9,32.1,3.731655,3.729,3.735,66552,66580,0,0,0,0
2023-07-16T04:00:00Z,29,,,,0.230379,0.228,0.234,32.027586,32,32.1,3.729621,3.725,3.734,66581,66609,0,0,0,0
2023-07-16T05:00:00Z,29,,,,0.230586,0.228,0.233,32.048276,32,32.1,3.727,3.724,3.73,66610,66638,0,0,0,0
2023-07-16T06:00:00Z,30,,,,0.231,0.228,0.235,32.086667,32,32.1,3.7249,3.72,3.729,66639,66668,0,0,0,0
2023-07-16T07:00:00Z,29,,,,0.230897,0.228,0.234,31.982759,31.9,32,3.722759,3.72,3.725,66669,66697,0,0,0,0
2023-07-16T08:00:00Z,29,,,,0.231448,0.228,0.234,31.934483,31.9,32,3.72031,3.717,3.725,66698,66726,0,0,0,0
2023-07-16T09:00:00Z,10,,,,0.2309,0.227,0.233,32.03,31.9,32.1,3.717,3.715,3.719,66727,66741,0,0,0,0
2023-07-16T10:00:00Z,8,,,,0.230625,0.228,0.233,32.0125,31.9,32.1,3.711875,3.71,3.715,66758,66780,0,0,0,0
2023-07-16T11:00:00Z,29,,,,0.230828,0.228,0.235,31.727586,31.6,31.9,3.710759,3.71,3.712,66781,66809,0,0,0,0
2023-07-16T12:00:00Z,29,,,,0.231172,0.228,0.234,31.606897,31.6,31.7,3.710483,3.71,3.712,66810,66838,0,0,0,0
2023-07-16T13:00:00Z,30,,,,0.2304,0.228,0.236,31.6,31.6,31.6,3.709533,3.709,3.71,66839,66868,0,0,0,0
2023-07-16T14:00:00Z,29,,,,0.231103,0.228,0.234,31.593103,31.5,31.6,3.708655,3.707,3.71,66869,66897,0,0,0,0
2023-07-16T15:00:00Z,29,,,,0.230897,0.228,0.234,31.534483,31.5,31.6,3.706793,3.704,3.709,66898,66926,0,0,0,0
2023-07-16T16:00:00Z,29,,,,0.230345,0.228,0.235,31.503448,31.5,31.6,3.705655,3.702,3.709,66927,66955,0,0,0,0
2023-07-16T17:00:00Z,29,,,,0.231276,0.228,0.233,31.496552,31.4,31.5,3.703276,3.701,3.707,66956,66984,0,0,0,0
2023-07-16T18:00:00Z,30,,,,0.231167,0.228,0.234,31.44,31.4,31.5,3.700033,3.696,3.704,66985,67014,0,0,0,0
2023-07-16T19:00:00Z,29,,,,0.230793,0.228,0.235,31.417241,31.4,31.5,3.69531,3.687,3.701,67015,67043,0,0,0,0
2023-07-16T20:00:00Z,29,,,,0.231483,0.228,0.235,31.4,31.4,31.4,3.691586,3.684,3.699,67044,67072,0,0,0,0
2023-07-16T21:00:00Z,29,,,,0.230793,0.228,0.234,31.4,31.4,31.4,3.687793,3.684,3.696,67073,67101,0,0,0,0
2023-07-16T22:00:00Z,29,,,,0.231172,0.228,0.234,31.4,31.4,31.4,3.683759,3.682,3.687,67102,67130,0,0,0,0
2023-07-16T23:00:00Z,30,,,,0.2311,0.229,0.237,31.4,31.4,31.4,3.681967,3.681,3.684,67131,67160,0,0,0,0
2023-07-17T00:00:00Z,29,,,,0.231414,0.228,0.235,31.4,31.4,31.4,3.680034,3.677,3.682,67161,67189,0,0,0,0
2023-07-17T01:00:00Z,29,,,,0.23131,0.228,0.234,31.4,31.4,31.4,3.678207,3.674,3.681,67190,67218,0,0,0,0
2023-07-17T02:00:00Z,29,,,,0.231483,0.228,0.233,31.424138,31.4,31.5,3.676379,3.674,3.679,67219,67247,0,0,0,0
2023-07-17T03:00:00Z,29,,,,0.230483,0.228,0.235,31.531034,31.4,31.6,3.673862,3.671,3.677,67248,67276,0,0,0,0
2023-07-17T04:00:00Z,29,,,,0.231517,0.229,0.233,31.6,31.6,31.6,3.671448,3.669,3.674,67277,67305,0,0,0,0
2023-07-17T05:00:00Z,30,,,,0.231267,0.228,0.234,31.54,31.5,31.6,3.669067,3.668,3.673,67306,67335,0,0,0,0
2023-07-17T06:00:00Z,29,,,,0.230759,0.228,0.234,31.57931,31.5,31.6,3.66731,3.664,3.671,67336,67364,0,0,0,0
2023-07-17T07:00:00Z,29,,,,0.23131,0.228,0.234,31.6,31.6,31.6,3.664759,3.663,3.669,67365,67393,0,0,0,0
2023-07-17T08:00:00Z,29,,,,0.230586,0.228,0.234,31.565517,31.5,31.6,3.662655,3.661,3.664,67394,67422,0,0,0,0
2023-07-17T09:00:00Z,29,,,,0.231414,0.227,0.234,31.462069,31.4,31.5,3.66169,3.659,3.666,67423,67451,0,0,0,0
2023-07-17T10:00:00Z,29,,,,0.23131,0.229,0.234,31.406897,31.4,31.5,3.659966,3.659,3.663,67452,67480,0,0,0,0
2023-07-17T11:00:00Z,30,,,,0.231,0.229,0.234,31.4,31.4,31.4,3.658533,3.658,3.661,67481,67510,0,0,0,0
2023-07-17T12:00:00Z,29,,,,0.231483,0.229,0.234,31.4,31.4,31.4,3.658138,3.656,3.659,67511,67539,0,0,0,0
2023-07-17T13:00:00Z,29,,,,0.231207,0.228,0.234,31.4,31.4,31.4,3.65731,3.656,3.658,67540,67568,0,0,0,0
2023-07-17T14:00:00Z,29,,,,0.232,0.229,0.235,31.396552,31.3,31.4,3.656207,3.654,3.658,67569,67597,0,0,0,0
2023-07-17T15:00:00Z,29,,,,0.231586,0.228,0.234,31.4,31.4,31.4,3.654897,3.654,3.658,67598,67626,0,0,0,0
2023-07-17T16:00:00Z,30,,,,0.231833,0.229,0.234,31.4,31.4,31.4,3.652333,3.649,3.656,67627,67656,0,0,0,0
2023-07-17T17:00:00Z,29,,,,0.231724,0.229,0.235,31.396552,31.3,31.4,3.649241,3.648,3.653,67657,67685,0,0,0,0
2023-07-17T18:00:00Z,29,,,,0.231448,0.228,0.234,31.393103,31.3,31.4,3.64831,3.646,3.651,67686,67714,0,0,0,0
2023-07-17T19:00:00Z,29,,,,0.231759,0.228,0.236,31.375862,31.3,31.4,3.645069,3.643,3.649,67715,67743,0,0,0,0
2023-07-17T20:00:00Z,29,,,,0.231793,0.229,0.234,31.362069,31.3,31.4,3.642724,3.64,3.646,67744,67772,0,0,0,0
2023-07-17T21:00:00Z,29,,,,0.231207,0.229,0.234,31.327586,31.3,31.4,3.641172,3.64,3.643,67773,67801,0,0,0,0
2023-07-17T22:00:00Z,30,,,,0.231667,0.229,0.236,31.306667,31.3,31.4,3.6388,3.636,3.641,67802,67831,0,0,0,0
2023-07-17T23:00:00Z,29,,,,0.231966,0.229,0.235,31.310345,31.3,31.4,3.637138,3.635,3.641,67832,67860,0,0,0,0
2023-07-18T00:00:00Z,29,,,,0.231621,0.229,0.233,31.324138,31.3,31.4,3.634759,3.633,3.638,67861,67889,0,0,0,0
2023-07-18T01:00:00Z,29,,,,0.231276,0.229,0.236,31.331034,31.3,31.4,3.63231,3.63,3.636,67890,67918,0,0,0,0
2023-07-18T02:00:00Z,27,,,,0.231852,0.229,0.235,31.388889,31.3,31.4,3.630815,3.63,3.633,67919,67947,0,0,0,0
2023-07-18T03:00:00Z,30,,,,0.231433,0.229,0.235,31.396667,31.3,31.4,3.6295,3.626,3.631,67948,67977,0,0,0,0
2023-07-18T04:00:00Z,29,,,,0.231517,0.229,0.234,31.396552,31.3,31.4,3.627586,3.625,3.63,67978,68006,0,0,0,0
2023-07-18T05:00:00Z,29,,,,0.231828,0.228,0.234,31.4,31.4,31.4,3.626103,3.623,3.63,68007,68035,0,0,0,0
2023-07-18T06:00:00Z,29,,,,0.230793,0.228,0.234,31.4,31.4,31.4,3.623034,3.618,3.626,68036,68064,0,0,0,0
2023-07-18T07:00:00Z,29,,,,0.230897,0.228,0.235,31.4,31.4,31.4,3.620103,3.618,3.623,68065,68093,0,0,0,0
2023-07-18T08:00:00Z,29,,,,0.230759,0.229,0.233,31.4,31.4,31.4,3.617966,3.615,3.621,68094,68122,0,0,0,0
2023-07-18T09:00:00Z,30,,,,0.2313,0.229,0.233,31.393333,31.3,31.4,3.616333,3.615,3.62,68123,68152,0,0,0,0
2023-07-18T10:00:00Z,29,,,,0.231414,0.229,0.236,31.393103,31.3,31.4,3.613517,3.611,3.616,68153,68181,0,0,0,0
2023-07-18T11:00:00Z,28,,,,0.231964,0.229,0.234,31.357143,31.3,31.4,3.611964,3.61,3.616,68182,68210,0,0,0,0
2023-07-18T12:00:00Z,29,,,,0.231966,0.229,0.233,31.334483,31.3,31.4,3.609862,3.608,3.613,68211,68239,0,0,0,0
2023-07-18T13:00:00Z,29,,,,0.231828,0.229,0.235,31.313793,31.3,31.4,3.608828,3.607,3.611,68240,68268,0,0,0,0
2023-07-18T14:00:00Z,29,,,,0.23131,0.229,0.236,31.310345,31.3,31.4,3.607241,3.605,3.61,68269,68297,0,0,0,0
2023-07-18T15:00:00Z,30,,,,0.2315,0.229,0.234,31.303333,31.3,31.4,3.606,3.605,3.608,68298,68327,0,0,0,0
2023-07-18T16:00:00Z,29,,,,0.231483,0.228,0.234,31.3,31.3,31.3,3.605345,3.605,3.607,68328,68356,0,0,0,0
2023-07-18T17:00:00Z,29,,,,0.231483,0.229,0.234,31.27931,31.2,31.3,3.604586,3.603,3.607,68357,68385,0,0,0,0
2023-07-18T18:00:00Z,28,,,,0.231321,0.228,0.233,31.296429,31.2,31.4,3.60375,3.602,3.605,68386,68414,0,0,0,0
2023-07-18T19:00:00Z,29,,,,0.231793,0.229,0.236,31.234483,31.1,31.3,3.60231,3.6,3.605,68415,68443,0,0,0,0
2023-07-18T20:00:00Z,28,,,,0.231893,0.229,0.234,31.214286,31.1,31.3,3.6005,3.598,3.603,68444,68472,0,0,0,0
2023-07-18T21:00:00Z,30,,,,0.2316,0.229,0.234,31.156667,31.1,31.2,3.5989,3.595,3.602,68473,68502,0,0,0,0
2023-07-18T22:00:00Z,29,,,,0.231379,0.229,0.236,31.131034,31,31.2,3.596793,3.593,3.602,68503,68531,0,0,0,0
2023-07-18T23:00:00Z,29,,,,0.231966,0.229,0.234,31.103448,31.1,31.2,3.594,3.592,3.597,68532,68560,0,0,0,0
2023-07-19T00:00:00Z,29,,,,0.232,0.229,0.235,31.113793,31.1,31.2,3.592448,3.59,3.597,68561,68589,0,0,0,0
2023-07-19T01:00:00Z,29,,,,0.232,0.23,0.234,31.196552,31.1,31.3,3.589759,3.588,3.593,68590,68618,0,0,0,0
2023-07-19T02:00:00Z,30,,,,0.232367,0.23,0.236,31.3,31.3,31.3,3.588733,3.587,3.592,68619,68648,0,0,0,0
2023-07-19T03:00:00Z,29,,,,0.231897,0.229,0.235,31.348276,31.3,31.4,3.587621,3.583,3.592,68649,68677,0,0,0,0
2023-07-19T04:00:00Z,19,,,,0.230737,0.229,0.233,31.384211,31.3,31.4,3.585947,3.583,3.59,68678,68702,0,0,0,0
2023-07-19T05:00:00Z,4,,,,0.2315,0.23,0.233,31.4,31.4,31.4,3.58225,3.58,3.585,68706,68725,0,0,0,0
2023-07-19T06:00:00Z,24,,,,0.231583,0.229,0.235,31.4,31.3,31.5,3.578542,3.577,3.58,68737,68760,0,0,0,0
2023-07-19T07:00:00Z,29,,,,0.231345,0.229,0.235,31.396552,31.3,31.4,3.57731,3.577,3.578,68761,68789,0,0,0,0
2023-07-19T08:00:00Z,30,,,,0.230933,0.228,0.234,31.39,31.3,31.4,3.576633,3.575,3.578,68790,68819,0,0,0,0
2023-07-19T09:00:00Z,29,,,,0.231276,0.229,0.235,31.37931,31.3,31.4,3.57531,3.574,3.577,68820,68848,0,0,0,0
2023-07-19T10:00:00Z,29,,,,0.230966,0.228,0.233,31.365517,31.3,31.4,3.574207,3.572,3.577,68849,68877,0,0,0,0
2023-07-19T11:00:00Z,29,,,,0.231793,0.229,0.236,31.327586,31.3,31.4,3.572172,3.569,3.575,68878,68906,0,0,0,0
2023-07-19T12:00:00Z,29,,,,0.231966,0.229,0.236,31.303448,31.3,31.4,3.570655,3.567,3.575,68907,68935,0,0,0,0
2023-07-19T13:00:00Z,29,,,,0.231862,0.229,0.234,31.3,31.3,31.3,3.567828,3.565,3.57,68936,68964,0,0,0,0
2023-07-19T14:00:00Z,29,,,,0.231552,0.229,0.233,31.3,31.3,31.3,3.566552,3.564,3.57,68965,68993,0,0,0,0
2023-07-19T15:00:00Z,30,,,,0.2313,0.229,0.234,31.3,31.2,31.4,3.563667,3.56,3.569,68994,69023,0,0,0,0
2023-07-19T16:00:00Z,29,,,,0.232241,0.229,0.234,31.275862,31.2,31.3,3.561759,3.559,3.565,69024,69052,0,0,0,0
2023-07-19T17:00:00Z,29,,,,0.231103,0.228,0.233,31.262069,31.2,31.3,3.560034,3.559,3.564,69053,69081,0,0,0,0
2023-07-19T18:00:00Z,28,,,,0.231893,0.229,0.236,31.210714,31.1,31.3,3.558429,3.555,3.562,69082,69110,0,0,0,0
2023-07-19T19:00:00Z,29,,,,0.231828,0.229,0.235,31.144828,31.1,31.2,3.556586,3.555,3.559,69111,69139,0,0,0,0
2023-07-19T20:00:00Z,29,,,,0.23169,0.228,0.237,31.155172,31.1,31.3,3.556172,3.554,3.559,69140,69168,0,0,0,0
2023-07-19T21:00:00Z,29,,,,0.232069,0.23,0.235,31.103448,31,31.2,3.554345,3.554,3.557,69169,69198,0,0,0,0
2023-07-19T22:00:00Z,29,,,,0.232,0.229,0.235,31.065517,30.9,31.1,3.553241,3.552,3.555,69199,69227,0,0,0,0
2023-07-19T23:00:00Z,29,,,,0.231448,0.229,0.233,31.017241,30.9,31.1,3.552759,3.552,3.554,69228,69256,0,0,0,0
2023-07-20T00:00:00Z,29,,,,0.231793,0.229,0.233,30.996552,30.9,31.1,3.552414,3.552,3.554,69257,69285,0,0,0,0
2023-07-20T01:00:00Z,25,,,,0.23168,0.229,0.235,31.004,30.9,31.1,3.5512,3.55,3.552,69286,69314,0,0,0,0
2023-07-20T02:00:00Z,29,,,,0.231931,0.229,0.236,31.062069,30.9,31.2,3.55069,3.549,3.552,69315,69343,0,0,0,0
2023-07-20T03:00:00Z,30,,,,0.2317,0.229,0.235,31.16,31.1,31.3,3.549833,3.549,3.552,69344,69373,0,0,0,0
2023-07-20T04:00:00Z,29,,,,0.231621,0.229,0.234,31.193103,31.1,31.3,3.548621,3.547,3.55,69374,69402,0,0,0,0
2023-07-20T05:00:00Z,29,,,,0.230931,0.229,0.233,31.182759,31.1,31.3,3.547172,3.545,3.55,69403,69431,0,0,0,0
2023-07-20T06:00:00Z,29,,,,0.231931,0.229,0.235,31.286207,31.2,31.3,3.546172,3.544,3.549,69432,69460,0,0,0,0
2023-07-20T07:00:00Z,29,,,,0.231414,0.229,0.233,31.27931,31.2,31.3,3.544241,3.542,3.547,69461,69489,0,0,0,0
2023-07-20T08:00:00Z,29,,,,0.231759,0.229,0.235,31.168966,31.1,31.3,3.542517,3.541,3.545,69490,69518,0,0,0,0
2023-07-20T09:00:00Z,29,,,,0.232103,0.229,0.235,31.1,31,31.2,3.542345,3.539,3.545,69519,69547,0,0,0,0
2023-07-20T10:00:00Z,30,,,,0.231767,0.229,0.235,31.06,30.9,31.1,3.5412,3.537,3.544,69548,69577,0,0,0,0
2023-07-20T11:00:00Z,29,,,,0.231931,0.229,0.235,31.006897,30.9,31.1,3.539034,3.537,3.542,69578,69606,0,0,0,0
2023-07-20T12:00:00Z,29,,,,0.232138,0.229,0.236,30.982759,30.9,31.1,3.538172,3.536,3.542,69607,69635,0,0,0,0
2023-07-20T13:00:00Z,29,,,,0.232138,0.229,0.236,30.986207,30.9,31.1,3.537966,3.536,3.542,69636,69664,0,0,0,0
2023-07-20T14:00:00Z,29,,,,0.232241,0.229,0.234,30.948276,30.8,31.1,3.53669,3.534,3.539,69665,69693,0,0,0,0
2023-07-20T15:00:00Z,29,,,,0.232172,0.229,0.236,30.896552,30.8,31,3.53569,3.534,3.537,69694,69722,0,0,0,0
2023-07-20T16:00:00Z,29,,,,0.231897,0.23,0.234,30.9,30.8,31,3.534621,3.532,3.537,69723,69751,0,0,0,0
2023-07-20T17:00:00Z,30,,,,0.232167,0.23,0.234,30.873333,30.8,31,3.533833,3.532,3.537,69752,69781,0,0,0,0
2023-07-20T18:00:00Z,29,,,,0.232138,0.229,0.234,30.796552,30.7,30.9,3.532759,3.531,3.536,69782,69810,0,0,0,0
2023-07-20T19:00:00Z,29,,,,0.231207,0.229,0.235,30.731034,30.7,30.8,3.531241,3.529,3.534,69811,69839,0,0,0,0
2023-07-20T20:00:00Z,29,,,,0.23231,0.229,0.236,30.675862,30.6,30.7,3.530138,3.529,3.532,69840,69868,0,0,0,0
2023-07-20T21:00:00Z,29,,,,0.231655,0.228,0.235,30.610345,30.6,30.7,3.529828,3.527,3.532,69869,69897,0,0,0,0
2023-07-20T22:00:00Z,29,,,,0.23231,0.23,0.235,30.6,30.6,30.6,3.528966,3.527,3.532,69898,69926,0,0,0,0
2023-07-20T23:00:00Z,30,,,,0.232367,0.23,0.234,30.6,30.6,30.6,3.528233,3.526,3.531,69927,69956,0,0,0,0
2023-07-21T00:00:00Z,29,,,,0.232552,0.23,0.235,30.617241,30.6,30.7,3.527448,3.526,3.531,69957,69985,0,0,0,0
2023-07-21T01:00:00Z,29,,,,0.232,0.23,0.234,30.696552,30.6,30.7,3.526828,3.526,3.529,69986,70014,0,0,0,0
2023-07-21T02:00:00Z,29,,,,0.232069,0.229,0.235,30.775862,30.7,30.9,3.525793,3.522,3.529,70015,70043,0,0,0,0
2023-07-21T03:00:00Z,29,,,,0.232207,0.23,0.235,30.834483,30.7,31,3.524897,3.522,3.529,70044,70072,0,0,0,0
2023-07-21T04:00:00Z,29,,,,0.231552,0.229,0.235,30.741379,30.7,30.8,3.52331,3.521,3.526,70073,70101,0,0,0,0
2023-07-21T05:00:00Z,29,,,,0.231828,0.229,0.234,30.748276,30.7,30.8,3.522,3.519,3.524,70102,70130,0,0,0,0
2023-07-21T06:00:00Z,30,,,,0.2323,0.23,0.235,30.96,30.8,31.1,3.5215,3.519,3.524,70131,70160,0,0,0,0
2023-07-21T07:00:00Z,29,,,,0.232207,0.229,0.235,30.824138,30.7,30.9,3.52031,3.517,3.522,70161,70189,0,0,0,0
2023-07-21T08:00:00Z,29,,,,0.231655,0.229,0.234,30.817241,30.7,30.9,3.518276,3.516,3.521,70190,70218,0,0,0,0
2023-07-21T09:00:00Z,29,,,,0.231931,0.229,0.236,30.803448,30.7,30.9,3.51831,3.516,3.521,70219,70247,0,0,0,0
2023-07-21T10:00:00Z,29,,,,0.231862,0.23,0.234,30.696552,30.6,30.8,3.515759,3.514,3.519,70248,70276,0,0,0,0
2023-07-21T11:00:00Z,29,,,,0.232172,0.23,0.235,30.610345,30.6,30.7,3.514828,3.512,3.517,70277,70305,0,0,0,0
2023-07-21T12:00:00Z,29,,,,0.231897,0.229,0.235,30.603448,30.6,30.7,3.513931,3.511,3.517,70306,70334,0,0,0,0
2023-07-21T13:00:00Z,29,,,,0.232517,0.23,0.235,30.589655,30.5,30.6,3.511828,3.509,3.516,70335,70363,0,0,0,0
2023-07-21T14:00:00Z,29,,,,0.232345,0.229,0.236,30.593103,30.5,30.6,3.510552,3.509,3.514,70364,70392,0,0,0,0
2023-07-21T15:00:00Z,29,,,,0.232414,0.23,0.235,30.544828,30.5,30.6,3.509,3.506,3.512,70393,70421,0,0,0,0
2023-07-21T16:00:00Z,30,,,,0.2323,0.23,0.234,30.506667,30.4,30.6,3.5082,3.506,3.511,70422,70451,0,0,0,0
2023-07-21T17:00:00Z,29,,,,0.23269,0.23,0.235,30.458621,30.4,30.6,3.506414,3.504,3.509,70452,70480,0,0,0,0
2023-07-21T18:00:00Z,29,,,,0.233,0.23,0.236,30.42069,30.4,30.5,3.505138,3.503,3.508,70481,70509,0,0,0,0
2023-07-21T19:00:00Z,29,,,,0.232345,0.23,0.235,30.393103,30.3,30.5,3.503724,3.503,3.506,70510,70538,0,0,0,0
2023-07-21T20:00:00Z,29,,,,0.232552,0.23,0.236,30.358621,30.3,30.4,3.502276,3.501,3.506,70539,70567,0,0,0,0
2023-07-21T21:00:00Z,30,,,,0.232467,0.23,0.235,30.32,30.3,30.4,3.501267,3.499,3.503,70568,70597,0,0,0,0
2023-07-21T22:00:00Z,29,,,,0.232517,0.23,0.235,30.303448,30.3,30.4,3.500379,3.499,3.503,70598,70626,0,0,0,0
2023-07-21T23:00:00Z,17,,,,0.232765,0.231,0.235,30.447059,30.3,30.8,3.499235,3.496,3.501,70627,70650,0,0,0,0
2023-07-22T00:00:00Z,6,,,,0.231833,0.23,0.233,30.683333,30.6,30.7,3.492,3.488,3.499,70655,70676,0,0,0,0
2023-07-22T01:00:00Z,19,,,,0.232421,0.23,0.235,30.621053,30.5,31,3.480526,3.478,3.484,70689,70707,0,0,0,0
2023-07-22T02:00:00Z,29,,,,0.23231,0.23,0.236,30.565517,30.5,30.6,3.476207,3.473,3.479,70708,70736,0,0,0,0
2023-07-22T03:00:00Z,29,,,,0.232069,0.23,0.234,30.603448,30.5,30.7,3.471448,3.468,3.475,70737,70765,0,0,0,0
2023-07-22T04:00:00Z,29,,,,0.232655,0.23,0.236,30.606897,30.6,30.7,3.466448,3.463,3.47,70766,70794,0,0,0,0
2023-07-22T05:00:00Z,29,,,,0.231862,0.23,0.233,30.603448,30.6,30.7,3.461138,3.458,3.465,70795,70823,0,0,0,0
2023-07-22T06:00:00Z,29,,,,0.231793,0.23,0.234,30.665517,30.6,30.8,3.456,3.453,3.46,70824,70852,0,0,0,0
2023-07-22T07:00:00Z,30,,,,0.2322,0.23,0.236,30.743333,30.7,30.8,3.451433,3.448,3.456,70853,70882,0,0,0,0
2023-07-22T08:00:00Z,29,,,,0.231897,0.23,0.234,30.765517,30.7,30.8,3.448103,3.446,3.451,70883,70911,0,0,0,0
2023-07-22T09:00:00Z,29,,,,0.231966,0.229,0.235,30.748276,30.6,30.9,3.445621,3.443,3.448,70912,70940,0,0,0,0
2023-07-22T10:00:00Z,29,,,,0.232207,0.23,0.235,30.603448,30.6,30.7,3.441517,3.438,3.446,70941,70969,0,0,0,0
2023-07-22T11:00:00Z,29,,,,0.23269,0.23,0.235,30.57931,30.5,30.6,3.435138,3.43,3.44,70970,70998,0,0,0,0
2023-07-22T12:00:00Z,30,,,,0.232467,0.23,0.235,30.496667,30.4,30.6,3.428633,3.425,3.433,70999,71028,0,0,0,0
2023-07-22T13:00:00Z,29,,,,0.232414,0.23,0.236,30.4,30.4,30.4,3.422241,3.418,3.427,71029,71057,0,0,0,0
2023-07-22T14:00:00Z,29,,,,0.232483,0.23,0.235,30.424138,30.4,30.5,3.41731,3.412,3.422,71058,71086,0,0,0,0
2023-07-22T15:00:00Z,29,,,,0.23231,0.23,0.236,30.437931,30.4,30.5,3.411,3.405,3.417,71087,71115,0,0,0,0
2023-07-22T16:00:00Z,30,,,,0.2328,0.23,0.236,30.41,30.4,30.5,3.4034,3.399,3.409,71116,71145,0,0,0,0
2023-07-22T17:00:00Z,29,,,,0.232552,0.23,0.235,30.403448,30.4,30.5,3.39769,3.395,3.402,71146,71174,0,0,0,0
2023-07-22T18:00:00Z,29,,,,0.232759,0.23,0.236,30.37931,30.3,30.4,3.394,3.392,3.395,71175,71203,0,0,0,0
2023-07-22T19:00:00Z,29,,,,0.233103,0.23,0.237,30.331034,30.3,30.4,3.388828,3.385,3.392,71204,71232,0,0,0,0
2023-07-22T20:00:00Z,29,,,,0.232552,0.23,0.234,30.327586,30.3,30.4,3.382103,3.377,3.389,71233,71261,0,0,0,0
2023-07-22T21:00:00Z,30,,,,0.232567,0.23,0.235,30.296667,30.2,30.4,3.374,3.369,3.379,71262,71291,0,0,0,0
2023-07-22T22:00:00Z,29,,,,0.232655,0.23,0.236,30.262069,30.2,30.3,3.367828,3.364,3.371,71292,71320,0,0,0,0
2023-07-22T23:00:00Z,29,,,,0.232931,0.231,0.236,30.27931,30.2,30.3,3.361828,3.357,3.366,71321,71349,0,0,0,0
2023-07-23T00:00:00Z,29,,,,0.232034,0.23,0.236,30.368966,30.3,30.5,3.352276,3.347,3.357,71350,71378,0,0,0,0
2023-07-23T01:00:00Z,29,,,,0.231172,0.228,0.235,30.417241,30.3,30.5,3.343828,3.341,3.346,71379,71407,0,0,0,0
2023-07-23T02:00:00Z,30,,,,0.2295,0.228,0.233,30.5,30.4,30.6,3.338933,3.333,3.343,71408,71437,0,0,0,0
2023-07-23T03:00:00Z,29,,,,0.228069,0.226,0.232,30.455172,30.4,30.5,3.329655,3.324,3.334,71438,71466,0,0,0,0
2023-07-23T04:00:00Z,29,,,,0.227207,0.223,0.23,30.437931,30.4,30.5,3.31931,3.314,3.326,71467,71495,0,0,0,0
2023-07-23T05:00:00Z,29,,,,0.224379,0.222,0.227,30.4,30.3,30.5,3.310621,3.305,3.316,71496,71524,0,0,0,0
2023-07-23T06:00:00Z,29,,,,0.223103,0.221,0.226,30.258621,30.1,30.4,3.297931,3.291,3.303,71525,71553,0,0,0,0
2023-07-23T07:00:00Z,30,,,,0.221733,0.218,0.226,30.1,30.1,30.1,3.289333,3.286,3.293,71554,71583,0,0,0,0
2023-07-23T08:00:00Z,29,,,,0.219241,0.216,0.223,30.1,30.1,30.1,3.280621,3.273,3.286,71584,71612,0,0,0,0
2023-07-23T09:00:00Z,29,,,,0.217414,0.213,0.22,30.1,30.1,30.1,3.269069,3.263,3.277,71613,71641,0,0,0,0
2023-07-23T10:00:00Z,29,,,,0.214586,0.212,0.219,30.1,30.1,30.1,3.257655,3.252,3.267,71642,71670,0,0,0,0
2023-07-23T11:00:00Z,29,,,,0.212,0.209,0.216,30.096552,30,30.1,3.244724,3.237,3.252,71671,71699,0,0,0,0
2023-07-23T12:00:00Z,30,,,,0.209467,0.207,0.214,30.066667,30,30.1,3.234633,3.229,3.239,71700,71729,0,0,0,0
2023-07-23T13:00:00Z,29,,,,0.207103,0.203,0.21,30.010345,30,30.1,3.221069,3.214,3.229,71730,71758,0,0,0,0
2023-07-23T14:00:00Z,29,,,,0.204517,0.202,0.208,29.975862,29.9,30,3.206172,3.199,3.214,71759,71787,0,0,0,0
2023-07-23T15:00:00Z,29,,,,0.202483,0.199,0.206,29.855172,29.8,30,3.190138,3.184,3.199,71788,71816,0,0,0,0
2023-07-23T16:00:00Z,28,,,,0.199214,0.196,0.203,29.721429,29.6,30,3.176964,3.166,3.184,71817,71845,0,0,0,0
2023-07-23T17:00:00Z,29,,,,0.187379,0.177,0.202,29.372414,29.1,29.7,3.143172,3.13,3.168,1,71854,0,0,0,0
2023-07-23T18:00:00Z,29,,,,0.179897,0.176,0.184,29.148276,29.1,29.2,3.114897,3.1,3.128,1,1,0,0,0,0
2023-07-23T19:00:00Z,29,,,,0.174931,0.171,0.179,29.103448,29.1,29.2,3.085172,3.074,3.1,1,1,0,0,0,0
2023-07-23T20:00:00Z,29,,,,0.169276,0.163,0.175,29.37931,29.2,29.6,3.056172,3.037,3.074,1,1,0,0,0,0
2023-07-23T21:00:00Z,29,,,,0.160138,0.155,0.165,41.982759,29.6,61.8,3.021103,3.001,3.039,1,1,0,0,11,0
2023-07-23T22:00:00Z,29,,,,0.155,0.155,0.155,61.462069,61,61.8,2.980207,2.958,3.001,1,1,0,0,29,0
2023-07-23T23:00:00Z,20,,,,0.155,0.155,0.155,60.615,60.2,60.9,2.938,2.918,2.956,1,1,0,0,20,0
2023-07-30T02:00:00Z,20,,,,0.2443,0.206,0.267,25.76,15.5,33.8,3.57875,2.577,3.836,1,20,0,0,0,0
2023-07-30T03:00:00Z,29,,,,0.230069,0.201,0.262,22.972414,15.5,36.5,3.992828,3.849,4.083,21,49,0,0,0,0
2023-07-30T04:00:00Z,29,,,,0.235069,0.202,0.262,25.355172,15.5,37.7,4.122966,4.09,4.143,50,78,0,0,0,0
2023-07-30T05:00:00Z,30,,,,0.240167,0.205,0.265,25.043333,15.5,37,4.155933,4.139,4.169,79,108,0,0,0,0
2023-07-30T06:00:00Z,29,,,,0.241517,0.213,0.267,23.568966,15.5,39,4.177724,4.169,4.186,109,137,0,0,0,0
2023-07-30T07:00:00Z,29,,,,0.246069,0.215,0.269,23.031034,15.5,33,4.150655,4.138,4.184,138,166,0,0,0,0
2023-07-30T08:00:00Z,29,,,,0.240483,0.209,0.265,22.582759,15.5,34.6,4.135172,4.133,4.139,167,195,0,0,0,0
2023-07-30T09:00:00Z,29,,,,0.239655,0.202,0.265,23.493103,15.5,34.5,4.130793,4.128,4.133,196,224,0,0,0,0
2023-07-30T10:00:00Z,28,,,,0.238893,0.212,0.266,22.146429,15.5,32,4.126,4.121,4.131,225,253,0,0,0,0
2023-07-30T11:00:00Z,30,,,,0.240367,0.216,0.267,22.13,15.6,28.3,4.121133,4.116,4.126,254,283,0,0,0,0
2023-07-30T12:00:00Z,29,,,,0.239103,0.217,0.267,21.827586,17.9,26.6,4.117379,4.115,4.121,284,312,0,0,0,0
2023-07-30T13:00:00Z,29,,,,0.240793,0.215,0.267,21.637931,15.7,28.7,4.115448,4.111,4.12,313,341,0,0,0,0
2023-07-30T14:00:00Z,29,,,,0.243172,0.216,0.264,22.744828,15.5,28.6,4.113483,4.111,4.116,343,370,0,0,0,0
2023-07-30T15:00:00Z,30,,,,0.236733,0.206,0.265,21.986667,15.5,32.1,4.1121,4.108,4.115,371,400,0,0,0,0
2023-07-30T16:00:00Z,29,,,,0.23231,0.208,0.263,21.896552,15.5,32.6,4.109966,4.106,4.113,401,429,0,0,0,0
2023-07-30T17:00:00Z,29,,,,0.239034,0.206,0.268,24.22069,15.5,34.7,4.108172,4.106,4.113,430,458,0,0,0,0
2023-07-30T18:00:00Z,29,,,,0.235483,0.206,0.266,22.934483,15.5,34.1,4.107138,4.106,4.111,459,487,0,0,0,0
2023-07-30T19:00:00Z,24,,,,0.235583,0.206,0.264,22.579167,15.5,34.3,4.107208,4.105,4.11,488,516,0,0,0,0
2023-07-30T20:00:00Z,17,,,,0.234941,0.203,0.264,23.670588,17.4,34.3,4.106588,4.105,4.11,521,544,0,0,0,0
2023-07-30T21:00:00Z,29,,,,0.231,0.204,0.264,22.72069,15.5,34.9,4.105759,4.105,4.108,545,573,0,0,0,0
2023-07-30T22:00:00Z,29,,,,0.23069,0.205,0.266,22.124138,15.5,34.1,4.105379,4.105,4.108,574,602,0,0,0,0
2023-07-30T23:00:00Z,29,,,,0.238552,0.207,0.266,24.417241,15.5,34.4,4.105103,4.103,4.106,603,631,0,0,0,0
2023-07-31T00:00:00Z,30,,,,0.2395,0.206,0.264,24.123333,15.5,34,4.104867,4.103,4.106,632,661,0,0,0,0
2023-07-31T01:00:00Z,29,,,,0.238103,0.206,0.263,24.513793,15.5,35.9,4.104897,4.103,4.106,662,690,0,0,0,0
2023-07-31T02:00:00Z,29,,,,0.235724,0.203,0.265,24.610345,15.5,36.1,4.104138,4.102,4.106,691,719,0,0,0,0
2023-07-31T03:00:00Z,29,,,,0.234552,0.207,0.265,24.789655,15.5,36,4.104069,4.102,4.105,720,748,0,0,0,0
2023-07-31T04:00:00Z,29,,,,0.232793,0.204,0.263,23.186207,15.5,35.5,4.103034,4.102,4.105,749,777,0,0,0,0
2023-07-31T05:00:00Z,30,,,,0.236433,0.208,0.262,24.193333,15.5,34.9,4.102633,4.1,4.105,778,807,0,0,0,0
2023-07-31T06:00:00Z,29,,,,0.232759,0.208,0.262,23.3,15.5,35.7,4.102379,4.1,4.105,808,836,0,0,0,0
2023-07-31T07:00:00Z,29,,,,0.238345,0.205,0.263,25.106897,15.5,35.1,4.101517,4.1,4.105,837,865,0,0,0,0
2023-07-31T08:00:00Z,29,,,,0.231,0.206,0.263,22.824138,15.5,35,4.100759,4.098,4.105,866,894,0,0,0,0
2023-07-31T09:00:00Z,29,,,,0.236621,0.207,0.264,24.924138,17.1,35.9,4.100517,4.098,4.103,895,923,0,0,0,0
2023-07-31T10:00:00Z,29,,,,0.233793,0.204,0.261,25.251724,15.5,36.4,4.099655,4.097,4.103,924,952,0,0,0,0
2023-07-31T11:00:00Z,27,,,,0.230333,0.204,0.261,24.288889,15.5,36.9,4.099519,4.095,4.103,953,982,0,0,0,0
2023-07-31T12:00:00Z,29,,,,0.234862,0.203,0.261,26.124138,15.7,36.9,4.098862,4.095,4.102,983,1011,0,0,0,0
2023-07-31T13:00:00Z,29,,,,0.237172,0.207,0.262,25.703448,15.5,36.1,4.098,4.093,4.102,1012,1040,0,0,0,0
2023-07-31T14:00:00Z,29,,,,0.236448,0.2,0.27,23.817241,15.5,37.5,4.097414,4.093,4.102,1041,1069,0,0,0,0
2023-07-31T15:00:00Z,29,,,,0.235276,0.205,0.267,21.596552,15.5,36.7,4.096241,4.092,4.1,1070,1098,0,0,0,0
2023-07-31T16:00:00Z,28,,,,0.246679,0.216,0.271,22.853571,15.5,31.6,4.096464,4.093,4.1,1099,1127,0,0,0,0
2023-07-31T17:00:00Z,30,,,,0.2377,0.212,0.266,21.376667,15.5,33,4.095867,4.093,4.1,1128,1157,0,0,0,0
2023-07-31T18:00:00Z,28,,,,0.238857,0.204,0.262,26.410714,15.8,37.8,4.095893,4.093,4.1,1158,1186,0,0,0,0
2023-07-31T19:00:00Z,29,,,,0.237931,0.201,0.267,23.296552,15.9,33.5,4.09531,4.092,4.1,1187,1215,0,0,0,0
2023-07-31T20:00:00Z,28,,,,0.2385,0.208,0.268,20.489286,15.5,29.4,4.094393,4.092,4.1,1216,1244,0,0,0,0
2023-07-31T21:00:00Z,29,,,,0.241517,0.208,0.267,21.517241,15.5,32.9,4.094483,4.092,4.1,1245,1273,0,0,0,0
2023-07-31T22:00:00Z,29,,,,0.238448,0.207,0.267,21.968966,15.5,30.4,4.094759,4.092,4.098,1274,1302,0,0,0,0
2023-07-31T23:00:00Z,30,,,,0.236667,0.21,0.265,22.266667,15.5,34.6,4.095,4.092,4.1,1303,1332,0,0,0,0
2023-08-01T00:00:00Z,29,,,,0.244034,0.211,0.266,22.165517,15.5,30.1,4.094034,4.092,4.1,1333,1361,0,0,0,0
2023-08-01T01:00:00Z,29,,,,0.237724,0.214,0.267,21.313793,15.5,31.1,4.093828,4.092,4.098,1362,1390,0,0,0,0
2023-08-01T02:00:00Z,29,,,,0.242207,0.204,0.263,23.386207,15.5,32.8,4.094,4.092,4.098,1391,1419,0,0,0,0
2023-08-01T03:00:00Z,29,,,,0.236379,0.205,0.263,23.948276,15.5,35.2,4.093276,4.09,4.097,1420,1448,0,0,0,0
2023-08-01T04:00:00Z,30,,,,0.2264,0.194,0.261,28.55,15.5,44.1,4.093033,4.092,4.097,1449,1478,0,0,0,0
2023-08-01T05:00:00Z,29,,,,0.219552,0.194,0.253,27.686207,20,42.4,4.093931,4.09,4.098,1479,1507,0,0,0,0
2023-08-01T06:00:00Z,29,,,,0.227448,0.198,0.258,29.675862,15.5,42.6,4.09269,4.088,4.097,1508,1536,0,0,0,0
2023-08-01T07:00:00Z,29,,,,0.234172,0.196,0.263,29.175862,16.4,41.9,4.091828,4.09,4.097,1537,1565,0,0,0,0
2023-08-01T08:00:00Z,29,,,,0.23231,0.208,0.264,22.248276,15.5,36.3,4.091517,4.09,4.095,1566,1594,0,0,0,0
2023-08-01T09:00:00Z,30,,,,0.232067,0.203,0.263,23.213333,15.5,36.2,4.091,4.088,4.095,1595,1624,0,0,0,0
2023-08-01T10:00:00Z,29,,,,0.231862,0.204,0.262,29.834483,16.9,41.6,4.090586,4.088,4.093,1625,1653,0,0,0,0
2023-08-01T11:00:00Z,29,,,,0.226207,0.198,0.255,29.289655,18.2,41.8,4.091172,4.09,4.095,1654,1682,0,0,0,0
2023-08-01T12:00:00Z,29,,,,0.233552,0.203,0.257,29.137931,16.9,39.5,4.090897,4.088,4.093,1683,1711,0,0,0,0
2023-08-01T13:00:00Z,29,,,,0.231,0.2,0.256,26.237931,17.5,37.4,4.091483,4.088,4.095,1712,1740,0,0,0,0
2023-08-01T14:00:00Z,30,,,,0.227933,0.198,0.258,28.2,17.1,39.2,4.090667,4.088,4.093,1741,1770,0,0,0,0
2023-08-01T15:00:00Z,29,,,,0.229448,0.201,0.259,26.365517,16.8,38.8,4.090276,4.088,4.093,1771,1799,0,0,0,0
2023-08-01T16:00:00Z,29,,,,0.230345,0.199,0.259,25.262069,16.4,37.6,4.089448,4.088,4.092,1800,1828,0,0,0,0
2023-08-01T17:00:00Z,29,,,,0.230345,0.199,0.26,27.086207,15.9,38.7,4.089621,4.085,4.093,1829,1857,0,0,0,0
2023-08-01T18:00:00Z,29,,,,0.233,0.204,0.26,25.527586,15.5,38.7,4.088759,4.087,4.092,1858,1886,0,0,0,0
2023-08-01T19:00:00Z,30,,,,0.230733,0.201,0.263,24.666667,15.7,36.7,4.088967,4.087,4.092,1887,1916,0,0,0,0
2023-08-01T20:00:00Z,29,,,,0.23,0.204,0.258,23.97931,15.8,36.7,4.088966,4.085,4.092,1917,1945,0,0,0,0
2023-08-01T21:00:00Z,29,,,,0.22969,0.2,0.264,24.868966,15.5,37.9,4.088862,4.087,4.092,1946,1974,0,0,0,0
2023-08-01T22:00:00Z,28,,,,0.224357,0.198,0.26,24.960714,16.8,38.7,4.088357,4.085,4.092,1975,2003,0,0,0,0
2023-08-01T23:00:00Z,29,,,,0.231862,0.197,0.258,28.051724,16.5,39.3,4.087655,4.085,4.092,2004,2032,0,0,0,0
2023-08-02T00:00:00Z,30,,,,0.227933,0.198,0.258,25.483333,16.2,38.9,4.087567,4.085,4.092,2033,2062,0,0,0,0
2023-08-02T01:00:00Z,29,,,,0.237276,0.203,0.259,28.506897,16.4,38.9,4.087483,4.085,4.09,2063,2091,0,0,0,0
2023-08-02T02:00:00Z,29,,,,0.223103,0.198,0.256,25.796552,17.1,39.1,4.08831,4.085,4.092,2092,2120,0,0,0,0
2023-08-02T03:00:00Z,29,,,,0.230759,0.201,0.257,27.203448,17.2,38.3,4.087,4.085,4.09,2121,2149,0,0,0,0
2023-08-02T04:00:00Z,29,,,,0.229621,0.198,0.258,27.310345,16.4,39.4,4.087241,4.085,4.09,2150,2178,0,0,0,0
2023-08-02T05:00:00Z,29,,,,0.222724,0.216,0.247,24.503448,20.6,27.4,4.079793,4.077,4.087,2179,2207,0,0,0,0
2023-08-02T06:00:00Z,30,,,,0.221433,0.215,0.229,24.76,22.6,27.4,4.078333,4.077,4.08,2208,2237,0,0,0,0
2023-08-02T07:00:00Z,29,,,,0.221759,0.217,0.229,25.468966,22.3,27.6,4.077724,4.075,4.08,2238,2266,0,0,0,0
2023-08-02T08:00:00Z,29,,,,0.221517,0.215,0.228,24.906897,22.4,28.1,4.076345,4.073,4.078,2267,2295,0,0,0,0
2023-08-02T09:00:00Z,29,,,,0.222172,0.216,0.228,24.637931,22.2,27.2,4.074966,4.072,4.078,2296,2324,0,0,0,0
2023-08-02T10:00:00Z,29,,,,0.222172,0.216,0.23,24.831034,22.3,27.2,4.073448,4.07,4.077,2325,2353,0,0,0,0
2023-08-02T11:00:00Z,30,,,,0.222867,0.215,0.231,25.193333,22.3,27.2,4.073067,4.07,4.077,2354,2383,0,0,0,0
2023-08-02T12:00:00Z,24,,,,0.222958,0.217,0.228,25,22.5,27.1,4.072375,4.07,4.075,2384,2410,0,0,0,0
2023-08-02T13:00:00Z,7,,,,0.223143,0.217,0.227,26.028571,24.2,27.2,4.069429,4.067,4.072,2412,2430,0,0,0,0
2023-08-02T14:00:00Z,5,,,,0.2218,0.221,0.223,26.3,24.5,27.3,4.0674,4.064,4.07,2441,2465,0,0,0,0
2023-08-02T15:00:00Z,30,,,,0.221233,0.215,0.226,25.54,23.2,27.8,4.0654,4.064,4.069,2466,2495,0,0,0,0
2023-08-02T16:00:00Z,29,,,,0.220724,0.215,0.228,25.144828,23.3,27.9,4.063966,4.062,4.067,2496,2524,0,0,0,0
2023-08-02T17:00:00Z,29,,,,0.222448,0.216,0.228,25.868966,23.4,28,4.062966,4.06,4.067,2525,2553,0,0,0,0
2023-08-02T18:00:00Z,29,,,,0.220379,0.215,0.228,25.210345,23.1,28,4.061655,4.059,4.065,2554,2582,0,0,0,0
2023-08-02T19:00:00Z,29,,,,0.221621,0.215,0.227,25.396552,22.9,27.8,4.061448,4.059,4.065,2583,2611,0,0,0,0
2023-08-02T20:00:00Z,29,,,,0.219414,0.215,0.228,24.955172,23.1,27.7,4.059931,4.057,4.064,2612,2640,0,0,0,0
2023-08-02T21:00:00Z,30,,,,0.222,0.215,0.228,25.803333,23,27.8,4.059667,4.055,4.064,2641,2670,0,0,0,0
2023-08-02T22:00:00Z,29,,,,0.221931,0.215,0.228,25.531034,22.8,27.9,4.058483,4.057,4.06,2671,2699,0,0,0,0
2023-08-02T23:00:00Z,29,,,,0.221621,0.215,0.227,25.686207,23,27.7,4.057414,4.054,4.06,2700,2728,0,0,0,0
2023-08-03T00:00:00Z,29,,,,0.221862,0.215,0.228,25.213793,23,27.7,4.056172,4.052,4.06,2729,2757,0,0,0,0
2023-08-03T01:00:00Z,29,,,,0.220103,0.215,0.227,25.182759,22.8,27.7,4.056241,4.054,4.059,2758,2786,0,0,0,0
2023-08-03T02:00:00Z,30,,,,0.2202,0.215,0.226,25.163333,22.8,27.8,4.055733,4.054,4.059,2787,2816,0,0,0,0
2023-08-03T03:00:00Z,29,,,,0.221414,0.215,0.227,25.293103,23,27.8,4.055103,4.054,4.059,2817,2845,0,0,0,0
2023-08-03T04:00:00Z,29,,,,0.222379,0.217,0.23,25.462069,23.2,27.7,4.054345,4.052,4.057,2846,2874,0,0,0,0
2023-08-03T05:00:00Z,29,,,,0.22131,0.215,0.229,25.434483,23.1,27.7,4.054759,4.052,4.059,2875,2903,0,0,0,0
2023-08-03T06:00:00Z,29,,,,0.219621,0.215,0.228,24.855172,22.9,27.9,4.053897,4.052,4.057,2904,2932,0,0,0,0
2023-08-03T07:00:00Z,30,,,,0.223367,0.215,0.229,25.7,23,27.7,4.0529,4.052,4.055,2933,2962,0,0,0,0
2023-08-03T08:00:00Z,29,,,,0.221034,0.215,0.228,25.67931,23,27.8,4.052759,4.05,4.055,2963,2991,0,0,0,0
2023-08-03T09:00:00Z,29,,,,0.221379,0.215,0.229,25.534483,23.2,28.1,4.052034,4.05,4.055,2992,3020,0,0,0,0
2023-08-03T10:00:00Z,29,,,,0.221103,0.215,0.228,25.637931,23.4,27.8,4.051241,4.049,4.054,3021,3049,0,0,0,0
2023-08-03T11:00:00Z,29,,,,0.220379,0.215,0.226,25.410345,23.6,27.9,4.051172,4.049,4.054,3050,3078,0,0,0,0
2023-08-03T12:00:00Z,30,,,,0.220033,0.215,0.227,25.483333,23.5,27.9,4.050567,4.049,4.054,3079,3108,0,0,0,0
2023-08-03T13:00:00Z,29,,,,0.22,0.215,0.226,25.348276,23.6,28.1,4.049621,4.047,4.052,3109,3137,0,0,0,0
2023-08-03T14:00:00Z,28,,,,0.220393,0.215,0.226,25.778571,23.6,28.1,4.049786,4.047,4.052,3138,3166,0,0,0,0
2023-08-03T15:00:00Z,29,,,,0.221034,0.215,0.228,26.027586,23.5,28.1,4.048793,4.045,4.052,3167,3195,0,0,0,0
2023-08-03T16:00:00Z,29,,,,0.220828,0.215,0.228,25.662069,23.2,28.1,4.048,4.045,4.052,3196,3224,0,0,0,0
2023-08-03T17:00:00Z,29,,,,0.220552,0.215,0.227,25.42069,23.2,28.1,4.047552,4.045,4.052,3225,3253,0,0,0,0
2023-08-03T18:00:00Z,30,,,,0.2212,0.214,0.227,25.956667,23.5,28.1,4.047433,4.045,4.052,3254,3283,0,0,0,0
2023-08-03T19:00:00Z,29,,,,0.220379,0.215,0.227,25.368966,23.3,28,4.046034,4.044,4.049,3284,3312,0,0,0,0
2023-08-03T20:00:00Z,29,,,,0.220517,0.215,0.228,25.644828,23.5,28.1,4.045793,4.042,4.049,3313,3341,0,0,0,0
2023-08-03T21:00:00Z,29,,,,0.219517,0.214,0.228,25.637931,23.5,28.1,4.044,4.04,4.047,3342,3370,0,0,0,0
2023-08-03T22:00:00Z,29,,,,0.221,0.214,0.229,25.941379,23.5,28.4,4.04369,4.04,4.047,3371,3399,0,0,0,0
2023-08-03T23:00:00Z,30,,,,0.2209,0.216,0.227,25.986667,23.3,28,4.043967,4.039,4.049,3400,3429,0,0,0,0
2023-08-04T00:00:00Z,29,,,,0.220724,0.216,0.226,26.013793,23.1,27.9,4.042897,4.04,4.047,3430,3458,0,0,0,0
2023-08-04T01:00:00Z,29,,,,0.220207,0.215,0.228,24.972414,23.1,27.8,4.042034,4.04,4.045,3459,3487,0,0,0,0
2023-08-04T02:00:00Z,29,,,,0.221034,0.214,0.228,25.448276,23,27.8,4.041103,4.039,4.045,3488,3516,0,0,0,0
2023-08-04T03:00:00Z,29,,,,0.219828,0.214,0.226,25.344828,23.1,28.1,4.041,4.037,4.045,3517,3545,0,0,0,0
2023-08-04T04:00:00Z,29,,,,0.220655,0.214,0.228,25.631034,23.3,27.9,4.040483,4.037,4.045,3546,3574,0,0,0,0
2023-08-04T05:00:00Z,30,,,,0.221367,0.215,0.229,25.513333,23.2,28.1,4.0401,4.037,4.045,3575,3604,0,0,0,0
2023-08-04T06:00:00Z,29,,,,0.219379,0.214,0.227,25.086207,23.3,28,4.039759,4.036,4.044,3605,3633,0,0,0,0
2023-08-04T07:00:00Z,29,,,,0.221103,0.215,0.228,26.02069,23.9,28.2,4.038448,4.037,4.042,3634,3662,0,0,0,0
2023-08-04T08:00:00Z,29,,,,0.22031,0.214,0.226,25.589655,23.8,28.1,4.038448,4.036,4.044,3663,3691,0,0,0,0
2023-08-04T09:00:00Z,29,,,,0.220034,0.215,0.228,25.731034,23.7,28.1,4.037517,4.036,4.04,3692,3720,0,0,0,0
2023-08-04T10:00:00Z,30,,,,0.220233,0.215,0.226,25.656667,23.7,27.8,4.037367,4.036,4.04,3721,3750,0,0,0,0
2023-08-04T11:00:00Z,29,,,,0.22031,0.215,0.226,25.77931,23.8,27.9,4.036414,4.034,4.039,3751,3779,0,0,0,0
2023-08-04T12:00:00Z,29,,,,0.221138,0.215,0.228,26.265517,23.7,28.1,4.036138,4.034,4.039,3780,3808,0,0,0,0
2023-08-04T13:00:00Z,29,,,,0.220621,0.215,0.227,26.07931,23.7,28,4.035552,4.032,4.039,3809,3837,0,0,0,0
2023-08-04T14:00:00Z,29,,,,0.220138,0.214,0.228,25.717241,23.6,28,4.03531,4.034,4.039,3838,3866,0,0,0,0
2023-08-04T15:00:00Z,30,,,,0.221233,0.215,0.228,25.886667,23.5,28.1,4.035467,4.032,4.039,3867,3896,0,0,0,0
2023-08-04T16:00:00Z,29,,,,0.220655,0.215,0.227,25.748276,23.6,28,4.033793,4.032,4.039,3897,3925,0,0,0,0
2023-08-04T17:00:00Z,29,,,,0.220793,0.215,0.228,25.558621,23.4,27.7,4.033966,4.032,4.037,3926,3954,0,0,0,0
2023-08-04T18:00:00Z,29,,,,0.22069,0.214,0.226,25.951724,23.3,28,4.034069,4.032,4.037,3955,3983,0,0,0,0
2023-08-04T19:00:00Z,29,,,,0.220897,0.214,0.229,25.503448,23,27.7,4.033241,4.031,4.037,3984,4012,0,0,0,0
2023-08-04T20:00:00Z,30,,,,0.220767,0.215,0.226,25.566667,23.2,27.8,4.033,4.031,4.037,4013,4042,0,0,0,0
2023-08-04T21:00:00Z,29,,,,0.220414,0.213,0.229,25.303448,23.1,27.8,4.032931,4.031,4.036,4043,4071,0,0,0,0
2023-08-04T22:00:00Z,29,,,,0.219586,0.214,0.228,25.068966,23.1,27.9,4.032379,4.029,4.036,4072,4100,0,0,0,0
2023-08-04T23:00:00Z,29,,,,0.220862,0.214,0.226,25.431034,23.3,27.8,4.031759,4.029,4.036,4101,4129,0,0,0,0
2023-08-05T00:00:00Z,29,,,,0.220034,0.214,0.226,25.034483,23.1,27.7,4.031,4.029,4.034,4130,4158,0,0,0,0
2023-08-05T01:00:00Z,30,,,,0.2206,0.215,0.228,25.506667,23.1,27.7,4.030833,4.029,4.034,4159,4188,0,0,0,0
2023-08-05T02:00:00Z,29,,,,0.220345,0.214,0.227,25.362069,23.5,27.7,4.030483,4.029,4.032,4189,4217,0,0,0,0
2023-08-05T03:00:00Z,29,,,,0.220759,0.214,0.228,25.506897,23,27.8,4.030172,4.029,4.032,4218,4246,0,0,0,0
2023-08-05T04:00:00Z,29,,,,0.220448,0.215,0.23,25.206897,23.1,27.9,4.030862,4.029,4.034,4247,4275,0,0,0,0
2023-08-05T05:00:00Z,29,,,,0.221276,0.215,0.226,25.706897,23,27.8,4.030862,4.029,4.034,4276,4304,0,0,0,0
2023-08-05T06:00:00Z,28,,,,0.221571,0.214,0.228,25.989286,23.2,27.8,4.031036,4.029,4.034,4305,4332,0,0,0,0
2023-08-05T07:00:00Z,14,,,,0.222143,0.218,0.228,26.4,23.4,28,4.03,4.029,4.032,4334,4353,0,0,0,0
2023-08-05T08:00:00Z,2,,,,0.221,0.22,0.222,25.85,24.3,27.4,4.0305,4.029,4.032,4363,4367,0,0,0,0
2023-08-05T09:00:00Z,28,,,,0.221214,0.216,0.228,24.907143,23.2,27.7,4.028,4.027,4.029,4390,4417,0,0,0,0
2023-08-05T10:00:00Z,27,,,,0.22237,0.216,0.228,25.337037,23,27.5,4.027741,4.027,4.031,4418,4446,0,0,0,0
2023-08-05T11:00:00Z,28,,,,0.221429,0.217,0.228,25.05,23.2,27.5,4.027714,4.027,4.029,4447,4475,0,0,0,0
2023-08-05T12:00:00Z,28,,,,0.221143,0.215,0.228,25.264286,23,27.5,4.027643,4.027,4.029,4476,4504,0,0,0,0
2023-08-05T13:00:00Z,18,,,,0.221556,0.216,0.228,25.566667,23.1,27.6,4.027667,4.027,4.029,4505,4523,0,0,0,0
2023-08-05T14:00:00Z,26,,,,0.221154,0.215,0.228,25.75,23.1,27.7,4.027154,4.026,4.029,4536,4561,0,0,0,0
2023-08-05T15:00:00Z,29,,,,0.220517,0.215,0.226,25.231034,23,27.7,4.027241,4.026,4.029,4562,4590,0,0,0,0
2023-08-05T16:00:00Z,28,,,,0.22125,0.214,0.228,25.617857,23.3,28.1,4.026857,4.026,4.027,4591,4619,0,0,0,0
2023-08-05T17:00:00Z,29,,,,0.221207,0.215,0.228,25.455172,23.2,28.1,4.027034,4.026,4.029,4620,4648,0,0,0,0
2023-08-05T18:00:00Z,28,,,,0.221179,0.214,0.227,25.957143,23.2,28.1,4.026821,4.026,4.029,4649,4677,0,0,0,0
2023-08-05T19:00:00Z,29,,,,0.221034,0.214,0.228,25.827586,23.3,28,4.026621,4.026,4.027,4678,4706,0,0,0,0
2023-08-05T20:00:00Z,29,,,,0.220448,0.215,0.227,25.748276,23.3,28.1,4.026379,4.024,4.027,4707,4735,0,0,0,0
2023-08-05T21:00:00Z,30,,,,0.221633,0.214,0.228,25.866667,23.1,27.9,4.026267,4.024,4.027,4736,4765,0,0,0,0
2023-08-05T22:00:00Z,29,,,,0.220966,0.214,0.228,25.293103,23.1,27.7,4.026345,4.024,4.027,4766,4794,0,0,0,0
2023-08-05T23:00:00Z,29,,,,0.220793,0.215,0.229,25.348276,23.1,27.9,4.026241,4.024,4.027,4795,4823,0,0,0,0
2023-08-06T00:00:00Z,29,,,,0.223103,0.215,0.229,25.831034,23.1,27.9,4.025897,4.022,4.027,4824,4852,0,0,0,0
2023-08-06T01:00:00Z,29,,,,0.222966,0.216,0.229,25.531034,22.5,27.4,4.025483,4.022,4.027,4853,4881,0,0,0,0
2023-08-06T02:00:00Z,29,,,,0.220793,0.215,0.227,25.07931,22.6,27.6,4.024655,4.022,4.027,4882,4910,0,0,0,0
2023-08-06T03:00:00Z,30,,,,0.2212,0.215,0.228,25.513333,22.8,27.8,4.0251,4.022,4.027,4911,4940,0,0,0,0
2023-08-06T04:00:00Z,29,,,,0.222793,0.214,0.231,25.658621,23.3,27.7,4.024241,4.022,4.027,4941,4969,0,0,0,0
2023-08-06T05:00:00Z,29,,,,0.220586,0.214,0.228,25.196552,22.8,27.9,4.024138,4.022,4.026,4970,4998,0,0,0,0
2023-08-06T06:00:00Z,28,,,,0.219786,0.215,0.227,25.085714,23.2,27.8,4.023964,4.022,4.027,4999,5027,0,0,0,0
2023-08-06T07:00:00Z,29,,,,0.221897,0.215,0.227,26.348276,23.4,27.8,4.024207,4.022,4.026,5028,5056,0,0,0,0
2023-08-06T08:00:00Z,29,,,,0.221724,0.216,0.226,25.824138,23.5,27.8,4.024207,4.021,4.027,5057,5085,0,0,0,0
2023-08-06T09:00:00Z,29,,,,0.219897,0.215,0.227,25.47931,23.3,27.8,4.023207,4.021,4.026,5086,5115,0,0,0,0
2023-08-06T10:00:00Z,29,,,,0.222379,0.215,0.228,26.148276,23.2,28.1,4.021862,4.019,4.026,5116,5144,0,0,0,0
2023-08-06T11:00:00Z,29,,,,0.22069,0.214,0.228,25.834483,23.3,27.9,4.021793,4.021,4.024,5145,5173,0,0,0,0
2023-08-06T12:00:00Z,29,,,,0.220793,0.214,0.227,25.662069,23.3,27.7,4.021793,4.019,4.026,5174,5202,0,0,0,0
2023-08-06T13:00:00Z,29,,,,0.219379,0.214,0.227,25.231034,23.4,27.7,4.019759,4.017,4.024,5203,5231,0,0,0,0
2023-08-06T14:00:00Z,30,,,,0.2213,0.214,0.228,25.773333,23.4,28.1,4.0194,4.016,4.022,5232,5261,0,0,0,0
2023-08-06T15:00:00Z,29,,,,0.220621,0.213,0.226,25.717241,23.3,28.1,4.018966,4.017,4.024,5262,5290,0,0,0,0
2023-08-06T16:00:00Z,29,,,,0.220724,0.214,0.229,25.506897,23.2,27.8,4.018379,4.016,4.021,5291,5319,0,0,0,0
2023-08-06T17:00:00Z,29,,,,0.220862,0.215,0.226,25.541379,23.2,27.8,4.018379,4.016,4.022,5320,5348,0,0,0,0
2023-08-06T18:00:00Z,29,,,,0.222207,0.214,0.228,25.813793,23,27.7,4.018034,4.014,4.022,5349,5377,0,0,0,0
2023-08-06T19:00:00Z,29,,,,0.221172,0.214,0.226,25.444828,23.3,27.7,4.017138,4.012,4.021,5378,5406,0,0,0,0
2023-08-06T20:00:00Z,30,,,,0.2195,0.214,0.228,24.966667,23.2,27.7,4.0161,4.012,4.019,5407,5436,0,0,0,0
2023-08-06T21:00:00Z,29,,,,0.221345,0.215,0.226,25.524138,23.1,27.7,4.014793,4.012,4.019,5437,5465,0,0,0,0
2023-08-06T22:00:00Z,29,,,,0.220483,0.214,0.226,25.144828,23,27.8,4.013655,4.011,4.017,5466,5494,0,0,0,0
2023-08-06T23:00:00Z,29,,,,0.221069,0.214,0.228,25.593103,23,27.7,4.013034,4.011,4.017,5495,5523,0,0,0,0
2023-08-07T00:00:00Z,27,,,,0.220444,0.214,0.226,25.181481,23.1,27.7,4.013148,4.011,4.017,5524,5552,0,0,0,0
2023-08-07T01:00:00Z,29,,,,0.21969,0.215,0.226,25.141379,23.2,27.5,4.01169,4.009,4.016,5553,5581,0,0,0,0
2023-08-07T02:00:00Z,29,,,,0.220483,0.215,0.227,25.306897,23.2,27.7,4.010552,4.007,4.012,5582,5610,0,0,0,0
2023-08-07T03:00:00Z,28,,,,0.220214,0.214,0.228,25.203571,23.1,27.7,4.009964,4.007,4.012,5611,5639,0,0,0,0
2023-08-07T04:00:00Z,30,,,,0.220533,0.215,0.226,25.206667,23.2,27.7,4.0094,4.007,4.012,5640,5669,0,0,0,0
2023-08-07T05:00:00Z,29,,,,0.220828,0.213,0.226,25.651724,23.3,27.8,4.008828,4.007,4.012,5670,5698,0,0,0,0
2023-08-07T06:00:00Z,26,,,,0.221923,0.214,0.228,25.942308,23.3,27.8,4.008308,4.004,4.011,5699,5727,0,0,0,0
2023-08-07T07:00:00Z,29,,,,0.220069,0.216,0.227,25.02069,23.1,27.5,4.005586,4.004,4.009,5728,5756,0,0,0,0
2023-08-07T08:00:00Z,29,,,,0.222241,0.216,0.228,25.696552,23.2,27.7,4.004828,4.003,4.007,5757,5785,0,0,0,0
2023-08-07T09:00:00Z,29,,,,0.222103,0.215,0.228,25.317241,23.1,27.7,4.004828,4.003,4.007,5786,5814,0,0,0,0
2023-08-07T10:00:00Z,29,,,,0.22131,0.215,0.226,25.748276,23.1,27.7,4.004069,4.003,4.007,5815,5844,0,0,0,0
2023-08-07T11:00:00Z,28,,,,0.220429,0.215,0.228,25.135714,23.2,27.7,4.00325,4.001,4.006,5845,5873,0,0,0,0
2023-08-07T12:00:00Z,29,,,,0.221379,0.215,0.226,25.486207,23.2,27.6,4.002,3.999,4.004,5874,5902,0,0,0,0
2023-08-07T13:00:00Z,28,,,,0.22025,0.215,0.228,24.878571,23.2,27.7,4.002036,4.001,4.004,5903,5931,0,0,0,0
2023-08-07T14:00:00Z,28,,,,0.220536,0.214,0.227,25.082143,23.2,27.7,4.001036,3.999,4.004,5932,5960,0,0,0,0
2023-08-07T15:00:00Z,29,,,,0.222,0.214,0.228,25.824138,23.1,28,3.99969,3.998,4.001,5961,5989,0,0,0,0
2023-08-07T16:00:00Z,29,,,,0.221621,0.215,0.228,25.648276,23,27.8,3.999483,3.998,4.001,5990,6018,0,0,0,0
2023-08-07T17:00:00Z,30,,,,0.220733,0.214,0.228,25.4,23.3,27.7,3.9986,3.996,4.001,6019,6048,0,0,0,0
2023-08-07T18:00:00Z,29,,,,0.220552,0.214,0.226,25.362069,23.2,27.7,3.997241,3.994,3.999,6049,6077,0,0,0,0
2023-08-07T19:00:00Z,29,,,,0.221621,0.214,0.229,25.975862,23.1,27.7,3.995793,3.994,3.999,6078,6106,0,0,0,0
2023-08-07T20:00:00Z,29,,,,0.22031,0.214,0.228,25.362069,23.1,28.1,3.994793,3.991,3.999,6107,6135,0,0,0,0
2023-08-07T21:00:00Z,29,,,,0.221724,0.214,0.226,25.62069,23.1,27.8,3.993483,3.991,3.998,6136,6164,0,0,0,0
2023-08-07T22:00:00Z,30,,,,0.220967,0.214,0.228,25.466667,23,27.7,3.992467,3.989,3.996,6165,6194,0,0,0,0
2023-08-07T23:00:00Z,29,,,,0.219931,0.214,0.226,25.268966,23,27.6,3.989138,3.986,3.993,6195,6223,0,0,0,0
2023-08-08T00:00:00Z,29,,,,0.220655,0.214,0.229,25.651724,23.1,27.7,3.988621,3.986,3.993,6224,6252,0,0,0,0
2023-08-08T01:00:00Z,26,,,,0.221462,0.217,0.228,25.638462,23.3,27.8,3.985962,3.984,3.989,6253,6281,0,0,0,0
2023-08-08T02:00:00Z,3,,,,0.217333,0.215,0.221,25.033333,23.2,27.2,3.981333,3.979,3.986,6289,6303,0,0,0,0
2023-08-08T03:00:00Z,24,,,,0.219917,0.214,0.226,25.020833,23.2,27.9,3.978167,3.976,3.981,6313,6336,0,0,0,0
2023-08-08T04:00:00Z,29,,,,0.219414,0.214,0.226,25.375862,23.1,27.7,3.977483,3.976,3.981,6337,6365,0,0,0,0
2023-08-08T05:00:00Z,29,,,,0.220448,0.213,0.23,25.589655,23.2,27.9,3.976276,3.974,3.978,6366,6394,0,0,0,0
2023-08-08T06:00:00Z,30,,,,0.219167,0.214,0.227,24.816667,23.1,27.4,3.976367,3.974,3.979,6395,6424,0,0,0,0
2023-08-08T07:00:00Z,29,,,,0.221655,0.216,0.228,25.141379,22.9,27.6,3.975241,3.974,3.976,6425,6453,0,0,0,0
2023-08-08T08:00:00Z,29,,,,0.222966,0.216,0.229,25.793103,23.2,27.8,3.974103,3.973,3.976,6454,6482,0,0,0,0
2023-08-08T09:00:00Z,29,,,,0.222,0.216,0.229,25.389655,23.1,27.8,3.973862,3.973,3.976,6483,6511,0,0,0,0
2023-08-08T10:00:00Z,29,,,,0.220517,0.215,0.228,24.982759,22.9,27.7,3.973241,3.971,3.974,6512,6540,0,0,0,0
2023-08-08T11:00:00Z,30,,,,0.2211,0.215,0.229,25.256667,22.9,27.6,3.972233,3.97,3.974,6541,6570,0,0,0,0
2023-08-08T12:00:00Z,29,,,,0.22131,0.215,0.226,25.610345,22.9,27.7,3.971138,3.968,3.974,6571,6599,0,0,0,0
2023-08-08T13:00:00Z,29,,,,0.220759,0.214,0.228,24.986207,23.2,27.7,3.970034,3.968,3.973,6600,6628,0,0,0,0
2023-08-08T14:00:00Z,29,,,,0.220241,0.215,0.225,25.427586,23.1,27.7,3.968517,3.966,3.971,6629,6657,0,0,0,0
2023-08-08T15:00:00Z,29,,,,0.221241,0.214,0.23,25.731034,23.2,27.7,3.966517,3.963,3.971,6658,6686,0,0,0,0
2023-08-08T16:00:00Z,30,,,,0.221067,0.215,0.228,26.11,23.3,27.7,3.963967,3.961,3.968,6687,6716,0,0,0,0
2023-08-08T17:00:00Z,29,,,,0.220793,0.214,0.229,25.693103,22.9,27.7,3.962,3.958,3.966,6717,6745,0,0,0,0
2023-08-08T18:00:00Z,29,,,,0.219448,0.214,0.226,24.893103,23.1,27.7,3.962,3.958,3.966,6746,6774,0,0,0,0
2023-08-08T19:00:00Z,29,,,,0.220966,0.215,0.228,25.255172,23,27.7,3.960241,3.958,3.963,6775,6803,0,0,0,0
2023-08-08T20:00:00Z,29,,,,0.220724,0.214,0.229,25.482759,23,27.8,3.95769,3.956,3.961,6804,6832,0,0,0,0
2023-08-08T21:00:00Z,30,,,,0.220933,0.215,0.228,25.783333,23.1,27.7,3.9572,3.953,3.96,6833,6862,0,0,0,0
2023-08-08T22:00:00Z,29,,,,0.221379,0.216,0.228,25.475862,23.1,27.8,3.954621,3.953,3.958,6863,6891,0,0,0,0
2023-08-08T23:00:00Z,29,,,,0.220552,0.214,0.226,25.72069,23.1,27.6,3.954483,3.951,3.958,6892,6920,0,0,0,0
2023-08-09T00:00:00Z,29,,,,0.221759,0.214,0.227,25.924138,23.1,27.6,3.952483,3.951,3.956,6921,6949,0,0,0,0
2023-08-09T01:00:00Z,29,,,,0.220724,0.214,0.228,25.486207,23.1,27.7,3.950828,3.948,3.955,6950,6978,0,0,0,0
2023-08-09T02:00:00Z,30,,,,0.220367,0.214,0.226,25.483333,23.1,27.7,3.95,3.948,3.953,6979,7008,0,0,0,0
2023-08-09T03:00:00Z,29,,,,0.22,0.214,0.226,25.441379,23.1,27.7,3.948586,3.946,3.951,7009,7037,0,0,0,0
2023-08-09T04:00:00Z,29,,,,0.219828,0.215,0.226,25.217241,23.1,27.7,3.947517,3.945,3.951,7038,7066,0,0,0,0
2023-08-09T05:00:00Z,29,,,,0.221138,0.214,0.228,25.693103,23.3,27.7,3.946448,3.945,3.95,7067,7095,0,0,0,0
2023-08-09T06:00:00Z,29,,,,0.219897,0.214,0.226,24.989655,23.2,27.7,3.945276,3.943,3.948,7096,7124,0,0,0,0
2023-08-09T07:00:00Z,30,,,,0.220933,0.214,0.228,25.566667,23.1,27.7,3.944,3.941,3.948,7125,7154,0,0,0,0
2023-08-09T08:00:00Z,29,,,,0.221,0.214,0.228,25.568966,23.3,27.7,3.942897,3.94,3.946,7155,7183,0,0,0,0
2023-08-09T09:00:00Z,29,,,,0.221138,0.215,0.226,25.324138,23,27.7,3.941966,3.938,3.946,7184,7212,0,0,0,0
2023-08-09T10:00:00Z,29,,,,0.222207,0.216,0.229,25.331034,23,27.8,3.938828,3.937,3.943,7213,7241,0,0,0,0
2023-08-09T11:00:00Z,29,,,,0.227862,0.218,0.238,22.686207,19.4,26,3.937379,3.935,3.941,7242,7270,0,0,0,0
2023-08-09T12:00:00Z,30,,,,0.2295,0.224,0.235,21.153333,18.6,23.3,3.9367,3.933,3.94,7271,7300,0,0,0,0
2023-08-09T13:00:00Z,25,,,,0.23104,0.223,0.238,21.28,19.4,23.4,3.935,3.933,3.938,7301,7329,0,0,0,0
2023-08-09T14:00:00Z,29,,,,0.232172,0.227,0.238,21.534483,20.6,23.3,3.934931,3.932,3.938,7330,7358,0,0,0,0
2023-08-09T15:00:00Z,29,,,,0.230103,0.223,0.237,21.141379,19,23.8,3.933241,3.932,3.938,7359,7387,0,0,0,0
2023-08-09T16:00:00Z,29,,,,0.222621,0.215,0.232,23.272414,19.7,27.3,3.932483,3.93,3.935,7388,7416,0,0,0,0
2023-08-09T17:00:00Z,30,,,,0.221033,0.213,0.23,25.57,23.1,27.7,3.931867,3.928,3.935,7417,7446,0,0,0,0
2023-08-09T18:00:00Z,29,,,,0.219621,0.214,0.228,25.337931,23.1,27.7,3.931241,3.928,3.935,7447,7475,0,0,0,0
2023-08-09T19:00:00Z,29,,,,0.21969,0.213,0.226,25.396552,23.1,27.6,3.929759,3.928,3.933,7476,7504,0,0,0,0
2023-08-09T20:00:00Z,29,,,,0.220069,0.214,0.229,25.017241,23,27.8,3.928276,3.925,3.932,7505,7533,0,0,0,0
2023-08-09T21:00:00Z,30,,,,0.220667,0.215,0.228,25.566667,23,27.7,3.927133,3.925,3.93,7534,7563,0,0,0,0
2023-08-09T22:00:00Z,29,,,,0.221103,0.215,0.228,25.324138,23,27.9,3.925759,3.923,3.928,7564,7592,0,0,0,0
2023-08-09T23:00:00Z,29,,,,0.221966,0.214,0.227,25.958621,22.9,27.6,3.924517,3.923,3.927,7593,7621,0,0,0,0
2023-08-10T00:00:00Z,26,,,,0.220423,0.215,0.227,25.065385,23,27.4,3.924,3.923,3.927,7622,7647,0,0,0,0
2023-08-10T01:00:00Z,24,,,,0.218625,0.214,0.225,24.8,23.1,27.3,3.922917,3.922,3.925,7656,7679,0,0,0,0
2023-08-10T02:00:00Z,29,,,,0.218828,0.214,0.226,25.031034,23.1,27.6,3.922379,3.922,3.923,7680,7708,0,0,0,0
2023-08-10T03:00:00Z,29,,,,0.219931,0.214,0.226,25.244828,23,27.6,3.922517,3.922,3.923,7709,7738,0,0,0,0
2023-08-10T04:00:00Z,29,,,,0.220138,0.214,0.226,25.451724,23,27.9,3.922241,3.922,3.923,7739,7767,0,0,0,0
2023-08-10T05:00:00Z,29,,,,0.220483,0.214,0.229,25.434483,22.9,27.7,3.921828,3.92,3.923,7768,7796,0,0,0,0
2023-08-10T06:00:00Z,29,,,,0.219103,0.214,0.227,24.917241,23,27.9,3.921172,3.92,3.922,7797,7825,0,0,0,0
2023-08-10T07:00:00Z,29,,,,0.220069,0.213,0.227,25.272414,23.1,27.9,3.920759,3.92,3.922,7826,7854,0,0,0,0
2023-08-10T08:00:00Z,30,,,,0.220633,0.214,0.227,25.473333,23.1,27.8,3.919467,3.918,3.922,7855,7884,0,0,0,0
2023-08-10T09:00:00Z,29,,,,0.220069,0.214,0.227,25.189655,22.8,27.6,3.918966,3.917,3.922,7885,7913,0,0,0,0
2023-08-10T10:00:00Z,29,,,,0.220034,0.214,0.228,24.975862,22.3,27.5,3.917414,3.913,3.92,7914,7942,0,0,0,0
2023-08-10T11:00:00Z,29,,,,0.21931,0.213,0.228,25.341379,23,27.7,3.917897,3.913,3.92,7943,7971,0,0,0,0
2023-08-10T12:00:00Z,29,,,,0.220069,0.214,0.228,25.344828,23.2,27.8,3.916862,3.915,3.92,7972,8000,0,0,0,0
2023-08-10T13:00:00Z,30,,,,0.220033,0.214,0.228,24.726667,23,27.7,3.916167,3.913,3.92,8001,8030,0,0,0,0
2023-08-10T14:00:00Z,29,,,,0.219552,0.213,0.226,25.389655,22.9,27.8,3.916,3.912,3.92,8031,8059,0,0,0,0
2023-08-10T15:00:00Z,29,,,,0.221379,0.214,0.228,25.634483,23.2,28,3.914793,3.913,3.917,8060,8088,0,0,0,0
2023-08-10T16:00:00Z,29,,,,0.221138,0.214,0.229,25.662069,23.4,28.1,3.913966,3.912,3.918,8089,8117,0,0,0,0
2023-08-10T17:00:00Z,29,,,,0.220241,0.213,0.227,25.758621,23.3,28,3.911621,3.907,3.915,8118,8146,0,0,0,0
2023-08-10T18:00:00Z,30,,,,0.221367,0.214,0.228,25.356667,23.1,27.7,3.910367,3.908,3.913,8147,8176,0,0,0,0
2023-08-10T19:00:00Z,29,,,,0.220724,0.214,0.228,25.189655,23,27.9,3.908759,3.905,3.913,8177,8205,0,0,0,0
2023-08-10T20:00:00Z,29,,,,0.220517,0.214,0.228,25.234483,23,27.7,3.907862,3.905,3.912,8206,8234,0,0,0,0
2023-08-10T21:00:00Z,29,,,,0.220828,0.215,0.228,25.141379,23.1,27.8,3.906828,3.905,3.91,8235,8263,0,0,0,0
2023-08-10T22:00:00Z,29,,,,0.221241,0.216,0.228,25.810345,23.1,27.8,3.906414,3.904,3.91,8264,8292,0,0,0,0
2023-08-10T23:00:00Z,30,,,,0.2206,0.214,0.228,25.286667,23,27.6,3.905467,3.904,3.908,8293,8322,0,0,0,0
2023-08-11T00:00:00Z,29,,,,0.221483,0.214,0.228,25.493103,23.2,27.7,3.904207,3.902,3.907,8323,8351,0,0,0,0
2023-08-11T01:00:00Z,29,,,,0.219724,0.214,0.226,25.286207,22.8,27.6,3.904069,3.9,3.908,8352,8380,0,0,0,0
2023-08-11T02:00:00Z,29,,,,0.22169,0.214,0.228,25.782759,23.1,27.7,3.902793,3.9,3.907,8381,8409,0,0,0,0
2023-08-11T03:00:00Z,30,,,,0.219467,0.213,0.225,25.263333,23.1,27.7,3.902133,3.9,3.905,8410,8439,0,0,0,0
2023-08-11T04:00:00Z,29,,,,0.220207,0.215,0.226,25.093103,23.1,27.6,3.900345,3.899,3.904,8440,8468,0,0,0,0
2023-08-11T05:00:00Z,29,,,,0.220448,0.214,0.227,25.237931,23.1,27.6,3.89969,3.897,3.904,8469,8497,0,0,0,0
2023-08-11T06:00:00Z,29,,,,0.220966,0.214,0.228,25.731034,23.3,27.7,3.899,3.897,3.902,8498,8526,0,0,0,0
2023-08-11T07:00:00Z,29,,,,0.22069,0.214,0.228,25.627586,23.1,27.7,3.898276,3.897,3.902,8527,8555,0,0,0,0
2023-08-11T08:00:00Z,30,,,,0.2199,0.214,0.227,25.18,23.1,27.7,3.897567,3.895,3.9,8556,8585,0,0,0,0
2023-08-11T09:00:00Z,29,,,,0.220241,0.214,0.226,25.37931,23,27.7,3.897034,3.895,3.9,8586,8614,0,0,0,0
2023-08-11T10:00:00Z,29,,,,0.220483,0.214,0.228,25.558621,23.1,27.9,3.896621,3.895,3.9,8615,8643,0,0,0,0
2023-08-11T11:00:00Z,29,,,,0.220379,0.214,0.228,25.606897,23.2,27.7,3.896241,3.894,3.899,8644,8672,0,0,0,0
2023-08-11T12:00:00Z,29,,,,0.219103,0.214,0.228,25.006897,23.2,27.7,3.895103,3.894,3.897,8673,8701,0,0,0,0
2023-08-11T13:00:00Z,26,,,,0.220923,0.214,0.228,25.426923,23.1,27.7,3.894962,3.894,3.897,8702,8731,0,0,0,0
2023-08-11T14:00:00Z,29,,,,0.219241,0.214,0.226,25.368966,23.3,27.7,3.894759,3.894,3.897,8732,8760,0,0,0,0
2023-08-11T15:00:00Z,28,,,,0.220357,0.214,0.226,25.546429,23.2,27.8,3.894393,3.892,3.897,8761,8789,0,0,0,0
2023-08-11T16:00:00Z,29,,,,0.219586,0.213,0.226,25.434483,23.3,27.9,3.893828,3.89,3.895,8790,8818,0,0,0,0
2023-08-11T17:00:00Z,29,,,,0.220276,0.214,0.228,25.372414,23.3,27.9,3.893414,3.892,3.895,8819,8847,0,0,0,0
2023-08-11T18:00:00Z,29,,,,0.218966,0.214,0.226,24.727586,23,27.5,3.893,3.892,3.895,8848,8876,0,0,0,0
2023-08-11T19:00:00Z,30,,,,0.220067,0.214,0.227,25.093333,23,27.7,3.891933,3.89,3.894,8877,8906,0,0,0,0
2023-08-11T20:00:00Z,28,,,,0.220893,0.214,0.226,25.007143,23.1,27.6,3.890607,3.889,3.894,8907,8935,0,0,0,0
2023-08-11T21:00:00Z,29,,,,0.220414,0.214,0.226,25.02069,23,27.6,3.890345,3.887,3.894,8936,8964,0,0,0,0
2023-08-11T22:00:00Z,29,,,,0.220759,0.214,0.228,25.4,22.9,27.6,3.889138,3.887,3.892,8965,8993,0,0,0,0
2023-08-11T23:00:00Z,29,,,,0.219759,0.213,0.226,25.172414,22.9,27.7,3.887759,3.887,3.89,8994,9022,0,0,0,0
2023-08-12T00:00:00Z,30,,,,0.2209,0.214,0.228,25.256667,23,27.5,3.887133,3.885,3.889,9023,9052,0,0,0,0
2023-08-12T01:00:00Z,29,,,,0.221138,0.214,0.226,25.67931,22.9,27.5,3.887655,3.884,3.89,9053,9081,0,0,0,0
2023-08-12T02:00:00Z,29,,,,0.221517,0.214,0.227,25.741379,23,27.6,3.886414,3.882,3.89,9082,9110,0,0,0,0
2023-08-12T03:00:00Z,29,,,,0.220138,0.214,0.226,25.482759,23,27.5,3.885586,3.882,3.889,9111,9139,0,0,0,0
2023-08-12T04:00:00Z,30,,,,0.219767,0.214,0.228,24.876667,23,27.5,3.884567,3.88,3.887,9140,9169,0,0,0,0
2023-08-12T05:00:00Z,23,,,,0.221174,0.214,0.226,26.13913,23.1,27.9,3.884739,3.882,3.889,9170,9195,0,0,0,0
2023-08-12T06:00:00Z,7,,,,0.218429,0.214,0.226,25.057143,22.9,27.6,3.883143,3.88,3.885,9200,9214,0,0,0,0
2023-08-12T07:00:00Z,25,,,,0.21976,0.214,0.225,25.712,22.9,27.7,3.88088,3.879,3.884,9229,9253,0,0,0,0
2023-08-12T08:00:00Z,29,,,,0.220483,0.213,0.226,25.27931,23,27.7,3.880828,3.879,3.885,9254,9282,0,0,0,0
2023-08-12T09:00:00Z,29,,,,0.219966,0.214,0.228,24.968966,23.2,27.6,3.880448,3.879,3.885,9283,9311,0,0,0,0
2023-08-12T10:00:00Z,29,,,,0.220897,0.214,0.228,25.337931,23.1,27.8,3.88031,3.879,3.884,9312,9340,0,0,0,0
2023-08-12T11:00:00Z,29,,,,0.21969,0.214,0.225,25.217241,23.1,27.7,3.879862,3.877,3.884,9341,9369,0,0,0,0
2023-08-12T12:00:00Z,30,,,,0.2213,0.214,0.228,25.556667,23.2,27.9,3.879,3.877,3.882,9370,9399,0,0,0,0
2023-08-12T13:00:00Z,29,,,,0.219966,0.214,0.227,25.044828,23.2,27.7,3.879241,3.877,3.882,9400,9428,0,0,0,0
2023-08-12T14:00:00Z,29,,,,0.220724,0.214,0.228,25.648276,23.1,28,3.878,3.875,3.88,9429,9457,0,0,0,0
2023-08-12T15:00:00Z,29,,,,0.219517,0.214,0.228,25.262069,23.1,27.7,3.878138,3.875,3.88,9458,9486,0,0,0,0
2023-08-12T16:00:00Z,29,,,,0.221276,0.214,0.227,25.686207,23.1,27.7,3.877069,3.875,3.88,9487,9515,0,0,0,0
2023-08-12T17:00:00Z,30,,,,0.220233,0.213,0.227,24.996667,23,27.7,3.8768,3.875,3.88,9516,9545,0,0,0,0
2023-08-12T18:00:00Z,29,,,,0.220345,0.214,0.227,25.210345,23,27.6,3.875828,3.874,3.88,9546,9574,0,0,0,0
2023-08-12T19:00:00Z,29,,,,0.220552,0.214,0.227,25.57931,23.1,27.6,3.876103,3.874,3.88,9575,9603,0,0,0,0
2023-08-12T20:00:00Z,29,,,,0.22169,0.214,0.228,25.806897,23.1,27.7,3.87531,3.874,3.879,9604,9632,0,0,0,0
2023-08-12T21:00:00Z,28,,,,0.21975,0.214,0.226,25.160714,22.9,27.6,3.875786,3.874,3.879,9633,9661,0,0,0,0
2023-08-12T22:00:00Z,30,,,,0.2217,0.214,0.229,25.59,23,27.7,3.8749,3.872,3.877,9662,9691,0,0,0,0
2023-08-12T23:00:00Z,29,,,,0.220655,0.214,0.226,25.231034,23,27.6,3.874448,3.872,3.877,9692,9720,0,0,0,0
2023-08-13T00:00:00Z,29,,,,0.220345,0.214,0.228,25.044828,23,27.7,3.874414,3.872,3.877,9721,9749,0,0,0,0
2023-08-13T01:00:00Z,29,,,,0.221448,0.215,0.228,25.665517,23.1,27.6,3.874034,3.872,3.877,9750,9778,0,0,0,0
2023-08-13T02:00:00Z,29,,,,0.220759,0.214,0.228,25.627586,23.1,27.6,3.873448,3.872,3.875,9779,9807,0,0,0,0
2023-08-13T03:00:00Z,30,,,,0.221433,0.214,0.228,25.456667,23.1,27.6,3.8737,3.872,3.877,9808,9837,0,0,0,0
2023-08-13T04:00:00Z,29,,,,0.219379,0.213,0.227,25.103448,23,27.7,3.873414,3.872,3.877,9838,9866,0,0,0,0
2023-08-13T05:00:00Z,29,,,,0.220655,0.214,0.228,25.124138,23.2,27.6,3.872483,3.871,3.875,9867,9895,0,0,0,0
2023-08-13T06:00:00Z,29,,,,0.220828,0.214,0.227,25.065517,23,27.6,3.872172,3.871,3.874,9896,9924,0,0,0,0
2023-08-13T07:00:00Z,30,,,,0.2192,0.214,0.229,24.966667,23,27.3,3.872433,3.871,3.875,9925,9954,0,0,0,0
2023-08-13T08:00:00Z,27,,,,0.220407,0.213,0.227,25.018519,23.1,27.7,3.871704,3.871,3.874,9955,9983,0,0,0,0
2023-08-13T09:00:00Z,29,,,,0.220517,0.213,0.228,25.424138,23,27.8,3.871517,3.871,3.874,9984,10012,0,0,0,0
2023-08-13T10:00:00Z,29,,,,0.220897,0.214,0.227,25.675862,23.1,27.7,3.87169,3.871,3.874,10013,10041,0,0,0,0
2023-08-13T11:00:00Z,29,,,,0.219966,0.214,0.227,25.37931,23.2,27.7,3.871483,3.869,3.872,10042,10070,0,0,0,0
2023-08-13T12:00:00Z,30,,,,0.220533,0.214,0.228,25.793333,23.1,27.7,3.871267,3.871,3.872,10071,10100,0,0,0,0
2023-08-13T13:00:00Z,29,,,,0.220517,0.214,0.228,25.7,23.2,27.7,3.871207,3.869,3.872,10101,10129,0,0,0,0
2023-08-13T14:00:00Z,29,,,,0.218897,0.214,0.227,25.117241,23.2,27.7,3.871207,3.871,3.872,10130,10158,0,0,0,0
2023-08-13T15:00:00Z,29,,,,0.219207,0.213,0.228,25.186207,23.1,27.8,3.871034,3.869,3.872,10159,10187,0,0,0,0
2023-08-13T16:00:00Z,28,,,,0.220643,0.214,0.228,25.657143,23.3,27.7,3.870393,3.869,3.872,10188,10216,0,0,0,0
2023-08-13T17:00:00Z,29,,,,0.219379,0.213,0.226,25.527586,23.3,27.8,3.870103,3.869,3.871,10217,10245,0,0,0,0
2023-08-13T18:00:00Z,30,,,,0.2205,0.213,0.227,25.506667,22.9,27.7,3.8696,3.869,3.871,10246,10275,0,0,0,0
2023-08-13T19:00:00Z,29,,,,0.220103,0.213,0.228,25.172414,23,27.6,3.869483,3.869,3.871,10276,10304,0,0,0,0
2023-08-13T20:00:00Z,29,,,,0.220655,0.214,0.228,25.537931,23.1,27.7,3.869069,3.869,3.871,10305,10333,0,0,0,0
2023-08-13T21:00:00Z,29,,,,0.220724,0.214,0.228,25.648276,23.1,27.6,3.869207,3.867,3.871,10334,10362,0,0,0,0
2023-08-13T22:00:00Z,30,,,,0.220333,0.214,0.228,25.036667,23,27.5,3.8688,3.867,3.871,10363,10392,0,0,0,0
2023-08-13T23:00:00Z,29,,,,0.220448,0.215,0.227,25.341379,23,27.8,3.868655,3.867,3.871,10393,10421,0,0,0,0
2023-08-14T00:00:00Z,29,,,,0.220517,0.214,0.228,25.313793,22.9,27.7,3.867793,3.866,3.869,10422,10450,0,0,0,0
2023-08-14T01:00:00Z,29,,,,0.219931,0.214,0.227,25.317241,23.3,27.6,3.867897,3.867,3.869,10451,10479,0,0,0,0
2023-08-14T02:00:00Z,29,,,,0.219138,0.214,0.228,25.224138,23.3,27.6,3.867448,3.866,3.869,10480,10508,0,0,0,0
2023-08-14T03:00:00Z,30,,,,0.219633,0.213,0.226,24.95,23,27.6,3.8669,3.866,3.869,10509,10538,0,0,0,0
2023-08-14T04:00:00Z,29,,,,0.219862,0.213,0.227,25.47931,23,27.7,3.866621,3.864,3.869,10539,10567,0,0,0,0
2023-08-14T05:00:00Z,29,,,,0.219034,0.214,0.226,25.017241,23,27.7,3.866621,3.864,3.869,10568,10596,0,0,0,0
2023-08-14T06:00:00Z,29,,,,0.220966,0.215,0.228,25.693103,23.2,27.8,3.866483,3.866,3.869,10597,10625,0,0,0,0
2023-08-14T07:00:00Z,29,,,,0.220138,0.213,0.228,25.396552,23,27.8,3.865172,3.862,3.867,10626,10654,0,0,0,0
2023-08-14T08:00:00Z,30,,,,0.2198,0.213,0.228,25.2,23,27.6,3.864633,3.861,3.867,10655,10684,0,0,0,0
2023-08-14T09:00:00Z,29,,,,0.220241,0.214,0.228,25.182759,23.2,27.8,3.864034,3.861,3.867,10685,10713,0,0,0,0
2023-08-14T10:00:00Z,29,,,,0.219828,0.214,0.226,25.203448,23.1,27.7,3.862724,3.861,3.867,10714,10742,0,0,0,0
2023-08-14T11:00:00Z,29,,,,0.219862,0.215,0.226,25.113793,23.1,27.7,3.863069,3.857,3.866,10743,10771,0,0,0,0
2023-08-14T12:00:00Z,29,,,,0.220759,0.214,0.228,25.406897,23.2,27.7,3.862172,3.859,3.866,10772,10800,0,0,0,0
2023-08-14T13:00:00Z,30,,,,0.221167,0.214,0.226,25.88,23.2,27.8,3.860467,3.857,3.864,10801,10830,0,0,0,0
2023-08-14T14:00:00Z,29,,,,0.22,0.213,0.228,25.003448,23.1,27.7,3.860828,3.859,3.864,10831,10859,0,0,0,0
2023-08-14T15:00:00Z,29,,,,0.221034,0.214,0.228,25.544828,23.2,27.8,3.860586,3.857,3.864,10860,10888,0,0,0,0
2023-08-14T16:00:00Z,29,,,,0.220552,0.214,0.228,25.6,23.1,27.8,3.859621,3.857,3.864,10889,10917,0,0,0,0
2023-08-14T17:00:00Z,29,,,,0.221,0.214,0.228,25.493103,22.9,27.7,3.858414,3.856,3.862,10918,10946,0,0,0,0
2023-08-14T18:00:00Z,30,,,,0.218833,0.214,0.228,24.84,22.9,27.6,3.8583,3.856,3.862,10947,10976,0,0,0,0
2023-08-14T19:00:00Z,29,,,,0.219241,0.214,0.229,25.034483,23,27.9,3.856379,3.854,3.861,10977,11005,0,0,0,0
2023-08-14T20:00:00Z,29,,,,0.219483,0.214,0.226,25.317241,23,27.7,3.854586,3.852,3.857,11006,11034,0,0,0,0
2023-08-14T21:00:00Z,29,,,,0.21931,0.214,0.226,25.07931,23,27.6,3.854138,3.852,3.859,11035,11063,0,0,0,0
2023-08-14T22:00:00Z,29,,,,0.220103,0.215,0.227,25.3,23,27.7,3.852586,3.849,3.856,11064,11092,0,0,0,0
2023-08-14T23:00:00Z,22,,,,0.221136,0.214,0.228,25.522727,23,27.8,3.852182,3.851,3.856,11093,11120,0,0,0,0
2023-08-15T00:00:00Z,4,,,,0.224,0.223,0.226,26.825,24.6,27.6,3.849,3.847,3.851,11125,11138,0,0,0,0
2023-08-15T01:00:00Z,19,,,,0.220421,0.213,0.227,25.642105,23.1,27.7,3.848421,3.846,3.851,11149,11176,0,0,0,0
2023-08-15T02:00:00Z,29,,,,0.220138,0.214,0.226,25.258621,23.1,27.7,3.847621,3.846,3.851,11177,11205,0,0,0,0
2023-08-15T03:00:00Z,29,,,,0.219586,0.214,0.225,24.993103,23,27.8,3.847552,3.846,3.851,11206,11234,0,0,0,0
2023-08-15T04:00:00Z,29,,,,0.220276,0.213,0.227,25.472414,23.1,27.7,3.846931,3.844,3.849,11235,11263,0,0,0,0
2023-08-15T05:00:00Z,30,,,,0.219867,0.214,0.226,25.343333,23.1,27.6,3.846267,3.842,3.849,11264,11293,0,0,0,0
2023-08-15T06:00:00Z,29,,,,0.22069,0.216,0.229,24.941379,23,27.7,3.845517,3.842,3.849,11294,11322,0,0,0,0
2023-08-15T07:00:00Z,29,,,,0.219931,0.213,0.226,25.244828,23.1,27.9,3.845138,3.842,3.849,11323,11351,0,0,0,0
2023-08-15T08:00:00Z,29,,,,0.218828,0.213,0.227,25.310345,23.1,27.7,3.844931,3.842,3.847,11352,11380,0,0,0,0
2023-08-15T09:00:00Z,29,,,,0.219586,0.213,0.228,25.148276,23,27.6,3.844621,3.842,3.849,11381,11409,0,0,0,0
2023-08-15T10:00:00Z,30,,,,0.2201,0.214,0.227,25.63,23.1,27.7,3.844333,3.842,3.847,11410,11439,0,0,0,0
2023-08-15T11:00:00Z,29,,,,0.220448,0.214,0.226,25.706897,23.1,27.7,3.843621,3.841,3.846,11440,11468,0,0,0,0
2023-08-15T12:00:00Z,29,,,,0.219345,0.214,0.225,25.258621,23.3,27.8,3.843345,3.841,3.847,11469,11497,0,0,0,0
2023-08-15T13:00:00Z,29,,,,0.220966,0.214,0.228,25.772414,23.2,27.9,3.842345,3.841,3.846,11498,11526,0,0,0,0
2023-08-15T14:00:00Z,29,,,,0.220207,0.214,0.228,25.47931,23.3,28,3.841414,3.839,3.844,11527,11555,0,0,0,0
2023-08-15T15:00:00Z,30,,,,0.220267,0.213,0.227,25.783333,23.3,28,3.840767,3.839,3.842,11556,11585,0,0,0,0
2023-08-15T16:00:00Z,29,,,,0.219207,0.213,0.227,25.265517,23.4,28.1,3.840897,3.838,3.842,11586,11614,0,0,0,0
2023-08-15T17:00:00Z,29,,,,0.220069,0.213,0.23,25.717241,23.3,28.1,3.840138,3.836,3.842,11615,11643,0,0,0,0
2023-08-15T18:00:00Z,29,,,,0.219793,0.214,0.228,25.565517,23.5,28.2,3.839517,3.836,3.842,11644,11672,0,0,0,0
2023-08-15T19:00:00Z,29,,,,0.219724,0.213,0.227,25.386207,23.3,27.7,3.839138,3.836,3.841,11673,11701,0,0,0,0
2023-08-15T20:00:00Z,29,,,,0.219655,0.213,0.227,25.189655,23.1,27.7,3.837448,3.836,3.841,11702,11730,0,0,0,0
2023-08-15T21:00:00Z,30,,,,0.220333,0.214,0.226,25.516667,23.2,27.7,3.837167,3.834,3.839,11731,11760,0,0,0,0
2023-08-15T22:00:00Z,29,,,,0.220241,0.214,0.226,25.5,23.1,27.7,3.835966,3.833,3.839,11761,11789,0,0,0,0
2023-08-15T23:00:00Z,29,,,,0.220345,0.214,0.228,25.375862,22.8,27.6,3.835276,3.833,3.839,11790,11818,0,0,0,0
2023-08-16T00:00:00Z,29,,,,0.219276,0.214,0.225,25.234483,23.2,27.5,3.834793,3.833,3.838,11819,11847,0,0,0,0
2023-08-16T01:00:00Z,28,,,,0.219714,0.214,0.226,25.035714,22.9,27.7,3.833964,3.831,3.838,11848,11876,0,0,0,0
2023-08-16T02:00:00Z,30,,,,0.219667,0.213,0.225,25.466667,23.2,27.7,3.833567,3.829,3.836,11877,11906,0,0,0,0
2023-08-16T03:00:00Z,29,,,,0.219379,0.214,0.226,25.137931,23.1,27.8,3.833483,3.829,3.836,11907,11935,0,0,0,0
2023-08-16T04:00:00Z,29,,,,0.21969,0.213,0.228,25.427586,23,27.8,3.831552,3.829,3.836,11936,11964,0,0,0,0
2023-08-16T05:00:00Z,29,,,,0.21969,0.214,0.227,25.231034,23.1,27.8,3.831172,3.829,3.834,11965,11993,0,0,0,0
2023-08-16T06:00:00Z,29,,,,0.219069,0.214,0.225,25.441379,23.1,27.7,3.831552,3.828,3.836,11994,12022,0,0,0,0
2023-08-16T07:00:00Z,30,,,,0.219467,0.213,0.226,25.086667,23.1,27.8,3.829167,3.828,3.834,12023,12052,0,0,0,0
2023-08-16T08:00:00Z,29,,,,0.218862,0.213,0.227,24.97931,23.1,27.7,3.828724,3.826,3.833,12053,12081,0,0,0,0
2023-08-16T09:00:00Z,29,,,,0.220483,0.214,0.226,25.375862,23.2,27.7,3.828241,3.826,3.831,12082,12110,0,0,0,0
2023-08-16T10:00:00Z,29,,,,0.218897,0.214,0.225,25.468966,23.1,27.7,3.826724,3.823,3.829,12111,12139,0,0,0,0
2023-08-16T11:00:00Z,29,,,,0.219138,0.214,0.226,25.406897,23.1,27.9,3.826655,3.823,3.829,12140,12168,0,0,0,0
2023-08-16T12:00:00Z,30,,,,0.221467,0.215,0.227,25.623333,23.1,27.7,3.8256,3.823,3.829,12169,12198,0,0,0,0
2023-08-16T13:00:00Z,29,,,,0.220759,0.215,0.227,24.655172,22.8,27.6,3.824138,3.821,3.828,12199,12227,0,0,0,0
2023-08-16T14:00:00Z,29,,,,0.221724,0.215,0.228,25.234483,22.7,27.5,3.823552,3.821,3.828,12228,12256,0,0,0,0
2023-08-16T15:00:00Z,29,,,,0.220138,0.214,0.226,25.127586,23.1,27.6,3.823517,3.821,3.826,12257,12285,0,0,0,0
2023-08-16T16:00:00Z,29,,,,0.220759,0.214,0.227,25.413793,23.1,27.8,3.822345,3.821,3.826,12286,12314,0,0,0,0
2023-08-16T17:00:00Z,30,,,,0.220067,0.214,0.225,25.68,23.1,27.7,3.821833,3.819,3.826,12315,12344,0,0,0,0
2023-08-16T18:00:00Z,29,,,,0.21969,0.214,0.228,25.437931,23.3,27.8,3.820793,3.819,3.823,12345,12373,0,0,0,0
2023-08-16T19:00:00Z,29,,,,0.219345,0.214,0.225,25.310345,23.1,27.7,3.81969,3.818,3.823,12374,12402,0,0,0,0
2023-08-16T20:00:00Z,29,,,,0.219483,0.214,0.228,25.268966,23,27.7,3.820034,3.818,3.823,12403,12431,0,0,0,0
2023-08-16T21:00:00Z,29,,,,0.220862,0.214,0.228,25.468966,23,27.9,3.819448,3.818,3.823,12432,12460,0,0,0,0
2023-08-16T22:00:00Z,29,,,,0.220793,0.214,0.227,25.344828,23,27.7,3.818897,3.818,3.821,12461,12489,0,0,0,0
2023-08-16T23:00:00Z,30,,,,0.220367,0.214,0.226,25.193333,22.9,27.7,3.818667,3.818,3.821,12490,12519,0,0,0,0
2023-08-17T00:00:00Z,28,,,,0.220393,0.214,0.226,25.371429,22.9,27.7,3.818214,3.816,3.819,12520,12547,0,0,0,0
2023-08-17T01:00:00Z,29,,,,0.220552,0.214,0.228,24.903448,23.1,27.4,3.817414,3.816,3.819,12548,12576,0,0,0,0
2023-08-17T02:00:00Z,29,,,,0.220172,0.214,0.226,25.403448,23.1,27.6,3.817172,3.816,3.819,12577,12605,0,0,0,0
2023-08-17T03:00:00Z,29,,,,0.220345,0.214,0.226,25.527586,23,27.8,3.816483,3.816,3.818,12606,12634,0,0,0,0
2023-08-17T04:00:00Z,30,,,,0.220067,0.213,0.228,25.416667,23.2,27.6,3.8166,3.816,3.818,12635,12664,0,0,0,0
2023-08-17T05:00:00Z,29,,,,0.220379,0.214,0.226,25.234483,23.2,27.7,3.816345,3.814,3.818,12665,12693,0,0,0,0
2023-08-17T06:00:00Z,29,,,,0.218759,0.214,0.225,25.089655,23.1,27.7,3.815931,3.814,3.818,12694,12722,0,0,0,0
2023-08-17T07:00:00Z,29,,,,0.220069,0.214,0.226,25.231034,23.2,27.7,3.815379,3.814,3.818,12723,12751,0,0,0,0
2023-08-17T08:00:00Z,29,,,,0.220862,0.214,0.225,25.975862,23.4,27.9,3.814793,3.813,3.816,12752,12780,0,0,0,0
2023-08-17T09:00:00Z,30,,,,0.219233,0.214,0.227,25.376667,23.3,27.7,3.814267,3.813,3.816,12781,12810,0,0,0,0
2023-08-17T10:00:00Z,29,,,,0.220069,0.216,0.226,25.606897,23.3,27.8,3.814483,3.813,3.816,12811,12839,0,0,0,0
2023-08-17T11:00:00Z,29,,,,0.219828,0.213,0.228,25.306897,23.4,27.8,3.81331,3.811,3.816,12840,12868,0,0,0,0
2023-08-17T12:00:00Z,29,,,,0.220862,0.215,0.228,25.468966,23.3,27.8,3.813241,3.811,3.816,12869,12897,0,0,0,0
2023-08-17T13:00:00Z,30,,,,0.221233,0.215,0.228,25.683333,23.2,27.7,3.811267,3.809,3.814,12898,12927,0,0,0,0
2023-08-17T14:00:00Z,29,,,,0.22031,0.214,0.228,24.875862,23.1,27.7,3.811034,3.809,3.814,12928,12956,0,0,0,0
2023-08-17T15:00:00Z,29,,,,0.218862,0.214,0.227,25.027586,23.2,27.7,3.810138,3.808,3.813,12957,12985,0,0,0,0
2023-08-17T16:00:00Z,29,,,,0.219897,0.214,0.228,25.272414,23.1,27.6,3.808862,3.806,3.811,12986,13014,0,0,0,0
2023-08-17T17:00:00Z,28,,,,0.219786,0.214,0.226,25.339286,23.1,27.7,3.808071,3.806,3.811,13015,13042,0,0,0,0
2023-08-17T18:00:00Z,8,,,,0.220625,0.214,0.226,25.725,23.4,27.7,3.805875,3.803,3.811,13044,13061,0,0,0,0
2023-08-17T19:00:00Z,12,,,,0.22025,0.215,0.225,25.033333,23.1,27.6,3.799833,3.798,3.803,13087,13098,0,0,0,0
2023-08-17T20:00:00Z,21,,,,0.219286,0.213,0.226,24.719048,23.1,27.5,3.799952,3.798,3.803,13099,13127,0,0,0,0
2023-08-17T21:00:00Z,29,,,,0.220793,0.214,0.228,25.317241,23.1,27.7,3.798552,3.796,3.801,13128,13156,0,0,0,0
2023-08-17T22:00:00Z,29,,,,0.219759,0.214,0.228,25.251724,23.1,27.7,3.798069,3.796,3.803,13157,13185,0,0,0,0
2023-08-17T23:00:00Z,27,,,,0.220185,0.214,0.227,25.177778,23.1,27.7,3.796185,3.795,3.8,13188,13214,0,0,0,0
2023-08-18T00:00:00Z,27,,,,0.219259,0.214,0.225,25.322222,23.1,27.6,3.794519,3.793,3.798,13215,13243,0,0,0,0
2023-08-18T01:00:00Z,30,,,,0.2198,0.214,0.228,25.15,23.1,27.7,3.793367,3.791,3.796,13244,13273,0,0,0,0
2023-08-18T02:00:00Z,29,,,,0.219448,0.214,0.226,25.144828,23.2,27.9,3.79231,3.79,3.796,13274,13302,0,0,0,0
2023-08-18T03:00:00Z,29,,,,0.220552,0.214,0.228,25.77931,23.2,27.6,3.791621,3.79,3.795,13303,13331,0,0,0,0
2023-08-18T04:00:00Z,29,,,,0.220103,0.215,0.226,25.32069,23.2,27.6,3.791034,3.79,3.793,13332,13360,0,0,0,0
2023-08-18T05:00:00Z,29,,,,0.220241,0.214,0.228,25.727586,23.2,27.9,3.790207,3.788,3.791,13361,13389,0,0,0,0
2023-08-18T06:00:00Z,29,,,,0.219759,0.213,0.225,25.558621,23.3,27.7,3.789828,3.788,3.791,13390,13418,0,0,0,0
2023-08-18T07:00:00Z,30,,,,0.218967,0.214,0.227,24.896667,23.3,27.7,3.7887,3.786,3.791,13419,13448,0,0,0,0
2023-08-18T08:00:00Z,29,,,,0.22069,0.214,0.227,25.431034,23.2,28,3.787586,3.786,3.79,13449,13477,0,0,0,0
2023-08-18T09:00:00Z,29,,,,0.220276,0.214,0.227,25.489655,23.1,27.7,3.785828,3.783,3.788,13478,13506,0,0,0,0
2023-08-18T10:00:00Z,29,,,,0.219724,0.214,0.225,25.741379,23.3,27.7,3.784483,3.781,3.788,13507,13535,0,0,0,0
2023-08-18T11:00:00Z,29,,,,0.218034,0.214,0.228,24.593103,23.3,27.5,3.783379,3.781,3.786,13536,13564,0,0,0,0
2023-08-18T12:00:00Z,30,,,,0.219433,0.214,0.225,25,23.3,27.8,3.7818,3.78,3.785,13565,13594,0,0,0,0
2023-08-18T13:00:00Z,29,,,,0.221655,0.214,0.227,26.272414,23.4,27.9,3.780241,3.776,3.785,13595,13623,0,0,0,0
2023-08-18T14:00:00Z,29,,,,0.219172,0.214,0.228,25.624138,23.3,28.1,3.778793,3.775,3.783,13624,13652,0,0,0,0
2023-08-18T15:00:00Z,29,,,,0.218828,0.215,0.226,24.827586,23.2,27.7,3.776448,3.775,3.781,13653,13681,0,0,0,0
2023-08-18T16:00:00Z,29,,,,0.220724,0.214,0.225,25.92069,23.3,27.6,3.775931,3.773,3.78,13682,13710,0,0,0,0
2023-08-18T17:00:00Z,30,,,,0.220033,0.214,0.228,25.216667,23,27.6,3.774033,3.772,3.776,13711,13740,0,0,0,0
2023-08-18T18:00:00Z,29,,,,0.221103,0.214,0.228,25.47931,23.1,27.7,3.773552,3.77,3.776,13741,13769,0,0,0,0
2023-08-18T19:00:00Z,29,,,,0.219448,0.215,0.225,25.451724,23.1,27.6,3.772241,3.77,3.775,13770,13798,0,0,0,0
2023-08-18T20:00:00Z,29,,,,0.220517,0.214,0.227,25.055172,23.1,27.7,3.769759,3.768,3.773,13799,13827,0,0,0,0
2023-08-18T21:00:00Z,29,,,,0.219172,0.214,0.225,25.17931,23.1,27.5,3.769138,3.767,3.772,13828,13856,0,0,0,0
2023-08-18T22:00:00Z,30,,,,0.219933,0.214,0.226,25.373333,23,27.7,3.7677,3.767,3.77,13857,13886,0,0,0,0
2023-08-18T23:00:00Z,29,,,,0.218414,0.214,0.227,24.575862,23.2,27.6,3.766207,3.765,3.768,13887,13915,0,0,0,0
2023-08-19T00:00:00Z,29,,,,0.220379,0.214,0.227,25.244828,23.2,27.7,3.765345,3.763,3.767,13916,13944,0,0,0,0
2023-08-19T01:00:00Z,29,,,,0.220552,0.214,0.227,25.07931,23.1,27.6,3.764655,3.763,3.767,13945,13973,0,0,0,0
2023-08-19T02:00:00Z,29,,,,0.221069,0.214,0.229,25.513793,23.1,27.8,3.763621,3.763,3.765,13974,14002,0,0,0,0
2023-08-19T03:00:00Z,30,,,,0.2204,0.214,0.226,25.056667,23.1,27.7,3.763667,3.763,3.765,14003,14032,0,0,0,0
2023-08-19T04:00:00Z,29,,,,0.220586,0.214,0.228,25.975862,23.3,28,3.762793,3.762,3.763,14033,14061,0,0,0,0
2023-08-19T05:00:00Z,29,,,,0.220448,0.214,0.228,25.503448,23.3,27.9,3.762414,3.762,3.763,14062,14090,0,0,0,0
2023-08-19T06:00:00Z,21,,,,0.220619,0.215,0.229,25.719048,23.3,27.8,3.761286,3.758,3.763,14091,14119,0,0,0,0
2023-08-19T07:00:00Z,29,,,,0.219,0.214,0.225,24.875862,23.3,27.8,3.760276,3.758,3.762,14120,14148,0,0,0,0
2023-08-19T08:00:00Z,30,,,,0.221233,0.214,0.228,25.843333,23.3,27.7,3.757967,3.757,3.762,14149,14178,0,0,0,0
2023-08-19T09:00:00Z,29,,,,0.220448,0.214,0.227,25.42069,23.3,27.9,3.756379,3.753,3.758,14179,14207,0,0,0,0
2023-08-19T10:00:00Z,29,,,,0.220966,0.213,0.228,25.596552,23.3,28.1,3.753862,3.752,3.758,14208,14236,0,0,0,0
2023-08-19T11:00:00Z,29,,,,0.219828,0.214,0.227,25.358621,23.3,28,3.751379,3.748,3.757,14237,14265,0,0,0,0
2023-08-19T12:00:00Z,29,,,,0.220448,0.214,0.227,25.593103,23.3,27.7,3.749069,3.747,3.753,14266,14294,0,0,0,0
2023-08-19T13:00:00Z,30,,,,0.219167,0.215,0.226,25.166667,23.2,27.8,3.747933,3.747,3.752,14295,14324,0,0,0,0
2023-08-19T14:00:00Z,29,,,,0.220931,0.215,0.227,25.72069,23.3,27.9,3.745724,3.743,3.75,14325,14353,0,0,0,0
2023-08-19T15:00:00Z,29,,,,0.220828,0.215,0.228,25.724138,23.4,27.8,3.744207,3.742,3.748,14354,14382,0,0,0,0
2023-08-19T16:00:00Z,29,,,,0.220069,0.214,0.226,25.52069,23.3,28,3.742655,3.74,3.745,14383,14411,0,0,0,0
2023-08-19T17:00:00Z,29,,,,0.218931,0.213,0.228,25.2,23.2,27.7,3.742552,3.74,3.745,14412,14440,0,0,0,0
2023-08-19T18:00:00Z,30,,,,0.220233,0.214,0.226,25.1,23.2,27.7,3.740467,3.739,3.743,14441,14470,0,0,0,0
2023-08-19T19:00:00Z,29,,,,0.221103,0.215,0.226,25.431034,23,27.6,3.738586,3.737,3.742,14471,14499,0,0,0,0
2023-08-19T20:00:00Z,29,,,,0.219276,0.215,0.225,24.944828,23.1,27.7,3.736793,3.734,3.74,14500,14528,0,0,0,0
2023-08-19T21:00:00Z,29,,,,0.219207,0.214,0.229,24.87931,23.1,27.6,3.735414,3.734,3.737,14529,14557,0,0,0,0
2023-08-19T22:00:00Z,29,,,,0.221586,0.215,0.227,25.710345,23.1,27.8,3.734069,3.73,3.737,14558,14586,0,0,0,0
2023-08-19T23:00:00Z,29,,,,0.220172,0.215,0.226,25.324138,23.1,27.7,3.732345,3.729,3.735,14587,14615,0,0,0,0
2023-08-20T00:00:00Z,30,,,,0.2205,0.214,0.225,25.306667,23.1,27.7,3.730267,3.727,3.734,14616,14645,0,0,0,0
2023-08-20T01:00:00Z,29,,,,0.220345,0.215,0.226,25.262069,23,27.7,3.72869,3.725,3.732,14646,14674,0,0,0,0
2023-08-20T02:00:00Z,29,,,,0.220586,0.215,0.228,25.068966,23.3,27.2,3.726552,3.724,3.73,14675,14703,0,0,0,0
2023-08-20T03:00:00Z,29,,,,0.220966,0.216,0.226,24.965517,23.4,27,3.724069,3.719,3.729,14704,14732,0,0,0,0
2023-08-20T04:00:00Z,30,,,,0.223733,0.218,0.229,24.43,21.8,26.8,3.721667,3.719,3.725,14733,14762,0,0,0,0
2023-08-20T05:00:00Z,29,,,,0.222379,0.218,0.233,23.724138,21.4,26.3,3.719103,3.717,3.722,14763,14791,0,0,0,0
2023-08-20T06:00:00Z,29,,,,0.226103,0.221,0.232,22.496552,19.9,25,3.717586,3.715,3.72,14792,14820,0,0,0,0
2023-08-20T07:00:00Z,28,,,,0.222643,0.216,0.23,24.175,20.7,27.2,3.71475,3.712,3.717,14821,14849,0,0,0,0
2023-08-20T08:00:00Z,29,,,,0.22069,0.215,0.229,25.396552,23.6,27.2,3.714138,3.712,3.717,14850,14878,0,0,0,0
2023-08-20T09:00:00Z,29,,,,0.221138,0.215,0.228,25.589655,23.6,27.5,3.712966,3.712,3.715,14879,14907,0,0,0,0
2023-08-20T10:00:00Z,30,,,,0.220233,0.216,0.228,25.223333,23.7,27.4,3.712067,3.71,3.714,14908,14937,0,0,0,0
2023-08-20T11:00:00Z,23,,,,0.22113,0.215,0.228,25.382609,23.6,27.2,3.710783,3.71,3.714,14938,14965,0,0,0,0
2023-08-20T12:00:00Z,14,,,,0.219429,0.215,0.226,24.928571,23.5,26.4,3.709429,3.709,3.71,14966,14988,0,0,0,0
2023-08-20T13:00:00Z,4,,,,0.2205,0.215,0.225,25.375,23.7,27.1,3.698,3.696,3.704,15003,15019,0,0,0,0
2023-08-20T14:00:00Z,29,,,,0.221241,0.216,0.226,25.334483,23.4,27.1,3.697414,3.692,3.702,15020,15048,0,0,0,0
2023-08-20T15:00:00Z,30,,,,0.2206,0.216,0.225,25.453333,23.4,27.3,3.693433,3.686,3.702,15049,15078,0,0,0,0
2023-08-20T16:00:00Z,29,,,,0.221552,0.215,0.228,25.368966,23.6,27.4,3.688966,3.684,3.697,15079,15107,0,0,0,0
2023-08-20T17:00:00Z,29,,,,0.221241,0.216,0.227,25.327586,23.3,26.9,3.685552,3.682,3.691,15108,15136,0,0,0,0
2023-08-20T18:00:00Z,29,,,,0.220379,0.215,0.228,25.124138,23.4,27.2,3.683379,3.681,3.689,15137,15165,0,0,0,0
2023-08-20T19:00:00Z,29,,,,0.221,0.216,0.226,25.096552,23.3,26.9,3.682034,3.681,3.684,15166,15194,0,0,0,0
2023-08-20T20:00:00Z,29,,,,0.220931,0.216,0.226,25.341379,23.3,27.2,3.679793,3.677,3.682,15195,15223,0,0,0,0
2023-08-20T21:00:00Z,28,,,,0.220679,0.215,0.226,25.182143,23.4,26.9,3.677143,3.674,3.681,15224,15252,0,0,0,0
2023-08-20T22:00:00Z,30,,,,0.221167,0.216,0.228,25.346667,23.4,27.2,3.675233,3.673,3.679,15253,15282,0,0,0,0
2023-08-20T23:00:00Z,29,,,,0.221655,0.216,0.228,25.558621,23.4,27.1,3.672724,3.669,3.677,15283,15311,0,0,0,0
2023-08-21T00:00:00Z,29,,,,0.220448,0.216,0.227,24.927586,23.4,27,3.67,3.666,3.674,15312,15340,0,0,0,0
2023-08-21T01:00:00Z,29,,,,0.220069,0.216,0.228,24.7,23.3,27.1,3.668724,3.666,3.671,15341,15369,0,0,0,0
2023-08-21T02:00:00Z,29,,,,0.219897,0.216,0.226,25.117241,23.3,27,3.666759,3.664,3.671,15370,15398,0,0,0,0
2023-08-21T03:00:00Z,29,,,,0.221655,0.217,0.228,24.858621,22.3,26.9,3.665103,3.663,3.669,15399,15427,0,0,0,0
2023-08-21T04:00:00Z,29,,,,0.223448,0.217,0.229,22.937931,20.5,25.2,3.662828,3.661,3.666,15428,15456,0,0,0,0
2023-08-21T05:00:00Z,30,,,,0.221433,0.216,0.227,24.303333,21,26.8,3.661533,3.659,3.664,15457,15486,0,0,0,0
2023-08-21T06:00:00Z,29,,,,0.221345,0.216,0.228,25.065517,23.4,27.1,3.660103,3.659,3.663,15487,15515,0,0,0,0
2023-08-21T07:00:00Z,29,,,,0.221448,0.216,0.227,25.589655,23.5,27.2,3.65931,3.658,3.663,15516,15544,0,0,0,0
2023-08-21T08:00:00Z,29,,,,0.220966,0.216,0.227,25.17931,23.4,27.1,3.658448,3.658,3.659,15545,15573,0,0,0,0
2023-08-21T09:00:00Z,29,,,,0.22069,0.216,0.225,25.451724,23.5,27.2,3.658034,3.656,3.659,15574,15602,0,0,0,0
2023-08-21T10:00:00Z,30,,,,0.2204,0.216,0.224,25.346667,23.6,27.1,3.657167,3.656,3.659,15603,15632,0,0,0,0
2023-08-21T11:00:00Z,29,,,,0.22031,0.215,0.227,25.206897,23.6,27.3,3.655448,3.653,3.658,15633,15661,0,0,0,0
2023-08-21T12:00:00Z,29,,,,0.220897,0.216,0.227,25.4,23.5,27.3,3.653414,3.651,3.656,15662,15690,0,0,0,0
2023-08-21T13:00:00Z,29,,,,0.221207,0.216,0.225,25.568966,23.6,27.2,3.651621,3.649,3.654,15691,15719,0,0,0,0
2023-08-21T14:00:00Z,29,,,,0.220621,0.216,0.228,25.355172,23.5,27.4,3.649034,3.646,3.653,15720,15748,0,0,0,0
2023-08-21T15:00:00Z,29,,,,0.219586,0.215,0.228,25.193103,23.5,27.3,3.646724,3.643,3.651,15749,15777,0,0,0,0
2023-08-21T16:00:00Z,30,,,,0.219567,0.215,0.225,24.906667,23.5,27.1,3.644267,3.641,3.648,15778,15807,0,0,0,0
2023-08-21T17:00:00Z,28,,,,0.221321,0.216,0.228,25.375,23.5,27.1,3.641214,3.638,3.644,15808,15836,0,0,0,0
2023-08-21T18:00:00Z,29,,,,0.220172,0.215,0.226,25.02069,23.3,27,3.639793,3.638,3.643,15837,15865,0,0,0,0
2023-08-21T19:00:00Z,29,,,,0.219931,0.215,0.225,25.306897,23.4,27,3.637379,3.635,3.641,15866,15894,0,0,0,0
2023-08-21T20:00:00Z,29,,,,0.220034,0.215,0.225,24.813793,23.4,27.1,3.635793,3.633,3.64,15895,15923,0,0,0,0
2023-08-21T21:00:00Z,29,,,,0.221207,0.216,0.227,25.231034,23.4,27.2,3.634241,3.631,3.636,15924,15952,0,0,0,0
2023-08-21T22:00:00Z,29,,,,0.220862,0.216,0.228,25.189655,23.4,27.1,3.631966,3.63,3.635,15953,15981,0,0,0,0
2023-08-21T23:00:00Z,30,,,,0.2214,0.216,0.227,25.453333,23.6,26.9,3.6302,3.628,3.631,15982,16011,0,0,0,0
2023-08-22T00:00:00Z,29,,,,0.220931,0.215,0.23,25.265517,23.4,27,3.628655,3.626,3.631,16012,16040,0,0,0,0
2023-08-22T01:00:00Z,29,,,,0.220069,0.216,0.227,25.131034,23.4,26.9,3.626207,3.623,3.63,16041,16069,0,0,0,0
2023-08-22T02:00:00Z,29,,,,0.22131,0.215,0.226,25.513793,23.5,27.1,3.62431,3.621,3.63,16070,16098,0,0,0,0
2023-08-22T03:00:00Z,29,,,,0.22,0.215,0.226,25.017241,23.5,27,3.621828,3.618,3.625,16099,16127,0,0,0,0
2023-08-22T04:00:00Z,30,,,,0.2193,0.215,0.224,24.973333,23.4,27.1,3.6197,3.616,3.623,16128,16157,0,0,0,0
2023-08-22T05:00:00Z,29,,,,0.219966,0.215,0.224,25.065517,23.4,27.1,3.616966,3.615,3.62,16158,16186,0,0,0,0
2023-08-22T06:00:00Z,29,,,,0.220483,0.215,0.227,25.351724,23.5,27.2,3.615828,3.613,3.62,16187,16215,0,0,0,0
2023-08-22T07:00:00Z,29,,,,0.219897,0.215,0.227,25.213793,23.6,27.2,3.613966,3.61,3.618,16216,16244,0,0,0,0
2023-08-22T08:00:00Z,29,,,,0.219379,0.215,0.224,25.117241,23.4,27.2,3.612828,3.61,3.615,16245,16273,0,0,0,0
2023-08-22T09:00:00Z,28,,,,0.219429,0.215,0.224,25.357143,23.6,27.2,3.610643,3.607,3.615,16274,16302,0,0,0,0
2023-08-22T10:00:00Z,30,,,,0.220067,0.215,0.224,25.69,23.6,27.2,3.608533,3.607,3.611,16303,16332,0,0,0,0
2023-08-22T11:00:00Z,29,,,,0.220586,0.215,0.226,25.465517,23.1,27.3,3.607345,3.607,3.61,16333,16361,0,0,0,0
2023-08-22T12:00:00Z,29,,,,0.221517,0.216,0.227,25.793103,23.8,27.3,3.606586,3.605,3.607,16362,16390,0,0,0,0
2023-08-22T13:00:00Z,29,,,,0.219966,0.216,0.225,25.303448,23.5,27.2,3.605207,3.605,3.607,16391,16419,0,0,0,0
2023-08-22T14:00:00Z,29,,,,0.221966,0.216,0.227,25.637931,23.4,27.2,3.604586,3.603,3.607,16420,16448,0,0,0,0
2023-08-22T15:00:00Z,30,,,,0.221433,0.216,0.228,25.306667,23.1,27.2,3.603433,3.602,3.605,16449,16478,0,0,0,0
2023-08-22T16:00:00Z,29,,,,0.219931,0.216,0.225,24.668966,23.3,27.1,3.602138,3.598,3.605,16479,16507,0,0,0,0
2023-08-22T17:00:00Z,29,,,,0.219862,0.215,0.225,24.641379,22.8,26.8,3.600483,3.598,3.603,16508,16536,0,0,0,0
2023-08-22T18:00:00Z,29,,,,0.220483,0.215,0.228,25.037931,23,26.9,3.598586,3.597,3.602,16537,16565,0,0,0,0
2023-08-22T19:00:00Z,29,,,,0.220483,0.215,0.226,25.003448,23.2,26.9,3.597483,3.595,3.602,16566,16594,0,0,0,0
2023-08-22T20:00:00Z,29,,,,0.221034,0.216,0.226,25.331034,23.2,27,3.595276,3.592,3.598,16595,16623,0,0,0,0
2023-08-22T21:00:00Z,30,,,,0.22,0.215,0.228,24.47,23,27,3.593667,3.59,3.6,16624,16653,0,0,0,0
2023-08-22T22:00:00Z,29,,,,0.220862,0.215,0.228,25.024138,23.3,26.9,3.590931,3.588,3.595,16654,16682,0,0,0,0
2023-08-22T23:00:00Z,29,,,,0.220448,0.216,0.228,25.155172,23.2,26.9,3.588552,3.587,3.592,16683,16711,0,0,0,0
2023-08-23T00:00:00Z,29,,,,0.221034,0.216,0.226,25.055172,23.3,26.8,3.588241,3.587,3.592,16712,16740,0,0,0,0
2023-08-23T01:00:00Z,29,,,,0.220483,0.215,0.226,25.213793,23,27.2,3.586069,3.583,3.588,16741,16769,0,0,0,0
2023-08-23T02:00:00Z,30,,,,0.220333,0.215,0.227,25.2,23.4,27.1,3.5842,3.583,3.587,16770,16799,0,0,0,0
2023-08-23T03:00:00Z,29,,,,0.220897,0.215,0.228,25.127586,23.3,27.1,3.582655,3.58,3.585,16800,16828,0,0,0,0
2023-08-23T04:00:00Z,29,,,,0.220138,0.216,0.226,24.706897,23.2,27,3.581,3.58,3.583,16829,16857,0,0,0,0
2023-08-23T05:00:00Z,29,,,,0.222172,0.217,0.228,25,22.6,26.7,3.58,3.578,3.582,16858,16886,0,0,0,0
2023-08-23T06:00:00Z,14,,,,0.220929,0.216,0.226,25.35,23.6,26.9,3.578,3.577,3.58,16887,16906,0,0,0,0
2023-08-23T07:00:00Z,1,,,,0.22,0.22,0.22,23.8,23.8,23.8,3.578,3.578,3.578,16917,16917,0,0,0,0
2023-08-23T08:00:00Z,26,,,,0.222346,0.216,0.229,25.426923,22.9,26.8,3.572769,3.57,3.575,16944,16969,0,0,0,0
2023-08-23T09:00:00Z,29,,,,0.221138,0.215,0.227,24.996552,22.7,26.7,3.57169,3.57,3.575,16970,16998,0,0,0,0
2023-08-23T10:00:00Z,30,,,,0.221,0.216,0.225,24.836667,22.3,26.8,3.570167,3.567,3.574,16999,17028,0,0,0,0
2023-08-23T11:00:00Z,29,,,,0.221,0.216,0.227,24.493103,22.8,26.5,3.567138,3.564,3.57,17029,17057,0,0,0,0
2023-08-23T12:00:00Z,28,,,,0.221464,0.216,0.228,24.589286,22.4,26.3,3.565107,3.562,3.569,17058,17086,0,0,0,0
2023-08-23T13:00:00Z,29,,,,0.220552,0.216,0.226,24.548276,22.8,26.7,3.563138,3.56,3.567,17087,17115,0,0,0,0
2023-08-23T14:00:00Z,28,,,,0.222321,0.216,0.228,24.917857,23.1,26.8,3.561393,3.559,3.565,17116,17144,0,0,0,0
2023-08-23T15:00:00Z,29,,,,0.221172,0.216,0.227,25.162069,23.1,27,3.558759,3.555,3.562,17145,17173,0,0,0,0
2023-08-23T16:00:00Z,30,,,,0.2209,0.217,0.225,24.603333,22.6,26.8,3.556967,3.555,3.56,17174,17203,0,0,0,0
2023-08-23T17:00:00Z,29,,,,0.222138,0.217,0.226,24.741379,22.7,26.7,3.555724,3.554,3.559,17204,17232,0,0,0,0
2023-08-23T18:00:00Z,29,,,,0.222448,0.218,0.228,24.793103,22.6,26.7,3.554552,3.554,3.557,17233,17261,0,0,0,0
2023-08-23T19:00:00Z,29,,,,0.221517,0.217,0.228,24.572414,22.6,26.4,3.553897,3.552,3.555,17262,17290,0,0,0,0
2023-08-23T20:00:00Z,29,,,,0.221931,0.217,0.228,24.52069,22.5,26.4,3.553069,3.552,3.555,17291,17319,0,0,0,0
2023-08-23T21:00:00Z,29,,,,0.222138,0.217,0.228,24.568966,22.6,26.6,3.552414,3.552,3.554,17320,17348,0,0,0,0
2023-08-23T22:00:00Z,30,,,,0.221167,0.216,0.228,24.403333,22.8,26.5,3.5516,3.55,3.552,17349,17378,0,0,0,0
2023-08-23T23:00:00Z,29,,,,0.221069,0.217,0.226,24.486207,22.3,26.4,3.550655,3.549,3.552,17379,17407,0,0,0,0
2023-08-24T00:00:00Z,29,,,,0.221862,0.216,0.227,24.693103,22.8,26.6,3.549448,3.547,3.552,17408,17436,0,0,0,0
2023-08-24T01:00:00Z,29,,,,0.222414,0.191,0.253,27.027586,16.6,41.4,3.833414,3.547,4.027,17437,17465,0,0,0,0
2023-08-24T02:00:00Z,29,,,,0.220345,0.193,0.248,28.524138,19.4,40.6,4.093759,4.029,4.133,17466,17494,0,0,0,0
2023-08-24T03:00:00Z,29,,,,0.230724,0.199,0.254,29.231034,18.9,39.7,4.148862,4.133,4.163,17495,17523,0,0,0,0
2023-08-24T04:00:00Z,30,,,,0.224267,0.198,0.252,28.933333,18.5,39.3,4.1762,4.163,4.186,17524,17553,0,0,0,0
2023-08-24T05:00:00Z,29,,,,0.230586,0.195,0.256,28.531034,18,38.9,4.175241,4.158,4.189,17554,17582,0,0,0,0
2023-08-24T06:00:00Z,29,,,,0.22431,0.196,0.252,28.503448,17.5,38.9,4.147448,4.139,4.158,17583,17611,0,0,0,0
2023-08-24T07:00:00Z,29,,,,0.224759,0.196,0.255,28.841379,18.1,39.3,4.138103,4.135,4.144,17612,17640,0,0,0,0
2023-08-24T08:00:00Z,29,,,,0.228069,0.195,0.252,28.858621,17.4,39,4.134552,4.133,4.136,17641,17669,0,0,0,0
2023-08-24T09:00:00Z,29,,,,0.230241,0.197,0.254,29.7,18.4,39.8,4.132586,4.131,4.133,17670,17698,0,0,0,0
2023-08-24T10:00:00Z,30,,,,0.2261,0.201,0.252,27.583333,18.3,39.6,4.131567,4.128,4.133,17699,17728,0,0,0,0
2023-08-24T11:00:00Z,29,,,,0.223103,0.197,0.253,26.368966,18.3,38.9,4.128793,4.125,4.131,17729,17757,0,0,0,0
2023-08-24T12:00:00Z,29,,,,0.224552,0.195,0.253,28.913793,19,40.1,4.127034,4.123,4.131,17758,17786,0,0,0,0
2023-08-24T13:00:00Z,29,,,,0.223862,0.195,0.257,29.193103,17.6,39.6,4.125448,4.121,4.128,17787,17815,0,0,0,0
2023-08-24T14:00:00Z,29,,,,0.234483,0.199,0.256,30.444828,17.8,38.8,4.122345,4.12,4.126,17816,17844,0,0,0,0
2023-08-24T15:00:00Z,29,,,,0.225241,0.196,0.254,29.289655,18.1,39.6,4.120655,4.116,4.125,17845,17873,0,0,0,0
2023-08-24T16:00:00Z,30,,,,0.231133,0.197,0.253,32.543333,20.3,41.3,4.119733,4.118,4.123,17874,17903,0,0,0,0
2023-08-24T17:00:00Z,29,,,,0.226345,0.199,0.253,32.041379,18.9,41.4,4.119207,4.116,4.123,17904,17932,0,0,0,0
2023-08-24T18:00:00Z,29,,,,0.228276,0.194,0.254,30.175862,18.9,40.4,4.118138,4.115,4.123,17933,17961,0,0,0,0
2023-08-24T19:00:00Z,29,,,,0.228414,0.195,0.252,32.082759,19.5,40.8,4.11831,4.115,4.121,17962,17990,0,0,0,0
2023-08-24T20:00:00Z,29,,,,0.232345,0.197,0.257,31.534483,20.5,40.5,4.117207,4.115,4.121,17991,18019,0,0,0,0
2023-08-24T21:00:00Z,29,,,,0.220379,0.194,0.251,26.5,18.9,40.8,4.116172,4.111,4.121,18020,18048,0,0,0,0
2023-08-24T22:00:00Z,29,,,,0.226207,0.198,0.253,29.7,19.4,40.2,4.115966,4.113,4.12,18049,18077,0,0,0,0
2023-08-24T23:00:00Z,29,,,,0.221724,0.194,0.251,27.641379,18,40.7,4.115138,4.113,4.118,18078,18106,0,0,0,0
2023-08-25T00:00:00Z,30,,,,0.221667,0.198,0.254,27.813333,19,40,4.114067,4.111,4.118,18107,18136,0,0,0,0
2023-08-25T01:00:00Z,29,,,,0.222655,0.197,0.252,28.251724,19.3,40.7,4.113276,4.111,4.116,18137,18165,0,0,0,0
2023-08-25T02:00:00Z,29,,,,0.223862,0.195,0.251,27.744828,19.3,40.5,4.112862,4.11,4.116,18166,18194,0,0,0,0
2023-08-25T03:00:00Z,29,,,,0.233034,0.2,0.262,24.106897,15.5,41.5,4.111655,4.108,4.115,18195,18223,0,0,0,0
2023-08-25T04:00:00Z,29,,,,0.234103,0.207,0.262,23.003448,15.5,34.4,4.110897,4.11,4.115,18224,18252,0,0,0,0
2023-08-25T05:00:00Z,29,,,,0.239759,0.208,0.259,23.482759,15.5,30.5,4.110414,4.108,4.113,18253,18281,0,0,0,0
2023-08-25T06:00:00Z,30,,,,0.242567,0.209,0.262,24.38,15.6,34.8,4.110867,4.108,4.115,18282,18311,0,0,0,0
2023-08-25T07:00:00Z,29,,,,0.234069,0.198,0.261,21.758621,15.5,38.7,4.110172,4.106,4.115,18312,18340,0,0,0,0
2023-08-25T08:00:00Z,28,,,,0.22775,0.194,0.251,30.9,20.1,41.3,4.109679,4.106,4.113,18341,18369,0,0,0,0
2023-08-25T09:00:00Z,29,,,,0.222207,0.195,0.251,29.751724,20,40.8,4.109069,4.106,4.113,18370,18398,0,0,0,0
2023-08-25T10:00:00Z,29,,,,0.22269,0.194,0.251,28.717241,19.6,40.5,4.108897,4.106,4.113,18399,18427,0,0,0,0
2023-08-25T11:00:00Z,29,,,,0.225862,0.198,0.25,30.462069,20.3,40.8,4.107862,4.105,4.111,18428,18456,0,0,0,0
2023-08-25T12:00:00Z,29,,,,0.225828,0.2,0.25,30.013793,20,40.9,4.107207,4.105,4.111,18457,18485,0,0,0,0
2023-08-25T13:00:00Z,30,,,,0.224967,0.197,0.252,29.11,19.7,40.4,4.106867,4.105,4.111,18486,18515,0,0,0,0
2023-08-25T14:00:00Z,29,,,,0.224172,0.199,0.249,27.013793,20.1,39.9,4.099138,4.093,4.11,18516,18544,0,0,0,0
2023-08-25T15:00:00Z,29,,,,0.219276,0.215,0.226,24.655172,23,27.3,4.094621,4.092,4.1,18545,18573,0,0,0,0
2023-08-25T16:00:00Z,29,,,,0.220207,0.215,0.225,25.096552,23.2,27.6,4.093483,4.09,4.097,18574,18602,0,0,0,0
2023-08-25T17:00:00Z,29,,,,0.221241,0.216,0.226,25.710345,23.1,27.5,4.091483,4.088,4.095,18603,18631,0,0,0,0
2023-08-25T18:00:00Z,30,,,,0.219933,0.215,0.226,25.21,22.9,27.2,4.09,4.087,4.095,18632,18661,0,0,0,0
2023-08-25T19:00:00Z,29,,,,0.220207,0.215,0.226,24.789655,22.6,27.3,4.087621,4.085,4.092,18662,18690,0,0,0,0
2023-08-25T20:00:00Z,29,,,,0.221172,0.214,0.226,25.358621,23,27.4,4.086517,4.083,4.09,18691,18719,0,0,0,0
2023-08-25T21:00:00Z,29,,,,0.218828,0.214,0.226,24.37931,22.9,26.9,4.085448,4.083,4.088,18720,18748,0,0,0,0
2023-08-25T22:00:00Z,29,,,,0.219897,0.215,0.227,24.955172,22.8,27.4,4.084103,4.083,4.087,18749,18777,0,0,0,0
2023-08-25T23:00:00Z,28,,,,0.220571,0.216,0.226,25.357143,22.9,27.2,4.08325,4.082,4.087,18778,18806,0,0,0,0
2023-08-26T00:00:00Z,12,,,,0.222333,0.215,0.226,25.516667,23.3,27,4.081917,4.08,4.083,18807,18829,0,0,0,0
2023-08-26T01:00:00Z,23,,,,0.221217,0.215,0.227,25.234783,23,27.3,4.080435,4.08,4.082,18834,18862,0,0,0,0
2023-08-26T02:00:00Z,29,,,,0.219759,0.215,0.228,24.555172,22.8,26.7,4.080345,4.078,4.082,18863,18891,0,0,0,0
2023-08-26T03:00:00Z,29,,,,0.22069,0.215,0.225,24.9,22.5,27.2,4.07931,4.078,4.082,18892,18920,0,0,0,0
2023-08-26T04:00:00Z,29,,,,0.220138,0.215,0.227,24.775862,22.9,27.2,4.078483,4.077,4.08,18921,18949,0,0,0,0
2023-08-26T05:00:00Z,30,,,,0.220233,0.214,0.228,25.06,22.9,27.3,4.077933,4.075,4.08,18950,18979,0,0,0,0
2023-08-26T06:00:00Z,29,,,,0.220655,0.214,0.227,25.124138,23,27.4,4.076931,4.075,4.08,18980,19008,0,0,0,0
2023-08-26T07:00:00Z,29,,,,0.221517,0.215,0.236,23.575862,19.4,27.2,4.075897,4.073,4.078,19009,19037,0,0,0,0
2023-08-26T08:00:00Z,29,,,,0.221517,0.216,0.228,25.534483,23.3,27.7,4.074862,4.072,4.078,19038,19066,0,0,0,0
2023-08-26T09:00:00Z,29,,,,0.221828,0.217,0.227,24.558621,21.9,27.4,4.073483,4.072,4.077,19067,19095,0,0,0,0
2023-08-26T10:00:00Z,30,,,,0.2242,0.218,0.231,23.31,20,25.6,4.072767,4.07,4.075,19096,19125,0,0,0,0
2023-08-26T11:00:00Z,29,,,,0.221862,0.215,0.228,24.058621,21.7,27.3,4.071241,4.067,4.075,19126,19154,0,0,0,0
2023-08-26T12:00:00Z,29,,,,0.220103,0.214,0.227,24.972414,22.6,27.4,4.07131,4.069,4.075,19155,19183,0,0,0,0
2023-08-26T13:00:00Z,29,,,,0.220897,0.215,0.225,25.193103,22.9,27.5,4.069828,4.067,4.073,19184,19212,0,0,0,0
2023-08-26T14:00:00Z,30,,,,0.221233,0.215,0.226,25.39,22.8,27.6,4.068867,4.065,4.073,19213,19242,0,0,0,0
2023-08-26T15:00:00Z,29,,,,0.220828,0.214,0.228,25.327586,23.3,27.5,4.066966,4.064,4.07,19243,19271,0,0,0,0
2023-08-26T16:00:00Z,29,,,,0.219552,0.214,0.226,25.589655,23.3,27.7,4.065552,4.062,4.069,19272,19300,0,0,0,0
2023-08-26T17:00:00Z,29,,,,0.220793,0.215,0.226,25.382759,23.2,27.7,4.065241,4.064,4.069,19301,19329,0,0,0,0
2023-08-26T18:00:00Z,29,,,,0.219655,0.214,0.226,25.203448,23.1,27.7,4.065103,4.062,4.069,19330,19358,0,0,0,0
2023-08-26T19:00:00Z,30,,,,0.2191,0.214,0.226,24.943333,23.2,27.5,4.064567,4.06,4.069,19359,19388,0,0,0,0
2023-08-26T20:00:00Z,29,,,,0.220414,0.214,0.227,25.489655,23.2,27.5,4.063345,4.06,4.067,19389,19417,0,0,0,0
2023-08-26T21:00:00Z,29,,,,0.219103,0.214,0.227,25.196552,23.2,27.6,4.062103,4.06,4.065,19418,19446,0,0,0,0
2023-08-26T22:00:00Z,29,,,,0.220241,0.214,0.226,25.613793,23.3,27.6,4.06031,4.057,4.064,19447,19475,0,0,0,0
2023-08-26T23:00:00Z,29,,,,0.220207,0.214,0.226,25.510345,23,27.5,4.059586,4.057,4.064,19476,19504,0,0,0,0
2023-08-27T00:00:00Z,30,,,,0.219333,0.214,0.226,25.276667,23.2,27.6,4.0598,4.057,4.064,19505,19534,0,0,0,0
2023-08-27T01:00:00Z,29,,,,0.219,0.214,0.226,25.355172,23.3,27.5,4.059138,4.055,4.064,19535,19563,0,0,0,0
2023-08-27T02:00:00Z,29,,,,0.220345,0.214,0.228,25.462069,23.3,27.6,4.058517,4.055,4.062,19564,19592,0,0,0,0
2023-08-27T03:00:00Z,29,,,,0.219586,0.214,0.226,25.682759,23.4,27.5,4.056966,4.054,4.06,19593,19621,0,0,0,0
2023-08-27T04:00:00Z,29,,,,0.219724,0.214,0.225,25.724138,23.4,27.5,4.055966,4.054,4.059,19622,19650,0,0,0,0
2023-08-27T05:00:00Z,30,,,,0.220433,0.214,0.226,25.613333,23.3,27.7,4.054733,4.052,4.057,19651,19680,0,0,0,0
2023-08-27T06:00:00Z,29,,,,0.219172,0.214,0.225,25.141379,23.4,27.8,4.054552,4.052,4.059,19681,19709,0,0,0,0
2023-08-27T07:00:00Z,29,,,,0.220069,0.214,0.228,25.668966,23.4,27.9,4.054207,4.052,4.059,19710,19738,0,0,0,0
2023-08-27T08:00:00Z,29,,,,0.219931,0.214,0.226,25.462069,23.3,27.7,4.053862,4.052,4.057,19739,19767,0,0,0,0
2023-08-27T09:00:00Z,29,,,,0.220552,0.214,0.227,25.841379,23.4,27.7,4.053552,4.052,4.057,19768,19796,0,0,0,0
2023-08-27T10:00:00Z,30,,,,0.219267,0.214,0.225,25.64,23.4,27.6,4.053033,4.052,4.057,19797,19826,0,0,0,0
2023-08-27T11:00:00Z,29,,,,0.219586,0.214,0.227,25.424138,23.4,27.7,4.052931,4.052,4.055,19827,19855,0,0,0,0
2023-08-27T12:00:00Z,29,,,,0.219793,0.214,0.226,25.310345,23.3,27.7,4.052448,4.05,4.055,19856,19884,0,0,0,0
2023-08-27T13:00:00Z,29,,,,0.220241,0.215,0.228,25.313793,23.4,27.7,4.051724,4.049,4.054,19885,19913,0,0,0,0
2023-08-27T14:00:00Z,30,,,,0.220067,0.215,0.226,25.806667,23.4,27.9,4.0513,4.049,4.054,19914,19943,0,0,0,0
2023-08-27T15:00:00Z,29,,,,0.220621,0.215,0.227,25.665517,23.5,27.8,4.050483,4.049,4.054,19944,19972,0,0,0,0
2023-08-27T16:00:00Z,29,,,,0.220069,0.214,0.226,26.031034,23.3,27.8,4.049655,4.047,4.052,19973,20001,0,0,0,0
2023-08-27T17:00:00Z,29,,,,0.220759,0.214,0.226,26.110345,23.3,27.7,4.049034,4.047,4.052,20002,20030,0,0,0,0
2023-08-27T18:00:00Z,29,,,,0.218931,0.214,0.225,25.103448,23.1,27.7,4.048,4.045,4.052,20031,20059,0,0,0,0
2023-08-27T19:00:00Z,30,,,,0.219867,0.214,0.226,25.196667,23.2,27.5,4.048633,4.045,4.052,20060,20089,0,0,0,0
2023-08-27T20:00:00Z,29,,,,0.218517,0.214,0.225,25.296552,23.3,27.5,4.047517,4.045,4.05,20090,20118,0,0,0,0
2023-08-27T21:00:00Z,29,,,,0.218966,0.214,0.228,24.758621,23.2,27.5,4.047034,4.045,4.05,20119,20147,0,0,0,0
2023-08-27T22:00:00Z,29,,,,0.220517,0.216,0.228,25.272414,23.3,27.5,4.046655,4.044,4.05,20148,20176,0,0,0,0
2023-08-27T23:00:00Z,29,,,,0.219724,0.214,0.225,25.151724,23.1,27.5,4.046034,4.042,4.05,20177,20205,0,0,0,0
2023-08-28T00:00:00Z,30,,,,0.22,0.215,0.225,25.393333,23.2,27.5,4.044667,4.042,4.047,20206,20235,0,0,0,0
2023-08-28T01:00:00Z,29,,,,0.220345,0.215,0.228,25.513793,23.2,27.5,4.044069,4.04,4.047,20236,20264,0,0,0,0
2023-08-28T02:00:00Z,29,,,,0.219448,0.214,0.225,25.458621,23.2,27.6,4.043931,4.04,4.047,20265,20293,0,0,0,0
2023-08-28T03:00:00Z,29,,,,0.219586,0.215,0.226,25.289655,23.2,27.6,4.042448,4.039,4.045,20294,20322,0,0,0,0
2023-08-28T04:00:00Z,29,,,,0.21969,0.214,0.227,25.47931,23.3,27.7,4.041552,4.039,4.045,20323,20351,0,0,0,0
2023-08-28T05:00:00Z,30,,,,0.2212,0.214,0.227,25.68,23.4,27.7,4.040633,4.037,4.044,20352,20381,0,0,0,0
2023-08-28T06:00:00Z,29,,,,0.220828,0.214,0.228,25.231034,23.3,27.6,4.040345,4.037,4.044,20382,20410,0,0,0,0
2023-08-28T07:00:00Z,29,,,,0.219724,0.214,0.227,25.524138,23.3,27.8,4.039862,4.037,4.044,20411,20439,0,0,0,0
2023-08-28T08:00:00Z,29,,,,0.220207,0.215,0.227,25.631034,23.4,27.6,4.038966,4.037,4.042,20440,20468,0,0,0,0
2023-08-28T09:00:00Z,30,,,,0.2201,0.214,0.228,25.873333,23.3,27.7,4.0391,4.037,4.042,20469,20498,0,0,0,0
2023-08-28T10:00:00Z,29,,,,0.220172,0.215,0.228,25.3,23.4,27.7,4.03869,4.036,4.042,20499,20527,0,0,0,0
2023-08-28T11:00:00Z,29,,,,0.220586,0.215,0.228,25.917241,23.5,27.9,4.038345,4.034,4.044,20528,20556,0,0,0,0
2023-08-28T12:00:00Z,29,,,,0.219931,0.215,0.228,25.693103,23.6,28.1,4.037172,4.034,4.04,20557,20585,0,0,0,0
2023-08-28T13:00:00Z,29,,,,0.219862,0.214,0.227,25.67931,23.5,27.8,4.036379,4.034,4.039,20586,20614,0,0,0,0
2023-08-28T14:00:00Z,30,,,,0.220067,0.214,0.228,25.866667,23.5,27.8,4.036267,4.032,4.039,20615,20644,0,0,0,0
2023-08-28T15:00:00Z,28,,,,0.220107,0.214,0.226,25.921429,23.4,27.9,4.036714,4.034,4.04,20646,20673,0,0,0,0
2023-08-28T16:00:00Z,29,,,,0.22069,0.215,0.228,25.696552,23.3,27.7,4.035828,4.034,4.039,20674,20702,0,0,0,0
2023-08-28T17:00:00Z,29,,,,0.220103,0.214,0.226,25.310345,23.3,27.5,4.035586,4.034,4.039,20703,20731,0,0,0,0
2023-08-28T18:00:00Z,12,,,,0.22025,0.214,0.224,25.433333,23.3,27.6,4.034667,4.032,4.037,20732,20749,0,0,0,0
2023-08-28T19:00:00Z,18,,,,0.219278,0.214,0.229,25.377778,23,27.6,4.032167,4.031,4.036,20763,20787,0,0,0,0
2023-08-28T20:00:00Z,29,,,,0.219793,0.215,0.227,25.262069,23.2,27.7,4.032655,4.031,4.036,20788,20816,0,0,0,0
2023-08-28T21:00:00Z,29,,,,0.220103,0.215,0.226,25.868966,23.2,27.5,4.032931,4.031,4.036,20817,20845,0,0,0,0
2023-08-28T22:00:00Z,29,,,,0.219172,0.215,0.228,25.313793,23.1,27.6,4.032448,4.031,4.036,20846,20874,0,0,0,0
2023-08-28T23:00:00Z,30,,,,0.2203,0.214,0.228,25.33,23.3,27.5,4.032,4.031,4.036,20875,20904,0,0,0,0
2023-08-29T00:00:00Z,29,,,,0.220379,0.214,0.227,25.589655,23.3,27.6,4.032138,4.031,4.034,20905,20933,0,0,0,0
2023-08-29T01:00:00Z,29,,,,0.219552,0.215,0.227,25.468966,23.2,27.6,4.03169,4.029,4.037,20934,20962,0,0,0,0
2023-08-29T02:00:00Z,29,,,,0.219552,0.214,0.226,25.131034,23.3,27.7,4.03131,4.029,4.034,20963,20991,0,0,0,0
2023-08-29T03:00:00Z,29,,,,0.220069,0.215,0.228,25.372414,23.3,27.7,4.031034,4.029,4.034,20992,21020,0,0,0,0
2023-08-29T04:00:00Z,30,,,,0.219533,0.214,0.226,24.863333,23.3,27.7,4.030867,4.029,4.034,21021,21050,0,0,0,0
2023-08-29T05:00:00Z,29,,,,0.220897,0.214,0.226,25.603448,23.3,27.7,4.030448,4.029,4.034,21051,21079,0,0,0,0
2023-08-29T06:00:00Z,29,,,,0.220414,0.215,0.226,25.413793,23.3,27.6,4.03031,4.029,4.032,21080,21108,0,0,0,0
2023-08-29T07:00:00Z,29,,,,0.219655,0.215,0.228,25.124138,23.3,27.7,4.030172,4.029,4.032,21109,21137,0,0,0,0
2023-08-29T08:00:00Z,29,,,,0.22,0.215,0.228,25.362069,23.3,27.7,4.029793,4.029,4.032,21138,21166,0,0,0,0
2023-08-29T09:00:00Z,30,,,,0.219333,0.215,0.224,25.016667,23.3,27.7,4.029533,4.027,4.031,21167,21196,0,0,0,0
2023-08-29T10:00:00Z,27,,,,0.220704,0.214,0.227,25.648148,23.3,27.6,4.029778,4.029,4.032,21197,21223,0,0,0,0
2023-08-29T11:00:00Z,17,,,,0.221941,0.215,0.228,25.617647,23.5,27.8,4.029529,4.029,4.032,21233,21254,0,0,0,0
2023-08-29T12:00:00Z,28,,,,0.220464,0.215,0.228,25.521429,23.5,27.7,4.028643,4.027,4.031,21255,21283,0,0,0,0
2023-08-29T13:00:00Z,29,,,,0.220552,0.215,0.226,25.068966,23.3,27.4,4.028034,4.027,4.029,21284,21312,0,0,0,0
2023-08-29T14:00:00Z,29,,,,0.222724,0.216,0.231,25.337931,21.4,27.7,4.028103,4.027,4.029,21313,21341,0,0,0,0
2023-08-29T15:00:00Z,30,,,,0.2246,0.217,0.231,23.596667,20.5,25.7,4.028067,4.027,4.031,21342,21371,0,0,0,0
2023-08-29T16:00:00Z,29,,,,0.22931,0.22,0.236,21.917241,19.2,24.7,4.027621,4.027,4.029,21372,21400,0,0,0,0
2023-08-29T17:00:00Z,29,,,,0.220931,0.216,0.228,24.52069,21.1,27.5,4.027966,4.027,4.029,21401,21429,0,0,0,0
2023-08-29T18:00:00Z,29,,,,0.221034,0.215,0.227,25.551724,23.3,27.7,4.02769,4.027,4.029,21430,21458,0,0,0,0
2023-08-29T19:00:00Z,29,,,,0.220276,0.215,0.226,25.672414,23.2,27.6,4.027483,4.027,4.029,21459,21487,0,0,0,0
2023-08-29T20:00:00Z,30,,,,0.220867,0.214,0.227,25.846667,23.3,27.7,4.027733,4.027,4.029,21488,21517,0,0,0,0
2023-08-29T21:00:00Z,29,,,,0.220586,0.215,0.226,25.089655,23.2,27.6,4.027207,4.027,4.029,21518,21546,0,0,0,0
2023-08-29T22:00:00Z,29,,,,0.219724,0.215,0.226,25.175862,23.2,27.5,4.027414,4.027,4.029,21547,21575,0,0,0,0
2023-08-29T23:00:00Z,29,,,,0.220931,0.215,0.227,25.551724,23.2,27.7,4.026966,4.026,4.029,21576,21604,0,0,0,0
2023-08-30T00:00:00Z,29,,,,0.220345,0.214,0.228,25.144828,23.3,27.5,4.027069,4.026,4.029,21605,21633,0,0,0,0
2023-08-30T01:00:00Z,30,,,,0.2211,0.215,0.228,25.613333,23.2,27.7,4.026767,4.026,4.029,21634,21663,0,0,0,0
2023-08-30T02:00:00Z,29,,,,0.220414,0.216,0.227,25.286207,23.2,27.5,4.026276,4.026,4.027,21664,21692,0,0,0,0
2023-08-30T03:00:00Z,29,,,,0.219828,0.215,0.225,25.137931,23.2,27.4,4.026345,4.024,4.027,21693,21721,0,0,0,0
2023-08-30T04:00:00Z,29,,,,0.221793,0.215,0.227,25.689655,23.3,27.7,4.026103,4.024,4.027,21722,21750,0,0,0,0
2023-08-30T05:00:00Z,29,,,,0.221655,0.216,0.228,25.524138,23.2,27.7,4.026207,4.024,4.027,21751,21779,0,0,0,0
2023-08-30T06:00:00Z,30,,,,0.2209,0.214,0.228,25.463333,23.3,27.6,4.026267,4.024,4.027,21780,21809,0,0,0,0
2023-08-30T07:00:00Z,29,,,,0.221034,0.215,0.228,25.737931,23.3,27.7,4.025724,4.022,4.027,21810,21838,0,0,0,0
2023-08-30T08:00:00Z,29,,,,0.220345,0.214,0.228,25.32069,23.3,27.6,4.025828,4.024,4.027,21839,21867,0,0,0,0
2023-08-30T09:00:00Z,29,,,,0.221069,0.214,0.228,25.393103,23.5,27.3,4.025828,4.024,4.027,21868,21896,0,0,0,0
2023-08-30T10:00:00Z,29,,,,0.220034,0.215,0.228,25.42069,23.8,27.5,4.025207,4.022,4.027,21897,21925,0,0,0,0
2023-08-30T11:00:00Z,30,,,,0.221167,0.215,0.228,25.596667,23.9,27.4,4.025233,4.022,4.027,21926,21955,0,0,0,0
2023-08-30T12:00:00Z,29,,,,0.222621,0.217,0.229,25.862069,23.9,27.2,4.024586,4.022,4.027,21956,21984,0,0,0,0
2023-08-30T13:00:00Z,29,,,,0.220517,0.216,0.227,25.493103,23.8,27.3,4.024345,4.022,4.027,21985,22013,0,0,0,0
2023-08-30T14:00:00Z,29,,,,0.221345,0.216,0.228,25.658621,23.9,27.3,4.024483,4.021,4.027,22014,22042,0,0,0,0
2023-08-30T15:00:00Z,29,,,,0.220897,0.216,0.228,25.637931,23.8,27.3,4.023103,4.021,4.026,22043,22071,0,0,0,0
2023-08-30T16:00:00Z,30,,,,0.221667,0.216,0.227,25.763333,23.9,27.5,4.022767,4.021,4.026,22072,22101,0,0,0,0
2023-08-30T17:00:00Z,29,,,,0.220034,0.216,0.225,25.331034,23.9,27.2,4.022138,4.019,4.026,22102,22130,0,0,0,0
2023-08-30T18:00:00Z,29,,,,0.220621,0.216,0.228,25.458621,23.5,27.1,4.021069,4.019,4.026,22131,22159,0,0,0,0
2023-08-30T19:00:00Z,29,,,,0.221483,0.216,0.227,25.42069,23.5,27,4.020621,4.017,4.024,22160,22188,0,0,0,0
2023-08-30T20:00:00Z,29,,,,0.220655,0.215,0.226,25.334483,23.4,27,4.020621,4.017,4.022,22189,22217,0,0,0,0
2023-08-30T21:00:00Z,30,,,,0.220933,0.216,0.226,25.186667,23.4,27.2,4.019633,4.016,4.022,22218,22247,0,0,0,0
2023-08-30T22:00:00Z,29,,,,0.22131,0.215,0.228,25.413793,23.3,26.9,4.019414,4.016,4.022,22248,22276,0,0,0,0
2023-08-30T23:00:00Z,29,,,,0.220241,0.216,0.228,24.841379,23.4,26.8,4.017966,4.014,4.022,22277,22305,0,0,0,0
2023-08-31T00:00:00Z,29,,,,0.221931,0.216,0.227,25.489655,23.4,27.1,4.017966,4.014,4.021,22306,22334,0,0,0,0
2023-08-31T01:00:00Z,29,,,,0.220552,0.216,0.227,24.948276,23.4,27,4.016207,4.014,4.021,22335,22363,0,0,0,0
2023-08-31T02:00:00Z,29,,,,0.221414,0.216,0.227,25.544828,23.4,27,4.016241,4.014,4.021,22364,22392,0,0,0,0
2023-08-31T03:00:00Z,30,,,,0.220667,0.216,0.226,25.12,23.5,27.1,4.015167,4.012,4.019,22393,22422,0,0,0,0
2023-08-31T04:00:00Z,29,,,,0.219966,0.215,0.226,25.203448,23.4,27,4.013759,4.011,4.017,22423,22451,0,0,0,0
2023-08-31T05:00:00Z,29,,,,0.221,0.215,0.225,25.358621,23.4,26.8,4.014483,4.011,4.019,22452,22480,0,0,0,0
2023-08-31T06:00:00Z,29,,,,0.220724,0.216,0.227,25.113793,23.5,27,4.01231,4.011,4.016,22481,22509,0,0,0,0
2023-08-31T07:00:00Z,29,,,,0.221034,0.215,0.227,25.468966,23.5,27.2,4.011828,4.009,4.016,22510,22538,0,0,0,0
2023-08-31T08:00:00Z,29,,,,0.219966,0.215,0.227,25.268966,23.5,27.1,4.011448,4.009,4.014,22539,22567,0,0,0,0
2023-08-31T09:00:00Z,30,,,,0.220667,0.216,0.226,25.083333,23.6,27.1,4.011367,4.009,4.014,22568,22597,0,0,0,0
2023-08-31T10:00:00Z,29,,,,0.221,0.216,0.226,25.47931,23.6,27.2,4.008793,4.006,4.012,22598,22626,0,0,0,0
2023-08-31T11:00:00Z,10,,,,0.2217,0.216,0.225,25.96,23.8,27.2,4.0069,4.004,4.011,22627,22651,0,0,0,0
2023-08-31T12:00:00Z,8,,,,0.221625,0.216,0.225,25.2125,23.6,27,4.003125,4.001,4.006,22655,22680,0,0,0,0
2023-08-31T13:00:00Z,29,,,,0.221276,0.215,0.227,25.437931,23.8,27.2,4.003345,4.001,4.006,22681,22709,0,0,0,0
2023-08-31T14:00:00Z,29,,,,0.220552,0.215,0.226,25.351724,23.5,27.8,4.003069,4.001,4.006,22710,22738,0,0,0,0
2023-08-31T15:00:00Z,30,,,,0.2211,0.215,0.227,25.54,23.3,27.7,4.0021,3.999,4.006,22739,22768,0,0,0,0
2023-08-31T16:00:00Z,29,,,,0.220724,0.216,0.226,25.262069,23.3,27.9,4.000655,3.999,4.003,22769,22797,0,0,0,0
2023-08-31T17:00:00Z,29,,,,0.221724,0.215,0.228,25.851724,23.3,27.7,4.000379,3.999,4.003,22798,22826,0,0,0,0
2023-08-31T18:00:00Z,29,,,,0.220828,0.215,0.226,25.565517,23.3,27.7,3.999621,3.998,4.003,22827,22855,0,0,0,0
2023-08-31T19:00:00Z,29,,,,0.221,0.214,0.227,25.244828,23.2,27.7,3.998448,3.996,4.001,22856,22884,0,0,0,0
2023-08-31T20:00:00Z,30,,,,0.2202,0.215,0.227,24.963333,23.1,27.8,3.997,3.994,3.999,22885,22914,0,0,0,0
2023-08-31T21:00:00Z,29,,,,0.22069,0.215,0.226,25.434483,23.2,27.7,3.996241,3.994,3.999,22915,22943,0,0,0,0
2023-08-31T22:00:00Z,29,,,,0.221724,0.215,0.229,25.465517,23.3,27.7,3.994483,3.991,3.998,22944,22972,0,0,0,0
2023-08-31T23:00:00Z,29,,,,0.219897,0.215,0.229,24.87931,23.2,27.4,3.991966,3.989,3.994,22973,23001,0,0,0,0
2023-09-01T00:00:00Z,29,,,,0.219586,0.215,0.228,25.310345,23.2,27.9,3.990345,3.988,3.994,23002,23030,0,0,0,0
2023-09-01T01:00:00Z,29,,,,0.220828,0.215,0.227,25.365517,23.2,27.7,3.988621,3.984,3.994,23031,23059,0,0,0,0
2023-09-01T02:00:00Z,30,,,,0.220767,0.215,0.228,25.496667,23.2,27.7,3.9869,3.984,3.993,23060,23089,0,0,0,0
2023-09-01T03:00:00Z,29,,,,0.220552,0.215,0.227,25.389655,23.3,27.7,3.985828,3.983,3.991,23090,23118,0,0,0,0
2023-09-01T04:00:00Z,29,,,,0.220448,0.215,0.228,25.531034,23.3,27.7,3.983759,3.981,3.988,23119,23147,0,0,0,0
2023-09-01T05:00:00Z,29,,,,0.220345,0.215,0.226,25.358621,23.3,27.7,3.982483,3.979,3.986,23148,23176,0,0,0,0
2023-09-01T06:00:00Z,30,,,,0.2211,0.215,0.227,26.053333,23.3,27.7,3.979967,3.978,3.983,23177,23206,0,0,0,0
2023-09-01T07:00:00Z,29,,,,0.22131,0.215,0.228,25.406897,23.3,27.8,3.978655,3.976,3.981,23207,23235,0,0,0,0
2023-09-01T08:00:00Z,29,,,,0.220552,0.216,0.227,25.396552,23.3,27.7,3.977069,3.976,3.979,23236,23264,0,0,0,0
2023-09-01T09:00:00Z,29,,,,0.219552,0.214,0.226,25.431034,23.3,27.7,3.976,3.974,3.978,23265,23293,0,0,0,0
2023-09-01T10:00:00Z,29,,,,0.221069,0.214,0.227,25.5,23.4,27.7,3.974931,3.974,3.979,23294,23322,0,0,0,0
2023-09-01T11:00:00Z,29,,,,0.220483,0.215,0.226,25.493103,23.4,27.7,3.974138,3.973,3.976,23323,23351,0,0,0,0
2023-09-01T12:00:00Z,30,,,,0.220333,0.215,0.228,25.29,23.4,28,3.973433,3.973,3.974,23352,23381,0,0,0,0
2023-09-01T13:00:00Z,29,,,,0.220931,0.215,0.227,25.424138,23.3,28.1,3.973034,3.971,3.974,23382,23410,0,0,0,0
2023-09-01T14:00:00Z,29,,,,0.220828,0.215,0.228,25.313793,23.2,27.5,3.971552,3.97,3.974,23411,23439,0,0,0,0
2023-09-01T15:00:00Z,29,,,,0.224069,0.217,0.234,23.406897,20.2,27.6,3.970241,3.968,3.973,23440,23468,0,0,0,0
2023-09-01T16:00:00Z,29,,,,0.226483,0.22,0.233,23.227586,19.7,25.9,3.968621,3.966,3.973,23469,23497,0,0,0,0
2023-09-01T17:00:00Z,30,,,,0.2271,0.221,0.233,22.57,19.4,25.3,3.967233,3.965,3.97,23498,23527,0,0,0,0
2023-09-01T18:00:00Z,29,,,,0.227414,0.22,0.233,21.027586,18.9,24,3.966621,3.963,3.97,23528,23556,0,0,0,0
2023-09-01T19:00:00Z,29,,,,0.226862,0.221,0.233,22.037931,19.8,24.8,3.964276,3.961,3.97,23557,23585,0,0,0,0
2023-09-01T20:00:00Z,29,,,,0.227276,0.22,0.233,23.058621,20.1,25.3,3.962207,3.96,3.966,23586,23614,0,0,0,0
2023-09-01T21:00:00Z,29,,,,0.22669,0.22,0.232,22.7,19.8,25.7,3.961483,3.958,3.965,23615,23643,0,0,0,0
2023-09-01T22:00:00Z,30,,,,0.225933,0.22,0.233,22.506667,20.1,25.1,3.9598,3.956,3.961,23644,23673,0,0,0,0
2023-09-01T23:00:00Z,29,,,,0.227207,0.221,0.234,22.696552,19.9,25.5,3.95831,3.955,3.963,23674,23702,0,0,0,0
2023-09-02T00:00:00Z,29,,,,0.225724,0.221,0.232,21.872414,19.8,24.7,3.957241,3.953,3.961,23703,23731,0,0,0,0
2023-09-02T01:00:00Z,29,,,,0.225552,0.219,0.233,22.244828,19.8,25.5,3.955448,3.951,3.96,23732,23760,0,0,0,0
2023-09-02T02:00:00Z,29,,,,0.226483,0.222,0.233,21.893103,19.4,24.7,3.953724,3.951,3.958,23761,23789,0,0,0,0
2023-09-02T03:00:00Z,30,,,,0.227267,0.222,0.234,21.516667,19.4,23.8,3.952533,3.95,3.956,23790,23819,0,0,0,0
2023-09-02T04:00:00Z,29,,,,0.225793,0.218,0.235,21.789655,19.4,24.3,3.951931,3.948,3.955,23820,23848,0,0,0,0
2023-09-02T05:00:00Z,29,,,,0.223586,0.218,0.231,23.375862,20,26.1,3.950483,3.948,3.953,23849,23877,0,0,0,0
2023-09-02T06:00:00Z,29,,,,0.227517,0.218,0.236,22.582759,19.1,26.2,3.948931,3.946,3.953,23878,23906,0,0,0,0
2023-09-02T07:00:00Z,29,,,,0.228207,0.223,0.235,21.437931,19,24.2,3.947103,3.946,3.95,23907,23935,0,0,0,0
2023-09-02T08:00:00Z,30,,,,0.226467,0.218,0.233,22.133333,19.3,24.9,3.947467,3.946,3.95,23936,23965,0,0,0,0
2023-09-02T09:00:00Z,29,,,,0.224069,0.218,0.23,22.755172,20.8,25.1,3.946655,3.945,3.95,23966,23994,0,0,0,0
2023-09-02T10:00:00Z,29,,,,0.224655,0.219,0.23,22.206897,19.7,24.7,3.945931,3.945,3.948,23995,24023,0,0,0,0
2023-09-02T11:00:00Z,29,,,,0.225931,0.22,0.232,22.558621,20.2,25.2,3.945414,3.943,3.948,24024,24052,0,0,0,0
2023-09-02T12:00:00Z,29,,,,0.224517,0.218,0.232,22.82069,20.1,25.7,3.944379,3.943,3.946,24053,24081,0,0,0,0
2023-09-02T13:00:00Z,30,,,,0.225167,0.217,0.231,24.756667,21.9,26.6,3.942733,3.938,3.946,24082,24111,0,0,0,0
2023-09-02T14:00:00Z,29,,,,0.222172,0.217,0.228,24.67931,21.6,27.3,3.941828,3.938,3.945,24112,24140,0,0,0,0
2023-09-02T15:00:00Z,29,,,,0.221414,0.216,0.228,24.541379,22.1,27.3,3.939621,3.937,3.943,24141,24169,0,0,0,0
2023-09-02T16:00:00Z,29,,,,0.221207,0.215,0.227,25.668966,22.2,27.7,3.938793,3.935,3.941,24170,24198,0,0,0,0
2023-09-02T17:00:00Z,29,,,,0.221517,0.215,0.228,25.472414,23.3,27.8,3.937931,3.935,3.941,24199,24227,0,0,0,0
2023-09-02T18:00:00Z,30,,,,0.220533,0.215,0.227,25.306667,23.3,27.7,3.9362,3.932,3.94,24228,24257,0,0,0,0
2023-09-02T19:00:00Z,29,,,,0.220966,0.216,0.228,25.524138,23.2,27.6,3.934448,3.932,3.94,24258,24286,0,0,0,0
2023-09-02T20:00:00Z,29,,,,0.221483,0.215,0.227,25.837931,23.3,27.7,3.933793,3.932,3.937,24287,24315,0,0,0,0
2023-09-02T21:00:00Z,29,,,,0.220655,0.214,0.226,25.617241,23.3,27.6,3.931448,3.93,3.935,24316,24344,0,0,0,0
2023-09-02T22:00:00Z,29,,,,0.221207,0.215,0.229,25.568966,23.3,27.4,3.930414,3.928,3.933,24345,24373,0,0,0,0
2023-09-02T23:00:00Z,30,,,,0.2221,0.216,0.228,25.7,23.3,27.5,3.928167,3.927,3.932,24374,24403,0,0,0,0
2023-09-03T00:00:00Z,29,,,,0.220103,0.215,0.226,25.482759,23.3,27.8,3.928034,3.925,3.932,24404,24432,0,0,0,0
2023-09-03T01:00:00Z,29,,,,0.22131,0.215,0.226,25.810345,23.8,27.8,3.927345,3.925,3.93,24433,24461,0,0,0,0
2023-09-03T02:00:00Z,29,,,,0.221345,0.215,0.228,25.67931,23.5,27.7,3.925655,3.923,3.93,24462,24490,0,0,0,0
2023-09-03T03:00:00Z,30,,,,0.221433,0.215,0.229,25.923333,23.8,27.9,3.9249,3.923,3.928,24491,24520,0,0,0,0
2023-09-03T04:00:00Z,25,,,,0.2218,0.215,0.227,25.936,23.6,28,3.92404,3.923,3.927,24521,24548,0,0,0,0
2023-09-03T05:00:00Z,11,,,,0.221455,0.216,0.227,25.390909,23.8,26.4,3.923727,3.923,3.925,24549,24565,0,0,0,0
2023-09-03T06:00:00Z,2,,,,0.2195,0.215,0.224,25.05,23.7,26.4,3.922,3.922,3.922,24601,24602,0,0,0,0
2023-09-03T07:00:00Z,29,,,,0.219483,0.215,0.226,25.262069,23.5,28.1,3.922172,3.92,3.923,24603,24631,0,0,0,0
2023-09-03T08:00:00Z,30,,,,0.220333,0.215,0.225,25.9,23.6,28.1,3.9217,3.918,3.923,24632,24661,0,0,0,0
2023-09-03T09:00:00Z,29,,,,0.219897,0.215,0.225,25.668966,23.6,27.9,3.920621,3.92,3.922,24662,24690,0,0,0,0
2023-09-03T10:00:00Z,29,,,,0.221379,0.216,0.229,25.806897,23.6,28.1,3.920897,3.92,3.922,24691,24719,0,0,0,0
2023-09-03T11:00:00Z,29,,,,0.221172,0.215,0.228,26.203448,23.5,28,3.919862,3.918,3.922,24720,24748,0,0,0,0
2023-09-03T12:00:00Z,29,,,,0.220517,0.215,0.227,25.896552,23.8,28.3,3.919793,3.917,3.922,24749,24777,0,0,0,0
2023-09-03T13:00:00Z,29,,,,0.221069,0.215,0.227,25.968966,23.8,28.1,3.918586,3.915,3.922,24778,24806,0,0,0,0
2023-09-03T14:00:00Z,30,,,,0.2197,0.214,0.226,25.736667,23.7,28.1,3.917433,3.913,3.92,24807,24836,0,0,0,0
2023-09-03T15:00:00Z,29,,,,0.221172,0.216,0.228,26.034483,23.8,28.2,3.916552,3.912,3.92,24837,24865,0,0,0,0
2023-09-03T16:00:00Z,28,,,,0.220429,0.215,0.228,25.775,23.8,28,3.915036,3.912,3.918,24866,24894,0,0,0,0
2023-09-03T17:00:00Z,29,,,,0.219897,0.215,0.227,25.641379,23.8,28.1,3.914483,3.912,3.917,24895,24923,0,0,0,0
2023-09-03T18:00:00Z,30,,,,0.2195,0.215,0.225,25.833333,24.1,28.4,3.912933,3.91,3.915,24924,24953,0,0,0,0
2023-09-03T19:00:00Z,29,,,,0.221448,0.215,0.228,25.972414,23.3,28.2,3.911759,3.908,3.915,24954,24982,0,0,0,0
2023-09-03T20:00:00Z,29,,,,0.22131,0.214,0.228,25.503448,23.3,27.6,3.910276,3.907,3.913,24983,25011,0,0,0,0
2023-09-03T21:00:00Z,29,,,,0.220552,0.215,0.226,25.665517,23.2,27.6,3.908897,3.905,3.913,25012,25040,0,0,0,0
2023-09-03T22:00:00Z,29,,,,0.221034,0.215,0.228,25.486207,23.3,27.7,3.907862,3.905,3.912,25041,25069,0,0,0,0
2023-09-03T23:00:00Z,29,,,,0.22031,0.215,0.226,24.92069,23.2,27.6,3.90669,3.904,3.91,25070,25098,0,0,0,0
2023-09-04T00:00:00Z,30,,,,0.2211,0.215,0.227,25.333333,23.3,27.6,3.905967,3.902,3.908,25099,25128,0,0,0,0
2023-09-04T01:00:00Z,29,,,,0.220655,0.216,0.228,25.582759,23.2,27.7,3.905414,3.902,3.908,25129,25157,0,0,0,0
2023-09-04T02:00:00Z,29,,,,0.220448,0.215,0.227,25.541379,23.3,27.8,3.904793,3.902,3.907,25158,25186,0,0,0,0
2023-09-04T03:00:00Z,29,,,,0.221345,0.215,0.228,25.941379,23.3,27.8,3.903138,3.9,3.905,25187,25215,0,0,0,0
2023-09-04T04:00:00Z,29,,,,0.220483,0.214,0.225,25.234483,23.2,27.6,3.901759,3.899,3.907,25216,25244,0,0,0,0
2023-09-04T05:00:00Z,30,,,,0.220467,0.215,0.226,25.73,23.3,27.7,3.901567,3.899,3.905,25245,25274,0,0,0,0
2023-09-04T06:00:00Z,29,,,,0.219345,0.215,0.225,24.913793,23.2,27.7,3.901241,3.899,3.904,25275,25303,0,0,0,0
2023-09-04T07:00:00Z,29,,,,0.220448,0.215,0.228,25.358621,23.4,27.7,3.899793,3.899,3.904,25304,25332,0,0,0,0
2023-09-04T08:00:00Z,29,,,,0.220552,0.215,0.228,25.362069,23.3,27.8,3.899276,3.897,3.902,25333,25361,0,0,0,0
2023-09-04T09:00:00Z,28,,,,0.221393,0.215,0.228,26.317857,23.5,28.1,3.898143,3.895,3.9,25362,25390,0,0,0,0
2023-09-04T10:00:00Z,30,,,,0.220133,0.215,0.227,25.346667,23.5,27.9,3.897333,3.895,3.9,25391,25420,0,0,0,0
2023-09-04T11:00:00Z,29,,,,0.21969,0.215,0.227,25.22069,23.3,28,3.896828,3.895,3.9,25421,25449,0,0,0,0
2023-09-04T12:00:00Z,29,,,,0.221276,0.216,0.228,25.437931,23.3,27.6,3.895724,3.894,3.899,25450,25478,0,0,0,0
2023-09-04T13:00:00Z,29,,,,0.221034,0.215,0.225,25.327586,23.3,27.7,3.894897,3.894,3.897,25479,25507,0,0,0,0
2023-09-04T14:00:00Z,29,,,,0.221759,0.216,0.228,25.710345,23.3,27.7,3.894862,3.894,3.897,25508,25536,0,0,0,0
2023-09-04T15:00:00Z,30,,,,0.221667,0.215,0.228,25.82,23.4,28,3.8947,3.894,3.897,25537,25566,0,0,0,0
2023-09-04T16:00:00Z,29,,,,0.219586,0.215,0.227,25.103448,23.5,28.1,3.894172,3.892,3.895,25567,25595,0,0,0,0
2023-09-04T17:00:00Z,29,,,,0.221448,0.216,0.229,25.686207,23.5,28.2,3.893793,3.892,3.895,25596,25624,0,0,0,0
2023-09-04T18:00:00Z,29,,,,0.219862,0.214,0.227,25.213793,23.3,27.9,3.892828,3.89,3.895,25625,25653,0,0,0,0
2023-09-04T19:00:00Z,29,,,,0.220345,0.214,0.226,25.262069,23.2,27.7,3.891241,3.889,3.894,25654,25682,0,0,0,0
2023-09-04T20:00:00Z,30,,,,0.220067,0.215,0.226,25.26,23.3,27.6,3.891067,3.889,3.894,25683,25712,0,0,0,0
2023-09-04T21:00:00Z,29,,,,0.219448,0.215,0.225,24.917241,23.3,27.9,3.890621,3.889,3.894,25713,25741,0,0,0,0
2023-09-04T22:00:00Z,29,,,,0.220897,0.215,0.228,25.27931,23.3,27.7,3.88969,3.887,3.894,25742,25770,0,0,0,0
2023-09-04T23:00:00Z,29,,,,0.221,0.215,0.226,25.334483,23.3,27.7,3.889207,3.887,3.892,25771,25799,0,0,0,0
2023-09-05T00:00:00Z,29,,,,0.221,0.215,0.226,25.444828,23.3,27.7,3.888414,3.885,3.892,25800,25828,0,0,0,0
2023-09-05T01:00:00Z,30,,,,0.221467,0.215,0.227,25.86,23.3,27.7,3.888567,3.885,3.892,25829,25858,0,0,0,0
2023-09-05T02:00:00Z,29,,,,0.220931,0.216,0.229,25.47931,23.3,27.7,3.887138,3.884,3.892,25859,25887,0,0,0,0
2023-09-05T03:00:00Z,29,,,,0.220276,0.215,0.226,25.248276,23.3,27.7,3.887379,3.885,3.89,25888,25916,0,0,0,0
2023-09-05T04:00:00Z,29,,,,0.219793,0.215,0.226,25.296552,23.3,27.7,3.885897,3.882,3.89,25917,25945,0,0,0,0
2023-09-05T05:00:00Z,29,,,,0.219793,0.214,0.226,25.203448,23.3,27.7,3.885483,3.88,3.89,25946,25974,0,0,0,0
2023-09-05T06:00:00Z,30,,,,0.220933,0.215,0.228,25.6,23.5,27.8,3.884767,3.882,3.889,25975,26004,0,0,0,0
2023-09-05T07:00:00Z,29,,,,0.220931,0.215,0.228,25.941379,23.5,27.8,3.883379,3.88,3.887,26005,26033,0,0,0,0
2023-09-05T08:00:00Z,29,,,,0.221138,0.215,0.229,25.97931,23.8,28.1,3.881931,3.879,3.887,26034,26062,0,0,0,0
2023-09-05T09:00:00Z,29,,,,0.221586,0.215,0.228,25.837931,23.6,28.1,3.881,3.879,3.885,26063,26091,0,0,0,0
2023-09-05T10:00:00Z,29,,,,0.22069,0.215,0.226,25.97931,23.8,28.1,3.880966,3.877,3.884,26092,26120,0,0,0,0
2023-09-05T11:00:00Z,30,,,,0.221967,0.216,0.228,26.64,23.6,28.1,3.880267,3.877,3.884,26121,26150,0,0,0,0
2023-09-05T12:00:00Z,29,,,,0.220828,0.215,0.228,26.103448,23.8,28.1,3.880241,3.877,3.884,26151,26179,0,0,0,0
2023-09-05T13:00:00Z,29,,,,0.220862,0.216,0.228,26.041379,23.9,28.1,3.879276,3.877,3.882,26180,26208,0,0,0,0
2023-09-05T14:00:00Z,29,,,,0.220517,0.215,0.226,25.686207,23.9,28.1,3.878862,3.875,3.884,26209,26237,0,0,0,0
2023-09-05T15:00:00Z,29,,,,0.219966,0.215,0.228,25.841379,24,28.1,3.879379,3.877,3.882,26238,26266,0,0,0,0
2023-09-05T16:00:00Z,30,,,,0.220633,0.216,0.226,26.006667,23.9,28.1,3.878167,3.875,3.88,26267,26296,0,0,0,0
2023-09-05T17:00:00Z,29,,,,0.221172,0.215,0.226,25.858621,23.6,27.9,3.877828,3.874,3.88,26297,26325,0,0,0,0
2023-09-05T18:00:00Z,29,,,,0.220172,0.215,0.228,25.089655,23.3,27.8,3.87731,3.874,3.88,26326,26354,0,0,0,0
2023-09-05T19:00:00Z,28,,,,0.221893,0.216,0.228,26.032143,23.3,27.7,3.876643,3.874,3.88,26355,26382,0,0,0,0
2023-09-05T20:00:00Z,29,,,,0.220379,0.215,0.228,25.631034,23.3,27.7,3.875207,3.872,3.879,26383,26411,0,0,0,0
2023-09-05T21:00:00Z,28,,,,0.22175,0.216,0.226,25.985714,23.2,27.7,3.875571,3.874,3.879,26412,26439,0,0,0,0
2023-09-05T22:00:00Z,15,,,,0.2214,0.216,0.229,25.773333,23.2,27.4,3.874733,3.874,3.877,26440,26461,0,0,0,0
2023-09-05T23:00:00Z,3,,,,0.220667,0.218,0.223,25.833333,24.3,27.4,3.872333,3.871,3.874,26474,26488,0,0,0,0
2023-09-06T00:00:00Z,20,,,,0.2203,0.215,0.227,25.335,23.3,27.7,3.8723,3.871,3.874,26503,26522,0,0,0,0
2023-09-06T01:00:00Z,29,,,,0.220621,0.215,0.227,25.858621,23.5,27.9,3.87269,3.871,3.875,26523,26551,0,0,0,0
2023-09-06T02:00:00Z,29,,,,0.219276,0.215,0.225,25.255172,23.5,27.8,3.872172,3.871,3.874,26552,26580,0,0,0,0
2023-09-06T03:00:00Z,29,,,,0.221034,0.215,0.226,25.927586,23.3,27.7,3.871862,3.871,3.874,26581,26610,0,0,0,0
2023-09-06T04:00:00Z,29,,,,0.221345,0.215,0.228,25.924138,23.4,28,3.871483,3.869,3.874,26611,26639,0,0,0,0
2023-09-06T05:00:00Z,29,,,,0.21969,0.214,0.227,25.386207,23.6,27.9,3.871414,3.871,3.874,26640,26668,0,0,0,0
2023-09-06T06:00:00Z,29,,,,0.219138,0.215,0.225,25.589655,23.7,28,3.871069,3.869,3.872,26669,26697,0,0,0,0
2023-09-06T07:00:00Z,29,,,,0.22069,0.215,0.226,26.110345,23.6,28.1,3.871172,3.869,3.872,26698,26726,0,0,0,0
2023-09-06T08:00:00Z,29,,,,0.219828,0.215,0.227,25.534483,23.7,28,3.871379,3.871,3.874,26727,26755,0,0,0,0
2023-09-06T09:00:00Z,30,,,,0.220333,0.214,0.227,25.686667,23.8,28.1,3.870633,3.869,3.872,26756,26785,0,0,0,0
2023-09-06T10:00:00Z,29,,,,0.221172,0.215,0.228,25.813793,23.8,28.2,3.870379,3.869,3.872,26786,26814,0,0,0,0
2023-09-06T11:00:00Z,29,,,,0.220552,0.216,0.225,26.358621,24.2,28.4,3.870207,3.869,3.872,26815,26843,0,0,0,0
2023-09-06T12:00:00Z,29,,,,0.220966,0.216,0.226,26.289655,24.5,28.2,3.869552,3.869,3.871,26844,26872,0,0,0,0
2023-09-06T13:00:00Z,29,,,,0.220379,0.215,0.225,26.131034,24.4,28.3,3.869828,3.869,3.871,26873,26901,0,0,0,0
2023-09-06T14:00:00Z,30,,,,0.221267,0.217,0.226,26.376667,24.4,28.1,3.869533,3.869,3.871,26902,26931,0,0,0,0
2023-09-06T15:00:00Z,29,,,,0.221207,0.216,0.227,26.162069,24.2,28.3,3.86969,3.869,3.871,26932,26960,0,0,0,0
2023-09-06T16:00:00Z,29,,,,0.221172,0.215,0.228,26.251724,24.2,28.4,3.869345,3.867,3.871,26961,26989,0,0,0,0
2023-09-06T17:00:00Z,28,,,,0.220571,0.215,0.226,26.042857,24.2,28.3,3.869,3.867,3.871,26990,27017,0,0,0,0
2023-09-06T18:00:00Z,30,,,,0.221367,0.215,0.226,26.183333,24.2,28.1,3.8682,3.867,3.869,27018,27047,0,0,0,0
2023-09-06T19:00:00Z,29,,,,0.222034,0.216,0.228,25.92069,23.6,28,3.867897,3.866,3.871,27048,27076,0,0,0,0
2023-09-06T20:00:00Z,29,,,,0.22031,0.215,0.226,25.255172,23.3,27.7,3.867517,3.866,3.869,27077,27105,0,0,0,0
2023-09-06T21:00:00Z,29,,,,0.221759,0.214,0.228,25.586207,23.3,27.6,3.867414,3.866,3.869,27106,27134,0,0,0,0
2023-09-06T22:00:00Z,29,,,,0.221862,0.215,0.228,25.582759,23.3,27.4,3.867207,3.866,3.869,27135,27163,0,0,0,0
2023-09-06T23:00:00Z,30,,,,0.220867,0.215,0.227,25.376667,23.3,27.7,3.8664,3.862,3.869,27164,27193,0,0,0,0
2023-09-07T00:00:00Z,28,,,,0.22025,0.215,0.227,25.142857,23.2,27.7,3.866464,3.864,3.869,27194,27222,0,0,0,0
2023-09-07T01:00:00Z,29,,,,0.220793,0.215,0.227,25.337931,23.3,27.6,3.865552,3.862,3.869,27223,27251,0,0,0,0
2023-09-07T02:00:00Z,29,,,,0.22069,0.215,0.227,25.658621,23.3,27.7,3.865862,3.864,3.869,27252,27280,0,0,0,0
2023-09-07T03:00:00Z,29,,,,0.220379,0.215,0.226,25.337931,23.4,27.6,3.865276,3.862,3.867,27281,27309,0,0,0,0
2023-09-07T04:00:00Z,29,,,,0.22131,0.215,0.226,25.734483,23.3,27.8,3.863862,3.862,3.867,27310,27338,0,0,0,0
2023-09-07T05:00:00Z,30,,,,0.222267,0.216,0.227,26.183333,23.7,28,3.863467,3.859,3.866,27339,27368,0,0,0,0
2023-09-07T06:00:00Z,29,,,,0.222138,0.216,0.228,26.293103,23.5,28,3.863138,3.861,3.867,27369,27397,0,0,0,0
2023-09-07T07:00:00Z,29,,,,0.220759,0.215,0.227,25.848276,23.6,28.1,3.862207,3.861,3.866,27398,27426,0,0,0,0
2023-09-07T08:00:00Z,29,,,,0.220552,0.216,0.226,25.558621,23.6,28.1,3.861448,3.859,3.866,27427,27455,0,0,0,0
2023-09-07T09:00:00Z,29,,,,0.220828,0.215,0.228,25.903448,23.8,28,3.860793,3.857,3.864,27456,27484,0,0,0,0
2023-09-07T10:00:00Z,29,,,,0.219793,0.215,0.226,25.324138,23.6,28.1,3.860207,3.856,3.864,27485,27513,0,0,0,0
2023-09-07T11:00:00Z,18,,,,0.2195,0.215,0.227,25.527778,23.9,28,3.859333,3.857,3.862,27514,27543,0,0,0,0
2023-09-07T12:00:00Z,29,,,,0.22069,0.215,0.227,25.937931,23.8,28,3.857966,3.856,3.862,27544,27572,0,0,0,0
2023-09-07T13:00:00Z,29,,,,0.221966,0.216,0.226,26.548276,24,28.1,3.85731,3.856,3.861,27573,27601,0,0,0,0
2023-09-07T14:00:00Z,29,,,,0.220586,0.215,0.227,26.082759,23.9,28.2,3.856793,3.854,3.861,27602,27630,0,0,0,0
2023-09-07T15:00:00Z,29,,,,0.220138,0.215,0.226,25.893103,23.9,28.1,3.856241,3.852,3.861,27631,27659,0,0,0,0
2023-09-07T16:00:00Z,30,,,,0.221767,0.215,0.227,26.376667,24,28.1,3.854567,3.852,3.859,27660,27689,0,0,0,0
2023-09-07T17:00:00Z,29,,,,0.220828,0.215,0.226,26.02069,23.5,28.1,3.854241,3.852,3.859,27690,27718,0,0,0,0
2023-09-07T18:00:00Z,29,,,,0.219793,0.214,0.226,25.286207,23.3,27.7,3.854448,3.852,3.859,27719,27747,0,0,0,0
2023-09-07T19:00:00Z,29,,,,0.220966,0.215,0.226,25.113793,23.2,27.7,3.853241,3.851,3.857,27748,27776,0,0,0,0
2023-09-07T20:00:00Z,29,,,,0.220276,0.216,0.226,25.431034,23.2,27.6,3.851793,3.849,3.856,27777,27805,0,0,0,0
2023-09-07T21:00:00Z,28,,,,0.219821,0.215,0.228,24.914286,23.2,27.7,3.852036,3.849,3.856,27806,27833,0,0,0,0
2023-09-07T22:00:00Z,28,,,,0.221607,0.215,0.228,25.557143,23.3,27.7,3.850857,3.847,3.854,27837,27864,0,0,0,0
2023-09-07T23:00:00Z,29,,,,0.221241,0.215,0.227,25.441379,23.3,27.7,3.850966,3.849,3.854,27865,27893,0,0,0,0
2023-09-08T00:00:00Z,29,,,,0.220621,0.214,0.225,25.451724,23.2,27.6,3.849138,3.847,3.854,27894,27922,0,0,0,0
2023-09-08T01:00:00Z,29,,,,0.220759,0.215,0.225,25.358621,23.3,27.5,3.849276,3.847,3.852,27923,27951,0,0,0,0
2023-09-08T02:00:00Z,30,,,,0.2208,0.215,0.226,25.326667,23.3,27.7,3.848433,3.846,3.852,27952,27981,0,0,0,0
2023-09-08T03:00:00Z,29,,,,0.221207,0.215,0.228,25.548276,23.3,27.7,3.847379,3.846,3.851,27982,28010,0,0,0,0
2023-09-08T04:00:00Z,29,,,,0.220966,0.215,0.227,25.734483,23.2,27.8,3.847,3.844,3.851,28011,28039,0,0,0,0
2023-09-08T05:00:00Z,29,,,,0.219483,0.215,0.227,25.444828,23.5,27.9,3.846552,3.844,3.851,28040,28068,0,0,0,0
2023-09-08T06:00:00Z,29,,,,0.221379,0.214,0.229,25.413793,23.3,27.7,3.845586,3.844,3.849,28069,28097,0,0,0,0
2023-09-08T07:00:00Z,30,,,,0.222233,0.216,0.228,25.566667,23.3,27.8,3.844267,3.842,3.847,28098,28127,0,0,0,0
2023-09-08T08:00:00Z,29,,,,0.222207,0.216,0.228,25.427586,23.2,27.6,3.843103,3.841,3.846,28128,28156,0,0,0,0
2023-09-08T09:00:00Z,29,,,,0.221207,0.216,0.227,25.593103,23.3,27.7,3.843276,3.841,3.847,28157,28185,0,0,0,0
2023-09-08T10:00:00Z,29,,,,0.222276,0.215,0.228,25.696552,23.3,27.7,3.842448,3.841,3.846,28186,28214,0,0,0,0
2023-09-08T11:00:00Z,29,,,,0.219483,0.215,0.225,25.258621,23.4,27.7,3.842655,3.841,3.847,28215,28243,0,0,0,0
2023-09-08T12:00:00Z,30,,,,0.2201,0.215,0.228,25.61,23.6,28.1,3.841433,3.841,3.844,28244,28273,0,0,0,0
2023-09-08T13:00:00Z,29,,,,0.220138,0.215,0.228,25.441379,23.6,28.1,3.841793,3.839,3.844,28274,28302,0,0,0,0
2023-09-08T14:00:00Z,29,,,,0.220379,0.215,0.226,26.068966,23.7,28,3.841379,3.839,3.844,28303,28331,0,0,0,0
2023-09-08T15:00:00Z,27,,,,0.220556,0.215,0.226,26,23.7,28.1,3.840407,3.839,3.842,28332,28360,0,0,0,0
2023-09-08T16:00:00Z,6,,,,0.222167,0.218,0.224,26.733333,24.7,28,3.839,3.838,3.841,28362,28370,0,0,0,0
2023-09-08T17:00:00Z,8,,,,0.222125,0.215,0.227,25.8625,23.3,27.5,3.8355,3.834,3.838,28407,28414,0,0,0,0
2023-09-08T18:00:00Z,27,,,,0.22037,0.215,0.227,25.292593,23.1,27.6,3.835185,3.833,3.839,28415,28443,0,0,0,0
2023-09-08T19:00:00Z,29,,,,0.221655,0.215,0.227,25.724138,23.3,27.5,3.834034,3.831,3.838,28444,28472,0,0,0,0
2023-09-08T20:00:00Z,29,,,,0.220207,0.215,0.226,25.265517,23.2,27.4,3.833448,3.831,3.838,28473,28501,0,0,0,0
2023-09-08T21:00:00Z,29,,,,0.219966,0.215,0.226,25.048276,23.3,27.6,3.832448,3.828,3.836,28502,28530,0,0,0,0
2023-09-08T22:00:00Z,29,,,,0.22131,0.215,0.229,25.448276,23.2,27.6,3.831448,3.828,3.836,28531,28559,0,0,0,0
2023-09-08T23:00:00Z,29,,,,0.220172,0.215,0.227,25.031034,23.2,27.6,3.831345,3.828,3.834,28560,28588,0,0,0,0
2023-09-09T00:00:00Z,30,,,,0.221233,0.215,0.226,25.543333,23.3,27.7,3.830033,3.828,3.834,28589,28618,0,0,0,0
2023-09-09T01:00:00Z,29,,,,0.221172,0.215,0.228,25.775862,23.4,27.7,3.829414,3.828,3.833,28619,28647,0,0,0,0
2023-09-09T02:00:00Z,29,,,,0.22069,0.216,0.227,25.406897,23.3,27.5,3.82731,3.824,3.831,28648,28676,0,0,0,0
2023-09-09T03:00:00Z,29,,,,0.220966,0.216,0.228,25.313793,23.3,27.7,3.827034,3.824,3.829,28677,28705,0,0,0,0
2023-09-09T04:00:00Z,29,,,,0.221448,0.215,0.227,25.262069,23.3,27.6,3.826034,3.823,3.829,28706,28734,0,0,0,0
2023-09-09T05:00:00Z,30,,,,0.2198,0.215,0.226,24.99,23.3,27.7,3.825733,3.823,3.828,28735,28764,0,0,0,0
2023-09-09T06:00:00Z,29,,,,0.219724,0.215,0.227,25.182759,23.3,27.8,3.824931,3.823,3.828,28765,28793,0,0,0,0
2023-09-09T07:00:00Z,29,,,,0.220448,0.216,0.227,25.548276,23.4,27.8,3.824207,3.821,3.828,28794,28822,0,0,0,0
2023-09-09T08:00:00Z,29,,,,0.219207,0.215,0.228,25.203448,23.4,28,3.82331,3.821,3.826,28823,28851,0,0,0,0
2023-09-09T09:00:00Z,29,,,,0.220069,0.215,0.229,25.448276,23.4,27.9,3.823414,3.821,3.826,28852,28880,0,0,0,0
2023-09-09T10:00:00Z,28,,,,0.221571,0.215,0.229,25.735714,23.8,28,3.821929,3.821,3.826,28881,28909,0,0,0,0
2023-09-09T11:00:00Z,30,,,,0.222,0.216,0.228,25.79,23.8,28.1,3.82,3.818,3.823,28910,28939,0,0,0,0
2023-09-09T12:00:00Z,29,,,,0.220172,0.215,0.226,25.765517,23.8,28.1,3.820517,3.818,3.823,28940,28968,0,0,0,0
2023-09-09T13:00:00Z,29,,,,0.222,0.216,0.228,26.037931,23.8,28.2,3.819517,3.818,3.823,28969,28997,0,0,0,0
2023-09-09T14:00:00Z,29,,,,0.220897,0.215,0.226,26.037931,23.9,28.1,3.819414,3.818,3.823,28998,29026,0,0,0,0
2023-09-09T15:00:00Z,29,,,,0.219862,0.215,0.228,25.337931,23.5,27.8,3.818966,3.818,3.821,29027,29055,0,0,0,0
2023-09-09T16:00:00Z,30,,,,0.221233,0.215,0.228,25.383333,23.3,27.8,3.818333,3.816,3.821,29056,29085,0,0,0,0
2023-09-09T17:00:00Z,29,,,,0.220345,0.214,0.228,25.162069,23.3,27.8,3.818207,3.816,3.819,29086,29114,0,0,0,0
2023-09-09T18:00:00Z,29,,,,0.219586,0.214,0.226,25.203448,23.1,27.7,3.818207,3.818,3.819,29115,29143,0,0,0,0
2023-09-09T19:00:00Z,29,,,,0.220586,0.215,0.227,25.234483,23.2,27.8,3.817414,3.816,3.819,29144,29172,0,0,0,0
2023-09-09T20:00:00Z,29,,,,0.220034,0.215,0.228,25.068966,23.2,27.7,3.816828,3.816,3.818,29173,29201,0,0,0,0
2023-09-09T21:00:00Z,30,,,,0.220733,0.215,0.227,25.173333,23.3,27.7,3.816867,3.816,3.818,29202,29231,0,0,0,0
2023-09-09T22:00:00Z,29,,,,0.219448,0.215,0.228,25.096552,23.2,27.5,3.81669,3.816,3.818,29232,29260,0,0,0,0
2023-09-09T23:00:00Z,29,,,,0.219414,0.214,0.226,24.6,23.1,27.8,3.816345,3.816,3.818,29261,29289,0,0,0,0
2023-09-10T00:00:00Z,29,,,,0.220931,0.215,0.226,25.931034,23.3,27.8,3.81531,3.814,3.818,29290,29318,0,0,0,0
2023-09-10T01:00:00Z,25,,,,0.21972,0.214,0.227,24.968,23.2,28,3.8152,3.814,3.816,29319,29347,0,0,0,0
2023-09-10T02:00:00Z,29,,,,0.220138,0.214,0.226,25.272414,23.2,27.9,3.814862,3.813,3.816,29348,29376,0,0,0,0
2023-09-10T03:00:00Z,30,,,,0.2211,0.215,0.228,25.89,23.2,27.8,3.814033,3.809,3.816,29377,29406,0,0,0,0
2023-09-10T04:00:00Z,29,,,,0.220828,0.214,0.228,25.368966,23.2,27.9,3.81331,3.811,3.816,29407,29435,0,0,0,0
2023-09-10T05:00:00Z,29,,,,0.22069,0.215,0.226,25.568966,23.3,27.9,3.813379,3.809,3.816,29436,29464,0,0,0,0
2023-09-10T06:00:00Z,29,,,,0.220138,0.215,0.226,25.496552,23.4,27.8,3.812103,3.809,3.814,29465,29493,0,0,0,0
2023-09-10T07:00:00Z,29,,,,0.219724,0.215,0.226,25.241379,23.3,27.9,3.811,3.809,3.814,29494,29522,0,0,0,0
2023-09-10T08:00:00Z,29,,,,0.219931,0.214,0.227,25.489655,23.3,28.1,3.810207,3.806,3.814,29523,29551,0,0,0,0
2023-09-10T09:00:00Z,30,,,,0.219667,0.215,0.226,25.043333,23.4,28,3.8086,3.806,3.813,29552,29581,0,0,0,0
2023-09-10T10:00:00Z,29,,,,0.220586,0.215,0.226,25.789655,23.4,28.1,3.807586,3.803,3.811,29582,29610,0,0,0,0
2023-09-10T11:00:00Z,29,,,,0.219655,0.214,0.226,25.451724,23.5,28,3.805897,3.801,3.809,29611,29639,0,0,0,0
2023-09-10T12:00:00Z,29,,,,0.219897,0.215,0.227,25.506897,23.4,28.1,3.805207,3.803,3.808,29640,29668,0,0,0,0
2023-09-10T13:00:00Z,29,,,,0.220414,0.215,0.227,26.072414,23.3,28.2,3.804,3.801,3.808,29669,29697,0,0,0,0
2023-09-10T14:00:00Z,29,,,,0.221517,0.215,0.228,25.841379,23.5,28.2,3.802517,3.8,3.806,29698,29726,0,0,0,0
2023-09-10T15:00:00Z,30,,,,0.219667,0.215,0.226,25.51,23.5,28.2,3.8015,3.798,3.805,29727,29756,0,0,0,0
2023-09-10T16:00:00Z,29,,,,0.220759,0.215,0.228,25.77931,23.6,27.9,3.799517,3.796,3.803,29757,29785,0,0,0,0
2023-09-10T17:00:00Z,29,,,,0.221897,0.215,0.227,26.475862,23.7,28.2,3.798931,3.795,3.801,29786,29814,0,0,0,0
2023-09-10T18:00:00Z,28,,,,0.22225,0.215,0.228,26.382143,23.3,28.2,3.796179,3.795,3.8,29815,29842,0,0,0,0
2023-09-10T19:00:00Z,29,,,,0.22169,0.214,0.226,26.106897,23,28.1,3.794276,3.793,3.796,29843,29871,0,0,0,0
2023-09-10T20:00:00Z,29,,,,0.220241,0.214,0.226,25.168966,23.3,27.8,3.791828,3.79,3.795,29872,29900,0,0,0,0
2023-09-10T21:00:00Z,28,,,,0.221857,0.214,0.227,25.517857,23.3,28.1,3.791,3.79,3.793,29901,29928,0,0,0,0
2023-09-10T22:00:00Z,29,,,,0.22031,0.214,0.228,25.527586,23.3,27.8,3.79,3.788,3.791,29929,29957,0,0,0,0
2023-09-10T23:00:00Z,28,,,,0.22125,0.215,0.227,25.782143,23.2,28.1,3.789107,3.786,3.791,29958,29985,0,0,0,0
2023-09-11T00:00:00Z,29,,,,0.221207,0.215,0.226,25.87931,23.3,27.9,3.786552,3.783,3.79,29986,30014,0,0,0,0
2023-09-11T01:00:00Z,29,,,,0.220483,0.214,0.227,25.37931,23.2,27.9,3.784414,3.781,3.788,30015,30043,0,0,0,0
2023-09-11T02:00:00Z,28,,,,0.220821,0.215,0.228,25.607143,23.2,27.9,3.782643,3.78,3.786,30044,30071,0,0,0,0
2023-09-11T03:00:00Z,29,,,,0.219655,0.214,0.228,25.651724,23.4,27.8,3.780172,3.776,3.785,30072,30100,0,0,0,0
2023-09-11T04:00:00Z,29,,,,0.219759,0.215,0.227,25.672414,23.3,28,3.777931,3.775,3.783,30101,30129,0,0,0,0
2023-09-11T05:00:00Z,28,,,,0.219643,0.214,0.226,25.467857,23.3,27.9,3.77625,3.773,3.781,30130,30157,0,0,0,0
2023-09-11T06:00:00Z,29,,,,0.219483,0.215,0.226,25.462069,23.4,28.1,3.773414,3.772,3.778,30158,30186,0,0,0,0
2023-09-11T07:00:00Z,29,,,,0.220414,0.215,0.226,25.651724,23.3,28.1,3.771448,3.77,3.773,30187,30215,0,0,0,0
2023-09-11T08:00:00Z,28,,,,0.221107,0.215,0.23,25.507143,23.5,28.2,3.769893,3.767,3.773,30216,30243,0,0,0,0
2023-09-11T09:00:00Z,29,,,,0.220759,0.215,0.228,25.782759,23.2,28.1,3.768034,3.767,3.772,30244,30272,0,0,0,0
2023-09-11T10:00:00Z,22,,,,0.2215,0.214,0.228,25.9,23.4,28,3.766364,3.765,3.768,30273,30298,0,0,0,0
2023-09-11T11:00:00Z,6,,,,0.220167,0.215,0.226,25.666667,23.7,27.8,3.763667,3.763,3.765,30303,30323,0,0,0,0
2023-09-11T12:00:00Z,21,,,,0.220952,0.214,0.227,25.961905,23.6,28.1,3.762476,3.762,3.763,30335,30355,0,0,0,0
2023-09-11T13:00:00Z,29,,,,0.220448,0.215,0.228,25.751724,23.4,28,3.761655,3.76,3.763,30356,30384,0,0,0,0
2023-09-11T14:00:00Z,29,,,,0.219276,0.216,0.226,25.368966,23.5,28.2,3.76031,3.758,3.763,30385,30413,0,0,0,0
2023-09-11T15:00:00Z,30,,,,0.219333,0.215,0.226,25.456667,23.5,28.1,3.758933,3.757,3.762,30414,30443,0,0,0,0
2023-09-11T16:00:00Z,29,,,,0.220207,0.214,0.227,25.87931,23.7,28.1,3.756621,3.755,3.76,30444,30472,0,0,0,0
2023-09-11T17:00:00Z,29,,,,0.220517,0.215,0.227,25.927586,23.5,28.5,3.755138,3.752,3.758,30473,30501,0,0,0,0
2023-09-11T18:00:00Z,29,,,,0.220759,0.215,0.228,25.913793,23.6,28.5,3.75369,3.75,3.757,30502,30530,0,0,0,0
2023-09-11T19:00:00Z,29,,,,0.220138,0.216,0.226,25.937931,23.5,28.6,3.752034,3.747,3.757,30531,30559,0,0,0,0
2023-09-11T20:00:00Z,30,,,,0.220467,0.214,0.227,25.56,23.5,28.2,3.7498,3.748,3.753,30560,30589,0,0,0,0
2023-09-11T21:00:00Z,29,,,,0.22,0.215,0.228,25.413793,23.1,27.9,3.747862,3.745,3.752,30590,30618,0,0,0,0
2023-09-11T22:00:00Z,28,,,,0.220464,0.215,0.228,25.164286,23.1,27.9,3.746786,3.745,3.752,30619,30647,0,0,0,0
2023-09-11T23:00:00Z,29,,,,0.221586,0.215,0.228,25.865517,23.2,27.7,3.744621,3.743,3.748,30648,30676,0,0,0,0
2023-09-12T00:00:00Z,28,,,,0.221286,0.215,0.228,25.039286,23.1,27.9,3.743607,3.742,3.747,30677,30705,0,0,0,0
2023-09-12T01:00:00Z,29,,,,0.221241,0.214,0.226,25.531034,23.2,27.7,3.741345,3.739,3.745,30706,30734,0,0,0,0
2023-09-12T02:00:00Z,30,,,,0.221733,0.215,0.226,25.77,23.1,27.7,3.740467,3.739,3.743,30735,30764,0,0,0,0
2023-09-12T03:00:00Z,29,,,,0.219724,0.215,0.226,24.931034,23.1,27.7,3.738759,3.737,3.742,30765,30793,0,0,0,0
2023-09-12T04:00:00Z,29,,,,0.220759,0.215,0.228,25.410345,23.1,27.7,3.737,3.734,3.74,30794,30822,0,0,0,0
2023-09-12T05:00:00Z,29,,,,0.219517,0.214,0.229,25.248276,23.1,27.7,3.734966,3.734,3.737,30823,30851,0,0,0,0
2023-09-12T06:00:00Z,29,,,,0.220931,0.214,0.227,25.558621,23.3,28.1,3.733586,3.73,3.737,30852,30880,0,0,0,0
2023-09-12T07:00:00Z,29,,,,0.220621,0.214,0.226,25.765517,23.3,28.1,3.731241,3.729,3.735,30881,30909,0,0,0,0
2023-09-12T08:00:00Z,29,,,,0.22031,0.214,0.228,25.586207,23.1,28.6,3.729586,3.727,3.732,30910,30938,0,0,0,0
2023-09-12T09:00:00Z,30,,,,0.2217,0.215,0.227,25.73,23.2,28,3.727433,3.722,3.73,30939,30968,0,0,0,0
2023-09-12T10:00:00Z,29,,,,0.22169,0.216,0.228,25.058621,23.2,27.9,3.723897,3.722,3.727,30969,30997,0,0,0,0
2023-09-12T11:00:00Z,29,,,,0.221759,0.216,0.23,24.996552,21.9,27.9,3.722931,3.72,3.727,30998,31026,0,0,0,0
2023-09-12T12:00:00Z,29,,,,0.222207,0.215,0.228,25.334483,22.3,27.7,3.72069,3.717,3.724,31027,31055,0,0,0,0
2023-09-12T13:00:00Z,29,,,,0.222379,0.216,0.226,26.293103,23.3,28,3.71869,3.717,3.722,31056,31084,0,0,0,0
2023-09-12T14:00:00Z,30,,,,0.220167,0.215,0.227,25.603333,23.2,28,3.716333,3.714,3.719,31085,31114,0,0,0,0
2023-09-12T15:00:00Z,26,,,,0.220808,0.215,0.228,25.215385,23.3,28.1,3.714769,3.714,3.717,31115,31143,0,0,0,0
2023-09-12T16:00:00Z,29,,,,0.219828,0.215,0.226,25.548276,23.2,28.2,3.713034,3.712,3.715,31144,31172,0,0,0,0
2023-09-12T17:00:00Z,29,,,,0.22,0.214,0.227,25.441379,23.3,28.1,3.711724,3.71,3.714,31173,31201,0,0,0,0
2023-09-12T18:00:00Z,29,,,,0.220276,0.214,0.228,25.617241,23.4,28.4,3.71069,3.71,3.712,31202,31230,0,0,0,0
2023-09-12T19:00:00Z,30,,,,0.2215,0.215,0.227,25.86,23.3,28.5,3.7102,3.71,3.712,31231,31260,0,0,0,0
2023-09-12T20:00:00Z,29,,,,0.220828,0.214,0.226,25.744828,23.4,28.3,3.709586,3.709,3.712,31261,31289,0,0,0,0
2023-09-12T21:00:00Z,29,,,,0.22069,0.214,0.227,25.896552,23.3,28.1,3.708897,3.707,3.71,31290,31318,0,0,0,0
2023-09-12T22:00:00Z,29,,,,0.220931,0.214,0.228,25.937931,23.3,28.1,3.706621,3.704,3.709,31319,31347,0,0,0,0
2023-09-12T23:00:00Z,29,,,,0.222103,0.215,0.229,25.958621,23.1,28.1,3.705517,3.702,3.709,31348,31376,0,0,0,0
2023-09-13T00:00:00Z,29,,,,0.220828,0.214,0.228,25.503448,23.2,27.9,3.701897,3.699,3.706,31377,31405,0,0,0,0
2023-09-13T01:00:00Z,30,,,,0.219733,0.213,0.228,25.213333,23,27.9,3.699533,3.694,3.704,31406,31435,0,0,0,0
2023-09-13T02:00:00Z,29,,,,0.220448,0.214,0.229,24.906897,23,27.9,3.696759,3.692,3.702,31436,31464,0,0,0,0
2023-09-13T03:00:00Z,29,,,,0.220552,0.214,0.228,25.531034,23.1,28.1,3.692552,3.687,3.699,31465,31493,0,0,0,0
2023-09-13T04:00:00Z,29,,,,0.221,0.214,0.229,25.203448,23.1,27.9,3.687621,3.684,3.697,31494,31522,0,0,0,0
2023-09-13T05:00:00Z,29,,,,0.220138,0.214,0.228,25.131034,23.2,27.8,3.683276,3.682,3.687,31523,31551,0,0,0,0
2023-09-13T06:00:00Z,30,,,,0.2205,0.214,0.228,25.603333,23.1,28.1,3.682833,3.681,3.689,31552,31581,0,0,0,0
2023-09-13T07:00:00Z,28,,,,0.220857,0.214,0.226,26.003571,23.3,28,3.681286,3.679,3.682,31583,31610,0,0,0,0
2023-09-13T08:00:00Z,28,,,,0.22175,0.214,0.228,26.360714,23.8,28.2,3.679036,3.677,3.682,31611,31639,0,0,0,0
2023-09-13T09:00:00Z,29,,,,0.221483,0.215,0.229,25.824138,23.3,28.1,3.676103,3.674,3.679,31640,31668,0,0,0,0
2023-09-13T10:00:00Z,28,,,,0.220143,0.214,0.227,25.953571,23.3,28.1,3.675643,3.673,3.679,31669,31697,0,0,0,0
2023-09-13T11:00:00Z,29,,,,0.221793,0.215,0.227,25.982759,23.3,28.2,3.673138,3.671,3.677,31698,31726,0,0,0,0
2023-09-13T12:00:00Z,28,,,,0.221143,0.215,0.226,25.95,23.3,28.3,3.67,3.668,3.674,31727,31755,0,0,0,0
2023-09-13T13:00:00Z,30,,,,0.219867,0.214,0.228,25.583333,23.3,28.2,3.667967,3.666,3.671,31756,31785,0,0,0,0
2023-09-13T14:00:00Z,29,,,,0.221345,0.215,0.226,26.158621,23.5,28.1,3.665621,3.663,3.669,31786,31814,0,0,0,0
2023-09-13T15:00:00Z,29,,,,0.219517,0.214,0.227,25.437931,23.4,28.1,3.663517,3.661,3.666,31815,31843,0,0,0,0
2023-09-13T16:00:00Z,29,,,,0.220345,0.214,0.229,25.458621,23.1,28.1,3.661966,3.659,3.664,31844,31872,0,0,0,0
2023-09-13T17:00:00Z,28,,,,0.219643,0.214,0.228,25.128571,23.3,28.1,3.659929,3.659,3.663,31873,31901,0,0,0,0
2023-09-13T18:00:00Z,30,,,,0.220633,0.214,0.227,25.59,23,28,3.659,3.658,3.661,31902,31931,0,0,0,0
2023-09-13T19:00:00Z,29,,,,0.222586,0.215,0.228,26.496552,23.1,27.9,3.658483,3.658,3.659,31932,31960,0,0,0,0
2023-09-13T20:00:00Z,29,,,,0.221172,0.214,0.229,25.875862,23.1,28,3.658276,3.658,3.659,31961,31989,0,0,0,0
2023-09-13T21:00:00Z,29,,,,0.219759,0.214,0.227,25.02069,22.9,27.8,3.657483,3.656,3.659,31990,32018,0,0,0,0
2023-09-13T22:00:00Z,29,,,,0.220724,0.214,0.228,25.468966,23,27.9,3.655483,3.653,3.658,32019,32047,0,0,0,0
2023-09-13T23:00:00Z,29,,,,0.221172,0.215,0.228,25.4,23,28.1,3.653655,3.651,3.656,32048,32076,0,0,0,0
2023-09-14T00:00:00Z,30,,,,0.219,0.214,0.228,24.803333,23.1,27.8,3.650533,3.648,3.654,32077,32106,0,0,0,0
2023-09-14T01:00:00Z,29,,,,0.221414,0.214,0.226,26.296552,23.3,27.9,3.648621,3.646,3.653,32107,32135,0,0,0,0
2023-09-14T02:00:00Z,29,,,,0.221724,0.214,0.229,26.224138,23.1,27.9,3.646414,3.644,3.649,32136,32164,0,0,0,0
2023-09-14T03:00:00Z,29,,,,0.221103,0.214,0.227,25.475862,23.1,27.8,3.643828,3.641,3.648,32165,32193,0,0,0,0
2023-09-14T04:00:00Z,25,,,,0.22072,0.214,0.228,25.372,23.2,27.9,3.64244,3.64,3.644,32194,32220,0,0,0,0
2023-09-14T05:00:00Z,7,,,,0.219429,0.216,0.225,25.328571,23.3,28,3.637286,3.633,3.64,32223,32244,0,0,0,0
2023-09-14T06:00:00Z,14,,,,0.220429,0.216,0.226,24.992857,23.3,27.8,3.629714,3.628,3.631,32263,32276,0,0,0,0
2023-09-14T07:00:00Z,30,,,,0.222233,0.215,0.229,25.556667,22.9,27.9,3.6285,3.626,3.631,32277,32306,0,0,0,0
2023-09-14T08:00:00Z,29,,,,0.221207,0.215,0.227,25.248276,21.7,27.8,3.627172,3.623,3.63,32307,32335,0,0,0,0
2023-09-14T09:00:00Z,29,,,,0.221069,0.214,0.228,25.931034,22.8,28.1,3.625345,3.623,3.628,32336,32364,0,0,0,0
2023-09-14T10:00:00Z,29,,,,0.220414,0.215,0.228,25.537931,23.2,28.1,3.622759,3.62,3.626,32365,32393,0,0,0,0
2023-09-14T11:00:00Z,29,,,,0.220621,0.214,0.228,26.068966,23.4,28.4,3.620897,3.618,3.625,32394,32422,0,0,0,0
2023-09-14T12:00:00Z,29,,,,0.221069,0.214,0.226,26.32069,23.3,28.1,3.618241,3.616,3.623,32423,32451,0,0,0,0
2023-09-14T13:00:00Z,30,,,,0.221833,0.214,0.228,25.78,23.2,28.1,3.616767,3.615,3.62,32452,32481,0,0,0,0
2023-09-14T14:00:00Z,29,,,,0.222483,0.215,0.23,24.458621,20.9,28,3.614724,3.613,3.62,32482,32510,0,0,0,0
2023-09-14T15:00:00Z,29,,,,0.221379,0.215,0.227,25.731034,23.4,28.5,3.612517,3.61,3.616,32511,32539,0,0,0,0
2023-09-14T16:00:00Z,29,,,,0.220414,0.214,0.228,25.696552,23.8,28.6,3.611552,3.608,3.615,32540,32568,0,0,0,0
2023-09-14T17:00:00Z,29,,,,0.219793,0.214,0.227,25.817241,23.3,28.2,3.609034,3.607,3.613,32569,32597,0,0,0,0
2023-09-14T18:00:00Z,29,,,,0.221828,0.214,0.227,25.831034,23.2,28.1,3.607655,3.607,3.61,32598,32627,0,0,0,0
2023-09-14T19:00:00Z,29,,,,0.220517,0.215,0.228,25.710345,23.2,28.4,3.607241,3.607,3.608,32628,32656,0,0,0,0
2023-09-14T20:00:00Z,29,,,,0.220069,0.214,0.228,25.427586,23.1,28.1,3.606069,3.605,3.608,32657,32685,0,0,0,0
2023-09-14T21:00:00Z,29,,,,0.220552,0.214,0.228,25.710345,23.2,28,3.605552,3.605,3.607,32686,32714,0,0,0,0
2023-09-14T22:00:00Z,29,,,,0.220897,0.214,0.228,25.444828,23.2,28.1,3.604241,3.603,3.607,32715,32743,0,0,0,0
2023-09-14T23:00:00Z,29,,,,0.220586,0.215,0.227,25.337931,23.2,28,3.603172,3.602,3.605,32744,32772,0,0,0,0
2023-09-15T00:00:00Z,30,,,,0.2206,0.214,0.227,25.596667,23.3,28.1,3.6017,3.6,3.605,32773,32802,0,0,0,0
2023-09-15T01:00:00Z,29,,,,0.222586,0.215,0.229,26.617241,23.3,28.1,3.600172,3.598,3.603,32803,32831,0,0,0,0
2023-09-15T02:00:00Z,29,,,,0.219448,0.214,0.227,25.2,23.3,28.1,3.597414,3.595,3.602,32832,32860,0,0,0,0
2023-09-15T03:00:00Z,29,,,,0.221862,0.214,0.227,26.289655,23.4,28.6,3.595448,3.593,3.598,32861,32889,0,0,0,0
2023-09-15T04:00:00Z,29,,,,0.221793,0.215,0.227,26.113793,23.4,28.6,3.593862,3.59,3.597,32890,32918,0,0,0,0
2023-09-15T05:00:00Z,29,,,,0.220759,0.214,0.228,25.762069,23.3,28.3,3.591,3.588,3.593,32919,32947,0,0,0,0
2023-09-15T06:00:00Z,29,,,,0.221931,0.214,0.227,26.244828,23.3,28.6,3.590828,3.588,3.595,32948,32976,0,0,0,0
2023-09-15T07:00:00Z,30,,,,0.2205,0.214,0.229,25.936667,23.4,28.6,3.588767,3.587,3.592,32977,33006,0,0,0,0
2023-09-15T08:00:00Z,28,,,,0.220464,0.215,0.228,25.992857,23.3,28.6,3.587214,3.583,3.59,33007,33035,0,0,0,0
2023-09-15T09:00:00Z,28,,,,0.220321,0.215,0.228,25.753571,23.2,28.6,3.584679,3.582,3.588,33036,33064,0,0,0,0
2023-09-15T10:00:00Z,29,,,,0.221483,0.215,0.228,25.537931,23.1,28,3.583,3.58,3.585,33065,33093,0,0,0,0
2023-09-15T11:00:00Z,29,,,,0.221034,0.215,0.228,25.558621,23.2,28.2,3.58169,3.58,3.585,33094,33122,0,0,0,0
2023-09-15T12:00:00Z,29,,,,0.221345,0.215,0.229,25.731034,23.2,28.1,3.58031,3.578,3.583,33123,33151,0,0,0,0
2023-09-15T13:00:00Z,29,,,,0.220483,0.215,0.227,25.437931,23.1,28.1,3.578586,3.577,3.582,33152,33180,0,0,0,0
2023-09-15T14:00:00Z,29,,,,0.222655,0.218,0.227,26.27931,23.3,28.1,3.577621,3.577,3.58,33181,33209,0,0,0,0
2023-09-15T15:00:00Z,29,,,,0.22131,0.215,0.228,25.127586,22.6,28.3,3.577034,3.575,3.578,33210,33238,0,0,0,0
2023-09-15T16:00:00Z,29,,,,0.223207,0.215,0.231,25.5,21.2,28.1,3.575241,3.574,3.577,33239,33267,0,0,0,0
2023-09-15T17:00:00Z,30,,,,0.2223,0.214,0.23,25.833333,23.1,28.3,3.5736,3.57,3.577,33268,33297,0,0,0,0
2023-09-15T18:00:00Z,29,,,,0.221793,0.215,0.227,25.996552,23.3,28.1,3.572897,3.57,3.575,33298,33326,0,0,0,0
2023-09-15T19:00:00Z,29,,,,0.221172,0.214,0.229,25.172414,23.1,28.1,3.570448,3.567,3.574,33327,33355,0,0,0,0
2023-09-15T20:00:00Z,29,,,,0.219931,0.214,0.228,25.051724,22.9,28.2,3.567828,3.564,3.572,33356,33384,0,0,0,0
2023-09-15T21:00:00Z,29,,,,0.220448,0.214,0.228,25.168966,23,28.1,3.566,3.564,3.57,33385,33413,0,0,0,0
2023-09-15T22:00:00Z,30,,,,0.220967,0.214,0.227,25.43,23,28.1,3.563667,3.56,3.569,33414,33443,0,0,0,0
2023-09-15T23:00:00Z,29,,,,0.220759,0.215,0.227,25.251724,23,28.1,3.56331,3.56,3.565,33444,33472,0,0,0,0
2023-09-16T00:00:00Z,29,,,,0.221138,0.215,0.226,26.106897,23,28.1,3.561517,3.559,3.565,33473,33501,0,0,0,0
2023-09-16T01:00:00Z,29,,,,0.221897,0.214,0.228,26.062069,23.2,28.2,3.560103,3.557,3.564,33502,33530,0,0,0,0
2023-09-16T02:00:00Z,29,,,,0.220345,0.214,0.226,25.396552,22.9,28.1,3.557759,3.555,3.56,33531,33559,0,0,0,0
2023-09-16T03:00:00Z,29,,,,0.219241,0.213,0.228,25.072414,23.1,28.2,3.556069,3.554,3.559,33560,33588,0,0,0,0
2023-09-16T04:00:00Z,30,,,,0.220133,0.214,0.227,25.83,23.2,28.5,3.554767,3.554,3.557,33589,33618,0,0,0,0
2023-09-16T05:00:00Z,29,,,,0.220379,0.214,0.228,25.865517,23.3,28.1,3.554069,3.552,3.555,33619,33647,0,0,0,0
2023-09-16T06:00:00Z,29,,,,0.219862,0.214,0.228,25.468966,23.3,28.1,3.553103,3.552,3.554,33648,33676,0,0,0,0
2023-09-16T07:00:00Z,29,,,,0.221448,0.214,0.226,26.12069,23.2,28.3,3.552414,3.552,3.554,33677,33705,0,0,0,0
2023-09-16T08:00:00Z,29,,,,0.221759,0.215,0.228,26.12069,22.1,28.1,3.551,3.549,3.554,33706,33734,0,0,0,0
2023-09-16T09:00:00Z,30,,,,0.2207,0.214,0.228,25.553333,23,28.3,3.550133,3.549,3.552,33735,33764,0,0,0,0
2023-09-16T10:00:00Z,27,,,,0.219889,0.214,0.226,25.507407,23.3,28.4,3.54963,3.547,3.552,33765,33793,0,0,0,0
2023-09-16T11:00:00Z,29,,,,0.221,0.216,0.229,25.368966,22.8,28,3.54869,3.547,3.552,33794,33822,0,0,0,0
2023-09-16T12:00:00Z,29,,,,0.220655,0.215,0.227,25.531034,23.3,28.2,3.547,3.544,3.55,33823,33851,0,0,0,0
2023-09-16T13:00:00Z,29,,,,0.219586,0.214,0.226,25.265517,23.4,28.4,3.546379,3.544,3.55,33852,33880,0,0,0,0
2023-09-16T14:00:00Z,30,,,,0.2195,0.213,0.227,25.576667,23.4,28.6,3.544867,3.542,3.549,33881,33910,0,0,0,0
2023-09-16T15:00:00Z,29,,,,0.219448,0.214,0.226,25.648276,23.4,28.4,3.544552,3.542,3.547,33911,33939,0,0,0,0
2023-09-16T16:00:00Z,29,,,,0.219414,0.214,0.226,25.624138,23.6,28.6,3.542793,3.541,3.545,33940,33968,0,0,0,0
2023-09-16T17:00:00Z,29,,,,0.220931,0.214,0.226,26.07931,23.3,28.5,3.541276,3.539,3.545,33969,33997,0,0,0,0
2023-09-16T18:00:00Z,29,,,,0.219897,0.214,0.228,25.755172,23,28.1,3.539759,3.537,3.544,33998,34026,0,0,0,0
2023-09-16T19:00:00Z,30,,,,0.219633,0.214,0.228,25.716667,23,28.2,3.538133,3.536,3.541,34027,34056,0,0,0,0
2023-09-16T20:00:00Z,29,,,,0.220862,0.214,0.226,25.344828,22.9,28.1,3.537276,3.534,3.542,34057,34085,0,0,0,0
2023-09-16T21:00:00Z,29,,,,0.220207,0.214,0.227,25.686207,23.1,28.3,3.536345,3.534,3.541,34086,34114,0,0,0,0
2023-09-16T22:00:00Z,29,,,,0.219966,0.214,0.228,25.510345,23,28.2,3.535655,3.534,3.539,34115,34143,0,0,0,0
2023-09-16T23:00:00Z,12,,,,0.2185,0.214,0.224,25.733333,23,28.1,3.533583,3.532,3.537,34144,34166,0,0,0,0
2023-09-17T00:00:00Z,3,,,,0.219333,0.218,0.222,25.966667,25.2,26.7,3.530333,3.529,3.531,34195,34197,0,0,0,0
2023-09-17T01:00:00Z,30,,,,0.2189,0.213,0.226,25.02,23.1,28,3.5296,3.527,3.532,34198,34227,0,0,0,0
2023-09-17T02:00:00Z,29,,,,0.220345,0.214,0.226,25.824138,23.1,28.1,3.528759,3.527,3.532,34228,34256,0,0,0,0
2023-09-17T03:00:00Z,29,,,,0.219552,0.214,0.229,25.724138,23.1,28.2,3.528138,3.526,3.531,34257,34285,0,0,0,0
2023-09-17T04:00:00Z,29,,,,0.220241,0.214,0.227,26.082759,23.3,28.5,3.527517,3.526,3.531,34286,34314,0,0,0,0
2023-09-17T05:00:00Z,29,,,,0.220414,0.214,0.227,25.634483,23.3,28.2,3.526483,3.524,3.529,34315,34343,0,0,0,0
2023-09-17T06:00:00Z,30,,,,0.221667,0.214,0.23,26.2,23.4,28.4,3.525967,3.524,3.527,34344,34373,0,0,0,0
2023-09-17T07:00:00Z,29,,,,0.219138,0.213,0.227,25.358621,23.3,28.2,3.524621,3.522,3.527,34374,34402,0,0,0,0
2023-09-17T08:00:00Z,29,,,,0.219862,0.214,0.228,25.482759,23.3,28.4,3.523517,3.522,3.526,34403,34431,0,0,0,0
2023-09-17T09:00:00Z,29,,,,0.22031,0.213,0.228,26.062069,23.3,28.6,3.522172,3.521,3.526,34432,34460,0,0,0,0
2023-09-17T10:00:00Z,29,,,,0.219517,0.214,0.228,25.644828,23.4,28.3,3.521828,3.519,3.526,34461,34489,0,0,0,0
2023-09-17T11:00:00Z,30,,,,0.219733,0.214,0.228,25.94,23.8,28.6,3.521233,3.519,3.524,34490,34519,0,0,0,0
2023-09-17T12:00:00Z,29,,,,0.221103,0.214,0.228,26.662069,23.4,28.6,3.519517,3.517,3.522,34520,34548,0,0,0,0
2023-09-17T13:00:00Z,29,,,,0.220552,0.214,0.228,26.341379,23.7,28.6,3.517724,3.514,3.521,34549,34577,0,0,0,0
2023-09-17T14:00:00Z,29,,,,0.221379,0.214,0.227,26.468966,23.7,28.7,3.517483,3.514,3.521,34578,34606,0,0,0,0
2023-09-17T15:00:00Z,29,,,,0.219724,0.214,0.226,25.755172,23.6,28.5,3.515759,3.514,3.519,34607,34635,0,0,0,0
2023-09-17T16:00:00Z,30,,,,0.220033,0.214,0.228,26.043333,23.6,28.6,3.5145,3.512,3.517,34636,34665,0,0,0,0
2023-09-17T17:00:00Z,29,,,,0.220241,0.214,0.226,26.02069,23.7,28.6,3.513724,3.511,3.517,34666,34694,0,0,0,0
2023-09-17T18:00:00Z,29,,,,0.21969,0.214,0.227,25.662069,23.6,28.5,3.512552,3.509,3.516,34695,34723,0,0,0,0
2023-09-17T19:00:00Z,29,,,,0.221448,0.215,0.228,26.358621,23.3,28.5,3.510759,3.509,3.516,34724,34752,0,0,0,0
2023-09-17T20:00:00Z,29,,,,0.220724,0.214,0.228,25.858621,23.2,28.3,3.509448,3.506,3.512,34753,34781,0,0,0,0
2023-09-17T21:00:00Z,30,,,,0.2205,0.213,0.228,25.806667,23.2,28.6,3.508133,3.506,3.511,34782,34811,0,0,0,0
2023-09-17T22:00:00Z,29,,,,0.220793,0.215,0.228,25.224138,23.2,28.1,3.507414,3.504,3.509,34812,34840,0,0,0,0
2023-09-17T23:00:00Z,29,,,,0.219759,0.214,0.227,25.465517,23.2,28.1,3.505448,3.503,3.509,34841,34869,0,0,0,0
2023-09-18T00:00:00Z,27,,,,0.22063,0.215,0.226,25.32963,23.1,28.1,3.504778,3.503,3.508,34870,34898,0,0,0,0
2023-09-18T01:00:00Z,29,,,,0.219759,0.214,0.228,25.089655,23.1,28,3.503345,3.501,3.506,34899,34927,0,0,0,0
2023-09-18T02:00:00Z,29,,,,0.220069,0.214,0.228,25.341379,23,28.1,3.502552,3.501,3.506,34928,34956,0,0,0,0
2023-09-18T03:00:00Z,28,,,,0.219643,0.214,0.226,25.564286,23.2,28.3,3.501464,3.499,3.504,34957,34986,0,0,0,0
2023-09-18T04:00:00Z,29,,,,0.219931,0.214,0.228,25.596552,23.1,28.4,3.499897,3.499,3.501,34987,35015,0,0,0,0
2023-09-18T05:00:00Z,29,,,,0.221,0.214,0.228,25.686207,23.2,28.3,3.499552,3.499,3.501,35016,35044,0,0,0,0
2023-09-18T06:00:00Z,29,,,,0.221034,0.214,0.229,25.924138,23.3,28.2,3.498448,3.496,3.499,35045,35073,0,0,0,0
2023-09-18T07:00:00Z,21,,,,0.221143,0.214,0.228,25.852381,23.3,28.4,3.49681,3.494,3.499,35074,35102,0,0,0,0
2023-09-18T08:00:00Z,29,,,,0.21931,0.214,0.226,25.575862,23.4,28.5,3.495517,3.493,3.498,35103,35131,0,0,0,0
2023-09-18T09:00:00Z,30,,,,0.2199,0.214,0.228,25.773333,23.6,28.4,3.4922,3.489,3.496,35132,35161,0,0,0,0
2023-09-18T10:00:00Z,29,,,,0.219345,0.214,0.226,25.534483,23.5,28.3,3.488034,3.484,3.491,35162,35190,0,0,0,0
2023-09-18T11:00:00Z,29,,,,0.220897,0.214,0.225,26.293103,23.7,28.5,3.483793,3.481,3.488,35191,35219,0,0,0,0
2023-09-18T12:00:00Z,29,,,,0.220345,0.215,0.226,26.272414,23.8,28.5,3.478828,3.475,3.483,35220,35248,0,0,0,0
2023-09-18T13:00:00Z,29,,,,0.221241,0.214,0.228,26.827586,23.9,28.6,3.475345,3.473,3.478,35249,35277,0,0,0,0
2023-09-18T14:00:00Z,29,,,,0.219138,0.214,0.227,25.806897,23.7,28.7,3.471586,3.468,3.475,35278,35306,0,0,0,0
2023-09-18T15:00:00Z,30,,,,0.2209,0.215,0.228,25.96,23.8,28.4,3.467033,3.463,3.47,35307,35336,0,0,0,0
2023-09-18T16:00:00Z,29,,,,0.220448,0.214,0.225,26.237931,23.8,28.6,3.461724,3.458,3.466,35337,35365,0,0,0,0
2023-09-18T17:00:00Z,29,,,,0.22031,0.214,0.226,26.248276,23.3,28.7,3.455207,3.451,3.461,35366,35394,0,0,0,0
2023-09-18T18:00:00Z,29,,,,0.221414,0.214,0.228,25.796552,23.2,28.4,3.449759,3.448,3.455,35395,35423,0,0,0,0
2023-09-18T19:00:00Z,29,,,,0.21969,0.214,0.225,25.786207,23.3,28,3.446483,3.445,3.448,35424,35452,0,0,0,0
2023-09-18T20:00:00Z,30,,,,0.219367,0.213,0.226,25.38,23,28.1,3.442633,3.438,3.446,35453,35482,0,0,0,0
2023-09-18T21:00:00Z,29,,,,0.22,0.214,0.228,25.365517,23,28.1,3.436621,3.432,3.44,35483,35511,0,0,0,0
2023-09-18T22:00:00Z,29,,,,0.220034,0.213,0.226,25.251724,22.9,28,3.429103,3.425,3.433,35512,35540,0,0,0,0
2023-09-18T23:00:00Z,29,,,,0.219759,0.214,0.227,25.437931,23,28.1,3.423862,3.42,3.427,35541,35569,0,0,0,0
2023-09-19T00:00:00Z,28,,,,0.220357,0.214,0.226,25.296429,22.9,28.1,3.418857,3.413,3.423,35570,35598,0,0,0,0
2023-09-19T01:00:00Z,29,,,,0.219345,0.214,0.226,25.1,23,28,3.412241,3.407,3.417,35599,35627,0,0,0,0
2023-09-19T02:00:00Z,30,,,,0.221033,0.214,0.228,25.76,23.1,28.1,3.403733,3.399,3.409,35628,35657,0,0,0,0
2023-09-19T03:00:00Z,29,,,,0.220517,0.214,0.227,26.017241,23.1,28.1,3.397345,3.394,3.402,35658,35686,0,0,0,0
2023-09-19T04:00:00Z,29,,,,0.21969,0.214,0.227,25.693103,23.2,28.4,3.393241,3.39,3.395,35687,35715,0,0,0,0
2023-09-19T05:00:00Z,29,,,,0.22069,0.214,0.226,25.955172,23.2,28.2,3.386862,3.382,3.392,35716,35744,0,0,0,0
2023-09-19T06:00:00Z,29,,,,0.220586,0.214,0.226,26.141379,23.3,28.4,3.378897,3.374,3.385,35745,35773,0,0,0,0
2023-09-19T07:00:00Z,30,,,,0.222167,0.214,0.228,26.506667,23.6,28.5,3.371033,3.367,3.376,35774,35803,0,0,0,0
2023-09-19T08:00:00Z,29,,,,0.220586,0.213,0.226,26.317241,23.3,28.3,3.364655,3.359,3.369,35804,35832,0,0,0,0
2023-09-19T09:00:00Z,28,,,,0.220321,0.214,0.227,25.842857,23.4,28.4,3.355536,3.351,3.362,35833,35861,0,0,0,0
2023-09-19T10:00:00Z,29,,,,0.219172,0.213,0.225,26.093103,23.5,28.3,3.346138,3.343,3.352,35862,35890,0,0,0,0
2023-09-19T11:00:00Z,29,,,,0.217931,0.213,0.223,25.717241,23.6,28.1,3.340828,3.338,3.343,35891,35919,0,0,0,0
2023-09-19T12:00:00Z,29,,,,0.217034,0.211,0.222,25.589655,23.5,28,3.331483,3.324,3.338,35920,35948,0,0,0,0
2023-09-19T13:00:00Z,30,,,,0.2152,0.209,0.222,25.55,23.5,27.7,3.320133,3.314,3.328,35949,35978,0,0,0,0
2023-09-19T14:00:00Z,29,,,,0.213759,0.209,0.219,25.365517,23.3,27.7,3.309276,3.303,3.313,35979,36007,0,0,0,0
2023-09-19T15:00:00Z,29,,,,0.212138,0.207,0.218,25.275862,23.2,27.4,3.297793,3.291,3.305,36008,36036,0,0,0,0
2023-09-19T16:00:00Z,29,,,,0.210241,0.203,0.217,24.989655,23.3,27.2,3.289241,3.286,3.293,36037,36065,0,0,0,0
2023-09-19T17:00:00Z,24,,,,0.2085,0.202,0.215,25.041667,22.9,26.8,3.278708,3.265,3.288,36066,36094,0,0,0,0
2023-09-19T18:00:00Z,9,,,,0.201667,0.198,0.206,24.077778,22.6,26.2,3.255111,3.242,3.263,36096,36113,0,0,0,0
2023-09-19T19:00:00Z,28,,,,0.197107,0.191,0.204,23.678571,21.2,26.2,3.222321,3.215,3.23,36123,36150,0,0,0,0
2023-09-19T20:00:00Z,29,,,,0.195034,0.189,0.201,23.303448,20.8,25.8,3.209138,3.202,3.215,36151,36179,0,0,0,0
2023-09-19T21:00:00Z,29,,,,0.19169,0.179,0.199,22.755172,20.3,25.7,3.190862,3.158,3.201,1,36206,0,0,0,0
2023-09-19T22:00:00Z,29,,,,0.181931,0.166,0.198,21.972414,18.9,25.3,3.158172,3.14,3.184,1,4,0,0,0,0
2023-09-19T23:00:00Z,29,,,,0.176862,0.169,0.185,21.624138,18.8,24,3.133724,3.123,3.146,1,1,0,0,0,0
2023-09-20T00:00:00Z,29,,,,0.17069,0.165,0.178,20.4,18.4,23.5,3.110034,3.098,3.128,1,1,0,0,0,0
2023-09-20T01:00:00Z,29,,,,0.167621,0.16,0.175,20.810345,17.9,23.3,3.080966,3.069,3.098,1,1,0,0,0,0
2023-09-20T02:00:00Z,29,,,,0.163483,0.156,0.172,20.510345,17.7,23,3.04969,3.032,3.067,1,1,0,0,0,0
2023-09-20T03:00:00Z,29,,,,0.158345,0.155,0.166,20.286207,17.3,22.3,3.015138,2.998,3.029,1,1,0,0,0,0
2023-09-20T04:00:00Z,29,,,,0.155207,0.155,0.158,18.686207,16.2,21.7,2.971345,2.948,2.993,1,1,0,0,0,0
2023-09-20T05:00:00Z,10,,,,0.155,0.155,0.155,18.85,16.3,20.8,2.9386,2.927,2.947,1,1,0,0,0,0
2023-09-22T09:00:00Z,23,,,,0.233261,0.194,0.263,29.473913,15.5,45.1,3.616217,2.567,3.879,1,23,0,0,0,0
2023-09-22T10:00:00Z,29,,,,0.241414,0.206,0.266,22.72069,15.5,31.4,4.017241,3.894,4.097,24,52,0,0,0,0
2023-09-22T11:00:00Z,29,,,,0.234103,0.207,0.264,22.351724,15.5,36.6,4.129138,4.102,4.149,53,81,0,0,0,0
2023-09-22T12:00:00Z,29,,,,0.23469,0.205,0.264,22.106897,15.5,34.9,4.163,4.146,4.179,82,110,0,0,0,0
2023-09-22T13:00:00Z,29,,,,0.234552,0.205,0.261,26.682759,15.5,42,4.183655,4.177,4.189,111,139,0,0,0,0
2023-09-22T14:00:00Z,30,,,,0.2338,0.203,0.265,25.92,15.5,39.6,4.1554,4.143,4.186,140,169,0,0,0,0
2023-09-22T15:00:00Z,25,,,,0.24248,0.208,0.267,30.764,20.9,31.3,4.16344,4.146,4.186,170,197,0,0,0,0
2023-09-22T16:00:00Z,30,,,,0.235133,0.208,0.271,31.093333,30.9,31.2,4.1474,4.143,4.156,198,227,0,0,0,0
2023-09-22T17:00:00Z,29,,,,0.240759,0.208,0.269,31.041379,30.8,31.2,4.140207,4.136,4.143,228,256,0,0,0,0
2023-09-22T18:00:00Z,29,,,,0.23431,0.208,0.271,31.027586,30.8,31.1,4.136379,4.135,4.143,257,285,0,0,0,0
2023-09-22T19:00:00Z,29,,,,0.241069,0.208,0.271,30.737931,30.6,31.1,4.134586,4.133,4.138,286,314,0,0,0,0
2023-09-22T20:00:00Z,29,,,,0.23369,0.207,0.271,30.489655,30.3,30.6,4.133483,4.131,4.135,315,343,0,0,0,0
2023-09-22T21:00:00Z,30,,,,0.235967,0.208,0.269,30.29,30.1,30.5,4.132267,4.131,4.135,344,373,0,0,0,0
2023-09-22T22:00:00Z,29,,,,0.231517,0.208,0.27,30.165517,30.1,30.3,4.130793,4.128,4.133,374,402,0,0,0,0
2023-09-22T23:00:00Z,29,,,,0.238828,0.208,0.272,30.113793,30.1,30.3,4.129345,4.126,4.133,403,431,0,0,0,0
2023-09-23T00:00:00Z,29,,,,0.235241,0.208,0.274,30.093103,30,30.2,4.128621,4.125,4.131,432,460,0,0,0,0
2023-09-23T01:00:00Z,29,,,,0.247069,0.208,0.271,30.144828,30.1,30.4,4.13131,4.125,4.176,461,489,0,0,0,0
2023-09-23T02:00:00Z,28,,,,0.245536,0.214,0.27,30.503571,30.3,30.7,4.1725,4.158,4.186,490,518,0,0,0,0
2023-09-23T03:00:00Z,28,,,,0.23675,0.209,0.272,30.603571,30.4,30.9,4.170786,4.166,4.174,519,547,0,0,0,0
2023-09-23T04:00:00Z,26,,,,0.236808,0.208,0.27,30.703846,30.6,31.2,4.170385,4.168,4.174,548,576,0,0,0,0
2023-09-23T05:00:00Z,28,,,,0.235893,0.208,0.27,30.817857,30.6,31.2,4.171071,4.169,4.176,577,605,0,0,0,0
2023-09-23T06:00:00Z,23,,,,0.235087,0.208,0.27,30.947826,30.7,31.3,4.171696,4.169,4.177,606,633,0,0,0,0
2023-09-23T07:00:00Z,30,,,,0.238667,0.207,0.271,30.763333,30,31.2,4.1703,4.168,4.174,634,663,0,0,0,0
2023-09-23T08:00:00Z,29,,,,0.237483,0.209,0.275,22.02069,15.5,34,4.168793,4.166,4.171,664,692,0,0,0,0
2023-09-23T09:00:00Z,29,,,,0.246172,0.211,0.277,21.993103,15.5,32.1,4.169828,4.166,4.172,693,721,0,0,0,0
2023-09-23T10:00:00Z,29,,,,0.248862,0.211,0.275,22.582759,15.5,31.4,4.168241,4.164,4.171,722,750,0,0,0,0
2023-09-23T11:00:00Z,29,,,,0.245828,0.215,0.274,21.631034,15.5,32.7,4.169828,4.166,4.174,751,779,0,0,0,0
2023-09-23T12:00:00Z,30,,,,0.244,0.212,0.274,21.013333,15.5,32.5,4.169333,4.168,4.174,780,809,0,0,0,0
2023-09-23T13:00:00Z,29,,,,0.246172,0.213,0.274,20.862069,15.5,32.8,4.171138,4.168,4.176,810,838,0,0,0,0
2023-09-23T14:00:00Z,29,,,,0.249379,0.212,0.277,23.637931,15.5,32.1,4.172517,4.169,4.176,839,867,0,0,0,0
2023-09-23T15:00:00Z,29,,,,0.246276,0.211,0.275,22.241379,15.5,32.5,4.172724,4.169,4.177,868,896,0,0,0,0
2023-09-23T16:00:00Z,29,,,,0.242448,0.211,0.275,21.086207,15.5,31.7,4.172655,4.171,4.176,897,925,0,0,0,0
2023-09-23T17:00:00Z,29,,,,0.238483,0.21,0.275,20.851724,15.5,33.1,4.171276,4.169,4.176,926,954,0,0,0,0
2023-09-23T18:00:00Z,30,,,,0.250833,0.211,0.277,23.036667,15.5,34.1,4.170833,4.168,4.176,955,984,0,0,0,0
2023-09-23T19:00:00Z,29,,,,0.246103,0.214,0.279,21.406897,15.5,32.9,4.169448,4.168,4.172,985,1013,0,0,0,0
2023-09-23T20:00:00Z,29,,,,0.241276,0.208,0.279,20.741379,15.5,34.4,4.169621,4.166,4.187,1014,1042,0,0,0,0
2023-09-23T21:00:00Z,29,,,,0.244966,0.208,0.28,21.903448,15.5,34.5,4.171138,4.168,4.176,1043,1071,0,0,0,0
2023-09-23T22:00:00Z,29,,,,0.240414,0.208,0.279,21.086207,15.5,33.5,4.168966,4.166,4.172,1072,1100,0,0,0,0
2023-09-23T23:00:00Z,29,,,,0.241379,0.211,0.276,21.117241,15.5,31.6,4.16869,4.166,4.172,1101,1129,0,0,0,0
2023-09-24T00:00:00Z,30,,,,0.243333,0.209,0.279,21.343333,15.5,33.5,4.1672,4.164,4.169,1130,1159,0,0,0,0
2023-09-24T01:00:00Z,29,,,,0.246448,0.213,0.278,22.462069,15.5,33.4,4.16669,4.163,4.171,1160,1188,0,0,0,0
2023-09-24T02:00:00Z,29,,,,0.245069,0.214,0.275,21.927586,15.5,32.1,4.165103,4.163,4.168,1189,1217,0,0,0,0
2023-09-24T03:00:00Z,29,,,,0.242345,0.212,0.275,20.548276,15.5,29.3,4.165172,4.163,4.169,1218,1246,0,0,0,0
2023-09-24T04:00:00Z,29,,,,0.241931,0.209,0.277,21.196552,15.5,33,4.165034,4.163,4.168,1247,1275,0,0,0,0
2023-09-24T05:00:00Z,30,,,,0.239167,0.209,0.274,19.886667,15.5,33.2,4.163967,4.161,4.168,1276,1305,0,0,0,0
2023-09-24T06:00:00Z,29,,,,0.247966,0.209,0.276,21.841379,15.5,32.6,4.163207,4.159,4.168,1306,1334,0,0,0,0
2023-09-24T07:00:00Z,29,,,,0.246759,0.213,0.275,22.037931,15.5,33.7,4.162586,4.159,4.166,1335,1363,0,0,0,0
2023-09-24T08:00:00Z,29,,,,0.254034,0.213,0.276,23.393103,15.5,33,4.161862,4.159,4.164,1364,1392,0,0,0,0
2023-09-24T09:00:00Z,29,,,,0.242931,0.209,0.275,21.527586,15.5,33.1,4.16231,4.159,4.166,1393,1421,0,0,0,0
2023-09-24T10:00:00Z,29,,,,0.243103,0.21,0.276,22.137931,15.5,33.5,4.161138,4.159,4.164,1422,1450,0,0,0,0
2023-09-24T11:00:00Z,30,,,,0.245433,0.209,0.275,22.563333,15.5,33.4,4.1608,4.159,4.164,1451,1480,0,0,0,0
2023-09-24T12:00:00Z,29,,,,0.239724,0.212,0.274,21.489655,15.5,34.2,4.16031,4.158,4.164,1481,1509,0,0,0,0
2023-09-24T13:00:00Z,29,,,,0.241069,0.208,0.275,22.106897,15.5,33.1,4.160069,4.158,4.163,1510,1538,0,0,0,0
2023-09-24T14:00:00Z,29,,,,0.242241,0.209,0.272,22.855172,15.5,33.1,4.159,4.158,4.163,1539,1567,0,0,0,0
2023-09-24T15:00:00Z,28,,,,0.243143,0.213,0.273,21.732143,15.5,33.7,4.159,4.158,4.163,1568,1596,0,0,0,0
2023-09-24T16:00:00Z,29,,,,0.248448,0.211,0.276,21.137931,15.5,33,4.158897,4.158,4.163,1597,1625,0,0,0,0
2023-09-24T17:00:00Z,27,,,,0.238963,0.208,0.276,19.974074,15.5,33.9,4.158074,4.156,4.161,1626,1654,0,0,0,0
2023-09-24T18:00:00Z,29,,,,0.241655,0.21,0.275,22.327586,15.5,33.3,4.157621,4.154,4.161,1655,1683,0,0,0,0
2023-09-24T19:00:00Z,29,,,,0.24431,0.21,0.276,21.906897,15.5,33.5,4.157276,4.154,4.159,1684,1712,0,0,0,0
2023-09-24T20:00:00Z,30,,,,0.245133,0.211,0.278,20.903333,15.5,34,4.157033,4.154,4.159,1713,1742,0,0,0,0
2023-09-24T21:00:00Z,29,,,,0.249793,0.212,0.277,22.341379,15.5,33.7,4.156483,4.154,4.159,1743,1771,0,0,0,0
2023-09-24T22:00:00Z,29,,,,0.242966,0.213,0.277,21.703448,15.5,33.5,4.156172,4.153,4.158,1772,1800,0,0,0,0
2023-09-24T23:00:00Z,29,,,,0.247069,0.21,0.277,21.710345,15.5,34,4.155345,4.153,4.159,1801,1829,0,0,0,0
2023-09-25T00:00:00Z,28,,,,0.250964,0.211,0.277,22.921429,15.5,33.5,4.155643,4.154,4.158,1830,1858,0,0,0,0
2023-09-25T01:00:00Z,24,,,,0.249167,0.214,0.276,22.958333,15.5,32.5,4.155458,4.153,4.158,1859,1887,0,0,0,0
2023-09-25T02:00:00Z,29,,,,0.244966,0.212,0.277,21.841379,15.5,32.3,4.154724,4.153,4.158,1888,1916,0,0,0,0
2023-09-25T03:00:00Z,28,,,,0.245357,0.21,0.278,23.057143,15.5,34,4.154071,4.153,4.158,1917,1945,0,0,0,0
2023-09-25T04:00:00Z,28,,,,0.242607,0.21,0.272,21.032143,15.5,27.2,4.154107,4.151,4.158,1946,1974,0,0,0,0
2023-09-25T05:00:00Z,29,,,,0.247,0.212,0.276,22.02069,15.5,33.5,4.153621,4.151,4.156,1975,2003,0,0,0,0
2023-09-25T06:00:00Z,28,,,,0.244607,0.212,0.274,21.707143,15.5,31.8,4.153857,4.151,4.156,2004,2032,0,0,0,0
2023-09-25T07:00:00Z,21,,,,0.249286,0.214,0.276,24.195238,15.5,33.2,4.15319,4.151,4.156,2033,2056,0,0,0,0
2023-09-25T08:00:00Z,2,,,,0.2565,0.237,0.276,27,21.5,32.5,4.151,4.151,4.151,2063,2082,0,0,0,0
2023-09-25T09:00:00Z,28,,,,0.250857,0.212,0.276,23.639286,15.5,33.6,4.151679,4.149,4.156,2089,2116,0,0,0,0
2023-09-25T10:00:00Z,27,,,,0.247593,0.209,0.278,22.444444,15.5,33,4.151296,4.148,4.156,2117,2145,0,0,0,0
2023-09-25T11:00:00Z,29,,,,0.25069,0.213,0.277,24.175862,15.5,32.1,4.150241,4.146,4.154,2146,2174,0,0,0,0
2023-09-25T12:00:00Z,29,,,,0.245862,0.212,0.277,21.265517,15.5,34,4.150655,4.146,4.154,2175,2203,0,0,0,0
2023-09-25T13:00:00Z,30,,,,0.2443,0.211,0.276,21.94,15.5,30.3,4.149267,4.146,4.153,2204,2233,0,0,0,0
2023-09-25T14:00:00Z,29,,,,0.238483,0.211,0.277,20.931034,15.5,32.6,4.149414,4.146,4.153,2234,2262,0,0,0,0
2023-09-25T15:00:00Z,29,,,,0.247414,0.212,0.275,22.3,15.5,29.6,4.14831,4.146,4.151,2263,2291,0,0,0,0
2023-09-25T16:00:00Z,29,,,,0.23869,0.211,0.276,21.265517,15.5,34.6,4.147448,4.144,4.151,2292,2320,0,0,0,0
2023-09-25T17:00:00Z,29,,,,0.23431,0.211,0.277,19.844828,15.5,33.8,4.147207,4.144,4.151,2321,2349,0,0,0,0
2023-09-25T18:00:00Z,29,,,,0.245069,0.211,0.278,21.831034,15.5,34.3,4.146655,4.144,4.151,2350,2378,0,0,0,0
2023-09-25T19:00:00Z,30,,,,0.241967,0.212,0.278,21.26,15.5,34.2,4.145833,4.144,4.149,2379,2408,0,0,0,0
2023-09-25T20:00:00Z,29,,,,0.250103,0.21,0.279,22.186207,15.5,34.3,4.146483,4.144,4.151,2409,2437,0,0,0,0
2023-09-25T21:00:00Z,29,,,,0.251552,0.213,0.277,22.944828,15.5,34.2,4.146034,4.143,4.151,2438,2466,0,0,0,0
2023-09-25T22:00:00Z,29,,,,0.24469,0.209,0.274,20.07931,15.5,27.2,4.14569,4.144,4.151,2467,2495,0,0,0,0
2023-09-25T23:00:00Z,28,,,,0.247286,0.213,0.279,22.360714,15.5,34,4.146536,4.144,4.149,2496,2524,0,0,0,0
2023-09-26T00:00:00Z,30,,,,0.248167,0.211,0.276,21.616667,15.5,33.5,4.1462,4.144,4.149,2525,2554,0,0,0,0
2023-09-26T01:00:00Z,29,,,,0.248897,0.21,0.278,22.258621,15.5,31.1,4.145655,4.143,4.151,2555,2583,0,0,0,0
2023-09-26T02:00:00Z,29,,,,0.248862,0.209,0.276,22.544828,15.5,33.1,4.144759,4.143,4.148,2584,2612,0,0,0,0
2023-09-26T03:00:00Z,29,,,,0.250655,0.21,0.276,23.324138,15.5,32.5,4.144724,4.143,4.149,2613,2641,0,0,0,0
2023-09-26T04:00:00Z,29,,,,0.256069,0.213,0.278,24.493103,15.5,31.8,4.144621,4.143,4.149,2642,2670,0,0,0,0
2023-09-26T05:00:00Z,30,,,,0.245167,0.212,0.275,21.4,15.5,33.1,4.144367,4.141,4.149,2671,2700,0,0,0,0
2023-09-26T06:00:00Z,29,,,,0.243931,0.209,0.275,21.844828,15.5,34.1,4.144345,4.143,4.148,2701,2729,0,0,0,0
2023-09-26T07:00:00Z,29,,,,0.246448,0.21,0.277,22.748276,15.5,33,4.143966,4.141,4.146,2730,2758,0,0,0,0
2023-09-26T08:00:00Z,29,,,,0.249069,0.213,0.275,24.110345,15.5,33.2,4.143931,4.141,4.146,2759,2787,0,0,0,0
2023-09-26T09:00:00Z,29,,,,0.249793,0.208,0.276,23.724138,15.5,31.6,4.143586,4.141,4.148,2788,2816,0,0,0,0
2023-09-26T10:00:00Z,30,,,,0.247867,0.21,0.272,23.49,15.5,33.3,4.143567,4.141,4.146,2817,2846,0,0,0,0
2023-09-26T11:00:00Z,29,,,,0.245448,0.213,0.273,22.937931,15.5,32.5,4.143379,4.141,4.148,2847,2875,0,0,0,0
2023-09-26T12:00:00Z,19,,,,0.236526,0.204,0.281,29.852632,16.4,30.6,4.142842,4.141,4.146,2876,2894,0,0,0,0
2023-09-26T15:00:00Z,6,,,,0.2495,0.203,0.281,31.033333,30.8,31.3,4.142167,4.139,4.144,2971,2976,0,0,0,0
2023-09-26T16:00:00Z,29,,,,0.237207,0.204,0.283,30.668966,30.6,30.8,4.141793,4.139,4.146,2977,3005,0,0,0,0
2023-09-26T17:00:00Z,27,,,,0.23563,0.203,0.282,30.611111,30.6,30.7,4.140444,4.139,4.144,3006,3033,0,0,0,0
2023-09-26T18:00:00Z,28,,,,0.247821,0.207,0.282,30.625,30.5,30.8,4.140786,4.138,4.144,3034,3062,0,0,0,0
2023-09-26T19:00:00Z,28,,,,0.239143,0.205,0.284,30.367857,30.2,30.5,4.140607,4.138,4.144,3063,3090,0,0,0,0
2023-09-26T20:00:00Z,29,,,,0.245483,0.204,0.286,30.124138,30.1,30.2,4.139828,4.138,4.143,3091,3119,0,0,0,0
2023-09-26T21:00:00Z,29,,,,0.242069,0.204,0.284,30.1,30.1,30.1,4.139793,4.138,4.143,3120,3148,0,0,0,0
2023-09-26T22:00:00Z,28,,,,0.249393,0.204,0.284,30.096429,30,30.1,4.139321,4.138,4.141,3149,3176,0,0,0,0
2023-09-26T23:00:00Z,29,,,,0.243724,0.207,0.281,30.1,30.1,30.1,4.139276,4.138,4.144,3177,3205,0,0,0,0
2023-09-27T00:00:00Z,28,,,,0.251464,0.207,0.283,30.157143,30.1,30.3,4.138964,4.138,4.143,3206,3234,0,0,0,0
2023-09-27T01:00:00Z,27,,,,0.251037,0.203,0.283,30.314815,30.2,30.4,4.138852,4.136,4.141,3235,3262,0,0,0,0
2023-09-27T02:00:00Z,29,,,,0.245448,0.205,0.284,30.482759,30.3,30.6,4.138,4.136,4.141,3263,3291,0,0,0,0
2023-09-27T03:00:00Z,29,,,,0.246448,0.207,0.284,30.593103,30.5,30.6,4.138379,4.135,4.143,3292,3320,0,0,0,0
2023-09-27T04:00:00Z,28,,,,0.241286,0.205,0.281,30.642857,30.6,30.8,4.138179,4.136,4.143,3321,3348,0,0,0,0
2023-09-27T05:00:00Z,29,,,,0.241483,0.206,0.279,30.67931,30.6,30.7,4.138931,4.136,4.141,3349,3377,0,0,0,0
2023-09-27T06:00:00Z,29,,,,0.241172,0.206,0.279,30.693103,30.6,30.8,4.138241,4.136,4.141,3378,3406,0,0,0,0
2023-09-27T07:00:00Z,28,,,,0.244571,0.205,0.28,30.671429,30.6,30.8,4.137607,4.135,4.141,3407,3434,0,0,0,0
2023-09-27T08:00:00Z,29,,,,0.245759,0.207,0.28,30.627586,30.6,30.7,4.137655,4.135,4.141,3435,3463,0,0,0,0
2023-09-27T09:00:00Z,29,,,,0.228448,0.205,0.281,30.610345,30.6,30.7,4.137897,4.136,4.141,3464,3492,0,0,0,0
2023-09-27T10:00:00Z,28,,,,0.251857,0.206,0.279,30.603571,30.6,30.7,4.137929,4.136,4.141,3493,3520,0,0,0,0
2023-09-27T11:00:00Z,28,,,,0.239929,0.205,0.281,30.6,30.6,30.6,4.13675,4.135,4.139,3521,3549,0,0,0,0
2023-09-27T12:00:00Z,28,,,,0.246536,0.206,0.281,30.6,30.6,30.6,4.137,4.135,4.139,3550,3577,0,0,0,0
2023-09-27T13:00:00Z,29,,,,0.247345,0.205,0.28,30.603448,30.6,30.7,4.13631,4.135,4.139,3578,3606,0,0,0,0
2023-09-27T14:00:00Z,21,,,,0.255333,0.205,0.281,30.6,30.6,30.6,4.136143,4.135,4.138,3607,3635,0,0,0,0
2023-09-27T15:00:00Z,28,,,,0.242286,0.205,0.283,30.6,30.6,30.6,4.135714,4.135,4.138,3636,3663,0,0,0,0
2023-09-27T16:00:00Z,27,,,,0.239259,0.205,0.282,30.603704,30.6,30.7,4.135519,4.135,4.138,3664,3691,0,0,0,0
2023-09-27T17:00:00Z,29,,,,0.242724,0.204,0.282,30.603448,30.6,30.7,4.135517,4.135,4.138,3693,3721,0,0,0,0
2023-09-27T18:00:00Z,28,,,,0.243179,0.204,0.283,30.603571,30.6,30.7,4.135214,4.133,4.138,3722,3749,0,0,0,0
2023-09-27T19:00:00Z,29,,,,0.245931,0.204,0.281,30.6,30.6,30.6,4.135138,4.133,4.136,3750,3778,0,0,0,0
2023-09-27T20:00:00Z,29,,,,0.240552,0.205,0.282,30.568966,30.5,30.6,4.135172,4.133,4.138,3779,3807,0,0,0,0
2023-09-27T21:00:00Z,28,,,,0.239643,0.207,0.281,30.332143,30.2,30.5,4.135429,4.133,4.138,3808,3835,0,0,0,0
2023-09-27T22:00:00Z,29,,,,0.243966,0.204,0.284,30.127586,30.1,30.2,4.135345,4.133,4.138,3836,3864,0,0,0,0
2023-09-27T23:00:00Z,29,,,,0.243759,0.204,0.281,30.1,30.1,30.1,4.135655,4.135,4.138,3865,3893,0,0,0,0
2023-09-28T00:00:00Z,28,,,,0.236536,0.206,0.281,30.1,30.1,30.1,4.135429,4.133,4.138,3894,3921,0,0,0,0
2023-09-28T01:00:00Z,29,,,,0.242448,0.206,0.283,30.103448,30.1,30.2,4.135207,4.133,4.136,3922,3950,0,0,0,0
2023-09-28T02:00:00Z,29,,,,0.235931,0.205,0.282,30.244828,30.1,30.4,4.135172,4.133,4.136,3951,3979,0,0,0,0
2023-09-28T03:00:00Z,27,,,,0.244444,0.204,0.281,30.47037,30.4,30.6,4.135111,4.133,4.136,3981,4007,0,0,0,0
2023-09-28T04:00:00Z,29,,,,0.238862,0.206,0.286,30.527586,30.5,30.6,4.134897,4.133,4.136,4008,4036,0,0,0,0
2023-09-28T05:00:00Z,29,,,,0.239966,0.205,0.283,30.582759,30.5,30.6,4.134586,4.133,4.136,4037,4065,0,0,0,0
2023-09-28T06:00:00Z,28,,,,0.238679,0.204,0.281,30.6,30.6,30.6,4.134357,4.133,4.136,4066,4093,0,0,0,0
2023-09-28T07:00:00Z,29,,,,0.24,0.203,0.282,30.6,30.6,30.6,4.134759,4.133,4.136,4094,4122,0,0,0,0
2023-09-28T08:00:00Z,28,,,,0.239643,0.205,0.281,30.603571,30.6,30.7,4.13475,4.133,4.136,4123,4150,0,0,0,0
2023-09-28T09:00:00Z,29,,,,0.253241,0.203,0.285,29.403448,28.3,30.6,4.134276,4.133,4.136,4151,4179,0,0,0,0
2023-09-28T10:00:00Z,18,,,,0.249833,0.209,0.284,28.011111,27.7,28.2,4.133889,4.133,4.135,4180,4197,0,0,0,0
2023-09-28T14:00:00Z,25,,,,0.25012,0.205,0.284,30.092,30,30.1,4.13388,4.133,4.135,4282,4307,0,0,0,0
2023-09-28T15:00:00Z,29,,,,0.240931,0.206,0.277,30.089655,30,30.1,4.133483,4.133,4.135,4308,4336,0,0,0,0
2023-09-28T16:00:00Z,28,,,,0.24425,0.206,0.282,30.1,30.1,30.1,4.133643,4.133,4.135,4337,4365,0,0,0,0
2023-09-28T17:00:00Z,29,,,,0.241966,0.204,0.283,30.1,30.1,30.1,4.133138,4.131,4.135,4366,4394,0,0,0,0
2023-09-28T18:00:00Z,29,,,,0.24269,0.204,0.286,30.1,30.1,30.1,4.133276,4.131,4.135,4395,4423,0,0,0,0
2023-09-28T19:00:00Z,29,,,,0.242483,0.205,0.282,30.1,30.1,30.1,4.133207,4.131,4.135,4424,4452,0,0,0,0
2023-09-28T20:00:00Z,29,,,,0.251759,0.205,0.283,30.1,30.1,30.1,4.133,4.131,4.135,4453,4481,0,0,0,0
2023-09-28T21:00:00Z,29,,,,0.249655,0.203,0.285,30.1,30.1,30.1,4.133138,4.131,4.135,4482,4510,0,0,0,0
2023-09-28T22:00:00Z,30,,,,0.242267,0.204,0.284,30.1,30.1,30.1,4.133133,4.133,4.135,4511,4540,0,0,0,0
2023-09-28T23:00:00Z,29,,,,0.239793,0.205,0.282,30.089655,30,30.1,4.133207,4.131,4.135,4541,4569,0,0,0,0
2023-09-29T00:00:00Z,29,,,,0.245759,0.205,0.283,30.093103,30,30.1,4.133138,4.131,4.135,4570,4598,0,0,0,0
2023-09-29T01:00:00Z,29,,,,0.237966,0.204,0.284,30.1,30.1,30.1,4.132655,4.131,4.135,4599,4627,0,0,0,0
2023-09-29T02:00:00Z,29,,,,0.242759,0.207,0.283,30.096552,30,30.1,4.132655,4.131,4.135,4628,4656,0,0,0,0
2023-09-29T03:00:00Z,30,,,,0.240567,0.205,0.283,30.1,30.1,30.1,4.132733,4.131,4.135,4657,4686,0,0,0,0
2023-09-29T04:00:00Z,29,,,,0.238897,0.204,0.286,30.1,30.1,30.1,4.132241,4.131,4.135,4687,4715,0,0,0,0
2023-09-29T05:00:00Z,29,,,,0.253552,0.204,0.284,30.1,30.1,30.1,4.131862,4.13,4.133,4716,4744,0,0,0,0
2023-09-29T06:00:00Z,29,,,,0.237138,0.203,0.281,30.168966,30.1,30.2,4.131448,4.13,4.133,4745,4773,0,0,0,0
2023-09-29T07:00:00Z,29,,,,0.241172,0.205,0.281,30.244828,30.1,30.3,4.131172,4.128,4.133,4774,4802,0,0,0,0
2023-09-29T08:00:00Z,8,,,,0.2425,0.208,0.276,30.55,30.3,30.7,4.131625,4.13,4.133,4803,4826,0,0,0,0
2023-09-29T09:00:00Z,11,,,,0.239,0.206,0.276,30.590909,30.5,30.7,4.130455,4.13,4.131,4847,4857,0,0,0,0
2023-09-29T10:00:00Z,29,,,,0.248276,0.208,0.281,30.510345,30.4,30.6,4.131241,4.128,4.133,4858,4886,0,0,0,0
2023-09-29T11:00:00Z,29,,,,0.250724,0.207,0.28,30.572414,30.5,30.6,4.131621,4.13,4.133,4887,4915,0,0,0,0
2023-09-29T12:00:00Z,28,,,,0.242071,0.208,0.28,30.625,30.6,30.7,4.130929,4.13,4.133,4916,4943,0,0,0,0
2023-09-29T13:00:00Z,29,,,,0.242552,0.206,0.282,30.710345,30.6,30.8,4.131138,4.13,4.133,4944,4972,0,0,0,0
2023-09-29T14:00:00Z,28,,,,0.245464,0.205,0.281,30.807143,30.7,31,4.131429,4.13,4.133,4973,5001,0,0,0,0
2023-09-29T15:00:00Z,28,,,,0.2365,0.204,0.281,30.828571,30.8,30.9,4.130679,4.13,4.133,5002,5029,0,0,0,0
2023-09-29T16:00:00Z,29,,,,0.247103,0.205,0.283,30.962069,30.8,31.1,4.131034,4.13,4.133,5030,5058,0,0,0,0
2023-09-29T17:00:00Z,29,,,,0.239483,0.204,0.286,31.017241,30.9,31.1,4.130724,4.128,4.133,5059,5087,0,0,0,0
2023-09-29T18:00:00Z,28,,,,0.244607,0.203,0.281,31.064286,31,31.1,4.130143,4.128,4.133,5088,5115,0,0,0,0
2023-09-29T19:00:00Z,29,,,,0.236862,0.204,0.283,30.982759,30.8,31.1,4.13069,4.128,4.133,5116,5144,0,0,0,0
2023-09-29T20:00:00Z,29,,,,0.246379,0.203,0.283,30.741379,30.6,30.8,4.130172,4.128,4.133,5145,5173,0,0,0,0
2023-09-29T21:00:00Z,28,,,,0.243107,0.203,0.286,30.607143,30.6,30.7,4.130179,4.128,4.133,5174,5201,0,0,0,0
2023-09-29T22:00:00Z,29,,,,0.234034,0.205,0.284,30.565517,30.5,30.6,4.130414,4.128,4.133,5202,5230,0,0,0,0
2023-09-29T23:00:00Z,28,,,,0.250964,0.204,0.286,30.467857,30.4,30.6,4.129964,4.128,4.133,5231,5258,0,0,0,0
2023-09-30T00:00:00Z,29,,,,0.249207,0.204,0.281,30.37931,30.3,30.5,4.130276,4.128,4.133,5259,5287,0,0,0,0
2023-09-30T01:00:00Z,29,,,,0.245793,0.204,0.281,30.455172,30.3,30.6,4.129517,4.126,4.133,5288,5316,0,0,0,0
2023-09-30T02:00:00Z,29,,,,0.237069,0.204,0.281,30.596552,30.5,30.6,4.129345,4.126,4.133,5317,5345,0,0,0,0
2023-09-30T03:00:00Z,28,,,,0.247643,0.205,0.283,30.621429,30.6,30.7,4.128286,4.126,4.131,5346,5373,0,0,0,0
2023-09-30T04:00:00Z,29,,,,0.232966,0.206,0.281,30.755172,30.7,30.9,4.129,4.126,4.133,5374,5402,0,0,0,0
2023-09-30T05:00:00Z,28,,,,0.238143,0.204,0.282,30.985714,30.9,31.1,4.129214,4.126,4.133,5403,5430,0,0,0,0
2023-09-30T06:00:00Z,29,,,,0.240414,0.203,0.283,31.089655,31,31.2,4.12831,4.126,4.131,5431,5459,0,0,0,0
2023-09-30T07:00:00Z,27,,,,0.244074,0.206,0.281,31.174074,31.1,31.3,4.127926,4.125,4.131,5460,5488,0,0,0,0
2023-09-30T08:00:00Z,28,,,,0.239857,0.204,0.284,31.15,31.1,31.2,4.1275,4.125,4.131,5489,5516,0,0,0,0
2023-09-30T09:00:00Z,28,,,,0.236786,0.203,0.281,31.275,31.2,31.3,4.12775,4.126,4.131,5517,5545,0,0,0,0
2023-09-30T10:00:00Z,29,,,,0.242724,0.204,0.281,31.3,31.3,31.3,4.127552,4.125,4.13,5546,5574,0,0,0,0
2023-09-30T11:00:00Z,28,,,,0.241786,0.204,0.279,31.289286,31.2,31.3,4.127286,4.123,4.131,5575,5602,0,0,0,0
2023-09-30T12:00:00Z,29,,,,0.239724,0.204,0.28,31.241379,31.2,31.3,4.127552,4.125,4.131,5603,5631,0,0,0,0
2023-09-30T13:00:00Z,28,,,,0.243893,0.205,0.28,31.225,31.2,31.3,4.1265,4.123,4.13,5632,5659,0,0,0,0
2023-09-30T14:00:00Z,29,,,,0.246276,0.207,0.279,31.265517,31.1,31.3,4.127069,4.125,4.131,5660,5688,0,0,0,0
2023-09-30T15:00:00Z,29,,,,0.247828,0.206,0.279,31.286207,31.2,31.3,4.126724,4.123,4.13,5689,5717,0,0,0,0
2023-09-30T16:00:00Z,28,,,,0.242536,0.203,0.281,31.157143,31.1,31.3,4.126786,4.125,4.131,5718,5745,0,0,0,0
2023-09-30T17:00:00Z,29,,,,0.247966,0.205,0.281,31,30.9,31.1,4.126828,4.125,4.131,5746,5774,0,0,0,0
2023-09-30T18:00:00Z,29,,,,0.242621,0.204,0.28,30.782759,30.7,31.1,4.126966,4.125,4.131,5775,5803,0,0,0,0
2023-09-30T19:00:00Z,28,,,,0.240464,0.203,0.286,30.646429,30.6,30.7,4.126643,4.125,4.131,5804,5831,0,0,0,0
2023-09-30T20:00:00Z,29,,,,0.244897,0.203,0.285,30.589655,30.5,30.6,4.127517,4.125,4.131,5832,5860,0,0,0,0
2023-09-30T21:00:00Z,29,,,,0.245069,0.204,0.284,30.493103,30.4,30.6,4.12731,4.125,4.13,5861,5889,0,0,0,0
2023-09-30T22:00:00Z,28,,,,0.24525,0.203,0.283,30.553571,30.5,30.6,4.126857,4.125,4.131,5890,5917,0,0,0,0
2023-09-30T23:00:00Z,29,,,,0.231448,0.203,0.284,30.606897,30.6,30.7,4.12669,4.125,4.131,5918,5946,0,0,0,0
2023-10-01T00:00:00Z,27,,,,0.249074,0.204,0.284,30.692593,30.6,30.8,4.126519,4.125,4.13,5947,5975,0,0,0,0
2023-10-01T01:00:00Z,27,,,,0.244519,0.205,0.284,30.811111,30.7,30.9,4.126852,4.123,4.13,5976,6003,0,0,0,0
2023-10-01T02:00:00Z,29,,,,0.246931,0.203,0.282,30.827586,30.7,30.9,4.125724,4.121,4.13,6004,6032,0,0,0,0
2023-10-01T03:00:00Z,29,,,,0.239034,0.204,0.281,30.924138,30.8,31,4.125483,4.123,4.13,6033,6061,0,0,0,0
2023-10-01T04:00:00Z,28,,,,0.251571,0.208,0.281,30.928571,30.8,31,4.125929,4.123,4.13,6062,6089,0,0,0,0
2023-10-01T05:00:00Z,28,,,,0.247107,0.204,0.284,30.992857,30.9,31.1,4.125857,4.123,4.13,6090,6118,0,0,0,0
2023-10-01T06:00:00Z,29,,,,0.246276,0.205,0.283,31.048276,30.9,31.1,4.125069,4.121,4.128,6119,6147,0,0,0,0
2023-10-01T07:00:00Z,28,,,,0.236643,0.203,0.284,31.05,31,31.1,4.125071,4.123,4.128,6148,6175,0,0,0,0
2023-10-01T08:00:00Z,29,,,,0.24669,0.203,0.283,31.072414,30.9,31.2,4.124862,4.121,4.13,6176,6204,0,0,0,0
2023-10-01T09:00:00Z,29,,,,0.247345,0.207,0.281,31.131034,31.1,31.2,4.12531,4.123,4.128,6205,6233,0,0,0,0
2023-10-01T10:00:00Z,28,,,,0.241571,0.204,0.281,31.128571,31.1,31.3,4.124143,4.121,4.128,6234,6261,0,0,0,0
2023-10-01T11:00:00Z,26,,,,0.237615,0.206,0.28,31.269231,31.2,31.4,4.122731,4.12,4.126,6263,6290,0,0,0,0
2023-10-01T12:00:00Z,27,,,,0.231444,0.204,0.281,31.281481,31.2,31.3,4.123407,4.121,4.126,6291,6318,0,0,0,0
2023-10-01T13:00:00Z,24,,,,0.247833,0.204,0.281,31.3125,31.2,31.4,4.1235,4.118,4.128,6319,6347,0,0,0,0
2023-10-01T14:00:00Z,28,,,,0.245536,0.204,0.281,31.3,31.3,31.3,4.1235,4.121,4.128,6348,6375,0,0,0,0
2023-10-01T15:00:00Z,28,,,,0.240893,0.205,0.283,31.307143,31.2,31.4,4.122607,4.12,4.126,6376,6404,0,0,0,0
2023-10-01T16:00:00Z,28,,,,0.233214,0.203,0.284,31.3,31.3,31.3,4.122464,4.12,4.126,6405,6433,0,0,0,0
2023-10-01T17:00:00Z,27,,,,0.246222,0.203,0.281,31.337037,31.3,31.4,4.122148,4.12,4.126,6434,6461,0,0,0,0
2023-10-01T18:00:00Z,29,,,,0.239138,0.204,0.283,31.303448,31.3,31.4,4.123621,4.12,4.126,6462,6490,0,0,0,0
2023-10-01T19:00:00Z,29,,,,0.242103,0.203,0.284,31.137931,30.9,31.3,4.122586,4.12,4.126,6491,6519,0,0,0,0
2023-10-01T20:00:00Z,29,,,,0.253138,0.207,0.284,30.841379,30.7,31,4.123276,4.12,4.126,6520,6548,0,0,0,0
2023-10-01T21:00:00Z,28,,,,0.250071,0.204,0.282,30.660714,30.6,30.8,4.123,4.12,4.126,6549,6576,0,0,0,0
2023-10-01T22:00:00Z,29,,,,0.240103,0.203,0.283,30.586207,30.5,30.6,4.122483,4.12,4.126,6577,6605,0,0,0,0
2023-10-01T23:00:00Z,28,,,,0.234393,0.204,0.283,30.489286,30.4,30.6,4.122607,4.118,4.13,6606,6633,0,0,0,0
2023-10-02T00:00:00Z,28,,,,0.235643,0.204,0.282,30.403571,30.3,30.5,4.121821,4.12,4.126,6634,6662,0,0,0,0
2023-10-02T01:00:00Z,28,,,,0.255,0.204,0.285,30.353571,30.3,30.5,4.121607,4.12,4.125,6663,6691,0,0,0,0
2023-10-02T02:00:00Z,29,,,,0.247138,0.203,0.281,30.544828,30.4,30.6,4.122379,4.118,4.125,6692,6720,0,0,0,0
2023-10-02T03:00:00Z,21,,,,0.233095,0.205,0.282,30.671429,30.6,30.9,4.120905,4.118,4.125,6721,6745,0,0,0,0
2023-10-02T04:00:00Z,2,,,,0.2785,0.276,0.281,31.1,31.1,31.1,4.1215,4.12,4.123,6754,6770,0,0,0,0
2023-10-02T05:00:00Z,3,,,,0.236667,0.226,0.251,31.066667,31,31.1,4.120667,4.118,4.123,6799,6801,0,0,0,0
2023-10-02T06:00:00Z,29,,,,0.243207,0.205,0.281,30.67931,30.6,30.8,4.120069,4.118,4.125,6802,6830,0,0,0,0
2023-10-02T07:00:00Z,29,,,,0.246759,0.205,0.285,30.682759,30.6,30.7,4.119621,4.116,4.125,6831,6859,0,0,0,0
2023-10-02T08:00:00Z,29,,,,0.23569,0.205,0.283,30.703448,30.7,30.8,4.119862,4.116,4.125,6860,6888,0,0,0,0
2023-10-02T09:00:00Z,27,,,,0.237926,0.204,0.281,30.8,30.7,31.1,4.119407,4.118,4.121,6889,6917,0,0,0,0
2023-10-02T10:00:00Z,29,,,,0.245621,0.204,0.281,30.734483,30.7,30.8,4.119241,4.115,4.123,6918,6946,0,0,0,0
2023-10-02T11:00:00Z,29,,,,0.241931,0.204,0.28,30.768966,30.7,31.1,4.120724,4.118,4.125,6947,6976,0,0,0,0
2023-10-02T12:00:00Z,28,,,,0.241036,0.205,0.283,30.717857,30.7,30.9,4.119357,4.115,4.123,6977,7005,0,0,0,0
2023-10-02T13:00:00Z,29,,,,0.24369,0.205,0.28,30.686207,30.6,30.8,4.119172,4.116,4.125,7006,7034,0,0,0,0
2023-10-02T14:00:00Z,28,,,,0.241536,0.205,0.279,30.778571,30.6,31.1,4.119,4.116,4.123,7035,7063,0,0,0,0
2023-10-02T15:00:00Z,29,,,,0.238172,0.205,0.279,30.717241,30.7,30.8,4.119276,4.116,4.123,7064,7092,0,0,0,0
2023-10-02T16:00:00Z,29,,,,0.247207,0.205,0.282,30.727586,30.7,31,4.118379,4.116,4.123,7093,7121,0,0,0,0
2023-10-02T17:00:00Z,29,,,,0.252793,0.206,0.282,30.675862,30.6,30.7,4.117828,4.116,4.121,7122,7150,0,0,0,0
2023-10-02T18:00:00Z,29,,,,0.241621,0.204,0.283,30.613793,30.5,30.7,4.118517,4.115,4.121,7151,7179,0,0,0,0
2023-10-02T19:00:00Z,30,,,,0.236067,0.203,0.286,30.456667,30.3,30.6,4.118433,4.116,4.121,7180,7209,0,0,0,0
2023-10-02T20:00:00Z,29,,,,0.238828,0.203,0.285,30.237931,30.1,30.4,4.118241,4.116,4.121,7210,7238,0,0,0,0
2023-10-02T21:00:00Z,29,,,,0.23731,0.204,0.283,30.106897,30.1,30.2,4.117,4.115,4.12,7239,7267,0,0,0,0
2023-10-02T22:00:00Z,29,,,,0.247345,0.207,0.285,30.1,30.1,30.1,4.116931,4.115,4.121,7268,7296,0,0,0,0
2023-10-02T23:00:00Z,29,,,,0.246517,0.205,0.285,30.1,30.1,30.1,4.117103,4.115,4.12,7297,7325,0,0,0,0
2023-10-03T00:00:00Z,29,,,,0.244724,0.204,0.286,30.110345,30.1,30.2,4.116897,4.115,4.121,7326,7354,0,0,0,0
2023-10-03T01:00:00Z,30,,,,0.2414,0.203,0.284,30.23,30.2,30.3,4.118067,4.115,4.121,7355,7384,0,0,0,0
2023-10-03T02:00:00Z,29,,,,0.240793,0.203,0.284,30.32069,30.3,30.4,4.117414,4.115,4.121,7385,7413,0,0,0,0
2023-10-03T03:00:00Z,29,,,,0.245069,0.205,0.286,30.393103,30.3,30.5,4.117172,4.115,4.12,7414,7442,0,0,0,0
2023-10-03T04:00:00Z,29,,,,0.237862,0.205,0.284,30.482759,30.4,30.6,4.116793,4.115,4.12,7443,7471,0,0,0,0
2023-10-03T05:00:00Z,29,,,,0.24231,0.205,0.281,30.544828,30.5,30.6,4.11669,4.113,4.12,7472,7500,0,0,0,0
2023-10-03T06:00:00Z,29,,,,0.243379,0.205,0.281,30.575862,30.5,30.6,4.115586,4.113,4.118,7501,7529,0,0,0,0
2023-10-03T07:00:00Z,30,,,,0.2468,0.207,0.284,29.946667,29.6,30.6,4.116167,4.115,4.12,7530,7559,0,0,0,0
2023-10-03T08:00:00Z,29,,,,0.243483,0.206,0.286,30.086207,30,30.1,4.115759,4.113,4.118,7560,7588,0,0,0,0
2023-10-03T09:00:00Z,29,,,,0.235345,0.204,0.285,30.17931,30.1,30.3,4.115517,4.113,4.12,7589,7617,0,0,0,0
2023-10-03T10:00:00Z,29,,,,0.243862,0.205,0.285,30.324138,30.3,30.4,4.11469,4.111,4.118,7618,7646,0,0,0,0
2023-10-03T11:00:00Z,29,,,,0.243172,0.205,0.282,30.386207,30.3,30.5,4.115034,4.113,4.118,7647,7675,0,0,0,0
2023-10-03T12:00:00Z,30,,,,0.240233,0.205,0.281,30.506667,30.4,30.6,4.115033,4.111,4.118,7676,7705,0,0,0,0
2023-10-03T13:00:00Z,29,,,,0.248724,0.204,0.282,30.52069,30.5,30.6,4.114448,4.111,4.118,7706,7734,0,0,0,0
2023-10-03T14:00:00Z,28,,,,0.253071,0.212,0.282,30.567857,30.5,30.7,4.113786,4.111,4.118,7735,7763,0,0,0,0
2023-10-03T15:00:00Z,29,,,,0.244069,0.205,0.283,30.582759,30.5,30.6,4.114138,4.111,4.118,7764,7792,0,0,0,0
2023-10-03T16:00:00Z,29,,,,0.239621,0.204,0.283,30.593103,30.5,30.6,4.114483,4.113,4.118,7793,7821,0,0,0,0
2023-10-03T17:00:00Z,29,,,,0.245724,0.205,0.284,30.593103,30.5,30.6,4.114276,4.111,4.118,7822,7850,0,0,0,0
2023-10-03T18:00:00Z,29,,,,0.237276,0.203,0.283,30.562069,30.4,30.6,4.113483,4.111,4.116,7851,7879,0,0,0,0
2023-10-03T19:00:00Z,30,,,,0.247533,0.205,0.284,30.393333,30.3,30.5,4.1145,4.111,4.118,7880,7909,0,0,0,0
2023-10-03T20:00:00Z,29,,,,0.241138,0.204,0.284,30.217241,30.1,30.3,4.115345,4.113,4.118,7910,7938,0,0,0,0
2023-10-03T21:00:00Z,29,,,,0.246517,0.205,0.287,30.1,30.1,30.1,4.114552,4.113,4.118,7939,7967,0,0,0,0
2023-10-03T22:00:00Z,29,,,,0.249552,0.207,0.284,30.1,30.1,30.1,4.114724,4.111,4.118,7968,7996,0,0,0,0
2023-10-03T23:00:00Z,29,,,,0.229448,0.204,0.279,30.1,30.1,30.1,4.114379,4.111,4.118,7997,8025,0,0,0,0
2023-10-04T00:00:00Z,30,,,,0.241467,0.204,0.284,30.096667,30,30.1,4.1128,4.111,4.116,8026,8055,0,0,0,0
2023-10-04T01:00:00Z,29,,,,0.249241,0.206,0.282,30.1,30.1,30.1,4.113655,4.11,4.116,8056,8084,0,0,0,0
2023-10-04T02:00:00Z,29,,,,0.239655,0.204,0.286,30.131034,30.1,30.2,4.113517,4.11,4.116,8085,8113,0,0,0,0
2023-10-04T03:00:00Z,29,,,,0.240897,0.204,0.283,30.206897,30.1,30.3,4.11169,4.11,4.116,8114,8142,0,0,0,0
2023-10-04T04:00:00Z,29,,,,0.241138,0.204,0.284,30.3,30.2,30.4,4.111448,4.108,4.116,8143,8171,0,0,0,0
2023-10-04T05:00:00Z,30,,,,0.238967,0.204,0.282,30.356667,30.3,30.4,4.111867,4.11,4.116,8172,8201,0,0,0,0
2023-10-04T06:00:00Z,29,,,,0.25369,0.205,0.286,30.248276,29.7,30.4,4.111517,4.108,4.115,8202,8230,0,0,0,0
2023-10-04T07:00:00Z,29,,,,0.239655,0.205,0.284,29.593103,29.3,30,4.111621,4.108,4.115,8231,8259,0,0,0,0
2023-10-04T08:00:00Z,29,,,,0.245586,0.204,0.284,30.082759,30,30.1,4.111931,4.11,4.115,8260,8288,0,0,0,0
2023-10-04T09:00:00Z,27,,,,0.241889,0.205,0.283,30.162963,30.1,30.3,4.111889,4.108,4.115,8289,8317,0,0,0,0
2023-10-04T10:00:00Z,30,,,,0.240333,0.204,0.285,30.353333,30.3,30.4,4.111067,4.108,4.113,8318,8347,0,0,0,0
2023-10-04T11:00:00Z,29,,,,0.242966,0.206,0.281,30.355172,30.3,30.4,4.111414,4.108,4.115,8348,8376,0,0,0,0
2023-10-04T12:00:00Z,29,,,,0.238862,0.205,0.283,30.331034,30.3,30.4,4.111586,4.108,4.115,8377,8405,0,0,0,0
2023-10-04T13:00:00Z,29,,,,0.236345,0.204,0.281,30.365517,30.3,30.4,4.111931,4.108,4.115,8406,8434,0,0,0,0
2023-10-04T14:00:00Z,29,,,,0.244207,0.206,0.281,30.4,30.3,30.5,4.110483,4.108,4.115,8435,8463,0,0,0,0
2023-10-04T15:00:00Z,30,,,,0.2445,0.206,0.281,30.443333,30.4,30.6,4.110167,4.106,4.115,8464,8493,0,0,0,0
2023-10-04T16:00:00Z,29,,,,0.247621,0.205,0.281,30.462069,30.4,30.5,4.109793,4.106,4.113,8494,8522,0,0,0,0
2023-10-04T17:00:00Z,29,,,,0.251414,0.203,0.286,30.486207,30.4,30.6,4.109862,4.106,4.115,8523,8551,0,0,0,0
2023-10-04T18:00:00Z,29,,,,0.245034,0.204,0.283,30.5,30.4,30.6,4.110379,4.106,4.115,8552,8580,0,0,0,0
2023-10-04T19:00:00Z,29,,,,0.245034,0.204,0.286,30.372414,30.3,30.4,4.109862,4.108,4.115,8581,8609,0,0,0,0
2023-10-04T20:00:00Z,30,,,,0.2523,0.204,0.286,30.216667,30.1,30.3,4.109733,4.106,4.115,8610,8639,0,0,0,0
2023-10-04T21:00:00Z,29,,,,0.244759,0.204,0.284,30.113793,30.1,30.2,4.10969,4.106,4.113,8640,8668,0,0,0,0
2023-10-04T22:00:00Z,29,,,,0.251379,0.206,0.284,30.1,30.1,30.1,4.110069,4.106,4.113,8669,8697,0,0,0,0
2023-10-04T23:00:00Z,17,,,,0.250529,0.205,0.285,30.135294,30.1,30.3,4.109824,4.108,4.113,8698,8724,0,0,0,0
2023-10-05T01:00:00Z,12,,,,0.240167,0.203,0.282,30.366667,30.2,30.7,4.1085,4.106,4.111,8754,8779,0,0,0,0
2023-10-05T02:00:00Z,29,,,,0.250862,0.206,0.286,30.213793,30.2,30.3,4.108172,4.106,4.111,8780,8808,0,0,0,0
2023-10-05T03:00:00Z,29,,,,0.24731,0.204,0.283,30.313793,30.3,30.4,4.108517,4.106,4.113,8809,8837,0,0,0,0
2023-10-05T04:00:00Z,29,,,,0.239345,0.205,0.283,30.337931,30.3,30.4,4.108828,4.106,4.111,8838,8866,0,0,0,0
2023-10-05T05:00:00Z,29,,,,0.253724,0.205,0.286,30.386207,30.3,30.4,4.108793,4.106,4.113,8867,8895,0,0,0,0
2023-10-05T06:00:00Z,30,,,,0.241233,0.206,0.283,30.426667,30.4,30.5,4.1078,4.106,4.111,8896,8925,0,0,0,0
2023-10-05T07:00:00Z,29,,,,0.249793,0.204,0.284,30.5,30.4,30.6,4.108828,4.106,4.113,8926,8954,0,0,0,0
2023-10-05T08:00:00Z,21,,,,0.248333,0.205,0.285,30.542857,30.5,30.6,4.108143,4.106,4.113,8955,8983,0,0,0,0
2023-10-05T09:00:00Z,29,,,,0.248414,0.208,0.283,30.586207,30.5,30.6,4.108034,4.106,4.111,8984,9012,0,0,0,0
2023-10-05T10:00:00Z,29,,,,0.232517,0.205,0.281,30.072414,28.7,30.6,4.107483,4.106,4.111,9013,9041,0,0,0,0
2023-10-05T11:00:00Z,30,,,,0.2485,0.208,0.285,28.143333,27.9,28.7,4.1081,4.106,4.111,9042,9071,0,0,0,0
2023-10-05T12:00:00Z,29,,,,0.245552,0.209,0.287,27.668966,27.5,27.8,4.10769,4.106,4.111,9072,9100,0,0,0,0
2023-10-05T13:00:00Z,29,,,,0.247897,0.209,0.285,27.903448,27.5,28.7,4.106793,4.105,4.11,9101,9129,0,0,0,0
2023-10-05T14:00:00Z,29,,,,0.252621,0.208,0.284,29.117241,28.7,29.6,4.107069,4.105,4.11,9130,9158,0,0,0,0
2023-10-05T15:00:00Z,29,,,,0.247517,0.206,0.284,29.831034,29.6,30,4.106793,4.105,4.111,9159,9187,0,0,0,0
2023-10-05T16:00:00Z,30,,,,0.250033,0.205,0.285,30.083333,30,30.1,4.1066,4.105,4.111,9188,9217,0,0,0,0
2023-10-05T17:00:00Z,29,,,,0.243793,0.205,0.283,30.1,30.1,30.1,4.106828,4.105,4.11,9218,9246,0,0,0,0
2023-10-05T18:00:00Z,29,,,,0.241,0.208,0.283,30.096552,30,30.1,4.106034,4.105,4.108,9247,9275,0,0,0,0
2023-10-05T19:00:00Z,29,,,,0.254,0.204,0.284,30.082759,30,30.1,4.10631,4.105,4.11,9276,9304,0,0,0,0
2023-10-05T20:00:00Z,29,,,,0.249966,0.205,0.285,30.031034,30,30.1,4.10631,4.105,4.11,9305,9333,0,0,0,0
2023-10-05T21:00:00Z,30,,,,0.2442,0.207,0.283,30.013333,30,30.1,4.1067,4.105,4.11,9334,9363,0,0,0,0
2023-10-05T22:00:00Z,29,,,,0.242724,0.207,0.283,30,30,30,4.106966,4.105,4.111,9364,9392,0,0,0,0
2023-10-05T23:00:00Z,29,,,,0.243897,0.206,0.285,30.003448,30,30.1,4.105897,4.105,4.108,9393,9421,0,0,0,0
2023-10-06T00:00:00Z,28,,,,0.243321,0.207,0.282,30.092857,30,30.1,4.106286,4.105,4.11,9422,9450,0,0,0,0
2023-10-06T01:00:00Z,29,,,,0.247241,0.206,0.284,30.1,30.1,30.1,4.106414,4.105,4.11,9451,9479,0,0,0,0
2023-10-06T02:00:00Z,30,,,,0.2449,0.205,0.283,30.1,30.1,30.1,4.106133,4.105,4.11,9480,9509,0,0,0,0
2023-10-06T03:00:00Z,29,,,,0.238103,0.205,0.283,30.151724,30.1,30.2,4.106241,4.105,4.108,9510,9538,0,0,0,0
2023-10-06T04:00:00Z,29,,,,0.247448,0.204,0.286,30.231034,30.2,30.3,4.105759,4.105,4.108,9539,9567,0,0,0,0
2023-10-06T05:00:00Z,29,,,,0.245276,0.206,0.283,30.296552,30.2,30.4,4.105759,4.105,4.108,9568,9596,0,0,0,0
2023-10-06T06:00:00Z,29,,,,0.247276,0.206,0.284,30.372414,30.3,30.4,4.105931,4.105,4.108,9597,9625,0,0,0,0
2023-10-06T07:00:00Z,30,,,,0.238667,0.205,0.282,30.426667,30.4,30.5,4.1058,4.105,4.108,9626,9655,0,0,0,0
2023-10-06T08:00:00Z,29,,,,0.241103,0.205,0.284,30.465517,30.4,30.5,4.105345,4.105,4.108,9656,9684,0,0,0,0
2023-10-06T09:00:00Z,29,,,,0.244586,0.205,0.282,30.489655,30.4,30.5,4.105207,4.103,4.106,9685,9713,0,0,0,0
2023-10-06T10:00:00Z,29,,,,0.245655,0.206,0.283,30.517241,30.4,30.6,4.105207,4.103,4.106,9714,9742,0,0,0,0
2023-10-06T11:00:00Z,29,,,,0.237897,0.206,0.281,30.589655,30.5,30.6,4.105207,4.105,4.106,9743,9771,0,0,0,0
2023-10-06T12:00:00Z,30,,,,0.240733,0.206,0.284,30.596667,30.5,30.6,4.105067,4.103,4.106,9772,9801,0,0,0,0
2023-10-06T13:00:00Z,29,,,,0.25069,0.206,0.281,30.603448,30.6,30.7,4.105069,4.103,4.106,9802,9830,0,0,0,0
2023-10-06T14:00:00Z,29,,,,0.248552,0.207,0.281,30.606897,30.6,30.7,4.104759,4.103,4.106,9831,9859,0,0,0,0
2023-10-06T15:00:00Z,29,,,,0.241828,0.206,0.281,30.648276,30.6,30.7,4.105069,4.102,4.106,9860,9888,0,0,0,0
2023-10-06T16:00:00Z,29,,,,0.25331,0.203,0.282,30.696552,30.6,30.7,4.104793,4.103,4.106,9889,9917,0,0,0,0
2023-10-06T17:00:00Z,30,,,,0.2403,0.204,0.282,30.693333,30.6,30.8,4.1051,4.103,4.106,9918,9947,0,0,0,0
2023-10-06T18:00:00Z,29,,,,0.255966,0.205,0.285,30.565517,30.4,30.6,4.105138,4.103,4.106,9948,9976,0,0,0,0
2023-10-06T19:00:00Z,29,,,,0.243517,0.203,0.286,30.365517,30.3,30.5,4.105345,4.103,4.108,9977,10005,0,0,0,0
2023-10-06T20:00:00Z,29,,,,0.249,0.206,0.283,30.186207,30.1,30.3,4.105483,4.105,4.108,10006,10034,0,0,0,0
2023-10-06T21:00:00Z,11,,,,0.255818,0.211,0.285,30.118182,30.1,30.3,4.105182,4.105,4.106,10035,10054,0,0,0,0
2023-10-06T22:00:00Z,23,,,,0.259348,0.208,0.284,30.113043,30.1,30.3,4.10387,4.102,4.106,10068,10090,0,0,0,0
2023-10-06T23:00:00Z,29,,,,0.247586,0.206,0.281,30.1,30.1,30.1,4.103897,4.103,4.105,10091,10119,0,0,0,0
2023-10-07T00:00:00Z,29,,,,0.241379,0.207,0.282,30.1,30.1,30.1,4.103966,4.102,4.105,10120,10148,0,0,0,0
2023-10-07T01:00:00Z,30,,,,0.2374,0.206,0.281,30.1,30.1,30.1,4.103467,4.1,4.106,10149,10178,0,0,0,0
2023-10-07T02:00:00Z,29,,,,0.241241,0.207,0.281,30.1,30.1,30.1,4.104069,4.102,4.106,10179,10207,0,0,0,0
2023-10-07T03:00:00Z,29,,,,0.241759,0.205,0.281,30.1,30.1,30.1,4.103483,4.102,4.105,10208,10236,0,0,0,0
2023-10-07T04:00:00Z,29,,,,0.240034,0.205,0.281,30.175862,30.1,30.3,4.103793,4.102,4.106,10237,10265,0,0,0,0
2023-10-07T05:00:00Z,28,,,,0.239107,0.206,0.282,30.35,30.3,30.5,4.103821,4.1,4.105,10266,10293,0,0,0,0
2023-10-07T06:00:00Z,28,,,,0.245357,0.205,0.281,30.496429,30.4,30.7,4.103071,4.1,4.105,10296,10323,0,0,0,0
2023-10-07T07:00:00Z,30,,,,0.238533,0.205,0.282,30.53,30.4,30.6,4.102633,4.1,4.105,10324,10353,0,0,0,0
2023-10-07T08:00:00Z,27,,,,0.243889,0.205,0.282,30.603704,30.5,30.9,4.102185,4.1,4.105,10354,10382,0,0,0,0
2023-10-07T09:00:00Z,29,,,,0.247966,0.206,0.285,30.641379,30.6,30.8,4.102897,4.1,4.105,10383,10411,0,0,0,0
2023-10-07T10:00:00Z,29,,,,0.238345,0.205,0.282,30.758621,30.7,30.9,4.101862,4.1,4.105,10412,10440,0,0,0,0
2023-10-07T11:00:00Z,29,,,,0.234966,0.205,0.279,30.662069,30.6,30.8,4.101828,4.098,4.105,10441,10469,0,0,0,0
2023-10-07T12:00:00Z,29,,,,0.241931,0.205,0.281,30.624138,30.6,30.7,4.102931,4.098,4.105,10470,10498,0,0,0,0
2023-10-07T13:00:00Z,29,,,,0.248,0.208,0.281,30.655172,30.6,30.7,4.103207,4.1,4.105,10499,10527,0,0,0,0
2023-10-07T14:00:00Z,30,,,,0.241167,0.205,0.281,30.713333,30.6,30.8,4.102633,4.1,4.105,10528,10557,0,0,0,0
2023-10-07T15:00:00Z,29,,,,0.246172,0.205,0.283,30.737931,30.7,30.8,4.103138,4.1,4.105,10558,10586,0,0,0,0
2023-10-07T16:00:00Z,29,,,,0.252552,0.208,0.282,30.741379,30.7,30.8,4.10331,4.1,4.106,10587,10615,0,0,0,0
2023-10-07T17:00:00Z,29,,,,0.244138,0.203,0.283,30.727586,30.7,30.8,4.102724,4.1,4.105,10616,10644,0,0,0,0
2023-10-07T18:00:00Z,29,,,,0.245103,0.206,0.282,30.758621,30.7,30.9,4.102276,4.1,4.105,10645,10673,0,0,0,0
2023-10-07T19:00:00Z,29,,,,0.249931,0.208,0.286,30.717241,30.6,30.8,4.101966,4.1,4.105,10674,10702,0,0,0,0
2023-10-07T20:00:00Z,30,,,,0.250133,0.204,0.286,30.563333,30.4,30.6,4.1024,4.1,4.105,10703,10732,0,0,0,0
2023-10-07T21:00:00Z,29,,,,0.253862,0.205,0.285,30.4,30.3,30.5,4.102103,4.1,4.105,10733,10761,0,0,0,0
2023-10-07T22:00:00Z,29,,,,0.252276,0.207,0.284,30.268966,30.2,30.3,4.101862,4.1,4.105,10762,10790,0,0,0,0
2023-10-07T23:00:00Z,29,,,,0.247103,0.208,0.286,30.186207,30.1,30.2,4.101483,4.098,4.105,10791,10819,0,0,0,0
2023-10-08T00:00:00Z,29,,,,0.251759,0.207,0.281,30.248276,30.1,30.3,4.102034,4.1,4.105,10820,10848,0,0,0,0
2023-10-08T01:00:00Z,29,,,,0.242793,0.205,0.286,30.37931,30.3,30.5,4.100931,4.098,4.103,10849,10877,0,0,0,0
2023-10-08T02:00:00Z,29,,,,0.250448,0.205,0.284,30.555172,30.4,30.6,4.101655,4.098,4.105,10878,10906,0,0,0,0
2023-10-08T03:00:00Z,30,,,,0.2478,0.204,0.282,30.603333,30.6,30.7,4.101033,4.098,4.105,10907,10936,0,0,0,0
2023-10-08T04:00:00Z,29,,,,0.252069,0.217,0.281,30.148276,29.6,30.7,4.100379,4.097,4.105,10937,10965,0,0,0,0
2023-10-08T05:00:00Z,29,,,,0.243103,0.206,0.281,30.148276,30,30.3,4.101276,4.098,4.105,10966,10994,0,0,0,0
2023-10-08T06:00:00Z,29,,,,0.236828,0.206,0.282,30.52069,30.3,30.6,4.100448,4.098,4.105,10995,11023,0,0,0,0
2023-10-08T07:00:00Z,28,,,,0.242143,0.205,0.283,30.717857,30.6,31,4.101393,4.1,4.105,11024,11052,0,0,0,0
2023-10-08T08:00:00Z,24,,,,0.250917,0.206,0.281,31.045833,30.7,31.3,4.101042,4.098,4.105,11053,11081,0,0,0,0
2023-10-08T09:00:00Z,29,,,,0.237172,0.204,0.281,31.031034,30.9,31.2,4.101103,4.098,4.105,11082,11110,0,0,0,0
2023-10-08T10:00:00Z,29,,,,0.240414,0.205,0.281,30.913793,30.8,31,4.101241,4.1,4.105,11111,11139,0,0,0,0
2023-10-08T11:00:00Z,29,,,,0.242379,0.205,0.281,29.568966,21.3,31.1,4.09869,4.087,4.105,11140,11168,0,0,0,0
2023-10-08T12:00:00Z,29,,,,0.228103,0.223,0.233,21.355172,20.3,22.4,4.087241,4.085,4.09,11169,11197,0,0,0,0
2023-10-08T13:00:00Z,29,,,,0.22569,0.223,0.232,22.089655,20.9,23.3,4.085207,4.083,4.088,11198,11226,0,0,0,0
2023-10-08T14:00:00Z,29,,,,0.225276,0.223,0.229,22.641379,21.4,23.6,4.084034,4.082,4.088,11227,11255,0,0,0,0
2023-10-08T15:00:00Z,29,,,,0.224034,0.221,0.229,22.658621,21.9,23.8,4.082759,4.08,4.085,11256,11284,0,0,0,0
2023-10-08T16:00:00Z,29,,,,0.225103,0.222,0.228,23.182759,22,24.2,4.082241,4.08,4.083,11285,11313,0,0,0,0
2023-10-08T17:00:00Z,29,,,,0.225207,0.222,0.23,23.096552,22,24.2,4.081793,4.08,4.083,11314,11342,0,0,0,0
2023-10-08T18:00:00Z,26,,,,0.225308,0.222,0.228,23.261538,22.2,24,4.081077,4.08,4.082,11343,11371,0,0,0,0
2023-10-08T19:00:00Z,15,,,,0.225133,0.222,0.229,22.886667,21.6,23.8,4.080133,4.078,4.082,11372,11392,0,0,0,0
2023-10-08T20:00:00Z,3,,,,0.224667,0.222,0.227,22.2,21.5,22.6,4.078,4.078,4.078,11400,11406,0,0,0,0
2023-10-08T21:00:00Z,22,,,,0.225455,0.221,0.228,22.790909,21.3,24,4.075864,4.072,4.078,11433,11454,0,0,0,0
2023-10-08T22:00:00Z,28,,,,0.22525,0.222,0.228,22.7,21.5,23.7,4.074107,4.072,4.078,11455,11482,0,0,0,0
2023-10-08T23:00:00Z,26,,,,0.225731,0.222,0.23,22.619231,21.5,23.7,4.072115,4.069,4.075,11483,11511,0,0,0,0
2023-10-09T00:00:00Z,27,,,,0.225778,0.222,0.228,22.581481,21.4,23.3,4.071111,4.069,4.075,11512,11538,0,0,0,0
2023-10-09T01:00:00Z,26,,,,0.225346,0.223,0.228,22.623077,21.8,23.5,4.068269,4.065,4.072,11541,11568,0,0,0,0
2023-10-09T02:00:00Z,28,,,,0.2255,0.222,0.229,22.557143,21.5,23.5,4.066214,4.064,4.07,11569,11596,0,0,0,0
2023-10-09T03:00:00Z,28,,,,0.224679,0.222,0.229,22.503571,21.6,23.5,4.064179,4.059,4.069,11597,11625,0,0,0,0
2023-10-09T04:00:00Z,28,,,,0.225893,0.223,0.228,22.646429,21.6,23.3,4.061929,4.06,4.064,11626,11653,0,0,0,0
2023-10-09T05:00:00Z,29,,,,0.22469,0.222,0.229,22.372414,21.3,23.7,4.060103,4.057,4.064,11654,11682,0,0,0,0
2023-10-09T06:00:00Z,29,,,,0.225172,0.222,0.228,22.789655,21.6,23.7,4.059793,4.057,4.062,11683,11711,0,0,0,0
2023-10-09T07:00:00Z,28,,,,0.224857,0.222,0.229,22.785714,21.5,23.8,4.058429,4.055,4.062,11712,11739,0,0,0,0
2023-10-09T08:00:00Z,29,,,,0.225172,0.222,0.23,22.965517,21.7,23.8,4.056759,4.054,4.06,11740,11768,0,0,0,0
2023-10-09T09:00:00Z,28,,,,0.224393,0.221,0.227,22.842857,21.8,23.9,4.055786,4.052,4.06,11769,11796,0,0,0,0
2023-10-09T10:00:00Z,29,,,,0.224828,0.222,0.229,22.803448,21.8,23.8,4.054862,4.052,4.059,11797,11825,0,0,0,0
2023-10-09T11:00:00Z,29,,,,0.224655,0.221,0.228,23.058621,22,23.8,4.053448,4.05,4.057,11826,11854,0,0,0,0
2023-10-09T12:00:00Z,29,,,,0.223862,0.221,0.229,22.848276,21.9,23.6,4.052621,4.052,4.055,11855,11883,0,0,0,0
2023-10-09T13:00:00Z,28,,,,0.225107,0.221,0.23,22.821429,21.8,23.8,4.052607,4.05,4.055,11884,11911,0,0,0,0
2023-10-09T14:00:00Z,29,,,,0.22469,0.222,0.228,23.106897,21.9,24,4.050379,4.047,4.054,11912,11940,0,0,0,0
2023-10-09T15:00:00Z,28,,,,0.223964,0.22,0.228,23.010714,22.2,24.1,4.049393,4.045,4.052,11941,11968,0,0,0,0
2023-10-09T16:00:00Z,29,,,,0.224483,0.221,0.231,23.037931,22,23.8,4.048138,4.045,4.052,11969,11997,0,0,0,0
2023-10-09T17:00:00Z,28,,,,0.224571,0.221,0.229,23.110714,21.9,24.1,4.048821,4.045,4.052,11998,12025,0,0,0,0
2023-10-09T18:00:00Z,29,,,,0.225,0.222,0.23,22.903448,21.8,24.1,4.047172,4.044,4.05,12026,12054,0,0,0,0
2023-10-09T19:00:00Z,29,,,,0.224966,0.221,0.229,22.772414,21.8,23.8,4.045345,4.042,4.05,12055,12083,0,0,0,0
2023-10-09T20:00:00Z,28,,,,0.224464,0.221,0.228,22.742857,21.8,24,4.043714,4.039,4.049,12084,12111,0,0,0,0
2023-10-09T21:00:00Z,28,,,,0.224036,0.221,0.228,22.646429,21.7,23.8,4.041143,4.039,4.045,12112,12139,0,0,0,0
2023-10-09T22:00:00Z,29,,,,0.225276,0.222,0.229,22.765517,21.3,23.9,4.040207,4.037,4.045,12140,12168,0,0,0,0
2023-10-09T23:00:00Z,28,,,,0.224786,0.221,0.23,22.832143,21.8,23.6,4.039357,4.037,4.042,12169,12196,0,0,0,0
2023-10-10T00:00:00Z,28,,,,0.224893,0.222,0.228,22.653571,21.5,23.7,4.037964,4.036,4.042,12197,12225,0,0,0,0
2023-10-10T01:00:00Z,28,,,,0.224714,0.222,0.228,22.271429,21.3,23.3,4.036679,4.032,4.039,12226,12253,0,0,0,0
2023-10-10T02:00:00Z,29,,,,0.224724,0.221,0.229,22.482759,21.4,23.7,4.036724,4.034,4.04,12254,12282,0,0,0,0
2023-10-10T03:00:00Z,29,,,,0.22569,0.222,0.23,22.582759,21.3,23.3,4.036793,4.034,4.039,12283,12311,0,0,0,0
2023-10-10T04:00:00Z,28,,,,0.224429,0.221,0.232,22.714286,21.8,23.7,4.035214,4.034,4.039,12312,12339,0,0,0,0
2023-10-10T05:00:00Z,25,,,,0.22472,0.221,0.229,22.644,21.6,23.7,4.03472,4.032,4.039,12340,12367,0,0,0,0
2023-10-10T06:00:00Z,29,,,,0.22469,0.221,0.228,22.544828,21.5,23.6,4.033724,4.032,4.037,12368,12396,0,0,0,0
2023-10-10T07:00:00Z,29,,,,0.22469,0.222,0.229,22.558621,21.6,23.7,4.033586,4.032,4.037,12397,12425,0,0,0,0
2023-10-10T08:00:00Z,28,,,,0.224607,0.22,0.228,22.796429,21.9,23.7,4.032929,4.031,4.036,12426,12453,0,0,0,0
2023-10-10T09:00:00Z,29,,,,0.225,0.223,0.229,22.668966,21.6,23.6,4.032069,4.029,4.036,12454,12482,0,0,0,0
2023-10-10T10:00:00Z,29,,,,0.225345,0.223,0.228,22.668966,21.6,23.6,4.032103,4.029,4.037,12483,12511,0,0,0,0
2023-10-10T11:00:00Z,26,,,,0.225154,0.221,0.23,22.576923,21.5,23.6,4.0315,4.031,4.034,12512,12539,0,0,0,0
2023-10-10T12:00:00Z,28,,,,0.225214,0.222,0.228,22.507143,20.9,23.7,4.030536,4.029,4.032,12540,12568,0,0,0,0
2023-10-10T13:00:00Z,27,,,,0.223296,0.219,0.231,23.911111,21.1,25.7,4.029222,4.027,4.031,12569,12597,0,0,0,0
2023-10-10T14:00:00Z,28,,,,0.221536,0.218,0.224,25.114286,24.2,25.9,4.029857,4.027,4.032,12598,12625,0,0,0,0
2023-10-10T15:00:00Z,29,,,,0.220448,0.218,0.224,24.87931,24.1,25.8,4.029586,4.029,4.032,12626,12654,0,0,0,0
2023-10-10T16:00:00Z,29,,,,0.220793,0.218,0.224,25.158621,24.2,25.9,4.02969,4.027,4.032,12655,12683,0,0,0,0
2023-10-10T17:00:00Z,28,,,,0.220714,0.217,0.224,25.264286,24.1,26,4.028929,4.027,4.031,12684,12711,0,0,0,0
2023-10-10T18:00:00Z,22,,,,0.220182,0.217,0.225,25,24.1,26,4.028909,4.027,4.031,12712,12739,0,0,0,0
2023-10-10T19:00:00Z,29,,,,0.220069,0.218,0.224,24.851724,24.1,25.9,4.027759,4.027,4.029,12740,12768,0,0,0,0
2023-10-10T20:00:00Z,29,,,,0.221138,0.218,0.224,25.148276,24,25.8,4.02769,4.027,4.029,12769,12797,0,0,0,0
2023-10-10T21:00:00Z,27,,,,0.220667,0.218,0.224,25.059259,24.1,25.8,4.027704,4.026,4.029,12798,12825,0,0,0,0
2023-10-10T22:00:00Z,23,,,,0.220696,0.218,0.226,24.986957,24.1,25.7,4.027435,4.026,4.029,12826,12848,0,0,0,0
2023-10-10T23:00:00Z,18,,,,0.220667,0.218,0.223,24.888889,24,25.7,4.026444,4.026,4.027,12859,12881,0,0,0,0
2023-10-11T00:00:00Z,28,,,,0.220071,0.218,0.225,24.767857,24.1,26,4.026357,4.024,4.027,12882,12910,0,0,0,0
2023-10-11T01:00:00Z,29,,,,0.220655,0.218,0.225,25.017241,24.1,25.7,4.026655,4.026,4.027,12911,12939,0,0,0,0
2023-10-11T02:00:00Z,28,,,,0.219679,0.218,0.223,24.796429,24,25.8,4.026464,4.026,4.027,12940,12967,0,0,0,0
2023-10-11T03:00:00Z,27,,,,0.220667,0.217,0.225,25.137037,24.1,25.9,4.025852,4.022,4.027,12968,12996,0,0,0,0
2023-10-11T04:00:00Z,29,,,,0.220276,0.218,0.223,25.031034,24.1,26,4.025379,4.024,4.027,12997,13025,0,0,0,0
2023-10-11T05:00:00Z,27,,,,0.220444,0.216,0.224,25.107407,24.2,26,4.025296,4.024,4.027,13026,13053,0,0,0,0
2023-10-11T06:00:00Z,29,,,,0.220621,0.217,0.223,25.255172,24.4,26.2,4.025207,4.022,4.027,13054,13082,0,0,0,0
2023-10-11T07:00:00Z,29,,,,0.220655,0.217,0.224,25.065517,24.4,25.8,4.024483,4.022,4.027,13083,13111,0,0,0,0
2023-10-11T08:00:00Z,27,,,,0.220963,0.218,0.225,25.059259,24,26,4.02337,4.019,4.026,13112,13139,0,0,0,0
2023-10-11T09:00:00Z,29,,,,0.220483,0.218,0.223,25.048276,24.2,25.8,4.022552,4.021,4.026,13140,13168,0,0,0,0
2023-10-11T10:00:00Z,28,,,,0.220464,0.218,0.225,25.15,24.2,26,4.021607,4.019,4.024,13169,13196,0,0,0,0
2023-10-11T11:00:00Z,29,,,,0.221207,0.218,0.226,25.386207,24.2,26.1,4.021966,4.019,4.026,13197,13225,0,0,0,0
2023-10-11T12:00:00Z,29,,,,0.220379,0.217,0.224,25.248276,24.2,26.2,4.020759,4.019,4.024,13226,13254,0,0,0,0
2023-10-11T13:00:00Z,28,,,,0.2205,0.217,0.224,25.225,24.2,26.2,4.019857,4.017,4.024,13255,13282,0,0,0,0
2023-10-11T14:00:00Z,29,,,,0.220552,0.217,0.224,25.334483,24.2,26.2,4.018379,4.014,4.022,13283,13311,0,0,0,0
2023-10-11T15:00:00Z,27,,,,0.220852,0.217,0.223,25.477778,24.2,26.2,4.017852,4.016,4.021,13312,13339,0,0,0,0
2023-10-11T16:00:00Z,29,,,,0.220448,0.217,0.225,25.234483,24.3,26,4.015724,4.012,4.019,13340,13368,0,0,0,0
2023-10-11T17:00:00Z,29,,,,0.220103,0.217,0.225,25.155172,24.2,26,4.016034,4.012,4.021,13369,13397,0,0,0,0
2023-10-11T18:00:00Z,16,,,,0.21975,0.217,0.225,24.9,23.8,26.2,4.012937,4.011,4.017,13399,13423,0,0,0,0
2023-10-11T19:00:00Z,1,,,,0.222,0.222,0.222,25.6,25.6,25.6,4.007,4.007,4.007,13449,13449,0,0,0,0
2023-10-11T20:00:00Z,25,,,,0.22044,0.217,0.223,25.028,24.1,25.8,4.0086,4.007,4.011,13452,13479,0,0,0,0
2023-10-11T21:00:00Z,29,,,,0.220483,0.218,0.225,25.075862,24,25.8,4.008138,4.006,4.012,13480,13508,0,0,0,0
2023-10-11T22:00:00Z,29,,,,0.220724,0.218,0.225,25.027586,24.1,25.9,4.008621,4.006,4.012,13509,13537,0,0,0,0
2023-10-11T23:00:00Z,29,,,,0.220069,0.218,0.223,24.727586,24,26.1,4.007931,4.006,4.012,13538,13566,0,0,0,0
2023-10-12T00:00:00Z,29,,,,0.220172,0.217,0.224,24.924138,23.8,25.7,4.007172,4.004,4.011,13567,13596,0,0,0,0
2023-10-12T01:00:00Z,29,,,,0.220483,0.217,0.223,25.010345,24,26,4.006793,4.006,4.009,13597,13625,0,0,0,0
2023-10-12T02:00:00Z,29,,,,0.220241,0.217,0.223,25.031034,24.2,25.8,4.006552,4.004,4.011,13626,13654,0,0,0,0
2023-10-12T03:00:00Z,29,,,,0.220034,0.217,0.223,24.910345,24.1,25.9,4.005897,4.004,4.009,13655,13683,0,0,0,0
2023-10-12T04:00:00Z,29,,,,0.219931,0.217,0.226,24.965517,24.1,25.9,4.005,4.003,4.009,13684,13712,0,0,0,0
2023-10-12T05:00:00Z,30,,,,0.2209,0.217,0.225,25.25,24.1,26,4.004467,4.003,4.007,13713,13742,0,0,0,0
2023-10-12T06:00:00Z,28,,,,0.219679,0.217,0.223,24.985714,24.2,25.9,4.002643,4.001,4.006,13743,13771,0,0,0,0
2023-10-12T07:00:00Z,29,,,,0.22,0.217,0.224,24.996552,24.2,26,4.001517,3.999,4.004,13772,13800,0,0,0,0
2023-10-12T08:00:00Z,29,,,,0.221172,0.218,0.225,25.034483,24.1,25.8,4.00031,3.999,4.003,13801,13829,0,0,0,0
2023-10-12T09:00:00Z,29,,,,0.221483,0.218,0.225,25.103448,24.1,26.1,3.999379,3.998,4.001,13830,13858,0,0,0,0
2023-10-12T10:00:00Z,29,,,,0.220483,0.218,0.223,24.917241,23.8,25.8,3.998793,3.996,4.001,13859,13887,0,0,0,0
2023-10-12T11:00:00Z,29,,,,0.219966,0.218,0.223,24.806897,24.1,25.8,3.998034,3.996,4.001,13888,13916,0,0,0,0
2023-10-12T12:00:00Z,30,,,,0.2208,0.218,0.225,25.313333,24.2,26.2,3.996,3.993,3.999,13917,13946,0,0,0,0
2023-10-12T13:00:00Z,29,,,,0.219793,0.217,0.223,25.065517,24.2,25.9,3.994655,3.993,3.998,13947,13975,0,0,0,0
2023-10-12T14:00:00Z,29,,,,0.220034,0.217,0.223,25.089655,24.2,26,3.993448,3.989,3.998,13976,14004,0,0,0,0
2023-10-12T15:00:00Z,29,,,,0.220207,0.217,0.225,25.12069,24.2,26.1,3.992207,3.989,3.996,14005,14033,0,0,0,0
2023-10-12T16:00:00Z,29,,,,0.220207,0.217,0.225,25.089655,24.2,26.1,3.990655,3.986,3.994,14034,14062,0,0,0,0
2023-10-12T17:00:00Z,29,,,,0.219966,0.217,0.223,25.217241,24.2,26.2,3.988724,3.986,3.994,14063,14091,0,0,0,0
2023-10-12T18:00:00Z,30,,,,0.219633,0.217,0.223,25.056667,24.2,26.1,3.986933,3.984,3.991,14092,14121,0,0,0,0
2023-10-12T19:00:00Z,27,,,,0.22,0.217,0.223,24.97037,24,25.8,3.984852,3.981,3.988,14122,14150,0,0,0,0
2023-10-12T20:00:00Z,29,,,,0.22,0.217,0.223,24.92069,24.1,25.8,3.983759,3.981,3.988,14151,14179,0,0,0,0
2023-10-12T21:00:00Z,29,,,,0.220966,0.218,0.225,25.072414,24,25.8,3.981724,3.979,3.984,14180,14208,0,0,0,0
2023-10-12T22:00:00Z,29,,,,0.220103,0.218,0.224,24.955172,24,25.9,3.979828,3.978,3.983,14209,14237,0,0,0,0
2023-10-12T23:00:00Z,28,,,,0.220357,0.218,0.226,24.785714,23.8,25.8,3.977643,3.976,3.979,14238,14266,0,0,0,0
2023-10-13T00:00:00Z,29,,,,0.221069,0.218,0.225,24.975862,23.9,25.9,3.976759,3.976,3.979,14267,14295,0,0,0,0
2023-10-13T01:00:00Z,29,,,,0.219897,0.218,0.224,24.837931,24,25.9,3.975241,3.974,3.978,14296,14324,0,0,0,0
2023-10-13T02:00:00Z,29,,,,0.220759,0.217,0.224,24.965517,24,25.7,3.97469,3.974,3.976,14325,14353,0,0,0,0
2023-10-13T03:00:00Z,30,,,,0.220333,0.218,0.223,24.913333,24,25.7,3.974133,3.973,3.976,14354,14383,0,0,0,0
2023-10-13T04:00:00Z,29,,,,0.220172,0.218,0.225,24.886207,24,25.7,3.973724,3.973,3.974,14384,14412,0,0,0,0
2023-10-13T05:00:00Z,29,,,,0.220103,0.218,0.223,25.058621,24,25.7,3.972828,3.971,3.974,14413,14441,0,0,0,0
2023-10-13T06:00:00Z,29,,,,0.220517,0.217,0.226,25.155172,24.1,25.8,3.972172,3.97,3.974,14442,14470,0,0,0,0
2023-10-13T07:00:00Z,28,,,,0.220071,0.217,0.224,25.046429,24.1,26.2,3.971179,3.968,3.974,14471,14499,0,0,0,0
2023-10-13T08:00:00Z,28,,,,0.220536,0.218,0.224,25.15,24.1,26,3.968857,3.966,3.971,14500,14528,0,0,0,0
2023-10-13T09:00:00Z,29,,,,0.219621,0.217,0.223,24.941379,24.2,26,3.967172,3.963,3.971,14529,14557,0,0,0,0
2023-10-13T10:00:00Z,30,,,,0.219667,0.217,0.226,24.956667,24.1,26.1,3.965433,3.961,3.97,14558,14587,0,0,0,0
2023-10-13T11:00:00Z,29,,,,0.220621,0.217,0.224,25.289655,24.2,26.1,3.962931,3.96,3.968,14588,14616,0,0,0,0
2023-10-13T12:00:00Z,29,,,,0.219655,0.217,0.224,25.044828,24.2,26.1,3.961414,3.96,3.966,14617,14645,0,0,0,0
2023-10-13T13:00:00Z,29,,,,0.219655,0.217,0.225,25.003448,24.2,26,3.960103,3.958,3.965,14646,14674,0,0,0,0
2023-10-13T14:00:00Z,29,,,,0.219621,0.217,0.223,25.027586,24.2,26.3,3.959517,3.956,3.965,14675,14703,0,0,0,0
2023-10-13T15:00:00Z,29,,,,0.220586,0.218,0.225,25.334483,24.4,26.2,3.958966,3.956,3.961,14704,14732,0,0,0,0
2023-10-13T16:00:00Z,30,,,,0.220733,0.217,0.226,25.333333,24.3,26.2,3.9569,3.955,3.96,14733,14762,0,0,0,0
2023-10-13T17:00:00Z,29,,,,0.220138,0.217,0.224,25.355172,24.3,26.2,3.955448,3.953,3.96,14763,14791,0,0,0,0
2023-10-13T18:00:00Z,29,,,,0.221172,0.217,0.225,25.262069,24.4,26.1,3.95469,3.953,3.958,14792,14820,0,0,0,0
2023-10-13T19:00:00Z,29,,,,0.220241,0.218,0.223,24.937931,23.8,25.7,3.952897,3.951,3.956,14821,14849,0,0,0,0
2023-10-13T20:00:00Z,28,,,,0.220679,0.218,0.224,25.185714,24.1,26,3.951464,3.948,3.956,14850,14878,0,0,0,0
2023-10-13T21:00:00Z,30,,,,0.220333,0.217,0.225,24.81,23.8,25.8,3.9495,3.948,3.951,14879,14908,0,0,0,0
2023-10-13T22:00:00Z,28,,,,0.220786,0.217,0.223,25.025,24,25.9,3.948464,3.946,3.951,14909,14937,0,0,0,0
2023-10-13T23:00:00Z,29,,,,0.220897,0.218,0.224,25.034483,24,25.7,3.946931,3.945,3.95,14938,14966,0,0,0,0
2023-10-14T00:00:00Z,29,,,,0.220414,0.218,0.223,24.931034,24,25.8,3.946207,3.943,3.95,14967,14995,0,0,0,0
2023-10-14T01:00:00Z,29,,,,0.220586,0.217,0.224,24.817241,23.8,25.9,3.945138,3.943,3.948,14996,15024,0,0,0,0
2023-10-14T02:00:00Z,29,,,,0.220379,0.218,0.223,25,24,25.8,3.944103,3.941,3.946,15025,15053,0,0,0,0
2023-10-14T03:00:00Z,29,,,,0.220069,0.217,0.223,25.165517,24.1,26,3.942517,3.94,3.946,15054,15082,0,0,0,0
2023-10-14T04:00:00Z,30,,,,0.220333,0.218,0.224,25.163333,24.2,26,3.941833,3.938,3.945,15083,15112,0,0,0,0
2023-10-14T05:00:00Z,29,,,,0.220448,0.217,0.223,25.086207,24.2,25.9,3.940103,3.937,3.943,15113,15141,0,0,0,0
2023-10-14T06:00:00Z,29,,,,0.220276,0.218,0.223,25.155172,24.2,25.8,3.940069,3.937,3.945,15142,15170,0,0,0,0
2023-10-14T07:00:00Z,29,,,,0.220448,0.218,0.224,25.251724,24.5,25.7,3.938483,3.935,3.943,15171,15199,0,0,0,0
2023-10-14T08:00:00Z,29,,,,0.220345,0.217,0.224,25.262069,24.3,25.8,3.936931,3.933,3.941,15200,15228,0,0,0,0
2023-10-14T09:00:00Z,30,,,,0.220367,0.217,0.223,25.363333,24.3,26.4,3.9354,3.932,3.94,15229,15258,0,0,0,0
2023-10-14T10:00:00Z,29,,,,0.220655,0.218,0.224,25.475862,24.7,26.3,3.933931,3.932,3.938,15259,15287,0,0,0,0
2023-10-14T11:00:00Z,29,,,,0.220621,0.218,0.225,25.344828,24.4,26.2,3.932379,3.93,3.937,15288,15316,0,0,0,0
2023-10-14T12:00:00Z,29,,,,0.220793,0.218,0.224,25.258621,24.5,26.2,3.931172,3.928,3.933,15317,15345,0,0,0,0
2023-10-14T13:00:00Z,29,,,,0.220517,0.218,0.223,25.337931,24.4,26,3.93031,3.928,3.933,15346,15374,0,0,0,0
2023-10-14T14:00:00Z,29,,,,0.219931,0.218,0.223,25.310345,24.7,26.2,3.929103,3.927,3.932,15375,15403,0,0,0,0
2023-10-14T15:00:00Z,17,,,,0.221,0.218,0.223,25.523529,24.6,26.1,3.927529,3.925,3.932,15404,15427,0,0,0,0
2023-10-14T16:00:00Z,2,,,,0.2195,0.218,0.221,25.5,25,26,3.923,3.923,3.923,15437,15440,0,0,0,0
2023-10-14T17:00:00Z,2,,,,0.222,0.222,0.222,25.8,25.6,26,3.9225,3.922,3.923,15471,15484,0,0,0,0
2023-10-14T18:00:00Z,29,,,,0.220931,0.218,0.225,25.358621,24.2,26.1,3.922138,3.92,3.923,15485,15513,0,0,0,0
2023-10-14T19:00:00Z,30,,,,0.221067,0.218,0.225,25.096667,24.2,25.8,3.921567,3.92,3.923,15514,15543,0,0,0,0
2023-10-14T20:00:00Z,29,,,,0.220828,0.218,0.224,25.134483,24.2,25.7,3.921207,3.92,3.923,15544,15572,0,0,0,0
2023-10-14T21:00:00Z,29,,,,0.220552,0.218,0.225,25.010345,24.2,25.7,3.921414,3.92,3.923,15573,15601,0,0,0,0
2023-10-14T22:00:00Z,26,,,,0.220077,0.218,0.223,24.773077,24.2,25.8,3.919923,3.918,3.922,15602,15627,0,0,0,0
2023-10-14T23:00:00Z,29,,,,0.22069,0.218,0.227,25.041379,24.3,25.6,3.919483,3.917,3.922,15631,15659,0,0,0,0
2023-10-15T00:00:00Z,30,,,,0.2209,0.218,0.226,24.99,24.1,25.7,3.918867,3.917,3.922,15660,15689,0,0,0,0
2023-10-15T01:00:00Z,29,,,,0.220793,0.218,0.224,25.103448,24.2,25.7,3.918034,3.913,3.92,15690,15718,0,0,0,0
2023-10-15T02:00:00Z,29,,,,0.22031,0.218,0.224,25.068966,24.2,25.8,3.916517,3.915,3.92,15719,15747,0,0,0,0
2023-10-15T03:00:00Z,29,,,,0.219793,0.217,0.224,25.017241,24.2,26.1,3.915793,3.913,3.918,15748,15776,0,0,0,0
2023-10-15T04:00:00Z,29,,,,0.220517,0.217,0.224,25.131034,24.1,26,3.914034,3.91,3.918,15777,15805,0,0,0,0
2023-10-15T05:00:00Z,29,,,,0.220552,0.218,0.224,25.041379,24.1,25.9,3.91369,3.91,3.918,15806,15834,0,0,0,0
2023-10-15T06:00:00Z,29,,,,0.220586,0.218,0.225,25.162069,24.1,26,3.912621,3.91,3.915,15835,15863,0,0,0,0
2023-10-15T07:00:00Z,30,,,,0.220667,0.218,0.223,25.24,24.2,26,3.910433,3.907,3.915,15864,15893,0,0,0,0
2023-10-15T08:00:00Z,29,,,,0.221034,0.218,0.225,25.3,24.2,26.1,3.909379,3.907,3.913,15894,15922,0,0,0,0
2023-10-15T09:00:00Z,26,,,,0.220269,0.217,0.223,25.196154,24.2,26.2,3.907231,3.905,3.912,15925,15950,0,0,0,0
2023-10-15T10:00:00Z,28,,,,0.220357,0.218,0.226,25.442857,24.4,26.3,3.906143,3.904,3.91,15951,15979,0,0,0,0
2023-10-15T11:00:00Z,28,,,,0.220357,0.217,0.223,25.160714,24.2,26.2,3.904643,3.9,3.908,15980,16007,0,0,0,0
2023-10-15T12:00:00Z,29,,,,0.220483,0.218,0.225,25.362069,24.3,26.2,3.90231,3.9,3.907,16008,16036,0,0,0,0
2023-10-15T13:00:00Z,29,,,,0.220448,0.217,0.224,25.217241,24.3,26.2,3.901138,3.899,3.905,16037,16065,0,0,0,0
2023-10-15T14:00:00Z,29,,,,0.220448,0.218,0.225,25.296552,24.1,26.2,3.900448,3.899,3.904,16066,16094,0,0,0,0
2023-10-15T15:00:00Z,28,,,,0.219964,0.217,0.225,25.285714,24.4,26.4,3.89975,3.897,3.902,16095,16122,0,0,0,0
2023-10-15T16:00:00Z,29,,,,0.220586,0.217,0.226,25.344828,24.4,26.3,3.899069,3.897,3.902,16123,16151,0,0,0,0
2023-10-15T17:00:00Z,29,,,,0.220483,0.217,0.224,25.341379,24.4,26.4,3.896414,3.895,3.9,16152,16180,0,0,0,0
2023-10-15T18:00:00Z,28,,,,0.220143,0.217,0.224,25.453571,24.4,26.4,3.896321,3.895,3.9,16181,16208,0,0,0,0
2023-10-15T19:00:00Z,29,,,,0.219586,0.217,0.223,25.37931,24.5,26.4,3.89569,3.894,3.9,16209,16237,0,0,0,0
2023-10-15T20:00:00Z,29,,,,0.221,0.217,0.225,25.67931,24.5,26.5,3.894517,3.894,3.897,16238,16266,0,0,0,0
2023-10-15T21:00:00Z,28,,,,0.220214,0.217,0.223,25.046429,24.2,26.2,3.894357,3.894,3.895,16267,16294,0,0,0,0
2023-10-15T22:00:00Z,29,,,,0.220517,0.218,0.226,25.158621,24.1,26.1,3.893655,3.892,3.895,16295,16323,0,0,0,0
2023-10-15T23:00:00Z,29,,,,0.22031,0.217,0.225,25.086207,23.9,26.1,3.892,3.89,3.894,16324,16352,0,0,0,0
2023-10-16T00:00:00Z,28,,,,0.22025,0.217,0.225,24.946429,23.9,26.1,3.890536,3.887,3.894,16353,16380,0,0,0,0
2023-10-16T01:00:00Z,29,,,,0.220724,0.218,0.227,24.958621,24,25.7,3.888966,3.887,3.892,16381,16409,0,0,0,0
2023-10-16T02:00:00Z,29,,,,0.220931,0.217,0.225,25.131034,23.9,26.1,3.887759,3.885,3.892,16410,16438,0,0,0,0
2023-10-16T03:00:00Z,29,,,,0.220034,0.217,0.223,24.896552,24.1,25.7,3.886655,3.884,3.89,16439,16467,0,0,0,0
2023-10-16T04:00:00Z,28,,,,0.220643,0.218,0.223,25.1,24.2,25.9,3.885643,3.882,3.889,16468,16495,0,0,0,0
2023-10-16T05:00:00Z,29,,,,0.220414,0.217,0.225,24.975862,24.1,26,3.885483,3.882,3.889,16496,16524,0,0,0,0
2023-10-16T06:00:00Z,29,,,,0.22,0.217,0.224,25.041379,24.2,26.1,3.884172,3.882,3.887,16525,16553,0,0,0,0
2023-10-16T07:00:00Z,28,,,,0.22,0.217,0.223,25.228571,24.2,26,3.882286,3.879,3.887,16554,16581,0,0,0,0
2023-10-16T08:00:00Z,29,,,,0.220655,0.218,0.224,25.210345,24.1,26.1,3.881552,3.879,3.887,16582,16610,0,0,0,0
2023-10-16T09:00:00Z,28,,,,0.220179,0.217,0.223,25.128571,24.2,26.2,3.881036,3.879,3.884,16611,16638,0,0,0,0
2023-10-16T10:00:00Z,29,,,,0.220759,0.217,0.223,25.375862,24.2,26.1,3.880207,3.877,3.884,16639,16667,0,0,0,0
2023-10-16T11:00:00Z,29,,,,0.220379,0.217,0.223,25.206897,24.2,26.1,3.879448,3.875,3.882,16668,16696,0,0,0,0
2023-10-16T12:00:00Z,28,,,,0.221536,0.218,0.224,24.771429,22.3,25.8,3.877071,3.875,3.882,16697,16724,0,0,0,0
2023-10-16T13:00:00Z,29,,,,0.220621,0.218,0.224,25.12069,24.2,25.9,3.876207,3.874,3.88,16725,16753,0,0,0,0
2023-10-16T14:00:00Z,29,,,,0.220517,0.218,0.223,25.096552,24.1,26,3.877034,3.874,3.88,16754,16782,0,0,0,0
2023-10-16T15:00:00Z,29,,,,0.220655,0.217,0.223,25.375862,24.3,26.2,3.876172,3.872,3.879,16783,16811,0,0,0,0
2023-10-16T16:00:00Z,28,,,,0.220214,0.217,0.223,25.296429,24.2,26.2,3.875929,3.874,3.882,16812,16839,0,0,0,0
2023-10-16T17:00:00Z,29,,,,0.221138,0.217,0.225,25.537931,24.2,26.2,3.875517,3.874,3.879,16840,16868,0,0,0,0
2023-10-16T18:00:00Z,29,,,,0.221,0.218,0.225,24.827586,23.8,25.9,3.875276,3.872,3.879,16869,16897,0,0,0,0
2023-10-16T19:00:00Z,28,,,,0.221143,0.217,0.224,24.960714,23.8,25.9,3.873964,3.872,3.877,16898,16925,0,0,0,0
2023-10-16T20:00:00Z,29,,,,0.220138,0.218,0.223,24.648276,23.6,25.8,3.873966,3.872,3.877,16926,16954,0,0,0,0
2023-10-16T21:00:00Z,29,,,,0.219966,0.217,0.223,24.751724,24,25.8,3.872897,3.871,3.877,16955,16983,0,0,0,0
2023-10-16T22:00:00Z,28,,,,0.220571,0.218,0.225,24.707143,23.8,25.7,3.872571,3.871,3.875,16984,17011,0,0,0,0
2023-10-16T23:00:00Z,29,,,,0.221138,0.218,0.225,25.041379,23.8,25.8,3.871966,3.871,3.875,17012,17040,0,0,0,0
2023-10-17T00:00:00Z,29,,,,0.221,0.218,0.226,24.706897,23.8,25.7,3.871483,3.871,3.874,17041,17069,0,0,0,0
2023-10-17T01:00:00Z,29,,,,0.221552,0.219,0.224,24.968966,23.8,25.7,3.871379,3.871,3.874,17070,17098,0,0,0,0
2023-10-17T02:00:00Z,27,,,,0.22037,0.218,0.223,24.822222,23.9,26,3.871333,3.869,3.872,17099,17126,0,0,0,0
2023-10-17T03:00:00Z,29,,,,0.220897,0.217,0.225,24.87931,23.8,25.7,3.87131,3.871,3.874,17127,17155,0,0,0,0
2023-10-17T04:00:00Z,29,,,,0.220103,0.217,0.223,24.937931,24.1,25.7,3.870897,3.869,3.872,17156,17184,0,0,0,0
2023-10-17T05:00:00Z,28,,,,0.22025,0.217,0.225,24.85,23.8,25.7,3.870607,3.869,3.872,17185,17212,0,0,0,0
2023-10-17T06:00:00Z,29,,,,0.219862,0.217,0.223,25.031034,24.1,25.8,3.870414,3.869,3.872,17213,17241,0,0,0,0
2023-10-17T07:00:00Z,29,,,,0.220276,0.217,0.225,24.97931,23.9,26.1,3.870276,3.869,3.872,17242,17270,0,0,0,0
2023-10-17T08:00:00Z,29,,,,0.221759,0.218,0.226,25.075862,23.3,25.7,3.869966,3.869,3.871,17271,17299,0,0,0,0
2023-10-17T09:00:00Z,28,,,,0.220679,0.218,0.225,25.053571,24,25.9,3.869214,3.869,3.871,17300,17327,0,0,0,0
2023-10-17T10:00:00Z,29,,,,0.220931,0.218,0.223,25.096552,24.2,25.8,3.869483,3.867,3.871,17328,17356,0,0,0,0
2023-10-17T11:00:00Z,28,,,,0.22025,0.218,0.223,25.071429,23.8,25.9,3.868786,3.867,3.871,17357,17384,0,0,0,0
2023-10-17T12:00:00Z,26,,,,0.220731,0.217,0.225,25.065385,24.1,26,3.868692,3.867,3.871,17388,17413,0,0,0,0
2023-10-17T13:00:00Z,28,,,,0.220679,0.217,0.224,25.25,24.2,26.1,3.868286,3.867,3.869,17414,17441,0,0,0,0
2023-10-17T14:00:00Z,17,,,,0.219588,0.217,0.223,25.052941,24.3,25.9,3.867647,3.866,3.869,17442,17468,0,0,0,0
2023-10-17T15:00:00Z,6,,,,0.220167,0.218,0.224,24.883333,24.3,25.5,3.865833,3.864,3.867,17474,17493,0,0,0,0
2023-10-17T16:00:00Z,29,,,,0.220414,0.217,0.225,25.3,24.4,26.2,3.865483,3.862,3.867,17497,17525,0,0,0,0
2023-10-17T17:00:00Z,29,,,,0.220828,0.217,0.226,25.4,24.4,26.2,3.865,3.862,3.867,17526,17554,0,0,0,0
2023-10-17T18:00:00Z,29,,,,0.220414,0.218,0.223,24.962069,24,26,3.864345,3.862,3.867,17555,17583,0,0,0,0
2023-10-17T19:00:00Z,28,,,,0.221571,0.217,0.226,25.15,23.8,26,3.863893,3.862,3.867,17584,17612,0,0,0,0
2023-10-17T20:00:00Z,29,,,,0.220345,0.217,0.225,24.793103,23.9,25.7,3.863207,3.861,3.867,17613,17641,0,0,0,0
2023-10-17T21:00:00Z,29,,,,0.220483,0.218,0.226,25.010345,23.9,25.8,3.862414,3.861,3.866,17642,17670,0,0,0,0
2023-10-17T22:00:00Z,29,,,,0.220966,0.218,0.223,25.110345,24,26.1,3.86231,3.859,3.866,17671,17699,0,0,0,0
2023-10-17T23:00:00Z,30,,,,0.220233,0.218,0.225,24.713333,23.8,25.6,3.8614,3.859,3.864,17700,17729,0,0,0,0
2023-10-18T00:00:00Z,28,,,,0.220893,0.217,0.225,25.114286,23.9,26.1,3.860429,3.857,3.864,17730,17758,0,0,0,0
2023-10-18T01:00:00Z,26,,,,0.220962,0.218,0.226,25.096154,24,26.2,3.859731,3.856,3.862,17759,17787,0,0,0,0
2023-10-18T02:00:00Z,28,,,,0.220893,0.217,0.225,25.182143,24.2,26.1,3.857714,3.854,3.861,17788,17816,0,0,0,0
2023-10-18T03:00:00Z,28,,,,0.220143,0.217,0.223,25.157143,24.1,26.1,3.857429,3.854,3.862,17817,17845,0,0,0,0
2023-10-18T04:00:00Z,29,,,,0.220345,0.217,0.226,25.272414,24.2,26.2,3.856828,3.854,3.861,17846,17874,0,0,0,0
2023-10-18T05:00:00Z,29,,,,0.220103,0.217,0.223,25.327586,24.3,26.2,3.85631,3.852,3.861,17875,17903,0,0,0,0
2023-10-18T06:00:00Z,29,,,,0.219931,0.217,0.224,25.203448,24.3,26.2,3.855414,3.854,3.859,17904,17932,0,0,0,0
2023-10-18T07:00:00Z,29,,,,0.219966,0.217,0.225,25.327586,24.4,26.4,3.854448,3.852,3.857,17933,17961,0,0,0,0
2023-10-18T08:00:00Z,28,,,,0.221429,0.218,0.225,25.328571,24.1,26.2,3.853214,3.851,3.856,17962,17990,0,0,0,0
2023-10-18T09:00:00Z,30,,,,0.221467,0.219,0.224,24.693333,23.8,25.8,3.852267,3.851,3.856,17991,18020,0,0,0,0
2023-10-18T10:00:00Z,29,,,,0.220241,0.218,0.223,24.965517,24,26,3.851586,3.849,3.854,18021,18049,0,0,0,0
2023-10-18T11:00:00Z,29,,,,0.220448,0.218,0.225,25.106897,24,26,3.851621,3.849,3.854,18050,18078,0,0,0,0
2023-10-18T12:00:00Z,29,,,,0.220483,0.217,0.225,25.137931,24.2,26.2,3.851517,3.847,3.856,18079,18107,0,0,0,0
2023-10-18T13:00:00Z,29,,,,0.220621,0.217,0.225,25.17931,24,26.1,3.850586,3.847,3.854,18108,18136,0,0,0,0
2023-10-18T14:00:00Z,30,,,,0.2204,0.218,0.225,25.186667,24.2,26.4,3.8501,3.847,3.854,18137,18166,0,0,0,0
2023-10-18T15:00:00Z,29,,,,0.220552,0.217,0.225,25.413793,24.2,26.4,3.849379,3.847,3.852,18167,18195,0,0,0,0
2023-10-18T16:00:00Z,29,,,,0.220931,0.217,0.223,25.403448,24.2,26.3,3.848897,3.847,3.852,18196,18224,0,0,0,0
2023-10-18T17:00:00Z,29,,,,0.221345,0.218,0.225,24.948276,23.9,25.9,3.847586,3.846,3.851,18225,18253,0,0,0,0
2023-10-18T18:00:00Z,29,,,,0.221414,0.218,0.225,25.151724,24.2,25.9,3.846207,3.844,3.849,18254,18282,0,0,0,0
2023-10-18T19:00:00Z,29,,,,0.221517,0.218,0.225,25.231034,24.1,25.9,3.845621,3.842,3.851,18283,18311,0,0,0,0
2023-10-18T20:00:00Z,30,,,,0.221533,0.218,0.225,25.173333,24.2,26.2,3.845867,3.842,3.849,18312,18341,0,0,0,0
2023-10-18T21:00:00Z,28,,,,0.221321,0.218,0.224,25.182143,23.9,25.9,3.844786,3.842,3.849,18342,18370,0,0,0,0
2023-10-18T22:00:00Z,29,,,,0.220483,0.218,0.225,25.082759,24,26.1,3.844,3.842,3.847,18371,18399,0,0,0,0
2023-10-18T23:00:00Z,29,,,,0.220966,0.218,0.226,25.02069,24.1,26,3.844138,3.841,3.847,18400,18428,0,0,0,0
2023-10-19T00:00:00Z,28,,,,0.221429,0.218,0.225,25.253571,24.1,26.2,3.84275,3.841,3.846,18429,18457,0,0,0,0
2023-10-19T01:00:00Z,29,,,,0.22031,0.218,0.225,24.97931,24.1,26,3.842655,3.841,3.846,18458,18486,0,0,0,0
2023-10-19T02:00:00Z,30,,,,0.220667,0.217,0.223,25.036667,24.1,25.9,3.8428,3.841,3.846,18487,18516,0,0,0,0
2023-10-19T03:00:00Z,29,,,,0.220621,0.218,0.224,25.106897,23.8,26.3,3.842552,3.841,3.846,18517,18545,0,0,0,0
2023-10-19T04:00:00Z,29,,,,0.220138,0.217,0.224,24.868966,24,25.8,3.842414,3.841,3.846,18546,18574,0,0,0,0
2023-10-19T05:00:00Z,29,,,,0.220931,0.218,0.225,25.096552,24,26,3.841448,3.839,3.846,18575,18603,0,0,0,0
2023-10-19T06:00:00Z,29,,,,0.221345,0.218,0.226,25.065517,23.6,26.1,3.840724,3.836,3.844,18604,18632,0,0,0,0
2023-10-19T07:00:00Z,29,,,,0.220483,0.218,0.223,25.093103,24,26.1,3.840207,3.839,3.842,18633,18661,0,0,0,0
2023-10-19T08:00:00Z,30,,,,0.2199,0.217,0.223,24.946667,24,26.1,3.839967,3.838,3.842,18662,18691,0,0,0,0
2023-10-19T09:00:00Z,28,,,,0.221393,0.218,0.224,25.289286,24.2,26.2,3.8395,3.836,3.842,18692,18720,0,0,0,0
2023-10-19T10:00:00Z,29,,,,0.22031,0.218,0.225,24.92069,24,26.1,3.83831,3.836,3.841,18721,18749,0,0,0,0
2023-10-19T11:00:00Z,29,,,,0.221069,0.218,0.224,25.106897,24,26,3.837931,3.834,3.841,18750,18778,0,0,0,0
2023-10-19T12:00:00Z,29,,,,0.22069,0.217,0.225,25.196552,24.2,26.1,3.837483,3.836,3.841,18779,18807,0,0,0,0
2023-10-19T13:00:00Z,30,,,,0.219667,0.218,0.223,24.893333,24.2,25.9,3.836733,3.834,3.839,18808,18837,0,0,0,0
2023-10-19T14:00:00Z,29,,,,0.220724,0.217,0.225,25.144828,24.2,26.1,3.836,3.834,3.841,18838,18866,0,0,0,0
2023-10-19T15:00:00Z,29,,,,0.220552,0.217,0.225,25.32069,24.4,26.3,3.834517,3.831,3.838,18867,18895,0,0,0,0
2023-10-19T16:00:00Z,7,,,,0.219714,0.218,0.223,25.1,24.3,26.1,3.834714,3.833,3.836,18896,18902,0,0,0,0
2023-10-19T17:00:00Z,10,,,,0.2202,0.218,0.223,25.03,24.4,25.9,3.833,3.829,3.836,18944,18953,0,0,0,0
2023-10-19T18:00:00Z,30,,,,0.220733,0.218,0.224,25.213333,24,26.5,3.8322,3.829,3.836,18954,18983,0,0,0,0
2023-10-19T19:00:00Z,29,,,,0.220552,0.218,0.226,25.306897,24.2,26.3,3.830276,3.828,3.833,18984,19012,0,0,0,0
2023-10-19T20:00:00Z,29,,,,0.220379,0.217,0.223,25.334483,24.1,26.4,3.829621,3.828,3.834,19013,19041,0,0,0,0
2023-10-19T21:00:00Z,29,,,,0.221552,0.218,0.226,25.506897,24.3,26.3,3.828069,3.826,3.831,19042,19070,0,0,0,0
2023-10-19T22:00:00Z,29,,,,0.220552,0.218,0.224,25.451724,24.4,26.2,3.827448,3.824,3.831,19071,19099,0,0,0,0
2023-10-19T23:00:00Z,29,,,,0.220552,0.217,0.223,25.37931,24.4,26.4,3.826483,3.824,3.829,19100,19128,0,0,0,0
2023-10-20T00:00:00Z,30,,,,0.2201,0.218,0.226,25.253333,24.4,26.2,3.8261,3.823,3.831,19129,19158,0,0,0,0
2023-10-20T01:00:00Z,29,,,,0.221103,0.217,0.224,25.503448,24.4,26.2,3.825379,3.823,3.829,19159,19187,0,0,0,0
2023-10-20T02:00:00Z,29,,,,0.220586,0.218,0.224,25.265517,23.8,26.2,3.825069,3.823,3.828,19188,19216,0,0,0,0
2023-10-20T03:00:00Z,29,,,,0.221172,0.218,0.225,24.958621,22.5,26.2,3.823931,3.821,3.828,19217,19245,0,0,0,0
2023-10-20T04:00:00Z,29,,,,0.221931,0.218,0.226,24.434483,21.8,26,3.823897,3.821,3.826,19246,19274,0,0,0,0
2023-10-20T05:00:00Z,29,,,,0.220759,0.213,0.226,24.610345,23.3,26.2,3.822655,3.821,3.826,19275,19303,0,0,0,0
2023-10-20T06:00:00Z,30,,,,0.221033,0.217,0.226,25.173333,23.7,26.2,3.821367,3.819,3.824,19304,19333,0,0,0,0
2023-10-20T07:00:00Z,29,,,,0.221,0.217,0.225,25.355172,24.2,26.4,3.821655,3.819,3.824,19334,19362,0,0,0,0
2023-10-20T08:00:00Z,29,,,,0.220207,0.217,0.225,25.362069,24.3,26.3,3.821448,3.819,3.824,19363,19391,0,0,0,0
2023-10-20T09:00:00Z,29,,,,0.220414,0.217,0.223,25.324138,24.4,26.3,3.820414,3.819,3.824,19392,19420,0,0,0,0
2023-10-20T10:00:00Z,29,,,,0.220862,0.217,0.224,25.303448,24,26.3,3.819759,3.818,3.823,19421,19449,0,0,0,0
2023-10-20T11:00:00Z,20,,,,0.22075,0.217,0.226,25.37,24.2,26.3,3.8191,3.818,3.823,19450,19478,0,0,0,0
2023-10-20T12:00:00Z,3,,,,0.220333,0.218,0.223,25.466667,24.4,26.1,3.818,3.818,3.818,19484,19497,0,0,0,0
2023-10-20T14:00:00Z,8,,,,0.220125,0.217,0.223,25.175,24.3,26,3.81275,3.811,3.814,19551,19558,0,0,0,0
2023-10-20T15:00:00Z,29,,,,0.221172,0.218,0.223,25.348276,24.5,26.3,3.812931,3.811,3.814,19559,19587,0,0,0,0
2023-10-20T16:00:00Z,29,,,,0.221,0.217,0.226,25.431034,24.3,26.5,3.813,3.811,3.816,19588,19616,0,0,0,0
2023-10-20T17:00:00Z,29,,,,0.220069,0.217,0.225,25.175862,24.2,26.2,3.812621,3.811,3.814,19617,19645,0,0,0,0
2023-10-20T18:00:00Z,30,,,,0.220967,0.218,0.226,25.37,24.4,26.6,3.811467,3.809,3.814,19646,19675,0,0,0,0
2023-10-20T19:00:00Z,29,,,,0.220759,0.218,0.224,25.455172,24.4,26.4,3.810897,3.808,3.814,19676,19704,0,0,0,0
2023-10-20T20:00:00Z,29,,,,0.219931,0.216,0.223,25.393103,24.3,26.3,3.809172,3.806,3.813,19705,19733,0,0,0,0
2023-10-20T21:00:00Z,29,,,,0.220552,0.218,0.224,25.282759,24.2,26.3,3.808828,3.806,3.813,19734,19762,0,0,0,0
2023-10-20T22:00:00Z,29,,,,0.221379,0.218,0.228,25.127586,23.8,26.6,3.808,3.806,3.811,19763,19791,0,0,0,0
2023-10-20T23:00:00Z,29,,,,0.221483,0.218,0.227,25.003448,23.8,26.1,3.807,3.805,3.809,19792,19820,0,0,0,0
2023-10-21T00:00:00Z,30,,,,0.220767,0.217,0.227,25.38,24.1,26.2,3.8067,3.805,3.811,19821,19850,0,0,0,0
2023-10-21T01:00:00Z,26,,,,0.220923,0.217,0.226,25.1,24,26.2,3.805577,3.803,3.809,19851,19879,0,0,0,0
2023-10-21T02:00:00Z,29,,,,0.221862,0.218,0.227,25.010345,23.7,26.1,3.804207,3.801,3.808,19880,19908,0,0,0,0
2023-10-21T03:00:00Z,29,,,,0.220621,0.218,0.223,24.865517,23.8,26,3.802586,3.8,3.808,19909,19937,0,0,0,0
2023-10-21T04:00:00Z,29,,,,0.220793,0.218,0.226,24.696552,23.6,25.9,3.801276,3.798,3.805,19938,19966,0,0,0,0
2023-10-21T05:00:00Z,30,,,,0.221633,0.218,0.225,24.836667,23.4,26.3,3.800067,3.796,3.803,19967,19996,0,0,0,0
2023-10-21T06:00:00Z,29,,,,0.221345,0.218,0.226,24.582759,23,26.1,3.798828,3.796,3.801,19997,20025,0,0,0,0
2023-10-21T07:00:00Z,29,,,,0.221724,0.218,0.227,24.989655,23.6,26.3,3.797448,3.795,3.801,20026,20054,0,0,0,0
2023-10-21T08:00:00Z,29,,,,0.221828,0.218,0.227,24.927586,23.8,25.8,3.795793,3.795,3.8,20055,20083,0,0,0,0
2023-10-21T09:00:00Z,29,,,,0.221345,0.218,0.225,25.2,23.6,26.3,3.795241,3.793,3.798,20084,20112,0,0,0,0
2023-10-21T10:00:00Z,30,,,,0.2209,0.218,0.224,24.723333,23.8,26,3.793433,3.791,3.796,20113,20142,0,0,0,0
2023-10-21T11:00:00Z,28,,,,0.221143,0.218,0.224,24.664286,23.3,26.1,3.792464,3.79,3.795,20143,20170,0,0,0,0
2023-10-21T12:00:00Z,30,,,,0.221667,0.218,0.227,24.873333,23.7,26.2,3.790633,3.788,3.793,20171,20200,0,0,0,0
2023-10-21T13:00:00Z,29,,,,0.222793,0.218,0.226,24.482759,23.3,25.6,3.790379,3.79,3.791,20201,20229,0,0,0,0
2023-10-21T14:00:00Z,29,,,,0.222138,0.218,0.226,24.42069,22.8,25.5,3.789966,3.788,3.791,20230,20258,0,0,0,0
2023-10-21T15:00:00Z,29,,,,0.222276,0.218,0.226,24.737931,23.2,26,3.789,3.788,3.791,20259,20287,0,0,0,0
2023-10-21T16:00:00Z,28,,,,0.221821,0.218,0.227,24.735714,23.4,25.9,3.787464,3.785,3.79,20288,20316,0,0,0,0
2023-10-21T17:00:00Z,30,,,,0.2218,0.218,0.228,24.783333,23.6,26.1,3.786333,3.785,3.788,20317,20346,0,0,0,0
2023-10-21T18:00:00Z,29,,,,0.222069,0.218,0.227,24.710345,23.4,25.7,3.784897,3.783,3.788,20347,20375,0,0,0,0
2023-10-21T19:00:00Z,29,,,,0.222138,0.218,0.228,24.424138,23,25.7,3.782862,3.781,3.786,20376,20404,0,0,0,0
2023-10-21T20:00:00Z,29,,,,0.222345,0.218,0.226,24.855172,23.7,25.8,3.781759,3.78,3.785,20405,20433,0,0,0,0
2023-10-21T21:00:00Z,29,,,,0.222517,0.218,0.228,24.831034,23.6,26.2,3.780241,3.778,3.785,20434,20462,0,0,0,0
2023-10-21T22:00:00Z,30,,,,0.222967,0.218,0.228,24.543333,23.3,25.5,3.777533,3.773,3.781,20463,20492,0,0,0,0
2023-10-21T23:00:00Z,28,,,,0.222321,0.218,0.228,24.910714,23.8,25.7,3.77625,3.773,3.78,20493,20521,0,0,0,0
2023-10-22T00:00:00Z,29,,,,0.222138,0.218,0.226,24.8,23.1,25.9,3.775414,3.773,3.78,20522,20550,0,0,0,0
2023-10-22T01:00:00Z,27,,,,0.220593,0.218,0.228,24.540741,22.5,26,3.773778,3.772,3.778,20551,20579,0,0,0,0
2023-10-22T02:00:00Z,29,,,,0.221172,0.218,0.224,24.713793,23.3,25.7,3.772655,3.77,3.776,20580,20608,0,0,0,0
2023-10-22T03:00:00Z,29,,,,0.221276,0.218,0.227,25.044828,23.7,26.2,3.772276,3.77,3.775,20609,20637,0,0,0,0
2023-10-22T04:00:00Z,30,,,,0.221433,0.217,0.224,24.73,23.6,26.1,3.769867,3.768,3.773,20638,20667,0,0,0,0
2023-10-22T05:00:00Z,29,,,,0.221517,0.217,0.225,24.813793,23.6,26.2,3.768103,3.767,3.772,20668,20696,0,0,0,0
2023-10-22T06:00:00Z,29,,,,0.221276,0.218,0.226,24.955172,23.7,26.1,3.767379,3.765,3.77,20697,20725,0,0,0,0
2023-10-22T07:00:00Z,29,,,,0.22031,0.217,0.225,24.97931,24.1,26.3,3.766483,3.765,3.768,20726,20754,0,0,0,0
2023-10-22T08:00:00Z,30,,,,0.221633,0.217,0.227,25.51,24.1,26.7,3.766067,3.765,3.768,20755,20784,0,0,0,0
2023-10-22T09:00:00Z,29,,,,0.220793,0.217,0.226,25.337931,24.2,26.5,3.765207,3.763,3.767,20785,20813,0,0,0,0
2023-10-22T10:00:00Z,29,,,,0.220172,0.217,0.224,25.534483,24.4,26.7,3.764103,3.763,3.765,20814,20842,0,0,0,0
2023-10-22T11:00:00Z,29,,,,0.220931,0.218,0.224,25.217241,23.7,26.3,3.76369,3.763,3.767,20843,20871,0,0,0,0
2023-10-22T12:00:00Z,30,,,,0.220867,0.218,0.226,25.153333,23.8,26.2,3.7629,3.762,3.763,20872,20901,0,0,0,0
2023-10-22T13:00:00Z,29,,,,0.221897,0.218,0.227,24.889655,23.3,25.8,3.762621,3.762,3.763,20902,20930,0,0,0,0
2023-10-22T14:00:00Z,29,,,,0.220552,0.218,0.224,24.437931,23.4,25.8,3.761966,3.758,3.763,20931,20959,0,0,0,0
2023-10-22T15:00:00Z,29,,,,0.221379,0.218,0.224,25.058621,23.8,26.2,3.76,3.758,3.763,20960,20988,0,0,0,0
2023-10-22T16:00:00Z,29,,,,0.221138,0.218,0.228,25.327586,23.9,26.6,3.75869,3.755,3.762,20989,21017,0,0,0,0
2023-10-22T17:00:00Z,30,,,,0.220767,0.218,0.223,25.286667,24.2,26.5,3.757567,3.753,3.76,21018,21047,0,0,0,0
2023-10-22T18:00:00Z,29,,,,0.220931,0.218,0.226,25.534483,24.2,26.6,3.754448,3.752,3.758,21048,21076,0,0,0,0
2023-10-22T19:00:00Z,29,,,,0.220759,0.218,0.226,25.058621,23.6,26.3,3.752793,3.748,3.757,21077,21105,0,0,0,0
2023-10-22T20:00:00Z,29,,,,0.220621,0.218,0.226,25.503448,24.4,26.5,3.750483,3.747,3.755,21106,21134,0,0,0,0
2023-10-22T21:00:00Z,29,,,,0.221276,0.218,0.224,25.468966,23.3,26.4,3.748655,3.745,3.752,21135,21163,0,0,0,0
2023-10-22T22:00:00Z,29,,,,0.220862,0.218,0.227,24.893103,23.7,26.3,3.746966,3.745,3.75,21164,21192,0,0,0,0
2023-10-22T23:00:00Z,30,,,,0.2211,0.218,0.228,25.326667,23.8,26.2,3.7455,3.743,3.748,21193,21222,0,0,0,0
2023-10-23T00:00:00Z,29,,,,0.221414,0.218,0.225,25.275862,23.8,26.4,3.743483,3.742,3.748,21223,21251,0,0,0,0
2023-10-23T01:00:00Z,29,,,,0.220621,0.218,0.227,24.696552,23.3,26.1,3.741931,3.739,3.745,21252,21280,0,0,0,0
2023-10-23T02:00:00Z,29,,,,0.220862,0.217,0.225,25.331034,24.2,26.2,3.740793,3.739,3.743,21281,21309,0,0,0,0
2023-10-23T03:00:00Z,29,,,,0.219759,0.217,0.223,25.596552,24.2,26.7,3.739069,3.737,3.742,21310,21338,0,0,0,0
2023-10-23T04:00:00Z,30,,,,0.220533,0.217,0.225,25.903333,24.7,26.7,3.737767,3.735,3.74,21339,21368,0,0,0,0
2023-10-23T05:00:00Z,29,,,,0.220034,0.217,0.224,25.744828,24.7,26.7,3.736276,3.735,3.74,21369,21397,0,0,0,0
2023-10-23T06:00:00Z,29,,,,0.219655,0.216,0.223,25.717241,24.7,26.7,3.734931,3.732,3.737,21398,21426,0,0,0,0
2023-10-23T07:00:00Z,29,,,,0.219586,0.217,0.224,25.548276,24.4,26.6,3.732862,3.73,3.737,21427,21455,0,0,0,0
2023-10-23T08:00:00Z,29,,,,0.219966,0.216,0.223,25.858621,24.7,26.7,3.730966,3.729,3.734,21456,21484,0,0,0,0
2023-10-23T09:00:00Z,27,,,,0.220296,0.217,0.224,25.925926,24.9,26.8,3.728259,3.724,3.734,21485,21513,0,0,0,0
2023-10-23T10:00:00Z,11,,,,0.219455,0.217,0.223,25.818182,24.9,26.9,3.724909,3.72,3.73,21514,21537,0,0,0,0
2023-10-23T11:00:00Z,2,,,,0.222,0.222,0.222,26.35,26.2,26.5,3.7195,3.719,3.72,21544,21565,0,0,0,0
2023-10-23T12:00:00Z,25,,,,0.22076,0.218,0.224,25.972,24.9,26.9,3.71432,3.714,3.715,21572,21596,0,0,0,0
2023-10-23T13:00:00Z,29,,,,0.220034,0.217,0.224,25.765517,25,26.8,3.713207,3.712,3.715,21597,21625,0,0,0,0
2023-10-23T14:00:00Z,29,,,,0.219586,0.217,0.222,25.87931,25,27.1,3.712345,3.71,3.714,21626,21654,0,0,0,0
2023-10-23T15:00:00Z,29,,,,0.220172,0.217,0.225,25.913793,24.9,26.8,3.711103,3.71,3.712,21655,21683,0,0,0,0
2023-10-23T16:00:00Z,30,,,,0.2198,0.217,0.223,25.793333,24.9,27,3.710333,3.71,3.712,21684,21713,0,0,0,0
2023-10-23T17:00:00Z,29,,,,0.220552,0.217,0.224,26.117241,24.9,27.1,3.71,3.709,3.712,21714,21742,0,0,0,0
2023-10-23T18:00:00Z,29,,,,0.220207,0.217,0.223,25.958621,25,26.8,3.709069,3.707,3.71,21743,21771,0,0,0,0
2023-10-23T19:00:00Z,29,,,,0.220759,0.217,0.227,26.055172,24.8,27,3.707586,3.706,3.71,21772,21800,0,0,0,0
2023-10-23T20:00:00Z,29,,,,0.220103,0.217,0.224,25.989655,24.9,27,3.705724,3.704,3.709,21801,21829,0,0,0,0
2023-10-23T21:00:00Z,30,,,,0.219733,0.217,0.223,25.803333,24.9,26.8,3.704,3.702,3.707,21830,21859,0,0,0,0
2023-10-23T22:00:00Z,29,,,,0.220448,0.217,0.223,26.075862,25,27.1,3.69969,3.694,3.704,21860,21888,0,0,0,0
2023-10-23T23:00:00Z,29,,,,0.219724,0.217,0.223,25.744828,24.9,26.8,3.698793,3.691,3.702,21889,21917,0,0,0,0
2023-10-24T00:00:00Z,29,,,,0.21969,0.217,0.224,25.831034,24.9,26.8,3.693414,3.686,3.701,21918,21946,0,0,0,0
2023-10-24T01:00:00Z,29,,,,0.220655,0.217,0.225,25.793103,24.8,26.9,3.689655,3.684,3.696,21947,21975,0,0,0,0
2023-10-24T02:00:00Z,30,,,,0.219433,0.217,0.224,25.723333,24.8,26.7,3.683633,3.682,3.691,21976,22005,0,0,0,0
2023-10-24T03:00:00Z,29,,,,0.219414,0.217,0.223,25.517241,24.7,26.7,3.682483,3.681,3.687,22006,22034,0,0,0,0
2023-10-24T04:00:00Z,29,,,,0.220207,0.217,0.225,25.848276,24.9,26.7,3.681276,3.677,3.684,22035,22063,0,0,0,0
2023-10-24T05:00:00Z,29,,,,0.220241,0.216,0.224,25.837931,24.7,26.7,3.679793,3.674,3.682,22064,22092,0,0,0,0
2023-10-24T06:00:00Z,29,,,,0.219897,0.217,0.223,25.724138,24.7,26.7,3.676966,3.674,3.681,22093,22121,0,0,0,0
2023-10-24T07:00:00Z,30,,,,0.2205,0.217,0.225,25.84,24.7,26.7,3.674667,3.671,3.677,22122,22151,0,0,0,0
2023-10-24T08:00:00Z,28,,,,0.220286,0.217,0.223,25.925,24.7,26.8,3.672786,3.669,3.677,22152,22180,0,0,0,0
2023-10-24T09:00:00Z,29,,,,0.22,0.216,0.223,25.844828,24.7,26.7,3.672138,3.669,3.676,22181,22209,0,0,0,0
2023-10-24T10:00:00Z,29,,,,0.219207,0.217,0.224,25.493103,24.7,26.5,3.668931,3.666,3.674,22210,22238,0,0,0,0
2023-10-24T11:00:00Z,30,,,,0.219633,0.217,0.223,25.756667,24.7,26.7,3.6678,3.666,3.671,22239,22268,0,0,0,0
2023-10-24T12:00:00Z,29,,,,0.220517,0.217,0.225,25.841379,24.7,26.7,3.665,3.663,3.668,22269,22297,0,0,0,0
2023-10-24T13:00:00Z,29,,,,0.220621,0.217,0.228,26.013793,24.9,26.7,3.66331,3.661,3.666,22298,22326,0,0,0,0
2023-10-24T14:00:00Z,29,,,,0.219759,0.217,0.224,25.8,24.7,26.7,3.661103,3.659,3.664,22327,22355,0,0,0,0
2023-10-24T15:00:00Z,29,,,,0.220552,0.217,0.224,26,24.8,26.7,3.659586,3.658,3.663,22356,22384,0,0,0,0
2023-10-24T16:00:00Z,29,,,,0.220414,0.217,0.223,26.048276,24.8,26.7,3.659069,3.658,3.661,22385,22413,0,0,0,0
2023-10-24T17:00:00Z,30,,,,0.219567,0.217,0.223,25.706667,24.8,26.8,3.658233,3.658,3.659,22414,22443,0,0,0,0
2023-10-24T18:00:00Z,29,,,,0.220379,0.217,0.223,25.844828,24.9,26.7,3.657379,3.656,3.658,22444,22472,0,0,0,0
2023-10-24T19:00:00Z,29,,,,0.22,0.217,0.223,25.948276,24.9,26.9,3.655793,3.654,3.658,22473,22501,0,0,0,0
2023-10-24T20:00:00Z,29,,,,0.219897,0.217,0.224,25.889655,24.9,27.2,3.653897,3.651,3.656,22502,22530,0,0,0,0
2023-10-24T21:00:00Z,29,,,,0.220069,0.217,0.224,25.944828,25,27.2,3.651379,3.649,3.656,22531,22559,0,0,0,0
2023-10-24T22:00:00Z,30,,,,0.220467,0.218,0.225,26.2,25.1,27.2,3.6493,3.646,3.654,22560,22589,0,0,0,0
2023-10-24T23:00:00Z,29,,,,0.220414,0.217,0.225,26.068966,25.2,26.9,3.646931,3.643,3.651,22590,22618,0,0,0,0
2023-10-25T00:00:00Z,29,,,,0.220724,0.217,0.224,25.948276,24.9,26.8,3.644448,3.643,3.649,22619,22647,0,0,0,0
2023-10-25T01:00:00Z,29,,,,0.221172,0.217,0.227,25.903448,24.8,26.7,3.642759,3.64,3.648,22648,22676,0,0,0,0
2023-10-25T02:00:00Z,29,,,,0.220241,0.217,0.225,25.727586,24.8,26.9,3.641724,3.64,3.646,22677,22705,0,0,0,0
2023-10-25T03:00:00Z,30,,,,0.220767,0.217,0.226,25.713333,24.7,26.8,3.639333,3.636,3.643,22706,22735,0,0,0,0
2023-10-25T04:00:00Z,29,,,,0.220621,0.217,0.226,25.986207,24.8,26.9,3.637345,3.633,3.641,22736,22764,0,0,0,0
2023-10-25T05:00:00Z,29,,,,0.220621,0.217,0.223,26.237931,24.9,27.2,3.635517,3.633,3.638,22765,22793,0,0,0,0
2023-10-25T06:00:00Z,29,,,,0.220828,0.217,0.225,26.527586,25.6,27.4,3.63331,3.631,3.636,22794,22822,0,0,0,0
2023-10-25T07:00:00Z,29,,,,0.219966,0.218,0.225,26.017241,24.7,27.1,3.632069,3.63,3.635,22823,22851,0,0,0,0
2023-10-25T08:00:00Z,29,,,,0.22131,0.218,0.225,26.448276,25.5,27.2,3.629966,3.628,3.633,22852,22881,0,0,0,0
2023-10-25T09:00:00Z,29,,,,0.221241,0.217,0.224,25.424138,24.1,26.6,3.627793,3.625,3.631,22882,22910,0,0,0,0
2023-10-25T10:00:00Z,29,,,,0.221586,0.218,0.225,25.155172,24.1,26.2,3.625138,3.623,3.628,22911,22939,0,0,0,0
2023-10-25T11:00:00Z,29,,,,0.222655,0.219,0.227,25.293103,24.1,26.2,3.62331,3.62,3.628,22940,22968,0,0,0,0
2023-10-25T12:00:00Z,29,,,,0.222103,0.219,0.226,25.072414,24,26.1,3.620379,3.616,3.623,22969,22997,0,0,0,0
2023-10-25T13:00:00Z,29,,,,0.221552,0.219,0.225,25.1,24.1,26,3.617069,3.613,3.62,22998,23026,0,0,0,0
2023-10-25T14:00:00Z,30,,,,0.2217,0.219,0.225,25.06,23.9,25.8,3.615767,3.613,3.62,23027,23056,0,0,0,0
2023-10-25T15:00:00Z,29,,,,0.221793,0.219,0.225,24.851724,24,25.9,3.613655,3.611,3.616,23057,23085,0,0,0,0
2023-10-25T16:00:00Z,29,,,,0.221828,0.218,0.226,24.962069,24,25.9,3.611,3.61,3.615,23086,23114,0,0,0,0
2023-10-25T17:00:00Z,29,,,,0.221069,0.218,0.225,25.031034,24,26,3.609207,3.608,3.611,23115,23143,0,0,0,0
2023-10-25T18:00:00Z,30,,,,0.220833,0.218,0.225,24.986667,24.1,26,3.6083,3.607,3.611,23144,23173,0,0,0,0
2023-10-25T19:00:00Z,29,,,,0.221034,0.218,0.226,24.965517,24,26,3.607448,3.607,3.61,23174,23202,0,0,0,0
2023-10-25T20:00:00Z,29,,,,0.220448,0.218,0.225,24.982759,24,26.1,3.606966,3.605,3.608,23203,23231,0,0,0,0
2023-10-25T21:00:00Z,28,,,,0.221321,0.218,0.223,25.125,24,25.9,3.606107,3.605,3.608,23232,23260,0,0,0,0
2023-10-25T22:00:00Z,29,,,,0.220897,0.218,0.225,25.013793,24,26.1,3.605138,3.605,3.607,23261,23289,0,0,0,0
2023-10-25T23:00:00Z,29,,,,0.221034,0.218,0.226,25.010345,24.2,25.8,3.604448,3.603,3.607,23290,23318,0,0,0,0
2023-10-26T00:00:00Z,30,,,,0.221367,0.218,0.223,25.033333,24,25.7,3.603133,3.602,3.605,23319,23348,0,0,0,0
2023-10-26T01:00:00Z,29,,,,0.221793,0.218,0.226,25.241379,24,26.1,3.601828,3.6,3.605,23349,23377,0,0,0,0
2023-10-26T02:00:00Z,29,,,,0.221655,0.218,0.226,25.103448,24,25.8,3.599897,3.598,3.603,23378,23406,0,0,0,0
2023-10-26T03:00:00Z,28,,,,0.219857,0.218,0.223,24.746429,24,25.7,3.597071,3.593,3.602,23407,23434,0,0,0,0
2023-10-26T04:00:00Z,29,,,,0.220759,0.218,0.223,25.013793,24.1,26.1,3.594345,3.592,3.598,23435,23463,0,0,0,0
2023-10-26T05:00:00Z,29,,,,0.220586,0.217,0.225,25.158621,24.1,26,3.591345,3.588,3.595,23464,23492,0,0,0,0
2023-10-26T06:00:00Z,28,,,,0.220393,0.217,0.223,25.125,24.1,26.2,3.589143,3.587,3.593,23493,23520,0,0,0,0
2023-10-26T07:00:00Z,25,,,,0.22028,0.217,0.223,25.352,24.2,26.1,3.58592,3.583,3.59,23521,23547,0,0,0,0
2023-10-26T08:00:00Z,2,,,,0.2215,0.22,0.223,24.9,24.2,25.6,3.581,3.58,3.582,23554,23558,0,0,0,0
2023-10-26T09:00:00Z,2,,,,0.221,0.218,0.224,24.95,24.7,25.2,3.5785,3.577,3.58,23580,23581,0,0,0,0
2023-10-26T10:00:00Z,8,,,,0.220875,0.219,0.223,25.575,25.1,26.1,3.569625,3.569,3.572,23622,23629,0,0,0,0
2023-10-26T11:00:00Z,29,,,,0.220034,0.217,0.223,25.134483,24.2,26.2,3.568414,3.565,3.572,23630,23658,0,0,0,0
2023-10-26T12:00:00Z,29,,,,0.220207,0.217,0.225,25.337931,24.2,26.3,3.567172,3.564,3.57,23659,23687,0,0,0,0
2023-10-26T13:00:00Z,30,,,,0.220267,0.218,0.225,25.173333,24.2,26.2,3.5661,3.564,3.57,23688,23717,0,0,0,0
2023-10-26T14:00:00Z,29,,,,0.220483,0.218,0.225,25.275862,24.2,26.5,3.564207,3.56,3.567,23718,23746,0,0,0,0
2023-10-26T15:00:00Z,29,,,,0.22131,0.218,0.225,25.627586,24.5,26.3,3.561069,3.559,3.564,23747,23775,0,0,0,0
2023-10-26T16:00:00Z,29,,,,0.220897,0.217,0.226,25.482759,24.2,26.3,3.560379,3.559,3.564,23776,23804,0,0,0,0
2023-10-26T17:00:00Z,29,,,,0.221103,0.217,0.226,25.189655,24,26.2,3.558724,3.555,3.562,23805,23833,0,0,0,0
2023-10-26T18:00:00Z,30,,,,0.2211,0.218,0.226,25.12,23.8,26,3.556633,3.554,3.559,23834,23863,0,0,0,0
2023-10-26T19:00:00Z,29,,,,0.221172,0.217,0.225,25.093103,24,26,3.555103,3.554,3.557,23864,23892,0,0,0,0
2023-10-26T20:00:00Z,29,,,,0.220345,0.217,0.223,25.068966,24,25.9,3.553966,3.552,3.555,23893,23921,0,0,0,0
2023-10-26T21:00:00Z,29,,,,0.220931,0.218,0.224,25,23.8,26.1,3.552966,3.552,3.554,23922,23950,0,0,0,0
2023-10-26T22:00:00Z,29,,,,0.220379,0.217,0.223,24.97931,24.1,26.1,3.552345,3.552,3.554,23951,23979,0,0,0,0
2023-10-26T23:00:00Z,29,,,,0.22069,0.218,0.224,24.982759,23.9,25.9,3.551034,3.55,3.554,23980,24008,0,0,0,0
2023-10-27T00:00:00Z,29,,,,0.220241,0.218,0.225,24.968966,24,25.8,3.550379,3.549,3.552,24009,24037,0,0,0,0
2023-10-27T01:00:00Z,29,,,,0.220483,0.217,0.225,25.013793,23.9,25.9,3.548862,3.545,3.55,24038,24066,0,0,0,0
2023-10-27T02:00:00Z,29,,,,0.219862,0.217,0.223,24.944828,24,26.1,3.548138,3.545,3.55,24067,24095,0,0,0,0
2023-10-27T03:00:00Z,30,,,,0.2203,0.217,0.223,25.206667,24.1,25.9,3.546633,3.544,3.55,24096,24125,0,0,0,0
2023-10-27T04:00:00Z,29,,,,0.219759,0.217,0.222,25.124138,24.1,25.9,3.545069,3.542,3.549,24126,24154,0,0,0,0
2023-10-27T05:00:00Z,29,,,,0.220448,0.217,0.225,25.034483,24.1,26,3.543517,3.539,3.549,24155,24183,0,0,0,0
2023-10-27T06:00:00Z,29,,,,0.221862,0.217,0.225,24.8,22.3,25.9,3.542724,3.541,3.547,24184,24212,0,0,0,0
2023-10-27T07:00:00Z,29,,,,0.21969,0.217,0.223,25.075862,24.1,26.2,3.541897,3.539,3.545,24213,24241,0,0,0,0
2023-10-27T08:00:00Z,29,,,,0.220034,0.217,0.224,24.986207,24.2,25.8,3.540586,3.537,3.544,24242,24270,0,0,0,0
2023-10-27T09:00:00Z,30,,,,0.2212,0.218,0.226,24.65,21.3,25.8,3.538433,3.536,3.541,24271,24300,0,0,0,0
2023-10-27T10:00:00Z,28,,,,0.221429,0.218,0.224,24.960714,24,25.7,3.537714,3.534,3.541,24301,24329,0,0,0,0
2023-10-27T11:00:00Z,29,,,,0.221483,0.218,0.225,25.065517,24.1,25.7,3.535241,3.532,3.539,24330,24358,0,0,0,0
2023-10-27T12:00:00Z,29,,,,0.222483,0.219,0.226,25.148276,24.1,25.9,3.534517,3.532,3.537,24359,24387,0,0,0,0
2023-10-27T13:00:00Z,29,,,,0.221759,0.218,0.225,24.92069,24.2,25.9,3.532931,3.531,3.536,24388,24416,0,0,0,0
2023-10-27T14:00:00Z,29,,,,0.221069,0.218,0.223,24.9,24.1,25.6,3.532172,3.529,3.536,24417,24445,0,0,0,0
2023-10-27T15:00:00Z,30,,,,0.220933,0.218,0.224,24.963333,24,25.8,3.5323,3.531,3.536,24446,24475,0,0,0,0
2023-10-27T16:00:00Z,29,,,,0.22069,0.218,0.225,24.958621,24,25.7,3.530724,3.529,3.534,24476,24504,0,0,0,0
2023-10-27T17:00:00Z,29,,,,0.220724,0.218,0.223,25.003448,24.1,25.8,3.530345,3.527,3.534,24505,24533,0,0,0,0
2023-10-27T18:00:00Z,29,,,,0.219931,0.218,0.223,24.844828,24,25.8,3.529897,3.527,3.532,24534,24562,0,0,0,0
2023-10-27T19:00:00Z,29,,,,0.221,0.218,0.224,25.086207,24.1,25.7,3.528862,3.527,3.532,24563,24591,0,0,0,0
2023-10-27T20:00:00Z,29,,,,0.220552,0.218,0.223,24.97931,24.2,26,3.528138,3.526,3.531,24592,24620,0,0,0,0
2023-10-27T21:00:00Z,30,,,,0.221333,0.218,0.225,25.11,24,26,3.5266,3.524,3.529,24621,24650,0,0,0,0
2023-10-27T22:00:00Z,29,,,,0.220586,0.218,0.225,24.951724,24.2,25.9,3.526069,3.524,3.529,24651,24679,0,0,0,0
2023-10-27T23:00:00Z,29,,,,0.221207,0.218,0.224,25.155172,24.2,25.8,3.525414,3.524,3.527,24680,24708,0,0,0,0
2023-10-28T00:00:00Z,29,,,,0.219897,0.218,0.223,24.755172,24,25.6,3.524621,3.522,3.527,24709,24737,0,0,0,0
2023-10-28T01:00:00Z,29,,,,0.220552,0.218,0.223,25.017241,24,25.7,3.523966,3.522,3.527,24738,24766,0,0,0,0
2023-10-28T02:00:00Z,30,,,,0.2201,0.218,0.224,24.916667,24,25.7,3.523,3.521,3.526,24767,24796,0,0,0,0
2023-10-28T03:00:00Z,29,,,,0.220345,0.218,0.225,24.951724,24,25.8,3.522103,3.521,3.524,24797,24825,0,0,0,0
2023-10-28T04:00:00Z,29,,,,0.220207,0.218,0.223,24.903448,24,25.7,3.520655,3.517,3.522,24826,24854,0,0,0,0
2023-10-28T05:00:00Z,29,,,,0.221828,0.219,0.225,25.068966,24.2,25.8,3.519276,3.517,3.522,24855,24883,0,0,0,0
2023-10-28T06:00:00Z,30,,,,0.221467,0.219,0.225,24.956667,24.2,25.7,3.517933,3.516,3.521,24884,24913,0,0,0,0
2023-10-28T07:00:00Z,29,,,,0.221552,0.218,0.224,24.937931,24.2,25.6,3.515966,3.512,3.519,24914,24942,0,0,0,0
2023-10-28T08:00:00Z,29,,,,0.221759,0.218,0.226,24.965517,24.1,25.8,3.515759,3.512,3.519,24943,24971,0,0,0,0
2023-10-28T09:00:00Z,29,,,,0.22131,0.218,0.224,24.817241,24.2,25.7,3.513793,3.511,3.517,24972,25000,0,0,0,0
2023-10-28T10:00:00Z,29,,,,0.220966,0.218,0.225,24.962069,24.1,25.8,3.512138,3.511,3.517,25001,25029,0,0,0,0
2023-10-28T11:00:00Z,30,,,,0.220833,0.218,0.224,24.926667,24,25.9,3.512167,3.511,3.516,25030,25059,0,0,0,0
2023-10-28T12:00:00Z,29,,,,0.220483,0.218,0.225,24.903448,24,25.7,3.510586,3.509,3.514,25060,25088,0,0,0,0
2023-10-28T13:00:00Z,29,,,,0.220448,0.218,0.224,24.934483,24,26,3.508966,3.506,3.512,25089,25117,0,0,0,0
2023-10-28T14:00:00Z,29,,,,0.219828,0.218,0.223,24.82069,24,25.8,3.508586,3.506,3.511,25118,25146,0,0,0,0
2023-10-28T15:00:00Z,29,,,,0.220621,0.218,0.225,25.006897,24,25.7,3.507897,3.504,3.511,25147,25175,0,0,0,0
2023-10-28T16:00:00Z,29,,,,0.220034,0.217,0.223,24.927586,24.1,25.7,3.507,3.504,3.509,25176,25204,0,0,0,0
2023-10-28T17:00:00Z,30,,,,0.221,0.218,0.224,25.173333,24,25.8,3.505133,3.503,3.508,25205,25234,0,0,0,0
2023-10-28T18:00:00Z,29,,,,0.220483,0.218,0.223,25,24.1,25.9,3.504207,3.503,3.506,25235,25263,0,0,0,0
2023-10-28T19:00:00Z,29,,,,0.220379,0.217,0.224,24.92069,24,25.7,3.503069,3.501,3.506,25264,25292,0,0,0,0
2023-10-28T20:00:00Z,29,,,,0.221207,0.218,0.224,25.051724,24.2,25.8,3.501862,3.501,3.504,25293,25321,0,0,0,0
2023-10-28T21:00:00Z,29,,,,0.220655,0.217,0.225,24.858621,23.9,26,3.500655,3.499,3.503,25322,25350,0,0,0,0
2023-10-28T22:00:00Z,29,,,,0.220483,0.218,0.224,24.972414,24,25.7,3.499414,3.499,3.501,25351,25379,0,0,0,0
2023-10-28T23:00:00Z,30,,,,0.220533,0.218,0.223,24.816667,24,25.7,3.498867,3.498,3.501,25380,25409,0,0,0,0
2023-10-29T00:00:00Z,28,,,,0.220393,0.218,0.224,24.682143,23.9,25.5,3.497393,3.496,3.499,25410,25438,0,0,0,0
2023-10-29T01:00:00Z,29,,,,0.22069,0.218,0.224,24.962069,24,25.7,3.494931,3.491,3.498,25439,25467,0,0,0,0
2023-10-29T02:00:00Z,29,,,,0.219966,0.217,0.223,24.806897,24,25.7,3.491793,3.488,3.496,25468,25496,0,0,0,0
2023-10-29T03:00:00Z,29,,,,0.219517,0.217,0.223,24.641379,24,25.7,3.487517,3.484,3.491,25497,25525,0,0,0,0
2023-10-29T04:00:00Z,29,,,,0.219828,0.217,0.225,24.896552,23.9,25.7,3.482897,3.481,3.488,25526,25554,0,0,0,0
2023-10-29T05:00:00Z,22,,,,0.219318,0.217,0.223,24.722727,24,25.7,3.479136,3.475,3.483,25555,25582,0,0,0,0
2023-10-29T06:00:00Z,3,,,,0.221667,0.221,0.222,25.2,24.7,25.7,3.471333,3.468,3.475,25584,25601,0,0,0,0
2023-10-29T07:00:00Z,12,,,,0.220833,0.217,0.224,24.991667,24,25.8,3.45,3.448,3.455,25623,25637,0,0,0,0
2023-10-29T08:00:00Z,29,,,,0.220621,0.217,0.223,25.244828,23.9,26.1,3.44731,3.446,3.45,25638,25666,0,0,0,0
2023-10-29T09:00:00Z,29,,,,0.220138,0.217,0.224,24.975862,24.1,25.9,3.445138,3.443,3.446,25667,25695,0,0,0,0
2023-10-29T10:00:00Z,29,,,,0.219966,0.217,0.225,25.041379,24.1,26.3,3.44031,3.437,3.445,25696,25724,0,0,0,0
2023-10-29T11:00:00Z,30,,,,0.220267,0.217,0.223,25.256667,24.2,26.1,3.434233,3.43,3.438,25725,25754,0,0,0,0
2023-10-29T12:00:00Z,29,,,,0.220621,0.217,0.224,25.258621,24.1,26.2,3.427069,3.423,3.43,25755,25783,0,0,0,0
2023-10-29T13:00:00Z,29,,,,0.219276,0.216,0.223,25.213793,24.1,26.2,3.42069,3.417,3.425,25784,25812,0,0,0,0
2023-10-29T14:00:00Z,29,,,,0.220414,0.217,0.224,25.389655,24.2,26.2,3.414448,3.412,3.418,25813,25841,0,0,0,0
2023-10-29T15:00:00Z,29,,,,0.220103,0.217,0.225,25.386207,24.2,26.4,3.406759,3.402,3.412,25842,25870,0,0,0,0
2023-10-29T16:00:00Z,29,,,,0.22,0.216,0.225,25.331034,24.2,26.5,3.399414,3.395,3.405,25871,25899,0,0,0,0
2023-10-29T17:00:00Z,30,,,,0.219867,0.216,0.224,25.296667,24.2,26.3,3.394667,3.394,3.397,25900,25929,0,0,0,0
2023-10-29T18:00:00Z,29,,,,0.220172,0.216,0.225,24.993103,23.8,26.2,3.390276,3.385,3.394,25930,25958,0,0,0,0
2023-10-29T19:00:00Z,29,,,,0.220207,0.217,0.223,25.048276,23.8,26.2,3.382793,3.377,3.389,25959,25987,0,0,0,0
2023-10-29T20:00:00Z,29,,,,0.219414,0.216,0.223,24.768966,23.8,25.8,3.37369,3.369,3.38,25988,26016,0,0,0,0
2023-10-29T21:00:00Z,29,,,,0.22,0.217,0.223,24.834483,23.9,26,3.366862,3.362,3.371,26017,26045,0,0,0,0
2023-10-29T22:00:00Z,29,,,,0.220276,0.217,0.223,24.944828,23.9,25.7,3.359103,3.352,3.364,26046,26074,0,0,0,0
2023-10-29T23:00:00Z,29,,,,0.218966,0.217,0.223,24.693103,23.9,25.8,3.348655,3.344,3.354,26075,26103,0,0,0,0
2023-10-30T00:00:00Z,29,,,,0.218483,0.215,0.222,24.648276,23.8,25.8,3.341931,3.339,3.344,26104,26132,0,0,0,0
2023-10-30T01:00:00Z,30,,,,0.216667,0.213,0.222,24.526667,23.6,25.5,3.334867,3.329,3.341,26133,26162,0,0,0,0
2023-10-30T02:00:00Z,29,,,,0.215448,0.213,0.218,24.293103,23.2,25.2,3.323586,3.316,3.331,26163,26191,0,0,0,0
2023-10-30T03:00:00Z,29,,,,0.214138,0.21,0.218,24.448276,23.2,25.2,3.311931,3.306,3.318,26192,26220,0,0,0,0
2023-10-30T04:00:00Z,29,,,,0.212483,0.208,0.216,24.244828,23.2,25,3.299931,3.293,3.308,26221,26249,0,0,0,0
2023-10-30T05:00:00Z,29,,,,0.210621,0.208,0.214,23.893103,23.2,24.7,3.28969,3.288,3.293,26250,26278,0,0,0,0
2023-10-30T06:00:00Z,28,,,,0.209071,0.205,0.216,23.685714,22.9,24.6,3.281036,3.272,3.288,26279,26307,0,0,0,0
2023-10-30T07:00:00Z,30,,,,0.206967,0.203,0.211,23.71,22.7,24.4,3.265933,3.26,3.275,26308,26337,0,0,0,0
2023-10-30T08:00:00Z,29,,,,0.203379,0.199,0.208,23.189655,22.3,24.2,3.252897,3.244,3.26,26338,26366,0,0,0,0
2023-10-30T09:00:00Z,28,,,,0.200929,0.196,0.207,23.175,22.2,24.1,3.239286,3.235,3.245,26367,26395,0,0,0,0
2023-10-30T10:00:00Z,29,,,,0.198483,0.194,0.205,22.806897,21.8,23.9,3.230552,3.224,3.235,26396,26424,0,0,0,0
2023-10-30T11:00:00Z,29,,,,0.197172,0.193,0.2,22.872414,21.8,23.8,3.215724,3.209,3.225,26425,26453,0,0,0,0
2023-10-30T12:00:00Z,29,,,,0.194103,0.19,0.198,22.355172,21.4,23.6,3.200207,3.191,3.211,26454,26482,0,0,0,0
2023-10-30T13:00:00Z,30,,,,0.218967,0.191,0.256,22.38,16,33.5,3.591,3.186,3.915,26483,26512,0,0,0,0
2023-10-30T14:00:00Z,29,,,,0.223034,0.198,0.252,23.603448,17.1,34.5,4.036448,3.927,4.106,26513,26541,0,0,0,0
2023-10-30T15:00:00Z,29,,,,0.229138,0.201,0.253,27.9,17.4,35.6,4.133034,4.108,4.149,26542,26570,0,0,0,0
2023-10-30T16:00:00Z,29,,,,0.22869,0.2,0.256,26.327586,16.9,36,4.16569,4.153,4.177,26571,26599,0,0,0,0
2023-10-30T17:00:00Z,29,,,,0.229448,0.202,0.257,24.893103,16,34.8,4.182759,4.166,4.187,26600,26628,0,0,0,0
2023-10-30T18:00:00Z,29,,,,0.223517,0.201,0.255,23.7,16.5,35.4,4.153759,4.143,4.164,26629,26657,0,0,0,0
2023-10-30T19:00:00Z,30,,,,0.227167,0.2,0.254,25.46,16.8,35.6,4.139533,4.135,4.144,26658,26687,0,0,0,0
2023-10-30T20:00:00Z,28,,,,0.232536,0.203,0.253,26.446429,17,34.6,4.134286,4.133,4.136,26688,26715,0,0,0,0
2023-10-30T21:00:00Z,29,,,,0.230828,0.206,0.257,23.496552,15.8,33.8,4.131966,4.13,4.135,26716,26744,0,0,0,0
2023-10-30T22:00:00Z,29,,,,0.23769,0.208,0.257,25.089655,16.1,32.2,4.129759,4.126,4.131,26745,26773,0,0,0,0
2023-10-30T23:00:00Z,29,,,,0.236759,0.203,0.258,26.393103,16.9,34.2,4.127345,4.123,4.131,26774,26802,0,0,0,0
2023-10-31T00:00:00Z,29,,,,0.231345,0.203,0.256,25.393103,15.8,35.3,4.124793,4.121,4.13,26803,26831,0,0,0,0
2023-10-31T01:00:00Z,27,,,,0.230667,0.202,0.26,22.937037,15.5,32.9,4.123444,4.12,4.126,26832,26859,0,0,0,0
2023-10-31T02:00:00Z,29,,,,0.234207,0.208,0.258,22.837931,15.5,31.4,4.121345,4.118,4.125,26860,26888,0,0,0,0
2023-10-31T03:00:00Z,29,,,,0.232483,0.207,0.257,22.144828,15.7,31.7,4.120138,4.116,4.125,26889,26917,0,0,0,0
2023-10-31T04:00:00Z,29,,,,0.236069,0.208,0.259,24.296552,16.5,33.2,4.118862,4.116,4.123,26918,26946,0,0,0,0
2023-10-31T05:00:00Z,29,,,,0.219621,0.215,0.223,24.893103,19.5,26.9,4.106241,4.105,4.118,26947,26975,0,0,0,0
2023-10-31T06:00:00Z,29,,,,0.219448,0.216,0.223,25.07931,23.5,27,4.104414,4.102,4.106,26976,27004,0,0,0,0
2023-10-31T07:00:00Z,29,,,,0.219862,0.216,0.224,25.324138,23.7,27.1,4.102448,4.1,4.105,27005,27033,0,0,0,0
2023-10-31T08:00:00Z,29,,,,0.22,0.216,0.226,25.137931,23.6,27.2,4.1,4.097,4.105,27034,27062,0,0,0,0
2023-10-31T09:00:00Z,29,,,,0.219828,0.216,0.226,25.096552,23.7,27.2,4.096966,4.093,4.103,27063,27091,0,0,0,0
2023-10-31T10:00:00Z,28,,,,0.220286,0.216,0.226,25.460714,23.6,27.1,4.094893,4.092,4.1,27092,27120,0,0,0,0
2023-10-31T11:00:00Z,29,,,,0.220103,0.215,0.225,25.462069,23.5,27.1,4.092586,4.09,4.098,27121,27149,0,0,0,0
2023-10-31T12:00:00Z,29,,,,0.219138,0.215,0.224,25.22069,23.7,27.1,4.090897,4.088,4.095,27150,27178,0,0,0,0
2023-10-31T13:00:00Z,30,,,,0.219533,0.216,0.225,25.343333,23.6,27.1,4.088733,4.087,4.092,27179,27208,0,0,0,0
2023-10-31T14:00:00Z,29,,,,0.220483,0.217,0.225,25.306897,23.5,27.1,4.086483,4.083,4.09,27209,27237,0,0,0,0
2023-10-31T15:00:00Z,29,,,,0.221,0.217,0.226,25.055172,23.4,26.9,4.084483,4.082,4.088,27238,27266,0,0,0,0
2023-10-31T16:00:00Z,29,,,,0.220345,0.217,0.224,25.051724,23.4,26.9,4.083552,4.082,4.087,27267,27295,0,0,0,0
2023-10-31T17:00:00Z,29,,,,0.219655,0.216,0.226,25.07931,23.5,27,4.082793,4.082,4.085,27296,27324,0,0,0,0
2023-10-31T18:00:00Z,28,,,,0.219857,0.216,0.224,25.132143,23.5,27.2,4.082107,4.08,4.085,27325,27353,0,0,0,0
2023-10-31T19:00:00Z,29,,,,0.22,0.215,0.226,25.534483,23.6,27.2,4.081345,4.08,4.083,27354,27382,0,0,0,0
2023-10-31T20:00:00Z,29,,,,0.220103,0.216,0.224,25.368966,23.5,27.2,4.081034,4.08,4.082,27383,27411,0,0,0,0
2023-10-31T21:00:00Z,29,,,,0.219517,0.215,0.223,25.241379,23.6,27.2,4.080552,4.08,4.082,27412,27440,0,0,0,0
2023-10-31T22:00:00Z,29,,,,0.21969,0.215,0.225,25.444828,23.8,27.2,4.079517,4.078,4.082,27441,27469,0,0,0,0
2023-10-31T23:00:00Z,30,,,,0.220167,0.215,0.224,25.856667,23.7,27.4,4.0786,4.077,4.08,27470,27499,0,0,0,0
2023-11-01T00:00:00Z,29,,,,0.220862,0.217,0.224,25.644828,23.8,27.2,4.078069,4.075,4.08,27500,27528,0,0,0,0
2023-11-01T01:00:00Z,29,,,,0.219931,0.215,0.224,25.306897,23.5,27.1,4.077448,4.075,4.08,27529,27557,0,0,0,0
2023-11-01T02:00:00Z,23,,,,0.219957,0.216,0.223,25.047826,23.4,26.9,4.076304,4.073,4.078,27558,27583,0,0,0,0
2023-11-01T03:00:00Z,6,,,,0.220167,0.216,0.222,25.116667,24,26.4,4.074167,4.073,4.078,27586,27604,0,0,0,0
2023-11-01T04:00:00Z,9,,,,0.221667,0.217,0.226,25.777778,23.5,26.9,4.070444,4.067,4.073,27613,27639,0,0,0,0
2023-11-01T05:00:00Z,30,,,,0.2203,0.215,0.226,25.51,23.4,27.1,4.0686,4.065,4.073,27640,27669,0,0,0,0
2023-11-01T06:00:00Z,29,,,,0.219276,0.215,0.225,25.07931,23.5,27,4.066931,4.065,4.07,27670,27698,0,0,0,0
2023-11-01T07:00:00Z,29,,,,0.21931,0.216,0.223,25.189655,23.5,27.2,4.066655,4.064,4.072,27699,27727,0,0,0,0
2023-11-01T08:00:00Z,29,,,,0.219655,0.216,0.224,25.372414,23.5,27.1,4.06431,4.062,4.069,27728,27756,0,0,0,0
2023-11-01T09:00:00Z,29,,,,0.220069,0.215,0.226,25.310345,23.6,27.2,4.065034,4.062,4.069,27757,27785,0,0,0,0
2023-11-01T10:00:00Z,30,,,,0.2199,0.216,0.227,25.48,23.7,27.3,4.062967,4.06,4.065,27786,27815,0,0,0,0
2023-11-01T11:00:00Z,29,,,,0.220345,0.216,0.223,25.503448,23.8,27.2,4.062552,4.06,4.067,27816,27844,0,0,0,0
2023-11-01T12:00:00Z,29,,,,0.220414,0.216,0.227,25.524138,23.9,27.5,4.062069,4.06,4.065,27845,27873,0,0,0,0
2023-11-01T13:00:00Z,29,,,,0.220448,0.216,0.228,25.3,23.7,27.2,4.061345,4.059,4.065,27874,27902,0,0,0,0
2023-11-01T14:00:00Z,29,,,,0.219414,0.216,0.226,25.3,23.7,27.3,4.060517,4.059,4.065,27903,27931,0,0,0,0
2023-11-01T15:00:00Z,29,,,,0.22031,0.216,0.225,25.634483,23.7,27.5,4.059103,4.057,4.062,27932,27960,0,0,0,0
2023-11-01T16:00:00Z,30,,,,0.219233,0.216,0.225,25.216667,23.8,27.5,4.057967,4.055,4.062,27961,27990,0,0,0,0
2023-11-01T17:00:00Z,29,,,,0.219759,0.215,0.226,25.368966,23.7,27.6,4.057034,4.054,4.06,27991,28019,0,0,0,0
2023-11-01T18:00:00Z,29,,,,0.219655,0.216,0.225,25.213793,23.4,27.2,4.055621,4.054,4.059,28020,28048,0,0,0,0
2023-11-01T19:00:00Z,29,,,,0.219517,0.215,0.224,25.275862,23.5,27.1,4.054552,4.052,4.057,28049,28077,0,0,0,0
2023-11-01T20:00:00Z,29,,,,0.21969,0.215,0.225,25.262069,23.6,27.1,4.054138,4.052,4.057,28078,28106,0,0,0,0
2023-11-01T21:00:00Z,29,,,,0.219759,0.215,0.227,25.041379,23.3,27.1,4.053172,4.052,4.055,28107,28135,0,0,0,0
2023-11-01T22:00:00Z,30,,,,0.219633,0.216,0.224,25.143333,23.4,27.1,4.0523,4.05,4.055,28136,28165,0,0,0,0
2023-11-01T23:00:00Z,29,,,,0.220379,0.216,0.226,25.475862,23.4,27.2,4.05169,4.049,4.054,28166,28194,0,0,0,0
2023-11-02T00:00:00Z,29,,,,0.220586,0.216,0.224,25.462069,23.5,26.8,4.051862,4.05,4.054,28195,28223,0,0,0,0
2023-11-02T01:00:00Z,29,,,,0.219793,0.216,0.226,25.341379,23.6,26.8,4.051207,4.049,4.054,28224,28252,0,0,0,0
2023-11-02T02:00:00Z,28,,,,0.220321,0.216,0.224,25.275,23.4,26.8,4.050429,4.047,4.054,28253,28281,0,0,0,0
2023-11-02T03:00:00Z,30,,,,0.2201,0.216,0.224,25.303333,23.4,26.8,4.049,4.045,4.052,28282,28311,0,0,0,0
2023-11-02T04:00:00Z,28,,,,0.22025,0.216,0.227,25.389286,23.6,26.9,4.048,4.044,4.052,28312,28340,0,0,0,0
2023-11-02T05:00:00Z,29,,,,0.21931,0.216,0.223,25.224138,23.4,27.1,4.047793,4.044,4.05,28341,28369,0,0,0,0
2023-11-02T06:00:00Z,29,,,,0.220138,0.216,0.227,25.17931,23.5,27,4.047241,4.044,4.05,28370,28398,0,0,0,0
2023-11-02T07:00:00Z,29,,,,0.220069,0.215,0.225,25.351724,23.4,27,4.045759,4.044,4.049,28399,28427,0,0,0,0
2023-11-02T08:00:00Z,29,,,,0.219517,0.214,0.225,24.972414,23.4,27.3,4.046069,4.044,4.049,28428,28456,0,0,0,0
2023-11-02T09:00:00Z,29,,,,0.219345,0.215,0.226,25.293103,23.5,27.2,4.044517,4.042,4.049,28457,28485,0,0,0,0
2023-11-02T10:00:00Z,30,,,,0.221033,0.216,0.225,25.203333,23.6,27,4.043433,4.04,4.047,28486,28515,0,0,0,0
2023-11-02T11:00:00Z,29,,,,0.220724,0.216,0.227,25.110345,23.4,27.2,4.042207,4.039,4.047,28516,28544,0,0,0,0
2023-11-02T12:00:00Z,29,,,,0.220483,0.216,0.226,25.155172,23.5,27.2,4.042379,4.039,4.045,28545,28573,0,0,0,0
2023-11-02T13:00:00Z,29,,,,0.219345,0.216,0.224,24.982759,23.6,26.8,4.042034,4.039,4.047,28574,28602,0,0,0,0
2023-11-02T14:00:00Z,29,,,,0.21969,0.216,0.224,25.355172,23.5,27.1,4.04131,4.039,4.045,28603,28631,0,0,0,0
2023-11-02T15:00:00Z,30,,,,0.2204,0.216,0.228,25.253333,23.4,27,4.040767,4.037,4.045,28632,28661,0,0,0,0
2023-11-02T16:00:00Z,29,,,,0.219931,0.215,0.226,25.044828,23.5,27.3,4.040414,4.039,4.044,28662,28690,0,0,0,0
2023-11-02T17:00:00Z,29,,,,0.218621,0.215,0.224,24.693103,23.4,27.1,4.040034,4.037,4.044,28691,28719,0,0,0,0
2023-11-02T18:00:00Z,29,,,,0.220069,0.215,0.226,25.713793,23.7,27.2,4.039517,4.037,4.044,28720,28748,0,0,0,0
2023-11-02T19:00:00Z,29,,,,0.219276,0.215,0.226,25.175862,23.6,27.5,4.039517,4.037,4.042,28749,28777,0,0,0,0
2023-11-02T20:00:00Z,30,,,,0.2196,0.215,0.227,25.236667,23.8,27.2,4.038833,4.036,4.042,28778,28807,0,0,0,0
2023-11-02T21:00:00Z,29,,,,0.220448,0.216,0.225,25.634483,23.7,27.5,4.038517,4.036,4.042,28808,28836,0,0,0,0
2023-11-02T22:00:00Z,29,,,,0.220966,0.215,0.225,25.989655,23.7,27.6,4.037655,4.034,4.04,28837,28865,0,0,0,0
2023-11-02T23:00:00Z,29,,,,0.219483,0.215,0.226,24.87931,23.4,27,4.037172,4.036,4.04,28866,28894,0,0,0,0
2023-11-03T00:00:00Z,29,,,,0.220586,0.217,0.224,25.413793,23.4,27,4.037276,4.034,4.039,28895,28923,0,0,0,0
2023-11-03T01:00:00Z,29,,,,0.220103,0.216,0.226,24.962069,23.4,27,4.036828,4.034,4.04,28924,28952,0,0,0,0
2023-11-03T02:00:00Z,30,,,,0.221133,0.216,0.226,25.586667,23.4,27.2,4.035933,4.032,4.039,28953,28982,0,0,0,0
2023-11-03T03:00:00Z,28,,,,0.219107,0.216,0.223,24.825,23.5,27,4.036214,4.034,4.039,28983,29011,0,0,0,0
2023-11-03T04:00:00Z,28,,,,0.219571,0.215,0.223,24.892857,23.5,27,4.034821,4.032,4.039,29012,29040,0,0,0,0
2023-11-03T05:00:00Z,29,,,,0.219069,0.215,0.226,24.793103,23.4,27,4.034621,4.032,4.037,29041,29069,0,0,0,0
2023-11-03T06:00:00Z,29,,,,0.220207,0.216,0.225,25.382759,23.5,27.2,4.033897,4.031,4.039,29070,29098,0,0,0,0
2023-11-03T07:00:00Z,29,,,,0.219828,0.216,0.226,25.486207,23.6,27.2,4.033207,4.031,4.036,29099,29127,0,0,0,0
2023-11-03T08:00:00Z,29,,,,0.219828,0.215,0.225,25.451724,23.6,27.3,4.033793,4.032,4.037,29128,29156,0,0,0,0
2023-11-03T09:00:00Z,30,,,,0.221167,0.215,0.226,25.526667,23.6,27.2,4.032733,4.031,4.037,29157,29186,0,0,0,0
2023-11-03T10:00:00Z,29,,,,0.22131,0.217,0.226,25.731034,23.7,27.1,4.031862,4.031,4.036,29187,29215,0,0,0,0
2023-11-03T11:00:00Z,29,,,,0.220517,0.216,0.225,25.551724,23.5,27.1,4.031862,4.029,4.036,29216,29244,0,0,0,0
2023-11-03T12:00:00Z,29,,,,0.220448,0.216,0.228,25.448276,23.7,27.1,4.031793,4.029,4.036,29245,29273,0,0,0,0
2023-11-03T13:00:00Z,29,,,,0.219828,0.216,0.227,25.348276,23.6,27,4.031586,4.029,4.034,29274,29302,0,0,0,0
2023-11-03T14:00:00Z,30,,,,0.2201,0.216,0.224,25.21,23.5,27.1,4.0306,4.029,4.032,29303,29332,0,0,0,0
2023-11-03T15:00:00Z,29,,,,0.219966,0.216,0.225,25.365517,23.6,27.1,4.031414,4.029,4.034,29333,29361,0,0,0,0
2023-11-03T16:00:00Z,29,,,,0.220483,0.215,0.226,25.7,23.6,27.2,4.030552,4.029,4.032,29362,29390,0,0,0,0
2023-11-03T17:00:00Z,29,,,,0.221138,0.216,0.225,25.9,23.9,27.6,4.030138,4.029,4.032,29391,29419,0,0,0,0
2023-11-03T18:00:00Z,29,,,,0.220103,0.216,0.224,25.634483,23.8,27.5,4.029586,4.027,4.032,29420,29448,0,0,0,0
2023-11-03T19:00:00Z,29,,,,0.219172,0.215,0.225,25.265517,23.6,27.5,4.029828,4.029,4.032,29449,29477,0,0,0,0
2023-11-03T20:00:00Z,30,,,,0.219733,0.216,0.224,25.006667,23.6,27.1,4.029633,4.027,4.032,29478,29507,0,0,0,0
2023-11-03T21:00:00Z,29,,,,0.220241,0.217,0.226,25.096552,23.5,27.4,4.029276,4.027,4.031,29508,29536,0,0,0,0
2023-11-03T22:00:00Z,29,,,,0.220517,0.216,0.225,25.434483,23.5,27.1,4.029207,4.027,4.031,29537,29565,0,0,0,0
2023-11-03T23:00:00Z,28,,,,0.219714,0.215,0.226,25.128571,23.4,27.2,4.028643,4.027,4.031,29566,29594,0,0,0,0
2023-11-04T00:00:00Z,8,,,,0.220625,0.216,0.226,25.125,23.5,26.7,4.028,4.027,4.029,29595,29610,0,0,0,0
2023-11-04T01:00:00Z,2,,,,0.223,0.222,0.224,27.05,26.9,27.2,4.027,4.027,4.027,29624,29635,0,0,0,0
2023-11-04T02:00:00Z,23,,,,0.22,0.216,0.224,25.204348,23.5,27.1,4.027435,4.027,4.029,29654,29676,0,0,0,0
2023-11-04T03:00:00Z,29,,,,0.219379,0.216,0.223,24.862069,23.4,27,4.027517,4.026,4.029,29677,29705,0,0,0,0
2023-11-04T04:00:00Z,29,,,,0.219862,0.215,0.227,25.389655,23.5,27.2,4.027345,4.027,4.029,29706,29734,0,0,0,0
2023-11-04T05:00:00Z,28,,,,0.220107,0.216,0.227,25.35,23.5,27.2,4.027036,4.026,4.029,29735,29763,0,0,0,0
2023-11-04T06:00:00Z,30,,,,0.219,0.216,0.226,25.093333,23.5,27.2,4.0268,4.026,4.029,29764,29793,0,0,0,0
2023-11-04T07:00:00Z,29,,,,0.219724,0.215,0.225,25.441379,23.7,27.4,4.02669,4.026,4.029,29794,29822,0,0,0,0
2023-11-04T08:00:00Z,29,,,,0.220241,0.215,0.226,25.496552,23.7,27.3,4.026586,4.026,4.027,29823,29851,0,0,0,0
2023-11-04T09:00:00Z,29,,,,0.219483,0.215,0.225,25.744828,23.8,27.4,4.026241,4.024,4.027,29852,29880,0,0,0,0
2023-11-04T10:00:00Z,29,,,,0.22031,0.216,0.225,26.055172,24.1,27.4,4.026138,4.024,4.027,29881,29909,0,0,0,0
2023-11-04T11:00:00Z,30,,,,0.2204,0.216,0.225,25.913333,23.9,27.6,4.0252,4.022,4.027,29910,29939,0,0,0,0
2023-11-04T12:00:00Z,29,,,,0.219724,0.216,0.224,25.455172,23.8,27.4,4.025207,4.022,4.027,29940,29968,0,0,0,0
2023-11-04T13:00:00Z,29,,,,0.22,0.215,0.223,25.589655,23.8,27.4,4.024862,4.022,4.027,29969,29997,0,0,0,0
2023-11-04T14:00:00Z,29,,,,0.219448,0.216,0.224,25.406897,23.8,27.4,4.024621,4.022,4.027,29998,30026,0,0,0,0
2023-11-04T15:00:00Z,29,,,,0.219862,0.215,0.225,25.534483,23.8,27.5,4.024207,4.022,4.026,30027,30055,0,0,0,0
2023-11-04T16:00:00Z,29,,,,0.22031,0.216,0.223,25.796552,23.8,27.5,4.023138,4.021,4.027,30056,30084,0,0,0,0
2023-11-04T17:00:00Z,30,,,,0.219733,0.215,0.227,25.536667,23.8,27.7,4.022833,4.021,4.026,30085,30114,0,0,0,0
2023-11-04T18:00:00Z,29,,,,0.220276,0.215,0.224,25.782759,23.8,27.6,4.023276,4.021,4.026,30115,30143,0,0,0,0
2023-11-04T19:00:00Z,29,,,,0.220103,0.216,0.227,25.655172,23.8,27.7,4.022483,4.019,4.026,30144,30172,0,0,0,0
2023-11-04T20:00:00Z,29,,,,0.220448,0.216,0.227,25.527586,23.7,27.2,4.022034,4.019,4.024,30173,30201,0,0,0,0
2023-11-04T21:00:00Z,29,,,,0.219414,0.216,0.225,24.968966,23.5,27.1,4.021586,4.019,4.024,30202,30230,0,0,0,0
2023-11-04T22:00:00Z,30,,,,0.219567,0.216,0.227,24.813333,23.4,27,4.020833,4.017,4.024,30231,30260,0,0,0,0
2023-11-04T23:00:00Z,29,,,,0.22,0.216,0.227,25.251724,23.5,27.4,4.019655,4.017,4.022,30261,30289,0,0,0,0
2023-11-05T00:00:00Z,29,,,,0.220207,0.215,0.225,25.386207,23.4,27.1,4.019793,4.016,4.024,30290,30318,0,0,0,0
2023-11-05T01:00:00Z,29,,,,0.220207,0.216,0.225,25.313793,23.6,27.2,4.019414,4.016,4.022,30319,30347,0,0,0,0
2023-11-05T02:00:00Z,29,,,,0.219793,0.216,0.226,25.468966,23.4,27,4.018552,4.016,4.024,30348,30376,0,0,0,0
2023-11-05T03:00:00Z,30,,,,0.2202,0.216,0.226,25.11,23.5,26.9,4.0184,4.016,4.022,30377,30406,0,0,0,0
2023-11-05T04:00:00Z,29,,,,0.220241,0.216,0.224,25.306897,23.4,27,4.017345,4.012,4.021,30407,30435,0,0,0,0
2023-11-05T05:00:00Z,29,,,,0.220517,0.215,0.227,25.351724,23.4,27.2,4.015793,4.012,4.019,30436,30464,0,0,0,0
2023-11-05T06:00:00Z,29,,,,0.220379,0.215,0.226,25.434483,23.4,27.2,4.014172,4.012,4.017,30465,30493,0,0,0,0
2023-11-05T07:00:00Z,28,,,,0.220536,0.217,0.225,25.521429,23.7,27.2,4.013464,4.012,4.019,30494,30522,0,0,0,0
2023-11-05T08:00:00Z,29,,,,0.22131,0.217,0.228,25.775862,23.5,27.1,4.012345,4.009,4.017,30523,30551,0,0,0,0
2023-11-05T09:00:00Z,30,,,,0.2193,0.216,0.225,25.083333,23.6,27.2,4.0117,4.007,4.016,30552,30581,0,0,0,0
2023-11-05T10:00:00Z,29,,,,0.220034,0.216,0.225,25.272414,23.6,27.1,4.011172,4.009,4.014,30582,30610,0,0,0,0
2023-11-05T11:00:00Z,29,,,,0.220414,0.216,0.227,25.241379,23.6,27.1,4.010069,4.006,4.014,30611,30639,0,0,0,0
2023-11-05T12:00:00Z,29,,,,0.219448,0.215,0.224,24.989655,23.5,27.2,4.008931,4.007,4.012,30640,30668,0,0,0,0
2023-11-05T13:00:00Z,29,,,,0.220345,0.215,0.226,25.4,23.6,27.2,4.008103,4.006,4.011,30669,30697,0,0,0,0
2023-11-05T14:00:00Z,30,,,,0.220167,0.216,0.224,25.32,23.6,27.2,4.007433,4.006,4.011,30698,30727,0,0,0,0
2023-11-05T15:00:00Z,29,,,,0.220552,0.216,0.224,25.737931,23.7,27.2,4.006138,4.004,4.009,30728,30756,0,0,0,0
2023-11-05T16:00:00Z,29,,,,0.219966,0.215,0.227,25.413793,23.7,27.2,4.004862,4.003,4.007,30757,30785,0,0,0,0
2023-11-05T17:00:00Z,29,,,,0.22,0.216,0.224,25.262069,23.5,27.3,4.004138,4.003,4.007,30786,30814,0,0,0,0
2023-11-05T18:00:00Z,29,,,,0.22,0.216,0.224,25.486207,23.5,27.1,4.004207,4.001,4.007,30815,30843,0,0,0,0
2023-11-05T19:00:00Z,30,,,,0.220867,0.216,0.226,25.536667,23.4,27.2,4.0026,4.001,4.006,30844,30873,0,0,0,0
2023-11-05T20:00:00Z,29,,,,0.220828,0.216,0.224,25.665517,23.4,27.1,4.001655,3.999,4.006,30874,30902,0,0,0,0
2023-11-05T21:00:00Z,29,,,,0.219931,0.216,0.225,25.07931,23.4,27,4.001,3.999,4.006,30903,30931,0,0,0,0
2023-11-05T22:00:00Z,29,,,,0.220069,0.216,0.224,25.203448,23.6,27,3.999759,3.999,4.003,30932,30960,0,0,0,0
2023-11-05T23:00:00Z,30,,,,0.220333,0.216,0.226,25.37,23.5,27,3.999067,3.996,4.001,30961,30990,0,0,0,0
2023-11-06T00:00:00Z,29,,,,0.21969,0.216,0.227,24.848276,23.4,27.2,3.997862,3.994,4.001,30991,31019,0,0,0,0
2023-11-06T01:00:00Z,29,,,,0.218207,0.215,0.227,24.772414,23.5,27.2,3.996724,3.994,3.999,31020,31048,0,0,0,0
2023-11-06T02:00:00Z,28,,,,0.219536,0.216,0.224,25.135714,23.5,26.9,3.995321,3.993,3.999,31049,31077,0,0,0,0
2023-11-06T03:00:00Z,29,,,,0.220103,0.216,0.226,25.358621,23.5,27,3.99369,3.991,3.998,31078,31106,0,0,0,0
2023-11-06T04:00:00Z,29,,,,0.220241,0.216,0.226,25.210345,23.5,27,3.991759,3.989,3.996,31107,31135,0,0,0,0
2023-11-06T05:00:00Z,30,,,,0.2194,0.215,0.223,24.886667,23.7,27.2,3.989167,3.986,3.993,31136,31165,0,0,0,0
2023-11-06T06:00:00Z,29,,,,0.220931,0.216,0.226,25.57931,23.8,27.3,3.987586,3.986,3.993,31166,31194,0,0,0,0
2023-11-06T07:00:00Z,29,,,,0.219966,0.216,0.226,25.7,23.6,27.2,3.985621,3.983,3.989,31195,31223,0,0,0,0
2023-11-06T08:00:00Z,29,,,,0.219793,0.215,0.227,25.148276,23.4,27.2,3.984276,3.981,3.988,31224,31252,0,0,0,0
2023-11-06T09:00:00Z,29,,,,0.219897,0.216,0.224,25.289655,23.5,27.1,3.982207,3.979,3.986,31253,31281,0,0,0,0
2023-11-06T10:00:00Z,30,,,,0.219133,0.216,0.224,24.976667,23.5,27.1,3.9804,3.978,3.984,31282,31311,0,0,0,0
2023-11-06T11:00:00Z,29,,,,0.220724,0.216,0.227,25.368966,23.6,27,3.978655,3.976,3.983,31312,31340,0,0,0,0
2023-11-06T12:00:00Z,29,,,,0.220655,0.217,0.225,25.248276,23.5,27,3.977241,3.976,3.979,31341,31369,0,0,0,0
2023-11-06T13:00:00Z,29,,,,0.220414,0.217,0.227,25.037931,23.4,26.9,3.975379,3.974,3.978,31370,31398,0,0,0,0
2023-11-06T14:00:00Z,29,,,,0.220241,0.216,0.227,25.103448,23.5,27,3.974966,3.974,3.978,31399,31427,0,0,0,0
2023-11-06T15:00:00Z,30,,,,0.2198,0.216,0.224,25.123333,23.5,27,3.974033,3.973,3.976,31428,31457,0,0,0,0
2023-11-06T16:00:00Z,29,,,,0.220414,0.216,0.226,24.955172,23.4,27,3.974034,3.973,3.976,31458,31486,0,0,0,0
2023-11-06T17:00:00Z,29,,,,0.219586,0.216,0.228,24.817241,23.5,27.2,3.973379,3.971,3.974,31487,31515,0,0,0,0
2023-11-06T18:00:00Z,29,,,,0.219793,0.216,0.226,25.306897,23.5,27.1,3.972655,3.97,3.974,31516,31544,0,0,0,0
2023-11-06T19:00:00Z,29,,,,0.219931,0.216,0.226,25.293103,23.5,27.2,3.971517,3.97,3.974,31545,31573,0,0,0,0
2023-11-06T20:00:00Z,28,,,,0.221714,0.216,0.228,25.560714,23.7,27.3,3.970357,3.968,3.973,31574,31602,0,0,0,0
2023-11-06T21:00:00Z,15,,,,0.220933,0.215,0.224,25.733333,23.7,27.2,3.9686,3.966,3.971,31603,31626,0,0,0,0
2023-11-06T22:00:00Z,4,,,,0.221,0.217,0.224,25.625,24,27.1,3.96275,3.96,3.968,31633,31646,0,0,0,0
2023-11-06T23:00:00Z,25,,,,0.221,0.216,0.226,25.588,23.5,27.2,3.96036,3.958,3.965,31659,31686,0,0,0,0
2023-11-07T00:00:00Z,28,,,,0.219321,0.216,0.226,24.971429,23.5,27.2,3.959143,3.956,3.963,31687,31715,0,0,0,0
2023-11-07T01:00:00Z,28,,,,0.219857,0.216,0.226,25.046429,23.4,27,3.957536,3.953,3.961,31716,31744,0,0,0,0
2023-11-07T02:00:00Z,29,,,,0.219448,0.216,0.226,24.886207,23.4,27.2,3.955621,3.953,3.96,31745,31773,0,0,0,0
2023-11-07T03:00:00Z,29,,,,0.220586,0.217,0.228,25.124138,23.3,27,3.954069,3.951,3.958,31774,31802,0,0,0,0
2023-11-07T04:00:00Z,30,,,,0.220433,0.217,0.227,25.273333,23.4,27,3.953667,3.951,3.958,31803,31832,0,0,0,0
2023-11-07T05:00:00Z,29,,,,0.221034,0.215,0.226,25.572414,23.5,27.1,3.953069,3.95,3.956,31833,31861,0,0,0,0
2023-11-07T06:00:00Z,29,,,,0.220034,0.215,0.226,25.406897,23.6,27,3.951793,3.946,3.956,31862,31890,0,0,0,0
2023-11-07T07:00:00Z,29,,,,0.218966,0.216,0.225,24.87931,23.5,27.2,3.950931,3.948,3.955,31891,31919,0,0,0,0
2023-11-07T08:00:00Z,29,,,,0.220138,0.216,0.226,25.241379,23.6,27.1,3.949586,3.946,3.953,31920,31948,0,0,0,0
2023-11-07T09:00:00Z,30,,,,0.221067,0.216,0.226,25.606667,23.6,27.1,3.948933,3.946,3.951,31949,31978,0,0,0,0
2023-11-07T10:00:00Z,29,,,,0.219966,0.215,0.226,25.382759,23.5,27.2,3.947655,3.946,3.95,31979,32007,0,0,0,0
2023-11-07T11:00:00Z,29,,,,0.220241,0.216,0.223,25.693103,23.6,27.3,3.946034,3.945,3.948,32008,32036,0,0,0,0
2023-11-07T12:00:00Z,29,,,,0.219621,0.215,0.224,25.168966,23.7,27.2,3.946138,3.943,3.95,32037,32065,0,0,0,0
2023-11-07T13:00:00Z,29,,,,0.219517,0.216,0.224,25.32069,23.7,27,3.945,3.941,3.948,32066,32094,0,0,0,0
2023-11-07T14:00:00Z,30,,,,0.2215,0.215,0.228,25.61,23.6,27.3,3.942467,3.94,3.946,32095,32124,0,0,0,0
2023-11-07T15:00:00Z,29,,,,0.221828,0.217,0.228,25.37931,23.6,27,3.941138,3.937,3.945,32125,32153,0,0,0,0
2023-11-07T16:00:00Z,29,,,,0.221828,0.217,0.228,25.410345,23.5,27.2,3.940621,3.938,3.943,32154,32182,0,0,0,0
2023-11-07T17:00:00Z,29,,,,0.219759,0.216,0.227,25.037931,23.6,27.1,3.939966,3.937,3.943,32183,32211,0,0,0,0
2023-11-07T18:00:00Z,29,,,,0.220414,0.216,0.224,25.368966,23.5,27.1,3.938414,3.935,3.941,32212,32240,0,0,0,0
2023-11-07T19:00:00Z,30,,,,0.220767,0.216,0.227,25.313333,23.7,27.2,3.936867,3.935,3.941,32241,32270,0,0,0,0
2023-11-07T20:00:00Z,29,,,,0.220724,0.216,0.227,25.375862,23.5,27.3,3.935931,3.932,3.94,32271,32299,0,0,0,0
2023-11-07T21:00:00Z,29,,,,0.220069,0.216,0.228,25.427586,23.7,27.2,3.935172,3.932,3.94,32300,32328,0,0,0,0
2023-11-07T22:00:00Z,29,,,,0.220345,0.216,0.226,25.517241,23.8,27.3,3.933345,3.928,3.938,32329,32357,0,0,0,0
2023-11-07T23:00:00Z,29,,,,0.219931,0.216,0.225,25.4,23.6,27.1,3.932103,3.928,3.935,32358,32386,0,0,0,0
2023-11-08T00:00:00Z,30,,,,0.2201,0.216,0.228,25.173333,23.6,27.2,3.931333,3.928,3.935,32387,32416,0,0,0,0
2023-11-08T01:00:00Z,29,,,,0.219862,0.213,0.227,25.193103,23.4,27.2,3.930069,3.928,3.933,32417,32445,0,0,0,0
2023-11-08T02:00:00Z,28,,,,0.219893,0.216,0.228,24.957143,23.4,27,3.929214,3.927,3.933,32446,32474,0,0,0,0
2023-11-08T03:00:00Z,29,,,,0.219862,0.216,0.227,25.193103,23.4,26.8,3.928276,3.925,3.932,32475,32503,0,0,0,0
2023-11-08T04:00:00Z,29,,,,0.220655,0.216,0.225,25.510345,23.5,26.9,3.926897,3.925,3.93,32504,32532,0,0,0,0
2023-11-08T05:00:00Z,29,,,,0.220586,0.215,0.227,25.406897,23.6,27.2,3.925793,3.923,3.928,32533,32561,0,0,0,0
2023-11-08T06:00:00Z,30,,,,0.220133,0.216,0.224,25.333333,23.4,27,3.925,3.923,3.928,32562,32591,0,0,0,0
2023-11-08T07:00:00Z,29,,,,0.220034,0.215,0.227,25.182759,23.4,27.2,3.923966,3.923,3.927,32592,32620,0,0,0,0
2023-11-08T08:00:00Z,29,,,,0.22069,0.215,0.224,25.168966,23.6,27,3.923276,3.922,3.925,32621,32649,0,0,0,0
2023-11-08T09:00:00Z,29,,,,0.220138,0.216,0.227,25.044828,23.7,27.4,3.922655,3.922,3.925,32650,32678,0,0,0,0
2023-11-08T10:00:00Z,29,,,,0.220276,0.216,0.225,25.527586,23.7,27.1,3.922448,3.922,3.925,32679,32707,0,0,0,0
2023-11-08T11:00:00Z,30,,,,0.220533,0.217,0.224,25.486667,23.7,27.2,3.922333,3.922,3.923,32708,32737,0,0,0,0
2023-11-08T12:00:00Z,29,,,,0.219552,0.214,0.228,25.024138,23.6,27.1,3.921931,3.92,3.923,32738,32766,0,0,0,0
2023-11-08T13:00:00Z,29,,,,0.220414,0.215,0.225,25.496552,23.6,27.2,3.921241,3.918,3.922,32767,32795,0,0,0,0
2023-11-08T14:00:00Z,29,,,,0.220759,0.216,0.225,25.565517,23.6,27.1,3.921172,3.92,3.922,32796,32824,0,0,0,0
2023-11-08T15:00:00Z,29,,,,0.220517,0.216,0.225,25.482759,23.7,27.3,3.919517,3.918,3.922,32825,32853,0,0,0,0
2023-11-08T16:00:00Z,30,,,,0.220133,0.215,0.224,25.693333,23.8,27.3,3.9186,3.917,3.922,32854,32883,0,0,0,0
2023-11-08T17:00:00Z,29,,,,0.219759,0.215,0.228,25.22069,23.5,27.4,3.918379,3.917,3.92,32884,32912,0,0,0,0
2023-11-08T18:00:00Z,29,,,,0.220621,0.215,0.227,25.434483,23.8,27.3,3.916966,3.913,3.92,32913,32941,0,0,0,0
2023-11-08T19:00:00Z,29,,,,0.220345,0.216,0.224,25.513793,23.7,27.2,3.915,3.912,3.918,32942,32970,0,0,0,0
2023-11-08T20:00:00Z,29,,,,0.221138,0.216,0.227,25.8,23.8,27.4,3.914345,3.912,3.918,32971,32999,0,0,0,0
2023-11-08T21:00:00Z,22,,,,0.221,0.218,0.224,25.763636,24.1,27.2,3.912455,3.908,3.915,33000,33029,0,0,0,0
2023-11-08T22:00:00Z,28,,,,0.220643,0.216,0.225,25.489286,23.5,27.2,3.912714,3.91,3.915,33030,33058,0,0,0,0
2023-11-08T23:00:00Z,28,,,,0.220429,0.216,0.226,25.042857,23.4,27.1,3.9095,3.907,3.913,33059,33087,0,0,0,0
2023-11-09T00:00:00Z,29,,,,0.219862,0.216,0.224,24.896552,23.4,26.9,3.909069,3.907,3.913,33088,33116,0,0,0,0
2023-11-09T01:00:00Z,29,,,,0.220379,0.216,0.225,25.234483,23.4,26.8,3.90869,3.907,3.913,33117,33145,0,0,0,0
2023-11-09T02:00:00Z,29,,,,0.221034,0.215,0.228,25.296552,23.8,27.2,3.907552,3.905,3.91,33146,33174,0,0,0,0
2023-11-09T03:00:00Z,29,,,,0.219828,0.215,0.226,25.413793,23.4,27.2,3.906897,3.905,3.91,33175,33204,0,0,0,0
2023-11-09T04:00:00Z,29,,,,0.220172,0.215,0.226,25.065517,23.4,27.2,3.905931,3.904,3.91,33205,33233,0,0,0,0
2023-11-09T05:00:00Z,29,,,,0.220552,0.215,0.226,25.465517,23.4,27.2,3.904241,3.902,3.907,33234,33262,0,0,0,0
2023-11-09T06:00:00Z,29,,,,0.220172,0.215,0.226,25.286207,23.5,27.4,3.90431,3.902,3.907,33263,33291,0,0,0,0
2023-11-09T07:00:00Z,29,,,,0.220207,0.215,0.224,25.462069,23.5,27.2,3.903379,3.9,3.907,33292,33320,0,0,0,0
2023-11-09T08:00:00Z,30,,,,0.220967,0.215,0.226,25.736667,23.8,27.4,3.901767,3.899,3.905,33321,33350,0,0,0,0
2023-11-09T09:00:00Z,29,,,,0.219138,0.215,0.228,25.010345,23.4,27.5,3.900207,3.899,3.902,33351,33379,0,0,0,0
2023-11-09T10:00:00Z,29,,,,0.220759,0.215,0.228,25.482759,23.6,27.4,3.899483,3.897,3.902,33380,33408,0,0,0,0
2023-11-09T11:00:00Z,29,,,,0.219414,0.215,0.224,25.47931,23.7,27.4,3.898655,3.897,3.9,33409,33437,0,0,0,0
2023-11-09T12:00:00Z,30,,,,0.220067,0.216,0.225,25.163333,23.4,27.2,3.898533,3.895,3.9,33438,33467,0,0,0,0
2023-11-09T13:00:00Z,29,,,,0.221621,0.217,0.228,25.386207,23.4,27.2,3.895966,3.894,3.899,33468,33496,0,0,0,0
2023-11-09T14:00:00Z,29,,,,0.219655,0.216,0.225,24.968966,23.4,27.1,3.895552,3.894,3.899,33497,33525,0,0,0,0
2023-11-09T15:00:00Z,29,,,,0.22131,0.216,0.225,25.47931,23.4,27.2,3.895276,3.894,3.897,33526,33554,0,0,0,0
2023-11-09T16:00:00Z,29,,,,0.221,0.217,0.227,25.131034,23.5,27.1,3.894621,3.894,3.899,33555,33583,0,0,0,0
2023-11-09T17:00:00Z,30,,,,0.220833,0.217,0.227,25.28,23.5,27.1,3.893733,3.89,3.895,33584,33613,0,0,0,0
2023-11-09T18:00:00Z,19,,,,0.220737,0.216,0.224,25.657895,23.7,27.1,3.892947,3.89,3.895,33614,33639,0,0,0,0
2023-11-09T19:00:00Z,2,,,,0.222,0.219,0.225,25.9,25.5,26.3,3.891,3.89,3.892,33648,33652,0,0,0,0
2023-11-09T20:00:00Z,3,,,,0.221667,0.218,0.225,26.133333,25.1,26.9,3.887,3.885,3.889,33692,33694,0,0,0,0
2023-11-09T21:00:00Z,29,,,,0.219828,0.216,0.226,25.041379,23.4,27.1,3.887759,3.885,3.892,33695,33723,0,0,0,0
2023-11-09T22:00:00Z,29,,,,0.220724,0.216,0.225,25.468966,23.4,27.2,3.88731,3.885,3.89,33724,33752,0,0,0,0
2023-11-09T23:00:00Z,29,,,,0.22031,0.216,0.228,24.782759,23.3,27,3.886448,3.884,3.889,33753,33781,0,0,0,0
2023-11-10T00:00:00Z,30,,,,0.2214,0.216,0.227,25.336667,23.3,27.1,3.884767,3.882,3.89,33782,33811,0,0,0,0
2023-11-10T01:00:00Z,29,,,,0.220241,0.216,0.224,24.951724,23.3,27.2,3.886103,3.884,3.889,33812,33840,0,0,0,0
2023-11-10T02:00:00Z,27,,,,0.221407,0.216,0.227,25.448148,23.3,27.1,3.884519,3.88,3.889,33841,33869,0,0,0,0
2023-11-10T03:00:00Z,29,,,,0.219966,0.215,0.228,25.124138,23.4,27.1,3.884621,3.882,3.889,33870,33898,0,0,0,0
2023-11-10T04:00:00Z,29,,,,0.219276,0.215,0.224,24.7,23.4,27,3.884207,3.88,3.889,33899,33927,0,0,0,0
2023-11-10T05:00:00Z,30,,,,0.219767,0.215,0.224,25.19,23.3,27.1,3.883,3.88,3.889,33928,33957,0,0,0,0
2023-11-10T06:00:00Z,29,,,,0.220931,0.216,0.225,25.324138,23.4,27.1,3.882793,3.88,3.887,33958,33986,0,0,0,0
2023-11-10T07:00:00Z,29,,,,0.219207,0.214,0.226,24.913793,23.3,27.3,3.882483,3.88,3.887,33987,34015,0,0,0,0
2023-11-10T08:00:00Z,29,,,,0.220759,0.215,0.227,25.341379,23.5,27.2,3.881483,3.879,3.885,34016,34044,0,0,0,0
2023-11-10T09:00:00Z,29,,,,0.219862,0.215,0.227,25.137931,23.5,27.4,3.881552,3.879,3.885,34045,34073,0,0,0,0
2023-11-10T10:00:00Z,30,,,,0.2201,0.216,0.225,25.513333,23.5,27.2,3.880333,3.879,3.885,34074,34103,0,0,0,0
2023-11-10T11:00:00Z,29,,,,0.219379,0.215,0.227,24.937931,23.4,27.2,3.879862,3.877,3.884,34104,34132,0,0,0,0
2023-11-10T12:00:00Z,29,,,,0.220724,0.215,0.226,25.451724,23.7,27.2,3.87969,3.877,3.884,34133,34161,0,0,0,0
2023-11-10T13:00:00Z,29,,,,0.219724,0.216,0.227,25.313793,23.4,27.3,3.879828,3.877,3.884,34162,34190,0,0,0,0
2023-11-10T14:00:00Z,29,,,,0.220759,0.216,0.229,25.455172,23.8,27.3,3.879103,3.877,3.882,34191,34219,0,0,0,0
2023-11-10T15:00:00Z,30,,,,0.2199,0.215,0.224,25.213333,23.5,27.3,3.878633,3.874,3.882,34220,34249,0,0,0,0
2023-11-10T16:00:00Z,29,,,,0.219793,0.215,0.224,25.527586,23.7,27.6,3.879069,3.875,3.884,34250,34278,0,0,0,0
2023-11-10T17:00:00Z,29,,,,0.219552,0.215,0.225,25.451724,23.9,27.7,3.878552,3.875,3.882,34279,34307,0,0,0,0
2023-11-10T18:00:00Z,29,,,,0.220724,0.216,0.226,25.462069,23.8,27.7,3.87869,3.877,3.882,34308,34336,0,0,0,0
2023-11-10T19:00:00Z,29,,,,0.22,0.215,0.225,25.334483,23.3,27.2,3.87669,3.875,3.882,34337,34365,0,0,0,0
2023-11-10T20:00:00Z,30,,,,0.2211,0.216,0.226,25.35,23.5,27.3,3.8761,3.874,3.879,34366,34395,0,0,0,0
2023-11-10T21:00:00Z,29,,,,0.220621,0.216,0.226,25.106897,23.3,27.3,3.874724,3.872,3.879,34396,34424,0,0,0,0
2023-11-10T22:00:00Z,29,,,,0.220276,0.215,0.226,24.948276,23.4,27.1,3.875,3.872,3.879,34425,34453,0,0,0,0
2023-11-10T23:00:00Z,29,,,,0.220241,0.216,0.225,24.668966,23.4,27.2,3.874379,3.872,3.877,34454,34482,0,0,0,0
2023-11-11T00:00:00Z,28,,,,0.220286,0.216,0.226,25.342857,23.4,27.2,3.873929,3.872,3.877,34483,34511,0,0,0,0
2023-11-11T01:00:00Z,30,,,,0.220533,0.216,0.227,25.26,23.4,27.1,3.8739,3.872,3.879,34512,34541,0,0,0,0
2023-11-11T02:00:00Z,29,,,,0.219862,0.216,0.224,25.2,23.5,27,3.874379,3.872,3.877,34542,34570,0,0,0,0
2023-11-11T03:00:00Z,29,,,,0.219828,0.215,0.224,25.237931,23.4,27.1,3.873759,3.872,3.877,34571,34599,0,0,0,0
2023-11-11T04:00:00Z,29,,,,0.220621,0.216,0.228,25.275862,23.4,27.3,3.873241,3.871,3.875,34600,34628,0,0,0,0
2023-11-11T05:00:00Z,29,,,,0.219379,0.215,0.224,25.22069,23.4,27.1,3.872517,3.871,3.875,34629,34657,0,0,0,0
2023-11-11T06:00:00Z,29,,,,0.219448,0.216,0.226,25.255172,23.5,27.1,3.872379,3.871,3.875,34658,34686,0,0,0,0
2023-11-11T07:00:00Z,30,,,,0.220467,0.216,0.228,25.093333,23.4,27.2,3.872767,3.871,3.875,34687,34716,0,0,0,0
2023-11-11T08:00:00Z,29,,,,0.219862,0.216,0.227,25.113793,23.3,27.3,3.873034,3.871,3.875,34717,34745,0,0,0,0
2023-11-11T09:00:00Z,29,,,,0.220034,0.216,0.224,25.148276,23.4,27.4,3.872241,3.871,3.874,34746,34774,0,0,0,0
2023-11-11T10:00:00Z,29,,,,0.219517,0.215,0.225,24.92069,23.4,27.2,3.871897,3.871,3.875,34775,34803,0,0,0,0
2023-11-11T11:00:00Z,30,,,,0.219733,0.215,0.225,25.36,23.4,27.2,3.871367,3.871,3.874,34804,34833,0,0,0,0
2023-11-11T12:00:00Z,29,,,,0.218655,0.215,0.224,24.727586,23.5,27.2,3.871207,3.871,3.874,34834,34862,0,0,0,0
2023-11-11T13:00:00Z,29,,,,0.220276,0.215,0.224,25.493103,23.6,27.4,3.871345,3.869,3.872,34863,34891,0,0,0,0
2023-11-11T14:00:00Z,28,,,,0.219679,0.215,0.225,25.228571,23.6,27.2,3.87075,3.869,3.872,34892,34920,0,0,0,0
2023-11-11T15:00:00Z,29,,,,0.219448,0.215,0.224,24.824138,23.5,27.2,3.87069,3.869,3.872,34921,34949,0,0,0,0
2023-11-11T16:00:00Z,28,,,,0.220036,0.216,0.225,25.421429,23.5,27.2,3.870143,3.869,3.871,34950,34978,0,0,0,0
2023-11-11T17:00:00Z,29,,,,0.220552,0.215,0.226,25.393103,23.4,27.2,3.870069,3.869,3.872,34979,35007,0,0,0,0
2023-11-11T18:00:00Z,30,,,,0.220467,0.216,0.224,25.346667,23.3,27.2,3.8698,3.869,3.871,35008,35037,0,0,0,0
2023-11-11T19:00:00Z,29,,,,0.220552,0.215,0.226,25.313793,23.3,27.1,3.86969,3.869,3.871,35038,35066,0,0,0,0
2023-11-11T20:00:00Z,28,,,,0.221071,0.216,0.226,25.532143,23.3,27.2,3.868857,3.867,3.871,35067,35095,0,0,0,0
2023-11-11T21:00:00Z,29,,,,0.221,0.216,0.226,25.268966,23.4,27.2,3.868517,3.867,3.869,35096,35124,0,0,0,0
2023-11-11T22:00:00Z,29,,,,0.221138,0.216,0.228,25.451724,23.4,27.1,3.868241,3.867,3.869,35125,35153,0,0,0,0
2023-11-11T23:00:00Z,30,,,,0.219933,0.216,0.225,25.106667,23.4,27.2,3.868333,3.867,3.869,35154,35183,0,0,0,0
2023-11-12T00:00:00Z,28,,,,0.220714,0.216,0.227,25.192857,23.3,27.2,3.867571,3.867,3.869,35184,35212,0,0,0,0
2023-11-12T01:00:00Z,29,,,,0.219586,0.216,0.227,24.9,23.4,27,3.86769,3.866,3.869,35213,35241,0,0,0,0
2023-11-12T02:00:00Z,28,,,,0.220393,0.216,0.226,25.064286,23.3,27.1,3.867857,3.866,3.869,35242,35270,0,0,0,0
2023-11-12T03:00:00Z,29,,,,0.220448,0.216,0.228,25.206897,23.4,26.9,3.867172,3.866,3.869,35271,35299,0,0,0,0
2023-11-12T04:00:00Z,30,,,,0.2208,0.215,0.226,25.273333,23.4,27,3.866833,3.866,3.869,35300,35329,0,0,0,0
2023-11-12T05:00:00Z,29,,,,0.219759,0.215,0.226,25.144828,23.4,27.1,3.866517,3.864,3.869,35330,35358,0,0,0,0
2023-11-12T06:00:00Z,28,,,,0.220107,0.215,0.228,25.035714,23.4,27,3.866,3.862,3.867,35359,35387,0,0,0,0
2023-11-12T07:00:00Z,28,,,,0.219214,0.215,0.226,25.171429,23.4,27,3.864607,3.862,3.867,35388,35416,0,0,0,0
2023-11-12T08:00:00Z,27,,,,0.22037,0.215,0.226,25.181481,23.3,27.2,3.86363,3.862,3.867,35417,35445,0,0,0,0
2023-11-12T09:00:00Z,27,,,,0.220481,0.215,0.225,25.451852,23.4,27.2,3.863074,3.861,3.866,35446,35474,0,0,0,0
2023-11-12T10:00:00Z,29,,,,0.219483,0.215,0.226,24.975862,23.4,27.3,3.862276,3.861,3.866,35475,35503,0,0,0,0
2023-11-12T11:00:00Z,27,,,,0.219519,0.215,0.226,25.118519,23.4,27.2,3.861444,3.859,3.864,35504,35532,0,0,0,0
2023-11-12T12:00:00Z,29,,,,0.221379,0.215,0.228,25.517241,23.6,27.3,3.860241,3.857,3.862,35533,35561,0,0,0,0
2023-11-12T13:00:00Z,30,,,,0.221567,0.217,0.227,25.606667,23.5,27.2,3.859233,3.856,3.864,35562,35591,0,0,0,0
2023-11-12T14:00:00Z,25,,,,0.22092,0.217,0.225,24.928,23.5,27,3.85588,3.852,3.859,35592,35619,0,0,0,0
2023-11-12T15:00:00Z,30,,,,0.220933,0.218,0.227,24.61,23.5,26.9,3.855867,3.854,3.861,35620,35649,0,0,0,0
2023-11-12T16:00:00Z,18,,,,0.221222,0.217,0.228,25.411111,23.6,26.9,3.854167,3.852,3.857,35650,35675,0,0,0,0
2023-11-12T17:00:00Z,4,,,,0.218,0.216,0.22,23.65,23.4,24,3.8535,3.852,3.856,35677,35689,0,0,0,0
2023-11-12T18:00:00Z,23,,,,0.219652,0.216,0.227,25.191304,23.4,26.8,3.851478,3.849,3.856,35704,35731,0,0,0,0
2023-11-12T19:00:00Z,30,,,,0.2207,0.216,0.225,25.523333,23.3,27.1,3.851533,3.849,3.856,35732,35761,0,0,0,0
2023-11-12T20:00:00Z,29,,,,0.219276,0.216,0.225,24.6,23.3,26.9,3.850759,3.849,3.854,35762,35790,0,0,0,0
2023-11-12T21:00:00Z,29,,,,0.220276,0.216,0.226,25.468966,23.4,27.2,3.84969,3.847,3.852,35791,35819,0,0,0,0
2023-11-12T22:00:00Z,29,,,,0.219586,0.216,0.224,24.724138,23.4,26.8,3.849517,3.847,3.854,35820,35848,0,0,0,0
2023-11-12T23:00:00Z,29,,,,0.220724,0.216,0.226,25.248276,23.4,27,3.849103,3.846,3.854,35849,35877,0,0,0,0
2023-11-13T00:00:00Z,30,,,,0.220967,0.216,0.226,25.243333,23.3,27.1,3.848567,3.847,3.852,35878,35907,0,0,0,0
2023-11-13T01:00:00Z,28,,,,0.22075,0.216,0.227,25.275,23.4,26.9,3.848036,3.846,3.851,35908,35936,0,0,0,0
2023-11-13T02:00:00Z,29,,,,0.221414,0.216,0.228,25.031034,23.4,27,3.846724,3.844,3.849,35937,35965,0,0,0,0
2023-11-13T03:00:00Z,29,,,,0.222655,0.218,0.228,25.565517,23.2,27.2,3.845621,3.842,3.849,35966,35994,0,0,0,0
2023-11-13T04:00:00Z,29,,,,0.221483,0.216,0.226,25.351724,23.3,27.2,3.844586,3.842,3.847,35995,36023,0,0,0,0
2023-11-13T05:00:00Z,30,,,,0.220467,0.216,0.228,24.823333,23.3,27.1,3.845,3.842,3.847,36024,36053,0,0,0,0
2023-11-13T06:00:00Z,29,,,,0.220241,0.216,0.228,25.065517,23.3,27,3.844552,3.842,3.847,36054,36082,0,0,0,0
2023-11-13T07:00:00Z,29,,,,0.22,0.215,0.225,24.77931,23.3,26.9,3.843552,3.842,3.847,36083,36111,0,0,0,0
2023-11-13T08:00:00Z,29,,,,0.221,0.216,0.228,25.272414,23.4,27.1,3.843897,3.842,3.847,36112,36140,0,0,0,0
2023-11-13T09:00:00Z,29,,,,0.221069,0.217,0.228,25.562069,23.6,27.1,3.843655,3.841,3.847,36141,36169,0,0,0,0
2023-11-13T10:00:00Z,30,,,,0.220233,0.216,0.227,25.423333,23.4,27.2,3.842533,3.841,3.846,36170,36199,0,0,0,0
2023-11-13T11:00:00Z,29,,,,0.220172,0.215,0.228,25.27931,23.4,27.2,3.841448,3.839,3.844,36200,36228,0,0,0,0
2023-11-13T12:00:00Z,29,,,,0.220379,0.216,0.226,25.451724,23.4,27.2,3.841276,3.839,3.844,36229,36257,0,0,0,0
2023-11-13T13:00:00Z,29,,,,0.220586,0.216,0.227,25.475862,23.5,27.2,3.840069,3.839,3.842,36258,36286,0,0,0,0
2023-11-13T14:00:00Z,29,,,,0.221103,0.216,0.225,25.489655,23.4,27.1,3.839931,3.838,3.842,36287,36315,0,0,0,0
2023-11-13T15:00:00Z,30,,,,0.219733,0.216,0.226,25.146667,23.5,27.1,3.839133,3.836,3.841,36316,36345,0,0,0,0
2023-11-13T16:00:00Z,29,,,,0.219552,0.215,0.228,25.172414,23.4,27.1,3.838276,3.836,3.841,36346,36374,0,0,0,0
2023-11-13T17:00:00Z,29,,,,0.219724,0.215,0.226,25.044828,23.4,27.2,3.837828,3.836,3.841,36375,36403,0,0,0,0
2023-11-13T18:00:00Z,29,,,,0.221414,0.216,0.228,25.534483,23.4,27.2,3.836621,3.834,3.839,36404,36432,0,0,0,0
2023-11-13T19:00:00Z,29,,,,0.221069,0.217,0.225,25.634483,23.3,27,3.837138,3.834,3.839,36433,36461,0,0,0,0
2023-11-13T20:00:00Z,29,,,,0.221034,0.217,0.227,25.572414,23.4,27,3.835379,3.831,3.839,36462,36490,0,0,0,0
2023-11-13T21:00:00Z,30,,,,0.2206,0.217,0.228,24.936667,23.3,27,3.834367,3.831,3.838,36491,36520,0,0,0,0
2023-11-13T22:00:00Z,29,,,,0.220241,0.216,0.225,24.934483,23.3,27,3.832931,3.831,3.836,36521,36549,0,0,0,0
2023-11-13T23:00:00Z,29,,,,0.221448,0.217,0.228,25.648276,23.4,27,3.832724,3.829,3.836,36550,36578,0,0,0,0
2023-11-14T00:00:00Z,29,,,,0.220586,0.216,0.226,25.031034,23.2,27.1,3.831103,3.828,3.836,36579,36607,0,0,0,0
2023-11-14T01:00:00Z,28,,,,0.220214,0.216,0.224,24.971429,23.3,27,3.830643,3.828,3.834,36608,36636,0,0,0,0
2023-11-14T02:00:00Z,30,,,,0.2201,0.216,0.224,25.01,23.5,27.1,3.8297,3.826,3.834,36637,36666,0,0,0,0
2023-11-14T03:00:00Z,29,,,,0.219966,0.216,0.227,24.9,23.3,27.1,3.829621,3.828,3.834,36667,36695,0,0,0,0
2023-11-14T04:00:00Z,29,,,,0.221,0.216,0.228,25.155172,23.4,27,3.828414,3.826,3.833,36696,36724,0,0,0,0
2023-11-14T05:00:00Z,27,,,,0.221037,0.217,0.227,24.696296,23.1,26.8,3.826852,3.824,3.831,36725,36753,0,0,0,0
2023-11-14T06:00:00Z,29,,,,0.220345,0.217,0.228,24.831034,23.1,26.9,3.826862,3.824,3.829,36754,36782,0,0,0,0
2023-11-14T07:00:00Z,29,,,,0.220103,0.216,0.225,24.731034,23.3,27.1,3.825414,3.824,3.829,36783,36811,0,0,0,0
2023-11-14T08:00:00Z,30,,,,0.220833,0.216,0.226,25.416667,23.5,27.1,3.825333,3.823,3.829,36812,36841,0,0,0,0
2023-11-14T09:00:00Z,29,,,,0.220241,0.216,0.227,25.317241,23.3,27.2,3.824517,3.821,3.828,36842,36870,0,0,0,0
2023-11-14T10:00:00Z,29,,,,0.219448,0.215,0.226,24.748276,23.3,27.1,3.823517,3.821,3.826,36871,36899,0,0,0,0
2023-11-14T11:00:00Z,29,,,,0.220586,0.216,0.225,25.210345,23.3,27.1,3.822276,3.821,3.824,36900,36928,0,0,0,0
2023-11-14T12:00:00Z,29,,,,0.22,0.215,0.226,25.227586,23.4,27.2,3.821414,3.819,3.824,36929,36957,0,0,0,0
2023-11-14T13:00:00Z,30,,,,0.220033,0.215,0.225,25.09,23.4,27,3.821067,3.819,3.824,36958,36987,0,0,0,0
2023-11-14T14:00:00Z,29,,,,0.220586,0.215,0.227,25.189655,23.4,27.4,3.820828,3.819,3.824,36988,37016,0,0,0,0
2023-11-14T15:00:00Z,29,,,,0.220138,0.215,0.224,25.244828,23.4,27.2,3.819241,3.818,3.821,37017,37045,0,0,0,0
2023-11-14T16:00:00Z,29,,,,0.220897,0.215,0.227,25.286207,23.5,27.2,3.818655,3.818,3.821,37046,37074,0,0,0,0
2023-11-14T17:00:00Z,29,,,,0.219793,0.215,0.227,25.037931,23.4,27.3,3.818552,3.818,3.821,37075,37103,0,0,0,0
2023-11-14T18:00:00Z,30,,,,0.219867,0.215,0.224,25.296667,23.3,27.3,3.818067,3.816,3.819,37104,37133,0,0,0,0
2023-11-14T19:00:00Z,29,,,,0.220241,0.216,0.227,24.762069,23.4,26.9,3.818,3.816,3.819,37134,37162,0,0,0,0
2023-11-14T20:00:00Z,29,,,,0.22069,0.216,0.225,25.348276,23.4,27,3.817379,3.816,3.818,37163,37191,0,0,0,0
2023-11-14T21:00:00Z,29,,,,0.221069,0.216,0.228,25.52069,23.3,27.2,3.817379,3.816,3.818,37192,37220,0,0,0,0
2023-11-14T22:00:00Z,30,,,,0.2204,0.216,0.226,25.14,23.4,27,3.816867,3.816,3.818,37221,37250,0,0,0,0
2023-11-14T23:00:00Z,29,,,,0.220241,0.216,0.224,25.196552,23.5,26.9,3.816897,3.816,3.818,37251,37279,0,0,0,0
2023-11-15T00:00:00Z,29,,,,0.219793,0.216,0.227,24.851724,23.3,26.9,3.816552,3.816,3.818,37280,37308,0,0,0,0
2023-11-15T01:00:00Z,29,,,,0.219862,0.216,0.224,24.737931,23.4,27,3.816276,3.816,3.818,37309,37337,0,0,0,0
2023-11-15T02:00:00Z,29,,,,0.221138,0.216,0.228,25.148276,23.3,26.9,3.815586,3.814,3.816,37338,37366,0,0,0,0
2023-11-15T03:00:00Z,30,,,,0.220667,0.216,0.228,25.013333,23.3,26.9,3.815167,3.813,3.816,37367,37396,0,0,0,0
2023-11-15T04:00:00Z,29,,,,0.22069,0.216,0.227,25.551724,23.5,27.1,3.814448,3.813,3.816,37397,37425,0,0,0,0
2023-11-15T05:00:00Z,28,,,,0.220679,0.217,0.224,25.55,23.5,27.2,3.81375,3.813,3.816,37426,37454,0,0,0,0
2023-11-15T06:00:00Z,29,,,,0.220448,0.216,0.224,25.151724,23.3,27.2,3.813862,3.811,3.816,37455,37483,0,0,0,0
2023-11-15T07:00:00Z,29,,,,0.22,0.216,0.228,24.831034,23.4,27.2,3.812276,3.809,3.816,37484,37512,0,0,0,0
2023-11-15T08:00:00Z,29,,,,0.219655,0.216,0.224,25.289655,23.4,27.2,3.810759,3.809,3.814,37513,37541,0,0,0,0
2023-11-15T09:00:00Z,30,,,,0.219633,0.215,0.226,25.143333,23.4,27.2,3.811,3.808,3.814,37542,37571,0,0,0,0
2023-11-15T10:00:00Z,29,,,,0.219034,0.216,0.225,25.162069,23.4,27.2,3.809621,3.808,3.814,37572,37600,0,0,0,0
2023-11-15T11:00:00Z,29,,,,0.221586,0.216,0.227,25.951724,23.7,27.4,3.808897,3.806,3.813,37601,37629,0,0,0,0
2023-11-15T12:00:00Z,29,,,,0.220207,0.216,0.225,25.141379,23.6,27.2,3.807897,3.805,3.811,37630,37658,0,0,0,0
2023-11-15T13:00:00Z,23,,,,0.220435,0.215,0.228,25.13913,23.4,27.2,3.806652,3.803,3.809,37659,37684,0,0,0,0
2023-11-15T14:00:00Z,4,,,,0.21775,0.216,0.219,24.6,23.5,26.4,3.8035,3.803,3.805,37688,37694,0,0,0,0
2023-11-15T15:00:00Z,10,,,,0.22,0.216,0.224,25.16,23.7,26.9,3.7962,3.793,3.8,37727,37740,0,0,0,0
2023-11-15T16:00:00Z,30,,,,0.221267,0.216,0.225,25.45,23.4,27.2,3.795033,3.793,3.798,37741,37770,0,0,0,0
2023-11-15T17:00:00Z,29,,,,0.220448,0.216,0.227,25.355172,23.4,27.3,3.793414,3.791,3.796,37771,37799,0,0,0,0
2023-11-15T18:00:00Z,29,,,,0.220724,0.215,0.227,25.203448,23.4,27.2,3.792103,3.791,3.795,37800,37828,0,0,0,0
2023-11-15T19:00:00Z,29,,,,0.220483,0.216,0.225,25.217241,23.4,27.1,3.790759,3.79,3.793,37829,37857,0,0,0,0
2023-11-15T20:00:00Z,29,,,,0.220828,0.216,0.227,25.465517,23.4,27.2,3.790103,3.788,3.791,37858,37886,0,0,0,0
2023-11-15T21:00:00Z,30,,,,0.221633,0.217,0.228,25.95,23.4,27.2,3.789533,3.788,3.791,37887,37916,0,0,0,0
2023-11-15T22:00:00Z,29,,,,0.220276,0.216,0.225,25.106897,23.3,27.2,3.788483,3.786,3.79,37917,37945,0,0,0,0
2023-11-15T23:00:00Z,29,,,,0.22069,0.216,0.225,25.382759,23.3,27,3.787793,3.786,3.79,37946,37974,0,0,0,0
2023-11-16T00:00:00Z,29,,,,0.220828,0.217,0.228,25.237931,23.4,27,3.787207,3.785,3.79,37975,38003,0,0,0,0
2023-11-16T01:00:00Z,29,,,,0.220414,0.216,0.227,25.065517,23.4,27.1,3.786172,3.785,3.788,38004,38032,0,0,0,0
2023-11-16T02:00:00Z,29,,,,0.220414,0.215,0.225,25.32069,23.4,27,3.786138,3.781,3.788,38033,38061,0,0,0,0
2023-11-16T03:00:00Z,30,,,,0.2208,0.217,0.226,24.976667,23.3,26.9,3.7845,3.781,3.786,38062,38091,0,0,0,0
2023-11-16T04:00:00Z,28,,,,0.221536,0.217,0.227,25.375,23.3,26.9,3.782714,3.78,3.786,38093,38120,0,0,0,0
2023-11-16T05:00:00Z,29,,,,0.219931,0.216,0.226,25.213793,23.3,27.2,3.780241,3.778,3.785,38121,38149,0,0,0,0
2023-11-16T06:00:00Z,29,,,,0.220966,0.216,0.226,25.510345,23.3,27.1,3.778966,3.776,3.783,38150,38178,0,0,0,0
2023-11-16T07:00:00Z,29,,,,0.219483,0.215,0.227,24.67931,23.3,27.1,3.77769,3.775,3.781,38179,38207,0,0,0,0
2023-11-16T08:00:00Z,30,,,,0.221,0.216,0.228,25.513333,23.3,27.2,3.775333,3.77,3.778,38208,38237,0,0,0,0
2023-11-16T09:00:00Z,29,,,,0.219931,0.215,0.225,25.027586,23.3,27.1,3.773793,3.772,3.778,38238,38266,0,0,0,0
2023-11-16T10:00:00Z,29,,,,0.220138,0.216,0.223,25.441379,23.4,27.1,3.772414,3.77,3.775,38267,38295,0,0,0,0
2023-11-16T11:00:00Z,29,,,,0.220207,0.216,0.228,25.082759,23.3,27.2,3.771103,3.768,3.773,38296,38324,0,0,0,0
2023-11-16T12:00:00Z,29,,,,0.219828,0.216,0.224,25.324138,23.5,27.1,3.769414,3.767,3.773,38325,38353,0,0,0,0
2023-11-16T13:00:00Z,29,,,,0.219586,0.216,0.224,25.058621,23.5,27.1,3.768103,3.767,3.772,38354,38382,0,0,0,0
2023-11-16T14:00:00Z,30,,,,0.2206,0.216,0.228,25.5,23.8,27.2,3.7666,3.765,3.77,38383,38412,0,0,0,0
2023-11-16T15:00:00Z,29,,,,0.219724,0.216,0.226,25.27931,23.5,27,3.765655,3.765,3.768,38413,38441,0,0,0,0
2023-11-16T16:00:00Z,29,,,,0.219931,0.216,0.228,25.196552,23.5,27.3,3.764931,3.763,3.767,38442,38470,0,0,0,0
2023-11-16T17:00:00Z,29,,,,0.21931,0.215,0.226,25.144828,23.5,27.3,3.764448,3.763,3.767,38471,38499,0,0,0,0
2023-11-16T18:00:00Z,29,,,,0.220621,0.216,0.227,25.337931,23.5,27.3,3.763621,3.763,3.765,38500,38528,0,0,0,0
2023-11-16T19:00:00Z,29,,,,0.220379,0.216,0.227,25.024138,23.3,27.3,3.763172,3.762,3.765,38529,38558,0,0,0,0
2023-11-16T20:00:00Z,29,,,,0.220379,0.216,0.225,25.155172,23.3,27.3,3.762483,3.76,3.763,38559,38587,0,0,0,0
2023-11-16T21:00:00Z,29,,,,0.22,0.216,0.226,25.196552,23.4,27,3.761759,3.76,3.763,38588,38616,0,0,0,0
2023-11-16T22:00:00Z,29,,,,0.220276,0.216,0.226,25.037931,23.4,27,3.760793,3.758,3.763,38617,38645,0,0,0,0
2023-11-16T23:00:00Z,29,,,,0.221207,0.216,0.227,25.227586,23.4,26.9,3.758759,3.757,3.762,38646,38674,0,0,0,0
2023-11-17T00:00:00Z,30,,,,0.220667,0.216,0.225,25.343333,23.4,26.9,3.7572,3.755,3.76,38675,38704,0,0,0,0
2023-11-17T01:00:00Z,28,,,,0.220821,0.216,0.227,25.360714,23.4,27,3.756393,3.753,3.76,38705,38733,0,0,0,0
2023-11-17T02:00:00Z,28,,,,0.22025,0.216,0.226,25.257143,23.3,27.1,3.752857,3.75,3.757,38734,38762,0,0,0,0
2023-11-17T03:00:00Z,29,,,,0.220828,0.216,0.226,25.193103,23.3,27.2,3.749862,3.748,3.753,38763,38791,0,0,0,0
2023-11-17T04:00:00Z,29,,,,0.219586,0.216,0.227,25.134483,23.4,27.2,3.748621,3.747,3.752,38792,38820,0,0,0,0
2023-11-17T05:00:00Z,30,,,,0.219233,0.216,0.224,24.986667,23.4,27.1,3.747567,3.745,3.752,38821,38850,0,0,0,0
2023-11-17T06:00:00Z,29,,,,0.220448,0.216,0.226,25.362069,23.4,27.2,3.744759,3.743,3.748,38851,38879,0,0,0,0
2023-11-17T07:00:00Z,29,,,,0.220034,0.216,0.225,25.07931,23.3,27.2,3.743103,3.742,3.747,38880,38908,0,0,0,0
2023-11-17T08:00:00Z,29,,,,0.220517,0.216,0.228,25.337931,23.5,27.1,3.74131,3.74,3.743,38909,38937,0,0,0,0
2023-11-17T09:00:00Z,29,,,,0.220483,0.216,0.226,25.410345,23.6,27.2,3.739759,3.739,3.743,38938,38966,0,0,0,0
2023-11-17T10:00:00Z,30,,,,0.2193,0.216,0.227,24.856667,23.4,27.2,3.7388,3.735,3.742,38967,38996,0,0,0,0
2023-11-17T11:00:00Z,29,,,,0.219897,0.216,0.227,25.141379,23.4,27.2,3.736103,3.735,3.739,38997,39025,0,0,0,0
2023-11-17T12:00:00Z,29,,,,0.221103,0.216,0.228,25.706897,23.5,27.3,3.735483,3.732,3.739,39026,39054,0,0,0,0
2023-11-17T13:00:00Z,29,,,,0.219414,0.215,0.228,25.237931,23.4,27.2,3.733586,3.73,3.735,39055,39083,0,0,0,0
2023-11-17T14:00:00Z,29,,,,0.22,0.216,0.224,25.103448,23.6,27,3.731069,3.729,3.735,39084,39112,0,0,0,0
2023-11-17T15:00:00Z,29,,,,0.219552,0.215,0.224,25.668966,23.4,27.2,3.729897,3.727,3.732,39113,39141,0,0,0,0
2023-11-17T16:00:00Z,28,,,,0.221071,0.216,0.227,25.896429,23.4,27.4,3.727143,3.725,3.732,39142,39170,0,0,0,0
2023-11-17T17:00:00Z,26,,,,0.220538,0.216,0.226,25.580769,23.4,27.2,3.725346,3.722,3.73,39171,39200,0,0,0,0
2023-11-17T18:00:00Z,29,,,,0.22,0.216,0.226,24.886207,23.4,27.1,3.722483,3.719,3.725,39201,39229,0,0,0,0
2023-11-17T19:00:00Z,29,,,,0.220069,0.215,0.225,25.137931,23.4,27.2,3.720724,3.719,3.724,39230,39258,0,0,0,0
2023-11-17T20:00:00Z,29,,,,0.22031,0.216,0.224,25.172414,23.4,27,3.719,3.717,3.724,39259,39287,0,0,0,0
2023-11-17T21:00:00Z,29,,,,0.220172,0.216,0.224,24.958621,23.4,27.1,3.717483,3.714,3.72,39288,39316,0,0,0,0
2023-11-17T22:00:00Z,30,,,,0.220467,0.216,0.225,25.39,23.3,27.2,3.715767,3.714,3.719,39317,39346,0,0,0,0
2023-11-17T23:00:00Z,29,,,,0.220828,0.217,0.227,25.086207,23.4,27.2,3.713724,3.712,3.717,39347,39375,0,0,0,0
2023-11-18T00:00:00Z,29,,,,0.221,0.216,0.226,25.52069,23.4,26.9,3.712552,3.71,3.714,39376,39404,0,0,0,0
2023-11-18T01:00:00Z,29,,,,0.219621,0.216,0.224,24.889655,23.4,26.7,3.711586,3.71,3.714,39405,39433,0,0,0,0
2023-11-18T02:00:00Z,29,,,,0.220345,0.216,0.227,25.437931,23.3,26.9,3.710483,3.71,3.712,39434,39462,0,0,0,0
2023-11-18T03:00:00Z,30,,,,0.219833,0.216,0.225,25.053333,23.4,26.8,3.709967,3.709,3.712,39463,39492,0,0,0,0
2023-11-18T04:00:00Z,29,,,,0.220034,0.216,0.226,25.2,23.4,26.9,3.709448,3.709,3.71,39493,39521,0,0,0,0
2023-11-18T05:00:00Z,29,,,,0.220034,0.216,0.226,25.158621,23.3,27.1,3.708034,3.706,3.71,39522,39550,0,0,0,0
2023-11-18T06:00:00Z,29,,,,0.219862,0.216,0.228,25.27931,23.4,27.3,3.706069,3.702,3.709,39551,39579,0,0,0,0
2023-11-18T07:00:00Z,29,,,,0.21969,0.216,0.225,25.196552,23.4,27.1,3.702897,3.701,3.707,39580,39608,0,0,0,0
2023-11-18T08:00:00Z,30,,,,0.220133,0.216,0.226,24.983333,23.5,27,3.701333,3.697,3.704,39609,39638,0,0,0,0
2023-11-18T09:00:00Z,29,,,,0.220655,0.216,0.226,25.172414,23.4,26.9,3.698552,3.689,3.704,39639,39667,0,0,0,0
2023-11-18T10:00:00Z,28,,,,0.220357,0.216,0.227,25.439286,23.5,27.2,3.692214,3.686,3.699,39668,39696,0,0,0,0
2023-11-18T11:00:00Z,16,,,,0.220625,0.215,0.223,25.6375,23.4,27.1,3.685938,3.681,3.697,39697,39723,0,0,0,0
2023-11-18T12:00:00Z,3,,,,0.218333,0.216,0.222,25.233333,24.2,26.8,3.678667,3.677,3.682,39731,39742,0,0,0,0
2023-11-18T13:00:00Z,24,,,,0.219833,0.216,0.224,25.395833,23.3,27.2,3.6735,3.671,3.677,39755,39778,0,0,0,0
2023-11-18T14:00:00Z,30,,,,0.2201,0.216,0.223,25.36,23.5,27,3.671933,3.669,3.676,39779,39808,0,0,0,0
2023-11-18T15:00:00Z,29,,,,0.21969,0.215,0.224,25.244828,23.4,27.3,3.670931,3.668,3.676,39809,39837,0,0,0,0
2023-11-18T16:00:00Z,29,,,,0.220448,0.216,0.228,25.272414,23.6,27.1,3.667724,3.664,3.673,39838,39866,0,0,0,0
2023-11-18T17:00:00Z,29,,,,0.219897,0.216,0.225,25.296552,23.4,27.2,3.665862,3.664,3.669,39867,39895,0,0,0,0
2023-11-18T18:00:00Z,29,,,,0.219207,0.216,0.224,24.755172,23.5,27,3.664138,3.661,3.668,39896,39924,0,0,0,0
2023-11-18T19:00:00Z,30,,,,0.219833,0.216,0.226,24.886667,23.4,26.8,3.6629,3.659,3.666,39925,39954,0,0,0,0
2023-11-18T20:00:00Z,29,,,,0.220138,0.216,0.225,25.07931,23.4,27.2,3.661172,3.659,3.664,39955,39983,0,0,0,0
2023-11-18T21:00:00Z,29,,,,0.220897,0.216,0.228,25.313793,23.4,27,3.659586,3.658,3.661,39984,40012,0,0,0,0
2023-11-18T22:00:00Z,29,,,,0.22031,0.216,0.226,25.244828,23.3,27.2,3.658655,3.658,3.659,40013,40041,0,0,0,0
2023-11-18T23:00:00Z,29,,,,0.220414,0.216,0.225,25.203448,23.4,27,3.658241,3.658,3.659,40042,40070,0,0,0,0
2023-11-19T00:00:00Z,30,,,,0.219967,0.216,0.227,25.163333,23.4,27.2,3.657467,3.656,3.659,40071,40100,0,0,0,0
2023-11-19T01:00:00Z,29,,,,0.219621,0.216,0.224,25.103448,23.4,26.9,3.656138,3.654,3.658,40101,40129,0,0,0,0
2023-11-19T02:00:00Z,29,,,,0.219621,0.216,0.227,25.034483,23.4,27.2,3.654793,3.651,3.658,40130,40158,0,0,0,0
2023-11-19T03:00:00Z,29,,,,0.219586,0.216,0.224,24.768966,23.4,27,3.652966,3.649,3.656,40159,40187,0,0,0,0
2023-11-19T04:00:00Z,29,,,,0.219862,0.216,0.224,25.17931,23.4,26.9,3.649655,3.648,3.653,40188,40216,0,0,0,0
2023-11-19T05:00:00Z,30,,,,0.219367,0.215,0.224,25.036667,23.4,26.9,3.647,3.644,3.651,40217,40246,0,0,0,0
2023-11-19T06:00:00Z,29,,,,0.219793,0.215,0.224,25.2,23.3,27.1,3.645241,3.643,3.649,40247,40275,0,0,0,0
2023-11-19T07:00:00Z,28,,,,0.219893,0.216,0.224,25.085714,23.4,26.9,3.643036,3.64,3.648,40276,40304,0,0,0,0
2023-11-19T08:00:00Z,28,,,,0.219786,0.216,0.227,24.921429,23.4,26.9,3.641214,3.64,3.644,40305,40333,0,0,0,0
2023-11-19T09:00:00Z,29,,,,0.22031,0.216,0.224,25.293103,23.6,27,3.638724,3.636,3.643,40334,40362,0,0,0,0
2023-11-19T10:00:00Z,30,,,,0.220033,0.216,0.226,25.213333,23.5,27,3.636667,3.635,3.64,40363,40392,0,0,0,0
2023-11-19T11:00:00Z,29,,,,0.220793,0.216,0.226,25.303448,23.4,27,3.635414,3.631,3.638,40393,40421,0,0,0,0
2023-11-19T12:00:00Z,28,,,,0.219821,0.215,0.225,25.310714,23.5,27,3.633214,3.631,3.636,40422,40450,0,0,0,0
2023-11-19T13:00:00Z,29,,,,0.219724,0.216,0.225,24.903448,23.5,27.2,3.63069,3.628,3.635,40451,40479,0,0,0,0
2023-11-19T14:00:00Z,29,,,,0.219793,0.216,0.225,25.072414,23.4,27,3.629517,3.626,3.631,40480,40508,0,0,0,0
2023-11-19T15:00:00Z,29,,,,0.220103,0.215,0.227,25.206897,23.4,27.2,3.627966,3.625,3.631,40509,40537,0,0,0,0
2023-11-19T16:00:00Z,29,,,,0.21969,0.215,0.224,25.351724,23.4,27.2,3.625897,3.623,3.628,40538,40566,0,0,0,0
2023-11-19T17:00:00Z,29,,,,0.219276,0.215,0.225,25.186207,23.4,27.3,3.622276,3.62,3.626,40567,40596,0,0,0,0
2023-11-19T18:00:00Z,29,,,,0.220034,0.215,0.226,25.189655,23.5,27.2,3.620897,3.618,3.625,40597,40625,0,0,0,0
2023-11-19T19:00:00Z,27,,,,0.219333,0.215,0.224,24.862963,23.5,27,3.617778,3.615,3.623,40626,40654,0,0,0,0
2023-11-19T20:00:00Z,29,,,,0.219724,0.216,0.225,24.975862,23.5,27,3.615379,3.613,3.618,40655,40683,0,0,0,0
2023-11-19T21:00:00Z,29,,,,0.219724,0.215,0.227,25.603448,23.5,27.1,3.613345,3.611,3.616,40684,40712,0,0,0,0
2023-11-19T22:00:00Z,29,,,,0.219241,0.215,0.224,25.272414,23.5,27.2,3.611207,3.608,3.615,40713,40741,0,0,0,0
2023-11-19T23:00:00Z,30,,,,0.221,0.216,0.227,25.896667,23.7,27.2,3.608833,3.607,3.611,40742,40771,0,0,0,0
2023-11-20T00:00:00Z,29,,,,0.219793,0.215,0.224,25.210345,23.4,27.2,3.608069,3.607,3.61,40772,40800,0,0,0,0
2023-11-20T01:00:00Z,29,,,,0.220448,0.216,0.226,25.348276,23.5,26.9,3.607345,3.605,3.608,40801,40829,0,0,0,0
2023-11-20T02:00:00Z,29,,,,0.220621,0.216,0.226,25.237931,23.4,27,3.605966,3.605,3.607,40830,40858,0,0,0,0
2023-11-20T03:00:00Z,29,,,,0.219897,0.216,0.224,25.251724,23.3,26.9,3.60569,3.605,3.607,40859,40887,0,0,0,0
2023-11-20T04:00:00Z,30,,,,0.220867,0.216,0.225,25.096667,23.3,27.2,3.604933,3.603,3.605,40888,40917,0,0,0,0
2023-11-20T05:00:00Z,29,,,,0.220517,0.215,0.225,25.410345,23.4,27,3.603586,3.602,3.605,40918,40946,0,0,0,0
2023-11-20T06:00:00Z,29,,,,0.219552,0.215,0.225,25.341379,23.3,26.9,3.601724,3.598,3.605,40947,40975,0,0,0,0
2023-11-20T07:00:00Z,29,,,,0.220207,0.215,0.227,25.472414,23.4,27.1,3.600517,3.598,3.603,40976,41004,0,0,0,0
2023-11-20T08:00:00Z,29,,,,0.218862,0.215,0.224,24.872414,23.3,27,3.598621,3.595,3.602,41005,41033,0,0,0,0
2023-11-20T09:00:00Z,30,,,,0.220067,0.215,0.224,25.24,23.3,27.1,3.597167,3.593,3.6,41034,41063,0,0,0,0
2023-11-20T10:00:00Z,29,,,,0.220793,0.215,0.227,25.689655,23.4,27.1,3.594172,3.592,3.598,41064,41092,0,0,0,0
2023-11-20T11:00:00Z,29,,,,0.219828,0.216,0.226,25.134483,23.3,27.1,3.593138,3.59,3.597,41093,41121,0,0,0,0
2023-11-20T12:00:00Z,29,,,,0.219828,0.215,0.227,25.217241,23.4,27.2,3.590483,3.588,3.595,41122,41150,0,0,0,0
2023-11-20T13:00:00Z,29,,,,0.219103,0.216,0.223,25.131034,23.5,27.2,3.588552,3.587,3.592,41151,41179,0,0,0,0
2023-11-20T14:00:00Z,29,,,,0.220241,0.216,0.227,25.32069,23.6,27.2,3.586586,3.583,3.592,41180,41208,0,0,0,0
2023-11-20T15:00:00Z,30,,,,0.219833,0.215,0.224,25.32,23.4,27.2,3.584533,3.582,3.588,41209,41238,0,0,0,0
2023-11-20T16:00:00Z,29,,,,0.219207,0.215,0.225,25.127586,23.7,27.2,3.582931,3.58,3.587,41239,41267,0,0,0,0
2023-11-20T17:00:00Z,29,,,,0.219448,0.215,0.228,25.32069,23.5,27.4,3.581759,3.578,3.583,41268,41296,0,0,0,0
2023-11-20T18:00:00Z,29,,,,0.219241,0.215,0.224,24.982759,23.5,27.4,3.580034,3.578,3.583,41297,41325,0,0,0,0
2023-11-20T19:00:00Z,29,,,,0.219448,0.215,0.225,25.413793,23.6,27.6,3.578552,3.578,3.582,41326,41354,0,0,0,0
2023-11-20T20:00:00Z,26,,,,0.218731,0.215,0.223,25.326923,23.4,27.2,3.5775,3.575,3.582,41355,41383,0,0,0,0
2023-11-20T21:00:00Z,26,,,,0.219154,0.215,0.225,24.842308,23.4,27.2,3.575231,3.572,3.578,41384,41412,0,0,0,0
2023-11-20T22:00:00Z,29,,,,0.21931,0.216,0.227,24.982759,23.4,27.1,3.572621,3.57,3.575,41413,41441,0,0,0,0
2023-11-20T23:00:00Z,29,,,,0.219966,0.216,0.225,25.227586,23.4,27,3.570966,3.569,3.575,41442,41470,0,0,0,0
2023-11-21T00:00:00Z,30,,,,0.219433,0.216,0.224,25.056667,23.5,27.2,3.569067,3.565,3.572,41471,41500,0,0,0,0
2023-11-21T01:00:00Z,28,,,,0.220357,0.216,0.226,25.325,23.4,27,3.56675,3.564,3.57,41501,41529,0,0,0,0
2023-11-21T02:00:00Z,29,,,,0.22031,0.216,0.226,25.075862,23.3,27.1,3.564655,3.562,3.567,41530,41558,0,0,0,0
2023-11-21T03:00:00Z,29,,,,0.219724,0.215,0.224,25.155172,23.5,27.1,3.56231,3.56,3.565,41559,41587,0,0,0,0
2023-11-21T04:00:00Z,29,,,,0.220069,0.216,0.226,25.334483,23.6,27.2,3.561138,3.559,3.564,41588,41616,0,0,0,0
2023-11-21T05:00:00Z,30,,,,0.2191,0.215,0.225,24.866667,23.4,26.8,3.5588,3.557,3.562,41617,41646,0,0,0,0
2023-11-21T06:00:00Z,29,,,,0.219793,0.216,0.224,25.4,23.5,27.1,3.55569,3.555,3.559,41647,41675,0,0,0,0
2023-11-21T07:00:00Z,29,,,,0.221103,0.217,0.228,25.158621,23.3,27.2,3.554483,3.554,3.557,41676,41704,0,0,0,0
2023-11-21T08:00:00Z,26,,,,0.220115,0.217,0.226,25.111538,23.3,26.9,3.554077,3.552,3.557,41705,41732,0,0,0,0
2023-11-21T09:00:00Z,6,,,,0.2225,0.218,0.227,25.733333,23.5,27.1,3.552333,3.552,3.554,41734,41756,0,0,0,0
2023-11-21T10:00:00Z,8,,,,0.2215,0.218,0.224,25.8,23.6,27.1,3.54875,3.547,3.55,41768,41787,0,0,0,0
2023-11-21T11:00:00Z,29,,,,0.218862,0.215,0.227,25.048276,23.4,27,3.547759,3.545,3.55,41788,41816,0,0,0,0
2023-11-21T12:00:00Z,29,,,,0.220517,0.216,0.225,25.393103,23.3,27.1,3.546379,3.544,3.55,41817,41845,0,0,0,0
2023-11-21T13:00:00Z,29,,,,0.220655,0.216,0.226,25.148276,23.4,27.2,3.545483,3.541,3.549,41846,41874,0,0,0,0
2023-11-21T14:00:00Z,29,,,,0.22169,0.217,0.228,24.606897,21.9,26.7,3.543241,3.541,3.545,41875,41903,0,0,0,0
2023-11-21T15:00:00Z,29,,,,0.220517,0.217,0.227,23.634483,21.9,26.4,3.54269,3.539,3.545,41904,41932,0,0,0,0
2023-11-21T16:00:00Z,29,,,,0.220138,0.215,0.226,24.389655,22.2,26.8,3.541034,3.537,3.545,41933,41961,0,0,0,0
2023-11-21T17:00:00Z,28,,,,0.219107,0.215,0.224,24.971429,23.4,27.1,3.541393,3.537,3.545,41962,41991,0,0,0,0
2023-11-21T18:00:00Z,29,,,,0.220862,0.215,0.228,25.589655,23.4,27.4,3.539448,3.537,3.544,41992,42020,0,0,0,0
2023-11-21T19:00:00Z,29,,,,0.219828,0.215,0.227,25.306897,23.6,27.2,3.538414,3.536,3.542,42021,42049,0,0,0,0
2023-11-21T20:00:00Z,29,,,,0.220862,0.215,0.227,25.437931,23.5,27.4,3.537931,3.536,3.541,42050,42078,0,0,0,0
2023-11-21T21:00:00Z,29,,,,0.220621,0.215,0.226,25.306897,23.5,27.2,3.537276,3.534,3.541,42079,42107,0,0,0,0
2023-11-21T22:00:00Z,30,,,,0.220167,0.215,0.227,25.29,23.3,27.1,3.5353,3.532,3.539,42108,42137,0,0,0,0
2023-11-21T23:00:00Z,29,,,,0.220448,0.216,0.227,25.186207,23.4,27,3.534345,3.532,3.537,42138,42166,0,0,0,0
2023-11-22T00:00:00Z,29,,,,0.220655,0.216,0.227,25.193103,23.5,27.2,3.533448,3.531,3.537,42167,42195,0,0,0,0
2023-11-22T01:00:00Z,29,,,,0.219828,0.215,0.226,25.103448,23.4,27.1,3.532138,3.531,3.536,42196,42224,0,0,0,0
2023-11-22T02:00:00Z,29,,,,0.219828,0.216,0.227,25.065517,23.3,27.2,3.531414,3.527,3.534,42225,42253,0,0,0,0
2023-11-22T03:00:00Z,30,,,,0.2203,0.217,0.224,25.37,23.4,26.9,3.5306,3.529,3.532,42254,42283,0,0,0,0
2023-11-22T04:00:00Z,29,,,,0.221862,0.217,0.227,25.244828,23.3,26.8,3.528483,3.526,3.531,42284,42312,0,0,0,0
2023-11-22T05:00:00Z,29,,,,0.220724,0.217,0.226,25.213793,23.4,27,3.528069,3.526,3.531,42313,42341,0,0,0,0
2023-11-22T06:00:00Z,29,,,,0.220069,0.216,0.227,25.041379,23.3,27.2,3.527,3.526,3.529,42342,42370,0,0,0,0
2023-11-22T07:00:00Z,29,,,,0.220241,0.215,0.224,25.282759,23.3,27,3.526172,3.524,3.529,42371,42399,0,0,0,0
2023-11-22T08:00:00Z,29,,,,0.219517,0.215,0.226,24.662069,23.3,27.2,3.526034,3.524,3.529,42400,42428,0,0,0,0
2023-11-22T09:00:00Z,27,,,,0.221148,0.216,0.228,25.351852,23.3,27,3.525148,3.522,3.527,42429,42458,0,0,0,0
2023-11-22T10:00:00Z,29,,,,0.219759,0.215,0.224,25.437931,23.5,27.1,3.524,3.522,3.526,42459,42487,0,0,0,0
2023-11-22T11:00:00Z,29,,,,0.220379,0.216,0.226,25.668966,23.5,27.2,3.523138,3.521,3.526,42488,42516,0,0,0,0
2023-11-22T12:00:00Z,29,,,,0.220034,0.216,0.227,24.782759,23.4,27.2,3.522379,3.521,3.526,42517,42545,0,0,0,0
2023-11-22T13:00:00Z,29,,,,0.219448,0.216,0.226,25.062069,23.5,27.2,3.521552,3.519,3.524,42546,42574,0,0,0,0
2023-11-22T14:00:00Z,30,,,,0.219767,0.216,0.225,25.313333,23.5,27.2,3.520767,3.519,3.524,42575,42604,0,0,0,0
2023-11-22T15:00:00Z,29,,,,0.219828,0.216,0.227,25.410345,23.4,27.3,3.52,3.517,3.522,42605,42633,0,0,0,0
2023-11-22T16:00:00Z,29,,,,0.220759,0.216,0.224,25.706897,23.3,27.2,3.518138,3.516,3.522,42634,42662,0,0,0,0
2023-11-22T17:00:00Z,29,,,,0.220483,0.216,0.226,25.32069,23.4,27.2,3.517138,3.514,3.521,42663,42691,0,0,0,0
2023-11-22T18:00:00Z,29,,,,0.219552,0.215,0.224,24.989655,23.3,27,3.516103,3.514,3.519,42692,42720,0,0,0,0
2023-11-22T19:00:00Z,30,,,,0.219967,0.216,0.226,25.103333,23.4,27.1,3.514967,3.511,3.519,42721,42750,0,0,0,0
2023-11-22T20:00:00Z,29,,,,0.220069,0.216,0.224,25.272414,23.8,27.1,3.514034,3.511,3.517,42751,42779,0,0,0,0
2023-11-22T21:00:00Z,29,,,,0.220552,0.216,0.227,25.403448,23.4,27,3.512138,3.509,3.516,42780,42808,0,0,0,0
2023-11-22T22:00:00Z,29,,,,0.219862,0.216,0.226,24.810345,23.3,27.1,3.511448,3.509,3.516,42809,42837,0,0,0,0
2023-11-22T23:00:00Z,29,,,,0.220724,0.217,0.225,25.313793,23.3,27.1,3.509966,3.508,3.512,42838,42866,0,0,0,0
2023-11-23T00:00:00Z,30,,,,0.220533,0.216,0.227,25.296667,23.3,27,3.508633,3.506,3.511,42867,42896,0,0,0,0
2023-11-23T01:00:00Z,29,,,,0.22,0.216,0.225,25.293103,23.3,27,3.507069,3.504,3.509,42897,42925,0,0,0,0
2023-11-23T02:00:00Z,29,,,,0.219621,0.216,0.226,25.213793,23.4,27.2,3.505621,3.503,3.509,42926,42954,0,0,0,0
2023-11-23T03:00:00Z,29,,,,0.220103,0.215,0.226,25.555172,23.4,27.1,3.504138,3.503,3.508,42955,42983,0,0,0,0
2023-11-23T04:00:00Z,29,,,,0.220069,0.216,0.226,25.07931,23.3,27.2,3.503138,3.501,3.506,42984,43012,0,0,0,0
2023-11-23T05:00:00Z,30,,,,0.220233,0.217,0.225,25.073333,23.4,27,3.5015,3.501,3.504,43013,43042,0,0,0,0
2023-11-23T06:00:00Z,29,,,,0.220759,0.216,0.225,25.248276,23.4,27,3.50031,3.499,3.501,43043,43071,0,0,0,0
2023-11-23T07:00:00Z,29,,,,0.220862,0.215,0.225,25.396552,23.5,27.2,3.499414,3.499,3.501,43072,43100,0,0,0,0
2023-11-23T08:00:00Z,29,,,,0.220034,0.215,0.227,25.217241,23.3,27.1,3.499,3.498,3.501,43101,43129,0,0,0,0
2023-11-23T09:00:00Z,29,,,,0.219207,0.216,0.223,24.996552,23.4,27.1,3.497828,3.494,3.499,43130,43158,0,0,0,0
2023-11-23T10:00:00Z,30,,,,0.2203,0.217,0.226,24.996667,23.4,27.1,3.495333,3.493,3.498,43159,43188,0,0,0,0
2023-11-23T11:00:00Z,29,,,,0.221103,0.217,0.225,25.4,23.4,27,3.492241,3.489,3.496,43189,43217,0,0,0,0
2023-11-23T12:00:00Z,29,,,,0.220414,0.216,0.227,25.22069,23.4,27.3,3.489,3.484,3.493,43218,43246,0,0,0,0
2023-11-23T13:00:00Z,29,,,,0.220621,0.216,0.225,25.341379,23.5,27.1,3.483931,3.481,3.489,43247,43275,0,0,0,0
2023-11-23T14:00:00Z,29,,,,0.220069,0.216,0.225,25.396552,23.4,27.1,3.479448,3.476,3.484,43276,43304,0,0,0,0
2023-11-23T15:00:00Z,30,,,,0.2197,0.216,0.227,25.083333,23.3,27.2,3.475833,3.475,3.479,43305,43334,0,0,0,0
2023-11-23T16:00:00Z,29,,,,0.220621,0.215,0.225,25.551724,23.5,27.3,3.472207,3.47,3.475,43335,43363,0,0,0,0
2023-11-23T17:00:00Z,29,,,,0.220379,0.215,0.227,25.344828,23.4,27.2,3.468379,3.463,3.473,43364,43392,0,0,0,0
2023-11-23T18:00:00Z,29,,,,0.220138,0.216,0.227,25.455172,23.4,27.4,3.462621,3.458,3.468,43393,43421,0,0,0,0
2023-11-23T19:00:00Z,29,,,,0.220138,0.215,0.225,25.127586,23.4,27.2,3.456448,3.453,3.461,43422,43450,0,0,0,0
2023-11-23T20:00:00Z,28,,,,0.219714,0.216,0.224,25.121429,23.4,27.1,3.451786,3.448,3.456,43451,43480,0,0,0,0
2023-11-23T21:00:00Z,29,,,,0.220345,0.215,0.224,25.293103,23.4,27.2,3.447655,3.446,3.45,43481,43509,0,0,0,0
2023-11-23T22:00:00Z,29,,,,0.219483,0.215,0.226,25.062069,23.4,27.2,3.444862,3.442,3.448,43510,43538,0,0,0,0
2023-11-23T23:00:00Z,29,,,,0.220931,0.216,0.227,25.513793,23.5,27.2,3.439793,3.433,3.443,43539,43567,0,0,0,0
2023-11-24T00:00:00Z,29,,,,0.220276,0.216,0.224,25.165517,23.3,27.2,3.432241,3.428,3.438,43568,43596,0,0,0,0
2023-11-24T01:00:00Z,29,,,,0.220207,0.216,0.226,25.386207,23.4,26.9,3.426414,3.422,3.432,43597,43625,0,0,0,0
2023-11-24T02:00:00Z,30,,,,0.220567,0.216,0.224,25.39,23.3,27.1,3.420233,3.417,3.423,43626,43655,0,0,0,0
2023-11-24T03:00:00Z,29,,,,0.219897,0.215,0.226,25.172414,23.4,26.9,3.413897,3.409,3.42,43656,43684,0,0,0,0
2023-11-24T04:00:00Z,27,,,,0.220148,0.216,0.224,25.451852,23.4,27.2,3.404556,3.397,3.412,43685,43713,0,0,0,0
2023-11-24T05:00:00Z,9,,,,0.220667,0.216,0.226,25.2,23.9,26.8,3.395333,3.387,3.399,43714,43733,0,0,0,0
2023-11-24T06:00:00Z,2,,,,0.223,0.223,0.223,25.7,25.2,26.2,3.359,3.359,3.359,43765,43766,0,0,0,0
2023-11-24T07:00:00Z,29,,,,0.219759,0.215,0.225,25.672414,23.3,27.1,3.354552,3.351,3.361,43767,43795,0,0,0,0
2023-11-24T08:00:00Z,29,,,,0.218276,0.214,0.223,24.913793,23.3,27,3.345931,3.343,3.351,43796,43824,0,0,0,0
2023-11-24T09:00:00Z,30,,,,0.217967,0.213,0.223,25.136667,23.2,27.1,3.3407,3.336,3.343,43825,43854,0,0,0,0
2023-11-24T10:00:00Z,29,,,,0.216862,0.212,0.223,24.903448,23,26.7,3.332724,3.326,3.339,43855,43883,0,0,0,0
2023-11-24T11:00:00Z,29,,,,0.215276,0.211,0.223,24.572414,23,26.7,3.322897,3.318,3.329,43884,43912,0,0,0,0
2023-11-24T12:00:00Z,29,,,,0.215034,0.209,0.22,24.972414,22.8,26.5,3.312724,3.305,3.318,43913,43941,0,0,0,0
2023-11-24T13:00:00Z,29,,,,0.212483,0.207,0.218,24.434483,22.6,26.2,3.301276,3.295,3.308,43942,43970,0,0,0,0
2023-11-24T14:00:00Z,30,,,,0.209733,0.204,0.215,24.15,22.4,26,3.290233,3.286,3.295,43971,44000,0,0,0,0
2023-11-24T15:00:00Z,29,,,,0.207724,0.203,0.214,23.813793,22.3,26,3.281379,3.275,3.288,44001,44029,0,0,0,0
2023-11-24T16:00:00Z,29,,,,0.206207,0.2,0.211,23.913793,22,25.7,3.268586,3.263,3.275,44030,44058,0,0,0,0
2023-11-24T17:00:00Z,29,,,,0.203517,0.198,0.21,23.47931,21.8,25.5,3.257483,3.25,3.263,44059,44087,0,0,0,0
2023-11-24T18:00:00Z,29,,,,0.201655,0.196,0.21,23.013793,21.5,25.3,3.243586,3.239,3.252,44088,44116,0,0,0,0
2023-11-24T19:00:00Z,29,,,,0.199345,0.194,0.203,23.268966,21.2,25.1,3.233517,3.229,3.237,44117,44146,0,0,0,0
2023-11-24T20:00:00Z,29,,,,0.197483,0.193,0.201,23.165517,21.1,24.7,3.219207,3.212,3.227,44147,44175,0,0,0,0
2023-11-24T21:00:00Z,29,,,,0.195345,0.189,0.201,22.431034,20.9,24.7,3.204759,3.196,3.212,44176,44204,0,0,0,0
2023-11-24T22:00:00Z,29,,,,0.192897,0.187,0.198,22.413793,20.7,24.3,3.188724,3.182,3.196,44205,44233,0,0,0,0
2023-11-24T23:00:00Z,29,,,,0.185759,0.173,0.196,21.765517,18.9,24.1,3.163069,3.143,3.184,1,44244,0,0,0,0
2023-11-25T00:00:00Z,29,,,,0.175345,0.169,0.181,20.806897,18.9,22.8,3.131448,3.12,3.143,1,1,0,0,0,0
2023-11-25T01:00:00Z,29,,,,0.170966,0.166,0.177,20.244828,18.4,22.6,3.103897,3.088,3.12,1,1,0,0,0,0
2023-11-25T02:00:00Z,29,,,,0.167448,0.159,0.174,20.024138,18,21.9,3.074241,3.059,3.087,1,1,0,0,0,0
2023-11-25T03:00:00Z,29,,,,0.161586,0.155,0.169,19.465517,17.6,21.3,3.040103,3.024,3.057,1,1,0,0,0,0
2023-11-25T04:00:00Z,29,,,,0.155966,0.155,0.159,18.531034,17.3,19.6,3.002724,2.981,3.024,1,1,0,0,0,0
2023-11-25T05:00:00Z,29,,,,0.155,0.155,0.155,17.613793,16.5,19,2.955897,2.927,2.976,1,1,0,0,0,0
2023-11-25T06:00:00Z,5,,,,0.155,0.155,0.155,17.32,17.2,17.5,2.9226,2.92,2.925,1,1,0,0,0,0
