ts_utc,n_samples,n_out_of_range,solar_v_avg,solar_v_max,solar2_v_avg,solar2_v_max,solar3_v_avg,solar3_v_max,battery_v_avg,battery_v_min,battery_v_max,battery2_v_min,battery2_v_max,lipo_v_avg,lipo_v_min,lipo_v_max,lipo2_v_avg,lipo2_v_min,lipo2_v_max,current_a_avg,current_a_chA_avg,current_a_chB_avg,current2_a_avg,power_w_avg,power_w_max,load_v_avg,load1_v_avg,load2_v_avg,wind_v_avg,temp_deci_c_avg,temp_deci_c_min,temp_deci_c_max,voltage_adc_avg,digital_adc_avg,energy_wh,boot_count_min,boot_count_max,solar_v_n_oor,solar2_v_n_oor,solar3_v_n_oor,battery_v_n_oor,battery2_v_n_oor,lipo_v_n_oor,lipo2_v_n_oor,current_a_n_oor,current_a_chA_n_oor,current_a_chB_n_oor,current2_a_n_oor,power_w_n_oor,load_v_n_oor,load1_v_n_oor,load2_v_n_oor,temp_c_n_oor,scaled_channels
2020-05-21T02:00:00Z,4.0,4.0,2.134,2.144,,,,,4287.0,4278.0,4302.0,,,2.687,0.151,3.532,,,,,,,,,,,553.0,1373.0,0.0,,,,,,,1.0,4.0,0.0,0.0,0.0,0.0,0.0,1.0,0.0,0.0,0.0,0.0,0.0,0.0,0.0,4.0,4.0,0.0,"solar_v,lipo_v"
2020-05-21T03:00:00Z,21.0,21.0,2.124,2.145,,,,,4266.095,4238.0,4308.0,,,3.532,3.532,3.532,,,,,,,,,,,568.952,1879.857,0.0,,,,,,,5.0,33.0,0.0,0.0,0.0,0.0,0.0,0.0,0.0,0.0,0.0,0.0,0.0,0.0,0.0,21.0,21.0,0.0,"solar_v,lipo_v"
2020-05-21T04:00:00Z,25.0,25.0,2.107,2.134,,,,,4234.16,4196.0,4288.0,,,3.532,3.532,3.532,,,,,,,,,,,558.44,1687.72,0.0,,,,,,,34.0,60.0,0.0,0.0,0.0,0.0,0.0,0.0,0.0,0.0,0.0,0.0,0.0,0.0,0.0,25.0,25.0,0.0,"solar_v,lipo_v"
2020-05-21T05:00:00Z,26.0,26.0,2.097,2.128,,,,,4213.0,4182.0,4272.0,,,3.532,3.532,3.532,,,,,,,,,,,546.346,1214.077,0.0,,,,,,,64.0,90.0,0.0,0.0,0.0,0.0,0.0,0.0,0.0,0.0,0.0,0.0,0.0,0.0,0.0,26.0,26.0,0.0,"solar_v,lipo_v"
2020-05-21T06:00:00Z,22.0,22.0,1.811,2.11,,,,,4205.364,4168.0,4238.0,,,3.532,3.532,3.532,,,,,,,,,,,552.545,1796.864,0.0,,,,,,,93.0,118.0,0.0,0.0,0.0,0.0,0.0,0.0,0.0,0.0,0.0,0.0,0.0,0.0,0.0,22.0,22.0,0.0,"solar_v,lipo_v"
2020-05-21T07:00:00Z,27.0,27.0,1.926,2.105,,,,,4213.481,4164.0,4238.0,,,3.532,3.532,3.532,,,,,,,,,,,540.148,866.481,0.0,,,,,,,120.0,149.0,0.0,0.0,0.0,0.0,0.0,0.0,0.0,0.0,0.0,0.0,0.0,0.0,0.0,27.0,27.0,0.0,"solar_v,lipo_v"
2020-05-21T08:00:00Z,23.0,23.0,2.075,2.118,,,,,4224.696,4176.0,4248.0,,,3.532,3.532,3.532,,,,,,,,,,,534.087,471.217,0.0,,,,,,,150.0,177.0,0.0,0.0,0.0,0.0,0.0,0.0,0.0,0.0,0.0,0.0,0.0,0.0,0.0,23.0,23.0,0.0,"solar_v,lipo_v"
2020-05-21T09:00:00Z,28.0,28.0,2.08,2.115,,,,,4219.071,4192.0,4248.0,,,3.532,3.532,3.532,,,,,,,,,,,532.179,193.893,0.0,,,,,,,178.0,207.0,0.0,0.0,0.0,0.0,0.0,0.0,0.0,0.0,0.0,0.0,0.0,0.0,0.0,28.0,28.0,0.0,"solar_v,lipo_v"
2020-05-21T10:00:00Z,28.0,28.0,1.978,2.128,,,,,4243.357,4194.0,4268.0,,,3.532,3.532,3.532,,,,,,,,,,,529.786,191.107,0.0,,,,,,,208.0,236.0,0.0,0.0,0.0,0.0,0.0,0.0,0.0,0.0,0.0,0.0,0.0,0.0,0.0,28.0,28.0,0.0,"solar_v,lipo_v"
2020-05-21T11:00:00Z,30.0,30.0,3.364,3.532,,,,,4441.867,4274.0,4480.0,,,3.532,3.532,3.532,,,,,,,,,,,529.333,190.267,0.0,,,,,,,237.0,266.0,0.0,0.0,0.0,0.0,0.0,0.0,0.0,0.0,0.0,0.0,0.0,0.0,0.0,30.0,30.0,0.0,"solar_v,lipo_v"
2020-05-21T12:00:00Z,29.0,29.0,3.532,3.532,,,,,4506.759,4482.0,4526.0,,,3.532,3.532,3.532,,,,,,,,,,,531.379,190.586,0.0,,,,,,,267.0,295.0,0.0,0.0,0.0,0.0,0.0,0.0,0.0,0.0,0.0,0.0,0.0,0.0,0.0,29.0,29.0,0.0,"solar_v,lipo_v"
2020-05-21T13:00:00Z,30.0,30.0,3.532,3.532,,,,,4571.933,4526.0,4622.0,,,3.532,3.532,3.532,,,,,,,,,,,531.1,191.233,0.0,,,,,,,296.0,325.0,0.0,0.0,0.0,0.0,0.0,0.0,0.0,0.0,0.0,0.0,0.0,0.0,0.0,30.0,30.0,0.0,"solar_v,lipo_v"
2020-05-21T14:00:00Z,27.0,27.0,3.532,3.532,,,,,4610.741,4506.0,4704.0,,,3.532,3.532,3.532,,,,,,,,,,,536.926,196.815,0.0,,,,,,,326.0,354.0,0.0,0.0,0.0,0.0,0.0,0.0,0.0,0.0,0.0,0.0,0.0,0.0,0.0,27.0,27.0,0.0,"solar_v,lipo_v"
2020-05-21T15:00:00Z,30.0,30.0,3.532,3.532,,,,,4491.2,4480.0,4504.0,,,3.532,3.532,3.532,,,,,,,,,,,543.133,202.7,0.0,,,,,,,355.0,384.0,0.0,0.0,0.0,0.0,0.0,0.0,0.0,0.0,0.0,0.0,0.0,0.0,0.0,30.0,30.0,0.0,"solar_v,lipo_v"
2020-05-21T16:00:00Z,30.0,30.0,3.532,3.532,,,,,4478.4,4474.0,4486.0,,,3.532,3.532,3.532,,,,,,,,,,,545.7,207.6,0.0,,,,,,,385.0,414.0,0.0,0.0,0.0,0.0,0.0,0.0,0.0,0.0,0.0,0.0,0.0,0.0,0.0,30.0,30.0,0.0,"solar_v,lipo_v"
2020-05-21T17:00:00Z,29.0,29.0,3.532,3.532,,,,,4475.448,4474.0,4480.0,,,3.532,3.532,3.532,,,,,,,,,,,550.138,208.793,0.0,,,,,,,415.0,443.0,0.0,0.0,0.0,0.0,0.0,0.0,0.0,0.0,0.0,0.0,0.0,0.0,0.0,29.0,29.0,0.0,"solar_v,lipo_v"
2020-05-21T18:00:00Z,30.0,30.0,3.532,3.532,,,,,4474.667,4472.0,4480.0,,,3.532,3.532,3.532,,,,,,,,,,,548.567,208.0,0.0,,,,,,,444.0,473.0,0.0,0.0,0.0,0.0,0.0,0.0,0.0,0.0,0.0,0.0,0.0,0.0,0.0,30.0,30.0,0.0,"solar_v,lipo_v"
2020-05-21T19:00:00Z,29.0,29.0,3.532,3.532,,,,,4474.207,4466.0,4480.0,,,3.532,3.532,3.532,,,,,,,,,,,549.862,209.103,0.0,,,,,,,474.0,502.0,0.0,0.0,0.0,0.0,0.0,0.0,0.0,0.0,0.0,0.0,0.0,0.0,0.0,29.0,29.0,0.0,"solar_v,lipo_v"
2020-05-21T20:00:00Z,22.0,22.0,3.532,3.532,,,,,4473.636,4470.0,4476.0,,,3.532,3.532,3.532,,,,,,,,,,,550.591,210.591,0.0,,,,,,,503.0,532.0,0.0,0.0,0.0,0.0,0.0,0.0,0.0,0.0,0.0,0.0,0.0,0.0,0.0,22.0,22.0,0.0,"solar_v,lipo_v"
2020-05-21T21:00:00Z,29.0,29.0,3.532,3.532,,,,,4473.586,4466.0,4478.0,,,3.532,3.532,3.532,,,,,,,,,,,555.552,215.552,0.0,,,,,,,533.0,561.0,0.0,0.0,0.0,0.0,0.0,0.0,0.0,0.0,0.0,0.0,0.0,0.0,0.0,29.0,29.0,0.0,"solar_v,lipo_v"
2020-05-21T22:00:00Z,30.0,30.0,2.849,3.532,,,,,4474.067,4470.0,4478.0,,,3.532,3.532,3.532,,,,,,,,,,,552.433,212.767,0.0,,,,,,,562.0,591.0,0.0,0.0,0.0,0.0,0.0,0.0,0.0,0.0,0.0,0.0,0.0,0.0,0.0,30.0,30.0,0.0,"solar_v,lipo_v"
2020-05-21T23:00:00Z,29.0,29.0,2.222,2.227,,,,,4459.655,4448.0,4474.0,,,3.532,3.532,3.532,,,,,,,,,,,551.621,211.655,0.0,,,,,,,592.0,620.0,0.0,0.0,0.0,0.0,0.0,0.0,0.0,0.0,0.0,0.0,0.0,0.0,0.0,29.0,29.0,0.0,"solar_v,lipo_v"
2020-05-22T00:00:00Z,30.0,30.0,2.079,2.216,,,,,4435.467,4414.0,4448.0,,,3.532,3.532,3.532,,,,,,,,,,,553.9,223.3,0.0,,,,,,,621.0,650.0,0.0,0.0,0.0,0.0,0.0,0.0,0.0,0.0,0.0,0.0,0.0,0.0,0.0,30.0,30.0,0.0,"solar_v,lipo_v"
2020-05-22T01:00:00Z,22.0,22.0,2.19,2.203,,,,,4397.364,4362.0,4420.0,,,3.532,3.532,3.532,,,,,,,,,,,555.591,1257.182,0.0,,,,,,,651.0,678.0,0.0,0.0,0.0,0.0,0.0,0.0,0.0,0.0,0.0,0.0,0.0,0.0,0.0,22.0,22.0,0.0,"solar_v,lipo_v"
2020-05-22T02:00:00Z,29.0,29.0,2.173,2.189,,,,,4365.379,4324.0,4396.0,,,3.532,3.532,3.532,,,,,,,,,,,559.517,1294.862,0.0,,,,,,,679.0,708.0,0.0,0.0,0.0,0.0,0.0,0.0,0.0,0.0,0.0,0.0,0.0,0.0,0.0,29.0,29.0,0.0,"solar_v,lipo_v"
2020-05-22T03:00:00Z,29.0,29.0,2.143,2.179,,,,,4344.828,4290.0,4408.0,,,3.532,3.532,3.532,,,,,,,,,,,554.897,1192.862,0.0,,,,,,,709.0,737.0,0.0,0.0,0.0,0.0,0.0,0.0,0.0,0.0,0.0,0.0,0.0,0.0,0.0,29.0,29.0,0.0,"solar_v,lipo_v"
2020-05-22T04:00:00Z,27.0,27.0,2.124,2.17,,,,,4316.519,4266.0,4368.0,,,3.532,3.532,3.532,,,,,,,,,,,549.444,1330.296,0.0,,,,,,,738.0,766.0,0.0,0.0,0.0,0.0,0.0,0.0,0.0,0.0,0.0,0.0,0.0,0.0,0.0,27.0,27.0,0.0,"solar_v,lipo_v"
2020-05-22T05:00:00Z,28.0,28.0,2.13,2.158,,,,,4277.214,4246.0,4334.0,,,3.532,3.532,3.532,,,,,,,,,,,554.107,1835.286,0.0,,,,,,,767.0,795.0,0.0,0.0,0.0,0.0,0.0,0.0,0.0,0.0,0.0,0.0,0.0,0.0,0.0,28.0,28.0,0.0,"solar_v,lipo_v"
2020-05-22T06:00:00Z,28.0,28.0,2.05,2.144,,,,,4267.929,4236.0,4322.0,,,3.532,3.532,3.532,,,,,,,,,,,547.643,1645.357,0.0,,,,,,,797.0,825.0,0.0,0.0,0.0,0.0,0.0,0.0,0.0,0.0,0.0,0.0,0.0,0.0,0.0,28.0,28.0,0.0,"solar_v,lipo_v"
2020-05-22T07:00:00Z,26.0,26.0,2.068,2.143,,,,,4249.385,4220.0,4308.0,,,3.532,3.532,3.532,,,,,,,,,,,541.192,1335.538,0.0,,,,,,,826.0,854.0,0.0,0.0,0.0,0.0,0.0,0.0,0.0,0.0,0.0,0.0,0.0,0.0,0.0,26.0,26.0,0.0,"solar_v,lipo_v"
2020-05-22T08:00:00Z,27.0,27.0,2.143,2.151,,,,,4304.296,4288.0,4320.0,,,3.532,3.532,3.532,,,,,,,,,,,534.556,196.667,0.0,,,,,,,855.0,883.0,0.0,0.0,0.0,0.0,0.0,0.0,0.0,0.0,0.0,0.0,0.0,0.0,0.0,27.0,27.0,0.0,"solar_v,lipo_v"
2020-05-22T09:00:00Z,30.0,30.0,2.139,2.146,,,,,4296.2,4288.0,4318.0,,,3.532,3.532,3.532,,,,,,,,,,,533.5,193.967,0.0,,,,,,,884.0,913.0,0.0,0.0,0.0,0.0,0.0,0.0,0.0,0.0,0.0,0.0,0.0,0.0,0.0,30.0,30.0,0.0,"solar_v,lipo_v"
2020-05-22T10:00:00Z,29.0,29.0,2.167,2.65,,,,,4319.103,4294.0,4338.0,,,3.532,3.532,3.532,,,,,,,,,,,535.517,197.207,0.0,,,,,,,914.0,942.0,0.0,0.0,0.0,0.0,0.0,0.0,0.0,0.0,0.0,0.0,0.0,0.0,0.0,29.0,29.0,0.0,"solar_v,lipo_v"
2020-05-22T11:00:00Z,30.0,30.0,3.442,3.532,,,,,4507.2,4466.0,4526.0,,,3.532,3.532,3.532,,,,,,,,,,,533.5,195.333,0.0,,,,,,,943.0,972.0,0.0,0.0,0.0,0.0,0.0,0.0,0.0,0.0,0.0,0.0,0.0,0.0,0.0,30.0,30.0,0.0,"solar_v,lipo_v"
2020-05-22T12:00:00Z,29.0,29.0,3.532,3.532,,,,,4590.552,4526.0,4642.0,,,3.532,3.532,3.532,,,,,,,,,,,536.103,197.724,0.0,,,,,,,973.0,1001.0,0.0,0.0,0.0,0.0,0.0,0.0,0.0,0.0,0.0,0.0,0.0,0.0,0.0,29.0,29.0,0.0,"solar_v,lipo_v"
2020-05-22T13:00:00Z,30.0,30.0,3.532,3.532,,,,,4522.933,4484.0,4668.0,,,3.532,3.532,3.532,,,,,,,,,,,541.7,202.933,0.0,,,,,,,1002.0,1031.0,0.0,0.0,0.0,0.0,0.0,0.0,0.0,0.0,0.0,0.0,0.0,0.0,0.0,30.0,30.0,0.0,"solar_v,lipo_v"
2020-05-22T14:00:00Z,29.0,29.0,3.532,3.532,,,,,4477.793,4474.0,4486.0,,,3.532,3.532,3.532,,,,,,,,,,,544.483,207.103,0.0,,,,,,,1032.0,1060.0,0.0,0.0,0.0,0.0,0.0,0.0,0.0,0.0,0.0,0.0,0.0,0.0,0.0,29.0,29.0,0.0,"solar_v,lipo_v"
2020-05-22T15:00:00Z,30.0,30.0,3.532,3.532,,,,,4474.267,4470.0,4480.0,,,3.532,3.532,3.532,,,,,,,,,,,547.7,209.467,0.0,,,,,,,1061.0,1090.0,0.0,0.0,0.0,0.0,0.0,0.0,0.0,0.0,0.0,0.0,0.0,0.0,0.0,30.0,30.0,0.0,"solar_v,lipo_v"
2020-05-22T16:00:00Z,29.0,29.0,3.532,3.532,,,,,4471.793,4466.0,4474.0,,,3.532,3.532,3.532,,,,,,,,,,,550.379,210.931,0.0,,,,,,,1091.0,1119.0,0.0,0.0,0.0,0.0,0.0,0.0,0.0,0.0,0.0,0.0,0.0,0.0,0.0,29.0,29.0,0.0,"solar_v,lipo_v"
2020-05-22T17:00:00Z,30.0,30.0,3.532,3.532,,,,,4472.0,4466.0,4474.0,,,3.532,3.532,3.532,,,,,,,,,,,550.9,212.3,0.0,,,,,,,1120.0,1149.0,0.0,0.0,0.0,0.0,0.0,0.0,0.0,0.0,0.0,0.0,0.0,0.0,0.0,30.0,30.0,0.0,"solar_v,lipo_v"
2020-05-22T18:00:00Z,29.0,29.0,3.532,3.532,,,,,4471.034,4460.0,4474.0,,,3.532,3.532,3.532,,,,,,,,,,,551.379,214.862,0.0,,,,,,,1150.0,1178.0,0.0,0.0,0.0,0.0,0.0,0.0,0.0,0.0,0.0,0.0,0.0,0.0,0.0,29.0,29.0,0.0,"solar_v,lipo_v"
2020-05-22T19:00:00Z,30.0,30.0,3.532,3.532,,,,,4470.867,4466.0,4474.0,,,3.532,3.532,3.532,,,,,,,,,,,556.2,218.667,0.0,,,,,,,1179.0,1208.0,0.0,0.0,0.0,0.0,0.0,0.0,0.0,0.0,0.0,0.0,0.0,0.0,0.0,30.0,30.0,0.0,"solar_v,lipo_v"
2020-05-22T20:00:00Z,28.0,28.0,3.532,3.532,,,,,4471.286,4466.0,4474.0,,,3.532,3.532,3.532,,,,,,,,,,,556.071,216.893,0.0,,,,,,,1209.0,1237.0,0.0,0.0,0.0,0.0,0.0,0.0,0.0,0.0,0.0,0.0,0.0,0.0,0.0,28.0,28.0,0.0,"solar_v,lipo_v"
2020-05-22T21:00:00Z,30.0,30.0,3.532,3.532,,,,,4471.6,4466.0,4474.0,,,3.532,3.532,3.532,,,,,,,,,,,554.2,216.633,0.0,,,,,,,1238.0,1267.0,0.0,0.0,0.0,0.0,0.0,0.0,0.0,0.0,0.0,0.0,0.0,0.0,0.0,30.0,30.0,0.0,"solar_v,lipo_v"
2020-05-22T22:00:00Z,29.0,29.0,2.847,3.532,,,,,4471.034,4466.0,4476.0,,,3.532,3.532,3.532,,,,,,,,,,,556.31,219.483,0.0,,,,,,,1268.0,1296.0,0.0,0.0,0.0,0.0,0.0,0.0,0.0,0.0,0.0,0.0,0.0,0.0,0.0,29.0,29.0,0.0,"solar_v,lipo_v"
2020-05-22T23:00:00Z,30.0,30.0,2.222,2.224,,,,,4461.0,4450.0,4474.0,,,3.532,3.532,3.532,,,,,,,,,,,553.667,215.767,0.0,,,,,,,1297.0,1326.0,0.0,0.0,0.0,0.0,0.0,0.0,0.0,0.0,0.0,0.0,0.0,0.0,0.0,30.0,30.0,0.0,"solar_v,lipo_v"
2020-05-23T00:00:00Z,29.0,29.0,2.217,2.22,,,,,4450.345,4448.0,4454.0,,,3.532,3.532,3.532,,,,,,,,,,,559.276,220.862,0.0,,,,,,,1327.0,1355.0,0.0,0.0,0.0,0.0,0.0,0.0,0.0,0.0,0.0,0.0,0.0,0.0,0.0,29.0,29.0,0.0,"solar_v,lipo_v"
2020-05-23T01:00:00Z,30.0,30.0,2.217,2.22,,,,,4451.267,4448.0,4458.0,,,3.532,3.532,3.532,,,,,,,,,,,557.167,219.533,0.0,,,,,,,1356.0,1385.0,0.0,0.0,0.0,0.0,0.0,0.0,0.0,0.0,0.0,0.0,0.0,0.0,0.0,30.0,30.0,0.0,"solar_v,lipo_v"
2020-05-23T02:00:00Z,29.0,29.0,2.119,2.222,,,,,4449.862,4444.0,4460.0,,,3.532,3.532,3.532,,,,,,,,,,,555.414,217.483,0.0,,,,,,,1386.0,1414.0,0.0,0.0,0.0,0.0,0.0,0.0,0.0,0.0,0.0,0.0,0.0,0.0,0.0,29.0,29.0,0.0,"solar_v,lipo_v"
2020-05-23T03:00:00Z,30.0,30.0,2.164,2.215,,,,,4442.4,4430.0,4460.0,,,3.532,3.532,3.532,,,,,,,,,,,556.867,216.8,0.0,,,,,,,1415.0,1444.0,0.0,0.0,0.0,0.0,0.0,0.0,0.0,0.0,0.0,0.0,0.0,0.0,0.0,30.0,30.0,0.0,"solar_v,lipo_v"
2020-05-23T04:00:00Z,30.0,30.0,2.197,2.206,,,,,4412.733,4394.0,4432.0,,,3.532,3.532,3.532,,,,,,,,,,,557.433,288.967,0.0,,,,,,,1445.0,1474.0,0.0,0.0,0.0,0.0,0.0,0.0,0.0,0.0,0.0,0.0,0.0,0.0,0.0,30.0,30.0,0.0,"solar_v,lipo_v"
2020-05-23T05:00:00Z,29.0,29.0,2.17,2.187,,,,,4356.345,4302.0,4394.0,,,3.532,3.532,3.532,,,,,,,,,,,584.379,1837.759,0.0,,,,,,,1475.0,1503.0,0.0,0.0,0.0,0.0,0.0,0.0,0.0,0.0,0.0,0.0,0.0,0.0,0.0,29.0,29.0,0.0,"solar_v,lipo_v"
2020-05-23T06:00:00Z,30.0,30.0,2.144,2.194,,,,,4300.2,4248.0,4362.0,,,3.532,3.532,3.532,,,,,,,,,,,562.9,1608.133,0.0,,,,,,,1504.0,1533.0,0.0,0.0,0.0,0.0,0.0,0.0,0.0,0.0,0.0,0.0,0.0,0.0,0.0,30.0,30.0,0.0,"solar_v,lipo_v"
2020-05-23T07:00:00Z,29.0,29.0,2.042,2.161,,,,,4309.103,4262.0,4348.0,,,3.532,3.532,3.532,,,,,,,,,,,556.379,1453.552,0.0,,,,,,,1534.0,1562.0,0.0,0.0,0.0,0.0,0.0,0.0,0.0,0.0,0.0,0.0,0.0,0.0,0.0,29.0,29.0,0.0,"solar_v,lipo_v"
2020-05-23T08:00:00Z,30.0,30.0,2.067,2.151,,,,,4299.867,4278.0,4344.0,,,3.532,3.532,3.532,,,,,,,,,,,558.7,1616.5,0.0,,,,,,,1563.0,1592.0,0.0,0.0,0.0,0.0,0.0,0.0,0.0,0.0,0.0,0.0,0.0,0.0,0.0,30.0,30.0,0.0,"solar_v,lipo_v"
2020-05-23T09:00:00Z,29.0,29.0,2.143,2.158,,,,,4312.345,4292.0,4338.0,,,3.532,3.532,3.532,,,,,,,,,,,553.552,383.862,0.0,,,,,,,1593.0,1621.0,0.0,0.0,0.0,0.0,0.0,0.0,0.0,0.0,0.0,0.0,0.0,0.0,0.0,29.0,29.0,0.0,"solar_v,lipo_v"
2020-05-23T10:00:00Z,30.0,30.0,2.286,3.268,,,,,4366.733,4338.0,4510.0,,,3.532,3.532,3.532,,,,,,,,,,,548.4,211.933,0.0,,,,,,,1622.0,1651.0,0.0,0.0,0.0,0.0,0.0,0.0,0.0,0.0,0.0,0.0,0.0,0.0,0.0,30.0,30.0,0.0,"solar_v,lipo_v"
2020-05-23T11:00:00Z,29.0,29.0,3.455,3.532,,,,,4553.655,4510.0,4610.0,,,3.532,3.532,3.532,,,,,,,,,,,547.345,207.621,0.0,,,,,,,1652.0,1680.0,0.0,0.0,0.0,0.0,0.0,0.0,0.0,0.0,0.0,0.0,0.0,0.0,0.0,29.0,29.0,0.0,"solar_v,lipo_v"
2020-05-23T12:00:00Z,30.0,30.0,3.532,3.532,,,,,4553.733,4486.0,4662.0,,,3.532,3.532,3.532,,,,,,,,,,,551.367,214.167,0.0,,,,,,,1681.0,1710.0,0.0,0.0,0.0,0.0,0.0,0.0,0.0,0.0,0.0,0.0,0.0,0.0,0.0,30.0,30.0,0.0,"solar_v,lipo_v"
2020-05-23T13:00:00Z,29.0,29.0,3.532,3.532,,,,,4479.103,4474.0,4486.0,,,3.532,3.532,3.532,,,,,,,,,,,555.138,215.897,0.0,,,,,,,1711.0,1739.0,0.0,0.0,0.0,0.0,0.0,0.0,0.0,0.0,0.0,0.0,0.0,0.0,0.0,29.0,29.0,0.0,"solar_v,lipo_v"
2020-05-23T14:00:00Z,30.0,30.0,3.532,3.532,,,,,4474.467,4466.0,4480.0,,,3.532,3.532,3.532,,,,,,,,,,,556.1,217.1,0.0,,,,,,,1740.0,1769.0,0.0,0.0,0.0,0.0,0.0,0.0,0.0,0.0,0.0,0.0,0.0,0.0,0.0,30.0,30.0,0.0,"solar_v,lipo_v"
2020-05-23T15:00:00Z,29.0,29.0,3.532,3.532,,,,,4473.862,4470.0,4478.0,,,3.532,3.532,3.532,,,,,,,,,,,558.069,217.793,0.0,,,,,,,1770.0,1798.0,0.0,0.0,0.0,0.0,0.0,0.0,0.0,0.0,0.0,0.0,0.0,0.0,0.0,29.0,29.0,0.0,"solar_v,lipo_v"
2020-05-23T16:00:00Z,30.0,30.0,3.532,3.532,,,,,4473.6,4468.0,4476.0,,,3.532,3.532,3.532,,,,,,,,,,,558.567,219.433,0.0,,,,,,,1799.0,1828.0,0.0,0.0,0.0,0.0,0.0,0.0,0.0,0.0,0.0,0.0,0.0,0.0,0.0,30.0,30.0,0.0,"solar_v,lipo_v"
2020-05-23T17:00:00Z,28.0,28.0,3.532,3.532,,,,,4474.143,4470.0,4478.0,,,3.532,3.532,3.532,,,,,,,,,,,559.214,221.0,0.0,,,,,,,1829.0,1857.0,0.0,0.0,0.0,0.0,0.0,0.0,0.0,0.0,0.0,0.0,0.0,0.0,0.0,28.0,28.0,0.0,"solar_v,lipo_v"
2020-05-23T18:00:00Z,30.0,30.0,3.532,3.532,,,,,4474.0,4466.0,4480.0,,,3.532,3.532,3.532,,,,,,,,,,,559.7,222.0,0.0,,,,,,,1858.0,1887.0,0.0,0.0,0.0,0.0,0.0,0.0,0.0,0.0,0.0,0.0,0.0,0.0,0.0,30.0,30.0,0.0,"solar_v,lipo_v"
2020-05-23T19:00:00Z,29.0,29.0,3.532,3.532,,,,,4473.448,4466.0,4476.0,,,3.532,3.532,3.532,,,,,,,,,,,559.897,224.586,0.0,,,,,,,1888.0,1916.0,0.0,0.0,0.0,0.0,0.0,0.0,0.0,0.0,0.0,0.0,0.0,0.0,0.0,29.0,29.0,0.0,"solar_v,lipo_v"
2020-05-23T20:00:00Z,30.0,30.0,3.532,3.532,,,,,4473.8,4470.0,4476.0,,,3.532,3.532,3.532,,,,,,,,,,,560.433,224.733,0.0,,,,,,,1917.0,1946.0,0.0,0.0,0.0,0.0,0.0,0.0,0.0,0.0,0.0,0.0,0.0,0.0,0.0,30.0,30.0,0.0,"solar_v,lipo_v"
2020-05-23T21:00:00Z,29.0,29.0,3.532,3.532,,,,,4474.897,4472.0,4480.0,,,3.532,3.532,3.532,,,,,,,,,,,560.897,227.379,0.0,,,,,,,1947.0,1975.0,0.0,0.0,0.0,0.0,0.0,0.0,0.0,0.0,0.0,0.0,0.0,0.0,0.0,29.0,29.0,0.0,"solar_v,lipo_v"
2020-05-23T22:00:00Z,30.0,30.0,2.862,3.532,,,,,4474.267,4470.0,4478.0,,,3.532,3.532,3.532,,,,,,,,,,,561.633,225.533,0.0,,,,,,,1976.0,2005.0,0.0,0.0,0.0,0.0,0.0,0.0,0.0,0.0,0.0,0.0,0.0,0.0,0.0,30.0,30.0,0.0,"solar_v,lipo_v"
2020-05-23T23:00:00Z,29.0,29.0,2.091,2.226,,,,,4453.793,4438.0,4474.0,,,3.532,3.532,3.532,,,,,,,,,,,559.31,223.103,0.0,,,,,,,2006.0,2034.0,0.0,0.0,0.0,0.0,0.0,0.0,0.0,0.0,0.0,0.0,0.0,0.0,0.0,29.0,29.0,0.0,"solar_v,lipo_v"
2020-05-24T00:00:00Z,30.0,30.0,2.178,2.21,,,,,4426.467,4406.0,4448.0,,,3.532,3.532,3.532,,,,,,,,,,,559.7,225.933,0.0,,,,,,,2035.0,2064.0,0.0,0.0,0.0,0.0,0.0,0.0,0.0,0.0,0.0,0.0,0.0,0.0,0.0,30.0,30.0,0.0,"solar_v,lipo_v"
2020-05-24T01:00:00Z,29.0,29.0,2.189,2.197,,,,,4394.345,4368.0,4414.0,,,3.532,3.532,3.532,,,,,,,,,,,563.0,928.517,0.0,,,,,,,2065.0,2093.0,0.0,0.0,0.0,0.0,0.0,0.0,0.0,0.0,0.0,0.0,0.0,0.0,0.0,29.0,29.0,0.0,"solar_v,lipo_v"
2020-05-24T02:00:00Z,30.0,30.0,2.164,2.172,,,,,4344.8,4322.0,4368.0,,,3.532,3.532,3.532,,,,,,,,,,,571.667,1898.233,0.0,,,,,,,2094.0,2123.0,0.0,0.0,0.0,0.0,0.0,0.0,0.0,0.0,0.0,0.0,0.0,0.0,0.0,30.0,30.0,0.0,"solar_v,lipo_v"
2020-05-24T03:00:00Z,30.0,30.0,2.149,2.158,,,,,4315.133,4266.0,4334.0,,,3.532,3.532,3.532,,,,,,,,,,,568.067,1817.267,0.0,,,,,,,2124.0,2153.0,0.0,0.0,0.0,0.0,0.0,0.0,0.0,0.0,0.0,0.0,0.0,0.0,0.0,30.0,30.0,0.0,"solar_v,lipo_v"
2020-05-24T04:00:00Z,29.0,29.0,1.956,2.143,,,,,4276.759,4204.0,4334.0,,,3.532,3.532,3.532,,,,,,,,,,,571.793,1996.517,0.0,,,,,,,2154.0,2182.0,0.0,0.0,0.0,0.0,0.0,0.0,0.0,0.0,0.0,0.0,0.0,0.0,0.0,29.0,29.0,0.0,"solar_v,lipo_v"
2020-05-24T05:00:00Z,29.0,29.0,2.09,2.131,,,,,4198.138,4176.0,4282.0,,,3.532,3.532,3.532,,,,,,,,,,,564.0,1985.0,0.0,,,,,,,2183.0,2211.0,0.0,0.0,0.0,0.0,0.0,0.0,0.0,0.0,0.0,0.0,0.0,0.0,0.0,29.0,29.0,0.0,"solar_v,lipo_v"
2020-05-24T06:00:00Z,30.0,30.0,2.07,2.107,,,,,4158.133,4078.0,4236.0,,,3.532,3.532,3.532,,,,,,,,,,,560.233,1974.0,0.0,,,,,,,2212.0,2241.0,0.0,0.0,0.0,0.0,0.0,0.0,0.0,0.0,0.0,0.0,0.0,0.0,0.0,30.0,30.0,0.0,"solar_v,lipo_v"
2020-05-24T07:00:00Z,30.0,30.0,2.041,2.092,,,,,4100.267,4038.0,4202.0,,,3.532,3.532,3.532,,,,,,,,,,,548.9,1720.8,0.0,,,,,,,2242.0,2271.0,0.0,0.0,0.0,0.0,0.0,0.0,0.0,0.0,0.0,0.0,0.0,0.0,0.0,30.0,30.0,0.0,"solar_v,lipo_v"
2020-05-24T08:00:00Z,29.0,29.0,1.821,2.085,,,,,4133.517,4044.0,4222.0,,,3.532,3.532,3.532,,,,,,,,,,,547.103,1616.793,0.0,,,,,,,2272.0,2300.0,0.0,0.0,0.0,0.0,0.0,0.0,0.0,0.0,0.0,0.0,0.0,0.0,0.0,29.0,29.0,0.0,"solar_v,lipo_v"
2020-05-24T09:00:00Z,30.0,30.0,2.072,2.087,,,,,4163.067,4110.0,4188.0,,,3.532,3.532,3.532,,,,,,,,,,,537.333,229.133,0.0,,,,,,,2301.0,2330.0,0.0,0.0,0.0,0.0,0.0,0.0,0.0,0.0,0.0,0.0,0.0,0.0,0.0,30.0,30.0,0.0,"solar_v,lipo_v"
2020-05-24T10:00:00Z,29.0,29.0,2.162,3.165,,,,,4255.931,4192.0,4444.0,,,3.532,3.532,3.532,,,,,,,,,,,537.345,201.552,0.0,,,,,,,2331.0,2359.0,0.0,0.0,0.0,0.0,0.0,0.0,0.0,0.0,0.0,0.0,0.0,0.0,0.0,29.0,29.0,0.0,"solar_v,lipo_v"
2020-05-24T11:00:00Z,30.0,30.0,3.448,3.532,,,,,4488.533,4448.0,4526.0,,,3.532,3.532,3.532,,,,,,,,,,,535.667,199.467,0.0,,,,,,,2360.0,2389.0,0.0,0.0,0.0,0.0,0.0,0.0,0.0,0.0,0.0,0.0,0.0,0.0,0.0,30.0,30.0,0.0,"solar_v,lipo_v"
2020-05-24T12:00:00Z,29.0,29.0,3.532,3.532,,,,,4558.483,4526.0,4610.0,,,3.532,3.532,3.532,,,,,,,,,,,535.31,198.448,0.0,,,,,,,2390.0,2418.0,0.0,0.0,0.0,0.0,0.0,0.0,0.0,0.0,0.0,0.0,0.0,0.0,0.0,29.0,29.0,0.0,"solar_v,lipo_v"
2020-05-24T13:00:00Z,30.0,30.0,3.532,3.532,,,,,4567.867,4486.0,4668.0,,,3.532,3.532,3.532,,,,,,,,,,,540.067,201.533,0.0,,,,,,,2419.0,2448.0,0.0,0.0,0.0,0.0,0.0,0.0,0.0,0.0,0.0,0.0,0.0,0.0,0.0,30.0,30.0,0.0,"solar_v,lipo_v"
2020-05-24T14:00:00Z,29.0,29.0,3.532,3.532,,,,,4478.414,4472.0,4486.0,,,3.532,3.532,3.532,,,,,,,,,,,544.552,204.345,0.0,,,,,,,2449.0,2477.0,0.0,0.0,0.0,0.0,0.0,0.0,0.0,0.0,0.0,0.0,0.0,0.0,0.0,29.0,29.0,0.0,"solar_v,lipo_v"
2020-05-24T15:00:00Z,30.0,30.0,3.532,3.532,,,,,4473.667,4470.0,4478.0,,,3.532,3.532,3.532,,,,,,,,,,,545.933,206.267,0.0,,,,,,,2478.0,2507.0,0.0,0.0,0.0,0.0,0.0,0.0,0.0,0.0,0.0,0.0,0.0,0.0,0.0,30.0,30.0,0.0,"solar_v,lipo_v"
2020-05-24T16:00:00Z,29.0,29.0,3.532,3.532,,,,,4472.138,4466.0,4474.0,,,3.532,3.532,3.532,,,,,,,,,,,548.966,210.828,0.0,,,,,,,2508.0,2536.0,0.0,0.0,0.0,0.0,0.0,0.0,0.0,0.0,0.0,0.0,0.0,0.0,0.0,29.0,29.0,0.0,"solar_v,lipo_v"
2020-05-24T17:00:00Z,30.0,30.0,3.532,3.532,,,,,4472.0,4466.0,4480.0,,,3.532,3.532,3.532,,,,,,,,,,,548.9,212.667,0.0,,,,,,,2537.0,2566.0,0.0,0.0,0.0,0.0,0.0,0.0,0.0,0.0,0.0,0.0,0.0,0.0,0.0,30.0,30.0,0.0,"solar_v,lipo_v"
2020-05-24T18:00:00Z,30.0,30.0,3.532,3.532,,,,,4470.8,4466.0,4474.0,,,3.532,3.532,3.532,,,,,,,,,,,550.767,212.867,0.0,,,,,,,2567.0,2596.0,0.0,0.0,0.0,0.0,0.0,0.0,0.0,0.0,0.0,0.0,0.0,0.0,0.0,30.0,30.0,0.0,"solar_v,lipo_v"
2020-05-24T19:00:00Z,29.0,29.0,3.532,3.532,,,,,4469.931,4460.0,4474.0,,,3.532,3.532,3.532,,,,,,,,,,,552.793,214.69,0.0,,,,,,,2597.0,2625.0,0.0,0.0,0.0,0.0,0.0,0.0,0.0,0.0,0.0,0.0,0.0,0.0,0.0,29.0,29.0,0.0,"solar_v,lipo_v"
2020-05-24T20:00:00Z,30.0,30.0,3.532,3.532,,,,,4471.267,4460.0,4474.0,,,3.532,3.532,3.532,,,,,,,,,,,554.8,216.2,0.0,,,,,,,2626.0,2655.0,0.0,0.0,0.0,0.0,0.0,0.0,0.0,0.0,0.0,0.0,0.0,0.0,0.0,30.0,30.0,0.0,"solar_v,lipo_v"
2020-05-24T21:00:00Z,27.0,27.0,3.532,3.532,,,,,4471.704,4466.0,4474.0,,,3.532,3.532,3.532,,,,,,,,,,,555.185,216.37,0.0,,,,,,,2656.0,2684.0,0.0,0.0,0.0,0.0,0.0,0.0,0.0,0.0,0.0,0.0,0.0,0.0,0.0,27.0,27.0,0.0,"solar_v,lipo_v"
2020-05-24T22:00:00Z,29.0,29.0,3.173,3.532,,,,,4470.69,4466.0,4474.0,,,3.532,3.532,3.532,,,,,,,,,,,557.138,217.793,0.0,,,,,,,2685.0,2713.0,0.0,0.0,0.0,0.0,0.0,0.0,0.0,0.0,0.0,0.0,0.0,0.0,0.0,29.0,29.0,0.0,"solar_v,lipo_v"
2020-05-24T23:00:00Z,30.0,30.0,2.902,3.387,,,,,4471.467,4466.0,4474.0,,,3.532,3.532,3.532,,,,,,,,,,,558.1,218.433,0.0,,,,,,,2714.0,2743.0,0.0,0.0,0.0,0.0,0.0,0.0,0.0,0.0,0.0,0.0,0.0,0.0,0.0,30.0,30.0,0.0,"solar_v,lipo_v"
2020-05-25T00:00:00Z,29.0,29.0,2.606,3.231,,,,,4472.276,4466.0,4474.0,,,3.532,3.532,3.532,,,,,,,,,,,558.207,218.379,0.0,,,,,,,2744.0,2772.0,0.0,0.0,0.0,0.0,0.0,0.0,0.0,0.0,0.0,0.0,0.0,0.0,0.0,29.0,29.0,0.0,"solar_v,lipo_v"
2020-05-25T01:00:00Z,28.0,28.0,2.222,2.226,,,,,4462.071,4448.0,4474.0,,,3.532,3.532,3.532,,,,,,,,,,,557.321,216.429,0.0,,,,,,,2773.0,2801.0,0.0,0.0,0.0,0.0,0.0,0.0,0.0,0.0,0.0,0.0,0.0,0.0,0.0,28.0,28.0,0.0,"solar_v,lipo_v"
2020-05-25T02:00:00Z,25.0,25.0,2.204,2.215,,,,,4426.48,4398.0,4450.0,,,3.532,3.532,3.532,,,,,,,,,,,556.88,352.88,0.0,,,,,,,2802.0,2830.0,0.0,0.0,0.0,0.0,0.0,0.0,0.0,0.0,0.0,0.0,0.0,0.0,0.0,25.0,25.0,0.0,"solar_v,lipo_v"
2020-05-25T03:00:00Z,28.0,28.0,2.171,2.194,,,,,4360.357,4334.0,4398.0,,,3.532,3.532,3.532,,,,,,,,,,,564.857,1810.571,0.0,,,,,,,2831.0,2859.0,0.0,0.0,0.0,0.0,0.0,0.0,0.0,0.0,0.0,0.0,0.0,0.0,0.0,28.0,28.0,0.0,"solar_v,lipo_v"
2020-05-25T04:00:00Z,26.0,26.0,2.152,2.164,,,,,4327.385,4290.0,4390.0,,,3.532,3.532,3.532,,,,,,,,,,,570.115,1894.615,0.0,,,,,,,2861.0,2889.0,0.0,0.0,0.0,0.0,0.0,0.0,0.0,0.0,0.0,0.0,0.0,0.0,0.0,26.0,26.0,0.0,"solar_v,lipo_v"
2020-05-25T05:00:00Z,21.0,21.0,2.131,2.145,,,,,4280.381,4230.0,4312.0,,,3.532,3.532,3.532,,,,,,,,,,,559.476,1741.571,0.0,,,,,,,2890.0,2917.0,0.0,0.0,0.0,0.0,0.0,0.0,0.0,0.0,0.0,0.0,0.0,0.0,0.0,21.0,21.0,0.0,"solar_v,lipo_v"
2020-05-25T06:00:00Z,27.0,27.0,2.044,2.118,,,,,4210.741,4156.0,4280.0,,,3.532,3.532,3.532,,,,,,,,,,,568.889,2020.704,0.0,,,,,,,2918.0,2946.0,0.0,0.0,0.0,0.0,0.0,0.0,0.0,0.0,0.0,0.0,0.0,0.0,0.0,27.0,27.0,0.0,"solar_v,lipo_v"
2020-05-25T07:00:00Z,28.0,28.0,2.079,2.116,,,,,4176.214,4104.0,4248.0,,,3.532,3.532,3.532,,,,,,,,,,,553.0,1538.75,0.0,,,,,,,2947.0,2976.0,0.0,0.0,0.0,0.0,0.0,0.0,0.0,0.0,0.0,0.0,0.0,0.0,0.0,28.0,28.0,0.0,"solar_v,lipo_v"
2020-05-25T08:00:00Z,29.0,29.0,1.931,2.119,,,,,4211.655,4116.0,4262.0,,,3.532,3.532,3.532,,,,,,,,,,,552.31,943.0,0.0,,,,,,,2977.0,3005.0,0.0,0.0,0.0,0.0,0.0,0.0,0.0,0.0,0.0,0.0,0.0,0.0,0.0,29.0,29.0,0.0,"solar_v,lipo_v"
2020-05-25T09:00:00Z,30.0,30.0,2.265,3.387,,,,,4283.6,4226.0,4334.0,,,3.532,3.532,3.532,,,,,,,,,,,546.233,207.633,0.0,,,,,,,3006.0,3035.0,0.0,0.0,0.0,0.0,0.0,0.0,0.0,0.0,0.0,0.0,0.0,0.0,0.0,30.0,30.0,0.0,"solar_v,lipo_v"
2020-05-25T10:00:00Z,29.0,29.0,3.232,3.383,,,,,4341.31,4328.0,4348.0,,,3.532,3.532,3.532,,,,,,,,,,,552.655,215.448,0.0,,,,,,,3036.0,3064.0,0.0,0.0,0.0,0.0,0.0,0.0,0.0,0.0,0.0,0.0,0.0,0.0,0.0,29.0,29.0,0.0,"solar_v,lipo_v"
2020-05-25T11:00:00Z,30.0,30.0,3.44,3.532,,,,,4353.0,4344.0,4364.0,,,3.532,3.532,3.532,,,,,,,,,,,550.133,214.167,0.0,,,,,,,3065.0,3094.0,0.0,0.0,0.0,0.0,0.0,0.0,0.0,0.0,0.0,0.0,0.0,0.0,0.0,30.0,30.0,0.0,"solar_v,lipo_v"
2020-05-25T12:00:00Z,29.0,29.0,3.532,3.532,,,,,4367.448,4362.0,4374.0,,,3.532,3.532,3.532,,,,,,,,,,,549.759,213.552,0.0,,,,,,,3095.0,3123.0,0.0,0.0,0.0,0.0,0.0,0.0,0.0,0.0,0.0,0.0,0.0,0.0,0.0,29.0,29.0,0.0,"solar_v,lipo_v"
2020-05-25T13:00:00Z,30.0,30.0,3.532,3.532,,,,,4375.0,4354.0,4386.0,,,3.532,3.532,3.532,,,,,,,,,,,550.833,214.9,0.0,,,,,,,3124.0,3153.0,0.0,0.0,0.0,0.0,0.0,0.0,0.0,0.0,0.0,0.0,0.0,0.0,0.0,30.0,30.0,0.0,"solar_v,lipo_v"
2020-05-25T14:00:00Z,29.0,29.0,3.532,3.532,,,,,4358.552,4354.0,4362.0,,,3.532,3.532,3.532,,,,,,,,,,,553.69,215.828,0.0,,,,,,,3154.0,3182.0,0.0,0.0,0.0,0.0,0.0,0.0,0.0,0.0,0.0,0.0,0.0,0.0,0.0,29.0,29.0,0.0,"solar_v,lipo_v"
2020-05-25T15:00:00Z,30.0,30.0,3.532,3.532,,,,,4358.667,4354.0,4366.0,,,3.532,3.532,3.532,,,,,,,,,,,555.533,216.5,0.0,,,,,,,3183.0,3212.0,0.0,0.0,0.0,0.0,0.0,0.0,0.0,0.0,0.0,0.0,0.0,0.0,0.0,30.0,30.0,0.0,"solar_v,lipo_v"
2020-05-25T16:00:00Z,29.0,29.0,3.532,3.532,,,,,4360.897,4354.0,4366.0,,,3.532,3.532,3.532,,,,,,,,,,,557.586,217.69,0.0,,,,,,,3213.0,3241.0,0.0,0.0,0.0,0.0,0.0,0.0,0.0,0.0,0.0,0.0,0.0,0.0,0.0,29.0,29.0,0.0,"solar_v,lipo_v"
2020-05-25T17:00:00Z,30.0,30.0,3.532,3.532,,,,,4362.533,4354.0,4368.0,,,3.532,3.532,3.532,,,,,,,,,,,559.033,221.633,0.0,,,,,,,3242.0,3271.0,0.0,0.0,0.0,0.0,0.0,0.0,0.0,0.0,0.0,0.0,0.0,0.0,0.0,30.0,30.0,0.0,"solar_v,lipo_v"
2020-05-25T18:00:00Z,29.0,29.0,3.532,3.532,,,,,4363.448,4358.0,4368.0,,,3.532,3.532,3.532,,,,,,,,,,,559.172,223.828,0.0,,,,,,,3272.0,3300.0,0.0,0.0,0.0,0.0,0.0,0.0,0.0,0.0,0.0,0.0,0.0,0.0,0.0,29.0,29.0,0.0,"solar_v,lipo_v"
2020-05-25T19:00:00Z,30.0,30.0,3.532,3.532,,,,,4365.933,4360.0,4368.0,,,3.532,3.532,3.532,,,,,,,,,,,559.967,225.6,0.0,,,,,,,3301.0,3330.0,0.0,0.0,0.0,0.0,0.0,0.0,0.0,0.0,0.0,0.0,0.0,0.0,0.0,30.0,30.0,0.0,"solar_v,lipo_v"
2020-05-25T20:00:00Z,29.0,29.0,3.532,3.532,,,,,4366.276,4362.0,4368.0,,,3.532,3.532,3.532,,,,,,,,,,,560.517,226.586,0.0,,,,,,,3331.0,3359.0,0.0,0.0,0.0,0.0,0.0,0.0,0.0,0.0,0.0,0.0,0.0,0.0,0.0,29.0,29.0,0.0,"solar_v,lipo_v"
2020-05-25T21:00:00Z,30.0,30.0,3.532,3.532,,,,,4366.8,4362.0,4374.0,,,3.532,3.532,3.532,,,,,,,,,,,562.5,227.7,0.0,,,,,,,3360.0,3389.0,0.0,0.0,0.0,0.0,0.0,0.0,0.0,0.0,0.0,0.0,0.0,0.0,0.0,30.0,30.0,0.0,"solar_v,lipo_v"
2020-05-25T22:00:00Z,29.0,29.0,2.819,3.532,,,,,4368.276,4362.0,4374.0,,,3.532,3.532,3.532,,,,,,,,,,,562.759,227.759,0.0,,,,,,,3390.0,3418.0,0.0,0.0,0.0,0.0,0.0,0.0,0.0,0.0,0.0,0.0,0.0,0.0,0.0,29.0,29.0,0.0,"solar_v,lipo_v"
2020-05-25T23:00:00Z,30.0,30.0,2.16,2.174,,,,,4339.333,4316.0,4372.0,,,3.532,3.532,3.532,,,,,,,,,,,559.333,223.033,0.0,,,,,,,3419.0,3448.0,0.0,0.0,0.0,0.0,0.0,0.0,0.0,0.0,0.0,0.0,0.0,0.0,0.0,30.0,30.0,0.0,"solar_v,lipo_v"
2020-05-26T00:00:00Z,29.0,29.0,2.138,2.147,,,,,4296.069,4272.0,4316.0,,,3.532,3.532,3.532,,,,,,,,,,,558.724,221.414,0.0,,,,,,,3449.0,3477.0,0.0,0.0,0.0,0.0,0.0,0.0,0.0,0.0,0.0,0.0,0.0,0.0,0.0,29.0,29.0,0.0,"solar_v,lipo_v"
2020-05-26T01:00:00Z,23.0,23.0,2.099,2.137,,,,,4217.304,4088.0,4292.0,,,3.532,3.532,3.532,,,,,,,,,,,560.826,1191.174,0.0,,,,,,,3478.0,3506.0,0.0,0.0,0.0,0.0,0.0,0.0,0.0,0.0,0.0,0.0,0.0,0.0,0.0,23.0,23.0,0.0,"solar_v,lipo_v"
2020-05-26T02:00:00Z,23.0,23.0,1.884,2.111,,,,,4102.609,3964.0,4260.0,,,3.532,3.532,3.532,,,,,,,,,,,560.0,1444.217,0.0,,,,,,,3507.0,3534.0,0.0,0.0,0.0,0.0,0.0,0.0,0.0,0.0,0.0,0.0,0.0,0.0,0.0,23.0,23.0,0.0,"solar_v,lipo_v"
2020-05-26T03:00:00Z,30.0,30.0,1.719,2.092,,,,,4052.4,3894.0,4230.0,,,3.532,3.532,3.532,,,,,,,,,,,560.633,1658.5,0.0,,,,,,,3535.0,3564.0,0.0,0.0,0.0,0.0,0.0,0.0,0.0,0.0,0.0,0.0,0.0,0.0,0.0,30.0,30.0,0.0,"solar_v,lipo_v"
2020-05-26T04:00:00Z,18.0,18.0,1.68,2.022,,,,,3996.0,3924.0,4062.0,,,3.532,3.532,3.532,,,,,,,,,,,555.167,1938.556,0.0,,,,,,,3565.0,3592.0,0.0,0.0,0.0,0.0,0.0,0.0,0.0,0.0,0.0,0.0,0.0,0.0,0.0,18.0,18.0,0.0,"solar_v,lipo_v"
2020-05-26T05:00:00Z,25.0,25.0,1.704,2.015,,,,,4000.72,3906.0,4078.0,,,3.532,3.532,3.532,,,,,,,,,,,547.28,1605.92,0.0,,,,,,,3593.0,3621.0,0.0,0.0,0.0,0.0,0.0,0.0,0.0,0.0,0.0,0.0,0.0,0.0,0.0,25.0,25.0,0.0,"solar_v,lipo_v"
2020-05-26T06:00:00Z,25.0,25.0,1.681,1.988,,,,,4001.68,3958.0,4076.0,,,3.532,3.532,3.532,,,,,,,,,,,546.12,1435.16,0.0,,,,,,,3622.0,3650.0,0.0,0.0,0.0,0.0,0.0,0.0,0.0,0.0,0.0,0.0,0.0,0.0,0.0,25.0,25.0,0.0,"solar_v,lipo_v"
2020-05-26T07:00:00Z,27.0,27.0,1.69,2.07,,,,,4050.889,3864.0,4184.0,,,3.532,3.532,3.532,,,,,,,,,,,539.963,1020.296,0.0,,,,,,,3651.0,3679.0,0.0,0.0,0.0,0.0,0.0,0.0,0.0,0.0,0.0,0.0,0.0,0.0,0.0,27.0,27.0,0.0,"solar_v,lipo_v"
2020-05-26T08:00:00Z,24.0,24.0,1.605,2.066,,,,,4010.75,3912.0,4154.0,,,3.532,3.532,3.532,,,,,,,,,,,533.125,1512.792,0.0,,,,,,,3680.0,3707.0,0.0,0.0,0.0,0.0,0.0,0.0,0.0,0.0,0.0,0.0,0.0,0.0,0.0,24.0,24.0,0.0,"solar_v,lipo_v"
2020-05-26T09:00:00Z,27.0,27.0,1.821,2.072,,,,,4052.444,3982.0,4170.0,,,3.532,3.532,3.532,,,,,,,,,,,533.148,474.481,0.0,,,,,,,3709.0,3737.0,0.0,0.0,0.0,0.0,0.0,0.0,0.0,0.0,0.0,0.0,0.0,0.0,0.0,27.0,27.0,0.0,"solar_v,lipo_v"
2020-05-26T10:00:00Z,28.0,28.0,2.102,2.11,,,,,4222.857,4200.0,4238.0,,,3.532,3.532,3.532,,,,,,,,,,,533.25,194.571,0.0,,,,,,,3738.0,3765.0,0.0,0.0,0.0,0.0,0.0,0.0,0.0,0.0,0.0,0.0,0.0,0.0,0.0,28.0,28.0,0.0,"solar_v,lipo_v"
2020-05-26T11:00:00Z,28.0,28.0,3.373,3.532,,,,,4280.857,4238.0,4292.0,,,3.532,3.532,3.532,,,,,,,,,,,535.071,198.357,0.0,,,,,,,3767.0,3796.0,0.0,0.0,0.0,0.0,0.0,0.0,0.0,0.0,0.0,0.0,0.0,0.0,0.0,28.0,28.0,0.0,"solar_v,lipo_v"
2020-05-26T12:00:00Z,29.0,29.0,3.532,3.532,,,,,4296.069,4286.0,4306.0,,,3.532,3.532,3.532,,,,,,,,,,,535.759,199.655,0.0,,,,,,,3797.0,3825.0,0.0,0.0,0.0,0.0,0.0,0.0,0.0,0.0,0.0,0.0,0.0,0.0,0.0,29.0,29.0,0.0,"solar_v,lipo_v"
2020-05-26T13:00:00Z,28.0,28.0,3.532,3.532,,,,,4310.357,4300.0,4318.0,,,3.532,3.532,3.532,,,,,,,,,,,536.857,200.464,0.0,,,,,,,3826.0,3854.0,0.0,0.0,0.0,0.0,0.0,0.0,0.0,0.0,0.0,0.0,0.0,0.0,0.0,28.0,28.0,0.0,"solar_v,lipo_v"
2020-05-26T14:00:00Z,30.0,30.0,3.532,3.532,,,,,4322.2,4316.0,4332.0,,,3.532,3.532,3.532,,,,,,,,,,,540.333,202.567,0.0,,,,,,,3855.0,3884.0,0.0,0.0,0.0,0.0,0.0,0.0,0.0,0.0,0.0,0.0,0.0,0.0,0.0,30.0,30.0,0.0,"solar_v,lipo_v"
2020-05-26T15:00:00Z,29.0,29.0,3.532,3.532,,,,,4335.379,4326.0,4342.0,,,3.532,3.532,3.532,,,,,,,,,,,543.862,203.793,0.0,,,,,,,3885.0,3913.0,0.0,0.0,0.0,0.0,0.0,0.0,0.0,0.0,0.0,0.0,0.0,0.0,0.0,29.0,29.0,0.0,"solar_v,lipo_v"
2020-05-26T16:00:00Z,30.0,30.0,3.532,3.532,,,,,4343.933,4338.0,4348.0,,,3.532,3.532,3.532,,,,,,,,,,,545.7,205.767,0.0,,,,,,,3914.0,3943.0,0.0,0.0,0.0,0.0,0.0,0.0,0.0,0.0,0.0,0.0,0.0,0.0,0.0,30.0,30.0,0.0,"solar_v,lipo_v"
2020-05-26T17:00:00Z,29.0,29.0,3.532,3.532,,,,,4352.759,4344.0,4362.0,,,3.532,3.532,3.532,,,,,,,,,,,547.759,208.759,0.0,,,,,,,3944.0,3972.0,0.0,0.0,0.0,0.0,0.0,0.0,0.0,0.0,0.0,0.0,0.0,0.0,0.0,29.0,29.0,0.0,"solar_v,lipo_v"
2020-05-26T18:00:00Z,30.0,30.0,3.532,3.532,,,,,4337.467,4328.0,4362.0,,,3.532,3.532,3.532,,,,,,,,,,,549.833,212.533,0.0,,,,,,,3973.0,4002.0,0.0,0.0,0.0,0.0,0.0,0.0,0.0,0.0,0.0,0.0,0.0,0.0,0.0,30.0,30.0,0.0,"solar_v,lipo_v"
2020-05-26T19:00:00Z,29.0,29.0,3.532,3.532,,,,,4336.138,4328.0,4342.0,,,3.532,3.532,3.532,,,,,,,,,,,552.172,214.207,0.0,,,,,,,4003.0,4031.0,0.0,0.0,0.0,0.0,0.0,0.0,0.0,0.0,0.0,0.0,0.0,0.0,0.0,29.0,29.0,0.0,"solar_v,lipo_v"
2020-05-26T20:00:00Z,30.0,30.0,3.532,3.532,,,,,4337.867,4328.0,4342.0,,,3.532,3.532,3.532,,,,,,,,,,,553.5,215.8,0.0,,,,,,,4032.0,4061.0,0.0,0.0,0.0,0.0,0.0,0.0,0.0,0.0,0.0,0.0,0.0,0.0,0.0,30.0,30.0,0.0,"solar_v,lipo_v"
2020-05-26T21:00:00Z,29.0,29.0,3.532,3.532,,,,,4338.138,4332.0,4344.0,,,3.532,3.532,3.532,,,,,,,,,,,555.276,216.345,0.0,,,,,,,4062.0,4090.0,0.0,0.0,0.0,0.0,0.0,0.0,0.0,0.0,0.0,0.0,0.0,0.0,0.0,29.0,29.0,0.0,"solar_v,lipo_v"
2020-05-26T22:00:00Z,30.0,30.0,2.83,3.532,,,,,4338.933,4328.0,4344.0,,,3.532,3.532,3.532,,,,,,,,,,,555.467,216.567,0.0,,,,,,,4091.0,4120.0,0.0,0.0,0.0,0.0,0.0,0.0,0.0,0.0,0.0,0.0,0.0,0.0,0.0,30.0,30.0,0.0,"solar_v,lipo_v"
2020-05-26T23:00:00Z,29.0,29.0,1.998,2.158,,,,,4315.172,4288.0,4334.0,,,3.532,3.532,3.532,,,,,,,,,,,551.276,214.69,0.0,,,,,,,4121.0,4149.0,0.0,0.0,0.0,0.0,0.0,0.0,0.0,0.0,0.0,0.0,0.0,0.0,0.0,29.0,29.0,0.0,"solar_v,lipo_v"
2020-05-27T00:00:00Z,27.0,27.0,2.122,2.136,,,,,4264.148,4232.0,4290.0,,,3.532,3.532,3.532,,,,,,,,,,,554.852,217.407,0.0,,,,,,,4150.0,4178.0,0.0,0.0,0.0,0.0,0.0,0.0,0.0,0.0,0.0,0.0,0.0,0.0,0.0,27.0,27.0,0.0,"solar_v,lipo_v"
2020-05-27T01:00:00Z,26.0,26.0,2.038,2.118,,,,,4202.077,4134.0,4248.0,,,3.532,3.532,3.532,,,,,,,,,,,553.654,1241.769,0.0,,,,,,,4179.0,4207.0,0.0,0.0,0.0,0.0,0.0,0.0,0.0,0.0,0.0,0.0,0.0,0.0,0.0,26.0,26.0,0.0,"solar_v,lipo_v"
2020-05-27T02:00:00Z,29.0,29.0,1.943,2.071,,,,,4074.69,3996.0,4156.0,,,3.532,3.532,3.532,,,,,,,,,,,553.897,1662.207,0.0,,,,,,,4208.0,4237.0,0.0,0.0,0.0,0.0,0.0,0.0,0.0,0.0,0.0,0.0,0.0,0.0,0.0,29.0,29.0,0.0,"solar_v,lipo_v"
2020-05-27T03:00:00Z,29.0,29.0,1.963,2.194,,,,,4149.517,3974.0,4420.0,,,3.532,3.532,3.532,,,,,,,,,,,551.069,1342.379,0.0,,,,,,,4238.0,4266.0,0.0,0.0,0.0,0.0,0.0,0.0,0.0,0.0,0.0,0.0,0.0,0.0,0.0,29.0,29.0,0.0,"solar_v,lipo_v"
2020-05-27T04:00:00Z,24.0,24.0,2.196,2.224,,,,,4409.25,4372.0,4460.0,,,3.532,3.532,3.532,,,,,,,,,,,548.417,1637.708,0.0,,,,,,,4267.0,4295.0,0.0,0.0,0.0,0.0,0.0,0.0,0.0,0.0,0.0,0.0,0.0,0.0,0.0,24.0,24.0,0.0,"solar_v,lipo_v"
2020-05-27T05:00:00Z,28.0,28.0,2.229,2.24,,,,,4477.5,4450.0,4496.0,,,3.532,3.532,3.532,,,,,,,,,,,544.214,1025.786,0.0,,,,,,,4296.0,4324.0,0.0,0.0,0.0,0.0,0.0,0.0,0.0,0.0,0.0,0.0,0.0,0.0,0.0,28.0,28.0,0.0,"solar_v,lipo_v"
2020-05-27T06:00:00Z,30.0,30.0,2.244,2.259,,,,,4506.533,4476.0,4526.0,,,3.532,3.532,3.532,,,,,,,,,,,541.267,1093.667,0.0,,,,,,,4325.0,4354.0,0.0,0.0,0.0,0.0,0.0,0.0,0.0,0.0,0.0,0.0,0.0,0.0,0.0,30.0,30.0,0.0,"solar_v,lipo_v"
2020-05-27T07:00:00Z,27.0,27.0,2.232,2.286,,,,,4551.926,4526.0,4598.0,,,3.532,3.532,3.532,,,,,,,,,,,537.741,391.815,0.0,,,,,,,4355.0,4383.0,0.0,0.0,0.0,0.0,0.0,0.0,0.0,0.0,0.0,0.0,0.0,0.0,0.0,27.0,27.0,0.0,"solar_v,lipo_v"
2020-05-27T08:00:00Z,25.0,25.0,2.219,2.324,,,,,4613.76,4504.0,4698.0,,,3.532,3.532,3.532,,,,,,,,,,,534.96,245.52,0.0,,,,,,,4384.0,4412.0,0.0,0.0,0.0,0.0,0.0,0.0,0.0,0.0,0.0,0.0,0.0,0.0,0.0,25.0,25.0,0.0,"solar_v,lipo_v"
2020-05-27T09:00:00Z,29.0,29.0,2.222,2.237,,,,,4470.966,4460.0,4500.0,,,3.532,3.532,3.532,,,,,,,,,,,538.69,201.241,0.0,,,,,,,4413.0,4441.0,0.0,0.0,0.0,0.0,0.0,0.0,0.0,0.0,0.0,0.0,0.0,0.0,0.0,29.0,29.0,0.0,"solar_v,lipo_v"
2020-05-27T10:00:00Z,30.0,30.0,2.397,3.287,,,,,4477.467,4460.0,4494.0,,,3.532,3.532,3.532,,,,,,,,,,,535.567,200.6,0.0,,,,,,,4442.0,4471.0,0.0,0.0,0.0,0.0,0.0,0.0,0.0,0.0,0.0,0.0,0.0,0.0,0.0,30.0,30.0,0.0,"solar_v,lipo_v"
2020-05-27T11:00:00Z,26.0,26.0,3.421,3.532,,,,,4481.769,4474.0,4486.0,,,3.532,3.532,3.532,,,,,,,,,,,539.731,201.808,0.0,,,,,,,4472.0,4500.0,0.0,0.0,0.0,0.0,0.0,0.0,0.0,0.0,0.0,0.0,0.0,0.0,0.0,26.0,26.0,0.0,"solar_v,lipo_v"
2020-05-27T12:00:00Z,30.0,30.0,3.532,3.532,,,,,4480.533,4474.0,4490.0,,,3.532,3.532,3.532,,,,,,,,,,,543.433,203.033,0.0,,,,,,,4501.0,4530.0,0.0,0.0,0.0,0.0,0.0,0.0,0.0,0.0,0.0,0.0,0.0,0.0,0.0,30.0,30.0,0.0,"solar_v,lipo_v"
2020-05-27T13:00:00Z,29.0,29.0,3.532,3.532,,,,,4479.103,4474.0,4486.0,,,3.532,3.532,3.532,,,,,,,,,,,543.517,203.207,0.0,,,,,,,4531.0,4559.0,0.0,0.0,0.0,0.0,0.0,0.0,0.0,0.0,0.0,0.0,0.0,0.0,0.0,29.0,29.0,0.0,"solar_v,lipo_v"
2020-05-27T14:00:00Z,29.0,29.0,3.532,3.532,,,,,4479.517,4474.0,4486.0,,,3.532,3.532,3.532,,,,,,,,,,,546.172,207.207,0.0,,,,,,,4560.0,4589.0,0.0,0.0,0.0,0.0,0.0,0.0,0.0,0.0,0.0,0.0,0.0,0.0,0.0,29.0,29.0,0.0,"solar_v,lipo_v"
2020-05-27T15:00:00Z,30.0,30.0,3.532,3.532,,,,,4478.867,4474.0,4486.0,,,3.532,3.532,3.532,,,,,,,,,,,546.9,209.667,0.0,,,,,,,4590.0,4619.0,0.0,0.0,0.0,0.0,0.0,0.0,0.0,0.0,0.0,0.0,0.0,0.0,0.0,30.0,30.0,0.0,"solar_v,lipo_v"
2020-05-27T16:00:00Z,29.0,29.0,3.532,3.532,,,,,4479.862,4474.0,4484.0,,,3.532,3.532,3.532,,,,,,,,,,,549.759,213.897,0.0,,,,,,,4620.0,4648.0,0.0,0.0,0.0,0.0,0.0,0.0,0.0,0.0,0.0,0.0,0.0,0.0,0.0,29.0,29.0,0.0,"solar_v,lipo_v"
2020-05-27T17:00:00Z,30.0,30.0,3.532,3.532,,,,,4479.8,4474.0,4484.0,,,3.532,3.532,3.532,,,,,,,,,,,552.6,215.567,0.0,,,,,,,4649.0,4678.0,0.0,0.0,0.0,0.0,0.0,0.0,0.0,0.0,0.0,0.0,0.0,0.0,0.0,30.0,30.0,0.0,"solar_v,lipo_v"
2020-05-27T18:00:00Z,29.0,29.0,3.532,3.532,,,,,4479.172,4474.0,4484.0,,,3.532,3.532,3.532,,,,,,,,,,,554.172,216.207,0.0,,,,,,,4679.0,4707.0,0.0,0.0,0.0,0.0,0.0,0.0,0.0,0.0,0.0,0.0,0.0,0.0,0.0,29.0,29.0,0.0,"solar_v,lipo_v"
2020-05-27T19:00:00Z,29.0,29.0,3.532,3.532,,,,,4478.207,4474.0,4486.0,,,3.532,3.532,3.532,,,,,,,,,,,554.655,216.483,0.0,,,,,,,4708.0,4737.0,0.0,0.0,0.0,0.0,0.0,0.0,0.0,0.0,0.0,0.0,0.0,0.0,0.0,29.0,29.0,0.0,"solar_v,lipo_v"
2020-05-27T20:00:00Z,29.0,29.0,3.532,3.532,,,,,4479.31,4474.0,4486.0,,,3.532,3.532,3.532,,,,,,,,,,,557.207,216.724,0.0,,,,,,,4738.0,4766.0,0.0,0.0,0.0,0.0,0.0,0.0,0.0,0.0,0.0,0.0,0.0,0.0,0.0,29.0,29.0,0.0,"solar_v,lipo_v"
2020-05-27T21:00:00Z,30.0,30.0,3.532,3.532,,,,,4479.933,4474.0,4486.0,,,3.532,3.532,3.532,,,,,,,,,,,558.367,219.133,0.0,,,,,,,4767.0,4796.0,0.0,0.0,0.0,0.0,0.0,0.0,0.0,0.0,0.0,0.0,0.0,0.0,0.0,30.0,30.0,0.0,"solar_v,lipo_v"
2020-05-27T22:00:00Z,29.0,29.0,3.007,3.532,,,,,4480.0,4474.0,4486.0,,,3.532,3.532,3.532,,,,,,,,,,,558.414,219.207,0.0,,,,,,,4797.0,4825.0,0.0,0.0,0.0,0.0,0.0,0.0,0.0,0.0,0.0,0.0,0.0,0.0,0.0,29.0,29.0,0.0,"solar_v,lipo_v"
2020-05-27T23:00:00Z,30.0,30.0,2.206,2.23,,,,,4471.533,4454.0,4484.0,,,3.532,3.532,3.532,,,,,,,,,,,558.333,216.833,0.0,,,,,,,4826.0,4855.0,0.0,0.0,0.0,0.0,0.0,0.0,0.0,0.0,0.0,0.0,0.0,0.0,0.0,30.0,30.0,0.0,"solar_v,lipo_v"
2020-05-28T00:00:00Z,29.0,29.0,2.186,2.22,,,,,4429.586,4414.0,4454.0,,,3.532,3.532,3.532,,,,,,,,,,,557.552,216.517,0.0,,,,,,,4856.0,4884.0,0.0,0.0,0.0,0.0,0.0,0.0,0.0,0.0,0.0,0.0,0.0,0.0,0.0,29.0,29.0,0.0,"solar_v,lipo_v"
2020-05-28T01:00:00Z,24.0,24.0,2.16,2.198,,,,,4388.583,4348.0,4420.0,,,3.532,3.532,3.532,,,,,,,,,,,554.125,215.917,0.0,,,,,,,4885.0,4913.0,0.0,0.0,0.0,0.0,0.0,0.0,0.0,0.0,0.0,0.0,0.0,0.0,0.0,24.0,24.0,0.0,"solar_v,lipo_v"
2020-05-28T02:00:00Z,27.0,27.0,2.137,2.183,,,,,4337.407,4308.0,4390.0,,,3.532,3.532,3.532,,,,,,,,,,,553.444,215.815,0.0,,,,,,,4914.0,4942.0,0.0,0.0,0.0,0.0,0.0,0.0,0.0,0.0,0.0,0.0,0.0,0.0,0.0,27.0,27.0,0.0,"solar_v,lipo_v"
2020-05-28T03:00:00Z,30.0,30.0,2.131,2.158,,,,,4299.6,4256.0,4334.0,,,3.532,3.532,3.532,,,,,,,,,,,552.3,214.733,0.0,,,,,,,4943.0,4972.0,0.0,0.0,0.0,0.0,0.0,0.0,0.0,0.0,0.0,0.0,0.0,0.0,0.0,30.0,30.0,0.0,"solar_v,lipo_v"
2020-05-28T04:00:00Z,27.0,27.0,2.111,2.161,,,,,4271.556,4214.0,4344.0,,,3.532,3.532,3.532,,,,,,,,,,,547.852,210.519,0.0,,,,,,,4973.0,5001.0,0.0,0.0,0.0,0.0,0.0,0.0,0.0,0.0,0.0,0.0,0.0,0.0,0.0,27.0,27.0,0.0,"solar_v,lipo_v"
2020-05-28T05:00:00Z,29.0,29.0,2.072,2.128,,,,,4198.828,4166.0,4274.0,,,3.532,3.532,3.532,,,,,,,,,,,544.931,205.069,0.0,,,,,,,5002.0,5030.0,0.0,0.0,0.0,0.0,0.0,0.0,0.0,0.0,0.0,0.0,0.0,0.0,0.0,29.0,29.0,0.0,"solar_v,lipo_v"
2020-05-28T06:00:00Z,28.0,28.0,2.067,2.115,,,,,4191.714,4106.0,4242.0,,,3.532,3.532,3.532,,,,,,,,,,,539.786,202.643,0.0,,,,,,,5032.0,5060.0,0.0,0.0,0.0,0.0,0.0,0.0,0.0,0.0,0.0,0.0,0.0,0.0,0.0,28.0,28.0,0.0,"solar_v,lipo_v"
2020-05-28T07:00:00Z,16.0,16.0,2.108,2.146,,,,,4280.75,4232.0,4314.0,,,3.532,3.532,3.532,,,,,,,,,,,541.0,203.375,0.0,,,,,,,5061.0,5086.0,0.0,0.0,0.0,0.0,0.0,0.0,0.0,0.0,0.0,0.0,0.0,0.0,0.0,16.0,16.0,0.0,"solar_v,lipo_v"
2020-05-28T08:00:00Z,28.0,28.0,2.115,2.143,,,,,4290.5,4282.0,4302.0,,,3.532,3.532,3.532,,,,,,,,,,,540.464,202.143,0.0,,,,,,,5090.0,5117.0,0.0,0.0,0.0,0.0,0.0,0.0,0.0,0.0,0.0,0.0,0.0,0.0,0.0,28.0,28.0,0.0,"solar_v,lipo_v"
2020-05-28T09:00:00Z,28.0,28.0,2.108,2.136,,,,,4284.0,4272.0,4290.0,,,3.532,3.532,3.532,,,,,,,,,,,537.857,201.5,0.0,,,,,,,5118.0,5146.0,0.0,0.0,0.0,0.0,0.0,0.0,0.0,0.0,0.0,0.0,0.0,0.0,0.0,28.0,28.0,0.0,"solar_v,lipo_v"
2020-05-28T10:00:00Z,30.0,30.0,2.136,2.554,,,,,4304.6,4286.0,4328.0,,,3.532,3.532,3.532,,,,,,,,,,,538.033,201.733,0.0,,,,,,,5147.0,5176.0,0.0,0.0,0.0,0.0,0.0,0.0,0.0,0.0,0.0,0.0,0.0,0.0,0.0,30.0,30.0,0.0,"solar_v,lipo_v"
2020-05-28T11:00:00Z,29.0,29.0,3.417,3.532,,,,,4327.034,4322.0,4334.0,,,3.532,3.532,3.532,,,,,,,,,,,542.0,203.414,0.0,,,,,,,5177.0,5205.0,0.0,0.0,0.0,0.0,0.0,0.0,0.0,0.0,0.0,0.0,0.0,0.0,0.0,29.0,29.0,0.0,"solar_v,lipo_v"
2020-05-28T12:00:00Z,30.0,30.0,3.532,3.532,,,,,4331.133,4324.0,4338.0,,,3.532,3.532,3.532,,,,,,,,,,,545.4,205.867,0.0,,,,,,,5206.0,5235.0,0.0,0.0,0.0,0.0,0.0,0.0,0.0,0.0,0.0,0.0,0.0,0.0,0.0,30.0,30.0,0.0,"solar_v,lipo_v"
2020-05-28T13:00:00Z,29.0,29.0,3.532,3.532,,,,,4333.931,4326.0,4342.0,,,3.532,3.532,3.532,,,,,,,,,,,546.172,206.897,0.0,,,,,,,5236.0,5264.0,0.0,0.0,0.0,0.0,0.0,0.0,0.0,0.0,0.0,0.0,0.0,0.0,0.0,29.0,29.0,0.0,"solar_v,lipo_v"
2020-05-28T14:00:00Z,30.0,30.0,3.532,3.532,,,,,4335.933,4328.0,4342.0,,,3.532,3.532,3.532,,,,,,,,,,,547.0,208.767,0.0,,,,,,,5265.0,5294.0,0.0,0.0,0.0,0.0,0.0,0.0,0.0,0.0,0.0,0.0,0.0,0.0,0.0,30.0,30.0,0.0,"solar_v,lipo_v"
2020-05-28T15:00:00Z,29.0,29.0,3.532,3.532,,,,,4338.897,4332.0,4342.0,,,3.532,3.532,3.532,,,,,,,,,,,548.034,211.448,0.0,,,,,,,5295.0,5323.0,0.0,0.0,0.0,0.0,0.0,0.0,0.0,0.0,0.0,0.0,0.0,0.0,0.0,29.0,29.0,0.0,"solar_v,lipo_v"
2020-05-28T16:00:00Z,30.0,30.0,3.532,3.532,,,,,4340.867,4334.0,4342.0,,,3.532,3.532,3.532,,,,,,,,,,,550.033,213.767,0.0,,,,,,,5324.0,5353.0,0.0,0.0,0.0,0.0,0.0,0.0,0.0,0.0,0.0,0.0,0.0,0.0,0.0,30.0,30.0,0.0,"solar_v,lipo_v"
2020-05-28T17:00:00Z,30.0,30.0,3.532,3.532,,,,,4341.267,4334.0,4344.0,,,3.532,3.532,3.532,,,,,,,,,,,551.567,215.067,0.0,,,,,,,5354.0,5383.0,0.0,0.0,0.0,0.0,0.0,0.0,0.0,0.0,0.0,0.0,0.0,0.0,0.0,30.0,30.0,0.0,"solar_v,lipo_v"
2020-05-28T18:00:00Z,29.0,29.0,3.532,3.532,,,,,4342.552,4338.0,4344.0,,,3.532,3.532,3.532,,,,,,,,,,,553.517,215.897,0.0,,,,,,,5384.0,5412.0,0.0,0.0,0.0,0.0,0.0,0.0,0.0,0.0,0.0,0.0,0.0,0.0,0.0,29.0,29.0,0.0,"solar_v,lipo_v"
2020-05-28T19:00:00Z,30.0,30.0,3.532,3.532,,,,,4343.2,4342.0,4344.0,,,3.532,3.532,3.532,,,,,,,,,,,554.7,216.133,0.0,,,,,,,5413.0,5442.0,0.0,0.0,0.0,0.0,0.0,0.0,0.0,0.0,0.0,0.0,0.0,0.0,0.0,30.0,30.0,0.0,"solar_v,lipo_v"
2020-05-28T20:00:00Z,28.0,28.0,3.532,3.532,,,,,4343.357,4342.0,4344.0,,,3.532,3.532,3.532,,,,,,,,,,,556.214,216.393,0.0,,,,,,,5443.0,5471.0,0.0,0.0,0.0,0.0,0.0,0.0,0.0,0.0,0.0,0.0,0.0,0.0,0.0,28.0,28.0,0.0,"solar_v,lipo_v"
2020-05-28T21:00:00Z,30.0,30.0,3.532,3.532,,,,,4343.733,4342.0,4346.0,,,3.532,3.532,3.532,,,,,,,,,,,556.7,217.767,0.0,,,,,,,5472.0,5501.0,0.0,0.0,0.0,0.0,0.0,0.0,0.0,0.0,0.0,0.0,0.0,0.0,0.0,30.0,30.0,0.0,"solar_v,lipo_v"
2020-05-28T22:00:00Z,29.0,29.0,2.863,3.532,,,,,4344.552,4340.0,4348.0,,,3.532,3.532,3.532,,,,,,,,,,,557.517,218.31,0.0,,,,,,,5502.0,5530.0,0.0,0.0,0.0,0.0,0.0,0.0,0.0,0.0,0.0,0.0,0.0,0.0,0.0,29.0,29.0,0.0,"solar_v,lipo_v"
2020-05-28T23:00:00Z,30.0,30.0,2.131,2.161,,,,,4314.533,4248.0,4344.0,,,3.532,3.532,3.532,,,,,,,,,,,554.9,216.567,0.0,,,,,,,5531.0,5560.0,0.0,0.0,0.0,0.0,0.0,0.0,0.0,0.0,0.0,0.0,0.0,0.0,0.0,30.0,30.0,0.0,"solar_v,lipo_v"
2020-05-29T00:00:00Z,29.0,29.0,2.067,2.116,,,,,4190.069,4110.0,4246.0,,,3.532,3.532,3.532,,,,,,,,,,,553.172,216.276,0.0,,,,,,,5561.0,5589.0,0.0,0.0,0.0,0.0,0.0,0.0,0.0,0.0,0.0,0.0,0.0,0.0,0.0,29.0,29.0,0.0,"solar_v,lipo_v"
2020-05-29T01:00:00Z,12.0,12.0,2.044,2.083,,,,,4165.833,3944.0,4210.0,,,3.532,3.532,3.532,,,,,,,,,,,550.667,214.0,0.0,,,,,,,5590.0,5616.0,0.0,0.0,0.0,0.0,0.0,0.0,0.0,0.0,0.0,0.0,0.0,0.0,0.0,12.0,12.0,0.0,"solar_v,lipo_v"
2020-05-29T02:00:00Z,21.0,21.0,1.945,2.082,,,,,4114.19,3922.0,4184.0,,,3.532,3.532,3.532,,,,,,,,,,,551.19,215.048,0.0,,,,,,,5618.0,5645.0,0.0,0.0,0.0,0.0,0.0,0.0,0.0,0.0,0.0,0.0,0.0,0.0,0.0,21.0,21.0,0.0,"solar_v,lipo_v"
2020-05-29T03:00:00Z,29.0,29.0,1.872,2.064,,,,,4034.966,3902.0,4150.0,,,3.532,3.532,3.532,,,,,,,,,,,548.207,213.069,0.0,,,,,,,5646.0,5675.0,0.0,0.0,0.0,0.0,0.0,0.0,0.0,0.0,0.0,0.0,0.0,0.0,0.0,29.0,29.0,0.0,"solar_v,lipo_v"
2020-05-29T04:00:00Z,29.0,29.0,1.561,1.885,,,,,3955.034,3896.0,3982.0,,,3.532,3.532,3.532,,,,,,,,,,,543.448,206.586,0.0,,,,,,,5676.0,5704.0,0.0,0.0,0.0,0.0,0.0,0.0,0.0,0.0,0.0,0.0,0.0,0.0,0.0,29.0,29.0,0.0,"solar_v,lipo_v"
2020-05-29T05:00:00Z,22.0,22.0,1.588,1.896,,,,,3948.727,3894.0,3982.0,,,3.532,3.532,3.532,,,,,,,,,,,539.545,203.182,0.0,,,,,,,5705.0,5729.0,0.0,0.0,0.0,0.0,0.0,0.0,0.0,0.0,0.0,0.0,0.0,0.0,0.0,22.0,22.0,0.0,"solar_v,lipo_v"
2020-05-29T06:00:00Z,25.0,25.0,1.464,1.893,,,,,3957.6,3894.0,3982.0,,,3.532,3.532,3.532,,,,,,,,,,,535.2,201.8,0.0,,,,,,,5737.0,5762.0,0.0,0.0,0.0,0.0,0.0,0.0,0.0,0.0,0.0,0.0,0.0,0.0,0.0,25.0,25.0,0.0,"solar_v,lipo_v"
2020-05-29T07:00:00Z,17.0,17.0,1.453,1.877,,,,,3956.235,3886.0,3976.0,,,3.532,3.532,3.532,,,,,,,,,,,532.824,196.824,0.0,,,,,,,5763.0,5787.0,0.0,0.0,0.0,0.0,0.0,0.0,0.0,0.0,0.0,0.0,0.0,0.0,0.0,17.0,17.0,0.0,"solar_v,lipo_v"
2020-05-29T08:00:00Z,24.0,24.0,1.864,2.065,,,,,4007.917,3942.0,4154.0,,,3.532,3.532,3.532,,,,,,,,,,,534.542,200.667,0.0,,,,,,,5793.0,5819.0,0.0,0.0,0.0,0.0,0.0,0.0,0.0,0.0,0.0,0.0,0.0,0.0,0.0,24.0,24.0,0.0,"solar_v,lipo_v"
2020-05-29T09:00:00Z,29.0,29.0,2.074,2.097,,,,,4194.483,4148.0,4216.0,,,3.532,3.532,3.532,,,,,,,,,,,534.828,201.034,0.0,,,,,,,5820.0,5848.0,0.0,0.0,0.0,0.0,0.0,0.0,0.0,0.0,0.0,0.0,0.0,0.0,0.0,29.0,29.0,0.0,"solar_v,lipo_v"
2020-05-29T10:00:00Z,30.0,30.0,2.275,3.291,,,,,4226.6,4210.0,4236.0,,,3.532,3.532,3.532,,,,,,,,,,,534.533,198.8,0.0,,,,,,,5849.0,5878.0,0.0,0.0,0.0,0.0,0.0,0.0,0.0,0.0,0.0,0.0,0.0,0.0,0.0,30.0,30.0,0.0,"solar_v,lipo_v"
2020-05-29T11:00:00Z,29.0,29.0,3.426,3.532,,,,,4233.793,4228.0,4238.0,,,3.532,3.532,3.532,,,,,,,,,,,540.345,203.172,0.0,,,,,,,5879.0,5907.0,0.0,0.0,0.0,0.0,0.0,0.0,0.0,0.0,0.0,0.0,0.0,0.0,0.0,29.0,29.0,0.0,"solar_v,lipo_v"
2020-05-29T12:00:00Z,30.0,30.0,3.532,3.532,,,,,4238.133,4232.0,4240.0,,,3.532,3.532,3.532,,,,,,,,,,,543.767,205.033,0.0,,,,,,,5908.0,5937.0,0.0,0.0,0.0,0.0,0.0,0.0,0.0,0.0,0.0,0.0,0.0,0.0,0.0,30.0,30.0,0.0,"solar_v,lipo_v"
2020-05-29T13:00:00Z,27.0,27.0,3.532,3.532,,,,,4239.852,4236.0,4242.0,,,3.532,3.532,3.532,,,,,,,,,,,542.333,202.704,0.0,,,,,,,5938.0,5966.0,0.0,0.0,0.0,0.0,0.0,0.0,0.0,0.0,0.0,0.0,0.0,0.0,0.0,27.0,27.0,0.0,"solar_v,lipo_v"
2020-05-29T14:00:00Z,28.0,28.0,3.532,3.532,,,,,4243.857,4240.0,4248.0,,,3.532,3.532,3.532,,,,,,,,,,,544.786,204.857,0.0,,,,,,,5968.0,5995.0,0.0,0.0,0.0,0.0,0.0,0.0,0.0,0.0,0.0,0.0,0.0,0.0,0.0,28.0,28.0,0.0,"solar_v,lipo_v"
2020-05-29T15:00:00Z,30.0,30.0,3.532,3.532,,,,,4244.467,4240.0,4248.0,,,3.532,3.532,3.532,,,,,,,,,,,546.267,205.9,0.0,,,,,,,5996.0,6025.0,0.0,0.0,0.0,0.0,0.0,0.0,0.0,0.0,0.0,0.0,0.0,0.0,0.0,30.0,30.0,0.0,"solar_v,lipo_v"
2020-05-29T16:00:00Z,30.0,30.0,3.532,3.532,,,,,4248.533,4242.0,4256.0,,,3.532,3.532,3.532,,,,,,,,,,,547.467,208.567,0.0,,,,,,,6026.0,6055.0,0.0,0.0,0.0,0.0,0.0,0.0,0.0,0.0,0.0,0.0,0.0,0.0,0.0,30.0,30.0,0.0,"solar_v,lipo_v"
2020-05-29T17:00:00Z,29.0,29.0,3.532,3.532,,,,,4251.655,4248.0,4256.0,,,3.532,3.532,3.532,,,,,,,,,,,548.414,210.172,0.0,,,,,,,6056.0,6084.0,0.0,0.0,0.0,0.0,0.0,0.0,0.0,0.0,0.0,0.0,0.0,0.0,0.0,29.0,29.0,0.0,"solar_v,lipo_v"
2020-05-29T18:00:00Z,29.0,29.0,3.532,3.532,,,,,4254.276,4248.0,4258.0,,,3.532,3.532,3.532,,,,,,,,,,,550.069,213.034,0.0,,,,,,,6085.0,6113.0,0.0,0.0,0.0,0.0,0.0,0.0,0.0,0.0,0.0,0.0,0.0,0.0,0.0,29.0,29.0,0.0,"solar_v,lipo_v"
2020-05-29T19:00:00Z,30.0,30.0,3.532,3.532,,,,,4257.6,4248.0,4262.0,,,3.532,3.532,3.532,,,,,,,,,,,551.8,214.7,0.0,,,,,,,6114.0,6143.0,0.0,0.0,0.0,0.0,0.0,0.0,0.0,0.0,0.0,0.0,0.0,0.0,0.0,30.0,30.0,0.0,"solar_v,lipo_v"
2020-05-29T20:00:00Z,29.0,29.0,3.532,3.532,,,,,4260.138,4254.0,4268.0,,,3.532,3.532,3.532,,,,,,,,,,,553.828,215.276,0.0,,,,,,,6144.0,6172.0,0.0,0.0,0.0,0.0,0.0,0.0,0.0,0.0,0.0,0.0,0.0,0.0,0.0,29.0,29.0,0.0,"solar_v,lipo_v"
2020-05-29T21:00:00Z,30.0,30.0,3.532,3.532,,,,,4260.8,4256.0,4268.0,,,3.532,3.532,3.532,,,,,,,,,,,554.2,216.2,0.0,,,,,,,6173.0,6202.0,0.0,0.0,0.0,0.0,0.0,0.0,0.0,0.0,0.0,0.0,0.0,0.0,0.0,30.0,30.0,0.0,"solar_v,lipo_v"
2020-05-29T22:00:00Z,29.0,29.0,2.835,3.532,,,,,4262.276,4246.0,4272.0,,,3.532,3.532,3.532,,,,,,,,,,,556.0,216.69,0.0,,,,,,,6203.0,6231.0,0.0,0.0,0.0,0.0,0.0,0.0,0.0,0.0,0.0,0.0,0.0,0.0,0.0,29.0,29.0,0.0,"solar_v,lipo_v"
2020-05-29T23:00:00Z,28.0,28.0,2.073,2.113,,,,,4199.857,4162.0,4246.0,,,3.532,3.532,3.532,,,,,,,,,,,552.107,215.321,0.0,,,,,,,6232.0,6260.0,0.0,0.0,0.0,0.0,0.0,0.0,0.0,0.0,0.0,0.0,0.0,0.0,0.0,28.0,28.0,0.0,"solar_v,lipo_v"
2020-05-30T00:00:00Z,30.0,30.0,1.929,2.072,,,,,4054.533,3942.0,4164.0,,,3.532,3.532,3.532,,,,,,,,,,,551.767,214.5,0.0,,,,,,,6261.0,6290.0,0.0,0.0,0.0,0.0,0.0,0.0,0.0,0.0,0.0,0.0,0.0,0.0,0.0,30.0,30.0,0.0,"solar_v,lipo_v"
2020-05-30T01:00:00Z,28.0,28.0,1.575,1.91,,,,,3955.857,3910.0,3978.0,,,3.532,3.532,3.532,,,,,,,,,,,548.929,212.321,0.0,,,,,,,6291.0,6319.0,0.0,0.0,0.0,0.0,0.0,0.0,0.0,0.0,0.0,0.0,0.0,0.0,0.0,28.0,28.0,0.0,"solar_v,lipo_v"
2020-05-30T02:00:00Z,30.0,30.0,1.647,1.91,,,,,3955.267,3914.0,3974.0,,,3.532,3.532,3.532,,,,,,,,,,,548.067,210.8,0.0,,,,,,,6320.0,6349.0,0.0,0.0,0.0,0.0,0.0,0.0,0.0,0.0,0.0,0.0,0.0,0.0,0.0,30.0,30.0,0.0,"solar_v,lipo_v"
2020-05-30T03:00:00Z,29.0,29.0,1.522,1.89,,,,,3947.655,3878.0,3974.0,,,3.532,3.532,3.532,,,,,,,,,,,546.0,208.172,0.0,,,,,,,6350.0,6378.0,0.0,0.0,0.0,0.0,0.0,0.0,0.0,0.0,0.0,0.0,0.0,0.0,0.0,29.0,29.0,0.0,"solar_v,lipo_v"
2020-05-30T04:00:00Z,30.0,30.0,1.51,1.899,,,,,3948.133,3876.0,3974.0,,,3.532,3.532,3.532,,,,,,,,,,,542.867,204.767,0.0,,,,,,,6379.0,6408.0,0.0,0.0,0.0,0.0,0.0,0.0,0.0,0.0,0.0,0.0,0.0,0.0,0.0,30.0,30.0,0.0,"solar_v,lipo_v"
2020-05-30T05:00:00Z,29.0,29.0,1.629,2.04,,,,,3968.759,3894.0,4108.0,,,3.532,3.532,3.532,,,,,,,,,,,538.414,201.897,0.0,,,,,,,6409.0,6437.0,0.0,0.0,0.0,0.0,0.0,0.0,0.0,0.0,0.0,0.0,0.0,0.0,0.0,29.0,29.0,0.0,"solar_v,lipo_v"
2020-05-30T06:00:00Z,30.0,30.0,2.062,2.098,,,,,4178.467,3972.0,4216.0,,,3.532,3.532,3.532,,,,,,,,,,,542.633,202.3,0.0,,,,,,,6438.0,6467.0,0.0,0.0,0.0,0.0,0.0,0.0,0.0,0.0,0.0,0.0,0.0,0.0,0.0,30.0,30.0,0.0,"solar_v,lipo_v"
2020-05-30T07:00:00Z,28.0,28.0,2.075,2.101,,,,,4213.214,4202.0,4228.0,,,3.532,3.532,3.532,,,,,,,,,,,540.429,202.036,0.0,,,,,,,6468.0,6496.0,0.0,0.0,0.0,0.0,0.0,0.0,0.0,0.0,0.0,0.0,0.0,0.0,0.0,28.0,28.0,0.0,"solar_v,lipo_v"
2020-05-30T08:00:00Z,30.0,30.0,2.078,2.105,,,,,4224.2,4220.0,4230.0,,,3.532,3.532,3.532,,,,,,,,,,,539.967,201.733,0.0,,,,,,,6497.0,6526.0,0.0,0.0,0.0,0.0,0.0,0.0,0.0,0.0,0.0,0.0,0.0,0.0,0.0,30.0,30.0,0.0,"solar_v,lipo_v"
2020-05-30T09:00:00Z,29.0,29.0,2.092,2.105,,,,,4223.655,4214.0,4234.0,,,3.532,3.532,3.532,,,,,,,,,,,540.552,201.897,0.0,,,,,,,6527.0,6555.0,0.0,0.0,0.0,0.0,0.0,0.0,0.0,0.0,0.0,0.0,0.0,0.0,0.0,29.0,29.0,0.0,"solar_v,lipo_v"
2020-05-30T10:00:00Z,30.0,30.0,2.301,3.278,,,,,4235.533,4228.0,4242.0,,,3.532,3.532,3.532,,,,,,,,,,,543.133,202.367,0.0,,,,,,,6556.0,6585.0,0.0,0.0,0.0,0.0,0.0,0.0,0.0,0.0,0.0,0.0,0.0,0.0,0.0,30.0,30.0,0.0,"solar_v,lipo_v"
2020-05-30T11:00:00Z,29.0,29.0,3.446,3.532,,,,,4239.034,4236.0,4248.0,,,3.532,3.532,3.532,,,,,,,,,,,548.483,208.483,0.0,,,,,,,6586.0,6614.0,0.0,0.0,0.0,0.0,0.0,0.0,0.0,0.0,0.0,0.0,0.0,0.0,0.0,29.0,29.0,0.0,"solar_v,lipo_v"
2020-05-30T12:00:00Z,30.0,30.0,3.532,3.532,,,,,4240.733,4238.0,4248.0,,,3.532,3.532,3.532,,,,,,,,,,,551.233,214.167,0.0,,,,,,,6615.0,6644.0,0.0,0.0,0.0,0.0,0.0,0.0,0.0,0.0,0.0,0.0,0.0,0.0,0.0,30.0,30.0,0.0,"solar_v,lipo_v"
2020-05-30T13:00:00Z,29.0,29.0,3.532,3.532,,,,,4242.966,4238.0,4248.0,,,3.532,3.532,3.532,,,,,,,,,,,553.724,215.345,0.0,,,,,,,6645.0,6673.0,0.0,0.0,0.0,0.0,0.0,0.0,0.0,0.0,0.0,0.0,0.0,0.0,0.0,29.0,29.0,0.0,"solar_v,lipo_v"
2020-05-30T14:00:00Z,30.0,30.0,3.532,3.532,,,,,4246.133,4238.0,4254.0,,,3.532,3.532,3.532,,,,,,,,,,,555.3,216.3,0.0,,,,,,,6674.0,6703.0,0.0,0.0,0.0,0.0,0.0,0.0,0.0,0.0,0.0,0.0,0.0,0.0,0.0,30.0,30.0,0.0,"solar_v,lipo_v"
2020-05-30T15:00:00Z,29.0,29.0,3.532,3.532,,,,,4250.345,4242.0,4258.0,,,3.532,3.532,3.532,,,,,,,,,,,557.0,217.138,0.0,,,,,,,6704.0,6732.0,0.0,0.0,0.0,0.0,0.0,0.0,0.0,0.0,0.0,0.0,0.0,0.0,0.0,29.0,29.0,0.0,"solar_v,lipo_v"
2020-05-30T16:00:00Z,30.0,30.0,3.532,3.532,,,,,4252.467,4246.0,4258.0,,,3.532,3.532,3.532,,,,,,,,,,,558.2,219.4,0.0,,,,,,,6733.0,6762.0,0.0,0.0,0.0,0.0,0.0,0.0,0.0,0.0,0.0,0.0,0.0,0.0,0.0,30.0,30.0,0.0,"solar_v,lipo_v"
2020-05-30T17:00:00Z,29.0,29.0,3.532,3.532,,,,,4256.276,4248.0,4262.0,,,3.532,3.532,3.532,,,,,,,,,,,559.172,221.31,0.0,,,,,,,6763.0,6791.0,0.0,0.0,0.0,0.0,0.0,0.0,0.0,0.0,0.0,0.0,0.0,0.0,0.0,29.0,29.0,0.0,"solar_v,lipo_v"
2020-05-30T18:00:00Z,30.0,30.0,3.532,3.532,,,,,4256.333,4248.0,4262.0,,,3.532,3.532,3.532,,,,,,,,,,,559.9,221.933,0.0,,,,,,,6792.0,6821.0,0.0,0.0,0.0,0.0,0.0,0.0,0.0,0.0,0.0,0.0,0.0,0.0,0.0,30.0,30.0,0.0,"solar_v,lipo_v"
2020-05-30T19:00:00Z,29.0,29.0,3.532,3.532,,,,,4260.276,4254.0,4262.0,,,3.532,3.532,3.532,,,,,,,,,,,561.069,225.379,0.0,,,,,,,6822.0,6850.0,0.0,0.0,0.0,0.0,0.0,0.0,0.0,0.0,0.0,0.0,0.0,0.0,0.0,29.0,29.0,0.0,"solar_v,lipo_v"
2020-05-30T20:00:00Z,30.0,30.0,3.532,3.532,,,,,4262.333,4256.0,4268.0,,,3.532,3.532,3.532,,,,,,,,,,,562.067,225.167,0.0,,,,,,,6851.0,6880.0,0.0,0.0,0.0,0.0,0.0,0.0,0.0,0.0,0.0,0.0,0.0,0.0,0.0,30.0,30.0,0.0,"solar_v,lipo_v"
2020-05-30T21:00:00Z,29.0,29.0,3.532,3.532,,,,,4264.759,4260.0,4268.0,,,3.532,3.532,3.532,,,,,,,,,,,563.828,227.586,0.0,,,,,,,6881.0,6909.0,0.0,0.0,0.0,0.0,0.0,0.0,0.0,0.0,0.0,0.0,0.0,0.0,0.0,29.0,29.0,0.0,"solar_v,lipo_v"
2020-05-30T22:00:00Z,30.0,30.0,2.697,3.532,,,,,4258.267,4230.0,4272.0,,,3.532,3.532,3.532,,,,,,,,,,,563.233,227.933,0.0,,,,,,,6910.0,6939.0,0.0,0.0,0.0,0.0,0.0,0.0,0.0,0.0,0.0,0.0,0.0,0.0,0.0,30.0,30.0,0.0,"solar_v,lipo_v"
2020-05-30T23:00:00Z,29.0,29.0,2.048,2.103,,,,,4153.448,3990.0,4230.0,,,3.532,3.532,3.532,,,,,,,,,,,560.172,224.552,0.0,,,,,,,6940.0,6968.0,0.0,0.0,0.0,0.0,0.0,0.0,0.0,0.0,0.0,0.0,0.0,0.0,0.0,29.0,29.0,0.0,"solar_v,lipo_v"
2020-05-31T00:00:00Z,29.0,29.0,1.567,1.906,,,,,3958.138,3942.0,3974.0,,,3.532,3.532,3.532,,,,,,,,,,,558.793,220.448,0.0,,,,,,,6969.0,6997.0,0.0,0.0,0.0,0.0,0.0,0.0,0.0,0.0,0.0,0.0,0.0,0.0,0.0,29.0,29.0,0.0,"solar_v,lipo_v"
2020-05-31T01:00:00Z,30.0,30.0,1.483,1.903,,,,,3955.4,3920.0,3974.0,,,3.532,3.532,3.532,,,,,,,,,,,557.567,218.933,0.0,,,,,,,6998.0,7027.0,0.0,0.0,0.0,0.0,0.0,0.0,0.0,0.0,0.0,0.0,0.0,0.0,0.0,30.0,30.0,0.0,"solar_v,lipo_v"
2020-05-31T02:00:00Z,30.0,30.0,1.511,1.881,,,,,3946.467,3904.0,3972.0,,,3.532,3.532,3.532,,,,,,,,,,,554.867,216.367,0.0,,,,,,,7028.0,7057.0,0.0,0.0,0.0,0.0,0.0,0.0,0.0,0.0,0.0,0.0,0.0,0.0,0.0,30.0,30.0,0.0,"solar_v,lipo_v"
2020-05-31T03:00:00Z,29.0,29.0,1.684,2.015,,,,,3976.483,3944.0,4054.0,,,3.532,3.532,3.532,,,,,,,,,,,553.276,216.034,0.0,,,,,,,7058.0,7086.0,0.0,0.0,0.0,0.0,0.0,0.0,0.0,0.0,0.0,0.0,0.0,0.0,0.0,29.0,29.0,0.0,"solar_v,lipo_v"
2020-05-31T04:00:00Z,30.0,30.0,1.761,1.991,,,,,3958.867,3930.0,4028.0,,,3.532,3.532,3.532,,,,,,,,,,,550.467,213.633,0.0,,,,,,,7087.0,7116.0,0.0,0.0,0.0,0.0,0.0,0.0,0.0,0.0,0.0,0.0,0.0,0.0,0.0,30.0,30.0,0.0,"solar_v,lipo_v"
2020-05-31T05:00:00Z,28.0,28.0,1.742,1.915,,,,,3956.429,3944.0,3968.0,,,3.532,3.532,3.532,,,,,,,,,,,549.25,212.75,0.0,,,,,,,7117.0,7145.0,0.0,0.0,0.0,0.0,0.0,0.0,0.0,0.0,0.0,0.0,0.0,0.0,0.0,28.0,28.0,0.0,"solar_v,lipo_v"
2020-05-31T06:00:00Z,29.0,29.0,1.671,1.911,,,,,3958.138,3944.0,3968.0,,,3.532,3.532,3.532,,,,,,,,,,,547.621,212.586,0.0,,,,,,,7146.0,7174.0,0.0,0.0,0.0,0.0,0.0,0.0,0.0,0.0,0.0,0.0,0.0,0.0,0.0,29.0,29.0,0.0,"solar_v,lipo_v"
2020-05-31T07:00:00Z,30.0,30.0,1.552,1.907,,,,,3958.867,3938.0,3974.0,,,3.532,3.532,3.532,,,,,,,,,,,547.6,211.467,0.0,,,,,,,7175.0,7204.0,0.0,0.0,0.0,0.0,0.0,0.0,0.0,0.0,0.0,0.0,0.0,0.0,0.0,30.0,30.0,0.0,"solar_v,lipo_v"
2020-05-31T08:00:00Z,28.0,28.0,1.481,1.896,,,,,3958.571,3936.0,3972.0,,,3.532,3.532,3.532,,,,,,,,,,,546.929,210.321,0.0,,,,,,,7205.0,7232.0,0.0,0.0,0.0,0.0,0.0,0.0,0.0,0.0,0.0,0.0,0.0,0.0,0.0,28.0,28.0,0.0,"solar_v,lipo_v"
2020-05-31T09:00:00Z,30.0,30.0,1.605,1.911,,,,,3956.533,3932.0,3972.0,,,3.532,3.532,3.532,,,,,,,,,,,548.033,212.167,0.0,,,,,,,7234.0,7263.0,0.0,0.0,0.0,0.0,0.0,0.0,0.0,0.0,0.0,0.0,0.0,0.0,0.0,30.0,30.0,0.0,"solar_v,lipo_v"
2020-05-31T10:00:00Z,29.0,29.0,1.935,2.082,,,,,4024.552,3948.0,4184.0,,,3.532,3.532,3.532,,,,,,,,,,,549.793,213.379,0.0,,,,,,,7264.0,7292.0,0.0,0.0,0.0,0.0,0.0,0.0,0.0,0.0,0.0,0.0,0.0,0.0,0.0,29.0,29.0,0.0,"solar_v,lipo_v"
2020-05-31T11:00:00Z,30.0,30.0,3.301,3.532,,,,,4211.0,4186.0,4220.0,,,3.532,3.532,3.532,,,,,,,,,,,555.767,216.733,0.0,,,,,,,7293.0,7322.0,0.0,0.0,0.0,0.0,0.0,0.0,0.0,0.0,0.0,0.0,0.0,0.0,0.0,30.0,30.0,0.0,"solar_v,lipo_v"
2020-05-31T12:00:00Z,29.0,29.0,3.532,3.532,,,,,4223.034,4220.0,4230.0,,,3.532,3.532,3.532,,,,,,,,,,,557.138,217.241,0.0,,,,,,,7323.0,7351.0,0.0,0.0,0.0,0.0,0.0,0.0,0.0,0.0,0.0,0.0,0.0,0.0,0.0,29.0,29.0,0.0,"solar_v,lipo_v"
2020-05-31T13:00:00Z,29.0,29.0,3.532,3.532,,,,,4229.931,4220.0,4238.0,,,3.532,3.532,3.532,,,,,,,,,,,558.517,218.379,0.0,,,,,,,7352.0,7380.0,0.0,0.0,0.0,0.0,0.0,0.0,0.0,0.0,0.0,0.0,0.0,0.0,0.0,29.0,29.0,0.0,"solar_v,lipo_v"
2020-05-31T14:00:00Z,30.0,30.0,3.532,3.532,,,,,4234.2,4220.0,4238.0,,,3.532,3.532,3.532,,,,,,,,,,,558.833,219.767,0.0,,,,,,,7381.0,7410.0,0.0,0.0,0.0,0.0,0.0,0.0,0.0,0.0,0.0,0.0,0.0,0.0,0.0,30.0,30.0,0.0,"solar_v,lipo_v"
2020-05-31T15:00:00Z,27.0,27.0,3.532,3.532,,,,,4237.037,4234.0,4240.0,,,3.532,3.532,3.532,,,,,,,,,,,559.222,221.778,0.0,,,,,,,7411.0,7439.0,0.0,0.0,0.0,0.0,0.0,0.0,0.0,0.0,0.0,0.0,0.0,0.0,0.0,27.0,27.0,0.0,"solar_v,lipo_v"
2020-05-31T16:00:00Z,28.0,28.0,3.532,3.532,,,,,4238.357,4234.0,4242.0,,,3.532,3.532,3.532,,,,,,,,,,,559.786,225.107,0.0,,,,,,,7440.0,7468.0,0.0,0.0,0.0,0.0,0.0,0.0,0.0,0.0,0.0,0.0,0.0,0.0,0.0,28.0,28.0,0.0,"solar_v,lipo_v"
2020-05-31T17:00:00Z,30.0,30.0,3.532,3.532,,,,,4239.6,4238.0,4246.0,,,3.532,3.532,3.532,,,,,,,,,,,560.5,226.467,0.0,,,,,,,7469.0,7498.0,0.0,0.0,0.0,0.0,0.0,0.0,0.0,0.0,0.0,0.0,0.0,0.0,0.0,30.0,30.0,0.0,"solar_v,lipo_v"
2020-05-31T18:00:00Z,29.0,29.0,3.532,3.532,,,,,4241.034,4238.0,4246.0,,,3.532,3.532,3.532,,,,,,,,,,,560.69,226.69,0.0,,,,,,,7499.0,7527.0,0.0,0.0,0.0,0.0,0.0,0.0,0.0,0.0,0.0,0.0,0.0,0.0,0.0,29.0,29.0,0.0,"solar_v,lipo_v"
2020-05-31T19:00:00Z,30.0,30.0,3.532,3.532,,,,,4243.6,4240.0,4248.0,,,3.532,3.532,3.532,,,,,,,,,,,562.467,228.7,0.0,,,,,,,7528.0,7557.0,0.0,0.0,0.0,0.0,0.0,0.0,0.0,0.0,0.0,0.0,0.0,0.0,0.0,30.0,30.0,0.0,"solar_v,lipo_v"
2020-05-31T20:00:00Z,29.0,29.0,3.532,3.532,,,,,4245.034,4240.0,4248.0,,,3.532,3.532,3.532,,,,,,,,,,,563.103,229.345,0.0,,,,,,,7558.0,7586.0,0.0,0.0,0.0,0.0,0.0,0.0,0.0,0.0,0.0,0.0,0.0,0.0,0.0,29.0,29.0,0.0,"solar_v,lipo_v"
2020-05-31T21:00:00Z,30.0,30.0,3.532,3.532,,,,,4248.467,4242.0,4256.0,,,3.532,3.532,3.532,,,,,,,,,,,563.433,230.033,0.0,,,,,,,7587.0,7616.0,0.0,0.0,0.0,0.0,0.0,0.0,0.0,0.0,0.0,0.0,0.0,0.0,0.0,30.0,30.0,0.0,"solar_v,lipo_v"
2020-05-31T22:00:00Z,30.0,30.0,2.901,3.532,,,,,4250.133,4240.0,4258.0,,,3.532,3.532,3.532,,,,,,,,,,,563.767,230.367,0.0,,,,,,,7617.0,7646.0,0.0,0.0,0.0,0.0,0.0,0.0,0.0,0.0,0.0,0.0,0.0,0.0,0.0,30.0,30.0,0.0,"solar_v,lipo_v"
2020-05-31T23:00:00Z,29.0,29.0,2.079,2.117,,,,,4210.414,4156.0,4248.0,,,3.532,3.532,3.532,,,,,,,,,,,560.793,228.517,0.0,,,,,,,7647.0,7675.0,0.0,0.0,0.0,0.0,0.0,0.0,0.0,0.0,0.0,0.0,0.0,0.0,0.0,29.0,29.0,0.0,"solar_v,lipo_v"
2020-06-01T00:00:00Z,25.0,25.0,2.024,2.067,,,,,4113.84,4024.0,4166.0,,,3.532,3.532,3.532,,,,,,,,,,,560.28,228.72,0.0,,,,,,,7676.0,7700.0,0.0,0.0,0.0,0.0,0.0,0.0,0.0,0.0,0.0,0.0,0.0,0.0,0.0,25.0,25.0,0.0,"solar_v,lipo_v"
2020-06-01T01:00:00Z,25.0,25.0,1.448,1.881,,,,,3960.08,3932.0,3974.0,,,3.532,3.532,3.532,,,,,,,,,,,558.88,225.6,0.0,,,,,,,7708.0,7733.0,0.0,0.0,0.0,0.0,0.0,0.0,0.0,0.0,0.0,0.0,0.0,0.0,0.0,25.0,25.0,0.0,"solar_v,lipo_v"
2020-06-01T02:00:00Z,27.0,27.0,1.467,1.896,,,,,3957.037,3922.0,3974.0,,,3.532,3.532,3.532,,,,,,,,,,,558.593,223.333,0.0,,,,,,,7734.0,7762.0,0.0,0.0,0.0,0.0,0.0,0.0,0.0,0.0,0.0,0.0,0.0,0.0,0.0,27.0,27.0,0.0,"solar_v,lipo_v"
2020-06-01T03:00:00Z,26.0,26.0,1.492,1.901,,,,,3957.0,3920.0,3974.0,,,3.532,3.532,3.532,,,,,,,,,,,556.385,220.346,0.0,,,,,,,7763.0,7791.0,0.0,0.0,0.0,0.0,0.0,0.0,0.0,0.0,0.0,0.0,0.0,0.0,0.0,26.0,26.0,0.0,"solar_v,lipo_v"
2020-06-01T04:00:00Z,28.0,28.0,1.46,1.549,,,,,3948.786,3898.0,3974.0,,,3.532,3.532,3.532,,,,,,,,,,,551.357,215.964,0.0,,,,,,,7792.0,7820.0,0.0,0.0,0.0,0.0,0.0,0.0,0.0,0.0,0.0,0.0,0.0,0.0,0.0,28.0,28.0,0.0,"solar_v,lipo_v"
2020-06-01T05:00:00Z,25.0,25.0,1.523,1.895,,,,,3948.96,3896.0,3974.0,,,3.532,3.532,3.532,,,,,,,,,,,546.96,211.8,0.0,,,,,,,7822.0,7849.0,0.0,0.0,0.0,0.0,0.0,0.0,0.0,0.0,0.0,0.0,0.0,0.0,0.0,25.0,25.0,0.0,"solar_v,lipo_v"
2020-06-01T06:00:00Z,24.0,24.0,1.549,1.906,,,,,3953.917,3898.0,3974.0,,,3.532,3.532,3.532,,,,,,,,,,,543.75,205.792,0.0,,,,,,,7850.0,7876.0,0.0,0.0,0.0,0.0,0.0,0.0,0.0,0.0,0.0,0.0,0.0,0.0,0.0,24.0,24.0,0.0,"solar_v,lipo_v"
2020-06-01T07:00:00Z,23.0,23.0,1.711,1.915,,,,,3956.696,3944.0,3972.0,,,3.532,3.532,3.532,,,,,,,,,,,545.0,208.609,0.0,,,,,,,7882.0,7907.0,0.0,0.0,0.0,0.0,0.0,0.0,0.0,0.0,0.0,0.0,0.0,0.0,0.0,23.0,23.0,0.0,"solar_v,lipo_v"
2020-06-01T08:00:00Z,27.0,27.0,1.768,1.911,,,,,3954.963,3944.0,3972.0,,,3.532,3.532,3.532,,,,,,,,,,,543.148,204.963,0.0,,,,,,,7908.0,7936.0,0.0,0.0,0.0,0.0,0.0,0.0,0.0,0.0,0.0,0.0,0.0,0.0,0.0,27.0,27.0,0.0,"solar_v,lipo_v"
2020-06-01T09:00:00Z,26.0,26.0,1.65,1.91,,,,,3956.385,3942.0,3974.0,,,3.532,3.532,3.532,,,,,,,,,,,539.769,202.962,0.0,,,,,,,7937.0,7965.0,0.0,0.0,0.0,0.0,0.0,0.0,0.0,0.0,0.0,0.0,0.0,0.0,0.0,26.0,26.0,0.0,"solar_v,lipo_v"
2020-06-01T10:00:00Z,29.0,29.0,1.842,2.074,,,,,4010.345,3944.0,4170.0,,,3.532,3.532,3.532,,,,,,,,,,,540.862,203.793,0.0,,,,,,,7966.0,7994.0,0.0,0.0,0.0,0.0,0.0,0.0,0.0,0.0,0.0,0.0,0.0,0.0,0.0,29.0,29.0,0.0,"solar_v,lipo_v"
2020-06-01T11:00:00Z,30.0,30.0,3.216,3.532,,,,,4208.4,4180.0,4222.0,,,3.532,3.532,3.532,,,,,,,,,,,545.8,208.9,0.0,,,,,,,7995.0,8024.0,0.0,0.0,0.0,0.0,0.0,0.0,0.0,0.0,0.0,0.0,0.0,0.0,0.0,30.0,30.0,0.0,"solar_v,lipo_v"
2020-06-01T12:00:00Z,29.0,29.0,3.532,3.532,,,,,4224.207,4216.0,4234.0,,,3.532,3.532,3.532,,,,,,,,,,,551.207,214.414,0.0,,,,,,,8025.0,8053.0,0.0,0.0,0.0,0.0,0.0,0.0,0.0,0.0,0.0,0.0,0.0,0.0,0.0,29.0,29.0,0.0,"solar_v,lipo_v"
2020-06-01T13:00:00Z,30.0,30.0,3.532,3.532,,,,,4231.333,4226.0,4236.0,,,3.532,3.532,3.532,,,,,,,,,,,557.233,217.1,0.0,,,,,,,8054.0,8083.0,0.0,0.0,0.0,0.0,0.0,0.0,0.0,0.0,0.0,0.0,0.0,0.0,0.0,30.0,30.0,0.0,"solar_v,lipo_v"
2020-06-01T14:00:00Z,29.0,29.0,3.532,3.532,,,,,4236.0,4230.0,4240.0,,,3.532,3.532,3.532,,,,,,,,,,,555.586,216.414,0.0,,,,,,,8084.0,8112.0,0.0,0.0,0.0,0.0,0.0,0.0,0.0,0.0,0.0,0.0,0.0,0.0,0.0,29.0,29.0,0.0,"solar_v,lipo_v"
2020-06-01T15:00:00Z,28.0,28.0,3.532,3.532,,,,,4237.5,4232.0,4242.0,,,3.532,3.532,3.532,,,,,,,,,,,556.0,217.179,0.0,,,,,,,8113.0,8141.0,0.0,0.0,0.0,0.0,0.0,0.0,0.0,0.0,0.0,0.0,0.0,0.0,0.0,28.0,28.0,0.0,"solar_v,lipo_v"
2020-06-01T16:00:00Z,30.0,30.0,3.532,3.532,,,,,4239.333,4236.0,4242.0,,,3.532,3.532,3.532,,,,,,,,,,,558.7,219.933,0.0,,,,,,,8142.0,8171.0,0.0,0.0,0.0,0.0,0.0,0.0,0.0,0.0,0.0,0.0,0.0,0.0,0.0,30.0,30.0,0.0,"solar_v,lipo_v"
2020-06-01T17:00:00Z,29.0,29.0,3.532,3.532,,,,,4241.517,4236.0,4248.0,,,3.532,3.532,3.532,,,,,,,,,,,559.379,222.0,0.0,,,,,,,8172.0,8200.0,0.0,0.0,0.0,0.0,0.0,0.0,0.0,0.0,0.0,0.0,0.0,0.0,0.0,29.0,29.0,0.0,"solar_v,lipo_v"
2020-06-01T18:00:00Z,30.0,30.0,3.532,3.532,,,,,4243.6,4238.0,4248.0,,,3.532,3.532,3.532,,,,,,,,,,,559.9,223.7,0.0,,,,,,,8201.0,8230.0,0.0,0.0,0.0,0.0,0.0,0.0,0.0,0.0,0.0,0.0,0.0,0.0,0.0,30.0,30.0,0.0,"solar_v,lipo_v"
2020-06-01T19:00:00Z,29.0,29.0,3.532,3.532,,,,,4246.621,4240.0,4254.0,,,3.532,3.532,3.532,,,,,,,,,,,560.828,226.483,0.0,,,,,,,8231.0,8259.0,0.0,0.0,0.0,0.0,0.0,0.0,0.0,0.0,0.0,0.0,0.0,0.0,0.0,29.0,29.0,0.0,"solar_v,lipo_v"
2020-06-01T20:00:00Z,30.0,30.0,3.532,3.532,,,,,4248.733,4242.0,4256.0,,,3.532,3.532,3.532,,,,,,,,,,,563.033,228.567,0.0,,,,,,,8260.0,8289.0,0.0,0.0,0.0,0.0,0.0,0.0,0.0,0.0,0.0,0.0,0.0,0.0,0.0,30.0,30.0,0.0,"solar_v,lipo_v"
2020-06-01T21:00:00Z,29.0,29.0,3.532,3.532,,,,,4252.345,4248.0,4260.0,,,3.532,3.532,3.532,,,,,,,,,,,564.655,229.241,0.0,,,,,,,8290.0,8318.0,0.0,0.0,0.0,0.0,0.0,0.0,0.0,0.0,0.0,0.0,0.0,0.0,0.0,29.0,29.0,0.0,"solar_v,lipo_v"
2020-06-01T22:00:00Z,30.0,30.0,2.855,3.532,,,,,4251.467,4236.0,4262.0,,,3.532,3.532,3.532,,,,,,,,,,,566.1,229.633,0.0,,,,,,,8319.0,8348.0,0.0,0.0,0.0,0.0,0.0,0.0,0.0,0.0,0.0,0.0,0.0,0.0,0.0,30.0,30.0,0.0,"solar_v,lipo_v"
2020-06-01T23:00:00Z,30.0,30.0,2.034,2.097,,,,,4131.333,3992.0,4230.0,,,3.532,3.532,3.532,,,,,,,,,,,560.8,226.933,0.0,,,,,,,8349.0,8378.0,0.0,0.0,0.0,0.0,0.0,0.0,0.0,0.0,0.0,0.0,0.0,0.0,0.0,30.0,30.0,0.0,"solar_v,lipo_v"
2020-06-02T00:00:00Z,26.0,26.0,1.608,1.919,,,,,3957.462,3944.0,3974.0,,,3.532,3.532,3.532,,,,,,,,,,,558.962,224.346,0.0,,,,,,,8379.0,8405.0,0.0,0.0,0.0,0.0,0.0,0.0,0.0,0.0,0.0,0.0,0.0,0.0,0.0,26.0,26.0,0.0,"solar_v,lipo_v"
2020-06-02T01:00:00Z,24.0,24.0,1.466,1.902,,,,,3956.833,3930.0,3974.0,,,3.532,3.532,3.532,,,,,,,,,,,558.792,221.292,0.0,,,,,,,8412.0,8435.0,0.0,0.0,0.0,0.0,0.0,0.0,0.0,0.0,0.0,0.0,0.0,0.0,0.0,24.0,24.0,0.0,"solar_v,lipo_v"
2020-06-02T02:00:00Z,28.0,28.0,1.436,1.892,,,,,3958.714,3920.0,3976.0,,,3.532,3.532,3.532,,,,,,,,,,,557.036,220.071,0.0,,,,,,,8436.0,8464.0,0.0,0.0,0.0,0.0,0.0,0.0,0.0,0.0,0.0,0.0,0.0,0.0,0.0,28.0,28.0,0.0,"solar_v,lipo_v"
2020-06-02T03:00:00Z,19.0,19.0,1.442,1.543,,,,,3954.105,3926.0,3974.0,,,3.532,3.532,3.532,,,,,,,,,,,553.158,215.737,0.0,,,,,,,8466.0,8493.0,0.0,0.0,0.0,0.0,0.0,0.0,0.0,0.0,0.0,0.0,0.0,0.0,0.0,19.0,19.0,0.0,"solar_v,lipo_v"
2020-06-02T04:00:00Z,18.0,18.0,1.436,1.658,,,,,3953.222,3920.0,3972.0,,,3.532,3.532,3.532,,,,,,,,,,,549.778,212.833,0.0,,,,,,,8494.0,8521.0,0.0,0.0,0.0,0.0,0.0,0.0,0.0,0.0,0.0,0.0,0.0,0.0,0.0,18.0,18.0,0.0,"solar_v,lipo_v"
2020-06-02T05:00:00Z,23.0,23.0,1.475,1.905,,,,,3959.739,3944.0,3974.0,,,3.532,3.532,3.532,,,,,,,,,,,546.174,208.783,0.0,,,,,,,8522.0,8548.0,0.0,0.0,0.0,0.0,0.0,0.0,0.0,0.0,0.0,0.0,0.0,0.0,0.0,23.0,23.0,0.0,"solar_v,lipo_v"
2020-06-02T06:00:00Z,28.0,28.0,1.459,1.573,,,,,3954.5,3906.0,3972.0,,,3.532,3.532,3.532,,,,,,,,,,,542.821,204.5,0.0,,,,,,,8551.0,8579.0,0.0,0.0,0.0,0.0,0.0,0.0,0.0,0.0,0.0,0.0,0.0,0.0,0.0,28.0,28.0,0.0,"solar_v,lipo_v"
2020-06-02T07:00:00Z,25.0,25.0,1.811,2.067,,,,,4040.32,3944.0,4154.0,,,3.532,3.532,3.532,,,,,,,,,,,543.52,206.44,0.0,,,,,,,8580.0,8608.0,0.0,0.0,0.0,0.0,0.0,0.0,0.0,0.0,0.0,0.0,0.0,0.0,0.0,25.0,25.0,0.0,"solar_v,lipo_v"
2020-06-02T08:00:00Z,27.0,27.0,2.024,2.091,,,,,4123.704,3956.0,4196.0,,,3.532,3.532,3.532,,,,,,,,,,,549.704,212.481,0.0,,,,,,,8609.0,8637.0,0.0,0.0,0.0,0.0,0.0,0.0,0.0,0.0,0.0,0.0,0.0,0.0,0.0,27.0,27.0,0.0,"solar_v,lipo_v"
2020-06-02T09:00:00Z,27.0,27.0,2.027,2.087,,,,,4111.111,4000.0,4202.0,,,3.532,3.532,3.532,,,,,,,,,,,548.259,210.815,0.0,,,,,,,8638.0,8666.0,0.0,0.0,0.0,0.0,0.0,0.0,0.0,0.0,0.0,0.0,0.0,0.0,0.0,27.0,27.0,0.0,"solar_v,lipo_v"
2020-06-02T10:00:00Z,24.0,24.0,2.115,3.109,,,,,4192.583,4050.0,4240.0,,,3.532,3.532,3.532,,,,,,,,,,,547.417,207.833,0.0,,,,,,,8667.0,8696.0,0.0,0.0,0.0,0.0,0.0,0.0,0.0,0.0,0.0,0.0,0.0,0.0,0.0,24.0,24.0,0.0,"solar_v,lipo_v"
2020-06-02T11:00:00Z,28.0,28.0,3.437,3.532,,,,,4229.786,4216.0,4238.0,,,3.532,3.532,3.532,,,,,,,,,,,549.25,210.929,0.0,,,,,,,8697.0,8725.0,0.0,0.0,0.0,0.0,0.0,0.0,0.0,0.0,0.0,0.0,0.0,0.0,0.0,28.0,28.0,0.0,"solar_v,lipo_v"
2020-06-02T12:00:00Z,29.0,29.0,3.532,3.532,,,,,4237.241,4234.0,4240.0,,,3.532,3.532,3.532,,,,,,,,,,,551.345,212.966,0.0,,,,,,,8726.0,8754.0,0.0,0.0,0.0,0.0,0.0,0.0,0.0,0.0,0.0,0.0,0.0,0.0,0.0,29.0,29.0,0.0,"solar_v,lipo_v"
2020-06-02T13:00:00Z,30.0,30.0,3.532,3.532,,,,,4239.733,4236.0,4246.0,,,3.532,3.532,3.532,,,,,,,,,,,553.267,215.767,0.0,,,,,,,8755.0,8784.0,0.0,0.0,0.0,0.0,0.0,0.0,0.0,0.0,0.0,0.0,0.0,0.0,0.0,30.0,30.0,0.0,"solar_v,lipo_v"
2020-06-02T14:00:00Z,29.0,29.0,3.532,3.532,,,,,4242.069,4238.0,4248.0,,,3.532,3.532,3.532,,,,,,,,,,,554.759,216.069,0.0,,,,,,,8785.0,8813.0,0.0,0.0,0.0,0.0,0.0,0.0,0.0,0.0,0.0,0.0,0.0,0.0,0.0,29.0,29.0,0.0,"solar_v,lipo_v"
2020-06-02T15:00:00Z,30.0,30.0,3.532,3.532,,,,,4244.733,4240.0,4254.0,,,3.532,3.532,3.532,,,,,,,,,,,556.5,216.5,0.0,,,,,,,8814.0,8843.0,0.0,0.0,0.0,0.0,0.0,0.0,0.0,0.0,0.0,0.0,0.0,0.0,0.0,30.0,30.0,0.0,"solar_v,lipo_v"
2020-06-02T16:00:00Z,28.0,28.0,3.532,3.532,,,,,4249.286,4242.0,4256.0,,,3.532,3.532,3.532,,,,,,,,,,,558.321,219.214,0.0,,,,,,,8844.0,8872.0,0.0,0.0,0.0,0.0,0.0,0.0,0.0,0.0,0.0,0.0,0.0,0.0,0.0,28.0,28.0,0.0,"solar_v,lipo_v"
2020-06-02T17:00:00Z,30.0,30.0,3.532,3.532,,,,,4253.733,4248.0,4260.0,,,3.532,3.532,3.532,,,,,,,,,,,558.733,219.633,0.0,,,,,,,8873.0,8902.0,0.0,0.0,0.0,0.0,0.0,0.0,0.0,0.0,0.0,0.0,0.0,0.0,0.0,30.0,30.0,0.0,"solar_v,lipo_v"
2020-06-02T18:00:00Z,29.0,29.0,3.532,3.532,,,,,4256.552,4252.0,4262.0,,,3.532,3.532,3.532,,,,,,,,,,,559.069,220.069,0.0,,,,,,,8903.0,8931.0,0.0,0.0,0.0,0.0,0.0,0.0,0.0,0.0,0.0,0.0,0.0,0.0,0.0,29.0,29.0,0.0,"solar_v,lipo_v"
2020-06-02T19:00:00Z,30.0,30.0,3.532,3.532,,,,,4259.2,4254.0,4262.0,,,3.532,3.532,3.532,,,,,,,,,,,559.333,222.5,0.0,,,,,,,8932.0,8961.0,0.0,0.0,0.0,0.0,0.0,0.0,0.0,0.0,0.0,0.0,0.0,0.0,0.0,30.0,30.0,0.0,"solar_v,lipo_v"
2020-06-02T20:00:00Z,29.0,29.0,3.532,3.532,,,,,4261.931,4256.0,4268.0,,,3.532,3.532,3.532,,,,,,,,,,,559.862,224.31,0.0,,,,,,,8962.0,8990.0,0.0,0.0,0.0,0.0,0.0,0.0,0.0,0.0,0.0,0.0,0.0,0.0,0.0,29.0,29.0,0.0,"solar_v,lipo_v"
2020-06-02T21:00:00Z,30.0,30.0,3.532,3.532,,,,,4263.2,4256.0,4272.0,,,3.532,3.532,3.532,,,,,,,,,,,561.633,227.233,0.0,,,,,,,8991.0,9020.0,0.0,0.0,0.0,0.0,0.0,0.0,0.0,0.0,0.0,0.0,0.0,0.0,0.0,30.0,30.0,0.0,"solar_v,lipo_v"
2020-06-02T22:00:00Z,29.0,29.0,2.833,3.532,,,,,4263.724,4248.0,4276.0,,,3.532,3.532,3.532,,,,,,,,,,,562.448,228.414,0.0,,,,,,,9021.0,9049.0,0.0,0.0,0.0,0.0,0.0,0.0,0.0,0.0,0.0,0.0,0.0,0.0,0.0,29.0,29.0,0.0,"solar_v,lipo_v"
2020-06-02T23:00:00Z,30.0,30.0,2.071,2.118,,,,,4197.933,4138.0,4256.0,,,3.532,3.532,3.532,,,,,,,,,,,559.533,223.733,0.0,,,,,,,9050.0,9079.0,0.0,0.0,0.0,0.0,0.0,0.0,0.0,0.0,0.0,0.0,0.0,0.0,0.0,30.0,30.0,0.0,"solar_v,lipo_v"
2020-06-03T00:00:00Z,29.0,29.0,1.873,2.068,,,,,4038.483,3944.0,4166.0,,,3.532,3.532,3.532,,,,,,,,,,,559.0,221.241,0.0,,,,,,,9080.0,9108.0,0.0,0.0,0.0,0.0,0.0,0.0,0.0,0.0,0.0,0.0,0.0,0.0,0.0,29.0,29.0,0.0,"solar_v,lipo_v"
2020-06-03T01:00:00Z,23.0,23.0,1.444,1.888,,,,,3959.913,3928.0,3972.0,,,3.532,3.532,3.532,,,,,,,,,,,556.304,217.609,0.0,,,,,,,9110.0,9137.0,0.0,0.0,0.0,0.0,0.0,0.0,0.0,0.0,0.0,0.0,0.0,0.0,0.0,23.0,23.0,0.0,"solar_v,lipo_v"
2020-06-03T02:00:00Z,15.0,15.0,1.432,1.577,,,,,3961.6,3952.0,3970.0,,,3.532,3.532,3.532,,,,,,,,,,,552.6,215.4,0.0,,,,,,,9138.0,9165.0,0.0,0.0,0.0,0.0,0.0,0.0,0.0,0.0,0.0,0.0,0.0,0.0,0.0,15.0,15.0,0.0,"solar_v,lipo_v"
2020-06-03T03:00:00Z,22.0,22.0,1.441,1.621,,,,,3952.727,3898.0,3974.0,,,3.532,3.532,3.532,,,,,,,,,,,549.227,213.227,0.0,,,,,,,9167.0,9194.0,0.0,0.0,0.0,0.0,0.0,0.0,0.0,0.0,0.0,0.0,0.0,0.0,0.0,22.0,22.0,0.0,"solar_v,lipo_v"
2020-06-03T04:00:00Z,13.0,13.0,1.455,1.473,,,,,3957.231,3932.0,3974.0,,,3.532,3.532,3.532,,,,,,,,,,,545.538,205.308,0.0,,,,,,,9199.0,9220.0,0.0,0.0,0.0,0.0,0.0,0.0,0.0,0.0,0.0,0.0,0.0,0.0,0.0,13.0,13.0,0.0,"solar_v,lipo_v"
2020-06-03T05:00:00Z,27.0,27.0,1.529,1.907,,,,,3954.519,3924.0,3974.0,,,3.532,3.532,3.532,,,,,,,,,,,541.296,202.963,0.0,,,,,,,9223.0,9250.0,0.0,0.0,0.0,0.0,0.0,0.0,0.0,0.0,0.0,0.0,0.0,0.0,0.0,27.0,27.0,0.0,"solar_v,lipo_v"
2020-06-03T06:00:00Z,28.0,28.0,1.544,1.907,,,,,3954.143,3886.0,3972.0,,,3.532,3.532,3.532,,,,,,,,,,,537.571,201.893,0.0,,,,,,,9251.0,9278.0,0.0,0.0,0.0,0.0,0.0,0.0,0.0,0.0,0.0,0.0,0.0,0.0,0.0,28.0,28.0,0.0,"solar_v,lipo_v"
2020-06-03T07:00:00Z,27.0,27.0,1.464,1.893,,,,,3958.074,3918.0,3974.0,,,3.532,3.532,3.532,,,,,,,,,,,533.556,196.815,0.0,,,,,,,9281.0,9309.0,0.0,0.0,0.0,0.0,0.0,0.0,0.0,0.0,0.0,0.0,0.0,0.0,0.0,27.0,27.0,0.0,"solar_v,lipo_v"
2020-06-03T08:00:00Z,19.0,19.0,1.776,2.055,,,,,3989.684,3920.0,4126.0,,,3.532,3.532,3.532,,,,,,,,,,,533.105,196.526,0.0,,,,,,,9311.0,9337.0,0.0,0.0,0.0,0.0,0.0,0.0,0.0,0.0,0.0,0.0,0.0,0.0,0.0,19.0,19.0,0.0,"solar_v,lipo_v"
2020-06-03T09:00:00Z,29.0,29.0,1.922,2.072,,,,,4043.172,3948.0,4170.0,,,3.532,3.532,3.532,,,,,,,,,,,539.724,202.241,0.0,,,,,,,9338.0,9366.0,0.0,0.0,0.0,0.0,0.0,0.0,0.0,0.0,0.0,0.0,0.0,0.0,0.0,29.0,29.0,0.0,"solar_v,lipo_v"
2020-06-03T10:00:00Z,29.0,29.0,2.322,3.301,,,,,4225.655,4176.0,4288.0,,,3.532,3.532,3.532,,,,,,,,,,,535.621,198.448,0.0,,,,,,,9368.0,9396.0,0.0,0.0,0.0,0.0,0.0,0.0,0.0,0.0,0.0,0.0,0.0,0.0,0.0,29.0,29.0,0.0,"solar_v,lipo_v"
2020-06-03T11:00:00Z,28.0,28.0,3.426,3.532,,,,,4284.214,4274.0,4292.0,,,3.532,3.532,3.532,,,,,,,,,,,534.0,195.786,0.0,,,,,,,9397.0,9425.0,0.0,0.0,0.0,0.0,0.0,0.0,0.0,0.0,0.0,0.0,0.0,0.0,0.0,28.0,28.0,0.0,"solar_v,lipo_v"
2020-06-03T12:00:00Z,30.0,30.0,3.532,3.532,,,,,4294.667,4286.0,4312.0,,,3.532,3.532,3.532,,,,,,,,,,,535.033,197.2,0.0,,,,,,,9426.0,9455.0,0.0,0.0,0.0,0.0,0.0,0.0,0.0,0.0,0.0,0.0,0.0,0.0,0.0,30.0,30.0,0.0,"solar_v,lipo_v"
2020-06-03T13:00:00Z,29.0,29.0,3.532,3.532,,,,,4307.931,4298.0,4318.0,,,3.532,3.532,3.532,,,,,,,,,,,537.069,199.276,0.0,,,,,,,9456.0,9484.0,0.0,0.0,0.0,0.0,0.0,0.0,0.0,0.0,0.0,0.0,0.0,0.0,0.0,29.0,29.0,0.0,"solar_v,lipo_v"
2020-06-03T14:00:00Z,30.0,30.0,3.532,3.532,,,,,4318.4,4308.0,4328.0,,,3.532,3.532,3.532,,,,,,,,,,,537.933,199.767,0.0,,,,,,,9485.0,9514.0,0.0,0.0,0.0,0.0,0.0,0.0,0.0,0.0,0.0,0.0,0.0,0.0,0.0,30.0,30.0,0.0,"solar_v,lipo_v"
2020-06-03T15:00:00Z,29.0,29.0,3.532,3.532,,,,,4330.69,4318.0,4344.0,,,3.532,3.532,3.532,,,,,,,,,,,539.966,201.897,0.0,,,,,,,9515.0,9543.0,0.0,0.0,0.0,0.0,0.0,0.0,0.0,0.0,0.0,0.0,0.0,0.0,0.0,29.0,29.0,0.0,"solar_v,lipo_v"
2020-06-03T16:00:00Z,29.0,29.0,3.532,3.532,,,,,4343.586,4334.0,4354.0,,,3.532,3.532,3.532,,,,,,,,,,,540.69,202.103,0.0,,,,,,,9544.0,9572.0,0.0,0.0,0.0,0.0,0.0,0.0,0.0,0.0,0.0,0.0,0.0,0.0,0.0,29.0,29.0,0.0,"solar_v,lipo_v"
2020-06-03T17:00:00Z,30.0,30.0,3.532,3.532,,,,,4357.0,4342.0,4368.0,,,3.532,3.532,3.532,,,,,,,,,,,541.833,202.633,0.0,,,,,,,9573.0,9602.0,0.0,0.0,0.0,0.0,0.0,0.0,0.0,0.0,0.0,0.0,0.0,0.0,0.0,30.0,30.0,0.0,"solar_v,lipo_v"
2020-06-03T18:00:00Z,29.0,29.0,3.532,3.532,,,,,4374.138,4364.0,4388.0,,,3.532,3.532,3.532,,,,,,,,,,,544.207,204.0,0.0,,,,,,,9603.0,9631.0,0.0,0.0,0.0,0.0,0.0,0.0,0.0,0.0,0.0,0.0,0.0,0.0,0.0,29.0,29.0,0.0,"solar_v,lipo_v"
2020-06-03T19:00:00Z,29.0,29.0,3.532,3.532,,,,,4390.759,4382.0,4398.0,,,3.532,3.532,3.532,,,,,,,,,,,545.448,204.483,0.0,,,,,,,9632.0,9661.0,0.0,0.0,0.0,0.0,0.0,0.0,0.0,0.0,0.0,0.0,0.0,0.0,0.0,29.0,29.0,0.0,"solar_v,lipo_v"
2020-06-03T20:00:00Z,29.0,29.0,3.532,3.532,,,,,4403.862,4394.0,4414.0,,,3.532,3.532,3.532,,,,,,,,,,,546.517,206.276,0.0,,,,,,,9662.0,9690.0,0.0,0.0,0.0,0.0,0.0,0.0,0.0,0.0,0.0,0.0,0.0,0.0,0.0,29.0,29.0,0.0,"solar_v,lipo_v"
2020-06-03T21:00:00Z,30.0,30.0,3.532,3.532,,,,,4421.8,4412.0,4430.0,,,3.532,3.532,3.532,,,,,,,,,,,547.4,207.733,0.0,,,,,,,9691.0,9720.0,0.0,0.0,0.0,0.0,0.0,0.0,0.0,0.0,0.0,0.0,0.0,0.0,0.0,30.0,30.0,0.0,"solar_v,lipo_v"
2020-06-03T22:00:00Z,29.0,29.0,2.842,3.532,,,,,4444.069,4430.0,4450.0,,,3.532,3.532,3.532,,,,,,,,,,,547.931,209.345,0.0,,,,,,,9721.0,9749.0,0.0,0.0,0.0,0.0,0.0,0.0,0.0,0.0,0.0,0.0,0.0,0.0,0.0,29.0,29.0,0.0,"solar_v,lipo_v"
2020-06-03T23:00:00Z,29.0,29.0,2.233,2.263,,,,,4458.207,4440.0,4486.0,,,3.532,3.532,3.532,,,,,,,,,,,546.655,204.724,0.0,,,,,,,9750.0,9779.0,0.0,0.0,0.0,0.0,0.0,0.0,0.0,0.0,0.0,0.0,0.0,0.0,0.0,29.0,29.0,0.0,"solar_v,lipo_v"
2020-06-04T00:00:00Z,27.0,27.0,2.247,2.263,,,,,4464.148,4454.0,4474.0,,,3.532,3.532,3.532,,,,,,,,,,,546.593,204.519,0.0,,,,,,,9780.0,9808.0,0.0,0.0,0.0,0.0,0.0,0.0,0.0,0.0,0.0,0.0,0.0,0.0,0.0,27.0,27.0,0.0,"solar_v,lipo_v"
2020-06-04T01:00:00Z,25.0,25.0,2.23,2.263,,,,,4448.48,4420.0,4486.0,,,3.532,3.532,3.532,,,,,,,,,,,545.24,203.08,0.0,,,,,,,9809.0,9837.0,0.0,0.0,0.0,0.0,0.0,0.0,0.0,0.0,0.0,0.0,0.0,0.0,0.0,25.0,25.0,0.0,"solar_v,lipo_v"
2020-06-04T02:00:00Z,25.0,25.0,2.228,2.263,,,,,4430.72,4388.0,4480.0,,,3.532,3.532,3.532,,,,,,,,,,,544.52,203.68,0.0,,,,,,,9838.0,9866.0,0.0,0.0,0.0,0.0,0.0,0.0,0.0,0.0,0.0,0.0,0.0,0.0,0.0,25.0,25.0,0.0,"solar_v,lipo_v"
2020-06-04T03:00:00Z,27.0,27.0,2.189,2.263,,,,,4412.444,4334.0,4494.0,,,3.532,3.532,3.532,,,,,,,,,,,544.444,202.926,0.0,,,,,,,9867.0,9895.0,0.0,0.0,0.0,0.0,0.0,0.0,0.0,0.0,0.0,0.0,0.0,0.0,0.0,27.0,27.0,0.0,"solar_v,lipo_v"
2020-06-04T04:00:00Z,21.0,21.0,2.148,2.204,,,,,4363.048,4288.0,4430.0,,,3.532,3.532,3.532,,,,,,,,,,,542.048,202.19,0.0,,,,,,,9896.0,9923.0,0.0,0.0,0.0,0.0,0.0,0.0,0.0,0.0,0.0,0.0,0.0,0.0,0.0,21.0,21.0,0.0,"solar_v,lipo_v"
2020-06-04T05:00:00Z,20.0,20.0,2.181,2.199,,,,,4403.6,4382.0,4420.0,,,3.532,3.532,3.532,,,,,,,,,,,545.8,206.6,0.0,,,,,,,9925.0,9952.0,0.0,0.0,0.0,0.0,0.0,0.0,0.0,0.0,0.0,0.0,0.0,0.0,0.0,20.0,20.0,0.0,"solar_v,lipo_v"
2020-06-04T06:00:00Z,26.0,26.0,2.181,2.212,,,,,4419.385,4394.0,4444.0,,,3.532,3.532,3.532,,,,,,,,,,,546.692,205.654,0.0,,,,,,,9953.0,9981.0,0.0,0.0,0.0,0.0,0.0,0.0,0.0,0.0,0.0,0.0,0.0,0.0,0.0,26.0,26.0,0.0,"solar_v,lipo_v"
2020-06-04T07:00:00Z,28.0,28.0,2.196,2.212,,,,,4439.5,4432.0,4448.0,,,3.532,3.532,3.532,,,,,,,,,,,543.821,203.036,0.0,,,,,,,9982.0,10010.0,0.0,0.0,0.0,0.0,0.0,0.0,0.0,0.0,0.0,0.0,0.0,0.0,0.0,28.0,28.0,0.0,"solar_v,lipo_v"
2020-06-04T08:00:00Z,27.0,27.0,2.203,2.216,,,,,4444.296,4432.0,4450.0,,,3.532,3.532,3.532,,,,,,,,,,,543.63,202.0,0.0,,,,,,,10011.0,10039.0,0.0,0.0,0.0,0.0,0.0,0.0,0.0,0.0,0.0,0.0,0.0,0.0,0.0,27.0,27.0,0.0,"solar_v,lipo_v"
2020-06-04T09:00:00Z,26.0,26.0,2.195,2.217,,,,,4447.154,4434.0,4458.0,,,3.532,3.532,3.532,,,,,,,,,,,544.692,203.0,0.0,,,,,,,10041.0,10068.0,0.0,0.0,0.0,0.0,0.0,0.0,0.0,0.0,0.0,0.0,0.0,0.0,0.0,26.0,26.0,0.0,"solar_v,lipo_v"
2020-06-04T10:00:00Z,29.0,29.0,2.45,3.294,,,,,4444.69,4426.0,4466.0,,,3.532,3.532,3.532,,,,,,,,,,,545.759,205.966,0.0,,,,,,,10069.0,10098.0,0.0,0.0,0.0,0.0,0.0,0.0,0.0,0.0,0.0,0.0,0.0,0.0,0.0,29.0,29.0,0.0,"solar_v,lipo_v"
2020-06-04T11:00:00Z,28.0,28.0,3.441,3.532,,,,,4448.143,4440.0,4454.0,,,3.532,3.532,3.532,,,,,,,,,,,548.643,205.143,0.0,,,,,,,1.0,10112.0,0.0,0.0,0.0,0.0,0.0,0.0,0.0,0.0,0.0,0.0,0.0,0.0,0.0,28.0,27.0,0.0,"solar_v,lipo_v"
2020-06-04T12:00:00Z,29.0,29.0,3.532,3.532,,,,,4449.172,4434.0,4458.0,,,3.532,3.532,3.532,,,,,,,,,,,554.655,215.621,0.0,,,,,,,15.0,43.0,0.0,0.0,0.0,0.0,0.0,0.0,0.0,0.0,0.0,0.0,0.0,0.0,0.0,29.0,29.0,0.0,"solar_v,lipo_v"
2020-06-04T13:00:00Z,28.0,28.0,3.532,3.532,,,,,4450.286,4440.0,4458.0,,,3.532,3.532,3.532,,,,,,,,,,,557.286,216.464,0.0,,,,,,,44.0,73.0,0.0,0.0,0.0,0.0,0.0,0.0,0.0,0.0,0.0,0.0,0.0,0.0,0.0,28.0,28.0,0.0,"solar_v,lipo_v"
2020-06-04T14:00:00Z,29.0,29.0,3.532,3.532,,,,,4451.172,4448.0,4460.0,,,3.532,3.532,3.532,,,,,,,,,,,558.828,218.138,0.0,,,,,,,74.0,102.0,0.0,0.0,0.0,0.0,0.0,0.0,0.0,0.0,0.0,0.0,0.0,0.0,0.0,29.0,29.0,0.0,"solar_v,lipo_v"
2020-06-04T15:00:00Z,29.0,29.0,3.532,3.532,,,,,4451.931,4448.0,4460.0,,,3.532,3.532,3.532,,,,,,,,,,,558.655,221.0,0.0,,,,,,,103.0,132.0,0.0,0.0,0.0,0.0,0.0,0.0,0.0,0.0,0.0,0.0,0.0,0.0,0.0,29.0,29.0,0.0,"solar_v,lipo_v"
2020-06-04T16:00:00Z,28.0,28.0,3.532,3.532,,,,,4452.429,4448.0,4466.0,,,3.532,3.532,3.532,,,,,,,,,,,559.929,222.25,0.0,,,,,,,133.0,161.0,0.0,0.0,0.0,0.0,0.0,0.0,0.0,0.0,0.0,0.0,0.0,0.0,0.0,28.0,28.0,0.0,"solar_v,lipo_v"
2020-06-04T17:00:00Z,30.0,30.0,3.532,3.532,,,,,4451.267,4448.0,4458.0,,,3.532,3.532,3.532,,,,,,,,,,,562.133,224.767,0.0,,,,,,,162.0,191.0,0.0,0.0,0.0,0.0,0.0,0.0,0.0,0.0,0.0,0.0,0.0,0.0,0.0,30.0,30.0,0.0,"solar_v,lipo_v"
2020-06-04T18:00:00Z,27.0,27.0,3.532,3.532,,,,,4452.222,4448.0,4458.0,,,3.532,3.532,3.532,,,,,,,,,,,563.778,228.148,0.0,,,,,,,192.0,220.0,0.0,0.0,0.0,0.0,0.0,0.0,0.0,0.0,0.0,0.0,0.0,0.0,0.0,27.0,27.0,0.0,"solar_v,lipo_v"
2020-06-04T19:00:00Z,29.0,29.0,3.532,3.532,,,,,4454.276,4448.0,4460.0,,,3.532,3.532,3.532,,,,,,,,,,,565.276,229.138,0.0,,,,,,,222.0,250.0,0.0,0.0,0.0,0.0,0.0,0.0,0.0,0.0,0.0,0.0,0.0,0.0,0.0,29.0,29.0,0.0,"solar_v,lipo_v"
2020-06-04T20:00:00Z,29.0,29.0,3.532,3.532,,,,,4453.31,4448.0,4460.0,,,3.532,3.532,3.532,,,,,,,,,,,566.69,229.448,0.0,,,,,,,251.0,279.0,0.0,0.0,0.0,0.0,0.0,0.0,0.0,0.0,0.0,0.0,0.0,0.0,0.0,29.0,29.0,0.0,"solar_v,lipo_v"
2020-06-04T21:00:00Z,30.0,30.0,3.532,3.532,,,,,4454.0,4448.0,4466.0,,,3.532,3.532,3.532,,,,,,,,,,,567.4,230.233,0.0,,,,,,,280.0,309.0,0.0,0.0,0.0,0.0,0.0,0.0,0.0,0.0,0.0,0.0,0.0,0.0,0.0,30.0,30.0,0.0,"solar_v,lipo_v"
2020-06-04T22:00:00Z,28.0,28.0,2.808,3.532,,,,,4455.714,4440.0,4470.0,,,3.532,3.532,3.532,,,,,,,,,,,568.679,230.5,0.0,,,,,,,310.0,338.0,0.0,0.0,0.0,0.0,0.0,0.0,0.0,0.0,0.0,0.0,0.0,0.0,0.0,28.0,28.0,0.0,"solar_v,lipo_v"
2020-06-04T23:00:00Z,29.0,29.0,2.199,2.22,,,,,4445.862,4428.0,4466.0,,,3.532,3.532,3.532,,,,,,,,,,,565.448,229.138,0.0,,,,,,,339.0,367.0,0.0,0.0,0.0,0.0,0.0,0.0,0.0,0.0,0.0,0.0,0.0,0.0,0.0,29.0,29.0,0.0,"solar_v,lipo_v"
2020-06-05T00:00:00Z,27.0,27.0,2.18,2.21,,,,,4408.148,4374.0,4442.0,,,3.532,3.532,3.532,,,,,,,,,,,565.963,229.667,0.0,,,,,,,368.0,396.0,0.0,0.0,0.0,0.0,0.0,0.0,0.0,0.0,0.0,0.0,0.0,0.0,0.0,27.0,27.0,0.0,"solar_v,lipo_v"
2020-06-05T01:00:00Z,20.0,20.0,2.143,2.177,,,,,4345.7,4318.0,4382.0,,,3.532,3.532,3.532,,,,,,,,,,,563.0,227.1,0.0,,,,,,,398.0,425.0,0.0,0.0,0.0,0.0,0.0,0.0,0.0,0.0,0.0,0.0,0.0,0.0,0.0,20.0,20.0,0.0,"solar_v,lipo_v"
2020-06-05T02:00:00Z,29.0,29.0,2.128,2.2,,,,,4297.655,4268.0,4334.0,,,3.532,3.532,3.532,,,,,,,,,,,561.724,224.586,0.0,,,,,,,427.0,455.0,0.0,0.0,0.0,0.0,0.0,0.0,0.0,0.0,0.0,0.0,0.0,0.0,0.0,29.0,29.0,0.0,"solar_v,lipo_v"
2020-06-05T03:00:00Z,26.0,26.0,2.147,2.199,,,,,4259.923,4230.0,4344.0,,,3.532,3.532,3.532,,,,,,,,,,,555.462,216.615,0.0,,,,,,,456.0,484.0,0.0,0.0,0.0,0.0,0.0,0.0,0.0,0.0,0.0,0.0,0.0,0.0,0.0,26.0,26.0,0.0,"solar_v,lipo_v"
2020-06-05T04:00:00Z,26.0,26.0,2.151,2.21,,,,,4280.308,4202.0,4362.0,,,3.532,3.532,3.532,,,,,,,,,,,549.577,211.462,0.0,,,,,,,486.0,513.0,0.0,0.0,0.0,0.0,0.0,0.0,0.0,0.0,0.0,0.0,0.0,0.0,0.0,26.0,26.0,0.0,"solar_v,lipo_v"
2020-06-05T05:00:00Z,30.0,30.0,2.149,2.21,,,,,4259.6,4202.0,4354.0,,,3.532,3.532,3.532,,,,,,,,,,,546.967,207.0,0.0,,,,,,,514.0,543.0,0.0,0.0,0.0,0.0,0.0,0.0,0.0,0.0,0.0,0.0,0.0,0.0,0.0,30.0,30.0,0.0,"solar_v,lipo_v"
2020-06-05T06:00:00Z,28.0,28.0,2.168,2.21,,,,,4305.714,4230.0,4362.0,,,3.532,3.532,3.532,,,,,,,,,,,543.75,203.179,0.0,,,,,,,544.0,572.0,0.0,0.0,0.0,0.0,0.0,0.0,0.0,0.0,0.0,0.0,0.0,0.0,0.0,28.0,28.0,0.0,"solar_v,lipo_v"
2020-06-05T07:00:00Z,29.0,29.0,2.138,2.196,,,,,4255.241,4216.0,4326.0,,,3.532,3.532,3.532,,,,,,,,,,,539.897,201.655,0.0,,,,,,,573.0,601.0,0.0,0.0,0.0,0.0,0.0,0.0,0.0,0.0,0.0,0.0,0.0,0.0,0.0,29.0,29.0,0.0,"solar_v,lipo_v"
2020-06-05T08:00:00Z,29.0,29.0,2.179,2.212,,,,,4338.414,4256.0,4362.0,,,3.532,3.532,3.532,,,,,,,,,,,537.517,200.31,0.0,,,,,,,603.0,631.0,0.0,0.0,0.0,0.0,0.0,0.0,0.0,0.0,0.0,0.0,0.0,0.0,0.0,29.0,29.0,0.0,"solar_v,lipo_v"
2020-06-05T09:00:00Z,28.0,28.0,2.3,3.532,,,,,4123.571,384.0,4388.0,,,3.532,3.532,3.532,,,,,,,,,,,535.464,195.464,0.0,,,,,,,632.0,660.0,0.0,0.0,0.0,0.0,0.0,0.0,0.0,0.0,0.0,0.0,0.0,0.0,0.0,28.0,28.0,0.0,"solar_v,lipo_v"
2020-06-05T10:00:00Z,28.0,28.0,1.345,2.252,,,,,2168.429,0.0,4526.0,,,3.532,3.532,3.532,,,,,,,,,,,524.071,199.75,0.0,,,,,,,661.0,690.0,0.0,0.0,0.0,0.0,0.0,0.0,0.0,0.0,0.0,0.0,0.0,0.0,0.0,27.0,27.0,0.0,"solar_v,lipo_v"
2020-06-05T11:00:00Z,30.0,30.0,3.339,3.532,,,,,4525.733,4524.0,4526.0,,,3.532,3.532,3.532,,,,,,,,,,,540.9,201.667,0.0,,,,,,,691.0,720.0,0.0,0.0,0.0,0.0,0.0,0.0,0.0,0.0,0.0,0.0,0.0,0.0,0.0,30.0,30.0,0.0,"solar_v,lipo_v"
2020-06-05T12:00:00Z,22.0,22.0,3.532,3.532,,,,,4535.636,4500.0,4580.0,,,3.532,3.532,3.532,,,,,,,,,,,538.455,201.227,0.0,,,,,,,721.0,748.0,0.0,0.0,0.0,0.0,0.0,0.0,0.0,0.0,0.0,0.0,0.0,0.0,0.0,22.0,22.0,0.0,"solar_v,lipo_v"
2020-06-05T13:00:00Z,28.0,28.0,3.532,3.532,,,,,4478.714,4470.0,4490.0,,,3.532,3.532,3.532,,,,,,,,,,,549.679,209.893,0.0,,,,,,,749.0,777.0,0.0,0.0,0.0,0.0,0.0,0.0,0.0,0.0,0.0,0.0,0.0,0.0,0.0,28.0,28.0,0.0,"solar_v,lipo_v"
2020-06-05T14:00:00Z,30.0,30.0,3.532,3.532,,,,,4473.067,4466.0,4476.0,,,3.532,3.532,3.532,,,,,,,,,,,553.967,214.5,0.0,,,,,,,778.0,807.0,0.0,0.0,0.0,0.0,0.0,0.0,0.0,0.0,0.0,0.0,0.0,0.0,0.0,30.0,30.0,0.0,"solar_v,lipo_v"
2020-06-05T15:00:00Z,27.0,27.0,3.532,3.532,,,,,4470.593,4466.0,4474.0,,,3.532,3.532,3.532,,,,,,,,,,,554.963,215.815,0.0,,,,,,,808.0,836.0,0.0,0.0,0.0,0.0,0.0,0.0,0.0,0.0,0.0,0.0,0.0,0.0,0.0,27.0,27.0,0.0,"solar_v,lipo_v"
2020-06-05T16:00:00Z,28.0,28.0,3.532,3.532,,,,,4469.929,4466.0,4474.0,,,3.532,3.532,3.532,,,,,,,,,,,557.607,217.071,0.0,,,,,,,837.0,866.0,0.0,0.0,0.0,0.0,0.0,0.0,0.0,0.0,0.0,0.0,0.0,0.0,0.0,28.0,28.0,0.0,"solar_v,lipo_v"
2020-06-05T17:00:00Z,29.0,29.0,3.532,3.532,,,,,4469.724,4460.0,4474.0,,,3.532,3.532,3.532,,,,,,,,,,,559.034,218.345,0.0,,,,,,,867.0,895.0,0.0,0.0,0.0,0.0,0.0,0.0,0.0,0.0,0.0,0.0,0.0,0.0,0.0,29.0,29.0,0.0,"solar_v,lipo_v"
2020-06-05T18:00:00Z,29.0,29.0,3.532,3.532,,,,,4470.897,4464.0,4474.0,,,3.532,3.532,3.532,,,,,,,,,,,559.828,220.966,0.0,,,,,,,897.0,925.0,0.0,0.0,0.0,0.0,0.0,0.0,0.0,0.0,0.0,0.0,0.0,0.0,0.0,29.0,29.0,0.0,"solar_v,lipo_v"
2020-06-05T19:00:00Z,29.0,29.0,3.532,3.532,,,,,4470.276,4466.0,4474.0,,,3.532,3.532,3.532,,,,,,,,,,,559.931,222.069,0.0,,,,,,,926.0,954.0,0.0,0.0,0.0,0.0,0.0,0.0,0.0,0.0,0.0,0.0,0.0,0.0,0.0,29.0,29.0,0.0,"solar_v,lipo_v"
2020-06-05T20:00:00Z,29.0,29.0,3.532,3.532,,,,,4470.897,4466.0,4478.0,,,3.532,3.532,3.532,,,,,,,,,,,561.069,223.172,0.0,,,,,,,955.0,984.0,0.0,0.0,0.0,0.0,0.0,0.0,0.0,0.0,0.0,0.0,0.0,0.0,0.0,29.0,29.0,0.0,"solar_v,lipo_v"
2020-06-05T21:00:00Z,28.0,28.0,3.532,3.532,,,,,4471.357,4466.0,4474.0,,,3.532,3.532,3.532,,,,,,,,,,,562.25,225.893,0.0,,,,,,,985.0,1013.0,0.0,0.0,0.0,0.0,0.0,0.0,0.0,0.0,0.0,0.0,0.0,0.0,0.0,28.0,28.0,0.0,"solar_v,lipo_v"
2020-06-05T22:00:00Z,30.0,30.0,2.864,3.532,,,,,4476.333,4460.0,4486.0,,,3.532,3.532,3.532,,,,,,,,,,,564.267,226.6,0.0,,,,,,,1014.0,1043.0,0.0,0.0,0.0,0.0,0.0,0.0,0.0,0.0,0.0,0.0,0.0,0.0,0.0,30.0,30.0,0.0,"solar_v,lipo_v"
2020-06-05T23:00:00Z,29.0,29.0,2.2,2.233,,,,,4492.069,4480.0,4502.0,,,3.532,3.532,3.532,,,,,,,,,,,565.0,228.655,0.0,,,,,,,1044.0,1072.0,0.0,0.0,0.0,0.0,0.0,0.0,0.0,0.0,0.0,0.0,0.0,0.0,0.0,29.0,29.0,0.0,"solar_v,lipo_v"
2020-06-06T00:00:00Z,27.0,27.0,2.188,2.212,,,,,4518.0,4486.0,4580.0,,,3.532,3.532,3.532,,,,,,,,,,,567.185,229.222,0.0,,,,,,,1074.0,1102.0,0.0,0.0,0.0,0.0,0.0,0.0,0.0,0.0,0.0,0.0,0.0,0.0,0.0,27.0,27.0,0.0,"solar_v,lipo_v"
2020-06-06T01:00:00Z,29.0,29.0,2.148,2.184,,,,,4632.828,4506.0,4744.0,,,3.532,3.532,3.532,,,,,,,,,,,566.724,229.207,0.0,,,,,,,1103.0,1131.0,0.0,0.0,0.0,0.0,0.0,0.0,0.0,0.0,0.0,0.0,0.0,0.0,0.0,29.0,29.0,0.0,"solar_v,lipo_v"
2020-06-06T02:00:00Z,29.0,29.0,2.185,2.25,,,,,4758.069,4526.0,5002.0,,,3.532,3.532,3.532,,,,,,,,,,,560.828,220.483,0.0,,,,,,,1132.0,1161.0,0.0,0.0,0.0,0.0,0.0,0.0,0.0,0.0,0.0,0.0,0.0,0.0,0.0,29.0,29.0,0.0,"solar_v,lipo_v"
2020-06-06T03:00:00Z,29.0,29.0,2.197,2.259,,,,,4805.517,4632.0,5106.0,,,3.532,3.532,3.532,,,,,,,,,,,557.138,214.759,0.0,,,,,,,1162.0,1190.0,0.0,0.0,0.0,1.0,0.0,0.0,0.0,0.0,0.0,0.0,0.0,0.0,0.0,29.0,29.0,0.0,"solar_v,lipo_v"
2020-06-06T04:00:00Z,28.0,28.0,2.227,2.263,,,,,4747.429,4646.0,5142.0,,,3.532,3.532,3.532,,,,,,,,,,,552.893,211.821,0.0,,,,,,,1191.0,1220.0,0.0,0.0,0.0,1.0,0.0,0.0,0.0,0.0,0.0,0.0,0.0,0.0,0.0,28.0,28.0,0.0,"solar_v,lipo_v"
2020-06-06T05:00:00Z,29.0,29.0,2.203,2.258,,,,,4842.621,4708.0,5148.0,,,3.532,3.532,3.532,,,,,,,,,,,549.655,207.0,0.0,,,,,,,1221.0,1249.0,0.0,0.0,0.0,3.0,0.0,0.0,0.0,0.0,0.0,0.0,0.0,0.0,0.0,29.0,29.0,0.0,"solar_v,lipo_v"
2020-06-06T06:00:00Z,29.0,29.0,2.198,2.263,,,,,4877.103,4712.0,5140.0,,,3.532,3.532,3.532,,,,,,,,,,,549.483,206.655,0.0,,,,,,,1251.0,1279.0,0.0,0.0,0.0,2.0,0.0,0.0,0.0,0.0,0.0,0.0,0.0,0.0,0.0,29.0,29.0,0.0,"solar_v,lipo_v"
2020-06-06T07:00:00Z,28.0,28.0,2.189,2.263,,,,,4865.857,4670.0,5094.0,,,3.532,3.532,3.532,,,,,,,,,,,547.893,204.5,0.0,,,,,,,1280.0,1308.0,0.0,0.0,0.0,0.0,0.0,0.0,0.0,0.0,0.0,0.0,0.0,0.0,0.0,28.0,28.0,0.0,"solar_v,lipo_v"
2020-06-06T08:00:00Z,30.0,30.0,2.216,2.263,,,,,4682.267,4502.0,4906.0,,,3.532,3.532,3.532,,,,,,,,,,,546.5,203.267,0.0,,,,,,,1309.0,1338.0,0.0,0.0,0.0,0.0,0.0,0.0,0.0,0.0,0.0,0.0,0.0,0.0,0.0,30.0,30.0,0.0,"solar_v,lipo_v"
2020-06-06T09:00:00Z,24.0,24.0,2.212,2.229,,,,,4477.333,4472.0,4486.0,,,3.532,3.532,3.532,,,,,,,,,,,548.25,208.667,0.0,,,,,,,1339.0,1367.0,0.0,0.0,0.0,0.0,0.0,0.0,0.0,0.0,0.0,0.0,0.0,0.0,0.0,24.0,24.0,0.0,"solar_v,lipo_v"
2020-06-06T10:00:00Z,29.0,29.0,2.242,2.778,,,,,4477.103,4470.0,4486.0,,,3.532,3.532,3.532,,,,,,,,,,,548.655,209.552,0.0,,,,,,,1368.0,1396.0,0.0,0.0,0.0,0.0,0.0,0.0,0.0,0.0,0.0,0.0,0.0,0.0,0.0,29.0,29.0,0.0,"solar_v,lipo_v"
2020-06-06T11:00:00Z,29.0,29.0,3.415,3.532,,,,,4469.448,4460.0,4478.0,,,3.532,3.532,3.532,,,,,,,,,,,549.483,209.414,0.0,,,,,,,1397.0,1426.0,0.0,0.0,0.0,0.0,0.0,0.0,0.0,0.0,0.0,0.0,0.0,0.0,0.0,29.0,29.0,0.0,"solar_v,lipo_v"
2020-06-06T12:00:00Z,28.0,28.0,3.532,3.532,,,,,4470.714,4466.0,4474.0,,,3.532,3.532,3.532,,,,,,,,,,,550.5,210.75,0.0,,,,,,,1427.0,1455.0,0.0,0.0,0.0,0.0,0.0,0.0,0.0,0.0,0.0,0.0,0.0,0.0,0.0,28.0,28.0,0.0,"solar_v,lipo_v"
2020-06-06T13:00:00Z,30.0,30.0,3.532,3.532,,,,,4471.133,4460.0,4474.0,,,3.532,3.532,3.532,,,,,,,,,,,551.867,212.867,0.0,,,,,,,1456.0,1485.0,0.0,0.0,0.0,0.0,0.0,0.0,0.0,0.0,0.0,0.0,0.0,0.0,0.0,30.0,30.0,0.0,"solar_v,lipo_v"
2020-06-06T14:00:00Z,29.0,29.0,3.532,3.532,,,,,4471.655,4466.0,4474.0,,,3.532,3.532,3.532,,,,,,,,,,,555.207,214.793,0.0,,,,,,,1486.0,1514.0,0.0,0.0,0.0,0.0,0.0,0.0,0.0,0.0,0.0,0.0,0.0,0.0,0.0,29.0,29.0,0.0,"solar_v,lipo_v"
2020-06-06T15:00:00Z,30.0,30.0,3.532,3.532,,,,,4472.8,4466.0,4478.0,,,3.532,3.532,3.532,,,,,,,,,,,556.733,216.267,0.0,,,,,,,1515.0,1544.0,0.0,0.0,0.0,0.0,0.0,0.0,0.0,0.0,0.0,0.0,0.0,0.0,0.0,30.0,30.0,0.0,"solar_v,lipo_v"
2020-06-06T16:00:00Z,29.0,29.0,3.532,3.532,,,,,4472.483,4466.0,4474.0,,,3.532,3.532,3.532,,,,,,,,,,,558.0,217.0,0.0,,,,,,,1545.0,1573.0,0.0,0.0,0.0,0.0,0.0,0.0,0.0,0.0,0.0,0.0,0.0,0.0,0.0,29.0,29.0,0.0,"solar_v,lipo_v"
2020-06-06T17:00:00Z,30.0,30.0,3.532,3.532,,,,,4473.6,4466.0,4478.0,,,3.532,3.532,3.532,,,,,,,,,,,559.033,219.167,0.0,,,,,,,1574.0,1603.0,0.0,0.0,0.0,0.0,0.0,0.0,0.0,0.0,0.0,0.0,0.0,0.0,0.0,30.0,30.0,0.0,"solar_v,lipo_v"
2020-06-06T18:00:00Z,28.0,28.0,3.532,3.532,,,,,4473.286,4466.0,4480.0,,,3.532,3.532,3.532,,,,,,,,,,,559.286,220.071,0.0,,,,,,,1604.0,1632.0,0.0,0.0,0.0,0.0,0.0,0.0,0.0,0.0,0.0,0.0,0.0,0.0,0.0,28.0,28.0,0.0,"solar_v,lipo_v"
2020-06-06T19:00:00Z,30.0,30.0,3.532,3.532,,,,,4473.133,4466.0,4474.0,,,3.532,3.532,3.532,,,,,,,,,,,560.067,220.633,0.0,,,,,,,1633.0,1662.0,0.0,0.0,0.0,0.0,0.0,0.0,0.0,0.0,0.0,0.0,0.0,0.0,0.0,30.0,30.0,0.0,"solar_v,lipo_v"
2020-06-06T20:00:00Z,29.0,29.0,3.532,3.532,,,,,4473.724,4470.0,4478.0,,,3.532,3.532,3.532,,,,,,,,,,,560.828,223.862,0.0,,,,,,,1663.0,1691.0,0.0,0.0,0.0,0.0,0.0,0.0,0.0,0.0,0.0,0.0,0.0,0.0,0.0,29.0,29.0,0.0,"solar_v,lipo_v"
2020-06-06T21:00:00Z,29.0,29.0,3.532,3.532,,,,,4473.862,4470.0,4476.0,,,3.532,3.532,3.532,,,,,,,,,,,561.862,226.103,0.0,,,,,,,1692.0,1721.0,0.0,0.0,0.0,0.0,0.0,0.0,0.0,0.0,0.0,0.0,0.0,0.0,0.0,29.0,29.0,0.0,"solar_v,lipo_v"
2020-06-06T22:00:00Z,30.0,30.0,2.808,3.532,,,,,4480.667,4474.0,4494.0,,,3.532,3.532,3.532,,,,,,,,,,,563.667,228.9,0.0,,,,,,,1722.0,1751.0,0.0,0.0,0.0,0.0,0.0,0.0,0.0,0.0,0.0,0.0,0.0,0.0,0.0,30.0,30.0,0.0,"solar_v,lipo_v"
2020-06-06T23:00:00Z,29.0,29.0,2.208,2.236,,,,,4492.207,4484.0,4500.0,,,3.532,3.532,3.532,,,,,,,,,,,563.862,230.276,0.0,,,,,,,1752.0,1780.0,0.0,0.0,0.0,0.0,0.0,0.0,0.0,0.0,0.0,0.0,0.0,0.0,0.0,29.0,29.0,0.0,"solar_v,lipo_v"
2020-06-07T00:00:00Z,30.0,30.0,2.172,2.214,,,,,4508.133,4494.0,4526.0,,,3.532,3.532,3.532,,,,,,,,,,,563.8,230.467,0.0,,,,,,,1781.0,1810.0,0.0,0.0,0.0,0.0,0.0,0.0,0.0,0.0,0.0,0.0,0.0,0.0,0.0,30.0,30.0,0.0,"solar_v,lipo_v"
2020-06-07T01:00:00Z,29.0,29.0,2.133,2.176,,,,,4601.931,4526.0,4658.0,,,3.532,3.532,3.532,,,,,,,,,,,564.517,230.276,0.0,,,,,,,1811.0,1839.0,0.0,0.0,0.0,0.0,0.0,0.0,0.0,0.0,0.0,0.0,0.0,0.0,0.0,29.0,29.0,0.0,"solar_v,lipo_v"
2020-06-07T02:00:00Z,30.0,30.0,2.177,2.253,,,,,4783.4,4496.0,4980.0,,,3.532,3.532,3.532,,,,,,,,,,,559.867,220.1,0.0,,,,,,,1840.0,1869.0,0.0,0.0,0.0,0.0,0.0,0.0,0.0,0.0,0.0,0.0,0.0,0.0,0.0,30.0,30.0,0.0,"solar_v,lipo_v"
2020-06-07T03:00:00Z,29.0,29.0,2.186,2.26,,,,,4865.448,4656.0,5068.0,,,3.532,3.532,3.532,,,,,,,,,,,555.862,213.345,0.0,,,,,,,1870.0,1898.0,0.0,0.0,0.0,0.0,0.0,0.0,0.0,0.0,0.0,0.0,0.0,0.0,0.0,29.0,29.0,0.0,"solar_v,lipo_v"
2020-06-07T04:00:00Z,30.0,30.0,2.138,2.225,,,,,4978.067,4632.0,5092.0,,,3.532,3.532,3.532,,,,,,,,,,,552.9,208.0,0.0,,,,,,,1899.0,1928.0,0.0,0.0,0.0,0.0,0.0,0.0,0.0,0.0,0.0,0.0,0.0,0.0,0.0,30.0,30.0,0.0,"solar_v,lipo_v"
2020-06-07T05:00:00Z,28.0,28.0,2.13,2.236,,,,,4951.929,4632.0,5066.0,,,3.532,3.532,3.532,,,,,,,,,,,548.464,205.25,0.0,,,,,,,1929.0,1957.0,0.0,0.0,0.0,0.0,0.0,0.0,0.0,0.0,0.0,0.0,0.0,0.0,0.0,28.0,28.0,0.0,"solar_v,lipo_v"
2020-06-07T06:00:00Z,30.0,30.0,2.132,2.224,,,,,4943.333,4632.0,5074.0,,,3.532,3.532,3.532,,,,,,,,,,,544.467,201.5,0.0,,,,,,,1958.0,1987.0,0.0,0.0,0.0,0.0,0.0,0.0,0.0,0.0,0.0,0.0,0.0,0.0,0.0,30.0,30.0,0.0,"solar_v,lipo_v"
2020-06-07T07:00:00Z,27.0,27.0,2.219,2.251,,,,,4665.185,4590.0,4990.0,,,3.532,3.532,3.532,,,,,,,,,,,538.556,198.185,0.0,,,,,,,1988.0,2016.0,0.0,0.0,0.0,0.0,0.0,0.0,0.0,0.0,0.0,0.0,0.0,0.0,0.0,27.0,27.0,0.0,"solar_v,lipo_v"
2020-06-07T08:00:00Z,29.0,29.0,2.232,2.263,,,,,4673.172,4628.0,4910.0,,,3.532,3.532,3.532,,,,,,,,,,,535.103,192.138,0.0,,,,,,,2017.0,2046.0,0.0,0.0,0.0,0.0,0.0,0.0,0.0,0.0,0.0,0.0,0.0,0.0,0.0,29.0,29.0,0.0,"solar_v,lipo_v"
2020-06-07T09:00:00Z,29.0,29.0,2.255,2.286,,,,,4571.586,4482.0,4636.0,,,3.532,3.532,3.532,,,,,,,,,,,534.655,193.586,0.0,,,,,,,2047.0,2075.0,0.0,0.0,0.0,0.0,0.0,0.0,0.0,0.0,0.0,0.0,0.0,0.0,0.0,29.0,29.0,0.0,"solar_v,lipo_v"
2020-06-07T10:00:00Z,30.0,30.0,2.48,3.14,,,,,4470.2,4458.0,4486.0,,,3.532,3.532,3.532,,,,,,,,,,,538.267,200.433,0.0,,,,,,,2076.0,2105.0,0.0,0.0,0.0,0.0,0.0,0.0,0.0,0.0,0.0,0.0,0.0,0.0,0.0,30.0,30.0,0.0,"solar_v,lipo_v"
2020-06-07T11:00:00Z,29.0,29.0,3.369,3.532,,,,,4459.724,4450.0,4466.0,,,3.532,3.532,3.532,,,,,,,,,,,541.793,202.276,0.0,,,,,,,2106.0,2134.0,0.0,0.0,0.0,0.0,0.0,0.0,0.0,0.0,0.0,0.0,0.0,0.0,0.0,29.0,29.0,0.0,"solar_v,lipo_v"
2020-06-07T12:00:00Z,30.0,30.0,3.532,3.532,,,,,4457.133,4454.0,4460.0,,,3.532,3.532,3.532,,,,,,,,,,,544.267,202.867,0.0,,,,,,,2135.0,2164.0,0.0,0.0,0.0,0.0,0.0,0.0,0.0,0.0,0.0,0.0,0.0,0.0,0.0,30.0,30.0,0.0,"solar_v,lipo_v"
2020-06-07T13:00:00Z,29.0,29.0,3.532,3.532,,,,,4457.517,4454.0,4460.0,,,3.532,3.532,3.532,,,,,,,,,,,547.345,208.034,0.0,,,,,,,2165.0,2193.0,0.0,0.0,0.0,0.0,0.0,0.0,0.0,0.0,0.0,0.0,0.0,0.0,0.0,29.0,29.0,0.0,"solar_v,lipo_v"
2020-06-07T14:00:00Z,30.0,30.0,3.532,3.532,,,,,4456.733,4450.0,4460.0,,,3.532,3.532,3.532,,,,,,,,,,,551.0,210.767,0.0,,,,,,,2194.0,2223.0,0.0,0.0,0.0,0.0,0.0,0.0,0.0,0.0,0.0,0.0,0.0,0.0,0.0,30.0,30.0,0.0,"solar_v,lipo_v"
2020-06-07T15:00:00Z,29.0,29.0,3.532,3.532,,,,,4456.207,4450.0,4460.0,,,3.532,3.532,3.532,,,,,,,,,,,552.586,214.931,0.0,,,,,,,2224.0,2252.0,0.0,0.0,0.0,0.0,0.0,0.0,0.0,0.0,0.0,0.0,0.0,0.0,0.0,29.0,29.0,0.0,"solar_v,lipo_v"
2020-06-07T16:00:00Z,30.0,30.0,3.532,3.532,,,,,4456.067,4452.0,4460.0,,,3.532,3.532,3.532,,,,,,,,,,,554.833,215.633,0.0,,,,,,,2253.0,2282.0,0.0,0.0,0.0,0.0,0.0,0.0,0.0,0.0,0.0,0.0,0.0,0.0,0.0,30.0,30.0,0.0,"solar_v,lipo_v"
2020-06-07T17:00:00Z,29.0,29.0,3.532,3.532,,,,,4457.448,4450.0,4464.0,,,3.532,3.532,3.532,,,,,,,,,,,556.103,216.276,0.0,,,,,,,2283.0,2311.0,0.0,0.0,0.0,0.0,0.0,0.0,0.0,0.0,0.0,0.0,0.0,0.0,0.0,29.0,29.0,0.0,"solar_v,lipo_v"
2020-06-07T18:00:00Z,30.0,30.0,3.532,3.532,,,,,4457.333,4450.0,4460.0,,,3.532,3.532,3.532,,,,,,,,,,,558.4,218.9,0.0,,,,,,,2312.0,2341.0,0.0,0.0,0.0,0.0,0.0,0.0,0.0,0.0,0.0,0.0,0.0,0.0,0.0,30.0,30.0,0.0,"solar_v,lipo_v"
2020-06-07T19:00:00Z,30.0,30.0,3.532,3.532,,,,,4458.0,4452.0,4466.0,,,3.532,3.532,3.532,,,,,,,,,,,560.133,222.9,0.0,,,,,,,2342.0,2371.0,0.0,0.0,0.0,0.0,0.0,0.0,0.0,0.0,0.0,0.0,0.0,0.0,0.0,30.0,30.0,0.0,"solar_v,lipo_v"
2020-06-07T20:00:00Z,29.0,29.0,3.532,3.532,,,,,4456.414,4450.0,4460.0,,,3.532,3.532,3.532,,,,,,,,,,,561.034,225.0,0.0,,,,,,,2372.0,2400.0,0.0,0.0,0.0,0.0,0.0,0.0,0.0,0.0,0.0,0.0,0.0,0.0,0.0,29.0,29.0,0.0,"solar_v,lipo_v"
2020-06-07T21:00:00Z,30.0,30.0,3.532,3.532,,,,,4457.2,4450.0,4460.0,,,3.532,3.532,3.532,,,,,,,,,,,563.4,227.967,0.0,,,,,,,2401.0,2430.0,0.0,0.0,0.0,0.0,0.0,0.0,0.0,0.0,0.0,0.0,0.0,0.0,0.0,30.0,30.0,0.0,"solar_v,lipo_v"
2020-06-07T22:00:00Z,29.0,29.0,2.92,3.532,,,,,4461.379,4450.0,4480.0,,,3.532,3.532,3.532,,,,,,,,,,,564.103,229.828,0.0,,,,,,,2431.0,2459.0,0.0,0.0,0.0,0.0,0.0,0.0,0.0,0.0,0.0,0.0,0.0,0.0,0.0,29.0,29.0,0.0,"solar_v,lipo_v"
2020-06-07T23:00:00Z,30.0,30.0,2.21,2.233,,,,,4473.067,4466.0,4486.0,,,3.532,3.532,3.532,,,,,,,,,,,564.767,230.533,0.0,,,,,,,2460.0,2489.0,0.0,0.0,0.0,0.0,0.0,0.0,0.0,0.0,0.0,0.0,0.0,0.0,0.0,30.0,30.0,0.0,"solar_v,lipo_v"
2020-06-08T00:00:00Z,29.0,29.0,2.16,2.21,,,,,4505.379,4466.0,4570.0,,,3.532,3.532,3.532,,,,,,,,,,,566.448,234.483,0.0,,,,,,,2490.0,2518.0,0.0,0.0,0.0,0.0,0.0,0.0,0.0,0.0,0.0,0.0,0.0,0.0,0.0,29.0,29.0,0.0,"solar_v,lipo_v"
2020-06-08T01:00:00Z,30.0,30.0,2.164,2.237,,,,,4598.8,4494.0,4936.0,,,3.532,3.532,3.532,,,,,,,,,,,565.2,235.967,0.0,,,,,,,2519.0,2548.0,0.0,0.0,0.0,0.0,0.0,0.0,0.0,0.0,0.0,0.0,0.0,0.0,0.0,30.0,30.0,0.0,"solar_v,lipo_v"
2020-06-08T02:00:00Z,29.0,29.0,2.182,2.243,,,,,4847.172,4626.0,4982.0,,,3.532,3.532,3.532,,,,,,,,,,,561.345,226.724,0.0,,,,,,,2549.0,2577.0,0.0,0.0,0.0,0.0,0.0,0.0,0.0,0.0,0.0,0.0,0.0,0.0,0.0,29.0,29.0,0.0,"solar_v,lipo_v"
2020-06-08T03:00:00Z,29.0,29.0,2.124,2.184,,,,,4965.103,4814.0,5028.0,,,3.532,3.532,3.532,,,,,,,,,,,559.31,221.897,0.0,,,,,,,2578.0,2607.0,0.0,0.0,0.0,0.0,0.0,0.0,0.0,0.0,0.0,0.0,0.0,0.0,0.0,29.0,29.0,0.0,"solar_v,lipo_v"
2020-06-08T04:00:00Z,29.0,29.0,2.111,2.205,,,,,4862.276,4698.0,5036.0,,,3.532,3.532,3.532,,,,,,,,,,,557.862,221.414,0.0,,,,,,,2608.0,2636.0,0.0,0.0,0.0,0.0,0.0,0.0,0.0,0.0,0.0,0.0,0.0,0.0,0.0,29.0,29.0,0.0,"solar_v,lipo_v"
2020-06-08T05:00:00Z,30.0,30.0,2.061,2.11,,,,,4691.4,4526.0,4856.0,,,3.532,3.532,3.532,,,,,,,,,,,548.9,212.367,0.0,,,,,,,2637.0,2666.0,0.0,0.0,0.0,0.0,0.0,0.0,0.0,0.0,0.0,0.0,0.0,0.0,0.0,30.0,30.0,0.0,"solar_v,lipo_v"
2020-06-08T06:00:00Z,29.0,29.0,2.028,2.082,,,,,4693.586,4414.0,4770.0,,,3.532,3.532,3.532,,,,,,,,,,,541.069,204.483,0.0,,,,,,,2667.0,2695.0,0.0,0.0,0.0,0.0,0.0,0.0,0.0,0.0,0.0,0.0,0.0,0.0,0.0,29.0,29.0,0.0,"solar_v,lipo_v"
2020-06-08T07:00:00Z,29.0,29.0,2.014,2.082,,,,,4574.414,4400.0,4704.0,,,3.532,3.532,3.532,,,,,,,,,,,529.414,191.379,0.0,,,,,,,2696.0,2725.0,0.0,0.0,0.0,0.0,0.0,0.0,0.0,0.0,0.0,0.0,0.0,0.0,0.0,29.0,29.0,0.0,"solar_v,lipo_v"
2020-06-08T08:00:00Z,30.0,30.0,1.996,2.05,,,,,4430.0,4312.0,4526.0,,,3.532,3.532,3.532,,,,,,,,,,,516.133,178.833,0.0,,,,,,,2726.0,2755.0,0.0,0.0,0.0,0.0,0.0,0.0,0.0,0.0,0.0,0.0,0.0,0.0,0.0,30.0,30.0,0.0,"solar_v,lipo_v"
2020-06-08T09:00:00Z,29.0,29.0,2.024,2.078,,,,,4292.759,4210.0,4396.0,,,3.532,3.532,3.532,,,,,,,,,,,505.655,168.483,0.0,,,,,,,2756.0,2784.0,0.0,0.0,0.0,0.0,0.0,0.0,0.0,0.0,0.0,0.0,0.0,0.0,0.0,29.0,29.0,0.0,"solar_v,lipo_v"
2020-06-08T10:00:00Z,26.0,26.0,2.042,2.078,,,,,4182.385,4154.0,4236.0,,,3.532,3.532,3.532,,,,,,,,,,,485.654,48.154,0.0,,,,,,,2785.0,2813.0,0.0,0.0,0.0,0.0,0.0,0.0,0.0,0.0,0.0,0.0,0.0,0.0,0.0,26.0,8.0,0.0,"solar_v,lipo_v"
2020-06-08T11:00:00Z,30.0,30.0,3.227,3.532,,,,,4150.0,4130.0,4164.0,,,3.532,3.532,3.532,,,,,,,,,,,476.3,0.0,0.0,,,,,,,2814.0,2843.0,0.0,0.0,0.0,0.0,0.0,0.0,0.0,0.0,0.0,0.0,0.0,0.0,0.0,30.0,0.0,0.0,"solar_v,lipo_v"
2020-06-08T12:00:00Z,29.0,29.0,3.532,3.532,,,,,4135.793,4108.0,4150.0,,,3.532,3.532,3.532,,,,,,,,,,,469.586,0.0,0.0,,,,,,,2844.0,2872.0,0.0,0.0,0.0,0.0,0.0,0.0,0.0,0.0,0.0,0.0,0.0,0.0,0.0,29.0,0.0,0.0,"solar_v,lipo_v"
2020-06-08T13:00:00Z,30.0,30.0,3.532,3.532,,,,,4123.8,4110.0,4132.0,,,3.532,3.532,3.532,,,,,,,,,,,461.6,0.0,0.0,,,,,,,2873.0,2902.0,0.0,0.0,0.0,0.0,0.0,0.0,0.0,0.0,0.0,0.0,0.0,0.0,0.0,30.0,0.0,0.0,"solar_v,lipo_v"
2020-06-08T14:00:00Z,29.0,29.0,3.532,3.532,,,,,4108.207,4096.0,4116.0,,,3.532,3.532,3.532,,,,,,,,,,,453.655,0.0,0.0,,,,,,,2903.0,2931.0,0.0,0.0,0.0,0.0,0.0,0.0,0.0,0.0,0.0,0.0,0.0,0.0,0.0,29.0,0.0,0.0,"solar_v,lipo_v"
2020-06-08T15:00:00Z,30.0,30.0,3.532,3.532,,,,,4087.467,4078.0,4114.0,,,3.532,3.532,3.532,,,,,,,,,,,444.467,0.0,0.0,,,,,,,2932.0,2961.0,0.0,0.0,0.0,0.0,0.0,0.0,0.0,0.0,0.0,0.0,0.0,0.0,0.0,30.0,0.0,0.0,"solar_v,lipo_v"
2020-06-08T16:00:00Z,29.0,29.0,3.532,3.532,,,,,4069.931,4054.0,4078.0,,,3.532,3.532,3.532,,,,,,,,,,,436.759,0.0,0.0,,,,,,,2962.0,2990.0,0.0,0.0,0.0,0.0,0.0,0.0,0.0,0.0,0.0,0.0,0.0,0.0,0.0,29.0,0.0,0.0,"solar_v,lipo_v"
2020-06-08T17:00:00Z,30.0,30.0,3.532,3.532,,,,,4048.667,4036.0,4060.0,,,3.532,3.532,3.532,,,,,,,,,,,427.833,0.0,0.0,,,,,,,2991.0,3020.0,0.0,0.0,0.0,0.0,0.0,0.0,0.0,0.0,0.0,0.0,0.0,0.0,0.0,30.0,0.0,0.0,"solar_v,lipo_v"
2020-06-08T18:00:00Z,29.0,29.0,3.532,3.532,,,,,4028.345,4020.0,4038.0,,,3.532,3.532,3.532,,,,,,,,,,,420.414,0.0,0.0,,,,,,,3021.0,3049.0,0.0,0.0,0.0,0.0,0.0,0.0,0.0,0.0,0.0,0.0,0.0,0.0,0.0,29.0,0.0,0.0,"solar_v,lipo_v"
2020-06-08T19:00:00Z,30.0,30.0,3.532,3.532,,,,,4006.933,3996.0,4020.0,,,3.532,3.532,3.532,,,,,,,,,,,412.833,0.0,0.0,,,,,,,3050.0,3079.0,0.0,0.0,0.0,0.0,0.0,0.0,0.0,0.0,0.0,0.0,0.0,0.0,0.0,30.0,0.0,0.0,"solar_v,lipo_v"
2020-06-08T20:00:00Z,29.0,29.0,3.532,3.532,,,,,3984.0,3974.0,3998.0,,,3.532,3.532,3.532,,,,,,,,,,,402.31,0.0,0.0,,,,,,,3080.0,3108.0,0.0,0.0,0.0,0.0,0.0,0.0,0.0,0.0,0.0,0.0,0.0,0.0,0.0,29.0,0.0,0.0,"solar_v,lipo_v"
2020-06-08T21:00:00Z,30.0,30.0,3.532,3.532,,,,,3962.667,3944.0,3974.0,,,3.532,3.532,3.532,,,,,,,,,,,393.633,0.0,0.0,,,,,,,3109.0,3138.0,0.0,0.0,0.0,0.0,0.0,0.0,0.0,0.0,0.0,0.0,0.0,0.0,0.0,30.0,0.0,0.0,"solar_v,lipo_v"
2020-06-08T22:00:00Z,29.0,29.0,2.827,3.532,,,,,3935.793,3924.0,3948.0,,,3.532,3.532,3.532,,,,,,,,,,,383.034,0.0,0.0,,,,,,,3139.0,3167.0,0.0,0.0,0.0,0.0,0.0,0.0,0.0,0.0,0.0,0.0,0.0,0.0,0.0,29.0,0.0,0.0,"solar_v,lipo_v"
2020-06-08T23:00:00Z,30.0,30.0,1.931,1.972,,,,,3911.067,3876.0,3932.0,,,3.532,3.532,3.532,,,,,,,,,,,372.267,0.0,0.0,,,,,,,3168.0,3197.0,0.0,0.0,0.0,0.0,0.0,0.0,0.0,0.0,0.0,0.0,0.0,0.0,0.0,30.0,0.0,0.0,"solar_v,lipo_v"
2020-06-09T00:00:00Z,29.0,29.0,1.88,1.92,,,,,3874.0,3860.0,3896.0,,,3.532,3.532,3.532,,,,,,,,,,,360.345,0.0,0.0,,,,,,,3198.0,3226.0,0.0,0.0,0.0,0.0,0.0,0.0,0.0,0.0,0.0,0.0,0.0,0.0,0.0,29.0,0.0,0.0,"solar_v,lipo_v"
2020-06-09T01:00:00Z,30.0,30.0,1.838,1.876,,,,,3822.467,3796.0,3852.0,,,3.532,3.532,3.532,,,,,,,,,,,345.067,0.0,0.0,,,,,,,3227.0,3256.0,0.0,0.0,0.0,0.0,0.0,0.0,0.0,0.0,0.0,0.0,0.0,0.0,0.0,30.0,0.0,0.0,"solar_v,lipo_v"
2020-06-09T02:00:00Z,30.0,30.0,1.79,1.854,,,,,3770.733,3736.0,3790.0,,,3.532,3.532,3.532,,,,,,,,,,,328.567,0.0,0.0,,,,,,,3257.0,3286.0,0.0,0.0,0.0,0.0,0.0,0.0,0.0,0.0,0.0,0.0,0.0,0.0,0.0,30.0,0.0,0.0,"solar_v,lipo_v"
2020-06-09T03:00:00Z,27.0,27.0,1.715,1.751,,,,,3704.222,3338.0,3784.0,,,3.532,3.532,3.532,,,,,,,,,,,312.963,0.0,0.0,,,,,,,3287.0,3313.0,0.0,0.0,0.0,0.0,0.0,0.0,0.0,0.0,0.0,0.0,0.0,0.0,0.0,27.0,0.0,0.0,"solar_v,lipo_v"
2020-06-09T07:00:00Z,22.0,22.0,1.812,1.902,,,,,3645.364,3522.0,3772.0,,,3.532,3.532,3.532,,,,,,,,,,,286.182,0.0,0.0,,,,,,,2.0,23.0,0.0,0.0,0.0,0.0,0.0,0.0,0.0,0.0,0.0,0.0,0.0,0.0,0.0,22.0,0.0,0.0,"solar_v,lipo_v"
2020-06-09T08:00:00Z,30.0,30.0,1.797,1.853,,,,,3587.733,3536.0,3664.0,,,3.532,3.532,3.532,,,,,,,,,,,264.233,0.0,0.0,,,,,,,24.0,53.0,0.0,0.0,0.0,0.0,0.0,0.0,0.0,0.0,0.0,0.0,0.0,0.0,0.0,30.0,0.0,0.0,"solar_v,lipo_v"
2020-06-09T09:00:00Z,29.0,29.0,1.82,1.858,,,,,3623.655,3582.0,3680.0,,,3.532,3.532,3.532,,,,,,,,,,,229.621,0.0,0.0,,,,,,,54.0,82.0,0.0,0.0,0.0,0.0,0.0,0.0,0.0,0.0,0.0,0.0,0.0,0.0,0.0,29.0,0.0,0.0,"solar_v,lipo_v"
2020-06-09T10:00:00Z,9.0,9.0,1.833,1.852,,,,,3622.444,3608.0,3636.0,,,3.532,3.532,3.532,,,,,,,,,,,215.111,0.0,0.0,,,,,,,83.0,91.0,0.0,0.0,0.0,0.0,0.0,0.0,0.0,0.0,0.0,0.0,0.0,0.0,0.0,9.0,0.0,0.0,"solar_v,lipo_v"
2020-06-10T08:00:00Z,3.0,3.0,0.417,0.731,,,,,850.0,0.0,1390.0,,,3.023,2.006,3.532,,,,,,,,,,,716.333,267.667,0.0,,,,,,,1.0,3.0,0.0,0.0,0.0,0.0,0.0,1.0,0.0,0.0,0.0,0.0,0.0,0.0,0.0,3.0,2.0,0.0,"solar_v,lipo_v"
2020-06-10T09:00:00Z,28.0,28.0,0.339,0.916,,,,,946.357,0.0,2686.0,,,3.532,3.532,3.532,,,,,,,,,,,735.143,302.429,0.0,,,,,,,4.0,32.0,0.0,0.0,0.0,0.0,0.0,0.0,0.0,0.0,0.0,0.0,0.0,0.0,0.0,28.0,20.0,0.0,"solar_v,lipo_v"
2020-06-10T10:00:00Z,29.0,29.0,0.455,0.98,,,,,1256.759,0.0,2690.0,,,3.532,3.532,3.532,,,,,,,,,,,837.621,412.034,0.0,,,,,,,33.0,61.0,0.0,0.0,0.0,0.0,0.0,0.0,0.0,0.0,0.0,0.0,0.0,0.0,0.0,29.0,25.0,0.0,"solar_v,lipo_v"
2020-06-10T11:00:00Z,29.0,29.0,0.386,0.982,,,,,951.172,0.0,2704.0,,,3.532,3.532,3.532,,,,,,,,,,,729.552,320.207,0.0,,,,,,,62.0,91.0,0.0,0.0,0.0,0.0,0.0,0.0,0.0,0.0,0.0,0.0,0.0,0.0,0.0,29.0,20.0,0.0,"solar_v,lipo_v"
2020-06-10T12:00:00Z,30.0,30.0,0.422,1.112,,,,,888.933,0.0,2652.0,,,3.532,3.532,3.532,,,,,,,,,,,690.167,292.4,0.0,,,,,,,92.0,121.0,0.0,0.0,0.0,0.0,0.0,0.0,0.0,0.0,0.0,0.0,0.0,0.0,0.0,30.0,19.0,0.0,"solar_v,lipo_v"
2020-06-10T13:00:00Z,29.0,29.0,0.547,1.154,,,,,1182.0,0.0,2520.0,,,3.532,3.532,3.532,,,,,,,,,,,761.241,388.172,0.0,,,,,,,122.0,150.0,0.0,0.0,0.0,0.0,0.0,0.0,0.0,0.0,0.0,0.0,0.0,0.0,0.0,29.0,23.0,0.0,"solar_v,lipo_v"
2020-06-10T14:00:00Z,30.0,30.0,0.619,1.101,,,,,1266.0,0.0,2554.0,,,3.532,3.532,3.532,,,,,,,,,,,777.333,415.0,0.0,,,,,,,151.0,180.0,0.0,0.0,0.0,0.0,0.0,0.0,0.0,0.0,0.0,0.0,0.0,0.0,0.0,30.0,27.0,0.0,"solar_v,lipo_v"
2020-06-10T15:00:00Z,28.0,28.0,0.5,1.105,,,,,920.429,0.0,2472.0,,,3.532,3.532,3.532,,,,,,,,,,,633.714,292.0,0.0,,,,,,,181.0,209.0,0.0,0.0,0.0,0.0,0.0,0.0,0.0,0.0,0.0,0.0,0.0,0.0,0.0,28.0,22.0,0.0,"solar_v,lipo_v"
2020-06-10T16:00:00Z,30.0,30.0,0.617,1.189,,,,,1249.933,0.0,2626.0,,,3.532,3.532,3.532,,,,,,,,,,,739.0,404.033,0.0,,,,,,,210.0,239.0,0.0,0.0,0.0,0.0,0.0,0.0,0.0,0.0,0.0,0.0,0.0,0.0,0.0,30.0,25.0,0.0,"solar_v,lipo_v"
2020-06-10T17:00:00Z,29.0,29.0,0.502,1.141,,,,,1105.862,0.0,2642.0,,,3.532,3.532,3.532,,,,,,,,,,,692.034,366.724,0.0,,,,,,,240.0,268.0,0.0,0.0,0.0,0.0,0.0,0.0,0.0,0.0,0.0,0.0,0.0,0.0,0.0,29.0,23.0,0.0,"solar_v,lipo_v"
2020-06-10T18:00:00Z,30.0,30.0,0.594,1.035,,,,,1356.467,0.0,2520.0,,,3.532,3.532,3.532,,,,,,,,,,,761.367,448.967,0.0,,,,,,,269.0,298.0,0.0,0.0,0.0,0.0,0.0,0.0,0.0,0.0,0.0,0.0,0.0,0.0,0.0,30.0,26.0,0.0,"solar_v,lipo_v"
2020-06-10T19:00:00Z,29.0,29.0,0.562,1.114,,,,,1162.552,0.0,2590.0,,,3.532,3.532,3.532,,,,,,,,,,,670.586,370.483,0.0,,,,,,,299.0,327.0,0.0,0.0,0.0,0.0,0.0,0.0,0.0,0.0,0.0,0.0,0.0,0.0,0.0,29.0,25.0,0.0,"solar_v,lipo_v"
2020-06-10T20:00:00Z,29.0,29.0,0.614,1.025,,,,,1375.31,0.0,2414.0,,,3.532,3.532,3.532,,,,,,,,,,,736.931,439.034,0.0,,,,,,,328.0,357.0,0.0,0.0,0.0,0.0,0.0,0.0,0.0,0.0,0.0,0.0,0.0,0.0,0.0,29.0,27.0,0.0,"solar_v,lipo_v"
2020-06-10T21:00:00Z,29.0,29.0,0.66,1.176,,,,,1382.966,0.0,2672.0,,,3.532,3.532,3.532,,,,,,,,,,,704.966,410.586,0.0,,,,,,,358.0,386.0,0.0,0.0,0.0,0.0,0.0,0.0,0.0,0.0,0.0,0.0,0.0,0.0,0.0,29.0,25.0,0.0,"solar_v,lipo_v"
2020-06-10T22:00:00Z,29.0,29.0,0.702,1.141,,,,,1513.793,0.0,2662.0,,,3.532,3.532,3.532,,,,,,,,,,,729.448,464.862,0.0,,,,,,,387.0,416.0,0.0,0.0,0.0,0.0,0.0,0.0,0.0,0.0,0.0,0.0,0.0,0.0,0.0,29.0,27.0,0.0,"solar_v,lipo_v"
2020-06-10T23:00:00Z,29.0,29.0,0.675,1.169,,,,,1406.276,0.0,2758.0,,,3.532,3.532,3.532,,,,,,,,,,,678.276,398.276,0.0,,,,,,,417.0,445.0,0.0,0.0,0.0,0.0,0.0,0.0,0.0,0.0,0.0,0.0,0.0,0.0,0.0,29.0,24.0,0.0,"solar_v,lipo_v"
2020-06-11T00:00:00Z,30.0,30.0,0.693,1.085,,,,,1522.467,0.0,2546.0,,,3.532,3.532,3.532,,,,,,,,,,,728.5,451.2,0.0,,,,,,,446.0,475.0,0.0,0.0,0.0,0.0,0.0,0.0,0.0,0.0,0.0,0.0,0.0,0.0,0.0,30.0,27.0,0.0,"solar_v,lipo_v"
2020-06-11T01:00:00Z,28.0,28.0,0.634,1.061,,,,,1379.5,0.0,2520.0,,,3.532,3.532,3.532,,,,,,,,,,,699.929,417.536,0.0,,,,,,,476.0,504.0,0.0,0.0,0.0,0.0,0.0,0.0,0.0,0.0,0.0,0.0,0.0,0.0,0.0,28.0,24.0,0.0,"solar_v,lipo_v"
2020-06-11T02:00:00Z,30.0,30.0,0.607,1.075,,,,,1279.4,0.0,2558.0,,,3.532,3.532,3.532,,,,,,,,,,,687.667,391.267,0.0,,,,,,,505.0,534.0,0.0,0.0,0.0,0.0,0.0,0.0,0.0,0.0,0.0,0.0,0.0,0.0,0.0,30.0,25.0,0.0,"solar_v,lipo_v"
2020-06-11T03:00:00Z,29.0,29.0,0.388,0.946,,,,,1037.793,0.0,2626.0,,,3.532,3.532,3.532,,,,,,,,,,,775.31,367.207,0.0,,,,,,,535.0,563.0,0.0,0.0,0.0,0.0,0.0,0.0,0.0,0.0,0.0,0.0,0.0,0.0,0.0,29.0,23.0,0.0,"solar_v,lipo_v"
2020-06-11T04:00:00Z,30.0,30.0,0.444,1.066,,,,,1140.867,0.0,2730.0,,,3.532,3.532,3.532,,,,,,,,,,,822.833,428.433,0.0,,,,,,,564.0,593.0,0.0,0.0,0.0,0.0,0.0,0.0,0.0,0.0,0.0,0.0,0.0,0.0,0.0,30.0,27.0,0.0,"solar_v,lipo_v"
2020-06-11T05:00:00Z,30.0,30.0,0.097,0.216,,,,,10.267,0.0,308.0,,,3.532,3.532,3.532,,,,,,,,,,,569.633,259.4,0.0,,,,,,,594.0,623.0,0.0,0.0,0.0,0.0,0.0,0.0,0.0,0.0,0.0,0.0,0.0,0.0,0.0,30.0,30.0,0.0,"solar_v,lipo_v"
2020-06-11T06:00:00Z,28.0,28.0,0.0,0.0,,,,,0.0,0.0,0.0,,,3.532,3.532,3.532,,,,,,,,,,,573.75,254.0,0.0,,,,,,,624.0,652.0,0.0,0.0,0.0,0.0,0.0,0.0,0.0,0.0,0.0,0.0,0.0,0.0,0.0,28.0,28.0,0.0,"solar_v,lipo_v"
2020-06-11T07:00:00Z,28.0,28.0,0.006,0.156,,,,,0.0,0.0,0.0,,,3.532,3.532,3.532,,,,,,,,,,,568.643,253.893,0.0,,,,,,,653.0,681.0,0.0,0.0,0.0,0.0,0.0,0.0,0.0,0.0,0.0,0.0,0.0,0.0,0.0,28.0,28.0,0.0,"solar_v,lipo_v"
2020-06-11T08:00:00Z,29.0,29.0,0.005,0.156,,,,,0.0,0.0,0.0,,,3.532,3.532,3.532,,,,,,,,,,,586.0,264.931,0.0,,,,,,,682.0,711.0,0.0,0.0,0.0,0.0,0.0,0.0,0.0,0.0,0.0,0.0,0.0,0.0,0.0,29.0,29.0,0.0,"solar_v,lipo_v"
2020-06-11T09:00:00Z,29.0,29.0,0.0,0.0,,,,,0.0,0.0,0.0,,,3.532,3.532,3.532,,,,,,,,,,,592.448,268.69,0.0,,,,,,,712.0,740.0,0.0,0.0,0.0,0.0,0.0,0.0,0.0,0.0,0.0,0.0,0.0,0.0,0.0,29.0,29.0,0.0,"solar_v,lipo_v"
2020-06-11T10:00:00Z,30.0,30.0,0.0,0.0,,,,,0.0,0.0,0.0,,,3.532,3.532,3.532,,,,,,,,,,,589.8,267.867,0.0,,,,,,,741.0,770.0,0.0,0.0,0.0,0.0,0.0,0.0,0.0,0.0,0.0,0.0,0.0,0.0,0.0,30.0,30.0,0.0,"solar_v,lipo_v"
2020-06-11T11:00:00Z,1.0,1.0,0.0,0.0,,,,,0.0,0.0,0.0,,,3.532,3.532,3.532,,,,,,,,,,,576.0,255.0,0.0,,,,,,,771.0,771.0,0.0,0.0,0.0,0.0,0.0,0.0,0.0,0.0,0.0,0.0,0.0,0.0,0.0,1.0,1.0,0.0,"solar_v,lipo_v"
2020-06-12T02:00:00Z,1.0,1.0,0.0,0.0,,,,,0.0,0.0,0.0,,,0.0,0.0,0.0,,,,,,,,,,,533.0,222.0,0.0,,,,,,,1.0,1.0,0.0,0.0,0.0,0.0,0.0,1.0,0.0,0.0,0.0,0.0,0.0,0.0,0.0,1.0,1.0,0.0,"solar_v,lipo_v"
2020-06-12T05:00:00Z,1.0,1.0,1.202,1.202,,,,,2862.0,2862.0,2862.0,,,1.049,1.049,1.049,,,,,,,,,,,1598.0,1500.0,0.0,,,,,,,1.0,1.0,0.0,0.0,0.0,0.0,0.0,1.0,0.0,0.0,0.0,0.0,0.0,0.0,0.0,1.0,1.0,0.0,"solar_v,lipo_v"
