ts,n_samples,solar3_v_avg,solar3_v_min,solar3_v_max,battery2_v_avg,battery2_v_min,battery2_v_max,current_a_chA_avg,current_a_chA_min,current_a_chA_max,current_a_chB_avg,current_a_chB_min,current_a_chB_max,lipo2_v_avg,lipo2_v_min,lipo2_v_max,load_v_avg,load_v_min,load_v_max,boot_count_min,boot_count_max,solar3_v_n_oor,battery2_v_n_oor,current_a_chA_n_oor,lipo2_v_n_oor,load_v_n_oor
2020-06-18T09:00:00Z,1,0.133,0.133,0.133,0.744,0.744,0.744,1616,1616,1616,1618,1618,1618,0.258,0.258,0.258,0,0,0,1,1,0,1,1,0,0
2020-06-19T11:00:00Z,5,0.1688,0,0.844,13.1892,12.583,15.076,29.6,-78,391,31.8,-74,381,0.3,0.3,0.3,0.8,0,1,1,1,0,0,0,0,0
2020-06-19T12:00:00Z,19,0.786474,0.752,0.82,12.554579,12.313,12.777,1230,1230,1230,-263.894737,-423,-116,0.3,0.3,0.3,0.526316,0,1,1,19,0,0,19,0,0
2020-06-19T13:00:00Z,29,0.780897,0.739,0.82,12.50269,12.261,12.729,1230,1230,1230,-276.206897,-431,-132,0.3,0.3,0.3,0.517241,0,1,20,48,0,0,29,0,0
2020-06-19T14:00:00Z,30,0.772867,0.736,0.817,12.450633,12.233,12.677,1230,1230,1230,-282.233333,-431,-132,0.3,0.3,0.3,0.5,0,1,49,78,0,0,30,0,0
2020-06-19T15:00:00Z,30,0.770867,0.735,0.812,12.422967,12.204,12.639,1230,1230,1230,-279.966667,-423,-132,0.3,0.3,0.3,0.5,0,1,79,108,0,0,30,0,0
2020-06-19T16:00:00Z,29,0.77231,0.734,0.812,12.409103,12.185,12.62,1230,1230,1230,-282.551724,-456,-132,0.3,0.3,0.3,0.448276,0,1,109,137,0,0,29,0,0
2020-06-19T17:00:00Z,30,0.779233,0.73,0.813,12.475767,12.181,12.611,1230,1230,1230,-229.433333,-448,-132,0.3,0.3,0.3,0.3,0,1,138,167,0,0,30,0,0
2020-06-19T18:00:00Z,29,0.781621,0.739,0.808,12.509103,12.176,12.606,1230,1230,1230,-195.758621,-439,-124,0.3,0.3,0.3,0.206897,0,1,168,196,0,0,29,0,0
2020-06-19T19:00:00Z,30,0.789867,0.766,0.81,12.579033,12.176,12.602,1230,1230,1230,-138.933333,-431,-116,0.3,0.3,0.3,0.066667,0,1,197,226,0,0,30,0,0
2020-06-19T20:00:00Z,29,0.788379,0.74,0.811,12.573862,12.171,12.597,1230,1230,1230,-134.310345,-431,-116,0.3,0.3,0.3,0,0,0,227,255,0,0,29,0,0
2020-06-19T21:00:00Z,30,0.7872,0.765,0.809,12.5868,12.578,12.597,1230,1230,1230,-116.533333,-132,-99,0.3,0.3,0.3,0,0,0,256,285,0,0,30,0,0
2020-06-19T22:00:00Z,29,0.651103,0,0.808,12.584897,12.573,12.592,1230,1230,1230,-112.448276,-132,-99,0.3,0.3,0.3,0,0,0,286,314,0,0,29,0,0
2020-06-19T23:00:00Z,30,0.685733,0.535,0.759,12.578933,12.573,12.592,1230,1230,1230,-112.666667,-124,-91,0.3,0.3,0.3,0,0,0,315,344,0,0,30,0,0
2020-06-20T00:00:00Z,29,0.186172,0,0.692,12.508345,12.181,12.62,1230,1230,1230,-164.241379,-406,-91,0.3,0.3,0.3,0.206897,0,1,345,373,0,0,29,0,0
2020-06-20T01:00:00Z,30,0,0,0,12.4434,12.157,12.706,1230,1230,1230,-230.333333,-431,-58,0.3,0.3,0.3,0.5,0,1,374,403,0,0,30,0,0
2020-06-20T02:00:00Z,30,0,0,0,12.5364,12.171,12.928,1230,1230,1230,-183.7,-406,58,0.3,0.3,0.3,0.5,0,1,404,433,0,0,30,0,0
2020-06-20T03:00:00Z,28,0,0,0,12.63,12.294,12.952,1230,1230,1230,-150.785714,-365,49,0.3,0.3,0.3,0.5,0,1,434,462,0,0,28,0,0
2020-06-20T04:00:00Z,30,0,0,0,12.7306,12.374,13.06,1230,1230,1230,-124.2,-307,66,0.3,0.3,0.3,0.533333,0,1,463,492,0,0,30,0,0
2020-06-20T05:00:00Z,29,0,0,0,12.748724,12.493,13.098,1230,1230,1230,-161.827586,-340,58,0.3,0.3,0.3,0.586207,0,1,493,521,0,0,29,0,0
2020-06-20T06:00:00Z,30,0,0,0,12.721167,12.27,13.065,1230,1230,1230,-171.733333,-464,33,0.3,0.3,0.3,0.533333,0,1,522,551,0,0,30,0,0
2020-06-20T07:00:00Z,29,0,0,0,12.716931,12.389,13.141,1230,1230,1230,-189.896552,-406,74,0.3,0.3,0.3,0.482759,0,1,552,580,0,0,29,0,0
2020-06-20T08:00:00Z,30,0,0,0,12.678767,12.351,13.15,1230,1230,1230,-191.466667,-423,224,0.3,0.3,0.3,0.533333,0,1,581,610,0,0,30,0,0
2020-06-20T09:00:00Z,29,0.318724,0,0.656,12.523414,12.171,12.867,1230,1230,1230,-233.689655,-473,91,0.3,0.3,0.3,0.275862,0,1,611,639,0,0,29,0,0
2020-06-20T10:00:00Z,28,0.688786,0.505,0.831,12.511321,12.162,12.71,1230,1230,1230,-208.892857,-431,-49,0.3,0.3,0.3,0.214286,0,1,640,669,0,0,28,0,0
2020-06-20T11:00:00Z,29,0.797586,0.724,0.89,12.537586,12.152,12.819,1230,1230,1230,-202.862069,-448,-91,0.3,0.3,0.3,0.172414,0,1,670,698,0,0,29,0,0
2020-06-20T12:00:00Z,30,0.784233,0.766,0.806,12.5554,12.545,12.564,1230,1230,1230,-169.9,-182,-157,0.3,0.3,0.3,0,0,0,699,728,0,0,30,0,0
2020-06-20T13:00:00Z,29,0.785034,0.765,0.806,12.551172,12.545,12.564,1230,1230,1230,-169.827586,-182,-157,0.3,0.3,0.3,0,0,0,729,757,0,0,29,0,0
2020-06-20T14:00:00Z,29,0.780655,0.765,0.805,12.547379,12.54,12.554,1230,1230,1230,-165.448276,-182,-157,0.3,0.3,0.3,0,0,0,758,787,0,0,29,0,0
2020-06-20T15:00:00Z,28,0.784607,0.763,0.806,12.543393,12.535,12.55,1230,1230,1230,-163,-174,-149,0.3,0.3,0.3,0,0,0,788,817,0,0,28,0,0
2020-06-20T16:00:00Z,28,0.784643,0.763,0.804,12.540071,12.531,12.545,1230,1230,1230,-156.107143,-174,-141,0.3,0.3,0.3,0,0,0,818,846,0,0,28,0,0
2020-06-20T17:00:00Z,30,0.781967,0.763,0.805,12.540833,12.526,12.55,1230,1230,1230,-147.433333,-166,-132,0.3,0.3,0.3,0,0,0,847,876,0,0,30,0,0
2020-06-20T18:00:00Z,28,0.784179,0.763,0.803,12.537107,12.531,12.545,1230,1230,1230,-141.357143,-157,-132,0.3,0.3,0.3,0,0,0,877,905,0,0,28,0,0
2020-06-20T19:00:00Z,30,0.7818,0.761,0.805,12.532033,12.521,12.54,1230,1230,1230,-139.933333,-157,-124,0.3,0.3,0.3,0,0,0,906,935,0,0,30,0,0
2020-06-20T20:00:00Z,29,0.785069,0.763,0.804,12.529655,12.521,12.535,1230,1230,1230,-132,-141,-124,0.3,0.3,0.3,0,0,0,936,964,0,0,29,0,0
2020-06-20T21:00:00Z,29,0.783241,0.762,0.803,12.525448,12.516,12.535,1230,1230,1230,-129.931034,-149,-124,0.3,0.3,0.3,0,0,0,965,994,0,0,29,0,0
2020-06-20T22:00:00Z,30,0.6355,0,0.801,12.521433,12.512,12.531,1230,1230,1230,-125.466667,-141,-107,0.3,0.3,0.3,0,0,0,995,1024,0,0,30,0,0
2020-06-20T23:00:00Z,29,0.426207,0,0.741,12.52469,12.502,12.554,1230,1230,1230,-119.689655,-132,-99,0.3,0.3,0.3,0,0,0,1025,1053,0,0,29,0,0
2020-06-21T00:00:00Z,16,0,0,0,12.513687,12.119,12.625,1230,1230,1230,-138.0625,-398,-83,0.3,0.3,0.3,0.1875,0,1,1054,1069,0,0,16,0,0
2020-06-21T06:00:00Z,7,0.711429,0.705,0.718,12.498,12.488,12.507,1230,1230,1230,-149.142857,-166,-141,0.3,0.3,0.3,0,0,0,1233,1240,0,0,7,0,0
2020-06-21T07:00:00Z,17,0.723235,0.709,0.734,12.494471,12.483,12.497,1230,1230,1230,-149,-157,-141,0.3,0.3,0.3,0,0,0,1253,1269,0,0,17,0,0
2020-06-21T08:00:00Z,29,0.459828,0,0.705,12.495276,12.479,12.521,1230,1230,1230,-148.137931,-166,-132,0.3,0.3,0.3,0,0,0,1270,1298,0,0,29,0,0
2020-06-21T09:00:00Z,30,0.108633,0,0.636,12.5058,12.479,12.535,1230,1230,1230,-148.866667,-174,-132,0.3,0.3,0.3,0,0,0,1299,1328,0,0,30,0,0
2020-06-21T10:00:00Z,26,0.720077,0.644,0.796,12.501,12.228,12.687,1230,1230,1230,-138.038462,-423,-33,0.3,0.3,0.3,0.076923,0,1,1329,1355,0,0,26,0,0
2020-06-21T11:00:00Z,30,0.763967,0.648,0.801,12.4864,12.176,12.644,1230,1230,1230,-134.466667,-373,-24,0.3,0.3,0.3,0.033333,0,1,1358,1387,0,0,30,0,0
2020-06-21T12:00:00Z,29,0.776276,0.757,0.798,12.48231,12.474,12.488,1230,1230,1230,-127.931034,-141,-116,0.3,0.3,0.3,0,0,0,1388,1416,0,0,29,0,0
2020-06-21T13:00:00Z,29,0.775069,0.756,0.795,12.480966,12.474,12.488,1230,1230,1230,-123.206897,-141,-116,0.3,0.3,0.3,0,0,0,1417,1446,0,0,29,0,0
2020-06-21T14:00:00Z,29,0.779103,0.757,0.798,12.475207,12.469,12.479,1230,1230,1230,-122.62069,-141,-107,0.3,0.3,0.3,0,0,0,1447,1475,0,0,29,0,0
2020-06-21T15:00:00Z,30,0.7751,0.754,0.798,12.470833,12.46,12.483,1230,1230,1230,-120.2,-132,-107,0.3,0.3,0.3,0,0,0,1476,1505,0,0,30,0,0
2020-06-21T16:00:00Z,28,0.776429,0.754,0.797,12.465464,12.455,12.474,1230,1230,1230,-119.607143,-141,-107,0.3,0.3,0.3,0,0,0,1506,1534,0,0,28,0,0
2020-06-21T17:00:00Z,30,0.777333,0.756,0.795,12.4622,12.45,12.474,1230,1230,1230,-113.7,-132,-99,0.3,0.3,0.3,0,0,0,1535,1564,0,0,30,0,0
2020-06-21T18:00:00Z,26,0.777231,0.753,0.795,12.460423,12.45,12.469,1230,1230,1230,-110.5,-132,-99,0.3,0.3,0.3,0,0,0,1565,1593,0,0,26,0,0
2020-06-21T19:00:00Z,30,0.775467,0.755,0.796,12.4573,12.445,12.464,1230,1230,1230,-107.033333,-124,-91,0.3,0.3,0.3,0,0,0,1594,1623,0,0,30,0,0
2020-06-21T20:00:00Z,30,0.772767,0.754,0.796,12.453367,12.441,12.46,1230,1230,1230,-104.8,-116,-91,0.3,0.3,0.3,0,0,0,1624,1653,0,0,30,0,0
2020-06-21T21:00:00Z,29,0.774621,0.753,0.795,12.451586,12.441,12.46,1230,1230,1230,-100.724138,-116,-83,0.3,0.3,0.3,0,0,0,1654,1682,0,0,29,0,0
2020-06-21T22:00:00Z,30,0.645567,0,0.789,12.449133,12.441,12.46,1230,1230,1230,-96.866667,-107,-83,0.3,0.3,0.3,0,0,0,1683,1712,0,0,30,0,0
2020-06-21T23:00:00Z,27,0.471423,0,0.734,12.452148,12.431,12.488,1230,1230,1230,-95.740741,-116,-66,0.3,0.3,0.3,0,0,0,1713,1741,0,0,27,0,0
2020-06-22T00:00:00Z,30,0.063367,0,0.642,12.4978,12.166,12.62,1230,1230,1230,-105.266667,-332,-24,0.3,0.3,0.3,0.2,0,1,1742,1771,0,0,30,0,0
2020-06-22T01:00:00Z,29,0.014103,0,0.409,12.440172,12.062,12.725,1230,1230,1230,-156.827586,-398,24,0.3,0.3,0.3,0.413793,0,1,1772,1800,0,0,29,0,0
2020-06-22T02:00:00Z,30,0,0,0,12.508067,12.105,12.611,1230,1230,1230,-95.4,-365,-41,0.3,0.3,0.3,0.066667,0,1,1801,1830,0,0,30,0,0
2020-06-22T03:00:00Z,1,0,0,0,12.568,12.568,12.568,1230,1230,1230,-66,-66,-66,0.3,0.3,0.3,0,0,0,1831,1831,0,0,1,0,0
2020-06-23T03:00:00Z,3,0.008,0,0.012,12.83,12.8,12.857,5,-8,14,233.333333,225,240,0.337,0.3,0.358,0.666667,0,1,1,3,0,0,0,0,0
2020-06-23T04:00:00Z,30,0.0128,0.012,0.013,12.685767,12.417,12.852,-52.333333,-187,30,181.333333,37,252,0.3488,0.348,0.351,0.166667,0,1,4,33,0,0,0,0,0
2020-06-23T05:00:00Z,30,0.013,0.013,0.013,12.678633,12.398,12.753,-46.766667,-191,-7,183.033333,45,219,0.348033,0.348,0.349,0,0,0,34,63,0,0,0,0,0
2020-06-23T06:00:00Z,30,0.0139,0.013,0.02,12.545933,12.341,12.748,-113.7,-217,-9,91.666667,-87,236,0.345233,0.334,0.348,0,0,0,64,93,0,0,0,0,0
2020-06-23T07:00:00Z,28,0.013,0.013,0.013,12.535429,12.36,12.63,-107.321429,-196,-61,92.071429,-12,136,0.345714,0.341,0.348,0,0,0,94,123,0,0,0,0,0
2020-06-23T08:00:00Z,29,0.013552,0.013,0.02,12.445621,12.332,12.516,-141.965517,-209,-111,61.034483,-4,95,0.346069,0.344,0.348,0,0,0,124,153,0,0,0,0,0
2020-06-23T09:00:00Z,28,0.013,0.013,0.013,12.371929,12.308,12.54,-171.142857,-201,-84,30.321429,3,111,0.345214,0.344,0.346,0,0,0,154,182,0,0,0,0,0
2020-06-23T10:00:00Z,29,0.003552,0.001,0.016,12.336828,12.28,12.635,-181.241379,-209,-40,50.103448,-12,219,0.345172,0.344,0.346,0,0,0,183,212,0,0,0,0,0
2020-06-23T11:00:00Z,30,0.000667,0,0.005,12.351667,12.266,12.54,-163.9,-208,-67,76.166667,20,211,0.345133,0.344,0.346,0,0,0,213,242,0,0,0,0,0
2020-06-23T12:00:00Z,29,0,0,0,12.261552,12.251,12.27,-203.965517,-205,-203,30.586207,20,45,0.344552,0.344,0.346,0,0,0,243,272,0,0,0,0,0
2020-06-23T13:00:00Z,30,0,0,0,12.242467,12.228,12.251,-202.7,-203,-202,36.233333,20,45,0.344933,0.344,0.346,0,0,0,273,302,0,0,0,0,0
2020-06-23T14:00:00Z,30,0.000167,0,0.001,12.2154,12.204,12.233,-204.266667,-206,-202,3.566667,-12,37,0.345933,0.344,0.346,0,0,0,303,332,0,0,0,0,0
2020-06-23T15:00:00Z,31,3.2e-05,0,0.001,12.575516,12.199,12.606,-25.451613,-205,-12,275.258065,-4,302,0.34929,0.346,0.351,0,0,0,333,363,0,0,0,0,0
2020-06-23T16:00:00Z,30,0,0,0,12.6029,12.597,12.606,-12.533333,-13,-12,303.4,294,319,0.3506,0.349,0.351,0,0,0,364,393,0,0,0,0,0
2020-06-23T17:00:00Z,29,0,0,0,12.600552,12.597,12.606,-12,-13,-11,312.172414,302,319,0.351,0.351,0.351,0,0,0,394,422,0,0,0,0,0
2020-06-23T18:00:00Z,30,0,0,0,12.594,12.587,12.602,-11.833333,-12,-11,317.1,302,327,0.351367,0.351,0.354,0,0,0,423,452,0,0,0,0,0
2020-06-23T19:00:00Z,31,0,0,0,12.590871,12.587,12.597,-11.129032,-12,-10,323.387097,311,335,0.351387,0.351,0.353,0,0,0,453,483,0,0,0,0,0
2020-06-23T20:00:00Z,30,0,0,0,12.587233,12.583,12.592,-10.9,-11,-10,328.066667,319,335,0.352733,0.351,0.353,0,0,0,484,513,0,0,0,0,0
2020-06-23T21:00:00Z,30,0,0,0,12.5851,12.578,12.587,-10.5,-11,-10,334.033333,327,344,0.352933,0.351,0.353,0,0,0,514,543,0,0,0,0,0
2020-06-23T22:00:00Z,30,0.002133,0,0.012,12.5803,12.578,12.587,-10.2,-11,-10,336.933333,327,352,0.353133,0.353,0.354,0,0,0,544,573,0,0,0,0,0
2020-06-23T23:00:00Z,29,0.005138,0.002,0.013,12.584448,12.568,12.62,-6.655172,-11,11,342.758621,327,360,0.353345,0.353,0.354,0,0,0,574,602,0,0,0,0,0
2020-06-24T00:00:00Z,31,0.013452,0.013,0.02,12.672645,12.63,12.748,24.580645,-8,56,373.741935,335,410,0.353097,0.353,0.354,0,0,0,603,633,0,0,0,0,0
2020-06-24T01:00:00Z,29,4.054103,0.012,13.108,12.624103,12.308,12.862,0.827586,-135,112,204.965517,30,435,2.21031,0.3,7.097,0.103448,0,1,1,654,0,0,0,0,0
2020-06-24T02:00:00Z,29,12.901103,12.781,13.096,12.866483,12.706,12.956,96.103448,9,146,77.724138,-18,130,7.097,7.097,7.097,1,1,1,10,39,0,0,0,0,0
2020-06-24T03:00:00Z,29,12.881034,12.734,13.038,12.871207,12.748,12.975,88.275862,22,154,62.37931,-18,138,7.097,7.097,7.097,1,1,1,40,69,0,0,0,0,0
2020-06-24T04:00:00Z,30,13.947367,12.617,19.262,12.857367,12.677,13.127,54.333333,-20,180,15.033333,-77,155,7.097,7.097,7.097,1,1,1,70,99,0,0,0,0,0
2020-06-24T05:00:00Z,30,12.815267,12.593,13.085,12.9522,12.72,13.16,94.333333,1,167,57.8,-52,138,7.097,7.097,7.097,1,1,1,100,129,0,0,0,0,0
2020-06-24T06:00:00Z,30,12.799933,12.605,13.213,12.9804,12.62,13.165,95.4,-59,159,-4.733333,-309,130,7.097,7.097,7.097,1,1,1,130,159,0,0,0,0,0
2020-06-24T07:00:00Z,30,13.348067,12.886,13.576,12.555667,12.351,12.942,-66.266667,-177,107,-287.9,-392,-10,7.097,7.097,7.097,1,1,1,160,189,0,0,0,0,0
2020-06-24T08:00:00Z,29,15.078517,13.518,21.766,12.298172,12.228,12.427,-161.068966,-200,-104,-453.241379,-500,-392,7.097,7.097,7.097,1,1,1,190,219,0,0,0,0,0
2020-06-24T09:00:00Z,30,12.356667,3.608,13.787,12.352433,12.195,12.63,-110.433333,-184,19,-347.666667,-500,-43,7.097,7.097,7.097,0.633333,0,1,220,249,0,0,0,0,0
2020-06-24T10:00:00Z,30,2.9526,0.835,10.499,12.5697,12.185,12.833,-7.366667,-190,126,-113.633333,-384,55,7.097,7.097,7.097,0.1,0,1,250,279,0,0,0,0,0
2020-06-24T11:00:00Z,29,0.477586,0,2.836,12.592931,12.242,12.814,-0.551724,-161,135,-106.37931,-334,30,7.097,7.097,7.097,0.137931,0,1,280,309,0,0,0,0,0
2020-06-24T12:00:00Z,30,0.148233,0,0.297,12.582867,12.531,12.762,1.066667,-22,95,-89.333333,-126,22,7.097,7.097,7.097,0,0,0,310,339,0,0,0,0,0
2020-06-24T13:00:00Z,29,0.305828,0.285,0.32,12.532103,12.526,12.54,-16.827586,-18,-16,-102.655172,-110,-93,7.097,7.097,7.097,0,0,0,340,369,0,0,0,0,0
2020-06-24T14:00:00Z,30,0.334433,0.308,0.355,12.518933,12.512,12.531,-18.6,-20,-17,-113.666667,-126,-101,7.097,7.097,7.097,0,0,0,370,399,0,0,0,0,0
2020-06-24T15:00:00Z,29,0.355483,0.332,0.367,12.517241,12.507,12.521,-17.931034,-19,-17,-107.172414,-118,-101,7.097,7.097,7.097,0,0,0,400,429,0,0,0,0,0
2020-06-24T16:00:00Z,30,0.3586,0.343,0.379,12.513567,12.507,12.521,-17.4,-18,-17,-101.933333,-110,-93,7.097,7.097,7.097,0,0,0,430,459,0,0,0,0,0
2020-06-24T17:00:00Z,30,0.363,0.343,0.379,12.511167,12.502,12.516,-16.733333,-17,-16,-97.533333,-101,-93,7.097,7.097,7.097,0,0,0,460,489,0,0,0,0,0
2020-06-24T18:00:00Z,30,0.3682,0.355,0.379,12.5091,12.502,12.516,-15.966667,-17,-15,-89.533333,-101,-77,7.097,7.097,7.097,0,0,0,490,519,0,0,0,0,0
2020-06-24T19:00:00Z,30,0.373333,0.355,0.39,12.5094,12.502,12.516,-15.133333,-16,-14,-78.966667,-93,-68,7.097,7.097,7.097,0,0,0,520,549,0,0,0,0,0
2020-06-24T20:00:00Z,28,0.376643,0.355,0.39,12.507143,12.497,12.516,-14.5,-15,-14,-69.785714,-77,-60,7.097,7.097,7.097,0,0,0,551,579,0,0,0,0,0
2020-06-24T21:00:00Z,30,0.387167,0.379,0.402,12.503333,12.497,12.507,-14.066667,-15,-13,-64.033333,-77,-52,7.097,7.097,7.097,0,0,0,580,609,0,0,0,0,0
2020-06-24T22:00:00Z,30,2.724033,0.39,12.488,12.499267,12.493,12.507,-13.6,-14,-13,-59.733333,-68,-52,7.097,7.097,7.097,0,0,0,610,639,0,0,0,0,0
2020-06-24T23:00:00Z,30,7.996333,2.262,20.315,12.508733,12.488,12.568,-8.433333,-14,11,-46.233333,-60,-18,7.097,7.097,7.097,0,0,0,640,669,0,0,0,0,0
2020-06-25T00:00:00Z,30,14.357267,13.19,20.737,12.5648,12.516,12.606,9.2,-14,28,-32.8,-60,-10,7.097,7.097,7.097,0,0,0,670,699,0,0,0,0,0
2020-06-25T01:00:00Z,29,13.115724,13.015,13.237,12.688793,12.583,12.772,51.103448,13,85,13.275862,-27,47,7.097,7.097,7.097,0,0,0,700,729,0,0,0,0,0
2020-06-25T02:00:00Z,30,13.442033,12.956,13.798,12.4626,12.176,12.881,-44.333333,-172,193,-240.533333,-409,138,7.097,7.097,7.097,0.733333,0,1,730,759,0,0,0,0,0
2020-06-25T03:00:00Z,31,14.631032,12.804,22.492,12.608323,12.256,12.937,21.741935,-192,171,-96.032258,-425,138,7.097,7.097,7.097,0.354839,0,1,760,790,0,0,0,0,0
2020-06-25T04:00:00Z,30,13.379567,12.956,13.775,12.486167,12.195,12.824,-23.733333,-158,128,-126.4,-417,88,7.097,7.097,7.097,0.233333,0,1,791,820,0,0,0,0,0
2020-06-25T05:00:00Z,30,12.993867,3.678,14.536,12.565333,12.176,12.885,13,-173,225,-44.7,-417,205,7.097,7.097,7.097,0.066667,0,1,821,850,0,0,0,0,0
2020-06-25T06:00:00Z,30,13.2902,13.213,13.342,12.547733,12.512,12.592,6.25,-5,20,-42.8,-60,-27,7.097,7.097,7.097,0,0,0,851,880,0,0,0,0,0
2020-06-25T07:00:00Z,30,12.203333,3.783,16.138,12.4986,12.479,12.521,-8.035714,-15,1,-50.266667,-68,-35,7.097,7.097,7.097,0,0,0,881,910,0,0,0,0,0
2020-06-25T08:00:00Z,30,13.343,13.284,13.377,12.516267,12.493,12.545,0.034483,-8,10,-45.833333,-60,-35,7.097,7.097,7.097,0,0,0,911,940,0,0,0,0,0
2020-06-25T09:00:00Z,27,10.158481,2.988,15.589,12.485333,12.469,12.512,-9.444444,-14,-2,-48.037037,-68,-27,7.097,7.097,7.097,0,0,0,941,970,0,0,0,0,0
2020-06-25T10:00:00Z,30,2.5302,1.771,5.62,12.4758,12.469,12.483,-10.933333,-11,-10,-24.866667,-35,-10,7.097,7.097,7.097,0,0,0,971,1000,0,0,0,0,0
2020-06-25T11:00:00Z,30,0.976033,0.425,3.795,12.472333,12.464,12.479,-10.466667,-11,-10,-17,-27,-10,7.097,7.097,7.097,0,0,0,1001,1030,0,0,0,0,0
2020-06-25T12:00:00Z,30,0.441,0.425,0.449,12.468167,12.464,12.474,-10.233333,-11,-10,-15.4,-27,-2,7.097,7.097,7.097,0,0,0,1031,1060,0,0,0,0,0
2020-06-25T13:00:00Z,30,0.454933,0.437,0.472,12.463433,12.455,12.469,-10.833333,-12,-10,-21.333333,-43,-2,7.097,7.097,7.097,0,0,0,1061,1090,0,0,0,0,0
2020-06-25T14:00:00Z,30,0.47,0.46,0.496,12.4563,12.45,12.464,-11.9,-12,-11,-33.4,-43,-27,7.097,7.097,7.097,0,0,0,1091,1120,0,0,0,0,0
2020-06-25T15:00:00Z,30,0.479567,0.46,0.507,12.452167,12.445,12.455,-11.633333,-13,-11,-29.866667,-35,-18,7.097,7.097,7.097,0,0,0,1121,1150,0,0,0,0,0
2020-06-25T16:00:00Z,30,0.491467,0.484,0.507,12.4475,12.445,12.45,-11.466667,-12,-11,-25.933333,-43,-18,7.097,7.097,7.097,0,0,0,1151,1180,0,0,0,0,0
2020-06-25T17:00:00Z,30,0.4942,0.484,0.507,12.4471,12.441,12.45,-11.066667,-12,-10,-19.933333,-35,-10,7.097,7.097,7.097,0,0,0,1181,1210,0,0,0,0,0
2020-06-25T18:00:00Z,30,0.5081,0.496,0.531,12.442533,12.436,12.45,-10.966667,-12,-10,-17.333333,-27,-10,7.097,7.097,7.097,0,0,0,1211,1240,0,0,0,0,0
2020-06-25T19:00:00Z,30,0.518633,0.496,0.531,12.438933,12.436,12.445,-10.7,-11,-10,-14.566667,-27,-10,7.097,7.097,7.097,0,0,0,1241,1270,0,0,0,0,0
2020-06-25T20:00:00Z,29,0.533586,0.519,0.554,12.434793,12.431,12.441,-10.551724,-11,-10,-12.793103,-27,-2,7.097,7.097,7.097,0,0,0,1271,1300,0,0,0,0,0
2020-06-25T21:00:00Z,29,0.541793,0.531,0.554,12.431,12.427,12.436,-10.275862,-11,-10,-9.172414,-18,-2,7.097,7.097,7.097,0,0,0,1302,1330,0,0,0,0,0
2020-06-25T22:00:00Z,30,2.614,0.542,13.12,12.428967,12.422,12.431,-10.133333,-11,-10,-7.9,-18,5,7.097,7.097,7.097,0,0,0,1331,1360,0,0,0,0,0
2020-06-25T23:00:00Z,30,5.127933,2.531,14.699,12.427767,12.422,12.445,-9.433333,-11,-2,-4.766667,-18,5,7.097,7.097,7.097,0,0,0,1361,1390,0,0,0,0,0
2020-06-26T00:00:00Z,30,13.092667,3.549,15.46,12.505033,12.431,12.625,17.5,-14,59,18.366667,-18,64,7.097,7.097,7.097,0,0,0,1391,1420,0,0,0,0,0
2020-06-26T01:00:00Z,30,13.0785,12.979,13.19,12.716533,12.606,12.786,85.933333,35,106,91.766667,39,113,7.097,7.097,7.097,0,0,0,1421,1450,0,0,0,0,0
2020-06-26T02:00:00Z,30,13.4743,12.956,13.728,12.429967,12.223,12.814,-42.233333,-118,112,-227.166667,-342,122,7.097,7.097,7.097,0.866667,0,1,1451,1480,0,0,0,0,0
2020-06-26T03:00:00Z,29,14.145414,12.933,22.304,12.412276,12.119,12.848,-12.206897,-129,169,-213.655172,-359,155,7.097,7.097,7.097,0.862069,0,1,1481,1510,0,0,0,0,0
2020-06-26T04:00:00Z,31,14.682032,12.886,21.79,12.481581,12.133,12.895,4.193548,-187,183,-149.709677,-400,163,7.097,7.097,7.097,0.548387,0,1,1511,1541,0,0,0,0,0
2020-06-26T05:00:00Z,29,13.418069,12.944,13.752,12.484966,12.195,12.824,0.448276,-129,154,-206.344828,-375,130,7.097,7.097,7.097,0.827586,0,1,1542,1571,0,0,0,0,0
2020-06-26T06:00:00Z,30,13.5683,13.12,13.845,12.351267,12.128,12.677,-43.966667,-149,99,-282.466667,-392,55,7.097,7.097,7.097,0.866667,0,1,1572,1601,0,0,0,0,0
2020-06-26T07:00:00Z,30,14.295733,12.944,21.064,12.508367,12.124,12.814,14.633333,-99,151,-130.233333,-359,97,7.097,7.097,7.097,0.4,0,1,1602,1631,0,0,0,0,0
2020-06-26T08:00:00Z,30,13.450967,12.827,13.775,12.434167,12.176,12.881,-23.3,-133,185,-211.166667,-400,138,7.097,7.097,7.097,0.6,0,1,1632,1661,0,0,0,0,0
2020-06-26T09:00:00Z,30,12.076233,3.421,13.436,12.554667,12.445,12.786,25.033333,-16,126,-35.266667,-93,97,7.097,7.097,7.097,0,0,0,1662,1691,0,0,0,0,0
2020-06-26T10:00:00Z,29,2.542172,1.853,3.643,12.437828,12.422,12.559,-9.482759,-13,41,-44.931034,-60,30,7.097,7.097,7.097,0,0,0,1692,1721,0,0,0,0,0
2020-06-26T11:00:00Z,30,1.016467,0.542,2.344,12.420767,12.412,12.502,-10.566667,-15,31,-42.966667,-60,-2,7.097,7.097,7.097,0,0,0,1722,1751,0,0,0,0,0
2020-06-26T12:00:00Z,28,0.56075,0.542,0.577,12.411107,12.403,12.417,-12.571429,-13,-12,-46.928571,-52,-35,7.097,7.097,7.097,0,0,0,1752,1781,0,0,0,0,0
2020-06-26T13:00:00Z,30,0.455667,0,0.577,12.424933,12.403,12.644,-4.3,-14,115,-35.7,-60,88,7.097,7.097,7.097,0,0,0,1782,1811,0,0,0,0,0
2020-06-26T14:00:00Z,28,0.49425,0,0.601,12.411607,12.398,12.526,-10.5,-17,35,-60.571429,-118,39,7.097,7.097,7.097,0,0,0,1812,1841,0,0,0,0,0
2020-06-26T15:00:00Z,30,0.540267,0,0.613,12.404,12.389,12.516,-10.8,-15,30,-52.366667,-68,30,7.097,7.097,7.097,0,0,0,1842,1871,0,0,0,0,0
2020-06-26T16:00:00Z,30,0.6101,0.601,0.636,12.393767,12.384,12.398,-13,-13,-13,-52.666667,-68,-43,7.097,7.097,7.097,0,0,0,1872,1901,0,0,0,0,0
2020-06-26T17:00:00Z,29,0.619448,0.601,0.636,12.389828,12.379,12.398,-12.827586,-13,-12,-46.482759,-52,-35,7.097,7.097,7.097,0,0,0,1902,1931,0,0,0,0,0
2020-06-26T18:00:00Z,30,0.625367,0.613,0.636,12.3872,12.379,12.393,-12.333333,-13,-12,-39.933333,-52,-27,7.097,7.097,7.097,0,0,0,1932,1961,0,0,0,0,0
2020-06-26T19:00:00Z,30,0.6356,0.624,0.648,12.381533,12.37,12.389,-12.133333,-13,-11,-34.733333,-43,-27,7.097,7.097,7.097,0,0,0,1962,1991,0,0,0,0,0
2020-06-26T20:00:00Z,30,0.6446,0.636,0.659,12.378233,12.37,12.384,-11.566667,-12,-11,-28.533333,-43,-18,7.097,7.097,7.097,0,0,0,1992,2021,0,0,0,0,0
2020-06-26T21:00:00Z,29,0.658448,0.636,0.671,12.371138,12.365,12.379,-11.448276,-12,-11,-26.586207,-35,-18,7.097,7.097,7.097,0,0,0,2022,2051,0,0,0,0,0
2020-06-26T22:00:00Z,30,3.1254,0.659,13.108,12.366933,12.36,12.374,-11.166667,-12,-11,-25.566667,-43,-18,7.097,7.097,7.097,0,0,0,2052,2081,0,0,0,0,0
2020-06-26T23:00:00Z,30,8.834867,2.637,16.618,12.3836,12.36,12.45,-4.344828,-12,17,-15.033333,-35,5,7.097,7.097,7.097,0,0,0,2082,2111,0,0,0,0,0
2020-06-27T00:00:00Z,30,13.287467,12.593,13.775,12.553267,12.181,13.169,42.333333,-139,386,-55.366667,-367,346,7.097,7.097,7.097,0.4,0,1,2112,2141,0,0,0,0,0
2020-06-27T01:00:00Z,29,13.331241,12.757,13.798,12.519862,12.157,12.952,22.517241,-144,230,-74.344828,-359,180,7.097,7.097,7.097,0.344828,0,1,2142,2171,0,0,0,0,0
2020-06-27T02:00:00Z,30,14.782867,12.851,21.942,12.4655,12.181,12.947,12.266667,-123,253,-103.833333,-367,163,7.097,7.097,7.097,0.4,0,1,2172,2201,0,0,0,0,0
2020-06-27T03:00:00Z,29,13.597517,12.839,20.21,12.512931,12.185,13.008,22.137931,-142,288,-127.172414,-375,255,7.097,7.097,7.097,0.62069,0,1,2202,2231,0,0,0,0,0
2020-06-27T04:00:00Z,30,13.513667,13.342,13.74,12.414267,12.218,12.54,-3.266667,-107,51,-255.666667,-342,-218,7.097,7.097,7.097,1,1,1,2232,2261,0,0,0,0,0
2020-06-27T05:00:00Z,30,13.420567,12.956,13.798,12.472467,12.162,12.814,17.2,-129,170,-116.2,-367,147,7.097,7.097,7.097,0.466667,0,1,2262,2291,0,0,0,0,0
2020-06-27T06:00:00Z,30,14.2193,13.003,20.011,12.4134,12.053,12.772,-2.3,-180,149,-215.4,-425,105,7.097,7.097,7.097,0.733333,0,1,2292,2321,0,0,0,0,0
2020-06-27T07:00:00Z,29,14.216724,12.968,21.158,12.514448,12.199,12.814,11.655172,-123,142,-141.034483,-384,97,7.097,7.097,7.097,0.482759,0,1,2322,2351,0,0,0,0,0
2020-06-27T08:00:00Z,30,13.338233,13.272,13.424,12.5155,12.464,12.559,24.6,4,47,-33.3,-68,-2,7.097,7.097,7.097,0,0,0,2352,2381,0,0,0,0,0
2020-06-27T09:00:00Z,30,13.472933,13.436,13.506,12.4245,12.403,12.45,-6.407407,-12,1,-74.433333,-85,-60,7.097,7.097,7.097,0,0,0,2382,2411,0,0,0,0,0
2020-06-27T10:00:00Z,30,5.280433,2.052,15.741,12.380833,12.365,12.408,-13.766667,-17,-9,-67.966667,-93,-52,7.097,7.097,7.097,0,0,0,2412,2441,0,0,0,0,0
2020-06-27T11:00:00Z,30,0.8077,0,5.655,12.477533,12.181,12.871,11.333333,-136,156,-50.533333,-301,105,7.097,7.097,7.097,0.166667,0,1,2442,2471,0,0,0,0,0
2020-06-27T12:00:00Z,29,0.264586,0,0.601,12.45531,12.393,12.673,4.965517,-16,113,-27.758621,-60,97,7.097,7.097,7.097,0,0,0,2472,2501,0,0,0,0,0
2020-06-27T13:00:00Z,30,0.497167,0.074,0.648,12.388067,12.365,12.441,-10.933333,-16,0,-51.266667,-68,-10,7.097,7.097,7.097,0,0,0,2502,2531,0,0,0,0,0
2020-06-27T14:00:00Z,30,0.638667,0.355,0.694,12.3612,12.351,12.389,-13.966667,-15,-6,-64.633333,-77,-27,7.097,7.097,7.097,0,0,0,2532,2561,0,0,0,0,0
2020-06-27T15:00:00Z,30,0.691567,0.671,0.706,12.3513,12.341,12.36,-14.566667,-15,-14,-67.9,-77,-60,7.097,7.097,7.097,0,0,0,2562,2591,0,0,0,0,0
2020-06-27T16:00:00Z,30,0.669567,0,0.718,12.352467,12.341,12.45,-12.566667,-15,25,-56.733333,-68,22,7.097,7.097,7.097,0,0,0,2592,2621,0,0,0,0,0
2020-06-27T17:00:00Z,30,0.703333,0.542,0.73,12.345667,12.341,12.351,-13.2,-15,-12,-49.266667,-60,-35,7.097,7.097,7.097,0,0,0,2622,2651,0,0,0,0,0
2020-06-27T18:00:00Z,30,0.720333,0.706,0.741,12.342033,12.337,12.351,-12.9,-13,-12,-44.066667,-52,-35,7.097,7.097,7.097,0,0,0,2652,2681,0,0,0,0,0
2020-06-27T19:00:00Z,29,0.733828,0.718,0.753,12.338655,12.332,12.346,-12.310345,-13,-12,-39.206897,-52,-27,7.097,7.097,7.097,0,0,0,2682,2711,0,0,0,0,0
2020-06-27T20:00:00Z,30,0.7443,0.73,0.753,12.335267,12.327,12.341,-12,-12,-12,-33.133333,-43,-27,7.097,7.097,7.097,0,0,0,2712,2741,0,0,0,0,0
2020-06-27T21:00:00Z,30,0.7542,0.741,0.765,12.331167,12.322,12.337,-11.766667,-12,-11,-29.833333,-43,-18,7.097,7.097,7.097,0,0,0,2742,2771,0,0,0,0,0
2020-06-27T22:00:00Z,30,1.3321,0.741,2.859,12.328167,12.322,12.337,-11.366667,-12,-11,-25.366667,-35,-18,7.097,7.097,7.097,0,0,0,2772,2801,0,0,0,0,0
2020-06-27T23:00:00Z,31,6.254935,2.473,13.389,12.324548,12.318,12.332,-11.096774,-12,-10,-19.806452,-35,-10,7.097,7.097,7.097,0,0,0,2802,2832,0,0,0,0,0
2020-06-28T00:00:00Z,30,3.533733,2.836,6.474,12.317867,12.313,12.322,-11.066667,-12,-11,-22.5,-35,-10,7.097,7.097,7.097,0,0,0,2833,2862,0,0,0,0,0
2020-06-28T01:00:00Z,30,13.480533,8.721,16.595,12.341333,12.313,12.398,-0.931034,-11,18,-12.933333,-27,14,7.097,7.097,7.097,0,0,0,2863,2892,0,0,0,0,0
2020-06-28T02:00:00Z,30,13.411933,13.12,13.506,12.4653,12.398,12.677,39.333333,17,136,26.766667,-2,105,7.097,7.097,7.097,0,0,0,2893,2922,0,0,0,0,0
2020-06-28T03:00:00Z,30,13.257533,12.851,13.81,12.5792,12.166,12.881,67.233333,-77,234,-21,-317,271,7.097,7.097,7.097,0.4,0,1,2923,2952,0,0,0,0,0
2020-06-28T04:00:00Z,30,15.386467,12.605,23.264,12.526367,12.091,13.06,26.866667,-181,251,-109.533333,-392,230,7.097,7.097,7.097,0.533333,0,1,2953,2982,0,0,0,0,0
2020-06-28T05:00:00Z,30,13.463067,12.757,13.752,12.441667,12.199,13.037,4.766667,-110,331,-232.966667,-359,263,7.097,7.097,7.097,0.933333,0,1,2983,3012,0,0,0,0,0
2020-06-28T06:00:00Z,30,12.1133,2.192,14.313,12.4635,12.062,12.952,19.4,-183,304,-154.9,-409,304,7.097,7.097,7.097,0.733333,0,1,3013,3042,0,0,0,0,0
2020-06-28T07:00:00Z,30,13.402967,13.249,13.775,12.467667,12.176,12.554,12,-127,67,-71.033333,-359,72,7.097,7.097,7.097,0.233333,0,1,3043,3072,0,0,0,0,0
2020-06-28T08:00:00Z,30,10.409433,0,13.494,12.593867,12.275,13.411,62.133333,-98,453,22.133333,-218,279,7.097,7.097,7.097,0.233333,0,1,3073,3102,0,0,0,0,0
2020-06-28T09:00:00Z,30,3.564433,1.806,8.241,12.416967,12.176,12.616,-13.833333,-140,80,-36.966667,-251,5,7.097,7.097,7.097,0.2,0,1,3103,3132,0,0,0,0,0
2020-06-28T10:00:00Z,30,1.505367,0,2.812,12.4129,12.379,12.625,-0.133333,-12,101,7.033333,-10,147,7.097,7.097,7.097,0,0,0,3133,3162,0,0,0,0,0
2020-06-28T11:00:00Z,30,0.754867,0.671,1.162,12.368967,12.351,12.389,-9.4,-10,-9,-1.7,-10,5,7.097,7.097,7.097,0,0,0,3163,3192,0,0,0,0,0
2020-06-28T12:00:00Z,30,0.686433,0,1.256,12.3514,12.034,12.933,-9.866667,-180,220,-13.033333,-259,196,7.097,7.097,7.097,0.066667,0,1,3193,3222,0,0,0,0,0
2020-06-28T13:00:00Z,30,0.7748,0.753,0.8,12.324233,12.313,12.332,-11.066667,-12,-11,-19.9,-35,-10,7.097,7.097,7.097,0,0,0,3223,3252,0,0,0,0,0
2020-06-28T14:00:00Z,30,0.793933,0.776,0.811,12.313467,12.304,12.322,-10.9,-11,-10,-15.966667,-27,-2,7.097,7.097,7.097,0,0,0,3253,3282,0,0,0,0,0
2020-06-28T15:00:00Z,30,0.807333,0.8,0.811,12.306133,12.299,12.313,-10.533333,-11,-10,-11.866667,-18,-2,7.097,7.097,7.097,0,0,0,3283,3312,0,0,0,0,0
2020-06-28T16:00:00Z,30,0.8182,0.811,0.835,12.3003,12.294,12.308,-10.3,-11,-9,-10,-18,-2,7.097,7.097,7.097,0,0,0,3313,3342,0,0,0,0,0
2020-06-28T17:00:00Z,30,0.831,0.823,0.847,12.294333,12.289,12.304,-10.1,-11,-9,-6.833333,-18,5,7.097,7.097,7.097,0,0,0,3343,3372,0,0,0,0,0
2020-06-28T18:00:00Z,30,0.840133,0.823,0.858,12.290233,12.285,12.299,-9.9,-10,-9,-5,-10,5,7.097,7.097,7.097,0,0,0,3373,3402,0,0,0,0,0
2020-06-28T19:00:00Z,30,0.849433,0.835,0.87,12.287433,12.28,12.294,-9.6,-10,-9,-0.3,-18,14,7.097,7.097,7.097,0,0,0,3403,3432,0,0,0,0,0
2020-06-28T20:00:00Z,29,0.861862,0.847,0.882,12.282931,12.275,12.285,-9.344828,-10,-9,1.62069,-10,14,7.097,7.097,7.097,0,0,0,3433,3462,0,0,0,0,0
2020-06-28T21:00:00Z,30,0.865233,0.847,0.882,12.281967,12.275,12.289,-9.033333,-10,-9,6.1,-2,14,7.097,7.097,7.097,0,0,0,3463,3492,0,0,0,0,0
2020-06-28T22:00:00Z,30,2.880533,0.87,11.681,12.279333,12.275,12.285,-8.9,-10,-8,9.833333,-2,22,7.097,7.097,7.097,0,0,0,3493,3522,0,0,0,0,0
2020-06-28T23:00:00Z,30,3.782833,2.59,13.857,12.2755,12.27,12.28,-8.933333,-9,-8,11.433333,-2,14,7.097,7.097,7.097,0,0,0,3523,3552,0,0,0,0,0
2020-06-29T00:00:00Z,30,13.582,10.522,15.425,12.293167,12.266,12.327,0.033333,-9,15,14.333333,-2,30,7.097,7.097,7.097,0,0,0,3553,3582,0,0,0,0,0
2020-06-29T01:00:00Z,30,13.527833,13.494,13.564,12.370233,12.318,12.417,21.666667,0,38,38.9,14,55,7.097,7.097,7.097,0,0,0,3583,3612,0,0,0,0,0
2020-06-29T02:00:00Z,30,15.3557,13.366,22.094,12.4205,12.327,12.502,35.533333,-9,64,50.833333,-2,88,7.097,7.097,7.097,0,0,0,3613,3642,0,0,0,0,0
2020-06-29T03:00:00Z,30,13.283233,12.898,13.529,12.553467,12.36,12.867,79.633333,0,209,95.333333,5,221,7.097,7.097,7.097,0.033333,0,1,3643,3672,0,0,0,0,0
2020-06-29T04:00:00Z,30,8.0661,0,13.752,12.598633,12.195,14.778,86.9,-117,1213,-15.633333,-309,1184,7.097,7.097,7.097,0.7,0,1,3673,3702,0,0,1,0,0
2020-06-29T05:00:00Z,29,3.190931,1.595,4.146,12.477241,12.076,13.117,18.068966,-170,383,-7.862069,-234,271,7.097,7.097,7.097,0.448276,0,1,3703,3732,0,0,0,0,0
2020-06-29T06:00:00Z,31,4.584097,3.865,10.511,12.351323,12.337,12.37,-7.354839,-8,-7,21.483871,14,30,7.097,7.097,7.097,0,0,0,3733,3763,0,0,0,0,0
2020-06-29T07:00:00Z,30,3.517667,3.07,3.865,12.3287,12.313,12.389,-5.966667,-11,17,25.833333,5,64,7.097,7.097,7.097,0,0,0,3764,3793,0,0,0,0,0
2020-06-29T08:00:00Z,30,3.0477,3.023,3.07,12.299267,12.285,12.318,-8.433333,-10,-7,14.6,-2,30,7.097,7.097,7.097,0,0,0,3794,3823,0,0,0,0,0
2020-06-29T09:00:00Z,30,2.958033,2.871,3.034,12.2799,12.27,12.289,-9.233333,-10,-9,5.966667,-2,14,7.097,7.097,7.097,0,0,0,3824,3853,0,0,0,0,0
2020-06-29T10:00:00Z,30,2.7747,2.192,5.655,12.271067,12.266,12.28,-9.1,-10,-8,9.066667,-2,22,7.097,7.097,7.097,0,0,0,3854,3883,0,0,0,0,0
2020-06-29T11:00:00Z,30,1.460333,0.882,3.432,12.2671,12.261,12.27,-8.9,-9,-8,11.766667,5,22,7.097,7.097,7.097,0,0,0,3884,3913,0,0,0,0,0
2020-06-29T12:00:00Z,30,0.913267,0.893,0.952,12.2638,12.251,12.27,-8.833333,-9,-8,11.566667,-2,22,7.097,7.097,7.097,0,0,0,3914,3943,0,0,0,0,0
2020-06-29T13:00:00Z,30,0.930933,0.905,0.952,12.259333,12.251,12.266,-8.766667,-10,-8,13.5,5,22,7.097,7.097,7.097,0,0,0,3944,3973,0,0,0,0,0
2020-06-29T14:00:00Z,30,0.9436,0.928,0.964,12.2544,12.247,12.261,-8.566667,-9,-8,14.566667,5,22,7.097,7.097,7.097,0,0,0,3974,4003,0,0,0,0,0
2020-06-29T15:00:00Z,30,0.9547,0.94,0.975,12.250667,12.237,12.261,-8.233333,-9,-8,17.966667,5,30,7.097,7.097,7.097,0,0,0,4004,4033,0,0,0,0,0
2020-06-29T16:00:00Z,30,0.9695,0.952,0.987,12.245733,12.237,12.251,-8.333333,-9,-8,17.733333,14,30,7.097,7.097,7.097,0,0,0,4034,4063,0,0,0,0,0
2020-06-29T17:00:00Z,30,0.976733,0.964,0.999,12.241867,12.233,12.247,-8.033333,-9,-8,21.166667,5,30,7.097,7.097,7.097,0,0,0,4064,4093,0,0,0,0,0
2020-06-29T18:00:00Z,30,0.990533,0.975,1.01,12.2356,12.228,12.242,-8.2,-9,-8,19.266667,5,30,7.097,7.097,7.097,0,0,0,4094,4123,0,0,0,0,0
2020-06-29T19:00:00Z,30,0.998033,0.987,1.01,12.231833,12.223,12.237,-8,-8,-8,21.733333,14,30,7.097,7.097,7.097,0,0,0,4124,4153,0,0,0,0,0
2020-06-29T20:00:00Z,30,1.008633,0.999,1.022,12.226,12.218,12.233,-7.9,-8,-7,24.666667,14,30,7.097,7.097,7.097,0,0,0,4154,4183,0,0,0,0,0
2020-06-29T21:00:00Z,29,1.021172,1.01,1.034,12.222483,12.218,12.228,-7.931034,-8,-7,23.37931,14,30,7.097,7.097,7.097,0,0,0,4184,4213,0,0,0,0,0
2020-06-29T22:00:00Z,30,2.461233,1.01,9.013,12.219167,12.214,12.228,-7.9,-9,-7,25.233333,14,39,7.097,7.097,7.097,0,0,0,4214,4243,0,0,0,0,0
2020-06-29T23:00:00Z,30,6.2874,2.719,15.635,12.2165,12.209,12.233,-7.482759,-8,-2,26.533333,22,30,7.097,7.097,7.097,0,0,0,4244,4273,0,0,0,0,0
2020-06-30T00:00:00Z,29,13.881931,13.518,22.141,12.316414,12.237,12.384,25.206897,0,54,56.068966,22,88,7.097,7.097,7.097,0,0,0,4274,4303,0,0,0,0,0
2020-06-30T01:00:00Z,30,14.385067,13.225,22.515,12.466167,12.308,12.583,68.3,-8,120,99.5,14,147,7.097,7.097,7.097,0,0,0,4304,4333,0,0,0,0,0
2020-06-30T02:00:00Z,27,13.237259,12.851,13.623,12.600222,12.318,12.909,103.962963,-34,241,109.074074,-276,238,7.097,7.097,7.097,0.111111,0,1,4336,4363,0,0,0,0,0
2020-06-30T03:00:00Z,30,13.3515,12.804,13.869,12.515167,12.11,12.871,57.310345,-133,204,-40.566667,-342,221,7.097,7.097,7.097,0.466667,0,1,4364,4393,0,0,0,0,0
2020-06-30T04:00:00Z,30,14.275767,12.64,22.199,12.520933,12.091,13.094,45,-149,314,-103.833333,-409,271,7.097,7.097,7.097,0.633333,0,1,4394,4423,0,0,0,0,0
2020-06-30T05:00:00Z,30,11.755267,2.403,13.798,12.591267,12.157,13.666,78.766667,-131,614,-78,-359,337,7.097,7.097,7.097,0.633333,0,1,4424,4453,0,0,1,0,0
2020-06-30T06:00:00Z,30,9.109633,3.526,13.752,12.4289,12.199,12.848,13.466667,-105,187,-11.1,-326,180,7.097,7.097,7.097,0.133333,0,1,4454,4483,0,0,0,0,0
2020-06-30T07:00:00Z,30,5.334267,3.912,9.352,12.332367,12.318,12.351,-8.433333,-10,-8,10.4,-18,22,7.097,7.097,7.097,0,0,0,4484,4513,0,0,0,0,0
2020-06-30T08:00:00Z,30,3.897133,3.561,4.087,12.307533,12.294,12.318,-8.1,-9,-7,14.133333,5,22,7.097,7.097,7.097,0,0,0,4514,4543,0,0,0,0,0
2020-06-30T09:00:00Z,30,3.147567,2.964,3.502,12.287867,12.28,12.299,-8.166667,-9,-8,13,5,22,7.097,7.097,7.097,0,0,0,4544,4573,0,0,0,0,0
2020-06-30T10:00:00Z,30,2.722833,2.204,2.976,12.275033,12.266,12.285,-8.066667,-9,-8,16.833333,5,30,7.097,7.097,7.097,0,0,0,4574,4603,0,0,0,0,0
2020-06-30T11:00:00Z,30,1.644033,0.928,5.421,12.258233,12.242,12.275,-9.133333,-11,-7,5.666667,-18,30,7.097,7.097,7.097,0,0,0,4604,4633,0,0,0,0,0
2020-06-30T12:00:00Z,29,0.969345,0.94,0.987,12.237483,12.228,12.251,-10.068966,-11,-9,-4.275862,-18,5,7.097,7.097,7.097,0,0,0,4634,4663,0,0,0,0,0
2020-06-30T13:00:00Z,29,0.994655,0.975,1.022,12.226483,12.214,12.233,-9.689655,-10,-9,-0.103448,-10,5,7.097,7.097,7.097,0,0,0,4664,4693,0,0,0,0,0
2020-06-30T14:00:00Z,30,1.0184,0.999,1.045,12.216367,12.209,12.223,-9.366667,-10,-9,3.533333,-10,14,7.097,7.097,7.097,0,0,0,4694,4723,0,0,0,0,0
2020-06-30T15:00:00Z,30,1.036867,1.022,1.057,12.207833,12.199,12.214,-9.233333,-10,-9,4.566667,-10,14,7.097,7.097,7.097,0,0,0,4724,4753,0,0,0,0,0
2020-06-30T16:00:00Z,30,1.044067,1.034,1.057,12.205167,12.199,12.209,-8.966667,-10,-8,11.333333,-2,22,7.097,7.097,7.097,0,0,0,4754,4783,0,0,0,0,0
2020-06-30T17:00:00Z,31,1.055871,1.034,1.069,12.198677,12.19,12.209,-8.741935,-9,-8,13,5,22,7.097,7.097,7.097,0,0,0,4784,4814,0,0,0,0,0
2020-06-30T18:00:00Z,30,1.065767,1.045,1.092,12.1973,12.185,12.204,-8.4,-9,-8,17.033333,5,30,7.097,7.097,7.097,0,0,0,4815,4844,0,0,0,0,0
2020-06-30T19:00:00Z,30,1.079467,1.069,1.092,12.191467,12.185,12.199,-8.333333,-9,-8,18.8,14,30,7.097,7.097,7.097,0,0,0,4845,4874,0,0,0,0,0
2020-06-30T20:00:00Z,28,1.091464,1.081,1.116,12.187107,12.181,12.195,-8.142857,-9,-7,19.392857,5,30,7.097,7.097,7.097,0,0,0,4875,4904,0,0,0,0,0
2020-06-30T21:00:00Z,30,1.098833,1.081,1.116,12.184133,12.176,12.19,-8,-8,-8,23.066667,14,30,7.097,7.097,7.097,0,0,0,4905,4934,0,0,0,0,0
2020-06-30T22:00:00Z,30,2.9802,1.092,10.019,12.1813,12.176,12.185,-7.766667,-8,-7,27.7,22,39,7.097,7.097,7.097,0,0,0,4935,4964,0,0,0,0,0
2020-06-30T23:00:00Z,30,4.0251,2.52,13.155,12.1766,12.166,12.185,-7.833333,-9,-7,26,14,30,7.097,7.097,7.097,0,0,0,4965,4994,0,0,0,0,0
2020-07-01T00:00:00Z,30,14.9717,11.973,20.994,12.199267,12.171,12.228,0.392857,-8,9,34.233333,22,55,7.097,7.097,7.097,0,0,0,4995,5024,0,0,0,0,0
2020-07-01T01:00:00Z,30,13.631633,13.471,13.705,12.277733,12.218,12.403,24.133333,7,75,53.6,30,105,7.097,7.097,7.097,0,0,0,5025,5054,0,0,0,0,0
2020-07-01T02:00:00Z,28,13.387286,12.781,13.822,12.470821,12.143,12.985,95,-89,324,117.607143,-276,379,7.097,7.097,7.097,0.035714,0,1,5055,5084,0,0,0,0,0
2020-07-01T03:00:00Z,29,13.318724,12.874,13.845,12.539724,12.128,12.885,100.448276,-106,331,82.896552,-301,387,7.097,7.097,7.097,0.241379,0,1,5085,5114,0,0,0,0,0
2020-07-01T04:00:00Z,29,15.038241,12.816,23.369,12.57931,12.043,12.933,99.571429,-163,324,67.517241,-367,362,7.097,7.097,7.097,0.241379,0,1,5115,5144,0,0,0,0,0
2020-07-01T05:00:00Z,30,13.387367,12.874,13.798,12.4863,12.157,12.824,45.066667,-105,193,-48.333333,-301,230,7.097,7.097,7.097,0.433333,0,1,5145,5174,0,0,0,0,0
2020-07-01T06:00:00Z,30,13.333533,12.839,13.904,12.521567,12.1,12.937,67.633333,-132,306,28.3,-342,346,7.097,7.097,7.097,0.2,0,1,5175,5204,0,0,0,0,0
2020-07-01T07:00:00Z,30,10.868,3.21,15.366,12.506267,12.181,14.839,50.6,-152,1157,3.466667,-359,968,7.097,7.097,7.097,0.166667,0,1,5205,5234,0,0,1,0,0
2020-07-01T08:00:00Z,26,8.9015,3.339,15.904,12.360731,12.308,12.55,11.807692,-12,123,21.769231,-18,138,7.097,7.097,7.097,0,0,0,5238,5264,0,0,0,0,0
2020-07-01T09:00:00Z,29,2.750759,2.496,3.268,12.301,12.285,12.374,-6.037037,-9,20,20.896552,5,55,7.097,7.097,7.097,0,0,0,5265,5294,0,0,0,0,0
2020-07-01T10:00:00Z,27,2.657593,2.578,2.777,12.275556,12.27,12.28,-7.703704,-8,-7,20.185185,5,30,7.097,7.097,7.097,0,0,0,5295,5324,0,0,0,0,0
2020-07-01T11:00:00Z,30,1.7084,0.905,3.538,12.2622,12.247,12.27,-7.833333,-9,-7,20.9,5,30,7.097,7.097,7.097,0,0,0,5325,5354,0,0,0,0,0
2020-07-01T12:00:00Z,29,0.951414,0.928,0.987,12.244931,12.228,12.256,-7.965517,-10,-7,16.62069,-10,30,7.097,7.097,7.097,0,0,0,5356,5384,0,0,0,0,0
2020-07-01T13:00:00Z,30,0.998933,0.975,1.022,12.224967,12.214,12.237,-9.166667,-10,-8,3.4,-10,22,7.097,7.097,7.097,0,0,0,5385,5414,0,0,0,0,0
2020-07-01T14:00:00Z,30,1.038767,1.01,1.069,12.207667,12.195,12.218,-9.066667,-10,-9,7.1,-2,22,7.097,7.097,7.097,0,0,0,5415,5444,0,0,0,0,0
2020-07-01T15:00:00Z,30,1.0729,1.057,1.092,12.191867,12.185,12.199,-8.933333,-10,-8,9.9,-2,22,7.097,7.097,7.097,0,0,0,5445,5474,0,0,0,0,0
2020-07-01T16:00:00Z,30,1.093733,1.069,1.116,12.183667,12.176,12.195,-8.4,-9,-8,18.2,5,30,7.097,7.097,7.097,0,0,0,5475,5504,0,0,0,0,0
2020-07-01T17:00:00Z,30,1.1123,1.092,1.139,12.175333,12.166,12.181,-8.1,-9,-8,18.8,14,22,7.097,7.097,7.097,0,0,0,5505,5534,0,0,0,0,0
2020-07-01T18:00:00Z,30,1.126467,1.116,1.139,12.169067,12.162,12.176,-8.033333,-9,-8,22,14,30,7.097,7.097,7.097,0,0,0,5535,5564,0,0,0,0,0
2020-07-01T19:00:00Z,30,1.0871,0.882,1.151,12.1646,12.157,12.176,-7.333333,-11,0,27.5,14,47,7.097,7.097,7.097,0,0,0,5565,5594,0,0,0,0,0
2020-07-01T20:00:00Z,31,1.108903,0.811,1.162,12.162226,12.152,12.176,-6.967742,-8,0,30.129032,5,39,7.097,7.097,7.097,0,0,0,5595,5625,0,0,0,0,0
2020-07-01T21:00:00Z,30,1.155067,1.139,1.174,12.156633,12.147,12.166,-7.233333,-8,-7,32.766667,22,39,7.097,7.097,7.097,0,0,0,5626,5655,0,0,0,0,0
2020-07-01T22:00:00Z,30,3.617933,0.636,13.869,12.226167,12.128,12.956,18.733333,-52,425,52.233333,-234,470,7.097,7.097,7.097,0.033333,0,1,5656,5685,0,0,0,0,0
2020-07-01T23:00:00Z,30,6.787467,2.824,14.816,12.1631,12.138,12.199,-4.733333,-12,13,36.933333,22,55,7.097,7.097,7.097,0,0,0,5686,5715,0,0,0,0,0
2020-07-02T00:00:00Z,30,12.762967,3.935,13.693,12.288067,12.152,12.479,33.9,-5,116,71.133333,39,147,7.097,7.097,7.097,0,0,0,5716,5745,0,0,0,0,0
2020-07-02T01:00:00Z,30,13.392867,13.155,13.576,12.4728,12.322,12.63,93.733333,35,152,134.1,64,196,7.097,7.097,7.097,0,0,0,5746,5775,0,0,0,0,0
2020-07-02T02:00:00Z,30,13.8843,12.979,22.07,12.605333,12.389,12.791,121.7,-7,203,147.133333,14,255,7.097,7.097,7.097,0,0,0,5776,5805,0,0,0,0,0
2020-07-02T03:00:00Z,30,13.7946,12.558,21.977,12.401167,12.266,13.141,27.533333,-26,335,-168.8,-243,313,7.097,7.097,7.097,0.933333,0,1,5806,5835,0,0,0,0,0
2020-07-02T04:00:00Z,30,13.358967,12.511,13.834,12.5114,12.124,13.165,73.9,-121,343,-41.866667,-317,329,7.097,7.097,7.097,0.5,0,1,5836,5865,0,0,0,0,0
2020-07-02T05:00:00Z,30,13.3398,12.687,13.927,12.523833,12.053,13.065,74.766667,-150,316,-35.266667,-367,329,7.097,7.097,7.097,0.5,0,1,5866,5895,0,0,0,0,0
2020-07-02T06:00:00Z,30,13.4232,12.851,14.407,12.500733,12.053,12.904,59.866667,-181,245,27.033333,-342,221,7.097,7.097,7.097,0.1,0,1,5896,5925,0,0,0,0,0
2020-07-02T07:00:00Z,30,14.633,13.026,21.743,12.519667,12.351,12.758,54.655172,-11,163,42.633333,-27,155,7.097,7.097,7.097,0,0,0,5926,5955,0,0,0,0,0
2020-07-02T08:00:00Z,29,13.459931,13.284,13.541,12.426276,12.346,12.54,32.551724,-4,83,17.172414,-35,80,7.097,7.097,7.097,0,0,0,5956,5985,0,0,0,0,0
2020-07-02T09:00:00Z,29,6.331138,0,13.529,12.472069,12.242,13.245,48.586207,-64,405,22.448276,-226,379,7.097,7.097,7.097,0.241379,0,1,5986,6015,0,0,0,0,0
2020-07-02T10:00:00Z,28,3.382429,1.396,6.427,12.388,12.1,12.947,6.923077,-135,225,-20.214286,-226,72,7.097,7.097,7.097,0.321429,0,1,6016,6045,0,0,0,0,0
2020-07-02T11:00:00Z,30,1.084867,0,2.356,12.3141,12.285,12.625,0.2,-10,139,13.566667,-10,147,7.097,7.097,7.097,0,0,0,6046,6075,0,0,0,0,0
2020-07-02T12:00:00Z,29,0.33069,0,1.572,12.449207,11.977,13.212,54.724138,-176,389,55.37931,-276,412,7.097,7.097,7.097,0.241379,0,1,6076,6105,0,0,0,0,0
2020-07-02T13:00:00Z,30,0.685333,0,0.882,12.299467,12.27,12.441,-2.333333,-12,58,5.766667,-18,72,7.097,7.097,7.097,0,0,0,6106,6135,0,0,0,0,0
2020-07-02T14:00:00Z,29,0.785621,0.028,0.94,12.268897,12.256,12.308,-7.689655,-14,22,-4.482759,-18,39,7.097,7.097,7.097,0,0,0,6136,6165,0,0,0,0,0
2020-07-02T15:00:00Z,30,0.944033,0.917,0.964,12.252667,12.242,12.261,-9.733333,-10,-9,-1.466667,-10,5,7.097,7.097,7.097,0,0,0,6166,6195,0,0,0,0,0
2020-07-02T16:00:00Z,30,0.973833,0.952,0.999,12.239833,12.228,12.251,-9.3,-10,-9,3.333333,-2,14,7.097,7.097,7.097,0,0,0,6196,6225,0,0,0,0,0
2020-07-02T17:00:00Z,29,0.999828,0.987,1.01,12.227414,12.218,12.237,-8.965517,-9,-8,8.413793,5,14,7.097,7.097,7.097,0,0,0,6226,6255,0,0,0,0,0
2020-07-02T18:00:00Z,30,1.031733,1.01,1.057,12.2132,12.204,12.223,-8.733333,-9,-8,11.533333,5,22,7.097,7.097,7.097,0,0,0,6256,6285,0,0,0,0,0
2020-07-02T19:00:00Z,30,1.057067,1.034,1.081,12.200867,12.195,12.209,-8.433333,-9,-8,16.033333,5,22,7.097,7.097,7.097,0,0,0,6286,6315,0,0,0,0,0
2020-07-02T20:00:00Z,29,1.089138,1.069,1.116,12.187586,12.176,12.195,-8.310345,-9,-8,13.758621,5,22,7.097,7.097,7.097,0,0,0,6316,6345,0,0,0,0,0
2020-07-02T21:00:00Z,28,1.117714,1.092,1.139,12.175964,12.166,12.185,-8.178571,-9,-8,17.892857,5,22,7.097,7.097,7.097,0,0,0,6346,6373,0,0,0,0,0
2020-07-02T22:00:00Z,25,2.39748,1.127,7.913,12.16508,12.162,12.171,-8.2,-9,-8,18.48,14,30,7.097,7.097,7.097,0,0,0,6377,6404,0,0,0,0,0
2020-07-02T23:00:00Z,30,6.3287,2.683,12.862,12.155833,12.147,12.162,-7.966667,-9,-7,21.2,14,30,7.097,7.097,7.097,0,0,0,6405,6434,0,0,0,0,0
2020-07-03T00:00:00Z,30,6.7032,2.906,19.672,12.1622,12.143,12.356,-1.166667,-8,95,28.7,14,122,7.097,7.097,7.097,0,0,0,6435,6464,0,0,0,0,0
2020-07-03T01:00:00Z,30,13.5317,12.979,13.717,12.348433,12.204,12.781,59.8,4,265,93.4,22,288,7.097,7.097,7.097,0,0,0,6465,6494,0,0,0,0,0
2020-07-03T02:00:00Z,28,13.502643,13.167,13.6,12.380643,12.294,12.625,57.428571,18,165,80.214286,39,171,7.097,7.097,7.097,0,0,0,6495,6524,0,0,0,0,0
2020-07-03T03:00:00Z,26,13.278423,12.792,13.717,12.572231,12.214,13.023,105.52,-70,296,85.461538,-259,379,7.097,7.097,7.097,0.269231,0,1,6525,6554,0,0,0,0,0
2020-07-03T04:00:00Z,28,13.599571,12.757,21.403,12.531679,12.072,12.975,80.857143,-130,274,17.678571,-334,296,7.097,7.097,7.097,0.357143,0,1,6555,6584,0,0,0,0,0
2020-07-03T05:00:00Z,27,15.215148,13.05,21.579,12.444,12.327,12.748,47.481481,-8,180,67,-2,188,7.097,7.097,7.097,0,0,0,6585,6614,0,0,0,0,0
2020-07-03T06:00:00Z,29,13.265862,12.874,13.74,12.572552,12.19,12.848,87.862069,-93,239,92.068966,-292,263,7.097,7.097,7.097,0.034483,0,1,6615,6644,0,0,0,0,0
2020-07-03T07:00:00Z,28,13.395286,13.12,13.494,12.476714,12.417,12.658,44.214286,24,108,61.321429,39,122,7.097,7.097,7.097,0,0,0,6645,6674,0,0,0,0,0
2020-07-03T08:00:00Z,30,13.7442,13.377,17.168,12.390067,12.318,12.493,22.433333,12,60,35.266667,-2,72,7.097,7.097,7.097,0,0,0,6675,6704,0,0,0,0,0
2020-07-03T09:00:00Z,28,13.183393,4.146,19.297,12.30375,12.28,12.346,-3,-9,9,10.821429,-2,22,7.097,7.097,7.097,0,0,0,6705,6734,0,0,0,0,0
2020-07-03T10:00:00Z,28,3.049071,2.297,4.146,12.270714,12.261,12.28,-6.392857,-7,-6,33.964286,22,47,7.097,7.097,7.097,0,0,0,6735,6764,0,0,0,0,0
2020-07-03T11:00:00Z,28,1.685964,0.928,4.602,12.254071,12.247,12.266,-6.25,-7,-6,35.035714,22,47,7.097,7.097,7.097,0,0,0,6765,6794,0,0,0,0,0
2020-07-03T12:00:00Z,30,0.966767,0.94,0.987,12.240367,12.228,12.247,-6.066667,-7,-6,41.1,30,47,7.097,7.097,7.097,0,0,0,6795,6824,0,0,0,0,0
2020-07-03T13:00:00Z,31,1.003903,0.975,1.034,12.224677,12.214,12.233,-6,-8,-5,40.225806,14,47,7.097,7.097,7.097,0,0,0,6825,6855,0,0,0,0,0
2020-07-03T14:00:00Z,29,1.047759,1.034,1.081,12.203379,12.19,12.214,-8.275862,-9,-8,16.931034,5,22,7.097,7.097,7.097,0,0,0,6856,6885,0,0,0,0,0
2020-07-03T15:00:00Z,30,1.083033,1.069,1.104,12.189767,12.181,12.199,-8.066667,-9,-8,19.6,14,22,7.097,7.097,7.097,0,0,0,6886,6915,0,0,0,0,0
2020-07-03T16:00:00Z,30,1.116867,1.092,1.139,12.176167,12.171,12.181,-8.033333,-9,-8,20.366667,5,30,7.097,7.097,7.097,0,0,0,6916,6945,0,0,0,0,0
2020-07-03T17:00:00Z,30,1.143667,1.127,1.174,12.163333,12.152,12.171,-7.733333,-8,-7,24.666667,14,30,7.097,7.097,7.097,0,0,0,6946,6975,0,0,0,0,0
2020-07-03T18:00:00Z,30,1.161967,1.151,1.186,12.153833,12.147,12.162,-7.566667,-8,-7,27.7,14,39,7.097,7.097,7.097,0,0,0,6976,7005,0,0,0,0,0
2020-07-03T19:00:00Z,30,1.1788,1.162,1.198,12.145267,12.138,12.152,-7.333333,-8,-7,28.5,22,39,7.097,7.097,7.097,0,0,0,7006,7035,0,0,0,0,0
2020-07-03T20:00:00Z,21,1.193429,1.174,1.198,12.139143,12.133,12.147,-7.285714,-8,-7,30.619048,22,39,7.097,7.097,7.097,0,0,0,7036,7065,0,0,0,0,0
2020-07-03T21:00:00Z,28,1.200679,1.186,1.209,12.1355,12.128,12.138,-7.035714,-8,-6,32.678571,14,47,7.097,7.097,7.097,0,0,0,7066,7095,0,0,0,0,0
2020-07-03T22:00:00Z,29,5.035862,1.198,12.184,12.133172,12.128,12.138,-6.724138,-7,-6,38.827586,22,47,7.097,7.097,7.097,0,0,0,7096,7125,0,0,0,0,0
2020-07-03T23:00:00Z,30,4.0481,2.496,14.208,12.162367,12.124,12.602,5.433333,-10,193,48.5,30,180,7.097,7.097,7.097,0,0,0,7126,7155,0,0,0,0,0
2020-07-04T00:00:00Z,30,12.635833,4.275,15.577,12.2651,12.124,12.578,42.566667,-7,192,91.766667,39,263,7.097,7.097,7.097,0,0,0,7156,7185,0,0,0,0,0
2020-07-04T01:00:00Z,30,13.551933,13.26,13.681,12.344833,12.237,12.564,55.1,13,163,95.666667,47,196,7.097,7.097,7.097,0,0,0,7186,7215,0,0,0,0,0
2020-07-04T02:00:00Z,30,13.372633,13.096,15.53,12.537667,12.341,12.71,118.9,41,182,157.833333,88,213,7.097,7.097,7.097,0,0,0,7216,7245,0,0,0,0,0
2020-07-04T03:00:00Z,30,14.279167,13.155,22.339,12.503867,12.346,12.639,71,-7,137,109.266667,22,163,7.097,7.097,7.097,0,0,0,7246,7275,0,0,0,0,0
2020-07-04T04:00:00Z,30,13.285233,13.132,13.354,12.545667,12.516,12.639,87.866667,80,145,119.766667,97,180,7.097,7.097,7.097,0,0,0,7276,7305,0,0,0,0,0
2020-07-04T05:00:00Z,30,13.2326,13.167,13.295,12.578,12.554,12.639,93.2,85,123,125.066667,88,180,7.097,7.097,7.097,0,0,0,7306,7335,0,0,0,0,0
2020-07-04T06:00:00Z,30,14.529267,13.061,21.988,12.5462,12.389,12.729,64.566667,-9,150,91.466667,-2,163,7.097,7.097,7.097,0,0,0,7336,7365,0,0,0,0,0
2020-07-04T07:00:00Z,26,13.250385,13.108,13.424,12.573,12.46,12.696,81.269231,38,136,96.153846,47,147,7.097,7.097,7.097,0,0,0,7368,7395,0,0,0,0,0
2020-07-04T08:00:00Z,30,13.306667,13.132,13.518,12.534933,12.379,12.673,65.9,3,123,72.6,5,138,7.097,7.097,7.097,0,0,0,7396,7425,0,0,0,0,0
2020-07-04T09:00:00Z,26,13.431615,13.237,13.506,12.448731,12.389,12.564,38,16,99,36.461538,5,130,7.097,7.097,7.097,0,0,0,7426,7455,0,0,0,0,0
2020-07-04T10:00:00Z,29,7.634655,2.719,16.361,12.340862,12.289,12.663,4.655172,-11,147,11.517241,-27,188,7.097,7.097,7.097,0,0,0,7456,7485,0,0,0,0,0
2020-07-04T11:00:00Z,30,1.682267,0.273,5.386,12.2781,12.27,12.304,-7.766667,-9,12,7.033333,-2,22,7.097,7.097,7.097,0,0,0,7486,7515,0,0,0,0,0
2020-07-04T12:00:00Z,30,0.893633,0.624,0.94,12.259333,12.247,12.27,-8.766667,-12,-8,7.3,-2,14,7.097,7.097,7.097,0,0,0,7516,7545,0,0,0,0,0
2020-07-04T13:00:00Z,30,0.945667,0.917,0.964,12.245667,12.237,12.256,-8.5,-9,-8,7,-2,22,7.097,7.097,7.097,0,0,0,7546,7575,0,0,0,0,0
2020-07-04T14:00:00Z,30,0.9773,0.952,1.01,12.231133,12.218,12.242,-9.333333,-11,-8,-1.566667,-18,22,7.097,7.097,7.097,0,0,0,7576,7605,0,0,0,0,0
2020-07-04T15:00:00Z,29,1.00869,0.987,1.034,12.216552,12.209,12.223,-10.241379,-11,-10,-9.724138,-18,-2,7.097,7.097,7.097,0,0,0,7606,7635,0,0,0,0,0
2020-07-04T16:00:00Z,30,1.034133,1.01,1.057,12.205533,12.195,12.214,-9.966667,-11,-9,-5.533333,-18,5,7.097,7.097,7.097,0,0,0,7636,7665,0,0,0,0,0
2020-07-04T17:00:00Z,30,1.055867,1.034,1.069,12.196167,12.185,12.204,-9.666667,-10,-9,-0.666667,-10,5,7.097,7.097,7.097,0,0,0,7666,7695,0,0,0,0,0
2020-07-04T18:00:00Z,27,1.08363,1.057,1.104,12.185407,12.176,12.195,-9.666667,-10,-9,1.296296,-10,5,7.097,7.097,7.097,0,0,0,7696,7725,0,0,0,0,0
2020-07-04T19:00:00Z,30,1.1126,1.092,1.139,12.172867,12.162,12.181,-9.3,-10,-9,2.766667,-10,14,7.097,7.097,7.097,0,0,0,7726,7755,0,0,0,0,0
2020-07-04T20:00:00Z,30,1.1319,1.116,1.151,12.163933,12.152,12.176,-8.933333,-9,-8,11,-2,22,7.097,7.097,7.097,0,0,0,7756,7785,0,0,0,0,0
2020-07-04T21:00:00Z,30,1.156567,1.139,1.186,12.1522,12.143,12.162,-8.833333,-9,-8,12.366667,5,22,7.097,7.097,7.097,0,0,0,7786,7815,0,0,0,0,0
2020-07-04T22:00:00Z,30,3.748967,1.174,12.652,12.143367,12.138,12.147,-8.4,-9,-8,17.133333,5,30,7.097,7.097,7.097,0,0,0,7816,7845,0,0,0,0,0
2020-07-04T23:00:00Z,30,8.283067,2.894,14.91,12.145067,12.128,12.195,-4.466667,-9,15,22.333333,5,39,7.097,7.097,7.097,0,0,0,7846,7875,0,0,0,0,0
2020-07-05T00:00:00Z,30,14.500033,13.541,21.743,12.251667,12.166,12.341,28.5,-9,58,54.733333,14,80,7.097,7.097,7.097,0,0,0,7876,7905,0,0,0,0,0
2020-07-05T01:00:00Z,30,13.496167,13.389,13.623,12.396867,12.275,12.483,75.933333,25,102,100.1,47,130,7.097,7.097,7.097,0,0,0,7906,7935,0,0,0,0,0
2020-07-05T02:00:00Z,28,13.376357,13.213,13.564,12.487,12.346,12.583,91.321429,23,136,108.321429,30,147,7.097,7.097,7.097,0,0,0,7936,7964,0,0,0,0,0
2020-07-05T03:00:00Z,30,14.171267,13.108,21.251,12.4793,12.318,12.691,70.033333,-9,168,86,-2,171,7.097,7.097,7.097,0,0,0,7966,7995,0,0,0,0,0
2020-07-05T04:00:00Z,30,13.881133,13.447,20.257,12.314167,12.256,12.441,11.931034,-6,81,9.9,-18,72,7.097,7.097,7.097,0,0,0,7996,8025,0,0,0,0,0
2020-07-05T05:00:00Z,30,13.454133,12.991,13.752,12.431733,12.199,12.81,64.333333,-62,226,28.066667,-301,205,7.097,7.097,7.097,0.133333,0,1,8026,8055,0,0,0,0,0
2020-07-05T06:00:00Z,31,13.457,13.003,14.711,12.46929,12.308,12.767,60.83871,-11,204,48.096774,-2,180,7.097,7.097,7.097,0,0,0,8056,8086,0,0,0,0,0
2020-07-05T07:00:00Z,30,3.294167,1.724,13.6,12.377567,11.991,12.824,31.633333,-159,266,44.533333,-259,304,7.097,7.097,7.097,0.066667,0,1,8087,8116,0,0,0,0,0
2020-07-05T08:00:00Z,30,2.965333,2.566,3.315,12.2574,12.237,12.28,-7.933333,-9,-7,15.1,-2,30,7.097,7.097,7.097,0,0,0,8117,8146,0,0,0,0,0
2020-07-05T09:00:00Z,30,2.558233,2.321,2.73,12.2294,12.214,12.242,-8.433333,-9,-8,9.433333,-2,22,7.097,7.097,7.097,0,0,0,8147,8176,0,0,0,0,0
2020-07-05T10:00:00Z,29,3.138552,2.204,5.047,12.211138,12.199,12.223,-8.068966,-9,-7,14.655172,5,22,7.097,7.097,7.097,0,0,0,8177,8206,0,0,0,0,0
2020-07-05T11:00:00Z,30,0.931767,0,2.274,12.241733,12.181,12.45,9.933333,-11,80,16.033333,-27,130,7.097,7.097,7.097,0,0,0,8207,8236,0,0,0,0,0
2020-07-05T12:00:00Z,30,1.022767,0,1.116,12.195067,12.171,12.346,-7.133333,-10,54,1.533333,-18,88,7.097,7.097,7.097,0,0,0,8237,8266,0,0,0,0,0
2020-07-05T13:00:00Z,30,1.1316,1.104,1.162,12.168333,12.152,12.181,-9.433333,-10,-9,0.533333,-10,5,7.097,7.097,7.097,0,0,0,8267,8296,0,0,0,0,0
2020-07-05T14:00:00Z,30,1.163067,1.139,1.186,12.1534,12.143,12.162,-9.166667,-10,-9,4.533333,-2,22,7.097,7.097,7.097,0,0,0,8297,8326,0,0,0,0,0
2020-07-05T15:00:00Z,29,1.184,1.034,1.209,12.141172,12.133,12.152,-9,-10,-8,9.068966,-2,22,7.097,7.097,7.097,0,0,0,8327,8356,0,0,0,0,0
2020-07-05T16:00:00Z,30,1.214367,1.198,1.233,12.130467,12.124,12.138,-8.966667,-10,-8,10.733333,-2,22,7.097,7.097,7.097,0,0,0,8357,8386,0,0,0,0,0
2020-07-05T17:00:00Z,30,1.231233,1.221,1.244,12.126033,12.119,12.133,-8.566667,-9,-8,14.033333,5,22,7.097,7.097,7.097,0,0,0,8387,8416,0,0,0,0,0
2020-07-05T18:00:00Z,30,1.243833,1.221,1.256,12.122267,12.114,12.128,-8.366667,-9,-8,18,14,22,7.097,7.097,7.097,0,0,0,8417,8446,0,0,0,0,0
2020-07-05T19:00:00Z,30,1.260233,1.233,1.291,12.1182,12.105,12.124,-8.2,-9,-8,19.6,14,30,7.097,7.097,7.097,0,0,0,8447,8476,0,0,0,0,0
2020-07-05T20:00:00Z,30,1.278133,1.268,1.303,12.1136,12.11,12.119,-8.133333,-9,-8,20.666667,14,30,7.097,7.097,7.097,0,0,0,8477,8506,0,0,0,0,0
2020-07-05T21:00:00Z,30,1.294233,1.268,1.326,12.108967,12.105,12.114,-7.966667,-9,-7,20.9,5,30,7.097,7.097,7.097,0,0,0,8507,8536,0,0,0,0,0
2020-07-05T22:00:00Z,30,3.285567,1.303,13.12,12.103667,12.095,12.11,-8,-9,-7,21.466667,14,30,7.097,7.097,7.097,0,0,0,8537,8566,0,0,0,0,0
2020-07-05T23:00:00Z,30,8.3255,3.023,14.676,12.1107,12.095,12.143,-3.933333,-9,10,25.266667,14,39,7.097,7.097,7.097,0,0,0,8567,8596,0,0,0,0,0
2020-07-06T00:00:00Z,29,13.732621,13.576,13.822,12.193724,12.119,12.322,25.827586,1,71,53.275862,22,105,7.097,7.097,7.097,0,0,0,8597,8626,0,0,0,0,0
2020-07-06T01:00:00Z,30,14.325667,8.264,21.696,12.232,12.124,12.422,25.448276,-9,107,53.8,5,138,7.097,7.097,7.097,0,0,0,8627,8656,0,0,0,0,0
2020-07-06T02:00:00Z,30,13.739133,13.658,13.787,12.184833,12.147,12.256,17.633333,4,49,41.7,22,80,7.097,7.097,7.097,0,0,0,8657,8686,0,0,0,0,0
2020-07-06T03:00:00Z,30,3.6678,1.49,13.857,12.324933,12.091,12.748,62.5,-17,283,109.233333,-2,362,7.097,7.097,7.097,0,0,0,8687,8716,0,0,0,0,0
2020-07-06T04:00:00Z,29,7.439241,3.011,20.924,12.151655,12.133,12.176,-3.888889,-8,12,36.172414,5,47,7.097,7.097,7.097,0,0,0,8717,8746,0,0,0,0,0
2020-07-06T05:00:00Z,31,14.40571,13.483,21.953,12.275581,12.133,12.412,46.354839,-9,92,69.225806,5,122,7.097,7.097,7.097,0,0,0,8747,8777,0,0,0,0,0
2020-07-06T06:00:00Z,30,13.456,13.073,13.658,12.429,12.251,12.824,90.666667,13,278,106.133333,30,255,7.097,7.097,7.097,0.033333,0,1,8778,8807,0,0,0,0,0
2020-07-06T07:00:00Z,30,13.629533,12.769,21.965,12.520867,12.147,12.909,102.8,-58,267,58.6,-267,271,7.097,7.097,7.097,0.2,0,1,8808,8837,0,0,0,0,0
2020-07-06T08:00:00Z,30,14.0932,12.827,23.006,12.5568,12.147,12.867,100.233333,-82,233,105.066667,-301,255,7.097,7.097,7.097,0.033333,0,1,8838,8867,0,0,0,0,0
2020-07-06T09:00:00Z,30,12.9818,3.596,17.835,12.3898,12.275,12.583,36.793103,-15,122,45.866667,-10,205,7.097,7.097,7.097,0,0,0,8868,8897,0,0,0,0,0
2020-07-06T10:00:00Z,30,4.0117,1.654,13.576,12.410133,12.28,12.725,52.068966,-7,245,81.9,-10,296,7.097,7.097,7.097,0,0,0,8898,8927,0,0,0,0,0
2020-07-06T11:00:00Z,29,1.377069,0.145,2.871,12.300379,12.237,12.535,8.785714,-10,111,44.344828,22,163,7.097,7.097,7.097,0,0,0,8928,8957,0,0,0,0,0
2020-07-06T12:00:00Z,30,0.919,0,1.022,12.233367,12.214,12.417,-3.433333,-9,82,31.033333,22,113,7.097,7.097,7.097,0,0,0,8958,8987,0,0,0,0,0
2020-07-06T13:00:00Z,30,1.044967,1.022,1.081,12.201333,12.185,12.214,-6.666667,-7,-6,30.166667,22,47,7.097,7.097,7.097,0,0,0,8988,9017,0,0,0,0,0
2020-07-06T14:00:00Z,30,1.104033,1.069,1.127,12.179767,12.166,12.195,-8.666667,-10,-6,8.2,-2,39,7.097,7.097,7.097,0,0,0,9018,9047,0,0,0,0,0
2020-07-06T15:00:00Z,30,1.137433,1.116,1.162,12.1631,12.152,12.176,-9,-10,-8,7.366667,-2,14,7.097,7.097,7.097,0,0,0,9048,9077,0,0,0,0,0
2020-07-06T16:00:00Z,30,1.1709,1.151,1.198,12.1473,12.133,12.157,-8.833333,-9,-8,8.966667,-2,14,7.097,7.097,7.097,0,0,0,9078,9107,0,0,0,0,0
2020-07-06T17:00:00Z,30,1.196167,1.174,1.209,12.134833,12.128,12.143,-8.766667,-9,-8,11.466667,5,22,7.097,7.097,7.097,0,0,0,9108,9137,0,0,0,0,0
2020-07-06T18:00:00Z,30,1.232267,1.209,1.256,12.121833,12.11,12.128,-8.533333,-9,-8,15.5,5,22,7.097,7.097,7.097,0,0,0,9138,9167,0,0,0,0,0
2020-07-06T19:00:00Z,30,1.269633,1.233,1.315,12.111667,12.1,12.119,-8.366667,-9,-8,16.866667,5,22,7.097,7.097,7.097,0,0,0,9168,9197,0,0,0,0,0
2020-07-06T20:00:00Z,30,1.311933,1.279,1.338,12.102167,12.095,12.11,-8.233333,-9,-8,19.033333,5,30,7.097,7.097,7.097,0,0,0,9198,9227,0,0,0,0,0
2020-07-06T21:00:00Z,30,1.3361,1.315,1.35,12.094833,12.086,12.1,-8.166667,-9,-8,20.366667,5,30,7.097,7.097,7.097,0,0,0,9228,9257,0,0,0,0,0
2020-07-06T22:00:00Z,30,3.239933,1.35,12.979,12.090333,12.081,12.1,-8.033333,-9,-8,19.866667,14,30,7.097,7.097,7.097,0,0,0,9258,9287,0,0,0,0,0
2020-07-06T23:00:00Z,31,6.197968,3.046,13.869,12.093258,12.072,12.124,-4.677419,-8,13,25.451613,14,39,7.097,7.097,7.097,0,0,0,9288,9318,0,0,0,0,0
2020-07-07T00:00:00Z,30,12.5028,3.994,13.892,12.157033,12.062,12.327,20.62069,-16,82,50.233333,-2,113,7.097,7.097,7.097,0,0,0,9319,9348,0,0,0,0,0
2020-07-07T01:00:00Z,30,13.6873,13.377,13.834,12.232133,12.119,12.493,41.214286,-5,153,62.7,14,171,7.097,7.097,7.097,0,0,0,9349,9378,0,0,0,0,0
2020-07-07T02:00:00Z,28,13.209321,3.982,22,12.400536,11.92,12.975,83.428571,-156,336,76.428571,-350,362,7.097,7.097,7.097,0.107143,0,1,9380,9408,0,0,0,0,0
2020-07-07T03:00:00Z,30,13.772333,12.933,20.397,12.508667,12.152,12.867,112.433333,-49,315,123.666667,-209,313,7.097,7.097,7.097,0.033333,0,1,9409,9438,0,0,0,0,0
2020-07-07T04:00:00Z,28,13.423143,12.652,14.032,12.457679,11.958,13.07,77.892857,-154,366,-57.035714,-350,412,7.097,7.097,7.097,0.642857,0,1,9439,9467,0,0,0,0,0
2020-07-07T05:00:00Z,28,13.320893,12.628,13.986,12.538536,11.987,13.127,99.785714,-155,379,-41.928571,-367,396,7.097,7.097,7.097,0.642857,0,1,9469,9498,0,0,0,0,0
2020-07-07T06:00:00Z,30,13.8605,12.582,22,12.482267,11.977,13.089,65.758621,-179,294,-97.266667,-375,313,7.097,7.097,7.097,0.7,0,1,9499,9528,0,0,0,0,0
2020-07-07T07:00:00Z,30,13.415567,12.348,13.892,12.4748,12.105,13.411,65.9,-79,487,-127.966667,-301,487,7.097,7.097,7.097,0.766667,0,1,9529,9558,0,0,0,0,0
2020-07-07T08:00:00Z,30,13.2934,12.523,13.834,12.5516,12.133,13.198,86.533333,-109,390,-6.966667,-350,420,7.097,7.097,7.097,0.333333,0,1,9559,9588,0,0,0,0,0
2020-07-07T09:00:00Z,30,14.0773,12.675,22.421,12.565633,11.996,13.122,88.733333,-183,346,34.766667,-384,354,7.097,7.097,7.097,0.133333,0,1,9589,9618,0,0,0,0,0
2020-07-07T10:00:00Z,30,7.098633,2.134,13.775,12.425767,12.181,12.9,38.931034,-91,194,16.6,-350,171,7.097,7.097,7.097,0.033333,0,1,9619,9648,0,0,0,0,0
2020-07-07T11:00:00Z,30,1.5496,0.238,4.333,12.317133,12.256,12.564,7.966667,-11,127,20.2,-10,163,7.097,7.097,7.097,0,0,0,9649,9678,0,0,0,0,0
2020-07-07T12:00:00Z,30,0.8141,0,0.964,12.2546,12.233,12.346,-5.766667,-11,27,6.566667,-10,55,7.097,7.097,7.097,0,0,0,9679,9708,0,0,0,0,0
2020-07-07T13:00:00Z,30,0.990467,0.964,1.022,12.222533,12.209,12.237,-8.966667,-10,-8,2.766667,-10,14,7.097,7.097,7.097,0,0,0,9709,9738,0,0,0,0,0
2020-07-07T14:00:00Z,30,1.031667,0.999,1.057,12.203733,12.19,12.218,-10.166667,-12,-8,-11.333333,-35,14,7.097,7.097,7.097,0,0,0,9739,9768,0,0,0,0,0
2020-07-07T15:00:00Z,30,1.0634,1.045,1.081,12.190067,12.181,12.195,-10.8,-11,-10,-19.6,-35,-10,7.097,7.097,7.097,0,0,0,9769,9798,0,0,0,0,0
2020-07-07T16:00:00Z,30,1.0927,1.069,1.127,12.1788,12.171,12.185,-10.433333,-11,-10,-16.8,-27,-10,7.097,7.097,7.097,0,0,0,9799,9828,0,0,0,0,0
2020-07-07T17:00:00Z,30,1.118433,1.092,1.139,12.1691,12.157,12.176,-10.1,-11,-9,-9.466667,-18,-2,7.097,7.097,7.097,0,0,0,9829,9858,0,0,0,0,0
2020-07-07T18:00:00Z,30,1.142933,1.127,1.162,12.158133,12.147,12.166,-10.033333,-11,-10,-7.866667,-18,-2,7.097,7.097,7.097,0,0,0,9859,9889,0,0,0,0,0
2020-07-07T19:00:00Z,30,1.160733,1.139,1.186,12.1498,12.143,12.157,-9.933333,-10,-9,-3.766667,-18,5,7.097,7.097,7.097,0,0,0,9890,9919,0,0,0,0,0
2020-07-07T20:00:00Z,30,1.1776,1.162,1.198,12.1422,12.133,12.147,-9.666667,-10,-9,1.066667,-10,14,7.097,7.097,7.097,0,0,0,9920,9949,0,0,0,0,0
2020-07-07T21:00:00Z,30,1.1974,1.186,1.209,12.134667,12.128,12.143,-9.466667,-10,-9,1.233333,-10,5,7.097,7.097,7.097,0,0,0,9950,9979,0,0,0,0,0
2020-07-07T22:00:00Z,30,3.461067,1.209,13.132,12.126433,12.119,12.133,-9.333333,-10,-9,5.7,-10,14,7.097,7.097,7.097,0,0,0,9980,10009,0,0,0,0,0
2020-07-07T23:00:00Z,30,10.203833,3.058,19.847,12.1247,12.114,12.147,-6.37931,-10,5,5.566667,-10,14,7.097,7.097,7.097,0,0,0,10010,10039,0,0,0,0,0
2020-07-08T00:00:00Z,30,13.750467,13.681,13.798,12.174833,12.138,12.247,15.933333,1,41,25.966667,14,55,7.097,7.097,7.097,0,0,0,10040,10069,0,0,0,0,0
2020-07-08T01:00:00Z,30,13.583133,13.389,13.717,12.319333,12.209,12.479,62.566667,20,130,78.766667,22,147,7.097,7.097,7.097,0,0,0,10070,10099,0,0,0,0,0
2020-07-08T02:00:00Z,30,14.2037,13.12,22.187,12.472,12.28,12.687,95.466667,-8,181,109.6,-10,196,7.097,7.097,7.097,0,0,0,10100,10129,0,0,0,0,0
2020-07-08T03:00:00Z,30,13.888033,13.096,21.649,12.491167,12.289,12.71,81.366667,-10,187,91.3,-2,188,7.097,7.097,7.097,0,0,0,10130,10159,0,0,0,0,0
2020-07-08T04:00:00Z,30,14.000433,13.611,19.789,12.238567,12.204,12.285,-4.84,-10,3,-8.7,-18,5,7.097,7.097,7.097,0,0,0,10160,10189,0,0,0,0,0
2020-07-08T05:00:00Z,30,4.729033,2.812,14.068,12.2188,12.185,12.313,1.933333,-9,46,18.533333,-10,72,7.097,7.097,7.097,0,0,0,10190,10219,0,0,0,0,0
2020-07-08T06:00:00Z,30,6.722767,2.508,13.752,12.206867,12.171,12.389,3.933333,-14,114,18.4,-27,163,7.097,7.097,7.097,0,0,0,10220,10249,0,0,0,0,0
2020-07-08T07:00:00Z,30,3.661167,3.304,3.947,12.1631,12.152,12.176,-8.1,-9,-8,15.766667,5,22,7.097,7.097,7.097,0,0,0,10250,10279,0,0,0,0,0
2020-07-08T08:00:00Z,30,13.054067,4.204,15.577,12.191633,12.147,12.214,9.931034,-10,19,12.766667,-10,30,7.097,7.097,7.097,0,0,0,10280,10309,0,0,0,0,0
2020-07-08T09:00:00Z,30,13.903767,6.802,21.673,12.181167,12.133,12.214,8,-10,20,5.8,-10,22,7.097,7.097,7.097,0,0,0,10310,10339,0,0,0,0,0
2020-07-08T10:00:00Z,29,3.525414,2.73,4.497,12.131862,12.124,12.143,-7.448276,-8,-7,20.310345,5,30,7.097,7.097,7.097,0,0,0,10340,10369,0,0,0,0,0
2020-07-08T11:00:00Z,30,2.0591,1.209,5.995,12.118967,12.114,12.128,-7.066667,-8,-7,24.4,14,30,7.097,7.097,7.097,0,0,0,10370,10399,0,0,0,0,0
2020-07-08T12:00:00Z,31,1.252677,1.233,1.279,12.110355,12.105,12.114,-7.032258,-8,-6,27.451613,22,39,7.097,7.097,7.097,0,0,0,10400,10430,0,0,0,0,0
2020-07-08T13:00:00Z,30,1.287967,1.268,1.315,12.103167,12.095,12.11,-6.8,-7,-6,29.633333,22,39,7.097,7.097,7.097,0,0,0,10431,10460,0,0,0,0,0
2020-07-08T14:00:00Z,30,1.3306,1.303,1.361,12.0924,12.086,12.1,-9.033333,-10,-9,7.6,-2,14,7.097,7.097,7.097,0,0,0,10461,10490,0,0,0,0,0
2020-07-08T15:00:00Z,30,1.358667,1.338,1.385,12.084333,12.076,12.091,-8.9,-10,-8,9.4,-2,14,7.097,7.097,7.097,0,0,0,10491,10520,0,0,0,0,0
2020-07-08T16:00:00Z,30,1.382367,1.361,1.42,12.0775,12.062,12.086,-8.766667,-10,-8,11.6,-2,22,7.097,7.097,7.097,0,0,0,10521,10550,0,0,0,0,0
2020-07-08T17:00:00Z,30,1.397,1.385,1.408,12.072533,12.067,12.076,-8.5,-9,-8,15.2,5,22,7.097,7.097,7.097,0,0,0,10551,10580,0,0,0,0,0
2020-07-08T18:00:00Z,29,1.406,1.385,1.432,12.067414,12.058,12.072,-8.275862,-9,-8,17.517241,5,22,7.097,7.097,7.097,0,0,0,10581,10610,0,0,0,0,0
2020-07-08T19:00:00Z,29,1.418759,1.408,1.432,12.063034,12.058,12.072,-8.034483,-9,-7,21.448276,14,30,7.097,7.097,7.097,0,0,0,10611,10640,0,0,0,0,0
2020-07-08T20:00:00Z,29,1.430172,1.408,1.443,12.058966,12.053,12.062,-7.965517,-9,-7,23.655172,14,30,7.097,7.097,7.097,0,0,0,10641,10670,0,0,0,0,0
2020-07-08T21:00:00Z,30,1.4398,1.42,1.467,12.054733,12.048,12.062,-7.766667,-8,-7,25.5,14,39,7.097,7.097,7.097,0,0,0,10671,10700,0,0,0,0,0
2020-07-08T22:00:00Z,30,3.4456,1.455,13.319,12.050333,12.043,12.058,-7.633333,-8,-7,27.933333,14,39,7.097,7.097,7.097,0,0,0,10701,10730,0,0,0,0,0
2020-07-08T23:00:00Z,30,9.0108,3.374,15.694,12.059467,12.039,12.1,-2.214286,-8,10,30.7,22,47,7.097,7.097,7.097,0,0,0,10731,10760,0,0,0,0,0
2020-07-09T00:00:00Z,30,13.7688,13.67,13.857,12.1605,12.095,12.237,29.9,8,54,62.266667,39,88,7.097,7.097,7.097,0,0,0,10761,10790,0,0,0,0,0
2020-07-09T01:00:00Z,30,14.473267,13.483,22.878,12.2687,12.166,12.417,59.666667,-5,114,97.033333,47,155,7.097,7.097,7.097,0,0,0,10791,10820,0,0,0,0,0
2020-07-09T02:00:00Z,30,14.262133,13.272,22.234,12.464067,12.199,12.554,112.6,-7,135,142.866667,64,163,7.097,7.097,7.097,0,0,0,10821,10850,0,0,0,0,0
2020-07-09T03:00:00Z,30,13.1846,13.143,13.272,12.614133,12.559,12.663,147.9,130,160,163.3,147,180,7.097,7.097,7.097,0,0,0,10851,10880,0,0,0,0,0
2020-07-09T04:00:00Z,30,13.1297,13.085,13.19,12.669167,12.493,12.71,154.1,-4,168,165.666667,105,180,7.097,7.097,7.097,0,0,0,10881,10910,0,0,0,0,0
2020-07-09T05:00:00Z,29,14.155552,13.085,21.45,12.575069,12.36,12.71,105.068966,-10,170,95.724138,-10,180,7.097,7.097,7.097,0,0,0,10911,10940,0,0,0,0,0
2020-07-09T06:00:00Z,30,13.2209,13.061,13.518,12.607533,12.384,12.729,116.666667,25,171,113.6,14,171,7.097,7.097,7.097,0,0,0,10941,10970,0,0,0,0,0
2020-07-09T07:00:00Z,30,13.198267,13.132,13.471,12.604733,12.431,12.668,111.133333,37,139,102.3,14,138,7.097,7.097,7.097,0,0,0,10971,11000,0,0,0,0,0
2020-07-09T08:00:00Z,30,14.777,13.202,21.263,12.486467,12.346,12.592,59.866667,-12,101,39.1,-52,97,7.097,7.097,7.097,0,0,0,11001,11030,0,0,0,0,0
2020-07-09T09:00:00Z,29,9.53,3.736,14.419,12.307517,12.237,12.431,3.931034,-13,42,-20,-52,5,7.097,7.097,7.097,0,0,0,11031,11060,0,0,0,0,0
2020-07-09T10:00:00Z,30,3.3788,2.637,4.134,12.2273,12.214,12.242,-10.5,-11,-10,-22.466667,-35,-18,7.097,7.097,7.097,0,0,0,11061,11090,0,0,0,0,0
2020-07-09T11:00:00Z,31,1.76971,0.999,4.848,12.205419,12.199,12.218,-10.516129,-11,-10,-19.483871,-35,-10,7.097,7.097,7.097,0,0,0,11091,11121,0,0,0,0,0
2020-07-09T12:00:00Z,30,1.040333,1.022,1.069,12.1897,12.181,12.195,-10.766667,-11,-10,-20.5,-35,-10,7.097,7.097,7.097,0,0,0,11122,11151,0,0,0,0,0
2020-07-09T13:00:00Z,30,1.0725,1.045,1.104,12.179167,12.166,12.19,-10.466667,-11,-10,-18.166667,-27,-10,7.097,7.097,7.097,0,0,0,11152,11181,0,0,0,0,0
2020-07-09T14:00:00Z,30,1.109167,1.092,1.127,12.163433,12.152,12.171,-12.3,-13,-12,-41.2,-52,-35,7.097,7.097,7.097,0,0,0,11182,11211,0,0,0,0,0
2020-07-09T15:00:00Z,30,0.7658,0,1.127,12.191533,12.152,12.346,1.366667,-15,76,-17.8,-60,80,7.097,7.097,7.097,0,0,0,11212,11241,0,0,0,0,0
2020-07-09T16:00:00Z,30,1.144567,1.127,1.162,12.151067,12.143,12.162,-11.4,-12,-11,-28.466667,-43,-18,7.097,7.097,7.097,0,0,0,11242,11271,0,0,0,0,0
2020-07-09T17:00:00Z,30,1.164667,1.151,1.186,12.142067,12.133,12.152,-11,-12,-10,-24.566667,-35,-18,7.097,7.097,7.097,0,0,0,11272,11301,0,0,0,0,0
2020-07-09T18:00:00Z,29,1.18269,1.162,1.198,12.134207,12.128,12.138,-10.965517,-11,-10,-19.62069,-27,-10,7.097,7.097,7.097,0,0,0,11302,11331,0,0,0,0,0
2020-07-09T19:00:00Z,30,1.1975,1.186,1.209,12.128233,12.124,12.133,-10.533333,-11,-10,-13.8,-27,-2,7.097,7.097,7.097,0,0,0,11332,11361,0,0,0,0,0
2020-07-09T20:00:00Z,30,1.218233,1.198,1.256,12.1215,12.114,12.124,-10.266667,-11,-10,-12.133333,-18,-2,7.097,7.097,7.097,0,0,0,11362,11391,0,0,0,0,0
2020-07-09T21:00:00Z,30,1.237033,1.221,1.268,12.115167,12.105,12.119,-10.066667,-11,-10,-8.4,-18,-2,7.097,7.097,7.097,0,0,0,11392,11421,0,0,0,0,0
2020-07-09T22:00:00Z,30,3.3932,1.256,13.295,12.109467,12.105,12.114,-9.933333,-10,-9,-3.5,-10,5,7.097,7.097,7.097,0,0,0,11422,11451,0,0,0,0,0
2020-07-09T23:00:00Z,30,4.061367,3.023,14.992,12.104333,12.095,12.11,-9.466667,-10,-9,0.366667,-10,14,7.097,7.097,7.097,0,0,0,11452,11481,0,0,0,0,0
2020-07-10T00:00:00Z,24,13.735125,13.635,13.822,12.190167,12.124,12.266,27.416667,0,52,34.166667,14,64,7.097,7.097,7.097,0,0,0,11482,11511,0,0,0,0,0
2020-07-10T01:00:00Z,30,13.619067,13.494,15.226,12.331733,12.237,12.422,70.4,11,109,79.966667,22,122,7.097,7.097,7.097,0,0,0,11512,11541,0,0,0,0,0
2020-07-10T02:00:00Z,30,15.202467,13.167,22.363,12.4174,12.19,12.611,84.333333,-10,155,96.1,-18,155,7.097,7.097,7.097,0,0,0,11542,11571,0,0,0,0,0
2020-07-10T03:00:00Z,30,13.3121,13.12,13.611,12.5238,12.28,12.687,110.133333,14,174,104.266667,14,171,7.097,7.097,7.097,0,0,0,11572,11601,0,0,0,0,0
2020-07-10T04:00:00Z,30,13.246267,13.073,13.541,12.586,12.346,12.72,121.866667,21,180,111.466667,5,171,7.097,7.097,7.097,0,0,0,11602,11631,0,0,0,0,0
2020-07-10T05:00:00Z,31,13.509419,13.015,19.286,12.675258,12.393,12.762,125.612903,-11,176,101.645161,-43,171,7.097,7.097,7.097,0,0,0,11632,11662,0,0,0,0,0
2020-07-10T06:00:00Z,30,13.328533,12.781,13.845,12.526333,12.128,13.056,80.066667,-105,349,24.433333,-359,263,7.097,7.097,7.097,0.1,0,1,11663,11692,0,0,0,0,0
2020-07-10T07:00:00Z,29,13.202931,12.277,13.728,12.643,12.195,13.448,116.793103,-83,422,-150.241379,-375,321,7.097,7.097,7.097,0.931034,0,1,11693,11722,0,0,0,0,0
2020-07-10T08:00:00Z,30,13.9497,12.968,17.648,12.4284,11.982,12.824,42.931034,-166,225,-20.233333,-409,221,7.097,7.097,7.097,0.066667,0,1,11723,11752,0,0,0,0,0
2020-07-10T09:00:00Z,30,8.655933,3.023,14.465,12.4433,12.28,12.701,43.166667,-13,153,9,-68,138,7.097,7.097,7.097,0,0,0,11753,11782,0,0,0,0,0
2020-07-10T10:00:00Z,29,2.963379,1.993,3.561,12.270586,12.247,12.393,-7.689655,-11,33,-17.655172,-35,30,7.097,7.097,7.097,0,0,0,11783,11812,0,0,0,0,0
2020-07-10T11:00:00Z,30,1.5293,0,5.538,12.279067,12.233,12.611,6.633333,-12,210,1.4,-27,130,7.097,7.097,7.097,0,0,0,11813,11842,0,0,0,0,0
2020-07-10T12:00:00Z,30,0.971033,0.94,0.999,12.2247,12.214,12.237,-9.966667,-10,-9,-9.733333,-18,-2,7.097,7.097,7.097,0,0,0,11843,11872,0,0,0,0,0
2020-07-10T13:00:00Z,30,1.012,0.987,1.045,12.206333,12.195,12.218,-10.733333,-13,-9,-17.6,-35,-2,7.097,7.097,7.097,0,0,0,11873,11902,0,0,0,0,0
2020-07-10T14:00:00Z,30,1.049967,1.034,1.069,12.191733,12.181,12.199,-11.633333,-12,-11,-31,-43,-27,7.097,7.097,7.097,0,0,0,11903,11932,0,0,0,0,0
2020-07-10T15:00:00Z,30,1.072533,1.057,1.092,12.181733,12.176,12.195,-11.166667,-12,-11,-26.566667,-43,-10,7.097,7.097,7.097,0,0,0,11933,11962,0,0,0,0,0
2020-07-10T16:00:00Z,30,1.0915,1.069,1.104,12.175633,12.166,12.185,-10.833333,-12,-10,-19.066667,-35,-10,7.097,7.097,7.097,0,0,0,11963,11992,0,0,0,0,0
2020-07-10T17:00:00Z,30,1.112633,1.092,1.127,12.165967,12.157,12.176,-10.833333,-11,-10,-16.533333,-27,-10,7.097,7.097,7.097,0,0,0,11993,12022,0,0,0,0,0
2020-07-10T18:00:00Z,29,1.13569,1.127,1.151,12.15631,12.152,12.162,-10.448276,-11,-10,-14.482759,-35,-2,7.097,7.097,7.097,0,0,0,12023,12052,0,0,0,0,0
2020-07-10T19:00:00Z,30,1.151533,1.139,1.174,12.149,12.143,12.157,-10.2,-11,-10,-10,-18,-2,7.097,7.097,7.097,0,0,0,12053,12082,0,0,0,0,0
2020-07-10T20:00:00Z,27,1.164444,1.151,1.186,12.143296,12.133,12.147,-10.037037,-11,-10,-8.814815,-18,-2,7.097,7.097,7.097,0,0,0,12083,12109,0,0,0,0,0
2020-07-10T21:00:00Z,30,1.1804,1.162,1.198,12.137667,12.128,12.143,-9.9,-10,-9,-2.666667,-18,5,7.097,7.097,7.097,0,0,0,12113,12142,0,0,0,0,0
2020-07-10T22:00:00Z,30,3.566833,1.174,14.009,12.1305,12.128,12.138,-9.633333,-10,-9,0.266667,-10,5,7.097,7.097,7.097,0,0,0,12143,12172,0,0,0,0,0
2020-07-10T23:00:00Z,30,7.074467,3.175,14.231,12.132333,12.119,12.171,-6.3,-10,11,9.966667,-10,30,7.097,7.097,7.097,0,0,0,12173,12202,0,0,0,0,0
2020-07-11T00:00:00Z,31,13.694258,13.576,13.798,12.222548,12.133,12.313,29.483871,-6,69,36.580645,-2,80,7.097,7.097,7.097,0,0,0,12203,12233,0,0,0,0,0
2020-07-11T01:00:00Z,30,14.328467,13.424,21.848,12.295233,12.157,12.46,49.7,-10,119,61.5,-18,138,7.097,7.097,7.097,0,0,0,12234,12263,0,0,0,0,0
2020-07-11T02:00:00Z,30,13.356167,13.167,13.705,12.4989,12.223,12.616,115.033333,7,150,126.433333,14,155,7.097,7.097,7.097,0,0,0,12264,12293,0,0,0,0,0
2020-07-11T03:00:00Z,30,13.260633,13.05,13.576,12.5737,12.308,12.734,118.5,1,185,115.733333,-2,180,7.097,7.097,7.097,0,0,0,12294,12323,0,0,0,0,0
2020-07-11T04:00:00Z,30,13.601067,13.003,21.134,12.514767,12.304,12.772,92.9,2,194,72.7,-18,180,7.097,7.097,7.097,0,0,0,12324,12353,0,0,0,0,0
2020-07-11T05:00:00Z,30,14.4556,12.991,21.322,12.546033,12.346,12.791,92.166667,-11,194,78.266667,-35,171,7.097,7.097,7.097,0,0,0,12354,12383,0,0,0,0,0
2020-07-11T06:00:00Z,27,13.260222,13.05,13.483,12.564741,12.427,12.758,93.481481,39,180,69.37037,14,155,7.097,7.097,7.097,0,0,0,12384,12413,0,0,0,0,0
2020-07-11T07:00:00Z,30,13.297667,12.16,13.81,12.562967,12.199,13.373,91.4,-56,372,-126.166667,-326,337,7.097,7.097,7.097,0.766667,0,1,12414,12443,0,0,0,0,0
2020-07-11T08:00:00Z,29,15.222586,12.827,22.375,12.544552,12.147,12.985,73.689655,-128,314,-44.586207,-384,230,7.097,7.097,7.097,0.310345,0,1,12444,12473,0,0,0,0,0
2020-07-11T09:00:00Z,30,13.341,11.728,15.448,12.547533,11.996,13.094,80.133333,-174,376,-7.733333,-433,379,7.097,7.097,7.097,0.233333,0,1,12474,12503,0,0,0,0,0
2020-07-11T10:00:00Z,30,2.9529,1.525,6.439,12.497167,12.133,12.867,58.2,-91,229,9.766667,-276,246,7.097,7.097,7.097,0.233333,0,1,12504,12533,0,0,0,0,0
2020-07-11T11:00:00Z,30,1.1308,0,4.497,12.375233,12.285,12.639,13.965517,-12,103,-7.4,-43,122,7.097,7.097,7.097,0,0,0,12534,12563,0,0,0,0,0
2020-07-11T12:00:00Z,29,0.85631,0.823,0.905,12.268793,12.251,12.285,-11.275862,-12,-11,-33.931034,-52,-27,7.097,7.097,7.097,0,0,0,12564,12593,0,0,0,0,0
2020-07-11T13:00:00Z,30,0.916233,0.882,0.94,12.247833,12.237,12.256,-11.166667,-12,-11,-29.9,-43,-18,7.097,7.097,7.097,0,0,0,12594,12623,0,0,0,0,0
2020-07-11T14:00:00Z,29,0.967379,0.94,0.999,12.226586,12.214,12.242,-13.068966,-14,-11,-52.965517,-60,-27,7.097,7.097,7.097,0,0,0,12625,12653,0,0,0,0,0
2020-07-11T15:00:00Z,30,0.992867,0.975,1.022,12.213833,12.204,12.223,-12.6,-13,-12,-45.766667,-60,-35,7.097,7.097,7.097,0,0,0,12654,12683,0,0,0,0,0
2020-07-11T16:00:00Z,30,1.018867,0.999,1.034,12.2029,12.195,12.209,-12.2,-13,-12,-43.733333,-52,-35,7.097,7.097,7.097,0,0,0,12684,12713,0,0,0,0,0
2020-07-11T17:00:00Z,30,1.037967,1.022,1.057,12.195267,12.185,12.204,-11.9,-12,-11,-38.466667,-43,-27,7.097,7.097,7.097,0,0,0,12714,12743,0,0,0,0,0
2020-07-11T18:00:00Z,30,1.0574,1.045,1.081,12.1876,12.181,12.195,-11.633333,-12,-11,-30.4,-35,-18,7.097,7.097,7.097,0,0,0,12744,12773,0,0,0,0,0
2020-07-11T19:00:00Z,30,1.078367,1.057,1.104,12.180567,12.171,12.185,-11.166667,-12,-10,-26.433333,-35,-18,7.097,7.097,7.097,0,0,0,12774,12803,0,0,0,0,0
2020-07-11T20:00:00Z,30,1.093467,1.081,1.116,12.174167,12.166,12.181,-10.933333,-12,-10,-19.366667,-35,-2,7.097,7.097,7.097,0,0,0,12804,12833,0,0,0,0,0
2020-07-11T21:00:00Z,28,1.109071,1.092,1.127,12.168036,12.157,12.176,-10.571429,-11,-10,-14.285714,-18,-10,7.097,7.097,7.097,0,0,0,12834,12863,0,0,0,0,0
2020-07-11T22:00:00Z,31,3.239097,1.104,12.933,12.160548,12.152,12.171,-10.096774,-11,-10,-8.709677,-18,-2,7.097,7.097,7.097,0,0,0,12864,12894,0,0,0,0,0
2020-07-11T23:00:00Z,30,8.432433,2.917,14.758,12.165967,12.152,12.195,-4.965517,-10,9,-3.533333,-18,14,7.097,7.097,7.097,0,0,0,12895,12924,0,0,0,0,0
2020-07-12T00:00:00Z,30,13.8765,13.541,20.163,12.246467,12.162,12.346,27.533333,-8,64,30.866667,5,72,7.097,7.097,7.097,0,0,0,12925,12954,0,0,0,0,0
2020-07-12T01:00:00Z,29,13.491862,13.342,13.728,12.396517,12.19,12.512,77.448276,-10,115,84.62069,-10,130,7.097,7.097,7.097,0,0,0,12955,12984,0,0,0,0,0
2020-07-12T02:00:00Z,30,13.232567,13.108,13.541,12.5823,12.337,12.682,125.5,1,156,129.2,-10,155,7.097,7.097,7.097,0,0,0,12985,13014,0,0,0,0,0
2020-07-12T03:00:00Z,30,14.569067,12.968,22.328,12.509767,12.237,12.81,74.133333,-68,194,-6.266667,-309,171,7.097,7.097,7.097,0.3,0,1,13015,13044,0,0,0,0,0
2020-07-12T04:00:00Z,30,13.417,12.956,13.951,12.461733,12.015,12.819,57.4,-145,232,-33,-367,205,7.097,7.097,7.097,0.3,0,1,13045,13074,0,0,0,0,0
2020-07-12T05:00:00Z,30,13.4587,12.956,13.915,12.423467,12.076,12.814,46.333333,-124,213,-26.8,-359,180,7.097,7.097,7.097,0.166667,0,1,13075,13104,0,0,0,0,0
2020-07-12T06:00:00Z,29,15.326414,12.991,22.492,12.443138,12.285,12.781,60.931034,-14,190,30.37931,-68,155,7.097,7.097,7.097,0,0,0,13105,13134,0,0,0,0,0
2020-07-12T07:00:00Z,30,13.493867,12.979,16.677,12.467733,12.294,12.8,51.9,-14,182,7.2,-68,147,7.097,7.097,7.097,0,0,0,13135,13164,0,0,0,0,0
2020-07-12T08:00:00Z,30,12.8399,4.789,16.057,12.512,12.285,12.781,71.1,-16,187,19.6,-77,163,7.097,7.097,7.097,0,0,0,13165,13194,0,0,0,0,0
2020-07-12T09:00:00Z,30,6.738667,2.543,13.857,12.4759,12.105,12.881,51.466667,-121,248,-16.933333,-367,188,7.097,7.097,7.097,0.166667,0,1,13195,13224,0,0,0,0,0
2020-07-12T10:00:00Z,30,2.586267,1.513,4.661,12.448033,12.166,12.919,37.5,-64,209,3,-184,230,7.097,7.097,7.097,0.133333,0,1,13225,13254,0,0,0,0,0
2020-07-12T11:00:00Z,30,0.745733,0,2.66,12.383133,12.285,12.734,21.466667,-12,143,7.7,-43,138,7.097,7.097,7.097,0,0,0,13255,13284,0,0,0,0,0
2020-07-12T12:00:00Z,30,0.676867,0,0.893,12.2994,12.256,12.597,5.233333,-11,126,-5.266667,-43,163,7.097,7.097,7.097,0,0,0,13285,13314,0,0,0,0,0
2020-07-12T13:00:00Z,30,0.750767,0,0.94,12.281467,12.237,12.55,1.034483,-13,144,-17.233333,-60,97,7.097,7.097,7.097,0,0,0,13315,13344,0,0,0,0,0
2020-07-12T14:00:00Z,30,0.9542,0.928,0.987,12.234367,12.218,12.247,-12.166667,-13,-12,-39.833333,-52,-35,7.097,7.097,7.097,0,0,0,13345,13374,0,0,0,0,0
2020-07-12T15:00:00Z,30,0.9894,0.964,1.01,12.220333,12.209,12.228,-11.833333,-12,-11,-36.3,-43,-18,7.097,7.097,7.097,0,0,0,13375,13404,0,0,0,0,0
2020-07-12T16:00:00Z,30,1.013433,0.987,1.034,12.208133,12.195,12.218,-11.6,-12,-11,-30.066667,-43,-18,7.097,7.097,7.097,0,0,0,13405,13434,0,0,0,0,0
2020-07-12T17:00:00Z,31,1.032323,1.022,1.057,12.199774,12.19,12.204,-11.032258,-12,-10,-20.967742,-27,-10,7.097,7.097,7.097,0,0,0,13435,13465,0,0,0,0,0
2020-07-12T18:00:00Z,30,1.0544,1.022,1.081,12.191767,12.181,12.199,-10.933333,-11,-10,-16.766667,-35,-10,7.097,7.097,7.097,0,0,0,13466,13495,0,0,0,0,0
2020-07-12T19:00:00Z,30,1.078833,1.057,1.092,12.182567,12.176,12.185,-10.566667,-11,-10,-13.766667,-27,-10,7.097,7.097,7.097,0,0,0,13496,13525,0,0,0,0,0
2020-07-12T20:00:00Z,30,1.0942,1.069,1.116,12.176767,12.166,12.185,-10.066667,-11,-10,-9.733333,-18,-2,7.097,7.097,7.097,0,0,0,13526,13555,0,0,0,0,0
2020-07-12T21:00:00Z,30,1.110233,1.092,1.139,12.170233,12.157,12.176,-9.933333,-10,-9,-7.366667,-18,5,7.097,7.097,7.097,0,0,0,13556,13585,0,0,0,0,0
2020-07-12T22:00:00Z,30,3.556233,1.116,12.921,12.160733,12.152,12.166,-9.666667,-10,-9,-3.5,-18,5,7.097,7.097,7.097,0,0,0,13586,13615,0,0,0,0,0
2020-07-12T23:00:00Z,30,7.3233,3.011,13.763,12.1626,12.152,12.199,-6.2,-10,7,0.933333,-10,22,7.097,7.097,7.097,0,0,0,13616,13645,0,0,0,0,0
2020-07-13T00:00:00Z,30,13.6066,3.818,21.743,12.2439,12.147,12.341,25.2,-10,61,31.9,-2,72,7.097,7.097,7.097,0,0,0,13646,13675,0,0,0,0,0
2020-07-13T01:00:00Z,30,13.493133,13.284,13.717,12.391433,12.199,12.545,72.2,-7,131,79.133333,-10,138,7.097,7.097,7.097,0,0,0,13676,13705,0,0,0,0,0
2020-07-13T02:00:00Z,30,13.3851,13.155,13.564,12.466167,12.327,12.644,88.2,22,159,92.9,14,155,7.097,7.097,7.097,0,0,0,13706,13735,0,0,0,0,0
2020-07-13T03:00:00Z,30,14.812067,12.792,21.708,12.503767,12.034,12.952,79.133333,-179,294,63.866667,-342,271,7.097,7.097,7.097,0.033333,0,1,13736,13765,0,0,0,0,0
2020-07-13T04:00:00Z,30,13.388867,12.862,13.939,12.4852,12.029,12.9,64.1,-146,248,-72,-375,255,7.097,7.097,7.097,0.533333,0,1,13766,13795,0,0,0,0,0
2020-07-13T05:00:00Z,30,13.435367,12.968,13.869,12.438433,12.11,12.814,53.166667,-111,224,25.833333,-342,196,7.097,7.097,7.097,0.033333,0,1,13796,13825,0,0,0,0,0
2020-07-13T06:00:00Z,30,12.578533,2.73,18.806,12.626533,12.1,13.855,112.933333,-155,701,-5.8,-425,653,7.097,7.097,7.097,0.466667,0,1,13826,13855,0,0,1,0,0
2020-07-13T07:00:00Z,30,8.695233,3.245,13.81,12.4272,12.138,13.411,25.966667,-127,434,-88.5,-392,396,7.097,7.097,7.097,0.4,0,1,13856,13885,0,0,0,0,0
2020-07-13T08:00:00Z,30,3.3086,2.953,3.9,12.266267,12.256,12.285,-10.166667,-11,-10,-17.933333,-35,-10,7.097,7.097,7.097,0,0,0,13886,13915,0,0,0,0,0
2020-07-13T09:00:00Z,30,6.120967,3.947,12.652,12.241233,12.228,12.256,-10.633333,-13,-10,-23.233333,-52,-10,7.097,7.097,7.097,0,0,0,13916,13945,0,0,0,0,0
2020-07-13T10:00:00Z,30,3.0692,2.321,3.912,12.2282,12.209,12.304,-8.2,-10,27,-8.133333,-18,39,7.097,7.097,7.097,0,0,0,13946,13975,0,0,0,0,0
2020-07-13T11:00:00Z,30,1.7591,0.975,5.433,12.212633,12.199,12.223,-9.433333,-10,-9,-7.1,-18,5,7.097,7.097,7.097,0,0,0,13976,14005,0,0,0,0,0
2020-07-13T12:00:00Z,30,1.000967,0.975,1.022,12.2003,12.19,12.209,-9.133333,-10,-9,-0.8,-10,14,7.097,7.097,7.097,0,0,0,14006,14036,0,0,0,0,0
2020-07-13T13:00:00Z,28,1.027429,0.999,1.069,12.191964,12.181,12.199,-9.428571,-11,-8,-1.857143,-27,14,7.097,7.097,7.097,0,0,0,14037,14066,0,0,0,0,0
2020-07-13T14:00:00Z,30,1.0602,1.045,1.081,12.180867,12.171,12.185,-10.333333,-11,-10,-12.7,-27,-2,7.097,7.097,7.097,0,0,0,14067,14096,0,0,0,0,0
2020-07-13T15:00:00Z,30,1.0842,1.069,1.116,12.1724,12.162,12.181,-10.1,-11,-10,-9.5,-27,-2,7.097,7.097,7.097,0,0,0,14097,14126,0,0,0,0,0
2020-07-13T16:00:00Z,30,1.1064,1.081,1.127,12.163933,12.157,12.171,-9.933333,-10,-9,-5,-18,5,7.097,7.097,7.097,0,0,0,14127,14156,0,0,0,0,0
2020-07-13T17:00:00Z,30,1.1288,1.104,1.151,12.153533,12.143,12.166,-9.733333,-10,-9,-2.133333,-10,5,7.097,7.097,7.097,0,0,0,14157,14186,0,0,0,0,0
2020-07-13T18:00:00Z,30,1.146133,1.127,1.162,12.146867,12.143,12.152,-9.533333,-10,-9,-0.033333,-10,5,7.097,7.097,7.097,0,0,0,14187,14216,0,0,0,0,0
2020-07-13T19:00:00Z,30,1.163467,1.151,1.186,12.1385,12.133,12.143,-9.4,-10,-9,0.466667,-10,5,7.097,7.097,7.097,0,0,0,14217,14246,0,0,0,0,0
2020-07-13T20:00:00Z,30,1.1732,1.162,1.186,12.134667,12.128,12.138,-9.033333,-10,-8,5.866667,-2,14,7.097,7.097,7.097,0,0,0,14247,14276,0,0,0,0,0
2020-07-13T21:00:00Z,30,1.1876,1.174,1.198,12.128967,12.124,12.133,-8.9,-9,-8,7.966667,-2,22,7.097,7.097,7.097,0,0,0,14277,14306,0,0,0,0,0
2020-07-13T22:00:00Z,30,3.6169,1.186,10.745,12.1257,12.119,12.128,-8.733333,-9,-8,11.233333,5,22,7.097,7.097,7.097,0,0,0,14307,14336,0,0,0,0,0
2020-07-13T23:00:00Z,30,9.061833,2.859,16.01,12.130533,12.114,12.166,-3.766667,-9,12,17.9,-2,30,7.097,7.097,7.097,0,0,0,14337,14366,0,0,0,0,0
2020-07-14T00:00:00Z,30,14.350367,13.26,22.445,12.212033,12.128,12.313,25.5,-14,61,47.033333,5,88,7.097,7.097,7.097,0,0,0,14367,14396,0,0,0,0,0
2020-07-14T01:00:00Z,30,14.1109,13.412,22.55,12.376933,12.166,12.464,76.433333,-9,103,99.766667,5,130,7.097,7.097,7.097,0,0,0,14397,14426,0,0,0,0,0
2020-07-14T02:00:00Z,30,13.2727,13.155,13.424,12.552033,12.469,12.63,119.833333,102,138,140.766667,130,155,7.097,7.097,7.097,0,0,0,14427,14456,0,0,0,0,0
2020-07-14T03:00:00Z,30,14.336333,13.05,21.743,12.626267,12.403,12.725,116.633333,-9,157,128.833333,-10,163,7.097,7.097,7.097,0,0,0,14457,14486,0,0,0,0,0
2020-07-14T04:00:00Z,28,13.791286,12.968,21.614,12.619071,12.067,12.81,109.785714,-138,193,58.714286,-350,188,7.097,7.097,7.097,0.214286,0,1,14487,14516,0,0,0,0,0
2020-07-14T05:00:00Z,30,13.251733,12.944,13.904,12.582,12.058,12.824,95.9,-132,204,42.233333,-350,196,7.097,7.097,7.097,0.2,0,1,14517,14546,0,0,0,0,0
2020-07-14T06:00:00Z,31,13.321355,12.979,13.915,12.532581,12.058,12.81,71.83871,-140,188,46.258065,-359,171,7.097,7.097,7.097,0.064516,0,1,14547,14577,0,0,0,0,0
2020-07-14T07:00:00Z,30,14.0489,13.096,21.766,12.499033,12.332,12.691,52.766667,-11,136,31.666667,-43,130,7.097,7.097,7.097,0,0,0,14578,14607,0,0,0,0,0
2020-07-14T08:00:00Z,30,13.336633,13.178,13.541,12.505467,12.332,12.62,56.62069,0,104,25.766667,-35,80,7.097,7.097,7.097,0,0,0,14608,14637,0,0,0,0,0
2020-07-14T09:00:00Z,30,11.3574,3.549,17.461,12.286967,12.261,12.327,-8.166667,-17,0,-40.6,-60,-18,7.097,7.097,7.097,0,0,0,14638,14667,0,0,0,0,0
2020-07-14T10:00:00Z,30,2.892133,2.344,3.467,12.252167,12.242,12.266,-10.833333,-11,-10,-25.333333,-35,-18,7.097,7.097,7.097,0,0,0,14668,14697,0,0,0,0,0
2020-07-14T11:00:00Z,29,0.990345,0,5.199,12.34131,12.233,12.55,28,-11,110,14.413793,-35,88,7.097,7.097,7.097,0,0,0,14698,14727,0,0,0,0,0
2020-07-14T12:00:00Z,30,0.128533,0,0.823,12.408267,12.275,12.63,46.466667,-14,174,36.766667,-52,221,7.097,7.097,7.097,0,0,0,14728,14757,0,0,0,0,0
2020-07-14T13:00:00Z,30,0.2477,0,0.823,12.410467,12.28,12.63,29.766667,-14,124,5.333333,-126,138,7.097,7.097,7.097,0,0,0,14758,14787,0,0,0,0,0
2020-07-14T14:00:00Z,30,0.5034,0,0.893,12.3374,12.261,12.639,10.3,-14,155,-32.966667,-60,122,7.097,7.097,7.097,0,0,0,14788,14817,0,0,0,0,0
2020-07-14T15:00:00Z,27,0.59163,0,0.952,12.322148,12.247,12.649,8.888889,-14,149,-34.814815,-68,155,7.097,7.097,7.097,0,0,0,14818,14847,0,0,0,0,0
2020-07-14T16:00:00Z,30,0.909567,0,0.975,12.247367,12.223,12.422,-9.3,-13,77,-39.6,-60,47,7.097,7.097,7.097,0,0,0,14848,14877,0,0,0,0,0
2020-07-14T17:00:00Z,26,0.868,0,0.999,12.242192,12.214,12.583,-3.461538,-13,165,-30.807692,-52,105,7.097,7.097,7.097,0,0,0,14878,14906,0,0,0,0,0
2020-07-14T18:00:00Z,31,1.003839,0.987,1.022,12.212258,12.204,12.223,-11.16129,-12,-11,-26.774194,-35,-18,7.097,7.097,7.097,0,0,0,14907,14937,0,0,0,0,0
2020-07-14T19:00:00Z,30,1.029033,1.01,1.045,12.2023,12.195,12.209,-10.666667,-11,-10,-17.366667,-27,-10,7.097,7.097,7.097,0,0,0,14938,14967,0,0,0,0,0
2020-07-14T20:00:00Z,30,1.042233,1.022,1.069,12.1955,12.185,12.204,-10.066667,-11,-10,-8.966667,-27,-2,7.097,7.097,7.097,0,0,0,14968,14997,0,0,0,0,0
2020-07-14T21:00:00Z,29,1.064448,1.045,1.081,12.187069,12.181,12.195,-9.862069,-10,-9,-4.586207,-18,5,7.097,7.097,7.097,0,0,0,14998,15027,0,0,0,0,0
2020-07-14T22:00:00Z,30,2.2506,1.069,7.726,12.181167,12.171,12.185,-9.2,-10,-9,1.933333,-10,5,7.097,7.097,7.097,0,0,0,15028,15057,0,0,0,0,0
2020-07-14T23:00:00Z,30,4.849533,2.812,12.921,12.171867,12.162,12.181,-9.166667,-10,-9,3.233333,-2,14,7.097,7.097,7.097,0,0,0,15058,15087,0,0,0,0,0
2020-07-15T00:00:00Z,30,13.644067,12.172,15.39,12.266567,12.171,12.417,31,-9,92,45.533333,-2,122,7.097,7.097,7.097,0,0,0,15088,15117,0,0,0,0,0
2020-07-15T01:00:00Z,30,15.0816,13.447,21.696,12.343633,12.233,12.436,47.966667,-9,97,62.166667,-2,122,7.097,7.097,7.097,0,0,0,15118,15147,0,0,0,0,0
2020-07-15T02:00:00Z,30,13.450133,13.038,13.564,12.420733,12.322,12.739,74.833333,39,206,88.6,47,213,7.097,7.097,7.097,0,0,0,15148,15177,0,0,0,0,0
2020-07-15T03:00:00Z,30,13.347567,12.886,13.857,12.506667,12.124,12.871,85.333333,-79,236,36.166667,-292,246,7.097,7.097,7.097,0.266667,0,1,15178,15207,0,0,0,0,0
2020-07-15T04:00:00Z,30,13.6878,12.944,22.035,12.634967,12.45,12.824,117.566667,57,191,132.666667,105,196,7.097,7.097,7.097,0.033333,0,1,15208,15237,0,0,0,0,0
2020-07-15T05:00:00Z,30,14.530233,12.781,22.328,12.486467,12.024,12.952,48.8,-176,256,-56.866667,-367,255,7.097,7.097,7.097,0.466667,0,1,15238,15267,0,0,0,0,0
2020-07-15T06:00:00Z,30,13.413033,13.132,13.798,12.459867,12.162,12.673,47.8,-71,142,-62.366667,-301,122,7.097,7.097,7.097,0.4,0,1,15268,15297,0,0,0,0,0
2020-07-15T07:00:00Z,30,13.325333,13.225,13.412,12.517467,12.474,12.573,59.433333,41,84,45.333333,22,72,7.097,7.097,7.097,0,0,0,15298,15327,0,0,0,0,0
2020-07-15T08:00:00Z,30,14.201333,13.366,20.514,12.3793,12.308,12.493,14.733333,-12,51,-10.333333,-43,30,7.097,7.097,7.097,0,0,0,15328,15357,0,0,0,0,0
2020-07-15T09:00:00Z,30,13.3039,4.836,13.646,12.294467,12.256,12.351,-0.923077,-14,15,-35.8,-60,-18,7.097,7.097,7.097,0,0,0,15358,15387,0,0,0,0,0
2020-07-15T10:00:00Z,30,6.378333,2.449,13.658,12.251633,12.237,12.275,-10.103448,-14,-2,-31.4,-60,-18,7.097,7.097,7.097,0,0,0,15388,15417,0,0,0,0,0
2020-07-15T11:00:00Z,30,1.735367,0.94,5.363,12.2315,12.218,12.242,-10.466667,-11,-10,-21.866667,-35,-10,7.097,7.097,7.097,0,0,0,15418,15447,0,0,0,0,0
2020-07-15T12:00:00Z,2,0.9695,0.964,0.975,12.2135,12.209,12.218,-11,-11,-11,-27,-27,-27,7.097,7.097,7.097,0,0,0,15452,15466,0,0,0,0,0
2020-07-15T14:00:00Z,1,1.034,1.034,1.034,12.195,12.195,12.195,-11,-11,-11,-27,-27,-27,7.097,7.097,7.097,0,0,0,15507,15507,0,0,0,0,0
2020-07-15T15:00:00Z,1,1.069,1.069,1.069,12.181,12.181,12.181,-13,-13,-13,-52,-52,-52,7.097,7.097,7.097,0,0,0,15539,15539,0,0,0,0,0
2020-07-15T17:00:00Z,3,1.092,1.092,1.092,12.166,12.166,12.166,-12,-12,-12,-35,-35,-35,7.097,7.097,7.097,0,0,0,15584,15589,0,0,0,0,0
2020-07-15T18:00:00Z,2,1.1215,1.116,1.127,12.152,12.147,12.157,-12,-12,-12,-39,-43,-35,7.097,7.097,7.097,0,0,0,15620,15632,0,0,0,0,0
2020-07-15T19:00:00Z,1,1.139,1.139,1.139,12.147,12.147,12.147,-12,-12,-12,-35,-35,-35,7.097,7.097,7.097,0,0,0,15637,15637,0,0,0,0,0
2020-07-15T20:00:00Z,1,1.162,1.162,1.162,12.133,12.133,12.133,-11,-11,-11,-35,-35,-35,7.097,7.097,7.097,0,0,0,15687,15687,0,0,0,0,0
2020-07-15T22:00:00Z,3,2.356,1.174,3.14,12.127,12.124,12.133,-10.333333,-11,-10,-12.666667,-18,-10,7.097,7.097,7.097,0,0,0,15719,15739,0,0,0,0,0
2020-07-16T00:00:00Z,1,13.798,13.798,13.798,12.133,12.133,12.133,,,,-2,-2,-2,7.097,7.097,7.097,0,0,0,15779,15779,0,0,0,0,0
2020-07-16T01:00:00Z,30,12.033333,3.912,13.822,12.265967,12.11,12.644,42.8,-10,202,47.033333,-10,180,7.097,7.097,7.097,0,0,0,15799,15828,0,0,0,0,0
2020-07-16T02:00:00Z,30,10.5693,4.134,15.893,12.155867,12.124,12.365,-1.8,-10,89,8.566667,-35,130,7.097,7.097,7.097,0,0,0,15829,15858,0,0,0,0,0
2020-07-16T03:00:00Z,30,13.836233,13.576,17.098,12.192433,12.124,12.313,20.724138,-10,58,20.933333,-10,64,7.097,7.097,7.097,0,0,0,15859,15888,0,0,0,0,0
2020-07-16T04:00:00Z,30,13.376133,13.132,13.588,12.482767,12.304,12.658,113.9,57,173,119,55,171,7.097,7.097,7.097,0,0,0,15889,15918,0,0,0,0,0
2020-07-16T05:00:00Z,28,13.174964,13.061,13.377,12.63725,12.488,12.725,138.75,65,172,138.607143,64,171,7.097,7.097,7.097,0,0,0,15919,15948,0,0,0,0,0
2020-07-16T06:00:00Z,30,14.3523,12.968,21.907,12.582867,12.095,12.829,100.6,-137,225,40.333333,-384,296,7.097,7.097,7.097,0.266667,0,1,15949,15978,0,0,0,0,0
2020-07-16T07:00:00Z,30,13.328467,12.57,13.857,12.523567,12.128,13.245,86.033333,-97,433,-5.033333,-326,321,7.097,7.097,7.097,0.333333,0,1,15979,16008,0,0,0,0,0
2020-07-16T08:00:00Z,30,13.281667,12.453,13.822,12.551167,12.143,13.146,83.5,-93,303,-8.366667,-334,304,7.097,7.097,7.097,0.4,0,1,16009,16038,0,0,0,0,0
2020-07-16T09:00:00Z,31,14.745613,12.722,21.567,12.483613,12.034,12.98,58.870968,-155,325,-20.645161,-375,296,7.097,7.097,7.097,0.193548,0,1,16039,16069,0,0,0,0,0
2020-07-16T10:00:00Z,30,2.187367,0.402,3.409,12.431933,12.181,12.848,38.666667,-77,187,36.066667,-193,263,7.097,7.097,7.097,0.066667,0,1,16070,16099,0,0,0,0,0
2020-07-16T11:00:00Z,30,1.660933,0.835,5,12.2969,12.256,12.639,-2.133333,-10,124,-2.133333,-27,113,7.097,7.097,7.097,0,0,0,16100,16129,0,0,0,0,0
2020-07-16T12:00:00Z,30,0.9081,0.858,0.952,12.2387,12.223,12.256,-9.766667,-10,-9,-10,-18,-2,7.097,7.097,7.097,0,0,0,16130,16159,0,0,0,0,0
2020-07-16T13:00:00Z,30,0.956233,0.94,0.975,12.219467,12.209,12.228,-9.3,-10,-9,-6,-10,-2,7.097,7.097,7.097,0,0,0,16160,16189,0,0,0,0,0
2020-07-16T14:00:00Z,30,1.000533,0.975,1.022,12.199967,12.19,12.214,-11.266667,-12,-9,-32.033333,-43,-2,7.097,7.097,7.097,0,0,0,16190,16219,0,0,0,0,0
2020-07-16T15:00:00Z,30,1.0326,1.01,1.057,12.1876,12.181,12.199,-11.233333,-12,-11,-29.266667,-35,-18,7.097,7.097,7.097,0,0,0,16220,16249,0,0,0,0,0
2020-07-16T16:00:00Z,30,1.057833,1.034,1.081,12.1774,12.166,12.185,-11,-11,-11,-25.1,-35,-18,7.097,7.097,7.097,0,0,0,16250,16279,0,0,0,0,0
2020-07-16T17:00:00Z,30,1.078433,1.057,1.092,12.1694,12.162,12.176,-10.766667,-11,-10,-18.2,-35,-10,7.097,7.097,7.097,0,0,0,16280,16309,0,0,0,0,0
2020-07-16T18:00:00Z,30,1.101233,1.081,1.116,12.1605,12.152,12.166,-10.5,-11,-10,-16.566667,-35,-10,7.097,7.097,7.097,0,0,0,16310,16339,0,0,0,0,0
2020-07-16T19:00:00Z,30,1.12,1.092,1.139,12.153233,12.143,12.162,-10.066667,-11,-10,-11.4,-27,-2,7.097,7.097,7.097,0,0,0,16340,16369,0,0,0,0,0
2020-07-16T20:00:00Z,30,1.1406,1.127,1.151,12.144,12.138,12.152,-9.933333,-11,-9,-9.233333,-27,-2,7.097,7.097,7.097,0,0,0,16370,16399,0,0,0,0,0
2020-07-16T21:00:00Z,28,1.163107,1.139,1.186,12.135679,12.128,12.143,-9.857143,-10,-9,-5.5,-18,5,7.097,7.097,7.097,0,0,0,16400,16429,0,0,0,0,0
2020-07-16T22:00:00Z,29,3.182103,1.151,11.821,12.128069,12.119,12.133,-9.413793,-10,-9,-1.448276,-10,5,7.097,7.097,7.097,0,0,0,16430,16459,0,0,0,0,0
2020-07-16T23:00:00Z,30,7.0261,2.929,14.664,12.1254,12.11,12.152,-6.833333,-16,6,6.3,-10,30,7.097,7.097,7.097,0,0,0,16460,16489,0,0,0,0,0
2020-07-17T00:00:00Z,30,11.818,3.713,13.81,12.163367,12.114,12.294,9.2,-13,75,21.9,-10,80,7.097,7.097,7.097,0,0,0,16490,16519,0,0,0,0,0
2020-07-17T01:00:00Z,30,11.588767,3.982,13.834,12.2317,12.114,12.46,35.724138,-10,118,49.533333,-10,130,7.097,7.097,7.097,0,0,0,16520,16549,0,0,0,0,0
2020-07-17T02:00:00Z,30,12.277433,3.935,16.068,12.308033,12.138,12.72,55.133333,-10,210,64.5,-10,196,7.097,7.097,7.097,0,0,0,16550,16579,0,0,0,0,0
2020-07-17T03:00:00Z,29,13.750345,13.085,21.719,12.39969,12.237,12.734,67.103448,-9,194,60.862069,-10,180,7.097,7.097,7.097,0,0,0,16580,16609,0,0,0,0,0
2020-07-17T04:00:00Z,30,13.6636,12.991,21.509,12.6759,12.37,12.781,146.5,-9,210,135.033333,-18,255,7.097,7.097,7.097,0,0,0,16610,16639,0,0,0,0,0
2020-07-17T05:00:00Z,31,13.214516,12.956,13.904,12.612065,12.058,12.814,113.903226,-138,211,65.903226,-350,196,7.097,7.097,7.097,0.16129,0,1,16640,16670,0,0,0,0,0
2020-07-17T06:00:00Z,29,13.435724,12.827,20.315,12.608828,12.015,12.89,106.428571,-172,236,43,-350,205,7.097,7.097,7.097,0.206897,0,1,16671,16700,0,0,0,0,0
2020-07-17T07:00:00Z,30,14.300733,12.792,22.456,12.520533,12.067,12.966,51.666667,-161,238,-54.1,-433,238,7.097,7.097,7.097,0.4,0,1,16701,16730,0,0,0,0,0
2020-07-17T08:00:00Z,29,13.263517,12.792,13.81,12.552345,12.152,12.871,73.655172,-89,179,-4.103448,-334,171,7.097,7.097,7.097,0.206897,0,1,16731,16760,0,0,0,0,0
2020-07-17T09:00:00Z,30,7.429367,2.52,15.062,12.359367,12.091,12.635,13.666667,-110,112,-22.366667,-367,105,7.097,7.097,7.097,0.033333,0,1,16761,16790,0,0,0,0,0
2020-07-17T10:00:00Z,30,2.913167,2.297,3.304,12.2552,12.237,12.27,-10.933333,-11,-10,-30.133333,-43,-18,7.097,7.097,7.097,0,0,0,16791,16820,0,0,0,0,0
2020-07-17T11:00:00Z,30,1.690133,0.917,5.094,12.231767,12.218,12.242,-11.033333,-12,-11,-30.966667,-43,-18,7.097,7.097,7.097,0,0,0,16821,16850,0,0,0,0,0
2020-07-17T12:00:00Z,30,0.836133,0.074,0.987,12.2238,12.204,12.289,-7.833333,-12,20,-26.566667,-43,30,7.097,7.097,7.097,0,0,0,16851,16880,0,0,0,0,0
2020-07-17T13:00:00Z,30,0.9889,0.964,1.01,12.200933,12.19,12.214,-12.2,-14,-11,-45.733333,-68,-27,7.097,7.097,7.097,0,0,0,16881,16910,0,0,0,0,0
2020-07-17T14:00:00Z,30,1.022067,0.999,1.034,12.1873,12.181,12.195,-12.8,-14,-12,-50.833333,-68,-43,7.097,7.097,7.097,0,0,0,16911,16940,0,0,0,0,0
2020-07-17T15:00:00Z,30,1.042967,1.022,1.069,12.179533,12.171,12.185,-12.266667,-13,-12,-45.733333,-60,-35,7.097,7.097,7.097,0,0,0,16941,16970,0,0,0,0,0
2020-07-17T16:00:00Z,30,1.0646,1.045,1.081,12.172667,12.166,12.181,-11.966667,-12,-11,-38.766667,-52,-35,7.097,7.097,7.097,0,0,0,16971,17000,0,0,0,0,0
2020-07-17T17:00:00Z,30,1.0777,1.069,1.092,12.165467,12.152,12.171,-11.6,-12,-11,-32.8,-43,-18,7.097,7.097,7.097,0,0,0,17001,17030,0,0,0,0,0
2020-07-17T18:00:00Z,30,1.099233,1.081,1.116,12.156667,12.147,12.162,-11.3,-12,-11,-32.033333,-43,-18,7.097,7.097,7.097,0,0,0,17031,17060,0,0,0,0,0
2020-07-17T19:00:00Z,30,1.117733,1.092,1.139,12.148,12.138,12.157,-11.2,-12,-11,-28.533333,-35,-18,7.097,7.097,7.097,0,0,0,17061,17090,0,0,0,0,0
2020-07-17T20:00:00Z,30,1.138967,1.127,1.162,12.141067,12.133,12.147,-10.933333,-11,-10,-23.933333,-35,-18,7.097,7.097,7.097,0,0,0,17091,17120,0,0,0,0,0
2020-07-17T21:00:00Z,29,1.164241,1.151,1.174,12.130586,12.124,12.138,-10.931034,-11,-10,-21.758621,-35,-10,7.097,7.097,7.097,0,0,0,17121,17150,0,0,0,0,0
2020-07-17T22:00:00Z,30,3.6537,1.162,12.745,12.125,12.119,12.133,-10.433333,-11,-10,-15.433333,-27,-2,7.097,7.097,7.097,0,0,0,17151,17180,0,0,0,0,0
2020-07-17T23:00:00Z,30,7.508067,2.906,15.413,12.123533,12.114,12.147,-7.266667,-11,6,-11.633333,-27,-2,7.097,7.097,7.097,0,0,0,17181,17210,0,0,0,0,0
2020-07-18T00:00:00Z,30,13.6904,13.564,13.775,12.224067,12.152,12.322,28.466667,-8,62,20.2,-10,55,7.097,7.097,7.097,0,0,0,17211,17240,0,0,0,0,0
2020-07-18T01:00:00Z,30,14.5067,13.33,21.977,12.323733,12.195,12.531,52.666667,-10,137,45.5,-18,138,7.097,7.097,7.097,0,0,0,17241,17270,0,0,0,0,0
2020-07-18T02:00:00Z,30,13.6062,13.213,13.728,12.290867,12.185,12.583,36.275862,-4,158,25.7,-18,155,7.097,7.097,7.097,0,0,0,17271,17300,0,0,0,0,0
2020-07-18T03:00:00Z,30,13.2568,13.05,13.588,12.568633,12.308,12.734,124.7,6,183,105.366667,-18,163,7.097,7.097,7.097,0,0,0,17301,17330,0,0,0,0,0
2020-07-18T04:00:00Z,31,14.209903,12.991,22.176,12.598548,12.304,12.781,107.225806,-12,197,80.548387,-43,171,7.097,7.097,7.097,0,0,0,17331,17361,0,0,0,0,0
2020-07-18T05:00:00Z,30,13.3125,12.734,13.705,12.537733,12.251,12.947,86.517241,-25,241,-75.933333,-301,263,7.097,7.097,7.097,0.566667,0,1,17362,17391,0,0,0,0,0
2020-07-18T06:00:00Z,30,13.413567,12.734,13.822,12.455433,12.143,12.933,57.533333,-97,242,-99.566667,-400,188,7.097,7.097,7.097,0.466667,0,1,17392,17421,0,0,0,0,0
2020-07-18T07:00:00Z,29,13.525276,12.816,18.502,12.520759,12.058,12.876,73.448276,-152,272,-49.517241,-409,171,7.097,7.097,7.097,0.275862,0,1,17422,17451,0,0,0,0,0
2020-07-18T08:00:00Z,30,13.2591,3.397,21.567,12.5349,12.147,13.306,64.066667,-108,392,-10.933333,-375,354,7.097,7.097,7.097,0.066667,0,1,17452,17481,0,0,0,0,0
2020-07-18T09:00:00Z,30,8.536067,2.414,19.461,12.281867,12.251,12.332,-6.633333,-16,19,-51.7,-77,-27,7.097,7.097,7.097,0,0,0,17482,17511,0,0,0,0,0
2020-07-18T10:00:00Z,30,6.8386,2.461,19.578,12.244333,12.223,12.275,-11.5,-20,1,-53.233333,-77,-35,7.097,7.097,7.097,0,0,0,17512,17541,0,0,0,0,0
2020-07-18T11:00:00Z,30,1.6674,0.905,4.93,12.221033,12.209,12.233,-11.866667,-12,-11,-43.733333,-52,-35,7.097,7.097,7.097,0,0,0,17542,17571,0,0,0,0,0
2020-07-18T12:00:00Z,30,0.9679,0.928,0.987,12.205967,12.199,12.218,-11.833333,-12,-11,-41,-52,-35,7.097,7.097,7.097,0,0,0,17572,17601,0,0,0,0,0
2020-07-18T13:00:00Z,30,0.999467,0.987,1.01,12.195967,12.185,12.204,-11.4,-12,-11,-38.5,-52,-27,7.097,7.097,7.097,0,0,0,17602,17631,0,0,0,0,0
2020-07-18T14:00:00Z,30,1.030933,0.999,1.069,12.183167,12.171,12.195,-12.533333,-14,-11,-52.166667,-68,-27,7.097,7.097,7.097,0,0,0,17632,17661,0,0,0,0,0
2020-07-18T15:00:00Z,30,1.0578,1.045,1.081,12.173167,12.166,12.181,-13.133333,-14,-13,-57.066667,-68,-52,7.097,7.097,7.097,0,0,0,17662,17691,0,0,0,0,0
2020-07-18T16:00:00Z,30,1.076833,1.057,1.092,12.166033,12.162,12.171,-12.7,-13,-12,-50.4,-60,-35,7.097,7.097,7.097,0,0,0,17692,17721,0,0,0,0,0
2020-07-18T17:00:00Z,30,1.096533,1.081,1.116,12.159067,12.147,12.166,-12.266667,-13,-12,-46.333333,-60,-35,7.097,7.097,7.097,0,0,0,17722,17751,0,0,0,0,0
2020-07-18T18:00:00Z,30,1.116133,1.092,1.139,12.1506,12.138,12.162,-12,-13,-11,-41.233333,-52,-35,7.097,7.097,7.097,0,0,0,17752,17781,0,0,0,0,0
2020-07-18T19:00:00Z,29,1.130379,1.116,1.151,12.144276,12.138,12.147,-11.689655,-12,-11,-35,-43,-27,7.097,7.097,7.097,0,0,0,17782,17811,0,0,0,0,0
2020-07-18T20:00:00Z,30,1.153133,1.139,1.174,12.136333,12.133,12.143,-11.333333,-12,-11,-30.733333,-35,-27,7.097,7.097,7.097,0,0,0,17812,17841,0,0,0,0,0
2020-07-18T21:00:00Z,30,1.174833,1.151,1.198,12.126633,12.119,12.133,-11.1,-12,-11,-24.766667,-35,-18,7.097,7.097,7.097,0,0,0,17842,17871,0,0,0,0,0
2020-07-18T22:00:00Z,29,2.922345,1.174,11.845,12.119517,12.11,12.128,-10.931034,-12,-10,-23.586207,-35,-10,7.097,7.097,7.097,0,0,0,17872,17901,0,0,0,0,0
2020-07-18T23:00:00Z,30,7.970367,3.023,20.421,12.117633,12.11,12.133,-9.448276,-12,2,-20.433333,-35,-10,7.097,7.097,7.097,0,0,0,17902,17931,0,0,0,0,0
2020-07-19T00:00:00Z,30,13.9295,13.635,19.918,12.193033,12.119,12.28,20.866667,-11,48,7.533333,-35,39,7.097,7.097,7.097,0,0,0,17932,17961,0,0,0,0,0
2020-07-19T01:00:00Z,30,13.549633,13.412,13.717,12.344867,12.195,12.46,66.5,2,109,56.966667,-10,97,7.097,7.097,7.097,0,0,0,17962,17991,0,0,0,0,0
2020-07-19T02:00:00Z,30,13.3618,13.19,13.728,12.4807,12.195,12.592,105,-3,143,94.333333,-27,138,7.097,7.097,7.097,0,0,0,17992,18021,0,0,0,0,0
2020-07-19T03:00:00Z,30,14.1993,13.05,21.579,12.6238,12.332,12.729,132.633333,-11,173,115.766667,-35,155,7.097,7.097,7.097,0,0,0,18022,18051,0,0,0,0,0
2020-07-19T04:00:00Z,30,13.1288,12.979,13.494,12.6772,12.408,12.786,136.9,22,179,112.966667,-2,155,7.097,7.097,7.097,0,0,0,18052,18081,0,0,0,0,0
2020-07-19T05:00:00Z,31,13.33571,12.944,13.927,12.522065,12.034,12.814,76.166667,-142,196,-43.83871,-392,171,7.097,7.097,7.097,0.354839,0,1,18082,18112,0,0,0,0,0
2020-07-19T06:00:00Z,29,14.348483,13.038,21.333,12.528207,12.327,12.734,73.724138,-13,165,22.172414,-68,130,7.097,7.097,7.097,0,0,0,18113,18142,0,0,0,0,0
2020-07-19T07:00:00Z,30,13.296167,13.108,13.518,12.544733,12.37,12.691,70.733333,8,124,13.866667,-52,72,7.097,7.097,7.097,0,0,0,18143,18172,0,0,0,0,0
2020-07-19T08:00:00Z,30,13.479467,9.095,15.343,12.3032,12.261,12.36,-3,-15,18,-69.4,-85,-43,7.097,7.097,7.097,0,0,0,18173,18202,0,0,0,0,0
2020-07-19T09:00:00Z,30,13.711333,13.553,16.454,12.284833,12.242,12.337,1.275862,-16,23,-75.633333,-93,-52,7.097,7.097,7.097,0,0,0,18203,18232,0,0,0,0,0
2020-07-19T10:00:00Z,30,6.232733,2.122,13.997,12.4156,12.233,12.691,52.1,-20,172,-4.2,-101,155,7.097,7.097,7.097,0,0,0,18233,18262,0,0,0,0,0
2020-07-19T11:00:00Z,30,0.653,0,3.561,12.5116,12.133,12.923,72.533333,-69,301,15,-218,246,7.097,7.097,7.097,0.066667,0,1,18263,18292,0,0,0,0,0
2020-07-19T12:00:00Z,30,0.141467,0,0.741,12.488833,12.313,12.725,53.2,-15,151,3.933333,-77,130,7.097,7.097,7.097,0,0,0,18293,18322,0,0,0,0,0
2020-07-19T13:00:00Z,29,0.604655,0,0.858,12.302207,12.251,12.474,-3.034483,-14,55,-53.413793,-77,14,7.097,7.097,7.097,0,0,0,18323,18352,0,0,0,0,0
2020-07-19T14:00:00Z,30,0.837033,0,0.94,12.2508,12.228,12.408,-11.266667,-20,72,-71.466667,-93,5,7.097,7.097,7.097,0,0,0,18353,18382,0,0,0,0,0
2020-07-19T15:00:00Z,30,0.9433,0.917,0.964,12.2236,12.209,12.237,-14.9,-16,-14,-79.133333,-85,-77,7.097,7.097,7.097,0,0,0,18383,18412,0,0,0,0,0
2020-07-19T16:00:00Z,30,0.9719,0.952,0.999,12.211533,12.199,12.218,-14.4,-15,-14,-73.933333,-85,-68,7.097,7.097,7.097,0,0,0,18413,18442,0,0,0,0,0
2020-07-19T17:00:00Z,30,0.999933,0.987,1.034,12.1976,12.19,12.204,-14.133333,-15,-14,-71.066667,-77,-60,7.097,7.097,7.097,0,0,0,18443,18472,0,0,0,0,0
2020-07-19T18:00:00Z,30,1.0548,1.01,1.092,12.188167,12.176,12.195,-13.966667,-15,-13,-65.666667,-77,-60,7.097,7.097,7.097,0,0,0,18473,18502,0,0,0,0,0
2020-07-19T19:00:00Z,30,1.0911,1.081,1.104,12.178067,12.171,12.185,-13.633333,-14,-13,-65.433333,-77,-52,7.097,7.097,7.097,0,0,0,18503,18532,0,0,0,0,0
2020-07-19T20:00:00Z,30,1.104367,1.092,1.127,12.1722,12.162,12.181,-13.033333,-14,-12,-58.666667,-68,-52,7.097,7.097,7.097,0,0,0,18533,18562,0,0,0,0,0
2020-07-19T21:00:00Z,30,1.119967,1.104,1.139,12.1661,12.162,12.176,-12.733333,-14,-12,-54.533333,-68,-43,7.097,7.097,7.097,0,0,0,18563,18592,0,0,0,0,0
2020-07-19T22:00:00Z,30,3.0894,1.127,11.107,12.159067,12.152,12.166,-12.5,-13,-12,-48.966667,-60,-43,7.097,7.097,7.097,0,0,0,18593,18622,0,0,0,0,0
2020-07-19T23:00:00Z,30,6.294167,2.859,13.834,12.158067,12.147,12.199,-9.862069,-13,11,-35.4,-52,-10,7.097,7.097,7.097,0,0,0,18623,18652,0,0,0,0,0
2020-07-20T00:00:00Z,31,15.002484,13.623,21.731,12.217065,12.157,12.275,16.225806,-13,41,-17.483871,-52,14,7.097,7.097,7.097,0,0,0,18653,18683,0,0,0,0,0
2020-07-20T01:00:00Z,30,13.617767,13.494,13.74,12.287967,12.181,12.412,41.4,1,89,11.133333,-35,64,7.097,7.097,7.097,0,0,0,18684,18713,0,0,0,0,0
2020-07-20T02:00:00Z,30,13.3949,13.272,13.6,12.474367,12.304,12.554,97.233333,35,126,72.6,5,113,7.097,7.097,7.097,0,0,0,18714,18743,0,0,0,0,0
2020-07-20T03:00:00Z,30,13.8063,13.108,20.444,12.456967,12.304,12.691,70.433333,-12,172,31.1,-52,147,7.097,7.097,7.097,0,0,0,18744,18773,0,0,0,0,0
2020-07-20T04:00:00Z,30,13.810933,12.968,20.538,12.504333,12.289,12.805,82.133333,-12,193,38.666667,-284,147,7.097,7.097,7.097,0.066667,0,1,18774,18803,0,0,0,0,0
2020-07-20T05:00:00Z,30,13.319933,12.956,13.822,12.536833,12.143,12.805,77.933333,-97,198,-6.966667,-367,155,7.097,7.097,7.097,0.166667,0,1,18804,18833,0,0,0,0,0
2020-07-20T06:00:00Z,30,11.453033,2.824,14.711,12.3803,12.166,12.55,22.366667,-75,82,-34.333333,-359,88,7.097,7.097,7.097,0,0,0,18834,18863,0,0,0,0,0
2020-07-20T07:00:00Z,30,3.319467,2.262,6.544,12.280967,12.233,12.535,-5.1,-13,82,-41.233333,-60,22,7.097,7.097,7.097,0,0,0,18864,18893,0,0,0,0,0
2020-07-20T08:00:00Z,30,13.836267,12.394,17.203,12.237067,12.214,12.251,-9.266667,-15,-5,-75.6,-85,-68,7.097,7.097,7.097,0,0,0,18894,18923,0,0,0,0,0
2020-07-20T09:00:00Z,30,10.162833,4.275,15.004,12.2997,12.209,12.55,23.9,-16,143,-32.766667,-93,122,7.097,7.097,7.097,0,0,0,18924,18953,0,0,0,0,0
2020-07-20T10:00:00Z,30,3.190733,2.321,6.439,12.2727,12.204,12.493,9.586207,-13,118,-27.033333,-60,64,7.097,7.097,7.097,0,0,0,18954,18983,0,0,0,0,0
2020-07-20T11:00:00Z,30,1.483333,0.975,3.374,12.2005,12.19,12.209,-11.933333,-12,-11,-44.9,-60,-35,7.097,7.097,7.097,0,0,0,18984,19013,0,0,0,0,0
2020-07-20T12:00:00Z,30,1.013533,0.987,1.034,12.187333,12.176,12.195,-11.6,-12,-11,-40.433333,-52,-27,7.097,7.097,7.097,0,0,0,19014,19043,0,0,0,0,0
2020-07-20T13:00:00Z,30,1.044967,1.022,1.081,12.1786,12.166,12.185,-11.3,-14,-11,-38.033333,-68,-27,7.097,7.097,7.097,0,0,0,19044,19073,0,0,0,0,0
2020-07-20T14:00:00Z,29,1.077862,1.045,1.092,12.165034,12.157,12.176,-13,-14,-12,-56.965517,-68,-52,7.097,7.097,7.097,0,0,0,19074,19103,0,0,0,0,0
2020-07-20T15:00:00Z,30,1.1037,1.081,1.127,12.1545,12.147,12.162,-12.833333,-13,-12,-53.766667,-60,-43,7.097,7.097,7.097,0,0,0,19104,19133,0,0,0,0,0
2020-07-20T16:00:00Z,30,1.126033,1.116,1.139,12.147233,12.143,12.152,-12.1,-13,-11,-46.633333,-60,-35,7.097,7.097,7.097,0,0,0,19134,19163,0,0,0,0,0
2020-07-20T17:00:00Z,30,1.143367,1.127,1.162,12.1399,12.128,12.147,-11.933333,-12,-11,-42.066667,-52,-35,7.097,7.097,7.097,0,0,0,19164,19193,0,0,0,0,0
2020-07-20T18:00:00Z,30,1.161333,1.139,1.174,12.133867,12.124,12.143,-11.566667,-12,-11,-36.366667,-52,-27,7.097,7.097,7.097,0,0,0,19194,19223,0,0,0,0,0
2020-07-20T19:00:00Z,31,1.173226,1.162,1.186,12.127645,12.119,12.133,-11.129032,-12,-11,-30.516129,-43,-18,7.097,7.097,7.097,0,0,0,19224,19254,0,0,0,0,0
2020-07-20T20:00:00Z,30,1.193833,1.174,1.209,12.120633,12.114,12.128,-10.966667,-12,-10,-25.666667,-35,-18,7.097,7.097,7.097,0,0,0,19255,19284,0,0,0,0,0
2020-07-20T21:00:00Z,30,1.207333,1.198,1.233,12.116567,12.11,12.124,-10.566667,-11,-10,-18.833333,-27,-10,7.097,7.097,7.097,0,0,0,19285,19314,0,0,0,0,0
2020-07-20T22:00:00Z,30,2.998233,1.209,13.424,12.1098,12.105,12.114,-10.166667,-11,-10,-15.133333,-27,-2,7.097,7.097,7.097,0,0,0,19315,19344,0,0,0,0,0
2020-07-20T23:00:00Z,30,6.885767,2.683,14.594,12.108267,12.095,12.119,-8.37931,-11,0,-7.666667,-27,14,7.097,7.097,7.097,0,0,0,19345,19374,0,0,0,0,0
2020-07-21T00:00:00Z,30,13.192833,4.602,15.144,12.180533,12.1,12.299,20.3,-10,59,17.266667,-18,64,7.097,7.097,7.097,0,0,0,19375,19404,0,0,0,0,0
2020-07-21T01:00:00Z,30,13.563233,13.471,13.646,12.3312,12.27,12.427,61.866667,34,97,63.933333,30,105,7.097,7.097,7.097,0,0,0,19405,19434,0,0,0,0,0
2020-07-21T02:00:00Z,30,14.059267,13.295,22.07,12.345333,12.233,12.531,57.3,-10,126,55,-18,138,7.097,7.097,7.097,0,0,0,19435,19464,0,0,0,0,0
2020-07-21T03:00:00Z,30,14.316767,13.518,20.737,12.261433,12.199,12.37,21.633333,-11,67,11.4,-27,64,7.097,7.097,7.097,0,0,0,19465,19494,0,0,0,0,0
2020-07-21T04:00:00Z,30,13.5738,13.506,13.623,12.3162,12.285,12.374,40.566667,30,66,25.133333,5,64,7.097,7.097,7.097,0,0,0,19495,19524,0,0,0,0,0
2020-07-21T05:00:00Z,30,13.504767,13.307,13.576,12.389333,12.332,12.587,64.566667,44,169,43.366667,-2,155,7.097,7.097,7.097,0,0,0,19525,19554,0,0,0,0,0
2020-07-21T06:00:00Z,30,14.123333,12.547,21.977,12.4711,12.143,13.146,70.633333,-59,340,1.866667,-309,246,7.097,7.097,7.097,0.166667,0,1,19555,19584,0,0,0,0,0
2020-07-21T07:00:00Z,30,13.367933,13.12,13.553,12.482333,12.337,12.677,74.3,20,159,47.166667,-10,122,7.097,7.097,7.097,0,0,0,19585,19614,0,0,0,0,0
2020-07-21T08:00:00Z,30,11.3969,3.619,15.846,12.320233,12.223,12.587,17.166667,-12,142,-15.366667,-60,88,7.097,7.097,7.097,0,0,0,19615,19644,0,0,0,0,0
2020-07-21T09:00:00Z,30,3.831567,3.619,4.216,12.203433,12.185,12.223,-10.233333,-11,-10,-21.866667,-35,-10,7.097,7.097,7.097,0,0,0,19645,19674,0,0,0,0,0
2020-07-21T10:00:00Z,30,3.1686,2.508,3.666,12.179233,12.171,12.199,-10.413793,-11,-10,-24.733333,-43,-18,7.097,7.097,7.097,0,0,0,19675,19704,0,0,0,0,0
2020-07-21T11:00:00Z,30,1.7494,1.057,3.783,12.163933,12.152,12.223,-9.533333,-11,14,-21.266667,-35,-10,7.097,7.097,7.097,0,0,0,19705,19734,0,0,0,0,0
2020-07-21T12:00:00Z,30,1.105633,1.081,1.127,12.1482,12.138,12.157,-10.5,-13,-10,-23.533333,-60,-10,7.097,7.097,7.097,0,0,0,19735,19764,0,0,0,0,0
2020-07-21T13:00:00Z,30,1.153033,1.127,1.186,12.131633,12.124,12.143,-12.233333,-13,-12,-45.733333,-60,-35,7.097,7.097,7.097,0,0,0,19765,19794,0,0,0,0,0
2020-07-21T14:00:00Z,30,1.190333,1.162,1.209,12.117667,12.11,12.128,-11.966667,-12,-11,-41.866667,-52,-35,7.097,7.097,7.097,0,0,0,19795,19824,0,0,0,0,0
2020-07-21T15:00:00Z,30,1.224833,1.198,1.244,12.1069,12.095,12.114,-11.733333,-12,-11,-36.6,-43,-27,7.097,7.097,7.097,0,0,0,19825,19854,0,0,0,0,0
2020-07-21T16:00:00Z,31,1.255258,1.233,1.268,12.097968,12.091,12.105,-11.193548,-12,-11,-30.580645,-43,-18,7.097,7.097,7.097,0,0,0,19855,19885,0,0,0,0,0
2020-07-21T17:00:00Z,30,1.2685,1.244,1.291,12.093933,12.081,12.1,-11.033333,-12,-11,-23.066667,-35,-10,7.097,7.097,7.097,0,0,0,19886,19915,0,0,0,0,0
2020-07-21T18:00:00Z,30,1.295433,1.268,1.315,12.0873,12.081,12.095,-10.633333,-11,-10,-19.9,-27,-10,7.097,7.097,7.097,0,0,0,19916,19945,0,0,0,0,0
2020-07-21T19:00:00Z,30,1.318933,1.279,1.35,12.079733,12.072,12.091,-10.366667,-11,-10,-17.6,-27,-10,7.097,7.097,7.097,0,0,0,19946,19975,0,0,0,0,0
2020-07-21T20:00:00Z,30,1.341933,1.315,1.373,12.074367,12.067,12.081,-10.233333,-11,-10,-14.1,-27,-10,7.097,7.097,7.097,0,0,0,19976,20005,0,0,0,0,0
2020-07-21T21:00:00Z,30,1.354367,1.338,1.373,12.072233,12.067,12.081,-9.966667,-10,-9,-6,-18,-2,7.097,7.097,7.097,0,0,0,20006,20035,0,0,0,0,0
2020-07-21T22:00:00Z,30,3.8976,1.361,14.337,12.0657,12.058,12.072,-9.8,-10,-9,-6.333333,-18,5,7.097,7.097,7.097,0,0,0,20036,20065,0,0,0,0,0
2020-07-21T23:00:00Z,30,8.001833,3.21,15.706,12.069,12.058,12.1,-7.464286,-10,4,-0.166667,-10,14,7.097,7.097,7.097,0,0,0,20066,20095,0,0,0,0,0
2020-07-22T00:00:00Z,30,13.750933,13.658,13.857,12.174433,12.1,12.256,28.3,4,51,32.866667,14,64,7.097,7.097,7.097,0,0,0,20096,20125,0,0,0,0,0
2020-07-22T01:00:00Z,30,14.083967,13.459,21.86,12.335233,12.228,12.431,74.166667,-6,103,85.633333,55,122,7.097,7.097,7.097,0,0,0,20126,20155,0,0,0,0,0
2020-07-22T02:00:00Z,30,14.453733,13.143,21.942,12.485567,12.237,12.658,102.3,-9,163,109.8,-10,163,7.097,7.097,7.097,0,0,0,20156,20185,0,0,0,0,0
2020-07-22T03:00:00Z,30,13.2416,13.085,13.623,12.586367,12.28,12.706,126.566667,1,173,118.866667,-10,163,7.097,7.097,7.097,0,0,0,20186,20215,0,0,0,0,0
2020-07-22T04:00:00Z,30,13.2852,13.003,13.623,12.553,12.28,12.767,106.5,-2,194,88.2,-18,171,7.097,7.097,7.097,0,0,0,20216,20245,0,0,0,0,0
2020-07-22T05:00:00Z,30,14.860833,12.944,22.258,12.460367,11.987,12.81,54.766667,-177,216,2,-400,171,7.097,7.097,7.097,0.1,0,1,20246,20275,0,0,0,0,0
2020-07-22T06:00:00Z,30,13.084267,13.038,13.295,12.709467,12.573,12.739,151.266667,100,173,123.033333,64,147,7.097,7.097,7.097,0,0,0,20276,20305,0,0,0,0,0
2020-07-22T07:00:00Z,30,13.200533,12.862,13.763,12.610433,12.195,12.909,107.2,-70,293,45.933333,-342,263,7.097,7.097,7.097,0.1,0,1,20306,20335,0,0,0,0,0
2020-07-22T08:00:00Z,30,14.341367,13.026,22.328,12.5489,12.001,12.814,79.733333,-139,215,20.3,-375,180,7.097,7.097,7.097,0.033333,0,1,20336,20365,0,0,0,0,0
2020-07-22T09:00:00Z,29,13.427241,12.862,13.904,12.437345,12.048,12.909,38.206897,-134,291,-73.37931,-409,205,7.097,7.097,7.097,0.241379,0,1,20366,20395,0,0,0,0,0
2020-07-22T10:00:00Z,29,8.408069,2.508,14.582,12.324207,12.242,12.739,13.862069,-16,243,-43.310345,-101,221,7.097,7.097,7.097,0,0,0,20396,20425,0,0,0,0,0
2020-07-22T11:00:00Z,30,1.4045,0,5.714,12.286633,12.223,12.507,5.266667,-13,113,-36.466667,-60,64,7.097,7.097,7.097,0,0,0,20426,20455,0,0,0,0,0
2020-07-22T12:00:00Z,30,0.9335,0.905,0.964,12.216367,12.204,12.228,-12.666667,-13,-12,-56,-68,-52,7.097,7.097,7.097,0,0,0,20456,20485,0,0,0,0,0
2020-07-22T13:00:00Z,30,0.9765,0.952,0.999,12.201733,12.195,12.209,-12.333333,-13,-12,-52.7,-68,-43,7.097,7.097,7.097,0,0,0,20486,20515,0,0,0,0,0
2020-07-22T14:00:00Z,31,1.017097,0.987,1.045,12.186323,12.176,12.195,-13.290323,-15,-12,-62.225806,-85,-43,7.097,7.097,7.097,0,0,0,20516,20546,0,0,0,0,0
2020-07-22T15:00:00Z,30,1.050033,1.034,1.069,12.173633,12.166,12.185,-14.166667,-15,-14,-73.333333,-85,-68,7.097,7.097,7.097,0,0,0,20547,20576,0,0,0,0,0
2020-07-22T16:00:00Z,30,1.075333,1.057,1.092,12.164667,12.157,12.171,-13.933333,-15,-13,-67.1,-77,-60,7.097,7.097,7.097,0,0,0,20577,20606,0,0,0,0,0
2020-07-22T17:00:00Z,30,1.0942,1.081,1.104,12.157167,12.152,12.162,-13.533333,-14,-13,-61.633333,-77,-52,7.097,7.097,7.097,0,0,0,20607,20636,0,0,0,0,0
2020-07-22T18:00:00Z,30,1.1114,1.092,1.127,12.150367,12.143,12.157,-13.033333,-14,-12,-54.6,-60,-43,7.097,7.097,7.097,0,0,0,20637,20666,0,0,0,0,0
2020-07-22T19:00:00Z,29,1.130759,1.116,1.139,12.143069,12.133,12.147,-12.482759,-13,-12,-50.034483,-60,-43,7.097,7.097,7.097,0,0,0,20668,20696,0,0,0,0,0
2020-07-22T20:00:00Z,30,1.148033,1.139,1.174,12.137133,12.128,12.147,-12.266667,-13,-12,-45.2,-60,-35,7.097,7.097,7.097,0,0,0,20697,20726,0,0,0,0,0
2020-07-22T21:00:00Z,30,1.163433,1.151,1.186,12.130067,12.124,12.138,-12,-12,-12,-41.466667,-52,-35,7.097,7.097,7.097,0,0,0,20727,20756,0,0,0,0,0
2020-07-22T22:00:00Z,30,2.957267,1.162,9.025,12.124067,12.119,12.128,-11.7,-12,-11,-35.266667,-43,-27,7.097,7.097,7.097,0,0,0,20757,20786,0,0,0,0,0
2020-07-22T23:00:00Z,30,8.265933,2.976,14.98,12.1236,12.114,12.147,-9.103448,-12,5,-29.166667,-43,-18,7.097,7.097,7.097,0,0,0,20787,20816,0,0,0,0,0
2020-07-23T00:00:00Z,30,13.853767,13.646,17.624,12.193033,12.152,12.256,21.566667,5,41,1,-27,30,7.097,7.097,7.097,0,0,0,20817,20846,0,0,0,0,0
2020-07-23T01:00:00Z,30,15.0343,13.436,22.269,12.288933,12.143,12.445,48.433333,-11,108,30.5,-35,97,7.097,7.097,7.097,0,0,0,20847,20876,0,0,0,0,0
2020-07-23T02:00:00Z,30,13.475167,13.237,13.693,12.396767,12.228,12.564,75.866667,12,150,58.9,-10,138,7.097,7.097,7.097,0,0,0,20877,20906,0,0,0,0,0
2020-07-23T03:00:00Z,30,13.222433,13.073,13.553,12.596733,12.332,12.71,132.233333,16,174,113.3,-18,155,7.097,7.097,7.097,0,0,0,20907,20936,0,0,0,0,0
2020-07-23T04:00:00Z,29,13.978828,12.991,21.169,12.68069,12.398,12.805,155.827586,-11,189,118.655172,-251,163,7.097,7.097,7.097,0.068966,0,1,20937,20966,0,0,0,0,0
2020-07-23T05:00:00Z,30,13.250433,12.956,13.892,12.5776,12.072,12.8,100.566667,-135,180,49.066667,-384,147,7.097,7.097,7.097,0.033333,0,1,20967,20996,0,0,0,0,0
2020-07-23T06:00:00Z,29,13.263552,12.968,13.576,12.572414,12.318,12.791,87.068966,2,173,39.172414,-60,130,7.097,7.097,7.097,0,0,0,20997,21026,0,0,0,0,0
2020-07-23T07:00:00Z,29,14.645655,13.155,21.591,12.472448,12.299,12.649,52.75,-14,116,-6.724138,-77,80,7.097,7.097,7.097,0,0,0,21027,21056,0,0,0,0,0
2020-07-23T08:00:00Z,29,13.185552,13.155,13.249,12.606931,12.564,12.644,91.206897,71,108,24.586207,5,47,7.097,7.097,7.097,0,0,0,21057,21086,0,0,0,0,0
2020-07-23T09:00:00Z,30,8.257367,3.268,14.992,12.335567,11.987,12.966,2.9,-174,239,-65.833333,-334,171,7.097,7.097,7.097,0.033333,0,1,21087,21116,0,0,0,0,0
2020-07-23T10:00:00Z,30,1.905133,0,3.947,12.373567,12.105,12.923,32.3,-97,283,-30.833333,-259,263,7.097,7.097,7.097,0.133333,0,1,21117,21146,0,0,0,0,0
2020-07-23T11:00:00Z,31,0.652484,0,1.209,12.322452,12.251,12.611,8.290323,-14,142,-46.806452,-77,80,7.097,7.097,7.097,0,0,0,21147,21177,0,0,0,0,0
2020-07-23T12:00:00Z,29,0.524276,0,0.917,12.324034,12.242,12.559,11.357143,-15,90,-39.310345,-77,97,7.097,7.097,7.097,0,0,0,21178,21207,0,0,0,0,0
2020-07-23T13:00:00Z,30,0.906967,0.332,0.975,12.2318,12.214,12.266,-12.8,-15,-4,-65.666667,-85,-43,7.097,7.097,7.097,0,0,0,21208,21237,0,0,0,0,0
2020-07-23T14:00:00Z,30,0.986267,0.964,0.999,12.209433,12.199,12.218,-15.066667,-16,-14,-82.333333,-93,-77,7.097,7.097,7.097,0,0,0,21238,21267,0,0,0,0,0
2020-07-23T15:00:00Z,30,1.012167,0.999,1.034,12.197533,12.19,12.204,-14.233333,-15,-13,-76.2,-85,-68,7.097,7.097,7.097,0,0,0,21268,21297,0,0,0,0,0
2020-07-23T16:00:00Z,30,1.032167,1.01,1.045,12.188867,12.181,12.199,-13.6,-14,-13,-64.066667,-77,-52,7.097,7.097,7.097,0,0,0,21298,21327,0,0,0,0,0
2020-07-23T17:00:00Z,30,0.9852,0.098,1.069,12.1857,12.176,12.251,-11.133333,-14,20,-53.433333,-68,-2,7.097,7.097,7.097,0,0,0,21328,21357,0,0,0,0,0
2020-07-23T18:00:00Z,27,1.066296,1.034,1.092,12.175259,12.162,12.185,-12.296296,-13,-12,-47.962963,-60,-35,7.097,7.097,7.097,0,0,0,21358,21387,0,0,0,0,0
2020-07-23T19:00:00Z,30,1.085733,1.069,1.104,12.168433,12.162,12.176,-11.933333,-12,-11,-40.166667,-52,-27,7.097,7.097,7.097,0,0,0,21388,21417,0,0,0,0,0
2020-07-23T20:00:00Z,30,1.103133,1.092,1.127,12.161467,12.152,12.171,-11.333333,-12,-11,-34.2,-43,-27,7.097,7.097,7.097,0,0,0,21418,21447,0,0,0,0,0
2020-07-23T21:00:00Z,30,1.118767,1.104,1.127,12.1535,12.147,12.162,-10.966667,-12,-10,-27.266667,-43,-18,7.097,7.097,7.097,0,0,0,21448,21477,0,0,0,0,0
2020-07-23T22:00:00Z,30,1.800367,1.127,4.684,12.146967,12.143,12.152,-10.633333,-11,-10,-23.633333,-35,-10,7.097,7.097,7.097,0,0,0,21478,21507,0,0,0,0,0
2020-07-23T23:00:00Z,30,7.188667,2.906,13.857,12.143867,12.138,12.152,-10.133333,-11,-10,-14.833333,-27,-10,7.097,7.097,7.097,0,0,0,21508,21537,0,0,0,0,0
2020-07-24T00:00:00Z,30,5.5098,3.549,12.792,12.136167,12.128,12.143,-9.933333,-11,-9,-11.133333,-27,5,7.097,7.097,7.097,0,0,0,21538,21567,0,0,0,0,0
2020-07-24T01:00:00Z,30,14.500933,13.705,21.298,12.1727,12.138,12.204,5.833333,-10,17,6.233333,-18,22,7.097,7.097,7.097,0,0,0,21568,21597,0,0,0,0,0
2020-07-24T02:00:00Z,30,13.5419,13.178,13.728,12.344033,12.19,12.602,72.366667,15,165,74.933333,14,163,7.097,7.097,7.097,0,0,0,21598,21627,0,0,0,0,0
2020-07-24T03:00:00Z,30,13.315667,12.944,13.775,12.535,12.176,12.819,109.233333,-36,217,45.066667,-267,213,7.097,7.097,7.097,0.266667,0,1,21628,21657,0,0,0,0,0
2020-07-24T04:00:00Z,30,13.576167,12.968,21.158,12.6026,12.199,12.805,121.633333,-54,207,96.566667,-284,196,7.097,7.097,7.097,0.1,0,1,21658,21687,0,0,0,0,0
2020-07-24T05:00:00Z,30,14.8055,13.003,21.462,12.538533,12.351,12.767,76.066667,-10,186,72.6,-27,163,7.097,7.097,7.097,0,0,0,21688,21717,0,0,0,0,0
2020-07-24T06:00:00Z,30,13.1901,12.979,13.529,12.624733,12.36,12.796,104.066667,10,180,89.266667,-18,163,7.097,7.097,7.097,0,0,0,21718,21747,0,0,0,0,0
2020-07-24T07:00:00Z,30,12.139067,3.701,13.623,12.423833,12.261,12.691,37.6,-12,136,15.733333,-52,122,7.097,7.097,7.097,0,0,0,21748,21777,0,0,0,0,0
2020-07-24T08:00:00Z,31,2.795613,1.549,3.596,12.341516,12.256,12.748,22.733333,-11,209,16.709677,-27,163,7.097,7.097,7.097,0,0,0,21778,21808,0,0,0,0,0
2020-07-24T09:00:00Z,30,2.996633,2.251,4.45,12.252833,12.223,12.341,-5.166667,-10,34,-7.633333,-27,55,7.097,7.097,7.097,0,0,0,21809,21838,0,0,0,0,0
2020-07-24T10:00:00Z,30,2.775567,1.315,3.608,12.232667,12.209,12.545,-3.266667,-11,141,-10.233333,-27,105,7.097,7.097,7.097,0,0,0,21839,21868,0,0,0,0,0
2020-07-24T11:00:00Z,30,1.158533,0.975,1.958,12.201167,12.19,12.209,-10.3,-12,-9,-17.933333,-43,-10,7.097,7.097,7.097,0,0,0,21869,21898,0,0,0,0,0
2020-07-24T12:00:00Z,30,1.0275,1.01,1.045,12.1852,12.176,12.195,-11.833333,-13,-11,-39.6,-52,-35,7.097,7.097,7.097,0,0,0,21899,21928,0,0,0,0,0
2020-07-24T13:00:00Z,30,1.059833,1.034,1.092,12.176433,12.166,12.185,-11.266667,-12,-11,-33.4,-43,-27,7.097,7.097,7.097,0,0,0,21929,21958,0,0,0,0,0
2020-07-24T14:00:00Z,30,1.0784,1.069,1.092,12.170267,12.162,12.176,-10.733333,-11,-10,-22.3,-35,-10,7.097,7.097,7.097,0,0,0,21959,21988,0,0,0,0,0
2020-07-24T15:00:00Z,30,1.105533,1.092,1.127,12.160567,12.152,12.171,-10.466667,-11,-10,-19.3,-35,-10,7.097,7.097,7.097,0,0,0,21989,22018,0,0,0,0,0
2020-07-24T16:00:00Z,30,1.1257,1.104,1.139,12.153,12.147,12.162,-10.1,-11,-10,-14.3,-27,-10,7.097,7.097,7.097,0,0,0,22019,22048,0,0,0,0,0
2020-07-24T17:00:00Z,30,1.142133,1.116,1.162,12.1455,12.138,12.157,-9.866667,-10,-9,-11.366667,-27,-2,7.097,7.097,7.097,0,0,0,22049,22078,0,0,0,0,0
2020-07-24T18:00:00Z,30,1.162567,1.151,1.174,12.137633,12.133,12.147,-9.533333,-10,-8,-5.3,-18,5,7.097,7.097,7.097,0,0,0,22079,22108,0,0,0,0,0
2020-07-24T19:00:00Z,30,1.1804,1.162,1.198,12.130233,12.124,12.133,-9.166667,-10,-9,-3.233333,-18,5,7.097,7.097,7.097,0,0,0,22109,22138,0,0,0,0,0
2020-07-24T20:00:00Z,30,1.190367,1.174,1.209,12.1252,12.119,12.133,-9.033333,-10,-9,1.566667,-10,14,7.097,7.097,7.097,0,0,0,22139,22168,0,0,0,0,0
2020-07-24T21:00:00Z,30,1.208967,1.186,1.233,12.1187,12.11,12.124,-8.966667,-10,-8,0.266667,-10,5,7.097,7.097,7.097,0,0,0,22169,22198,0,0,0,0,0
2020-07-24T22:00:00Z,30,2.834467,1.198,11.611,12.1136,12.105,12.119,-8.666667,-9,-8,6.133333,-10,14,7.097,7.097,7.097,0,0,0,22199,22228,0,0,0,0,0
2020-07-24T23:00:00Z,30,7.265233,2.999,16.408,12.111833,12.105,12.128,-7.033333,-9,2,11.533333,5,22,7.097,7.097,7.097,0,0,0,22229,22258,0,0,0,0,0
2020-07-25T00:00:00Z,30,13.755933,13.693,13.834,12.1693,12.114,12.228,19.034483,2,37,32.566667,14,55,7.097,7.097,7.097,0,0,0,22259,22288,0,0,0,0,0
2020-07-25T01:00:00Z,30,13.694333,13.506,17.355,12.332033,12.228,12.393,67.966667,35,84,85.433333,47,105,7.097,7.097,7.097,0,0,0,22289,22318,0,0,0,0,0
2020-07-25T02:00:00Z,30,14.926333,13.155,21.953,12.470167,12.251,12.625,86.433333,-8,140,101.2,-2,155,7.097,7.097,7.097,0,0,0,22319,22348,0,0,0,0,0
2020-07-25T03:00:00Z,29,13.173897,13.015,13.471,12.645138,12.422,12.758,136.172414,34,176,139.413793,39,180,7.097,7.097,7.097,0,0,0,22349,22378,0,0,0,0,0
2020-07-25T04:00:00Z,30,13.1382,12.991,13.494,12.669933,12.412,12.777,136.7,25,182,132.133333,22,180,7.097,7.097,7.097,0,0,0,22379,22408,0,0,0,0,0
2020-07-25T05:00:00Z,31,14.487645,12.991,22.176,12.511548,12.081,12.814,71.064516,-136,185,54.16129,-367,171,7.097,7.097,7.097,0.032258,0,1,22409,22439,0,0,0,0,0
2020-07-25T06:00:00Z,30,13.0786,13.003,13.483,12.7158,12.417,12.772,134.933333,16,164,119.5,-18,155,7.097,7.097,7.097,0,0,0,22440,22469,0,0,0,0,0
2020-07-25T07:00:00Z,30,13.322233,13.073,13.541,12.525533,12.36,12.72,64.766667,0,141,39.9,-35,130,7.097,7.097,7.097,0,0,0,22470,22499,0,0,0,0,0
2020-07-25T08:00:00Z,30,14.603033,13.12,21.485,12.535467,12.384,12.734,59.9,-12,158,21.666667,-60,80,7.097,7.097,7.097,0,0,0,22500,22529,0,0,0,0,0
2020-07-25T09:00:00Z,29,13.413103,13.015,13.541,12.458069,12.341,12.772,39.551724,9,157,-4.965517,-43,113,7.097,7.097,7.097,0,0,0,22530,22559,0,0,0,0,0
2020-07-25T10:00:00Z,30,5.0234,1.455,13.974,12.501667,12.195,12.881,57.366667,-85,213,8.833333,-317,155,7.097,7.097,7.097,0.133333,0,1,22560,22589,0,0,0,0,0
2020-07-25T11:00:00Z,30,0.849967,0,4.895,12.419433,12.275,12.635,36.833333,-13,124,17.9,-52,163,7.097,7.097,7.097,0,0,0,22590,22619,0,0,0,0,0
2020-07-25T12:00:00Z,29,0.677207,0,0.882,12.280414,12.251,12.502,-3.655172,-14,89,-23.137931,-43,47,7.097,7.097,7.097,0,0,0,22621,22649,0,0,0,0,0
2020-07-25T13:00:00Z,30,0.9082,0.87,0.94,12.239333,12.228,12.251,-10.633333,-11,-10,-27.4,-35,-18,7.097,7.097,7.097,0,0,0,22650,22679,0,0,0,0,0
2020-07-25T14:00:00Z,30,0.960167,0.928,0.987,12.2193,12.204,12.233,-12.033333,-13,-10,-46.866667,-68,-27,7.097,7.097,7.097,0,0,0,22680,22709,0,0,0,0,0
2020-07-25T15:00:00Z,30,0.9925,0.975,1.022,12.204733,12.195,12.214,-12.4,-13,-12,-49.8,-60,-35,7.097,7.097,7.097,0,0,0,22710,22739,0,0,0,0,0
2020-07-25T16:00:00Z,30,1.017633,0.999,1.034,12.195167,12.185,12.204,-12,-13,-11,-45.466667,-52,-35,7.097,7.097,7.097,0,0,0,22740,22769,0,0,0,0,0
2020-07-25T17:00:00Z,30,1.037967,1.022,1.057,12.1874,12.171,12.195,-11.633333,-12,-11,-39.4,-52,-27,7.097,7.097,7.097,0,0,0,22770,22799,0,0,0,0,0
2020-07-25T18:00:00Z,30,1.057033,1.034,1.081,12.180467,12.171,12.19,-11.133333,-12,-11,-33.933333,-43,-27,7.097,7.097,7.097,0,0,0,22800,22829,0,0,0,0,0
2020-07-25T19:00:00Z,30,1.072967,1.057,1.092,12.1745,12.166,12.181,-10.9,-11,-10,-29.4,-35,-27,7.097,7.097,7.097,0,0,0,22830,22859,0,0,0,0,0
2020-07-25T20:00:00Z,29,1.086276,1.069,1.104,12.169,12.162,12.176,-10.62069,-11,-10,-21.758621,-35,-10,7.097,7.097,7.097,0,0,0,22860,22889,0,0,0,0,0
2020-07-25T21:00:00Z,30,1.102067,1.081,1.127,12.1617,12.152,12.171,-10.3,-11,-10,-16.3,-27,-10,7.097,7.097,7.097,0,0,0,22890,22919,0,0,0,0,0
2020-07-25T22:00:00Z,28,2.018607,1.104,5.129,12.156286,12.147,12.162,-10,-10,-10,-13.178571,-27,-2,7.097,7.097,7.097,0,0,0,22920,22947,0,0,0,0,0
2020-07-25T23:00:00Z,30,9.8154,2.882,15.46,12.165167,12.147,12.195,-3.2,-10,12,-5.433333,-18,14,7.097,7.097,7.097,0,0,0,22950,22979,0,0,0,0,0
2020-07-26T00:00:00Z,30,13.699767,13.541,14.933,12.245767,12.152,12.341,27.533333,-11,68,23.566667,-18,64,7.097,7.097,7.097,0,0,0,22980,23009,0,0,0,0,0
2020-07-26T01:00:00Z,31,13.605548,13.494,13.705,12.297129,12.209,12.412,39.806452,9,92,37.322581,5,97,7.097,7.097,7.097,0,0,0,23010,23040,0,0,0,0,0
2020-07-26T02:00:00Z,30,13.444267,12.968,14.044,12.421767,11.944,12.814,82.466667,-155,236,53.4,-375,221,7.097,7.097,7.097,0.1,0,1,23041,23070,0,0,0,0,0
2020-07-26T03:00:00Z,30,14.535867,12.769,22.878,12.444233,12.034,13.008,55.413793,-126,292,-105.1,-400,230,7.097,7.097,7.097,0.6,0,1,23071,23100,0,0,0,0,0
2020-07-26T04:00:00Z,30,13.253667,12.64,13.951,12.584667,12.015,13.06,100.166667,-150,312,25.933333,-384,296,7.097,7.097,7.097,0.266667,0,1,23101,23130,0,0,0,0,0
2020-07-26T05:00:00Z,30,13.3722,12.722,13.845,12.501967,12.128,13.089,71.533333,-103,344,-47,-350,362,7.097,7.097,7.097,0.366667,0,1,23131,23160,0,0,0,0,0
2020-07-26T06:00:00Z,30,14.0812,12.699,21.918,12.6845,12.289,13.117,106.2,-164,274,27.633333,-400,205,7.097,7.097,7.097,0.233333,0,1,23161,23190,0,0,0,0,0
2020-07-26T07:00:00Z,30,13.370967,12.64,13.798,12.5036,12.166,13.15,56.566667,-91,350,-117.366667,-359,288,7.097,7.097,7.097,0.5,0,1,23191,23220,0,0,0,0,0
2020-07-26T08:00:00Z,30,13.245833,12.687,13.775,12.572467,12.171,13.065,72.933333,-96,290,-14,-375,263,7.097,7.097,7.097,0.166667,0,1,23221,23250,0,0,0,0,0
2020-07-26T09:00:00Z,30,11.765333,3.397,13.564,12.435267,12.294,12.545,29.6,-14,95,-21.166667,-77,55,7.097,7.097,7.097,0,0,0,23251,23280,0,0,0,0,0
2020-07-26T10:00:00Z,29,2.751241,1.081,3.853,12.387345,12.28,12.687,24.37931,-12,147,-10.068966,-60,147,7.097,7.097,7.097,0,0,0,23281,23310,0,0,0,0,0
2020-07-26T11:00:00Z,30,0.665367,0,2.988,12.408233,12.299,12.597,28.566667,-13,129,-0.3,-52,97,7.097,7.097,7.097,0,0,0,23311,23340,0,0,0,0,0
2020-07-26T12:00:00Z,29,0.548793,0,0.858,12.326724,12.261,12.568,3.103448,-12,94,-31.310345,-60,80,7.097,7.097,7.097,0,0,0,23341,23370,0,0,0,0,0
2020-07-26T13:00:00Z,30,0.8751,0.847,0.917,12.251233,12.237,12.266,-12.033333,-14,-11,-48.866667,-77,-35,7.097,7.097,7.097,0,0,0,23371,23400,0,0,0,0,0
2020-07-26T14:00:00Z,30,0.932267,0.905,0.952,12.231067,12.223,12.237,-13.9,-15,-13,-68.466667,-77,-60,7.097,7.097,7.097,0,0,0,23401,23430,0,0,0,0,0
2020-07-26T15:00:00Z,30,0.9663,0.94,0.975,12.216567,12.204,12.228,-13.366667,-14,-13,-64.633333,-85,-60,7.097,7.097,7.097,0,0,0,23431,23460,0,0,0,0,0
2020-07-26T16:00:00Z,30,0.9898,0.964,1.01,12.2077,12.195,12.214,-13,-14,-12,-58.7,-77,-52,7.097,7.097,7.097,0,0,0,23461,23490,0,0,0,0,0
2020-07-26T17:00:00Z,30,1.011033,0.987,1.034,12.1979,12.19,12.209,-12.7,-13,-12,-50.866667,-68,-43,7.097,7.097,7.097,0,0,0,23491,23520,0,0,0,0,0
2020-07-26T18:00:00Z,29,1.029345,1.01,1.057,12.189345,12.181,12.195,-12.310345,-13,-12,-46.965517,-60,-35,7.097,7.097,7.097,0,0,0,23521,23550,0,0,0,0,0
2020-07-26T19:00:00Z,30,1.044533,1.022,1.057,12.183867,12.176,12.195,-11.9,-12,-11,-42.333333,-52,-35,7.097,7.097,7.097,0,0,0,23551,23580,0,0,0,0,0
2020-07-26T20:00:00Z,30,1.0618,1.045,1.081,12.177733,12.166,12.185,-11.666667,-12,-11,-38.8,-52,-27,7.097,7.097,7.097,0,0,0,23581,23610,0,0,0,0,0
2020-07-26T21:00:00Z,30,1.0773,1.057,1.092,12.171867,12.162,12.181,-11.1,-12,-11,-34.2,-43,-27,7.097,7.097,7.097,0,0,0,23611,23640,0,0,0,0,0
2020-07-26T22:00:00Z,31,3.516839,1.069,11.014,12.165645,12.157,12.176,-10.83871,-12,-10,-26.774194,-35,-18,7.097,7.097,7.097,0,0,0,23641,23671,0,0,0,0,0
2020-07-26T23:00:00Z,30,5.1997,2.882,13.986,12.158767,12.152,12.166,-10.9,-11,-10,-25.333333,-35,-18,7.097,7.097,7.097,0,0,0,23672,23701,0,0,0,0,0
2020-07-27T00:00:00Z,30,13.053967,4.333,16.15,12.232567,12.147,12.412,22.965517,-11,90,8.833333,-43,72,7.097,7.097,7.097,0,0,0,23702,23731,0,0,0,0,0
2020-07-27T01:00:00Z,30,14.565567,13.319,21.637,12.3868,12.251,12.526,66,-10,110,59.566667,-27,105,7.097,7.097,7.097,0,0,0,23732,23761,0,0,0,0,0
2020-07-27T02:00:00Z,30,13.213867,13.12,13.588,12.5934,12.299,12.673,119.8,2,143,112.566667,-27,138,7.097,7.097,7.097,0,0,0,23762,23791,0,0,0,0,0
2020-07-27T03:00:00Z,29,13.087103,13.015,13.459,12.704793,12.427,12.762,137.517241,18,164,123.862069,5,147,7.097,7.097,7.097,0,0,0,23792,23821,0,0,0,0,0
2020-07-27T04:00:00Z,30,13.222367,12.956,13.646,12.609467,12.327,12.81,93.333333,-11,161,-26.033333,-284,147,7.097,7.097,7.097,0.433333,0,1,23822,23851,0,0,0,0,0
2020-07-27T05:00:00Z,30,14.753167,12.909,22.024,12.363733,12.034,12.857,-2.666667,-178,197,-243.133333,-433,155,7.097,7.097,7.097,0.833333,0,1,23852,23881,0,0,0,0,0
2020-07-27T06:00:00Z,30,13.684167,13.518,13.752,12.2604,12.199,12.412,-14.566667,-40,53,-301.766667,-326,-251,7.097,7.097,7.097,0.966667,0,1,23882,23911,0,0,0,0,0
2020-07-27T07:00:00Z,29,13.152069,13.12,13.202,12.643793,12.587,12.677,111.965517,92,137,50.724138,22,88,7.097,7.097,7.097,0,0,0,23912,23941,0,0,0,0,0
2020-07-27T08:00:00Z,29,13.804517,12.921,21.836,12.554207,12.091,12.848,64.068966,-106,197,-23.551724,-392,30,7.097,7.097,7.097,0.068966,0,1,23942,23971,0,0,0,0,0
2020-07-27T09:00:00Z,30,14.420033,12.687,21.052,12.440233,12.039,13.013,35.466667,-138,310,-79.2,-433,213,7.097,7.097,7.097,0.2,0,1,23972,24001,0,0,0,0,0
2020-07-27T10:00:00Z,30,5.011367,1.279,13.986,12.526233,11.991,12.796,56.066667,-174,202,-9.766667,-467,163,7.097,7.097,7.097,0.033333,0,1,24002,24031,0,0,0,0,0
2020-07-27T11:00:00Z,30,0.871033,0,4.591,12.475533,12.1,13.023,34.6,-114,270,-15.033333,-243,279,7.097,7.097,7.097,0.066667,0,1,24032,24061,0,0,0,0,0
2020-07-27T12:00:00Z,30,0.6246,0,0.823,12.2993,12.27,12.427,-6.466667,-16,49,-55.033333,-77,5,7.097,7.097,7.097,0,0,0,24062,24091,0,0,0,0,0
2020-07-27T13:00:00Z,30,0.701433,0,0.87,12.2829,12.251,12.469,-4.633333,-14,77,-54.4,-93,64,7.097,7.097,7.097,0,0,0,24092,24121,0,0,0,0,0
2020-07-27T14:00:00Z,30,0.8444,0,0.917,12.2526,12.237,12.351,-11.633333,-16,56,-70.6,-93,47,7.097,7.097,7.097,0,0,0,24122,24151,0,0,0,0,0
2020-07-27T15:00:00Z,30,0.781467,0,0.94,12.248867,12.233,12.384,-10.034483,-17,54,-77,-93,-18,7.097,7.097,7.097,0,0,0,24152,24181,0,0,0,0,0
2020-07-27T16:00:00Z,30,0.945967,0.928,0.987,12.2256,12.209,12.233,-14.433333,-15,-14,-75.5,-77,-68,7.097,7.097,7.097,0,0,0,24182,24211,0,0,0,0,0
2020-07-27T17:00:00Z,30,0.9699,0.952,0.987,12.217033,12.209,12.223,-13.633333,-14,-13,-67,-77,-60,7.097,7.097,7.097,0,0,0,24212,24241,0,0,0,0,0
2020-07-27T18:00:00Z,30,0.983533,0.964,0.999,12.210267,12.199,12.223,-13.2,-14,-12,-61.9,-77,-52,7.097,7.097,7.097,0,0,0,24242,24271,0,0,0,0,0
2020-07-27T19:00:00Z,30,0.996833,0.975,1.01,12.203667,12.199,12.209,-12.9,-13,-12,-55.433333,-60,-43,7.097,7.097,7.097,0,0,0,24272,24301,0,0,0,0,0
2020-07-27T20:00:00Z,30,1.0141,0.999,1.022,12.198533,12.19,12.204,-12.533333,-13,-12,-48.3,-60,-35,7.097,7.097,7.097,0,0,0,24302,24331,0,0,0,0,0
2020-07-27T21:00:00Z,30,1.034167,1.022,1.057,12.190167,12.181,12.199,-12.166667,-13,-12,-45.166667,-60,-35,7.097,7.097,7.097,0,0,0,24332,24361,0,0,0,0,0
2020-07-27T22:00:00Z,31,3.505742,1.034,13.529,12.184677,12.181,12.19,-11.870968,-13,-11,-40.258065,-52,-35,7.097,7.097,7.097,0,0,0,24362,24392,0,0,0,0,0
2020-07-27T23:00:00Z,30,7.508567,2.859,20.198,12.1846,12.176,12.204,-9.433333,-12,1,-34.466667,-52,-10,7.097,7.097,7.097,0,0,0,24393,24422,0,0,0,0,0
2020-07-28T00:00:00Z,30,14.487133,13.541,20.971,12.269533,12.181,12.365,25.933333,-12,63,-2.833333,-43,39,7.097,7.097,7.097,0,0,0,24423,24452,0,0,0,0,0
2020-07-28T01:00:00Z,30,13.490367,13.319,13.658,12.3991,12.247,12.512,65.666667,-9,107,36.866667,-43,72,7.097,7.097,7.097,0,0,0,24453,24482,0,0,0,0,0
2020-07-28T02:00:00Z,30,13.418233,13.12,13.623,12.436267,12.275,12.673,69.333333,0,168,38.833333,-35,138,7.097,7.097,7.097,0,0,0,24483,24512,0,0,0,0,0
2020-07-28T03:00:00Z,30,15.006633,12.956,21.93,12.5476,12.119,12.81,95.633333,-123,189,53.366667,-384,155,7.097,7.097,7.097,0.033333,0,1,24513,24542,0,0,0,0,0
2020-07-28T04:00:00Z,30,13.480167,12.933,13.927,12.4132,12.043,12.838,37.034483,-126,209,-182.433333,-392,171,7.097,7.097,7.097,0.733333,0,1,24543,24572,0,0,0,0,0
2020-07-28T05:00:00Z,30,13.6156,13.237,13.752,12.3093,12.199,12.587,7.666667,-34,126,-244.233333,-342,80,7.097,7.097,7.097,0.766667,0,1,24573,24602,0,0,0,0,0
2020-07-28T06:00:00Z,30,14.028067,13.12,20.982,12.549733,12.337,12.677,71.833333,-15,123,10.666667,-93,72,7.097,7.097,7.097,0,0,0,24603,24632,0,0,0,0,0
2020-07-28T07:00:00Z,30,13.5808,12.64,20.877,12.5254,12.181,13.198,63.533333,-87,347,-67.2,-392,238,7.097,7.097,7.097,0.266667,0,1,24633,24662,0,0,0,0,0
2020-07-28T08:00:00Z,29,13.325586,12.839,13.892,12.518172,12.081,12.895,54.965517,-137,238,-73.896552,-433,163,7.097,7.097,7.097,0.172414,0,1,24663,24691,0,0,0,0,0
2020-07-28T09:00:00Z,28,13.4805,13.143,13.6,12.397964,12.289,12.687,19.571429,-12,133,-67.821429,-101,5,7.097,7.097,7.097,0,0,0,24693,24722,0,0,0,0,0
2020-07-28T10:00:00Z,29,6.312034,2.332,15.986,12.273759,12.251,12.427,-11.448276,-17,54,-80.275862,-101,-52,7.097,7.097,7.097,0,0,0,24723,24752,0,0,0,0,0
2020-07-28T11:00:00Z,30,1.584033,0.87,5.304,12.245833,12.233,12.256,-13.7,-14,-13,-69.333333,-77,-60,7.097,7.097,7.097,0,0,0,24753,24782,0,0,0,0,0
2020-07-28T12:00:00Z,30,0.906933,0.882,0.928,12.232333,12.223,12.242,-13.066667,-14,-12,-63.766667,-77,-52,7.097,7.097,7.097,0,0,0,24783,24812,0,0,0,0,0
2020-07-28T13:00:00Z,30,0.4206,0,0.928,12.2963,12.223,12.535,14.7,-14,111,-24.833333,-60,64,7.097,7.097,7.097,0,0,0,24813,24842,0,0,0,0,0
2020-07-28T14:00:00Z,29,0.637379,0,0.987,12.267552,12.209,12.469,4.931034,-15,114,-47.896552,-93,64,7.097,7.097,7.097,0,0,0,24843,24872,0,0,0,0,0
2020-07-28T15:00:00Z,30,0.787233,0,0.999,12.225133,12.199,12.464,-6.933333,-17,109,-61.4,-85,113,7.097,7.097,7.097,0,0,0,24873,24902,0,0,0,0,0
2020-07-28T16:00:00Z,30,1.004533,0.987,1.022,12.201033,12.19,12.209,-13.6,-14,-13,-66.8,-77,-60,7.097,7.097,7.097,0,0,0,24903,24932,0,0,0,0,0
2020-07-28T17:00:00Z,30,1.020867,0.999,1.045,12.193733,12.185,12.204,-13.266667,-14,-13,-61.066667,-68,-52,7.097,7.097,7.097,0,0,0,24933,24962,0,0,0,0,0
2020-07-28T18:00:00Z,30,0.880233,0,1.081,12.206067,12.176,12.36,-5.966667,-13,53,-46.9,-60,64,7.097,7.097,7.097,0,0,0,24963,24992,0,0,0,0,0
2020-07-28T19:00:00Z,30,1.078433,1.057,1.104,12.1807,12.176,12.185,-12.1,-13,-11,-48.633333,-60,-43,7.097,7.097,7.097,0,0,0,24993,25022,0,0,0,0,0
2020-07-28T20:00:00Z,29,1.093828,1.081,1.116,12.173759,12.166,12.181,-11.931034,-13,-11,-40.344828,-52,-35,7.097,7.097,7.097,0,0,0,25023,25052,0,0,0,0,0
2020-07-28T21:00:00Z,29,1.103207,1.081,1.116,12.168034,12.162,12.176,-11.275862,-12,-11,-32.724138,-43,-18,7.097,7.097,7.097,0,0,0,25053,25082,0,0,0,0,0
2020-07-28T22:00:00Z,30,2.958033,1.092,11.751,12.163467,12.157,12.171,-10.966667,-11,-10,-27.9,-35,-18,7.097,7.097,7.097,0,0,0,25083,25112,0,0,0,0,0
2020-07-28T23:00:00Z,30,6.266433,2.847,16.443,12.159567,12.152,12.176,-10.655172,-11,-7,-23,-43,-10,7.097,7.097,7.097,0,0,0,25113,25142,0,0,0,0,0
2020-07-29T00:00:00Z,29,14.238586,13.564,20.339,12.247552,12.157,12.322,25.310345,-11,50,11.448276,-35,39,7.097,7.097,7.097,0,0,0,25143,25172,0,0,0,0,0
2020-07-29T01:00:00Z,31,13.496806,13.377,13.553,12.388258,12.322,12.483,69.774194,48,96,57.129032,30,88,7.097,7.097,7.097,0,0,0,25173,25203,0,0,0,0,0
2020-07-29T02:00:00Z,30,13.275833,13.132,13.506,12.549867,12.427,12.654,103.566667,-8,134,91.566667,-27,130,7.097,7.097,7.097,0,0,0,25204,25233,0,0,0,0,0
2020-07-29T03:00:00Z,29,15.008862,12.804,21.907,12.608966,12.015,13.056,101.482759,-166,358,58.068966,-367,304,7.097,7.097,7.097,0.172414,0,1,25234,25262,0,0,0,0,0
2020-07-29T04:00:00Z,30,13.440433,12.933,13.892,12.442767,12.081,12.833,41.148148,-138,193,-122,-384,171,7.097,7.097,7.097,0.566667,0,1,25263,25292,0,0,0,0,0
2020-07-29T05:00:00Z,30,13.449433,12.979,13.857,12.4366,12.114,12.791,46.9,-93,176,-107.466667,-350,155,7.097,7.097,7.097,0.5,0,1,25293,25322,0,0,0,0,0
2020-07-29T06:00:00Z,31,13.682548,12.664,21.731,12.657452,12.199,13.183,101.322581,-174,391,42.903226,-417,329,7.097,7.097,7.097,0.129032,0,1,25323,25353,0,0,0,0,0
2020-07-29T07:00:00Z,29,13.663069,13.015,21.591,12.689379,12.365,12.758,103.827586,-37,135,69.275862,-184,113,7.097,7.097,7.097,0,0,0,1,25372,0,0,0,0,0
2020-07-29T08:00:00Z,30,13.2537,12.874,13.74,12.568433,12.199,12.9,63.866667,-89,204,0.166667,-359,105,7.097,7.097,7.097,0.066667,0,1,11,40,0,0,0,0,0
2020-07-29T09:00:00Z,30,13.5196,13.213,14.828,12.4021,12.299,12.592,15.034483,-14,72,-35.4,-68,30,7.097,7.097,7.097,0,0,0,41,70,0,0,0,0,0
2020-07-29T10:00:00Z,30,4.507533,2.672,15.799,12.283,12.27,12.356,-10.533333,-15,21,-43.933333,-77,-2,7.097,7.097,7.097,0,0,0,71,100,0,0,0,0,0
2020-07-29T11:00:00Z,31,1.205323,0,3.982,12.358968,12.261,12.777,24.516129,-12,195,0.451613,-52,188,7.097,7.097,7.097,0,0,0,101,131,0,0,0,0,0
2020-07-29T12:00:00Z,28,0.839857,0.343,0.928,12.266536,12.247,12.304,-10.714286,-12,2,-36.75,-52,-2,7.097,7.097,7.097,0,0,0,132,161,0,0,0,0,0
2020-07-29T13:00:00Z,30,0.381633,0,1.233,12.3679,12.001,12.805,34.733333,-163,210,10.233333,-292,180,7.097,7.097,7.097,0.033333,0,1,162,191,0,0,0,0,0
2020-07-29T14:00:00Z,30,0.141067,0,1.326,12.4802,12.015,12.999,42.833333,-187,309,-100.333333,-458,246,7.097,7.097,7.097,0.366667,0,1,192,221,0,0,0,0,0
2020-07-29T15:00:00Z,30,0.309033,0,0.788,12.442333,12.043,12.848,26.7,-153,204,-19.666667,-392,271,7.097,7.097,7.097,0.033333,0,1,222,251,0,0,0,0,0
2020-07-29T16:00:00Z,30,0.6734,0,0.882,12.303033,12.266,12.677,1.666667,-13,195,-32.133333,-68,155,7.097,7.097,7.097,0,0,0,252,281,0,0,0,0,0
2020-07-29T17:00:00Z,29,0.880034,0.145,0.94,12.252379,12.242,12.285,-10.862069,-12,10,-40.310345,-52,-18,7.097,7.097,7.097,0,0,0,282,311,0,0,0,0,0
2020-07-29T18:00:00Z,30,0.938833,0.917,0.964,12.237933,12.228,12.247,-11.266667,-12,-11,-34.2,-43,-27,7.097,7.097,7.097,0,0,0,312,341,0,0,0,0,0
2020-07-29T19:00:00Z,30,0.962933,0.94,0.987,12.228433,12.214,12.237,-10.766667,-11,-10,-27.933333,-35,-18,7.097,7.097,7.097,0,0,0,343,371,0,0,0,0,0
2020-07-29T20:00:00Z,30,0.9828,0.964,0.999,12.218767,12.209,12.228,-10.3,-11,-10,-19.633333,-27,-10,7.097,7.097,7.097,0,0,0,372,401,0,0,0,0,0
2020-07-29T21:00:00Z,30,1.0002,0.987,1.022,12.2119,12.204,12.223,-10,-10,-10,-14.066667,-27,-2,7.097,7.097,7.097,0,0,0,402,431,0,0,0,0,0
2020-07-29T22:00:00Z,30,2.643167,1.01,11.47,12.204567,12.195,12.214,-9.733333,-10,-9,-7.866667,-18,-2,7.097,7.097,7.097,0,0,0,432,461,0,0,0,0,0
2020-07-29T23:00:00Z,30,7.1736,3.116,14.372,12.2061,12.19,12.242,-6.033333,-10,10,-2.466667,-10,5,7.097,7.097,7.097,0,0,0,462,491,0,0,0,0,0
2020-07-30T00:00:00Z,30,13.607267,13.389,13.67,12.292367,12.242,12.493,30.133333,9,127,28.666667,5,155,7.097,7.097,7.097,0,0,0,492,521,0,0,0,0,0
2020-07-30T01:00:00Z,30,14.826967,13.26,22.375,12.385,12.275,12.55,52.066667,-10,115,47.7,-18,122,7.097,7.097,7.097,0,0,0,522,551,0,0,0,0,0
2020-07-30T02:00:00Z,30,13.266533,13.085,13.541,12.560733,12.346,12.753,100.033333,29,185,101.4,22,147,7.097,7.097,7.097,0,0,0,552,581,0,0,0,0,0
2020-07-30T03:00:00Z,30,13.3639,12.956,13.904,12.4985,12.062,12.81,58.133333,-117,194,-73.5,-342,155,7.097,7.097,7.097,0.533333,0,1,582,611,0,0,0,0,0
2020-07-30T04:00:00Z,30,14.509867,12.898,22.655,12.477367,12.067,12.857,55.689655,-176,187,-81.933333,-409,163,7.097,7.097,7.097,0.466667,0,1,612,641,0,0,0,0,0
2020-07-30T05:00:00Z,30,14.1241,12.944,22.667,12.3869,12.029,12.852,12.966667,-177,221,-192.8,-425,230,7.097,7.097,7.097,0.766667,0,1,642,671,0,0,0,0,0
2020-07-30T06:00:00Z,30,13.3659,12.722,13.915,12.495467,12.039,12.994,52.533333,-146,229,-64.866667,-392,180,7.097,7.097,7.097,0.366667,0,1,672,701,0,0,0,0,0
2020-07-30T07:00:00Z,30,12.2732,4.076,13.904,12.4934,12.058,13.231,50.933333,-139,332,-27.566667,-392,246,7.097,7.097,7.097,0.2,0,1,702,731,0,0,0,0,0
2020-07-30T08:00:00Z,30,12.9166,3.865,13.834,12.5183,12.133,13.046,53.9,-108,286,-2.366667,-375,213,7.097,7.097,7.097,0.066667,0,1,732,761,0,0,0,0,0
2020-07-30T09:00:00Z,30,12.1542,3.128,14.863,12.480867,12.015,13.567,41.666667,-161,395,-55.666667,-425,396,7.097,7.097,7.097,0.233333,0,1,762,791,0,0,0,0,0
2020-07-30T10:00:00Z,30,3.0098,2.227,5.363,12.284867,12.266,12.408,-9.066667,-11,33,-27.7,-35,5,7.097,7.097,7.097,0,0,0,792,821,0,0,0,0,0
2020-07-30T11:00:00Z,31,1.48329,0.847,4.099,12.257452,12.251,12.266,-10.387097,-11,-10,-26.548387,-43,-18,7.097,7.097,7.097,0,0,0,822,852,0,0,0,0,0
2020-07-30T12:00:00Z,30,0.685033,0,0.905,12.3054,12.237,12.848,10.8,-12,219,-5.966667,-35,196,7.097,7.097,7.097,0.033333,0,1,853,882,0,0,0,0,0
2020-07-30T13:00:00Z,29,0.305379,0,1.595,12.39831,11.958,13.051,37.857143,-167,340,1.689655,-276,337,7.097,7.097,7.097,0.206897,0,1,883,911,0,0,0,0,0
2020-07-30T14:00:00Z,30,0.845933,0,0.952,12.252433,12.233,12.36,-10.033333,-13,31,-47.1,-60,22,7.097,7.097,7.097,0,0,0,912,941,0,0,0,0,0
2020-07-30T15:00:00Z,31,0.586903,0,0.952,12.292194,12.233,12.791,10.580645,-14,273,-14.290323,-60,321,7.097,7.097,7.097,0,0,0,942,972,0,0,0,0,0
2020-07-30T16:00:00Z,30,0.930133,0.273,0.975,12.227033,12.218,12.256,-10.966667,-12,3,-39.1,-52,-27,7.097,7.097,7.097,0,0,0,973,1002,0,0,0,0,0
2020-07-30T17:00:00Z,30,0.597833,0,0.975,12.254267,12.214,12.408,2.4,-13,59,-14.966667,-43,97,7.097,7.097,7.097,0,0,0,1003,1032,0,0,0,0,0
2020-07-30T18:00:00Z,30,0.8313,0,0.999,12.235533,12.204,12.455,-3.310345,-14,76,-19.666667,-35,72,7.097,7.097,7.097,0,0,0,1033,1062,0,0,0,0,0
2020-07-30T19:00:00Z,30,0.936367,0.063,1.022,12.213233,12.199,12.294,-8.533333,-13,30,-20.333333,-60,30,7.097,7.097,7.097,0,0,0,1063,1092,0,0,0,0,0
2020-07-30T20:00:00Z,30,1.0216,0.999,1.045,12.200267,12.195,12.209,-10.166667,-11,-10,-17.7,-27,-10,7.097,7.097,7.097,0,0,0,1093,1122,0,0,0,0,0
2020-07-30T21:00:00Z,30,1.0318,0.975,1.045,12.1944,12.185,12.204,-10.033333,-12,-9,-11.066667,-18,-2,7.097,7.097,7.097,0,0,0,1123,1152,0,0,0,0,0
2020-07-30T22:00:00Z,30,1.5209,0.32,3.561,12.196067,12.181,12.247,-7.366667,-11,9,-8.533333,-43,39,7.097,7.097,7.097,0,0,0,1153,1182,0,0,0,0,0
2020-07-30T23:00:00Z,30,5.2215,2.473,13.763,12.234067,12.181,12.431,10.633333,-10,130,11.433333,-77,113,7.097,7.097,7.097,0,0,0,1183,1212,0,0,0,0,0
2020-07-31T00:00:00Z,30,8.714067,3.666,14.968,12.198967,12.176,12.318,-2.857143,-11,44,2.633333,-10,64,7.097,7.097,7.097,0,0,0,1213,1242,0,0,0,0,0
2020-07-31T01:00:00Z,30,14.619367,13.506,20.76,12.2483,12.185,12.502,16.8,-9,132,18,-18,130,7.097,7.097,7.097,0,0,0,1243,1272,0,0,0,0,0
2020-07-31T02:00:00Z,30,13.525433,12.652,13.951,12.373067,12.048,13.217,65.333333,-106,505,38.433333,-326,404,7.097,7.097,7.097,0.1,0,1,1273,1302,0,0,1,0,0
2020-07-31T03:00:00Z,30,13.325767,12.394,13.88,12.523667,12.086,13.198,88.366667,-98,414,-19.433333,-317,437,7.097,7.097,7.097,0.5,0,1,1303,1332,0,0,0,0,0
2020-07-31T04:00:00Z,30,14.220067,12.652,23.077,12.520233,12.095,13.117,73.066667,-110,309,-77.466667,-350,329,7.097,7.097,7.097,0.6,0,1,1333,1362,0,0,0,0,0
2020-07-31T05:00:00Z,30,13.8795,12.535,22.55,12.541167,12.005,13.283,67.6,-176,419,-22.9,-392,429,7.097,7.097,7.097,0.333333,0,1,1363,1392,0,0,0,0,0
2020-07-31T06:00:00Z,30,13.222,12.558,13.845,12.613267,12.124,13.259,95.103448,-109,427,-23.5,-359,346,7.097,7.097,7.097,0.4,0,1,1393,1422,0,0,0,0,0
2020-07-31T07:00:00Z,30,13.241533,11.891,15.401,12.681933,12.081,13.959,120.366667,-166,760,-7.066667,-375,744,7.097,7.097,7.097,0.466667,0,1,1423,1452,0,0,3,0,0
2020-07-31T08:00:00Z,30,14.9204,12.687,21.146,12.502833,11.991,12.999,36.933333,-169,305,-34.333333,-400,329,7.097,7.097,7.097,0.2,0,1,1453,1482,0,0,0,0,0
2020-07-31T09:00:00Z,30,10.476867,2.695,14.29,12.477633,12.053,13.122,40.689655,-156,295,-22.733333,-400,230,7.097,7.097,7.097,0.233333,0,1,1483,1512,0,0,0,0,0
2020-07-31T10:00:00Z,30,2.597267,0.648,4.731,12.481167,12.001,13.306,38.6,-168,287,19.133333,-276,288,7.097,7.097,7.097,0.166667,0,1,1513,1542,0,0,0,0,0
2020-07-31T11:00:00Z,30,0.603167,0,3.198,12.5144,11.982,13.884,60.366667,-176,807,50.366667,-259,711,7.097,7.097,7.097,0.133333,0,1,1543,1572,0,0,1,0,0
2020-07-31T12:00:00Z,30,0.732233,0,1.525,12.321067,12.001,12.862,-2.366667,-169,183,-6.1,-259,155,7.097,7.097,7.097,0.066667,0,1,1573,1602,0,0,0,0,0
2020-07-31T13:00:00Z,28,0.770857,0,0.893,12.279321,12.261,12.445,-3.964286,-11,81,-0.25,-27,72,7.097,7.097,7.097,0,0,0,1603,1632,0,0,0,0,0
2020-07-31T14:00:00Z,29,0.676,0,0.917,12.28031,12.247,12.417,-2.137931,-11,41,-7.655172,-27,55,7.097,7.097,7.097,0,0,0,1633,1662,0,0,0,0,0
2020-07-31T15:00:00Z,30,0.6855,0,0.94,12.286867,12.233,12.72,6.766667,-12,185,-4.666667,-27,64,7.097,7.097,7.097,0,0,0,1663,1692,0,0,0,0,0
2020-07-31T16:00:00Z,29,0.322103,0,0.928,12.347552,12.251,12.554,31.678571,-11,134,35.655172,-35,155,7.097,7.097,7.097,0,0,0,1693,1722,0,0,0,0,0
2020-07-31T17:00:00Z,30,0.5803,0,0.964,12.2816,12.233,12.545,7.966667,-11,173,8.933333,-10,163,7.097,7.097,7.097,0,0,0,1723,1752,0,0,0,0,0
2020-07-31T18:00:00Z,29,0.939034,0.226,0.987,12.234241,12.223,12.285,-8.068966,-10,18,1.275862,-10,47,7.097,7.097,7.097,0,0,0,1753,1782,0,0,0,0,0
2020-07-31T19:00:00Z,30,0.7174,0,0.999,12.2497,12.214,12.45,1.166667,-12,81,13.1,-10,113,7.097,7.097,7.097,0,0,0,1783,1812,0,0,0,0,0
2020-07-31T20:00:00Z,29,0.319379,0,0.987,12.303966,12.228,12.521,23,-11,126,34.655172,-10,122,7.097,7.097,7.097,0,0,0,1813,1842,0,0,0,0,0
2020-07-31T21:00:00Z,31,0.074613,0,0.694,12.444581,12.28,12.663,59.870968,-7,176,85.064516,-52,271,7.097,7.097,7.097,0,0,0,1843,1873,0,0,0,0,0
2020-07-31T22:00:00Z,28,0.555357,0,3.058,12.494393,12.015,12.975,64.481481,-157,297,46.321429,-392,313,7.097,7.097,7.097,0.107143,0,1,1874,1902,0,0,0,0,0
2020-07-31T23:00:00Z,31,4.971742,1.537,13.518,12.442258,11.982,12.876,36.4,-172,295,27.83871,-359,304,7.097,7.097,7.097,0.129032,0,1,1903,1933,0,0,0,0,0
2020-08-01T00:00:00Z,30,10.506033,2.59,15.121,12.555,12.043,12.971,78.733333,-150,288,33.2,-375,279,7.097,7.097,7.097,0.266667,0,1,1934,1963,0,0,0,0,0
2020-08-01T01:00:00Z,30,13.2228,12.43,13.81,12.613533,12.147,13.193,67.3,-110,376,-111.166667,-326,404,7.097,7.097,7.097,0.8,0,1,1964,1993,0,0,0,0,0
2020-08-01T02:00:00Z,30,14.145933,11.4,22.105,12.7802,12.157,14.106,112.033333,-180,702,-136.766667,-384,346,7.097,7.097,7.097,0.966667,0,1,1994,2023,0,0,1,0,0
2020-08-01T03:00:00Z,30,12.9963,11.809,13.81,12.829767,12.147,13.827,133.6,-172,589,-132.033333,-375,371,7.097,7.097,7.097,0.966667,0,1,2024,2053,0,0,2,0,0
2020-08-01T04:00:00Z,30,12.994633,11.95,13.775,12.843033,12.166,13.898,128.733333,-143,602,-75.933333,-342,304,7.097,7.097,7.097,0.933333,0,1,2054,2083,0,0,2,0,0
2020-08-01T05:00:00Z,30,14.0016,12.032,22.948,12.748067,12.299,13.761,74.8,-179,521,-123.4,-350,230,7.097,7.097,7.097,1,1,1,2084,2113,0,0,1,0,0
2020-08-01T06:00:00Z,30,13.136233,2.917,22.082,13.032867,12.332,14.385,183.6,-172,767,-40.1,-334,346,7.097,7.097,7.097,1,1,1,2114,2143,0,0,4,0,0
2020-08-01T07:00:00Z,30,14.1323,11.423,21.766,13.0516,12.285,14.291,202.533333,-129,734,-55.933333,-342,329,7.097,7.097,7.097,1,1,1,2144,2173,0,0,6,0,0
2020-08-01T08:00:00Z,30,12.963033,11.845,13.752,12.857267,12.185,13.799,114.333333,-152,529,-112.166667,-392,379,7.097,7.097,7.097,0.966667,0,1,2174,2203,0,0,1,0,0
2020-08-01T09:00:00Z,30,9.601567,2.04,13.775,12.7804,12.181,14.238,63.633333,-176,654,-86.533333,-392,611,7.097,7.097,7.097,0.866667,0,1,2204,2233,0,0,3,0,0
2020-08-01T10:00:00Z,30,2.100067,0,4.286,12.6373,12.076,13.713,58.5,-183,508,23.066667,-259,537,7.097,7.097,7.097,0.666667,0,1,2234,2263,0,0,1,0,0
2020-08-01T11:00:00Z,30,0.332,0,2.602,12.7687,12.067,15.36,90.633333,-188,1183,8.966667,-267,1018,7.097,7.097,7.097,0.833333,0,1,2264,2293,0,0,2,0,0
2020-08-01T12:00:00Z,30,0.220033,0,1.162,12.5067,12.067,13.051,23.833333,-177,288,67.4,-243,404,7.097,7.097,7.097,0.033333,0,1,2294,2323,0,0,0,0,0
2020-08-01T13:00:00Z,30,0.150233,0,0.671,12.4951,12.11,12.805,14.233333,-151,114,42.2,-201,180,7.097,7.097,7.097,0.066667,0,1,2324,2353,0,0,0,0,0
2020-08-01T14:00:00Z,30,0.151667,0,0.706,12.499233,12.095,12.852,10.466667,-157,148,-15.033333,-326,271,7.097,7.097,7.097,0.266667,0,1,2354,2383,0,0,0,0,0
2020-08-01T15:00:00Z,30,0.188,0,0.624,12.4861,12.138,12.805,20.733333,-154,161,38.5,-267,171,7.097,7.097,7.097,0.033333,0,1,2384,2413,0,0,0,0,0
2020-08-01T16:00:00Z,30,0.3207,0,0.648,12.4751,12.379,12.734,20.517241,-8,123,50.033333,-18,188,7.097,7.097,7.097,0,0,0,2414,2443,0,0,0,0,0
2020-08-01T17:00:00Z,30,0.284633,0,0.648,12.460533,12.379,12.639,17.766667,-8,86,56.033333,-2,196,7.097,7.097,7.097,0,0,0,2444,2473,0,0,0,0,0
2020-08-01T18:00:00Z,29,0.408552,0,0.671,12.421276,12.119,12.848,9.592593,-126,210,36.827586,-301,213,7.097,7.097,7.097,0.034483,0,1,2474,2503,0,0,0,0,0
2020-08-01T19:00:00Z,30,0.6631,0.648,0.683,12.3725,12.365,12.379,-5.7,-7,-4,39.6,30,55,7.097,7.097,7.097,0,0,0,2504,2533,0,0,0,0,0
2020-08-01T20:00:00Z,30,0.6765,0.648,0.694,12.365867,12.356,12.384,-5.266667,-6,-4,43.766667,30,55,7.097,7.097,7.097,0,0,0,2534,2563,0,0,0,0,0
2020-08-01T21:00:00Z,30,0.573867,0,0.718,12.3674,12.346,12.483,-1.206897,-8,39,48.366667,14,88,7.097,7.097,7.097,0,0,0,2564,2593,0,0,0,0,0
2020-08-01T22:00:00Z,31,1.469419,0,8.393,12.512581,12.02,13.065,47.225806,-180,259,58.612903,-317,321,7.097,7.097,7.097,0.129032,0,1,2594,2624,0,0,0,0,0
2020-08-01T23:00:00Z,30,4.505533,0.975,14.454,12.557833,12.043,13.094,47.2,-175,315,43.3,-350,396,7.097,7.097,7.097,0.133333,0,1,2625,2654,0,0,0,0,0
2020-08-02T00:00:00Z,30,12.7825,3.69,21.439,12.433633,12.076,13.094,24.444444,-156,427,75.333333,-301,595,7.097,7.097,7.097,0.033333,0,1,2655,2684,0,0,0,0,0
2020-08-02T01:00:00Z,30,14.093333,12.675,21.38,12.541433,12.114,13.122,42.517241,-134,280,9.866667,-276,304,7.097,7.097,7.097,0.4,0,1,2685,2714,0,0,0,0,0
2020-08-02T02:00:00Z,30,13.342867,12.909,13.67,12.531267,12.266,12.933,38.9,-80,219,-138.933333,-251,47,7.097,7.097,7.097,1,1,1,2715,2744,0,0,0,0,0
2020-08-02T03:00:00Z,30,12.388667,2.251,13.915,12.427333,12.034,12.928,1.1,-183,207,-96.766667,-334,246,7.097,7.097,7.097,0.666667,0,1,2745,2774,0,0,0,0,0
2020-08-02T04:00:00Z,30,2.7543,0,11.26,12.638833,12.081,13.685,46.166667,-187,397,58.866667,-226,537,7.097,7.097,7.097,0.533333,0,1,2775,2804,0,0,0,0,0
2020-08-02T05:00:00Z,30,2.406533,1.396,3.432,12.530533,12.157,12.947,6.633333,-170,246,-23.766667,-218,205,7.097,7.097,7.097,0.8,0,1,2805,2834,0,0,0,0,0
2020-08-02T06:00:00Z,30,3.204067,2.613,3.97,12.429767,12.091,12.635,6.466667,-148,64,52.333333,-209,130,7.097,7.097,7.097,0.033333,0,1,2835,2864,0,0,0,0,0
2020-08-02T07:00:00Z,30,13.173633,6.147,14.91,12.4495,12.37,12.706,22.833333,-6,132,63.333333,30,130,7.097,7.097,7.097,0,0,0,2865,2894,0,0,0,0,0
2020-08-02T08:00:00Z,30,13.096333,3.69,14.489,12.484267,12.417,12.677,30.533333,-4,123,75.466667,39,213,7.097,7.097,7.097,0,0,0,2895,2924,0,0,0,0,0
2020-08-02T09:00:00Z,30,7.3907,2.625,18.326,12.442367,12.365,12.654,16.766667,-8,121,73.366667,39,147,7.097,7.097,7.097,0,0,0,2925,2954,0,0,0,0,0
2020-08-02T10:00:00Z,29,2.096828,0.332,5.199,12.435966,12.029,12.81,18.068966,-170,151,75.689655,-193,213,7.097,7.097,7.097,0.068966,0,1,2955,2984,0,0,0,0,0
2020-08-02T11:00:00Z,30,0.710733,0.191,1.045,12.3654,12.337,12.502,-0.5,-3,40,67.4,47,122,7.097,7.097,7.097,0,0,0,2985,3014,0,0,0,0,0
2020-08-02T12:00:00Z,29,0.460828,0,0.706,12.423207,12.346,12.777,26.793103,-3,232,102.241379,55,404,7.097,7.097,7.097,0,0,0,3016,3044,0,0,0,0,0
2020-08-02T13:00:00Z,30,0.084667,0,0.659,12.488567,12.091,12.919,43,-124,250,82.2,-317,379,7.097,7.097,7.097,0.1,0,1,3045,3074,0,0,0,0,0
2020-08-02T14:00:00Z,30,0.203733,0,0.706,12.459133,12.356,12.616,27.275862,-7,83,84.566667,5,188,7.097,7.097,7.097,0,0,0,3075,3104,0,0,0,0,0
2020-08-02T15:00:00Z,30,0.729333,0.694,0.753,12.3462,12.337,12.36,-3.9,-4,-3,56.533333,47,64,7.097,7.097,7.097,0,0,0,3105,3134,0,0,0,0,0
2020-08-02T16:00:00Z,30,0.747133,0.73,0.765,12.3389,12.327,12.351,-3.8,-4,-3,55.8,39,64,7.097,7.097,7.097,0,0,0,3135,3164,0,0,0,0,0
2020-08-02T17:00:00Z,29,0.754655,0.741,0.765,12.335483,12.327,12.341,-3.482759,-4,-3,61.724138,55,72,7.097,7.097,7.097,0,0,0,3165,3194,0,0,0,0,0
2020-08-02T18:00:00Z,30,0.7675,0.753,0.776,12.331333,12.322,12.337,-3.133333,-4,-2,64.6,47,72,7.097,7.097,7.097,0,0,0,3195,3224,0,0,0,0,0
2020-08-02T19:00:00Z,30,0.7766,0.765,0.788,12.327033,12.318,12.332,-3.1,-4,-3,66.333333,55,72,7.097,7.097,7.097,0,0,0,3225,3254,0,0,0,0,0
2020-08-02T20:00:00Z,30,0.784467,0.765,0.8,12.3247,12.318,12.332,-2.9,-4,-2,69.3,55,80,7.097,7.097,7.097,0,0,0,3255,3284,0,0,0,0,0
2020-08-02T21:00:00Z,29,0.792483,0.776,0.811,12.31931,12.308,12.327,-2.827586,-3,-2,73.103448,64,80,7.097,7.097,7.097,0,0,0,3285,3314,0,0,0,0,0
2020-08-02T22:00:00Z,30,1.5697,0.788,4.942,12.3138,12.304,12.322,-2.633333,-4,-2,72.8,64,80,7.097,7.097,7.097,0,0,0,3315,3344,0,0,0,0,0
2020-08-02T23:00:00Z,30,6.6528,2.309,13.845,12.310133,12.299,12.322,-1.862069,-3,2,76.366667,64,97,7.097,7.097,7.097,0,0,0,3345,3374,0,0,0,0,0
2020-08-03T00:00:00Z,31,13.196452,2.075,19.988,12.328516,12.275,12.673,8.586207,-21,192,80.419355,55,221,7.097,7.097,7.097,0,0,0,3375,3405,0,0,0,0,0
2020-08-03T01:00:00Z,27,9.624593,1.818,17.589,12.431593,12.048,12.862,42.12,-141,260,90.148148,-160,296,7.097,7.097,7.097,0.148148,0,1,3406,3434,0,0,0,0,0
2020-08-03T02:00:00Z,28,11.12075,3.842,15.027,12.389393,12.039,12.876,28.16,-151,249,90.857143,-276,404,7.097,7.097,7.097,0.035714,0,1,3435,3464,0,0,0,0,0
2020-08-03T03:00:00Z,29,11.357138,2.707,13.541,12.429207,12.318,12.635,45.555556,-3,142,114.931034,72,246,7.097,7.097,7.097,0,0,0,3465,3494,0,0,0,0,0
2020-08-03T04:00:00Z,30,8.352833,2.098,19.73,12.630233,12.058,13.496,81.633333,-172,403,47.066667,-309,479,7.097,7.097,7.097,0.733333,0,1,3495,3524,0,0,0,0,0
2020-08-03T05:00:00Z,16,14.236562,12.944,21.556,12.534437,12.209,12.843,45.125,-101,177,48.75,-267,221,7.097,7.097,7.097,0.3125,0,1,3525,3552,0,0,0,0,0
2020-08-03T06:00:00Z,24,13.289,12.886,13.869,12.550333,12.11,12.885,47.083333,-138,187,72.666667,-276,238,7.097,7.097,7.097,0.166667,0,1,3553,3582,0,0,0,0,0
2020-08-03T07:00:00Z,26,14.987385,12.149,22.41,12.5295,12.034,13.732,32.423077,-180,566,8.346154,-309,520,7.097,7.097,7.097,0.346154,0,1,3583,3611,0,0,1,0,0
2020-08-03T08:00:00Z,30,14.637667,12.979,20.947,12.5292,12.408,12.786,37.066667,-6,154,89.533333,47,238,7.097,7.097,7.097,0,0,0,3612,3641,0,0,0,0,0
2020-08-03T09:00:00Z,30,9.303,3.643,13.541,12.377067,12.337,12.436,1.965517,-8,21,66.933333,47,88,7.097,7.097,7.097,0,0,0,3642,3671,0,0,0,0,0
2020-08-03T10:00:00Z,30,2.999333,2.11,5.48,12.330567,12.318,12.346,-2.041667,-3,-2,74.933333,64,80,7.097,7.097,7.097,0,0,0,3672,3701,0,0,0,0,0
2020-08-03T11:00:00Z,30,1.254167,0.765,3.175,12.3148,12.304,12.327,-2,-2,-2,76.266667,64,88,7.097,7.097,7.097,0,0,0,3702,3731,0,0,0,0,0
2020-08-03T12:00:00Z,30,0.789933,0.776,0.811,12.305233,12.299,12.318,-2,-2,-2,78.933333,72,88,7.097,7.097,7.097,0,0,0,3732,3761,0,0,0,0,0
2020-08-03T13:00:00Z,30,0.808667,0.8,0.835,12.297667,12.285,12.308,-3.421053,-5,-2,70.633333,47,88,7.097,7.097,7.097,0,0,0,3762,3791,0,0,0,0,0
2020-08-03T14:00:00Z,29,0.823069,0.8,0.858,12.292345,12.285,12.299,-3.931034,-5,-3,58.482759,47,72,7.097,7.097,7.097,0,0,0,3792,3821,0,0,0,0,0
2020-08-03T15:00:00Z,29,0.831276,0.811,0.847,12.287,12.28,12.289,-3.724138,-4,-3,58.758621,47,72,7.097,7.097,7.097,0,0,0,3822,3851,0,0,0,0,0
2020-08-03T16:00:00Z,30,0.841667,0.823,0.858,12.285333,12.275,12.294,-3.5,-4,-3,62.666667,55,72,7.097,7.097,7.097,0,0,0,3852,3881,0,0,0,0,0
2020-08-03T17:00:00Z,30,0.850167,0.823,0.87,12.281133,12.27,12.289,-3.333333,-4,-3,63.766667,55,72,7.097,7.097,7.097,0,0,0,3882,3911,0,0,0,0,0
2020-08-03T18:00:00Z,30,0.865333,0.847,0.893,12.277167,12.27,12.285,-3.333333,-4,-2,63.2,47,72,7.097,7.097,7.097,0,0,0,3912,3941,0,0,0,0,0
2020-08-03T19:00:00Z,30,0.8731,0.847,0.893,12.272467,12.266,12.28,-3.1,-4,-2,67.433333,55,72,7.097,7.097,7.097,0,0,0,3942,3971,0,0,0,0,0
2020-08-03T20:00:00Z,31,0.884774,0.87,0.917,12.269065,12.266,12.275,-3.064516,-4,-2,68.806452,55,80,7.097,7.097,7.097,0,0,0,3972,4002,0,0,0,0,0
2020-08-03T21:00:00Z,30,0.6723,0,0.917,12.3018,12.256,12.474,11.8,-4,96,80.066667,55,155,7.097,7.097,7.097,0,0,0,4003,4032,0,0,0,0,0
2020-08-03T22:00:00Z,30,1.797467,0,8.756,12.414333,12.005,13.042,39.896552,-178,300,85.3,-276,362,7.097,7.097,7.097,0.1,0,1,4033,4062,0,0,0,0,0
2020-08-03T23:00:00Z,30,4.2337,2.613,13.927,12.283433,12.261,12.427,3.433333,-4,77,71.766667,-18,147,7.097,7.097,7.097,0,0,0,4063,4092,0,0,0,0,0
2020-08-04T00:00:00Z,30,12.523267,3.772,15.624,12.288467,12.261,12.327,8.172414,-3,22,81.1,64,97,7.097,7.097,7.097,0,0,0,4093,4122,0,0,0,0,0
2020-08-04T01:00:00Z,29,13.543448,13.518,13.576,12.343276,12.308,12.379,30.37931,21,41,103.310345,80,122,7.097,7.097,7.097,0,0,0,4123,4152,0,0,0,0,0
2020-08-04T02:00:00Z,24,13.406042,13.073,13.541,12.460292,12.346,12.72,65.416667,33,179,132.625,88,246,7.097,7.097,7.097,0,0,0,4153,4181,0,0,0,0,0
2020-08-04T03:00:00Z,14,13.343071,13.249,13.401,12.508857,12.469,12.559,63.285714,50,87,128.928571,122,155,7.097,7.097,7.097,0,0,0,4187,4209,0,0,0,0,0
2020-08-04T04:00:00Z,29,13.035897,3.818,13.564,12.482552,12.318,12.668,49.071429,-7,106,111.62069,47,171,7.097,7.097,7.097,0,0,0,4210,4239,0,0,0,0,0
2020-08-04T05:00:00Z,22,13.341091,12.781,13.892,12.514045,12.067,12.994,49.818182,-140,252,-7.454545,-284,296,7.097,7.097,7.097,0.5,0,1,4240,4268,0,0,0,0,0
2020-08-04T06:00:00Z,28,13.351357,12.582,13.845,12.508,12.119,13.084,34.892857,-133,261,-68.821429,-292,271,7.097,7.097,7.097,0.607143,0,1,4269,4298,0,0,0,0,0
2020-08-04T07:00:00Z,25,13.94772,11.306,22.726,12.85732,12.374,14.39,161.36,-46,789,-54.48,-317,528,7.097,7.097,7.097,0.96,0,1,4299,4327,0,0,2,0,0
2020-08-04T08:00:00Z,30,11.438567,1.607,15.741,12.5524,12.02,13.874,35.333333,-191,721,-55.733333,-350,437,7.097,7.097,7.097,0.6,0,1,4328,4357,0,0,2,0,0
2020-08-04T09:00:00Z,30,11.093333,2.625,16.033,12.5366,12.058,13.354,54.233333,-161,422,-14.333333,-317,454,7.097,7.097,7.097,0.433333,0,1,4358,4387,0,0,0,0,0
2020-08-04T10:00:00Z,30,3.686467,1.876,13.529,12.390633,12.01,12.819,1.933333,-176,123,37.7,-226,163,7.097,7.097,7.097,0.066667,0,1,4388,4417,0,0,0,0,0
2020-08-04T11:00:00Z,30,1.185933,0,5.176,12.403267,12.332,12.772,13.1,-8,156,54.166667,-27,155,7.097,7.097,7.097,0,0,0,4418,4447,0,0,0,0,0
2020-08-04T12:00:00Z,30,0.300733,0,1.537,12.4772,12.001,12.99,33.7,-174,270,58.3,-234,288,7.097,7.097,7.097,0.166667,0,1,4448,4477,0,0,0,0,0
2020-08-04T13:00:00Z,30,0.446433,0,0.765,12.413467,12.166,12.904,21.7,-112,205,71.266667,-160,271,7.097,7.097,7.097,0.033333,0,1,4478,4507,0,0,0,0,0
2020-08-04T14:00:00Z,30,0.641967,0,0.8,12.3321,12.304,12.526,-1.107143,-7,83,44.666667,14,147,7.097,7.097,7.097,0,0,0,4508,4537,0,0,0,0,0
2020-08-04T15:00:00Z,30,0.6745,0,0.811,12.319567,12.294,12.512,-0.433333,-7,74,43.433333,22,138,7.097,7.097,7.097,0,0,0,4538,4567,0,0,0,0,0
2020-08-04T16:00:00Z,30,0.6725,0.238,0.823,12.3028,12.285,12.341,-4.034483,-10,13,39.6,14,80,7.097,7.097,7.097,0,0,0,4568,4597,0,0,0,0,0
2020-08-04T17:00:00Z,30,0.820633,0.8,0.835,12.2913,12.285,12.299,-5.433333,-6,-4,44.066667,39,55,7.097,7.097,7.097,0,0,0,4598,4627,0,0,0,0,0
2020-08-04T18:00:00Z,30,0.836933,0.811,0.87,12.283467,12.27,12.289,-5.066667,-6,-4,45.066667,30,55,7.097,7.097,7.097,0,0,0,4628,4657,0,0,0,0,0
2020-08-04T19:00:00Z,30,0.863667,0.847,0.893,12.274033,12.266,12.285,-4.7,-6,-4,49.166667,39,64,7.097,7.097,7.097,0,0,0,4658,4687,0,0,0,0,0
2020-08-04T20:00:00Z,30,0.8824,0.858,0.905,12.267233,12.261,12.275,-4.066667,-5,-4,51.833333,47,64,7.097,7.097,7.097,0,0,0,4688,4717,0,0,0,0,0
2020-08-04T21:00:00Z,30,0.898733,0.882,0.917,12.262433,12.256,12.27,-4.066667,-5,-3,56.933333,47,72,7.097,7.097,7.097,0,0,0,4718,4747,0,0,0,0,0
2020-08-04T22:00:00Z,30,2.137033,0.893,9.867,12.259133,12.251,12.27,-3.666667,-4,-3,61.5,47,72,7.097,7.097,7.097,0,0,0,4748,4777,0,0,0,0,0
2020-08-04T23:00:00Z,30,6.168133,2.637,14.407,12.254733,12.237,12.27,-3,-5,5,61.466667,47,72,7.097,7.097,7.097,0,0,0,4778,4807,0,0,0,0,0
2020-08-05T00:00:00Z,29,13.596759,13.529,13.646,12.298724,12.256,12.37,17.275862,0,45,79.655172,55,113,7.097,7.097,7.097,0,0,0,4808,4837,0,0,0,0,0
2020-08-05T01:00:00Z,20,13.57145,13.518,13.635,12.3191,12.27,12.374,25.45,4,44,84.25,55,105,7.097,7.097,7.097,0,0,0,4838,4866,0,0,0,0,0
2020-08-05T02:00:00Z,28,13.397286,13.167,13.553,12.464857,12.351,12.62,70.428571,39,127,129.857143,88,171,7.097,7.097,7.097,0,0,0,4867,4895,0,0,0,0,0
2020-08-05T03:00:00Z,22,13.925091,13.096,21.637,12.623227,12.455,12.696,91.181818,-5,120,141.772727,39,171,7.097,7.097,7.097,0,0,0,4902,4925,0,0,0,0,0
2020-08-05T04:00:00Z,28,13.30825,12.816,13.892,12.535536,12.072,12.923,47.642857,-131,209,31.785714,-276,246,7.097,7.097,7.097,0.321429,0,1,4926,4953,0,0,0,0,0
2020-08-05T05:00:00Z,27,13.560926,13.424,14.524,12.361333,12.318,12.455,12.148148,-5,42,53.148148,30,80,7.097,7.097,7.097,0,0,0,4955,4984,0,0,0,0,0
2020-08-05T06:00:00Z,21,13.755571,13.003,21.169,12.469095,12.308,12.758,53.857143,-6,164,88.428571,30,171,7.097,7.097,7.097,0,0,0,4985,5012,0,0,0,0,0
2020-08-05T07:00:00Z,23,10.71013,2.917,16.092,12.466043,12.034,13.023,37.652174,-181,252,3.565217,-342,263,7.097,7.097,7.097,0.304348,0,1,5014,5042,0,0,0,0,0
2020-08-05T08:00:00Z,30,13.320367,12.757,13.834,12.527333,12.105,13.06,52.9,-125,295,61.7,-301,263,7.097,7.097,7.097,0.1,0,1,5043,5072,0,0,0,0,0
2020-08-05T09:00:00Z,30,3.958733,1.209,13.436,12.4921,12.356,12.739,37.931034,-5,134,77.5,30,180,7.097,7.097,7.097,0,0,0,5073,5102,0,0,0,0,0
2020-08-05T10:00:00Z,30,0.947333,0,2.063,12.4206,11.991,12.814,20.285714,-173,182,51.633333,-234,205,7.097,7.097,7.097,0.1,0,1,5103,5132,0,0,0,0,0
2020-08-05T11:00:00Z,30,0.785333,0.273,1.081,12.331,12.299,12.46,-2.766667,-8,26,48.133333,39,80,7.097,7.097,7.097,0,0,0,5133,5162,0,0,0,0,0
2020-08-05T12:00:00Z,30,0.333133,0,0.811,12.427967,12.058,13.25,33.733333,-138,393,55,-209,437,7.097,7.097,7.097,0.366667,0,1,5163,5192,0,0,0,0,0
2020-08-05T13:00:00Z,30,0.530967,0,1.478,12.3528,12.029,13.056,3.433333,-175,255,41.8,-226,238,7.097,7.097,7.097,0.033333,0,1,5193,5222,0,0,0,0,0
2020-08-05T14:00:00Z,30,0.7036,0,0.847,12.3115,12.285,12.62,1.3,-9,158,49.033333,5,238,7.097,7.097,7.097,0,0,0,5223,5252,0,0,0,0,0
2020-08-05T15:00:00Z,30,0.6931,0,0.882,12.3117,12.27,12.564,11.3,-6,159,60.233333,39,188,7.097,7.097,7.097,0,0,0,5253,5282,0,0,0,0,0
2020-08-05T16:00:00Z,30,0.848133,0.098,0.917,12.273033,12.256,12.313,-3.333333,-8,24,56.3,39,97,7.097,7.097,7.097,0,0,0,5283,5312,0,0,0,0,0
2020-08-05T17:00:00Z,30,0.875933,0,0.94,12.264433,12.251,12.346,-2.766667,-7,34,60.033333,47,122,7.097,7.097,7.097,0,0,0,5313,5342,0,0,0,0,0
2020-08-05T18:00:00Z,30,0.848067,0.028,0.952,12.258233,12.247,12.318,-1.7,-7,23,68.533333,55,122,7.097,7.097,7.097,0,0,0,5343,5372,0,0,0,0,0
2020-08-05T19:00:00Z,30,0.8189,0,0.964,12.2634,12.242,12.417,2.8,-6,71,71.533333,22,122,7.097,7.097,7.097,0,0,0,5373,5402,0,0,0,0,0
2020-08-05T20:00:00Z,30,0.922767,0.098,0.999,12.245933,12.223,12.299,-1.8,-4,29,71.766667,55,122,7.097,7.097,7.097,0,0,0,5403,5432,0,0,0,0,0
2020-08-05T21:00:00Z,30,0.972233,0.952,0.999,12.237833,12.228,12.247,-2.533333,-3,-2,74.933333,64,88,7.097,7.097,7.097,0,0,0,5433,5462,0,0,0,0,0
2020-08-05T22:00:00Z,30,2.701467,0.964,12.231,12.234733,12.228,12.242,-2.233333,-3,-2,77.866667,72,88,7.097,7.097,7.097,0,0,0,5463,5492,0,0,0,0,0
2020-08-05T23:00:00Z,30,4.457133,2.777,14.77,12.228967,12.218,12.237,-2.275862,-3,-2,80.533333,72,88,7.097,7.097,7.097,0,0,0,5493,5522,0,0,0,0,0
2020-08-06T00:00:00Z,30,13.715167,13.646,14.933,12.2434,12.223,12.27,4.066667,-2,15,86.366667,72,105,7.097,7.097,7.097,0,0,0,5523,5552,0,0,0,0,0
2020-08-06T01:00:00Z,27,13.53937,13.33,13.646,12.353778,12.261,12.502,43.851852,13,111,125.111111,97,180,7.097,7.097,7.097,0,0,0,5553,5582,0,0,0,0,0
2020-08-06T02:00:00Z,17,13.479235,13.424,13.541,12.413941,12.374,12.455,55.235294,41,70,134.823529,122,147,7.097,7.097,7.097,0,0,0,5583,5608,0,0,0,0,0
2020-08-06T03:00:00Z,26,14.7115,12.851,22.667,12.502769,12.058,12.904,68.576923,-121,221,103.769231,-234,296,7.097,7.097,7.097,0.192308,0,1,5611,5636,0,0,0,0,0
2020-08-06T04:00:00Z,28,13.251071,12.886,13.915,12.569036,12.043,12.928,76.714286,-130,253,119.392857,-259,255,7.097,7.097,7.097,0.035714,0,1,5641,5670,0,0,0,0,0
2020-08-06T05:00:00Z,29,13.179207,12.722,13.798,12.635241,12.162,13.013,85.724138,-116,230,94.689655,-243,288,7.097,7.097,7.097,0.275862,0,1,5671,5700,0,0,0,0,0
2020-08-06T06:00:00Z,28,13.372714,12.558,13.822,12.511071,12.128,13.193,50.25,-112,349,-73.821429,-267,387,7.097,7.097,7.097,0.75,0,1,5701,5729,0,0,0,0,0
2020-08-06T07:00:00Z,24,13.280167,12.57,13.88,12.562375,12.091,13.07,66.75,-127,209,15.583333,-284,271,7.097,7.097,7.097,0.458333,0,1,5730,5759,0,0,0,0,0
2020-08-06T08:00:00Z,28,8.815821,2.344,18.993,12.517857,12.034,12.933,47.892857,-160,190,61.285714,-334,230,7.097,7.097,7.097,0.178571,0,1,5760,5788,0,0,0,0,0
2020-08-06T09:00:00Z,29,8.875207,2.871,14.571,12.313172,12.289,12.337,-3.461538,-7,0,38.275862,22,55,7.097,7.097,7.097,0,0,0,5790,5818,0,0,0,0,0
2020-08-06T10:00:00Z,29,2.783966,2.192,6.135,12.285,12.275,12.299,-4.068966,-5,-4,47.275862,39,55,7.097,7.097,7.097,0,0,0,5819,5848,0,0,0,0,0
2020-08-06T11:00:00Z,29,0.898759,0,2.227,12.292207,12.261,12.497,3.310345,-7,90,58.965517,39,163,7.097,7.097,7.097,0,0,0,5849,5878,0,0,0,0,0
2020-08-06T12:00:00Z,30,0.795433,0,0.905,12.2734,12.251,12.431,0.933333,-6,78,53.666667,39,163,7.097,7.097,7.097,0,0,0,5879,5908,0,0,0,0,0
2020-08-06T13:00:00Z,30,0.662167,0,0.928,12.2922,12.242,12.507,8.482759,-10,112,56.9,5,163,7.097,7.097,7.097,0,0,0,5909,5938,0,0,0,0,0
2020-08-06T14:00:00Z,30,0.761967,0,0.964,12.266133,12.237,12.417,2.166667,-8,99,43.333333,14,138,7.097,7.097,7.097,0,0,0,5939,5968,0,0,0,0,0
2020-08-06T15:00:00Z,30,0.7021,0,0.975,12.2738,12.237,12.427,2.966667,-9,57,51.466667,22,147,7.097,7.097,7.097,0,0,0,5969,5998,0,0,0,0,0
2020-08-06T16:00:00Z,30,0.975667,0.964,0.999,12.231933,12.223,12.237,-5.533333,-6,-5,43.8,39,47,7.097,7.097,7.097,0,0,0,5999,6028,0,0,0,0,0
2020-08-06T17:00:00Z,30,0.988933,0.765,1.022,12.221867,12.204,12.237,-5.1,-6,-4,47.566667,39,72,7.097,7.097,7.097,0,0,0,6029,6058,0,0,0,0,0
2020-08-06T18:00:00Z,30,1.0061,0.987,1.034,12.216933,12.209,12.228,-4.366667,-6,-3,52.966667,39,72,7.097,7.097,7.097,0,0,0,6059,6088,0,0,0,0,0
2020-08-06T19:00:00Z,30,1.015733,0.987,1.045,12.213033,12.204,12.228,-3.766667,-4,-3,60.966667,47,72,7.097,7.097,7.097,0,0,0,6089,6118,0,0,0,0,0
2020-08-06T20:00:00Z,27,1.034667,1.01,1.057,12.205148,12.195,12.214,-3.444444,-4,-3,63.481481,55,72,7.097,7.097,7.097,0,0,0,6119,6148,0,0,0,0,0
2020-08-06T21:00:00Z,30,1.0445,1.022,1.069,12.1996,12.19,12.209,-3,-4,-2,68,64,72,7.097,7.097,7.097,0,0,0,6149,6178,0,0,0,0,0
2020-08-06T22:00:00Z,31,2.070806,1.034,6.626,12.194613,12.185,12.199,-2.774194,-3,-2,72.741935,55,80,7.097,7.097,7.097,0,0,0,6179,6209,0,0,0,0,0
2020-08-06T23:00:00Z,30,4.624467,2.754,13.74,12.187567,12.181,12.195,-2.666667,-3,-2,73.866667,64,80,7.097,7.097,7.097,0,0,0,6210,6239,0,0,0,0,0
2020-08-07T00:00:00Z,30,8.8295,3.807,19.859,12.186833,12.176,12.199,-1.5,-4,7,75.2,64,88,7.097,7.097,7.097,0,0,0,6240,6269,0,0,0,0,0
2020-08-07T01:00:00Z,8,13.6435,13.518,13.728,12.265,12.199,12.384,29.625,3,79,105.125,72,155,7.097,7.097,7.097,0,0,0,6270,6294,0,0,0,0,0
2020-08-07T02:00:00Z,20,13.94355,12.991,23.252,12.40925,12.261,12.767,73.1,-2,205,144.45,88,255,7.097,7.097,7.097,0,0,0,6297,6325,0,0,0,0,0
2020-08-07T03:00:00Z,15,14.481,13.003,22.141,12.468467,12.11,12.781,72.4,-100,208,90.733333,-226,221,7.097,7.097,7.097,0.133333,0,1,6326,6346,0,0,0,0,0
2020-08-07T04:00:00Z,21,14.607286,13.038,21.988,12.565905,12.157,12.777,76.428571,-71,165,124.095238,-209,213,7.097,7.097,7.097,0,0,0,6357,6382,0,0,0,0,0
2020-08-07T05:00:00Z,26,14.162077,12.851,21.883,12.605,12.166,12.904,80.653846,-104,213,121.384615,-226,279,7.097,7.097,7.097,0.115385,0,1,6383,6412,0,0,0,0,0
2020-08-07T06:00:00Z,18,13.2355,12.991,13.81,12.592111,12.152,12.781,77.277778,-90,141,101.888889,-234,180,7.097,7.097,7.097,0.055556,0,1,6413,6440,0,0,0,0,0
2020-08-07T07:00:00Z,22,13.328864,12.991,16.197,12.617955,12.393,12.786,78.619048,-6,137,114.590909,22,180,7.097,7.097,7.097,0,0,0,6441,6469,0,0,0,0,0
2020-08-07T08:00:00Z,25,13.49048,13.143,13.553,12.39004,12.332,12.663,12.56,-2,90,38.04,-10,163,7.097,7.097,7.097,0,0,0,6473,6499,0,0,0,0,0
2020-08-07T09:00:00Z,30,11.091033,3.982,13.564,12.404567,12.294,12.8,27.5,-7,163,57.5,14,196,7.097,7.097,7.097,0,0,0,6500,6529,0,0,0,0,0
2020-08-07T10:00:00Z,30,3.097333,1.642,3.935,12.323733,12.275,12.54,11.233333,-6,115,53.933333,30,196,7.097,7.097,7.097,0,0,0,6530,6559,0,0,0,0,0
2020-08-07T11:00:00Z,30,1.187833,0.133,3.456,12.2971,12.261,12.474,3.793103,-7,76,45.133333,30,105,7.097,7.097,7.097,0,0,0,6560,6589,0,0,0,0,0
2020-08-07T12:00:00Z,30,0.866167,0.847,0.905,12.2618,12.247,12.27,-5.233333,-6,-4,37.7,30,47,7.097,7.097,7.097,0,0,0,6590,6619,0,0,0,0,0
2020-08-07T13:00:00Z,30,0.899067,0.87,0.928,12.249433,12.233,12.261,-5.233333,-8,-4,36.6,14,47,7.097,7.097,7.097,0,0,0,6620,6649,0,0,0,0,0
2020-08-07T14:00:00Z,30,0.938533,0.917,0.964,12.235133,12.223,12.251,-7.266667,-8,-7,21.466667,14,30,7.097,7.097,7.097,0,0,0,6650,6679,0,0,0,0,0
2020-08-07T15:00:00Z,30,0.9644,0.94,0.987,12.222433,12.209,12.233,-7,-8,-6,26.3,14,39,7.097,7.097,7.097,0,0,0,6680,6709,0,0,0,0,0
2020-08-07T16:00:00Z,30,0.9968,0.975,1.022,12.2094,12.199,12.218,-6.666667,-7,-6,29.633333,14,39,7.097,7.097,7.097,0,0,0,6710,6739,0,0,0,0,0
2020-08-07T17:00:00Z,29,1.021621,0.999,1.034,12.197552,12.185,12.209,-6.241379,-7,-6,34.37931,22,47,7.097,7.097,7.097,0,0,0,6740,6769,0,0,0,0,0
2020-08-07T18:00:00Z,30,1.047667,1.022,1.069,12.186733,12.176,12.195,-6,-7,-5,40.2,30,47,7.097,7.097,7.097,0,0,0,6770,6799,0,0,0,0,0
2020-08-07T19:00:00Z,30,1.0642,1.057,1.081,12.1797,12.171,12.19,-5.533333,-6,-4,45.4,39,55,7.097,7.097,7.097,0,0,0,6800,6829,0,0,0,0,0
2020-08-07T20:00:00Z,29,1.085897,1.069,1.104,12.172103,12.157,12.185,-5.137931,-6,-4,46.172414,39,55,7.097,7.097,7.097,0,0,0,6830,6859,0,0,0,0,0
2020-08-07T21:00:00Z,30,1.098067,1.081,1.116,12.168467,12.162,12.176,-4.466667,-6,-4,50.233333,39,64,7.097,7.097,7.097,0,0,0,6860,6889,0,0,0,0,0
2020-08-07T22:00:00Z,30,2.699367,1.104,11.973,12.161167,12.152,12.171,-4.166667,-5,-3,53.8,39,64,7.097,7.097,7.097,0,0,0,6890,6919,0,0,0,0,0
2020-08-07T23:00:00Z,30,8.603267,2.847,21.076,12.162333,12.147,12.195,-2.533333,-5,8,55.5,47,72,7.097,7.097,7.097,0,0,0,6920,6949,0,0,0,0,0
2020-08-08T00:00:00Z,30,13.550667,12.933,13.997,12.3401,11.982,12.843,56.5,-131,304,108.133333,-243,354,7.097,7.097,7.097,0.033333,0,1,6950,6979,0,0,0,0,0
2020-08-08T01:00:00Z,30,13.373667,12.769,13.798,12.488667,12.157,13.07,86.066667,-58,400,101.633333,-209,470,7.097,7.097,7.097,0.166667,0,1,6980,7009,0,0,0,0,0
2020-08-08T02:00:00Z,30,13.331633,12.348,13.904,12.527733,12.076,13.425,78.033333,-113,432,57.566667,-267,429,7.097,7.097,7.097,0.366667,0,1,7010,7039,0,0,0,0,0
2020-08-08T03:00:00Z,30,14.338667,3.233,22.339,12.409833,11.963,13.141,29.233333,-178,291,-11.666667,-326,271,7.097,7.097,7.097,0.366667,0,1,7040,7069,0,0,0,0,0
2020-08-08T04:00:00Z,30,14.2602,12.511,21.93,12.430433,12.204,13.174,44.9,-44,320,-8.566667,-218,396,7.097,7.097,7.097,0.466667,0,1,7070,7099,0,0,0,0,0
2020-08-08T05:00:00Z,31,13.197548,12.184,13.869,12.628258,12.114,13.529,80.580645,-142,429,-55.548387,-309,346,7.097,7.097,7.097,0.677419,0,1,7100,7130,0,0,0,0,0
2020-08-08T06:00:00Z,30,13.335567,11.728,14.196,12.546233,12.062,13.992,72.566667,-142,801,40.866667,-317,694,7.097,7.097,7.097,0.266667,0,1,7131,7160,0,0,1,0,0
2020-08-08T07:00:00Z,30,13.519633,1.572,20.374,12.562767,12.133,13.482,78.733333,-95,481,73,-284,354,7.097,7.097,7.097,0.166667,0,1,7161,7190,0,0,0,0,0
2020-08-08T08:00:00Z,29,10.04031,3.397,14.5,12.316621,12.275,12.398,2.37931,-8,41,31.241379,-2,64,7.097,7.097,7.097,0,0,0,7191,7220,0,0,0,0,0
2020-08-08T09:00:00Z,30,2.561833,2.215,3.444,12.266267,12.251,12.356,-3.433333,-7,42,43.566667,30,97,7.097,7.097,7.097,0,0,0,7221,7250,0,0,0,0,0
2020-08-08T10:00:00Z,30,2.6343,2.134,4.696,12.246,12.233,12.261,-4.766667,-6,-4,41.266667,30,47,7.097,7.097,7.097,0,0,0,7251,7280,0,0,0,0,0
2020-08-08T11:00:00Z,30,0.866467,0,2.344,12.283033,12.223,12.507,17.206897,-5,107,67.533333,39,147,7.097,7.097,7.097,0,0,0,7281,7310,0,0,0,0,0
2020-08-08T12:00:00Z,30,0.425967,0,0.975,12.326167,12.218,12.606,32.133333,-7,166,78.2,14,213,7.097,7.097,7.097,0,0,0,7311,7340,0,0,0,0,0
2020-08-08T13:00:00Z,30,0.845667,0,1.022,12.227033,12.204,12.356,-2.9,-9,47,34.966667,22,130,7.097,7.097,7.097,0,0,0,7341,7370,0,0,0,0,0
2020-08-08T14:00:00Z,30,1.019267,0.999,1.045,12.203167,12.199,12.209,-6.233333,-7,-5,33.033333,22,47,7.097,7.097,7.097,0,0,0,7371,7400,0,0,0,0,0
2020-08-08T15:00:00Z,30,1.043467,1.022,1.069,12.192067,12.181,12.204,-5.9,-6,-5,40.733333,30,47,7.097,7.097,7.097,0,0,0,7401,7430,0,0,0,0,0
2020-08-08T16:00:00Z,29,1.076345,1.045,1.092,12.179966,12.166,12.195,-5.586207,-7,-4,42.241379,30,55,7.097,7.097,7.097,0,0,0,7431,7460,0,0,0,0,0
2020-08-08T17:00:00Z,30,1.1044,1.092,1.116,12.169067,12.162,12.176,-4.933333,-6,-4,49.433333,39,64,7.097,7.097,7.097,0,0,0,7461,7490,0,0,0,0,0
2020-08-08T18:00:00Z,29,1.125276,1.104,1.139,12.159414,12.152,12.166,-4.37931,-6,-4,53.758621,47,64,7.097,7.097,7.097,0,0,0,7491,7520,0,0,0,0,0
2020-08-08T19:00:00Z,30,1.139733,1.127,1.162,12.1508,12.143,12.162,-4.033333,-5,-3,56.866667,47,64,7.097,7.097,7.097,0,0,0,7521,7550,0,0,0,0,0
2020-08-08T20:00:00Z,30,1.151933,1.127,1.174,12.1475,12.143,12.157,-3.733333,-4,-3,62.133333,47,72,7.097,7.097,7.097,0,0,0,7551,7580,0,0,0,0,0
2020-08-08T21:00:00Z,30,1.1688,1.162,1.198,12.1399,12.133,12.147,-3.733333,-4,-3,60.2,47,64,7.097,7.097,7.097,0,0,0,7581,7610,0,0,0,0,0
2020-08-08T22:00:00Z,30,2.1956,1.151,8.264,12.135767,12.128,12.147,-3.533333,-4,-3,63.766667,55,72,7.097,7.097,7.097,0,0,0,7611,7640,0,0,0,0,0
2020-08-08T23:00:00Z,30,4.644733,2.906,13.26,12.1311,12.124,12.138,-3.2,-4,-3,66.266667,55,72,7.097,7.097,7.097,0,0,0,7641,7670,0,0,0,0,0
2020-08-09T00:00:00Z,30,11.0976,4.146,16.01,12.136133,12.119,12.152,-0.133333,-4,6,69.566667,55,80,7.097,7.097,7.097,0,0,0,7671,7700,0,0,0,0,0
2020-08-09T01:00:00Z,30,13.6238,13.33,13.775,12.279233,12.147,12.497,43.933333,5,129,112.466667,64,205,7.097,7.097,7.097,0,0,0,7701,7730,0,0,0,0,0
2020-08-09T02:00:00Z,30,13.337833,13.05,13.564,12.506,12.322,12.739,98.966667,44,210,163.2,113,288,7.097,7.097,7.097,0,0,0,7731,7760,0,0,0,0,0
2020-08-09T03:00:00Z,30,14.5734,12.933,23.088,12.559,11.977,12.895,83.206897,-175,225,95.866667,-292,230,7.097,7.097,7.097,0.233333,0,1,7761,7790,0,0,0,0,0
2020-08-09T04:00:00Z,30,13.444733,12.909,13.904,12.4397,12.058,12.852,48.466667,-109,218,-18.3,-251,271,7.097,7.097,7.097,0.566667,0,1,7791,7820,0,0,0,0,0
2020-08-09T05:00:00Z,31,13.505161,12.71,13.939,12.375032,12.034,13.023,34.580645,-125,309,54.870968,-276,379,7.097,7.097,7.097,0.129032,0,1,7821,7851,0,0,0,0,0
2020-08-09T06:00:00Z,30,12.206567,3.128,18.631,12.335167,12.228,12.62,25.366667,-10,140,67.5,22,238,7.097,7.097,7.097,0,0,0,7852,7881,0,0,0,0,0
2020-08-09T07:00:00Z,30,4.811267,3.619,13.658,12.2314,12.204,12.275,-4.033333,-8,0,43.966667,14,55,7.097,7.097,7.097,0,0,0,7882,7911,0,0,0,0,0
2020-08-09T08:00:00Z,30,3.258833,2.999,3.619,12.1983,12.185,12.214,-4.2,-5,-4,44.6,39,55,7.097,7.097,7.097,0,0,0,7912,7941,0,0,0,0,0
2020-08-09T09:00:00Z,29,3.533069,0.577,7.785,12.293448,11.859,12.852,35.178571,-165,298,72.310345,-209,329,7.097,7.097,7.097,0.103448,0,1,7942,7971,0,0,0,0,0
2020-08-09T10:00:00Z,30,2.585967,1.478,3.456,12.2209,12.171,12.469,1.966667,-7,96,53.133333,39,171,7.097,7.097,7.097,0,0,0,7972,8001,0,0,0,0,0
2020-08-09T11:00:00Z,29,1.293241,1.092,2.239,12.163448,12.147,12.181,-6.448276,-7,-4,31.62069,22,55,7.097,7.097,7.097,0,0,0,8002,8030,0,0,0,0,0
2020-08-09T12:00:00Z,30,1.141267,1.116,1.162,12.1445,12.133,12.157,-6.533333,-7,-6,30.766667,14,47,7.097,7.097,7.097,0,0,0,8032,8061,0,0,0,0,0
2020-08-09T13:00:00Z,30,1.171767,1.151,1.198,12.1302,12.124,12.138,-6.133333,-7,-6,37.466667,30,47,7.097,7.097,7.097,0,0,0,8062,8091,0,0,0,0,0
2020-08-09T14:00:00Z,29,1.190414,1.174,1.209,12.124897,12.119,12.133,-5.896552,-7,-5,41.931034,30,55,7.097,7.097,7.097,0,0,0,8092,8121,0,0,0,0,0
2020-08-09T15:00:00Z,30,1.202767,1.186,1.221,12.119667,12.114,12.124,-5.5,-6,-4,45.666667,39,55,7.097,7.097,7.097,0,0,0,8122,8151,0,0,0,0,0
2020-08-09T16:00:00Z,30,1.209667,1.186,1.233,12.1185,12.114,12.124,-4.633333,-6,-4,50.466667,39,55,7.097,7.097,7.097,0,0,0,8152,8181,0,0,0,0,0
2020-08-09T17:00:00Z,30,1.223033,1.198,1.244,12.1145,12.105,12.119,-4.3,-5,-4,54.066667,47,64,7.097,7.097,7.097,0,0,0,8182,8211,0,0,0,0,0
2020-08-09T18:00:00Z,30,1.2347,1.221,1.279,12.1106,12.1,12.114,-4.033333,-5,-4,58.666667,47,64,7.097,7.097,7.097,0,0,0,8212,8241,0,0,0,0,0
2020-08-09T19:00:00Z,29,1.253552,1.233,1.268,12.10531,12.1,12.114,-3.965517,-4,-3,57.586207,47,64,7.097,7.097,7.097,0,0,0,8242,8271,0,0,0,0,0
2020-08-09T20:00:00Z,30,1.272367,1.244,1.303,12.0999,12.091,12.105,-3.9,-5,-3,59.266667,47,72,7.097,7.097,7.097,0,0,0,8272,8301,0,0,0,0,0
2020-08-09T21:00:00Z,30,1.286333,1.244,1.303,12.096233,12.086,12.105,-3.633333,-4,-3,59.5,47,72,7.097,7.097,7.097,0,0,0,8302,8331,0,0,0,0,0
2020-08-09T22:00:00Z,30,3.250533,1.291,14.255,12.092633,12.086,12.1,-3.4,-4,-3,63.566667,55,72,7.097,7.097,7.097,0,0,0,8332,8361,0,0,0,0,0
2020-08-09T23:00:00Z,30,3.7204,0,5.176,12.1397,11.835,13.732,19.1,-139,780,79.866667,-267,678,7.097,7.097,7.097,0.033333,0,1,8362,8391,0,0,1,0,0
2020-08-10T00:00:00Z,30,5.5264,0,13.564,12.438567,11.774,13.311,111.766667,-168,457,136.5,-276,595,7.097,7.097,7.097,0.2,0,1,8392,8421,0,0,0,0,0
2020-08-10T01:00:00Z,21,4.280857,2.555,12.547,12.209952,12.138,12.398,12.25,-7,106,86.52381,30,180,7.097,7.097,7.097,0,0,0,8422,8449,0,0,0,0,0
2020-08-10T02:00:00Z,16,13.769063,13.74,13.787,12.154687,12.143,12.185,9.0625,1,16,78.9375,55,88,7.097,7.097,7.097,0,0,0,8452,8475,0,0,0,0,0
2020-08-10T03:00:00Z,13,13.618462,13.377,13.717,12.285,12.204,12.474,54.230769,33,137,125.461538,97,221,7.097,7.097,7.097,0,0,0,8482,8506,0,0,0,0,0
2020-08-10T04:00:00Z,21,13.321571,12.699,13.787,12.537048,12.209,13.06,122.75,-42,345,57.619048,-201,279,7.097,7.097,7.097,0.571429,0,1,8510,8535,0,0,0,0,0
2020-08-10T05:00:00Z,24,13.283625,12.09,13.927,12.57275,12.034,13.699,94.25,-138,608,6.791667,-267,636,7.097,7.097,7.097,0.583333,0,1,8536,8565,0,0,1,0,0
2020-08-10T06:00:00Z,15,13.1354,12.453,13.845,12.673267,12.105,13.207,134.333333,-97,370,95.4,-226,362,7.097,7.097,7.097,0.6,0,1,8566,8593,0,0,0,0,0
2020-08-10T07:00:00Z,19,13.364895,13.085,13.775,12.492263,12.176,12.701,62.105263,-86,201,100.368421,-226,263,7.097,7.097,7.097,0.052632,0,1,8594,8613,0,0,0,0,0
2020-08-10T08:00:00Z,30,13.458,12.465,14.629,12.441967,11.963,13.165,56.766667,-152,430,89.966667,-276,603,7.097,7.097,7.097,0.1,0,1,8623,8652,0,0,0,0,0
2020-08-10T09:00:00Z,30,11.1523,3.772,13.67,12.3318,12.242,12.512,27,-6,88,76.833333,39,147,7.097,7.097,7.097,0,0,0,8653,8682,0,0,0,0,0
2020-08-10T10:00:00Z,30,3.441167,2.52,5.187,12.2134,12.195,12.237,-2.966667,-4,-2,62.433333,47,72,7.097,7.097,7.097,0,0,0,8683,8712,0,0,0,0,0
2020-08-10T11:00:00Z,30,1.527367,0,5.012,12.230833,12.19,12.346,10.133333,-7,53,79.5,47,122,7.097,7.097,7.097,0,0,0,8713,8742,0,0,0,0,0
2020-08-10T12:00:00Z,30,0.929967,0.109,1.069,12.1897,12.166,12.261,0.166667,-4,27,65.633333,47,105,7.097,7.097,7.097,0,0,0,8743,8772,0,0,0,0,0
2020-08-10T13:00:00Z,30,0.841567,0.063,1.104,12.182133,12.157,12.251,2.034483,-6,32,68.3,30,113,7.097,7.097,7.097,0,0,0,8773,8802,0,0,0,0,0
2020-08-10T14:00:00Z,30,1.099667,0.379,1.151,12.1516,12.143,12.195,-5.1,-6,11,42.4,30,80,7.097,7.097,7.097,0,0,0,8803,8832,0,0,0,0,0
2020-08-10T15:00:00Z,30,0.881167,0,1.174,12.163167,12.133,12.294,2.275862,-8,64,50.933333,30,80,7.097,7.097,7.097,0,0,0,8833,8862,0,0,0,0,0
2020-08-10T16:00:00Z,30,0.984267,0,1.198,12.152967,12.124,12.351,2.6,-7,70,56.4,30,147,7.097,7.097,7.097,0,0,0,8863,8892,0,0,0,0,0
2020-08-10T17:00:00Z,30,0.942967,0.145,1.209,12.138433,12.11,12.233,1.241379,-6,32,57.266667,39,105,7.097,7.097,7.097,0,0,0,8893,8922,0,0,0,0,0
2020-08-10T18:00:00Z,30,1.227933,1.198,1.256,12.112133,12.105,12.119,-4.233333,-6,-4,55.166667,39,64,7.097,7.097,7.097,0,0,0,8923,8952,0,0,0,0,0
2020-08-10T19:00:00Z,30,0.5755,0,1.268,12.1969,12.1,12.374,23.7,-5,101,86.533333,5,221,7.097,7.097,7.097,0,0,0,8953,8982,0,0,0,0,0
2020-08-10T20:00:00Z,30,1.107867,0.098,1.291,12.124067,12.095,12.294,0.7,-7,55,66.433333,47,147,7.097,7.097,7.097,0,0,0,8983,9012,0,0,0,0,0
2020-08-10T21:00:00Z,30,1.282467,1.268,1.303,12.096033,12.086,12.105,-3.433333,-4,-3,64.6,55,72,7.097,7.097,7.097,0,0,0,9013,9042,0,0,0,0,0
2020-08-10T22:00:00Z,29,2.366345,1.303,8.662,12.087517,12.081,12.095,-3.344828,-4,-2,65.172414,47,80,7.097,7.097,7.097,0,0,0,9043,9072,0,0,0,0,0
2020-08-10T23:00:00Z,30,6.239133,3.023,13.88,12.086467,12.076,12.128,-1.5,-7,20,70.066667,55,97,7.097,7.097,7.097,0,0,0,9073,9102,0,0,0,0,0
2020-08-11T00:00:00Z,30,14.330433,13.284,22.538,12.244967,12.086,12.521,46.166667,-6,173,113.633333,64,271,7.097,7.097,7.097,0,0,0,9103,9132,0,0,0,0,0
2020-08-11T01:00:00Z,9,14.990556,13.167,21.848,12.362222,12.171,12.696,75.111111,-3,225,141.777778,88,288,7.097,7.097,7.097,0,0,0,9133,9155,0,0,0,0,0
2020-08-11T02:00:00Z,11,13.363545,12.687,14.032,12.498,11.953,13.037,88.909091,-148,314,127.727273,-267,362,7.097,7.097,7.097,0.181818,0,1,9166,9188,0,0,0,0,0
2020-08-11T03:00:00Z,9,14.118,12.535,20.807,12.531111,12.162,13.202,89.444444,-41,322,113.444444,-193,387,7.097,7.097,7.097,0.111111,0,1,9193,9211,0,0,0,0,0
2020-08-11T04:00:00Z,15,15.672733,12.734,23.86,12.482067,11.968,13.023,61.733333,-175,336,53.733333,-326,412,7.097,7.097,7.097,0.2,0,1,9217,9244,0,0,0,0,0
2020-08-11T05:00:00Z,28,14.998071,12.628,23.334,12.503929,11.916,13.429,77.714286,-178,457,35.821429,-334,537,7.097,7.097,7.097,0.392857,0,1,9245,9273,0,0,0,0,0
2020-08-11T06:00:00Z,27,14.902037,12.839,23.732,12.536407,11.977,13.254,82.333333,-176,329,53.888889,-334,337,7.097,7.097,7.097,0.259259,0,1,9275,9302,0,0,0,0,0
2020-08-11T07:00:00Z,14,13.264357,12.944,13.798,12.572286,12.162,12.919,84.071429,-70,269,75.571429,-259,246,7.097,7.097,7.097,0.142857,0,1,9315,9331,0,0,0,0,0
2020-08-11T08:00:00Z,30,12.992033,4.158,14.629,12.382533,11.93,13.004,27.133333,-177,258,31.333333,-350,271,7.097,7.097,7.097,0.033333,0,1,9332,9361,0,0,0,0,0
2020-08-11T09:00:00Z,30,14.795733,12.582,22.48,12.4325,11.996,13.165,55.666667,-150,417,39.033333,-342,462,7.097,7.097,7.097,0.166667,0,1,9362,9391,0,0,0,0,0
2020-08-11T10:00:00Z,30,6.6158,2.017,15.893,12.363267,12.119,12.814,32.607143,-79,226,23.9,-251,263,7.097,7.097,7.097,0.133333,0,1,9392,9421,0,0,0,0,0
2020-08-11T11:00:00Z,29,1.277379,0.928,2.555,12.235759,12.204,12.37,-4.310345,-10,50,23.724138,14,55,7.097,7.097,7.097,0,0,0,9422,9451,0,0,0,0,0
2020-08-11T12:00:00Z,30,0.790167,0,1.022,12.220667,12.19,12.384,0.103448,-8,52,27.066667,14,113,7.097,7.097,7.097,0,0,0,9452,9481,0,0,0,0,0
2020-08-11T13:00:00Z,30,0.884733,0.145,1.045,12.196267,12.181,12.256,-3,-8,28,25.066667,14,88,7.097,7.097,7.097,0,0,0,9482,9511,0,0,0,0,0
2020-08-11T14:00:00Z,30,0.981533,0.531,1.092,12.1769,12.162,12.214,-6.931034,-9,3,9.966667,-2,39,7.097,7.097,7.097,0,0,0,9512,9541,0,0,0,0,0
2020-08-11T15:00:00Z,31,1.092742,1.069,1.116,12.159452,12.147,12.166,-8.806452,-9,-8,4.032258,-10,14,7.097,7.097,7.097,0,0,0,9542,9572,0,0,0,0,0
2020-08-11T16:00:00Z,30,1.113767,1.092,1.139,12.1516,12.143,12.162,-8.433333,-9,-8,8.1,-2,22,7.097,7.097,7.097,0,0,0,9573,9602,0,0,0,0,0
2020-08-11T17:00:00Z,30,1.1323,1.104,1.151,12.143233,12.133,12.152,-8.233333,-9,-8,9.466667,5,22,7.097,7.097,7.097,0,0,0,9603,9632,0,0,0,0,0
2020-08-11T18:00:00Z,30,1.153033,1.139,1.174,12.134767,12.124,12.143,-7.966667,-8,-7,15.966667,5,30,7.097,7.097,7.097,0,0,0,9633,9662,0,0,0,0,0
2020-08-11T19:00:00Z,30,1.1736,1.162,1.186,12.127767,12.124,12.133,-7.4,-8,-7,21.733333,14,30,7.097,7.097,7.097,0,0,0,9663,9692,0,0,0,0,0
2020-08-11T20:00:00Z,30,1.0904,0.343,1.233,12.124633,12.11,12.171,-4.758621,-8,15,25.3,5,55,7.097,7.097,7.097,0,0,0,9693,9722,0,0,0,0,0
2020-08-11T21:00:00Z,30,1.1902,0.788,1.256,12.110267,12.1,12.124,-6.724138,-8,1,25.533333,5,64,7.097,7.097,7.097,0,0,0,9723,9752,0,0,0,0,0
2020-08-11T22:00:00Z,30,2.002833,1.221,5.655,12.099533,12.086,12.114,-6.866667,-8,-6,30,14,39,7.097,7.097,7.097,0,0,0,9753,9782,0,0,0,0,0
2020-08-11T23:00:00Z,30,5.277667,2.906,13.436,12.0941,12.081,12.143,-5.366667,-7,17,33.2,22,80,7.097,7.097,7.097,0,0,0,9783,9812,0,0,0,0,0
2020-08-12T00:00:00Z,30,13.371433,4.743,14.606,12.175467,12.091,12.403,24.344828,-7,163,62.8,30,180,7.097,7.097,7.097,0,0,0,9813,9842,0,0,0,0,0
2020-08-12T01:00:00Z,28,13.660893,13.436,13.798,12.247393,12.138,12.441,46.035714,2,115,84.321429,30,155,7.097,7.097,7.097,0,0,0,9843,9872,0,0,0,0,0
2020-08-12T02:00:00Z,18,13.296667,13.085,13.541,12.545722,12.356,12.725,126.222222,34,200,155.888889,72,238,7.097,7.097,7.097,0,0,0,9873,9897,0,0,0,0,0
2020-08-12T03:00:00Z,19,13.429474,13.096,13.541,12.443632,12.341,12.677,62.684211,21,151,89.263158,55,171,7.097,7.097,7.097,0,0,0,9901,9921,0,0,0,0,0
2020-08-12T04:00:00Z,24,13.345542,12.886,13.88,12.508292,12.091,12.885,87.25,-92,238,56.833333,-267,288,7.097,7.097,7.097,0.25,0,1,9931,9957,0,0,0,0,0
2020-08-12T05:00:00Z,21,13.24681,12.523,13.81,12.593429,12.157,13.207,111.666667,-54,421,65.333333,-234,396,7.097,7.097,7.097,0.238095,0,1,9959,9985,0,0,0,0,0
2020-08-12T06:00:00Z,23,13.413913,12.886,14.149,12.472522,12.195,12.8,56.391304,-64,173,46.347826,-267,230,7.097,7.097,7.097,0.086957,0,1,9988,10016,0,0,0,0,0
2020-08-12T07:00:00Z,29,12.861655,3.701,15.214,12.312862,12.119,13.027,17.275862,-53,202,19.931034,-135,263,7.097,7.097,7.097,0.103448,0,1,10017,10046,0,0,0,0,0
2020-08-12T08:00:00Z,30,4.465333,2.122,13.681,12.2772,12.209,12.611,7.433333,-10,186,25.6,-10,213,7.097,7.097,7.097,0,0,0,10047,10076,0,0,0,0,0
2020-08-12T09:00:00Z,30,4.255567,2.368,6.533,12.202567,12.181,12.384,-5.466667,-8,48,16.566667,5,88,7.097,7.097,7.097,0,0,0,10077,10106,0,0,0,0,0
2020-08-12T10:00:00Z,30,2.9635,2.028,3.947,12.1759,12.162,12.19,-7.233333,-8,-7,14.7,5,22,7.097,7.097,7.097,0,0,0,10107,10136,0,0,0,0,0
2020-08-12T11:00:00Z,30,1.215767,1.092,1.888,12.1644,12.157,12.171,-7,-8,-6,18.966667,5,30,7.097,7.097,7.097,0,0,0,10137,10166,0,0,0,0,0
2020-08-12T12:00:00Z,30,1.124967,1.092,1.151,12.151133,12.143,12.162,-8.6,-10,-6,6.333333,-10,22,7.097,7.097,7.097,0,0,0,10167,10196,0,0,0,0,0
2020-08-12T13:00:00Z,29,1.154276,1.127,1.174,12.139517,12.133,12.147,-8.482759,-9,-8,7.413793,-2,22,7.097,7.097,7.097,0,0,0,10197,10226,0,0,0,0,0
2020-08-12T14:00:00Z,29,1.176069,1.162,1.186,12.130897,12.124,12.138,-8.034483,-9,-7,15.275862,5,22,7.097,7.097,7.097,0,0,0,10227,10256,0,0,0,0,0
2020-08-12T15:00:00Z,30,1.2046,1.186,1.233,12.120533,12.11,12.128,-7.8,-8,-7,19.866667,14,30,7.097,7.097,7.097,0,0,0,10257,10286,0,0,0,0,0
2020-08-12T16:00:00Z,30,1.2369,1.209,1.279,12.111567,12.105,12.124,-7.233333,-8,-7,23.333333,14,30,7.097,7.097,7.097,0,0,0,10287,10316,0,0,0,0,0
2020-08-12T17:00:00Z,29,1.272138,1.244,1.303,12.099034,12.091,12.11,-6.965517,-8,-6,27.275862,22,39,7.097,7.097,7.097,0,0,0,10317,10346,0,0,0,0,0
2020-08-12T18:00:00Z,30,1.314667,1.291,1.361,12.0888,12.076,12.095,-6.733333,-7,-6,30.566667,22,39,7.097,7.097,7.097,0,0,0,10347,10376,0,0,0,0,0
2020-08-12T19:00:00Z,30,1.3443,1.315,1.385,12.080633,12.076,12.095,-6.433333,-7,-6,36.266667,30,47,7.097,7.097,7.097,0,0,0,10377,10406,0,0,0,0,0
2020-08-12T20:00:00Z,29,1.361759,1.338,1.385,12.076931,12.067,12.086,-6.034483,-7,-5,39.655172,30,47,7.097,7.097,7.097,0,0,0,10407,10436,0,0,0,0,0
2020-08-12T21:00:00Z,30,1.379667,1.361,1.396,12.0705,12.062,12.076,-5.833333,-7,-5,41.9,30,47,7.097,7.097,7.097,0,0,0,10437,10466,0,0,0,0,0
2020-08-12T22:00:00Z,30,2.0079,1.373,5.737,12.065833,12.062,12.072,-5.566667,-6,-5,46.7,30,55,7.097,7.097,7.097,0,0,0,10467,10496,0,0,0,0,0
2020-08-12T23:00:00Z,30,7.095133,3.07,15.916,12.061667,12.053,12.072,-4.6,-6,1,47.533333,39,55,7.097,7.097,7.097,0,0,0,10497,10526,0,0,0,0,0
2020-08-13T00:00:00Z,30,13.803233,13.728,13.869,12.131667,12.076,12.199,19.366667,2,40,67.466667,47,97,7.097,7.097,7.097,0,0,0,10527,10556,0,0,0,0,0
2020-08-13T01:00:00Z,9,13.701,13.635,13.787,12.216222,12.138,12.27,42.888889,19,66,91.111111,55,113,7.097,7.097,7.097,0,0,0,10557,10575,0,0,0,0,0
2020-08-13T02:00:00Z,4,13.72825,13.693,13.787,12.196,12.143,12.242,38,20,51,80,55,97,7.097,7.097,7.097,0,0,0,10594,10611,0,0,0,0,0
2020-08-13T03:00:00Z,19,13.569211,13.19,13.681,12.327895,12.242,12.573,71.894737,48,149,109.052632,88,171,7.097,7.097,7.097,0,0,0,10612,10640,0,0,0,0,0
2020-08-13T04:00:00Z,27,13.424481,12.394,13.763,12.43937,12.181,13.202,91.888889,-16,400,86.111111,-184,528,7.097,7.097,7.097,0.222222,0,1,10641,10670,0,0,0,0,0
2020-08-13T05:00:00Z,23,13.091304,6.264,13.81,12.459391,12.176,13.127,80.608696,-51,339,56.217391,-243,454,7.097,7.097,7.097,0.217391,0,1,10671,10699,0,0,0,0,0
2020-08-13T06:00:00Z,11,4.070182,1.478,13.693,12.278091,12.166,12.488,41.6,-8,167,82.454545,22,213,7.097,7.097,7.097,0,0,0,10704,10724,0,0,0,0,0
2020-08-13T07:00:00Z,12,8.425333,3.924,11.517,12.152583,12.138,12.171,-5,-6,-4,39.583333,30,47,7.097,7.097,7.097,0,0,0,10728,10750,0,0,0,0,0
2020-08-13T08:00:00Z,27,5.962926,2.812,13.951,12.117259,12.105,12.128,-5.222222,-6,-4,40.407407,30,47,7.097,7.097,7.097,0,0,0,10756,10784,0,0,0,0,0
2020-08-13T09:00:00Z,30,2.812167,2.672,2.964,12.097633,12.081,12.11,-4.566667,-6,-4,45.866667,30,55,7.097,7.097,7.097,0,0,0,10785,10814,0,0,0,0,0
2020-08-13T10:00:00Z,28,3.400964,2.625,6.1,12.070321,12.058,12.086,-6,-7,-4,36.714286,22,64,7.097,7.097,7.097,0,0,0,10816,10844,0,0,0,0,0
2020-08-13T11:00:00Z,30,1.6116,1.385,2.683,12.0578,12.053,12.067,-6.766667,-7,-6,32.433333,22,47,7.097,7.097,7.097,0,0,0,10845,10874,0,0,0,0,0
2020-08-13T12:00:00Z,30,1.4184,1.396,1.432,12.050667,12.048,12.058,-6.366667,-7,-6,35.333333,22,47,7.097,7.097,7.097,0,0,0,10875,10904,0,0,0,0,0
2020-08-13T13:00:00Z,30,1.428667,1.408,1.443,12.046667,12.043,12.053,-6,-6,-6,41.833333,30,47,7.097,7.097,7.097,0,0,0,10905,10934,0,0,0,0,0
2020-08-13T14:00:00Z,29,1.443655,1.432,1.455,12.041241,12.034,12.048,-5.931034,-6,-5,43.655172,30,55,7.097,7.097,7.097,0,0,0,10935,10964,0,0,0,0,0
2020-08-13T15:00:00Z,30,1.4542,1.443,1.467,12.039033,12.034,12.043,-5.066667,-6,-4,49.666667,39,55,7.097,7.097,7.097,0,0,0,10965,10994,0,0,0,0,0
2020-08-13T16:00:00Z,30,1.467867,1.455,1.478,12.033833,12.024,12.039,-4.8,-6,-4,53.033333,39,64,7.097,7.097,7.097,0,0,0,10995,11024,0,0,0,0,0
2020-08-13T17:00:00Z,30,1.482133,1.467,1.502,12.029333,12.024,12.034,-4.433333,-6,-4,54.066667,47,64,7.097,7.097,7.097,0,0,0,11025,11054,0,0,0,0,0
2020-08-13T18:00:00Z,30,1.493167,1.478,1.513,12.026367,12.015,12.034,-4.266667,-5,-4,56.933333,47,64,7.097,7.097,7.097,0,0,0,11055,11084,0,0,0,0,0
2020-08-13T19:00:00Z,30,1.504033,1.49,1.525,12.021133,12.015,12.029,-4.133333,-6,-4,57.4,47,72,7.097,7.097,7.097,0,0,0,11085,11114,0,0,0,0,0
2020-08-13T20:00:00Z,31,1.515806,1.502,1.525,12.017,12.005,12.024,-3.83871,-5,-3,60,47,72,7.097,7.097,7.097,0,0,0,11115,11145,0,0,0,0,0
2020-08-13T21:00:00Z,30,1.5222,1.513,1.537,12.0145,12.005,12.02,-3.733333,-4,-3,63,47,72,7.097,7.097,7.097,0,0,0,11146,11175,0,0,0,0,0
2020-08-13T22:00:00Z,30,2.8581,1.525,9.82,12.0095,12.005,12.015,-3.3,-4,-3,65.766667,55,72,7.097,7.097,7.097,0,0,0,11176,11205,0,0,0,0,0
2020-08-13T23:00:00Z,30,9.779067,3.198,16.712,12.021867,11.991,12.072,1.966667,-4,18,72.733333,55,88,7.097,7.097,7.097,0,0,0,11206,11235,0,0,0,0,0
2020-08-14T00:00:00Z,30,13.887833,13.834,13.915,12.054967,12.024,12.114,12.866667,2,31,81.466667,64,105,7.097,7.097,7.097,0,0,0,11236,11265,0,0,0,0,0
2020-08-14T01:00:00Z,29,13.751138,13.646,13.904,12.175034,12.053,12.247,46.517241,14,70,115.37931,72,138,7.097,7.097,7.097,0,0,0,11266,11295,0,0,0,0,0
2020-08-14T02:00:00Z,18,13.509278,13.249,13.74,12.381611,12.195,12.592,99.388889,45,171,148.833333,113,171,7.097,7.097,7.097,0,0,0,11296,11323,0,0,0,0,0
2020-08-14T03:00:00Z,20,13.7042,13.155,19.66,12.4606,12.247,12.663,109.85,19,193,155.6,72,213,7.097,7.097,7.097,0,0,0,11324,11352,0,0,0,0,0
2020-08-14T04:00:00Z,17,15.700706,13.132,22.456,12.461059,12.256,12.658,84.705882,-5,171,127.588235,39,205,7.097,7.097,7.097,0,0,0,11357,11380,0,0,0,0,0
2020-08-14T05:00:00Z,24,14.042625,13.202,21.848,12.426125,12.223,12.616,74.666667,-6,151,110.208333,30,180,7.097,7.097,7.097,0,0,0,11381,11410,0,0,0,0,0
2020-08-14T06:00:00Z,25,13.48396,13.155,13.658,12.38592,12.251,12.635,62.96,6,148,90.72,30,171,7.097,7.097,7.097,0,0,0,11411,11439,0,0,0,0,0
2020-08-14T07:00:00Z,12,13.422,13.249,13.623,12.44225,12.28,12.568,81.5,17,129,103,30,147,7.097,7.097,7.097,0,0,0,11447,11463,0,0,0,0,0
2020-08-14T08:00:00Z,30,13.707833,12.991,16.571,12.3716,12.19,12.734,51.266667,-9,262,58.6,-10,296,7.097,7.097,7.097,0,0,0,11468,11497,0,0,0,0,0
2020-08-14T09:00:00Z,30,4.677067,2.496,14.196,12.2109,12.147,12.483,5.566667,-9,129,30.5,-2,147,7.097,7.097,7.097,0,0,0,11498,11527,0,0,0,0,0
2020-08-14T10:00:00Z,28,2.945,2.508,5.117,12.129679,12.119,12.143,-7.142857,-8,-7,17.678571,5,22,7.097,7.097,7.097,0,0,0,11528,11556,0,0,0,0,0
2020-08-14T11:00:00Z,30,1.367567,1.162,2.286,12.113667,12.1,12.128,-7.166667,-8,-7,19.833333,5,30,7.097,7.097,7.097,0,0,0,11557,11586,0,0,0,0,0
2020-08-14T12:00:00Z,29,1.218138,1.198,1.244,12.102103,12.091,12.11,-7.034483,-8,-6,21.448276,14,30,7.097,7.097,7.097,0,0,0,11587,11616,0,0,0,0,0
2020-08-14T13:00:00Z,30,0.9023,0,1.279,12.284667,11.935,14.338,66.1,-96,937,47.666667,-259,769,7.097,7.097,7.097,0.133333,0,1,11617,11646,0,0,2,0,0
2020-08-14T14:00:00Z,30,0.6675,0,1.209,12.236767,11.882,12.805,27.133333,-141,231,35.833333,-326,337,7.097,7.097,7.097,0.066667,0,1,11647,11676,0,0,0,0,0
2020-08-14T15:00:00Z,31,1.202065,0.554,1.303,12.105,12.081,12.147,-7.387097,-12,10,12.419355,5,39,7.097,7.097,7.097,0,0,0,11677,11707,0,0,0,0,0
2020-08-14T16:00:00Z,30,1.3159,1.303,1.35,12.0832,12.072,12.091,-7.6,-8,-7,20.933333,14,30,7.097,7.097,7.097,0,0,0,11708,11737,0,0,0,0,0
2020-08-14T17:00:00Z,30,1.359333,1.338,1.396,12.072867,12.062,12.086,-7.166667,-8,-7,25.733333,14,30,7.097,7.097,7.097,0,0,0,11738,11767,0,0,0,0,0
2020-08-14T18:00:00Z,30,1.3902,1.373,1.42,12.061833,12.048,12.072,-6.6,-8,-6,31.666667,22,39,7.097,7.097,7.097,0,0,0,11768,11797,0,0,0,0,0
2020-08-14T19:00:00Z,30,1.4164,1.396,1.432,12.052833,12.039,12.062,-6.133333,-7,-5,37.633333,30,47,7.097,7.097,7.097,0,0,0,11798,11827,0,0,0,0,0
2020-08-14T20:00:00Z,29,1.443759,1.432,1.478,12.042448,12.029,12.053,-5.689655,-6,-5,43.689655,39,55,7.097,7.097,7.097,0,0,0,11828,11857,0,0,0,0,0
2020-08-14T21:00:00Z,30,1.4714,1.455,1.502,12.0309,12.02,12.039,-5.266667,-6,-4,46.733333,39,55,7.097,7.097,7.097,0,0,0,11858,11887,0,0,0,0,0
2020-08-14T22:00:00Z,30,2.531267,1.478,4.813,12.020933,12.015,12.024,-4.833333,-6,-4,52.1,39,64,7.097,7.097,7.097,0,0,0,11888,11917,0,0,0,0,0
2020-08-14T23:00:00Z,30,5.9197,3.175,14.068,12.014,12.005,12.02,-4.1,-5,-3,57.533333,47,64,7.097,7.097,7.097,0,0,0,11918,11947,0,0,0,0,0
2020-08-15T00:00:00Z,30,15.0682,13.798,21.836,12.0589,12.015,12.138,11.724138,-5,35,72.966667,39,105,7.097,7.097,7.097,0,0,0,11948,11977,0,0,0,0,0
2020-08-15T01:00:00Z,30,13.725533,13.576,13.834,12.194567,12.114,12.313,52.333333,26,86,118.9,88,155,7.097,7.097,7.097,0,0,0,11978,12007,0,0,0,0,0
2020-08-15T02:00:00Z,28,13.461679,13.319,13.588,12.42325,12.322,12.521,109.857143,89,128,163.357143,147,180,7.097,7.097,7.097,0,0,0,12008,12037,0,0,0,0,0
2020-08-15T03:00:00Z,30,13.252367,13.178,13.342,12.561767,12.507,12.597,134.066667,120,143,181.133333,163,196,7.097,7.097,7.097,0,0,0,12038,12067,0,0,0,0,0
2020-08-15T04:00:00Z,29,13.331552,13.178,14.922,12.542724,12.313,12.597,117.931034,-2,142,162.931034,113,188,7.097,7.097,7.097,0,0,0,12068,12097,0,0,0,0,0
2020-08-15T05:00:00Z,30,14.792233,13.178,21.907,12.398167,12.266,12.597,55.366667,-6,135,97.666667,22,180,7.097,7.097,7.097,0,0,0,12098,12127,0,0,0,0,0
2020-08-15T06:00:00Z,30,13.509867,13.12,13.588,12.367467,12.318,12.668,57.566667,38,202,85.9,55,205,7.097,7.097,7.097,0,0,0,12128,12157,0,0,0,0,0
2020-08-15T07:00:00Z,30,13.445867,12.827,13.915,12.441667,12.048,13.008,72.827586,-89,312,81.133333,-259,346,7.097,7.097,7.097,0.1,0,1,12158,12187,0,0,0,0,0
2020-08-15T08:00:00Z,30,14.288767,13.471,21.556,12.304967,12.209,12.431,30.8,-8,88,43.9,5,97,7.097,7.097,7.097,0,0,0,12188,12217,0,0,0,0,0
2020-08-15T09:00:00Z,30,12.747333,5.07,21.205,12.188733,12.138,12.398,2.166667,-10,99,12.533333,-18,147,7.097,7.097,7.097,0,0,0,12218,12247,0,0,0,0,0
2020-08-15T10:00:00Z,30,3.7649,2.824,4.52,12.127367,12.114,12.143,-7.3,-8,-7,14.9,5,22,7.097,7.097,7.097,0,0,0,12248,12277,0,0,0,0,0
2020-08-15T11:00:00Z,30,1.655833,1.174,3.374,12.111967,12.1,12.119,-7.166667,-8,-6,18.5,5,30,7.097,7.097,7.097,0,0,0,12278,12307,0,0,0,0,0
2020-08-15T12:00:00Z,30,1.2245,1.186,1.256,12.100333,12.091,12.114,-7.366667,-8,-7,16.333333,5,22,7.097,7.097,7.097,0,0,0,12308,12337,0,0,0,0,0
2020-08-15T13:00:00Z,30,1.2619,1.233,1.303,12.088067,12.072,12.1,-7.633333,-10,-7,13.966667,-10,30,7.097,7.097,7.097,0,0,0,12338,12367,0,0,0,0,0
2020-08-15T14:00:00Z,30,1.3092,1.279,1.35,12.074767,12.067,12.086,-9.133333,-10,-9,-0.866667,-10,14,7.097,7.097,7.097,0,0,0,12368,12397,0,0,0,0,0
2020-08-15T15:00:00Z,30,1.35,1.315,1.373,12.065533,12.058,12.072,-8.866667,-9,-8,3.266667,-10,14,7.097,7.097,7.097,0,0,0,12398,12427,0,0,0,0,0
2020-08-15T16:00:00Z,30,1.3807,1.35,1.408,12.056567,12.048,12.062,-8.7,-10,-8,7.366667,-2,14,7.097,7.097,7.097,0,0,0,12428,12457,0,0,0,0,0
2020-08-15T17:00:00Z,30,1.410433,1.385,1.432,12.044867,12.034,12.053,-8.4,-9,-8,10.366667,5,22,7.097,7.097,7.097,0,0,0,12458,12487,0,0,0,0,0
2020-08-15T18:00:00Z,30,1.435133,1.42,1.455,12.0355,12.024,12.043,-8,-9,-7,15.033333,5,22,7.097,7.097,7.097,0,0,0,12488,12517,0,0,0,0,0
2020-08-15T19:00:00Z,31,1.466387,1.455,1.49,12.024806,12.015,12.034,-7.741935,-8,-7,18.387097,14,30,7.097,7.097,7.097,0,0,0,12518,12548,0,0,0,0,0
2020-08-15T20:00:00Z,30,1.4912,1.467,1.513,12.015967,12.01,12.024,-7.3,-8,-7,22.266667,14,30,7.097,7.097,7.097,0,0,0,12549,12578,0,0,0,0,0
2020-08-15T21:00:00Z,30,1.512467,1.502,1.537,12.005433,11.996,12.015,-7.066667,-8,-6,25.2,14,30,7.097,7.097,7.097,0,0,0,12579,12608,0,0,0,0,0
2020-08-15T22:00:00Z,30,3.3082,1.513,11.611,11.999467,11.991,12.005,-6.733333,-7,-6,30.8,22,39,7.097,7.097,7.097,0,0,0,12609,12638,0,0,0,0,0
2020-08-15T23:00:00Z,30,7.997567,3.245,20.666,11.995933,11.987,12.024,-5.1,-7,11,31.6,22,47,7.097,7.097,7.097,0,0,0,12639,12668,0,0,0,0,0
2020-08-16T00:00:00Z,30,14.337,13.763,21.146,12.086967,12.005,12.171,24.766667,-7,48,61.8,30,88,7.097,7.097,7.097,0,0,0,12669,12698,0,0,0,0,0
2020-08-16T01:00:00Z,30,13.661933,13.576,13.752,12.245467,12.171,12.308,67.766667,50,85,106.933333,88,130,7.097,7.097,7.097,0,0,0,12699,12728,0,0,0,0,0
2020-08-16T02:00:00Z,30,13.559733,13.412,13.775,12.338067,12.157,12.464,81.666667,2,122,115.666667,22,155,7.097,7.097,7.097,0,0,0,12729,12758,0,0,0,0,0
2020-08-16T03:00:00Z,30,13.8067,13.272,22.012,12.425367,12.218,12.554,93.9,-7,154,118.7,14,171,7.097,7.097,7.097,0,0,0,12759,12788,0,0,0,0,0
2020-08-16T04:00:00Z,30,13.839233,13.155,20.245,12.441933,12.176,12.611,95.7,-8,171,108.9,14,188,7.097,7.097,7.097,0,0,0,12789,12818,0,0,0,0,0
2020-08-16T05:00:00Z,30,13.229533,12.968,13.6,12.5831,12.294,12.772,137.266667,19,216,140.9,22,238,7.097,7.097,7.097,0,0,0,12819,12848,0,0,0,0,0
2020-08-16T06:00:00Z,30,13.553967,13.202,13.728,12.3336,12.185,12.597,53.285714,0,148,49.7,-10,155,7.097,7.097,7.097,0,0,0,12849,12878,0,0,0,0,0
2020-08-16T07:00:00Z,30,14.102967,12.991,21.918,12.481567,12.275,12.654,88.033333,-10,154,79.3,-27,155,7.097,7.097,7.097,0,0,0,12879,12908,0,0,0,0,0
2020-08-16T08:00:00Z,30,13.551633,13.143,13.717,12.335833,12.199,12.635,44.758621,-4,129,24.5,-27,105,7.097,7.097,7.097,0,0,0,12909,12938,0,0,0,0,0
2020-08-16T09:00:00Z,30,13.520733,13.213,13.705,12.365033,12.214,12.583,49,-7,126,26.366667,-35,113,7.097,7.097,7.097,0,0,0,12939,12968,0,0,0,0,0
2020-08-16T10:00:00Z,30,3.0703,1.572,12.64,12.3923,11.859,13.311,76.1,-172,448,35.266667,-276,396,7.097,7.097,7.097,0.333333,0,1,12969,12998,0,0,0,0,0
2020-08-16T11:00:00Z,30,0.771133,0,1.993,12.2684,12.043,12.933,25.777778,-101,354,7,-259,396,7.097,7.097,7.097,0.066667,0,1,12999,13028,0,0,0,0,0
2020-08-16T12:00:00Z,30,1.0648,0,1.186,12.1541,12.124,12.535,-1.133333,-11,233,-14.133333,-27,163,7.097,7.097,7.097,0,0,0,13029,13058,0,0,0,0,0
2020-08-16T13:00:00Z,30,1.185133,1.162,1.209,12.119,12.11,12.128,-9.933333,-10,-9,-20.533333,-35,-10,7.097,7.097,7.097,0,0,0,13059,13088,0,0,0,0,0
2020-08-16T14:00:00Z,30,1.223333,1.198,1.256,12.1032,12.091,12.11,-11.4,-12,-10,-38.833333,-52,-27,7.097,7.097,7.097,0,0,0,13089,13118,0,0,0,0,0
2020-08-16T15:00:00Z,30,1.247433,1.221,1.268,12.0949,12.086,12.105,-11,-12,-10,-29.566667,-43,-18,7.097,7.097,7.097,0,0,0,13119,13148,0,0,0,0,0
2020-08-16T16:00:00Z,30,1.277433,1.244,1.303,12.086633,12.076,12.095,-10.433333,-11,-10,-21.9,-35,-10,7.097,7.097,7.097,0,0,0,13149,13178,0,0,0,0,0
2020-08-16T17:00:00Z,30,1.3088,1.268,1.338,12.076167,12.067,12.086,-10.133333,-11,-10,-16.266667,-27,-10,7.097,7.097,7.097,0,0,0,13179,13208,0,0,0,0,0
2020-08-16T18:00:00Z,30,1.3395,1.315,1.373,12.0704,12.062,12.081,-9.733333,-10,-9,-8.433333,-27,-2,7.097,7.097,7.097,0,0,0,13209,13238,0,0,0,0,0
2020-08-16T19:00:00Z,31,1.368161,1.35,1.385,12.061806,12.053,12.067,-9.290323,-10,-9,-4.645161,-18,5,7.097,7.097,7.097,0,0,0,13239,13269,0,0,0,0,0
2020-08-16T20:00:00Z,30,1.395933,1.373,1.42,12.054133,12.048,12.062,-9,-10,-8,0.733333,-10,5,7.097,7.097,7.097,0,0,0,13270,13299,0,0,0,0,0
2020-08-16T21:00:00Z,29,1.411724,1.396,1.432,12.049379,12.043,12.058,-8.413793,-9,-8,8.482759,-2,14,7.097,7.097,7.097,0,0,0,13300,13329,0,0,0,0,0
2020-08-16T22:00:00Z,30,3.2354,1.408,12.874,12.0405,12.034,12.048,-8.133333,-9,-7,12.933333,5,22,7.097,7.097,7.097,0,0,0,13330,13359,0,0,0,0,0
2020-08-16T23:00:00Z,30,8.420867,3.21,15.425,12.032633,12.024,12.048,-6.933333,-8,0,16.933333,14,22,7.097,7.097,7.097,0,0,0,13360,13389,0,0,0,0,0
2020-08-17T00:00:00Z,28,14.524321,13.845,21.462,12.059643,12.039,12.105,5.37037,-7,24,28.571429,14,47,7.097,7.097,7.097,0,0,0,13390,13417,0,0,0,0,0
2020-08-17T01:00:00Z,8,13.714875,13.576,13.845,12.207125,12.105,12.318,56.75,26,100,82.375,39,113,7.097,7.097,7.097,0,0,0,13420,13446,0,0,0,0,0
2020-08-17T02:00:00Z,21,13.536571,13.459,13.646,12.362857,12.299,12.431,91,76,112,120.857143,97,155,7.097,7.097,7.097,0,0,0,13448,13475,0,0,0,0,0
2020-08-17T03:00:00Z,16,13.325188,12.909,13.845,12.526187,12.119,12.937,131.5625,-52,336,126,-243,371,7.097,7.097,7.097,0.125,0,1,13476,13503,0,0,0,0,0
2020-08-17T04:00:00Z,15,16.136867,12.956,22.854,12.508867,12.067,12.805,103.466667,-62,233,106.4,-209,271,7.097,7.097,7.097,0.066667,0,1,13504,13532,0,0,0,0,0
2020-08-17T05:00:00Z,24,14.205083,13.143,21.263,12.3885,12.233,12.663,60.666667,-9,181,56.791667,-10,147,7.097,7.097,7.097,0,0,0,13533,13561,0,0,0,0,0
2020-08-17T06:00:00Z,27,13.405333,13.19,13.518,12.470519,12.393,12.606,86.407407,53,142,85.074074,39,180,7.097,7.097,7.097,0,0,0,13563,13591,0,0,0,0,0
2020-08-17T07:00:00Z,16,13.42625,12.944,13.904,12.450437,12.062,12.871,72.5625,-93,243,51.25,-301,296,7.097,7.097,7.097,0.0625,0,1,13592,13617,0,0,0,0,0
2020-08-17T08:00:00Z,22,14.121818,13.167,21.497,12.417909,12.261,12.715,52.545455,-11,183,26.090909,-43,105,7.097,7.097,7.097,0,0,0,13620,13648,0,0,0,0,0
2020-08-17T09:00:00Z,30,13.555133,13.155,13.693,12.3322,12.223,12.673,36.9,-4,175,12.333333,-27,180,7.097,7.097,7.097,0,0,0,13649,13678,0,0,0,0,0
2020-08-17T10:00:00Z,30,5.789433,2.461,13.857,12.181333,12.143,12.384,-0.633333,-12,115,-12.533333,-43,138,7.097,7.097,7.097,0,0,0,13679,13708,0,0,0,0,0
2020-08-17T11:00:00Z,30,1.5181,0.601,3.736,12.137833,12.124,12.166,-8.633333,-10,8,-16.2,-35,-10,7.097,7.097,7.097,0,0,0,13709,13738,0,0,0,0,0
2020-08-17T12:00:00Z,30,1.157233,1.127,1.174,12.120667,12.114,12.128,-9.933333,-11,-9,-18.766667,-27,-10,7.097,7.097,7.097,0,0,0,13739,13768,0,0,0,0,0
2020-08-17T13:00:00Z,30,1.034367,0,1.209,12.131333,12.11,12.379,-2.466667,-10,110,-5.366667,-27,147,7.097,7.097,7.097,0,0,0,13769,13798,0,0,0,0,0
2020-08-17T14:00:00Z,30,0.5653,0,1.209,12.233267,12.11,12.568,39.866667,-12,205,24.3,-43,221,7.097,7.097,7.097,0,0,0,13799,13828,0,0,0,0,0
2020-08-17T15:00:00Z,29,1.199621,0.882,1.233,12.105138,12.095,12.124,-10.655172,-12,-3,-29.344828,-43,-18,7.097,7.097,7.097,0,0,0,13829,13858,0,0,0,0,0
2020-08-17T16:00:00Z,30,1.181067,0,1.268,12.099033,12.086,12.209,-8.4,-11,41,-22.3,-43,64,7.097,7.097,7.097,0,0,0,13859,13888,0,0,0,0,0
2020-08-17T17:00:00Z,29,1.261207,1.233,1.279,12.087483,12.076,12.095,-10.172414,-11,-10,-17.034483,-35,-10,7.097,7.097,7.097,0,0,0,13889,13918,0,0,0,0,0
2020-08-17T18:00:00Z,31,1.283613,1.256,1.315,12.079806,12.067,12.091,-9.903226,-10,-9,-11.290323,-18,-2,7.097,7.097,7.097,0,0,0,13919,13949,0,0,0,0,0
2020-08-17T19:00:00Z,30,1.3151,1.279,1.35,12.0734,12.067,12.081,-9.5,-10,-9,-5.8,-18,5,7.097,7.097,7.097,0,0,0,13950,13979,0,0,0,0,0
2020-08-17T20:00:00Z,29,1.34769,1.303,1.385,12.066552,12.058,12.076,-9.172414,-10,-9,-2.206897,-10,5,7.097,7.097,7.097,0,0,0,13980,14009,0,0,0,0,0
2020-08-17T21:00:00Z,30,1.3796,1.361,1.396,12.058767,12.048,12.072,-8.833333,-9,-8,2.233333,-10,14,7.097,7.097,7.097,0,0,0,14010,14039,0,0,0,0,0
2020-08-17T22:00:00Z,30,3.155367,1.373,12.804,12.049533,12.039,12.058,-8.533333,-9,-8,5.6,-10,14,7.097,7.097,7.097,0,0,0,14040,14069,0,0,0,0,0
2020-08-17T23:00:00Z,29,6.615517,3.175,14.629,12.043,12.034,12.062,-7.75,-9,0,11.172414,-2,39,7.097,7.097,7.097,0,0,0,14070,14099,0,0,0,0,0
2020-08-18T00:00:00Z,30,14.6938,13.74,22.222,12.073733,12.039,12.171,6.551724,-8,45,21.3,-2,64,7.097,7.097,7.097,0,0,0,14100,14129,0,0,0,0,0
2020-08-18T01:00:00Z,17,14.715235,13.635,22.129,12.18,12.086,12.27,41,-8,68,57.117647,5,97,7.097,7.097,7.097,0,0,0,14130,14153,0,0,0,0,0
2020-08-18T02:00:00Z,10,13.6428,13.401,13.798,12.2557,12.138,12.474,53.3,-8,140,67.9,-2,155,7.097,7.097,7.097,0,0,0,14159,14185,0,0,0,0,0
2020-08-18T03:00:00Z,23,13.462609,13.19,13.67,12.410609,12.251,12.611,94.434783,32,175,106.478261,30,188,7.097,7.097,7.097,0,0,0,14186,14214,0,0,0,0,0
2020-08-18T04:00:00Z,29,13.234414,13.038,13.529,12.583517,12.379,12.748,144.517241,38,220,148.310345,39,238,7.097,7.097,7.097,0,0,0,14215,14244,0,0,0,0,0
2020-08-18T05:00:00Z,28,13.253143,12.979,13.529,12.570643,12.36,12.772,128.392857,43,223,127.607143,39,188,7.097,7.097,7.097,0,0,0,14245,14273,0,0,0,0,0
2020-08-18T06:00:00Z,17,13.644294,13.026,17.25,12.453059,11.949,12.758,77.176471,-134,215,12.529412,-326,213,7.097,7.097,7.097,0.176471,0,1,14275,14302,0,0,0,0,0
2020-08-18T07:00:00Z,13,13.292615,12.874,13.892,12.539462,12.128,12.843,100.923077,-52,220,32.538462,-284,196,7.097,7.097,7.097,0.230769,0,1,14303,14321,0,0,0,0,0
2020-08-18T08:00:00Z,23,5.663739,2.707,13.646,12.29387,12.181,12.625,18.434783,-12,185,-1.826087,-110,163,7.097,7.097,7.097,0,0,0,14336,14360,0,0,0,0,0
2020-08-18T09:00:00Z,30,2.905,2.73,3.081,12.156633,12.143,12.176,-10.033333,-11,-10,-25.4,-35,-18,7.097,7.097,7.097,0,0,0,14361,14390,0,0,0,0,0
2020-08-18T10:00:00Z,30,2.8332,2.461,4.778,12.1342,12.124,12.147,-10.033333,-11,-10,-23.6,-35,-18,7.097,7.097,7.097,0,0,0,14391,14420,0,0,0,0,0
2020-08-18T11:00:00Z,30,1.4488,1.139,3.222,12.123933,12.119,12.133,-10.033333,-11,-10,-20.533333,-27,-10,7.097,7.097,7.097,0,0,0,14421,14450,0,0,0,0,0
2020-08-18T12:00:00Z,30,1.179667,1.151,1.198,12.113467,12.105,12.124,-10.933333,-12,-10,-31,-52,-10,7.097,7.097,7.097,0,0,0,14451,14480,0,0,0,0,0
2020-08-18T13:00:00Z,30,1.207433,1.186,1.233,12.104,12.095,12.11,-11.666667,-12,-11,-36.9,-52,-27,7.097,7.097,7.097,0,0,0,14481,14510,0,0,0,0,0
2020-08-18T14:00:00Z,30,1.235833,1.198,1.268,12.095133,12.086,12.105,-11.266667,-12,-11,-35.266667,-43,-27,7.097,7.097,7.097,0,0,0,14511,14540,0,0,0,0,0
2020-08-18T15:00:00Z,30,1.265767,1.244,1.291,12.0882,12.081,12.095,-11.033333,-12,-10,-31.433333,-43,-10,7.097,7.097,7.097,0,0,0,14541,14570,0,0,0,0,0
2020-08-18T16:00:00Z,28,1.286821,1.256,1.315,12.079679,12.072,12.086,-10.75,-11,-10,-26.107143,-35,-18,7.097,7.097,7.097,0,0,0,14571,14600,0,0,0,0,0
2020-08-18T17:00:00Z,28,1.315607,1.291,1.326,12.072714,12.067,12.076,-10.214286,-11,-10,-19.964286,-27,-10,7.097,7.097,7.097,0,0,0,14601,14630,0,0,0,0,0
2020-08-18T18:00:00Z,30,1.3442,1.315,1.396,12.065267,12.053,12.076,-10,-11,-9,-14.333333,-27,-2,7.097,7.097,7.097,0,0,0,14631,14660,0,0,0,0,0
2020-08-18T19:00:00Z,30,1.370267,1.338,1.396,12.057333,12.048,12.067,-9.766667,-10,-9,-8.966667,-27,-2,7.097,7.097,7.097,0,0,0,14661,14690,0,0,0,0,0
2020-08-18T20:00:00Z,30,1.392767,1.373,1.408,12.051167,12.043,12.058,-9.3,-10,-9,-5,-18,5,7.097,7.097,7.097,0,0,0,14691,14720,0,0,0,0,0
2020-08-18T21:00:00Z,30,1.420733,1.396,1.467,12.040567,12.029,12.053,-9.066667,-10,-8,-0.233333,-18,5,7.097,7.097,7.097,0,0,0,14721,14750,0,0,0,0,0
2020-08-18T22:00:00Z,30,1.498133,0,3.023,12.0978,12.029,12.403,19.448276,-9,166,35.5,-27,271,7.097,7.097,7.097,0,0,0,14751,14780,0,0,0,0,0
2020-08-18T23:00:00Z,30,4.385367,1.864,12.909,12.2334,12.091,12.55,48.233333,-9,165,62.233333,-18,171,7.097,7.097,7.097,0,0,0,14781,14810,0,0,0,0,0
2020-08-19T00:00:00Z,29,7.790793,4.38,15.319,12.097931,12.058,12.304,3.16,-9,89,23.758621,-10,130,7.097,7.097,7.097,0,0,0,14811,14840,0,0,0,0,0
2020-08-19T01:00:00Z,2,13.816,13.775,13.857,12.119,12.091,12.147,16.5,7,26,30.5,14,47,7.097,7.097,7.097,0,0,0,14847,14849,0,0,0,0,0
2020-08-19T02:00:00Z,8,13.718,13.646,13.74,12.202375,12.181,12.27,45.5,38,73,55.375,39,72,7.097,7.097,7.097,0,0,0,14883,14895,0,0,0,0,0
2020-08-19T03:00:00Z,15,13.6736,13.307,13.752,12.231733,12.176,12.46,52.066667,32,152,70.133333,39,130,7.097,7.097,7.097,0,0,0,14903,14919,0,0,0,0,0
2020-08-19T04:00:00Z,27,13.28237,12.991,13.553,12.546852,12.337,12.753,141.074074,72,232,153.333333,97,263,7.097,7.097,7.097,0,0,0,14924,14952,0,0,0,0,0
2020-08-19T05:00:00Z,25,13.22704,12.313,13.962,12.60288,11.996,13.496,154.04,-127,550,133,-309,470,7.097,7.097,7.097,0.16,0,1,14954,14982,0,0,1,0,0
2020-08-19T06:00:00Z,23,14.004435,12.722,21.661,12.554696,12.119,13.15,114.608696,-93,466,100.826087,-276,437,7.097,7.097,7.097,0.086957,0,1,14984,15011,0,0,0,0,0
2020-08-19T07:00:00Z,24,13.507375,13.26,13.6,12.377958,12.289,12.62,55.208333,20,177,48.291667,14,138,7.097,7.097,7.097,0,0,0,15017,15041,0,0,0,0,0
2020-08-19T08:00:00Z,30,11.238833,3.502,15.706,12.280867,12.162,12.526,23.533333,-10,104,16.133333,-35,122,7.097,7.097,7.097,0,0,0,15042,15071,0,0,0,0,0
2020-08-19T09:00:00Z,30,11.986567,3.935,20.374,12.152467,12.133,12.228,-5.103448,-11,23,-18.6,-93,22,7.097,7.097,7.097,0,0,0,15072,15101,0,0,0,0,0
2020-08-19T10:00:00Z,30,5.519133,1.478,13.81,12.140467,12.114,12.299,-3,-10,61,-6.833333,-43,97,7.097,7.097,7.097,0,0,0,15102,15131,0,0,0,0,0
2020-08-19T11:00:00Z,30,1.112367,0,1.326,12.131033,12.105,12.408,-2.666667,-10,128,1.633333,-10,138,7.097,7.097,7.097,0,0,0,15132,15161,0,0,0,0,0
2020-08-19T12:00:00Z,30,1.225933,1.198,1.256,12.1067,12.095,12.119,-8.933333,-9,-8,-3.933333,-10,5,7.097,7.097,7.097,0,0,0,15162,15191,0,0,0,0,0
2020-08-19T13:00:00Z,30,0.949267,0,1.279,12.1413,12.091,12.379,9.333333,-11,134,14.466667,-18,147,7.097,7.097,7.097,0,0,0,15192,15221,0,0,0,0,0
2020-08-19T14:00:00Z,30,1.295133,1.256,1.326,12.0883,12.076,12.1,-9.966667,-11,-8,-13.466667,-27,5,7.097,7.097,7.097,0,0,0,15222,15251,0,0,0,0,0
2020-08-19T15:00:00Z,18,1.3205,1.291,1.361,12.0805,12.072,12.086,-10.055556,-11,-10,-14.5,-27,-10,7.097,7.097,7.097,0,0,0,15252,15272,0,0,0,0,0
2020-08-20T00:00:00Z,15,14.008133,13.892,15.179,12.026333,12.005,12.053,4.2,-6,12,38.666667,30,55,7.097,7.097,7.097,0,0,0,15510,15524,0,0,0,0,0
2020-08-20T01:00:00Z,21,15.177333,13.693,23.018,12.101905,12.043,12.223,26.428571,-7,74,63.47619,22,113,7.097,7.097,7.097,0,0,0,15525,15551,0,0,0,0,0
2020-08-20T02:00:00Z,23,13.643826,13.307,13.752,12.259957,12.166,12.512,68.434783,31,159,111.173913,72,213,7.097,7.097,7.097,0,0,0,15553,15580,0,0,0,0,0
2020-08-20T03:00:00Z,29,13.552724,13.143,13.705,12.343138,12.209,12.71,81.724138,29,244,118,64,255,7.097,7.097,7.097,0,0,0,15582,15611,0,0,0,0,0
2020-08-20T04:00:00Z,30,13.5356,13.389,13.611,12.351567,12.285,12.488,73.733333,45,128,105.266667,64,147,7.097,7.097,7.097,0,0,0,15612,15641,0,0,0,0,0
2020-08-20T05:00:00Z,19,13.425316,13.096,13.564,12.444632,12.318,12.748,101.684211,50,271,123.315789,64,288,7.097,7.097,7.097,0,0,0,15642,15670,0,0,0,0,0
2020-08-20T06:00:00Z,13,13.415923,13.272,13.541,12.452385,12.356,12.554,93.538462,47,136,110.230769,47,147,7.097,7.097,7.097,0,0,0,15671,15698,0,0,0,0,0
2020-08-20T07:00:00Z,21,13.558286,12.991,13.927,12.346762,12.114,12.867,57.904762,-32,308,51.380952,-209,246,7.097,7.097,7.097,0.047619,0,1,15699,15726,0,0,0,0,0
2020-08-20T08:00:00Z,29,13.66169,13.483,15.308,12.289862,12.166,12.412,40.107143,-13,81,37.793103,-10,88,7.097,7.097,7.097,0,0,0,15728,15757,0,0,0,0,0
2020-08-20T09:00:00Z,30,13.3402,3.573,13.81,12.238867,12.124,12.526,30.533333,-13,192,22.033333,-27,196,7.097,7.097,7.097,0,0,0,15758,15787,0,0,0,0,0
2020-08-20T10:00:00Z,30,3.239233,2.508,5.725,12.150167,12.114,12.36,2.172414,-9,114,11.833333,-10,122,7.097,7.097,7.097,0,0,0,15788,15817,0,0,0,0,0
2020-08-20T11:00:00Z,30,1.029433,0,1.9,12.150267,12.1,12.322,5.3,-9,53,21.166667,-18,105,7.097,7.097,7.097,0,0,0,15818,15847,0,0,0,0,0
2020-08-20T12:00:00Z,30,1.233067,1.198,1.279,12.092533,12.076,12.11,-8.3,-9,-8,1.5,-10,14,7.097,7.097,7.097,0,0,0,15848,15877,0,0,0,0,0
2020-08-20T13:00:00Z,30,1.290333,1.256,1.338,12.075933,12.067,12.091,-8.333333,-9,-8,3.333333,-2,14,7.097,7.097,7.097,0,0,0,15878,15907,0,0,0,0,0
2020-08-20T14:00:00Z,30,1.348133,1.315,1.385,12.059367,12.053,12.067,-10.033333,-11,-9,-13.8,-35,-2,7.097,7.097,7.097,0,0,0,15908,15937,0,0,0,0,0
2020-08-20T15:00:00Z,30,1.394867,1.361,1.432,12.0492,12.039,12.058,-9.866667,-10,-9,-10.566667,-27,-2,7.097,7.097,7.097,0,0,0,15938,15967,0,0,0,0,0
2020-08-20T16:00:00Z,30,1.425067,1.408,1.467,12.0413,12.024,12.053,-9.3,-10,-9,-4,-18,5,7.097,7.097,7.097,0,0,0,15968,15997,0,0,0,0,0
2020-08-20T17:00:00Z,30,1.4507,1.42,1.478,12.030367,12.02,12.039,-9,-10,-8,0.8,-10,14,7.097,7.097,7.097,0,0,0,15998,16027,0,0,0,0,0
2020-08-20T18:00:00Z,30,1.4787,1.455,1.502,12.018567,12.01,12.029,-8.7,-9,-8,4.966667,-2,14,7.097,7.097,7.097,0,0,0,16028,16057,0,0,0,0,0
2020-08-20T19:00:00Z,30,1.508667,1.49,1.525,12.0055,11.996,12.02,-8.366667,-9,-8,8.266667,-2,14,7.097,7.097,7.097,0,0,0,16058,16087,0,0,0,0,0
2020-08-20T20:00:00Z,30,1.5282,1.513,1.537,11.995467,11.991,12.005,-8.166667,-9,-8,13.266667,5,22,7.097,7.097,7.097,0,0,0,16088,16117,0,0,0,0,0
2020-08-20T21:00:00Z,30,1.542567,1.525,1.56,11.9892,11.982,11.996,-8,-9,-7,14.366667,5,22,7.097,7.097,7.097,0,0,0,16118,16147,0,0,0,0,0
2020-08-20T22:00:00Z,30,3.399133,1.537,13.272,11.982433,11.977,11.991,-7.766667,-8,-7,19.333333,14,30,7.097,7.097,7.097,0,0,0,16148,16177,0,0,0,0,0
2020-08-20T23:00:00Z,30,6.911733,3.268,13.974,11.979833,11.972,11.987,-6.933333,-9,-2,22.333333,14,39,7.097,7.097,7.097,0,0,0,16178,16207,0,0,0,0,0
2020-08-21T00:00:00Z,30,13.466933,4.438,21.556,12.063367,11.982,12.128,20.566667,-7,43,49.3,22,72,7.097,7.097,7.097,0,0,0,16208,16237,0,0,0,0,0
2020-08-21T01:00:00Z,25,13.6576,13.307,13.88,12.24848,12.076,12.573,73.04,16,209,105.48,47,263,7.097,7.097,7.097,0,0,0,16238,16264,0,0,0,0,0
2020-08-21T02:00:00Z,12,13.450417,12.827,13.904,12.428583,12.067,12.829,102.833333,-50,231,89.333333,-226,279,7.097,7.097,7.097,0.166667,0,1,16271,16295,0,0,0,0,0
2020-08-21T03:00:00Z,21,13.273571,12.862,13.447,12.563,12.445,12.909,151.619048,120,306,161.285714,138,263,7.097,7.097,7.097,0.047619,0,1,16296,16324,0,0,0,0,0
2020-08-21T04:00:00Z,21,14.540619,13.12,22.924,12.467095,12.162,12.687,93.333333,-116,224,61,-342,313,7.097,7.097,7.097,0.095238,0,1,16326,16352,0,0,0,0,0
2020-08-21T05:00:00Z,30,15.6895,12.71,22.913,12.4841,11.882,12.985,96.666667,-177,329,-0.3,-367,337,7.097,7.097,7.097,0.466667,0,1,16354,16383,0,0,0,0,0
2020-08-21T06:00:00Z,14,13.384786,12.781,14.009,12.474857,11.968,12.923,84.428571,-130,247,-52.714286,-334,246,7.097,7.097,7.097,0.571429,0,1,16387,16410,0,0,0,0,0
2020-08-21T07:00:00Z,27,13.249407,10.452,13.822,12.492074,12.171,12.885,95.259259,-37,267,43.814815,-276,196,7.097,7.097,7.097,0.148148,0,1,16412,16440,0,0,0,0,0
2020-08-21T08:00:00Z,24,13.345542,12.664,14.044,12.508583,11.939,13.07,102.583333,-132,385,14.083333,-342,371,7.097,7.097,7.097,0.25,0,1,16441,16470,0,0,0,0,0
2020-08-21T09:00:00Z,30,14.561333,12.898,20.818,12.417867,12.119,12.871,60.166667,-80,261,6.466667,-334,230,7.097,7.097,7.097,0.066667,0,1,16471,16500,0,0,0,0,0
2020-08-21T10:00:00Z,30,6.259767,2.438,14.395,12.236833,12.162,12.431,6.266667,-16,77,-15.633333,-60,88,7.097,7.097,7.097,0,0,0,16501,16530,0,0,0,0,0
2020-08-21T11:00:00Z,30,1.479133,1.104,3.538,12.14,12.128,12.157,-10.266667,-11,-10,-26.666667,-35,-18,7.097,7.097,7.097,0,0,0,16531,16560,0,0,0,0,0
2020-08-21T12:00:00Z,30,1.157267,1.127,1.186,12.122067,12.114,12.133,-10.2,-11,-10,-26.533333,-35,-18,7.097,7.097,7.097,0,0,0,16561,16590,0,0,0,0,0
2020-08-21T13:00:00Z,30,1.187833,1.162,1.209,12.1118,12.105,12.119,-10.066667,-11,-10,-23.333333,-35,-18,7.097,7.097,7.097,0,0,0,16591,16620,0,0,0,0,0
2020-08-21T14:00:00Z,30,1.2195,1.198,1.244,12.100533,12.091,12.114,-11.133333,-13,-9,-34.866667,-52,-10,7.097,7.097,7.097,0,0,0,16621,16650,0,0,0,0,0
2020-08-21T15:00:00Z,30,0.946867,0,1.268,12.1198,12.086,12.346,-0.965517,-14,85,-23.233333,-52,97,7.097,7.097,7.097,0,0,0,16651,16680,0,0,0,0,0
2020-08-21T16:00:00Z,30,0.9904,0.156,1.268,12.105367,12.081,12.199,-3.068966,-14,55,-23.266667,-52,39,7.097,7.097,7.097,0,0,0,16681,16710,0,0,0,0,0
2020-08-21T17:00:00Z,30,1.262467,0.706,1.315,12.083133,12.076,12.1,-10.266667,-11,1,-24.166667,-43,-18,7.097,7.097,7.097,0,0,0,16711,16740,0,0,0,0,0
2020-08-21T18:00:00Z,30,1.309633,1.279,1.338,12.0762,12.067,12.086,-10.1,-11,-10,-16.833333,-35,-2,7.097,7.097,7.097,0,0,0,16741,16770,0,0,0,0,0
2020-08-21T19:00:00Z,30,1.337233,1.303,1.373,12.069433,12.062,12.076,-9.8,-10,-9,-10.266667,-18,-2,7.097,7.097,7.097,0,0,0,16771,16800,0,0,0,0,0
2020-08-21T20:00:00Z,28,1.357929,1.338,1.373,12.06325,12.053,12.072,-9.321429,-10,-9,-4.607143,-18,5,7.097,7.097,7.097,0,0,0,16801,16830,0,0,0,0,0
2020-08-21T21:00:00Z,30,1.375333,1.35,1.396,12.058967,12.048,12.067,-8.966667,-10,-8,2.766667,-10,14,7.097,7.097,7.097,0,0,0,16831,16860,0,0,0,0,0
2020-08-21T22:00:00Z,30,2.6229,1.385,11.552,12.0505,12.043,12.058,-8.7,-9,-8,4.033333,-2,14,7.097,7.097,7.097,0,0,0,16861,16890,0,0,0,0,0
2020-08-21T23:00:00Z,30,6.210233,3.151,15.893,12.046833,12.043,12.053,-7.6,-9,-2,11.266667,-2,22,7.097,7.097,7.097,0,0,0,16891,16920,0,0,0,0,0
2020-08-22T00:00:00Z,30,13.872867,13.681,13.904,12.067733,12.029,12.218,4.571429,-13,70,21.966667,5,113,7.097,7.097,7.097,0,0,0,16921,16950,0,0,0,0,0
2020-08-22T01:00:00Z,30,14.9056,13.576,22.187,12.167933,12.043,12.304,36.933333,-8,103,52.2,5,147,7.097,7.097,7.097,0,0,0,16951,16980,0,0,0,0,0
2020-08-22T02:00:00Z,30,13.5067,13.132,13.763,12.3733,12.157,12.673,100.766667,19,218,122.8,30,238,7.097,7.097,7.097,0,0,0,16981,17010,0,0,0,0,0
2020-08-22T03:00:00Z,30,13.292933,12.734,14.068,12.542667,11.916,13.023,134.233333,-158,326,91.1,-334,321,7.097,7.097,7.097,0.233333,0,1,17011,17040,0,0,0,0,0
2020-08-22T04:00:00Z,31,14.168419,12.874,21.509,12.515903,11.911,12.89,110.483871,-174,282,85.548387,-359,288,7.097,7.097,7.097,0.193548,0,1,17041,17071,0,0,0,0,0
2020-08-22T05:00:00Z,30,13.582,12.933,19.403,12.469733,12.214,12.852,86.033333,-15,258,65.866667,-226,279,7.097,7.097,7.097,0.133333,0,1,17072,17101,0,0,0,0,0
2020-08-22T06:00:00Z,30,13.4509,13.132,14.009,12.409267,11.953,12.658,70.2,-120,171,48.266667,-342,163,7.097,7.097,7.097,0.033333,0,1,17102,17131,0,0,0,0,0
2020-08-22T07:00:00Z,30,13.474,13.085,15.109,12.443367,12.204,12.691,73.866667,-6,163,56.5,-35,155,7.097,7.097,7.097,0,0,0,17132,17161,0,0,0,0,0
2020-08-22T08:00:00Z,30,9.113,0.858,22.082,12.3733,11.901,13.325,47.068966,-172,446,26.966667,-267,354,7.097,7.097,7.097,0.033333,0,1,17162,17191,0,0,0,0,0
2020-08-22T09:00:00Z,30,4.440733,0,15.202,12.413167,11.84,13.893,95.866667,-170,850,66.933333,-276,811,7.097,7.097,7.097,0.166667,0,1,17192,17221,0,0,3,0,0
2020-08-22T10:00:00Z,30,2.8293,1.677,3.444,12.186733,12.091,12.493,-9.3,-117,89,-28.766667,-184,113,7.097,7.097,7.097,0,0,0,17222,17251,0,0,0,0,0
2020-08-22T11:00:00Z,30,1.497067,1.127,4.38,12.135533,12.124,12.147,-9.933333,-10,-9,-21.033333,-27,-10,7.097,7.097,7.097,0,0,0,17252,17281,0,0,0,0,0
2020-08-22T12:00:00Z,30,1.174033,1.151,1.186,12.1215,12.114,12.128,-9.566667,-10,-9,-14.3,-27,-2,7.097,7.097,7.097,0,0,0,17282,17311,0,0,0,0,0
2020-08-22T13:00:00Z,30,1.207333,1.186,1.233,12.1099,12.095,12.119,-10.533333,-11,-9,-27.5,-43,-10,7.097,7.097,7.097,0,0,0,17312,17341,0,0,0,0,0
2020-08-22T14:00:00Z,30,1.231533,1.209,1.268,12.101167,12.095,12.105,-10.533333,-11,-10,-24.433333,-35,-18,7.097,7.097,7.097,0,0,0,17342,17371,0,0,0,0,0
2020-08-22T15:00:00Z,30,1.2533,1.233,1.279,12.095167,12.086,12.105,-10.1,-11,-9,-16.533333,-27,-10,7.097,7.097,7.097,0,0,0,17372,17401,0,0,0,0,0
2020-08-22T16:00:00Z,30,1.277,1.256,1.303,12.0873,12.081,12.095,-9.833333,-11,-9,-11.066667,-18,-2,7.097,7.097,7.097,0,0,0,17402,17431,0,0,0,0,0
2020-08-22T17:00:00Z,30,1.300533,1.268,1.326,12.0817,12.072,12.091,-9.266667,-10,-9,-4.166667,-18,5,7.097,7.097,7.097,0,0,0,17432,17461,0,0,0,0,0
2020-08-22T18:00:00Z,30,1.322033,1.303,1.338,12.075167,12.067,12.081,-9.033333,-10,-8,0.8,-10,14,7.097,7.097,7.097,0,0,0,17462,17491,0,0,0,0,0
2020-08-22T19:00:00Z,30,1.3516,1.315,1.373,12.0672,12.058,12.076,-8.766667,-9,-8,5.166667,-2,14,7.097,7.097,7.097,0,0,0,17492,17521,0,0,0,0,0
2020-08-22T20:00:00Z,30,1.377367,1.326,1.408,12.061667,12.053,12.072,-8.4,-9,-8,6.033333,-2,14,7.097,7.097,7.097,0,0,0,17522,17551,0,0,0,0,0
2020-08-22T21:00:00Z,30,1.398633,1.373,1.408,12.053633,12.048,12.062,-8.1,-9,-8,11.333333,-2,22,7.097,7.097,7.097,0,0,0,17552,17581,0,0,0,0,0
2020-08-22T22:00:00Z,29,2.842483,1.396,10.008,12.045655,12.034,12.053,-7.931034,-9,-7,15,5,22,7.097,7.097,7.097,0,0,0,17582,17611,0,0,0,0,0
2020-08-22T23:00:00Z,30,9.018967,2.859,20.105,12.045233,12.034,12.072,-5.233333,-8,9,17.966667,5,39,7.097,7.097,7.097,0,0,0,17612,17641,0,0,0,0,0
2020-08-23T00:00:00Z,30,13.817667,13.74,13.869,12.1217,12.072,12.185,26,7,48,47.833333,22,80,7.097,7.097,7.097,0,0,0,17642,17671,0,0,0,0,0
2020-08-23T01:00:00Z,30,13.710333,13.389,16.174,12.276267,12.086,12.455,71.333333,-2,156,94.466667,22,171,7.097,7.097,7.097,0,0,0,17672,17701,0,0,0,0,0
2020-08-23T02:00:00Z,30,13.4741,13.202,13.752,12.410067,12.166,12.587,98.433333,4,150,117,14,163,7.097,7.097,7.097,0,0,0,17702,17731,0,0,0,0,0
2020-08-23T03:00:00Z,30,13.3198,12.933,13.646,12.508933,12.256,12.777,115.5,15,227,123.3,5,271,7.097,7.097,7.097,0,0,0,17732,17762,0,0,0,0,0
2020-08-23T04:00:00Z,30,14.367867,13.108,22.152,12.522633,12.228,12.691,110.066667,-9,181,105.8,-18,171,7.097,7.097,7.097,0,0,0,17763,17792,0,0,0,0,0
2020-08-23T05:00:00Z,30,13.3453,12.804,13.834,12.5054,12.133,12.952,99.366667,-48,283,65.1,-276,255,7.097,7.097,7.097,0.1,0,1,17793,17822,0,0,0,0,0
2020-08-23T06:00:00Z,30,13.507533,13.132,13.717,12.372233,12.195,12.663,49.466667,-7,155,28.6,-35,147,7.097,7.097,7.097,0,0,0,17823,17852,0,0,0,0,0
2020-08-23T07:00:00Z,30,9.752933,3.421,15.624,12.379133,11.906,13.373,62.933333,-171,434,9.633333,-326,454,7.097,7.097,7.097,0.233333,0,1,17853,17882,0,0,0,0,0
2020-08-23T08:00:00Z,30,10.642233,0.589,13.775,12.349967,12.143,13.553,70.517241,-12,607,29.133333,-52,487,7.097,7.097,7.097,0.166667,0,1,17883,17912,0,0,1,0,0
2020-08-23T09:00:00Z,26,6.491385,0.847,12.02,12.244077,12.072,12.966,10.653846,-85,242,4.538462,-151,147,7.097,7.097,7.097,0.076923,0,1,17913,17941,0,0,0,0,0
2020-08-23T10:00:00Z,27,4.447556,1.783,10.288,12.254593,12.138,12.516,28.703704,-9,125,39.148148,-2,138,7.097,7.097,7.097,0,0,0,17942,17971,0,0,0,0,0
2020-08-23T11:00:00Z,30,1.315933,0,2.812,12.147167,12.128,12.36,-1.8,-9,123,18.466667,-2,205,7.097,7.097,7.097,0,0,0,17972,18001,0,0,0,0,0
2020-08-23T12:00:00Z,29,1.180655,1.151,1.209,12.12269,12.11,12.133,-7.517241,-10,-6,11.413793,-18,22,7.097,7.097,7.097,0,0,0,18002,18031,0,0,0,0,0
2020-08-23T13:00:00Z,29,1.217414,1.198,1.233,12.110655,12.1,12.119,-9.068966,-10,-8,-0.206897,-10,5,7.097,7.097,7.097,0,0,0,18032,18061,0,0,0,0,0
2020-08-23T14:00:00Z,30,1.247467,1.221,1.268,12.1033,12.095,12.114,-8.633333,-9,-8,3.966667,-2,14,7.097,7.097,7.097,0,0,0,18062,18091,0,0,0,0,0
2020-08-23T15:00:00Z,30,1.267367,1.233,1.291,12.0963,12.086,12.105,-8.166667,-9,-8,11.866667,-2,22,7.097,7.097,7.097,0,0,0,18092,18121,0,0,0,0,0
2020-08-23T16:00:00Z,30,1.294233,1.268,1.315,12.0883,12.081,12.095,-7.7,-8,-7,13.166667,5,22,7.097,7.097,7.097,0,0,0,18122,18151,0,0,0,0,0
2020-08-23T17:00:00Z,30,1.315433,1.291,1.361,12.082067,12.072,12.091,-7.4,-8,-6,20.633333,5,30,7.097,7.097,7.097,0,0,0,18152,18181,0,0,0,0,0
2020-08-23T18:00:00Z,31,1.340645,1.303,1.361,12.075194,12.067,12.081,-7.129032,-8,-7,26.645161,14,30,7.097,7.097,7.097,0,0,0,18182,18212,0,0,0,0,0
2020-08-23T19:00:00Z,30,1.3657,1.338,1.385,12.067533,12.058,12.076,-6.8,-7,-6,27.933333,22,39,7.097,7.097,7.097,0,0,0,18213,18242,0,0,0,0,0
2020-08-23T20:00:00Z,30,1.3893,1.361,1.42,12.0597,12.048,12.072,-6.5,-7,-6,32.2,22,39,7.097,7.097,7.097,0,0,0,18243,18272,0,0,0,0,0
2020-08-23T21:00:00Z,29,1.409655,1.396,1.432,12.051552,12.043,12.062,-6.448276,-7,-6,29.586207,14,39,7.097,7.097,7.097,0,0,0,18273,18302,0,0,0,0,0
2020-08-23T22:00:00Z,29,3.172,1.408,11.271,12.044034,12.034,12.048,-6.137931,-7,-6,33.103448,22,47,7.097,7.097,7.097,0,0,0,18303,18332,0,0,0,0,0
2020-08-23T23:00:00Z,30,8.401633,3.128,18.56,12.042767,12.034,12.062,-4.724138,-6,5,37.9,30,47,7.097,7.097,7.097,0,0,0,18333,18362,0,0,0,0,0
2020-08-24T00:00:00Z,30,13.872633,13.798,13.904,12.071633,12.034,12.138,8.7,-8,38,48.966667,30,88,7.097,7.097,7.097,0,0,0,18363,18392,0,0,0,0,0
2020-08-24T01:00:00Z,23,14.462304,13.553,22.538,12.212,12.081,12.322,53.434783,-7,93,93.434783,30,138,7.097,7.097,7.097,0,0,0,18393,18421,0,0,0,0,0
2020-08-24T02:00:00Z,22,14.417273,13.424,22.667,12.289727,12.138,12.455,62.227273,-7,135,96.863636,22,163,7.097,7.097,7.097,0,0,0,18422,18449,0,0,0,0,0
2020-08-24T03:00:00Z,26,16.181692,13.05,22.726,12.399462,12.176,12.71,80.884615,-6,190,103.192308,22,180,7.097,7.097,7.097,0,0,0,18451,18479,0,0,0,0,0
2020-08-24T04:00:00Z,28,14.138964,13.132,22.035,12.548143,12.299,12.658,118.107143,-6,176,128.928571,5,205,7.097,7.097,7.097,0,0,0,18480,18509,0,0,0,0,0
2020-08-24T05:00:00Z,26,13.326385,12.745,14.653,12.544615,12.034,13.023,115.538462,-174,328,64.076923,-367,379,7.097,7.097,7.097,0.307692,0,1,18510,18538,0,0,0,0,0
2020-08-24T06:00:00Z,21,13.838,12.792,22.538,12.453857,12.043,12.928,78.761905,-118,249,50.285714,-326,255,7.097,7.097,7.097,0.095238,0,1,18539,18567,0,0,0,0,0
2020-08-24T07:00:00Z,24,13.511333,5.316,22.761,12.381958,11.901,13.013,48.708333,-164,331,-45.125,-375,321,7.097,7.097,7.097,0.208333,0,1,18568,18597,0,0,0,0,0
2020-08-24T08:00:00Z,29,10.413103,4.041,16.431,12.393483,12.19,12.777,48.172414,-10,194,50.413793,-43,238,7.097,7.097,7.097,0,0,0,18598,18626,0,0,0,0,0
2020-08-24T09:00:00Z,31,6.454581,3.151,13.74,12.229419,12.152,12.497,14.9,-10,116,14.225806,-27,97,7.097,7.097,7.097,0,0,0,18627,18657,0,0,0,0,0
2020-08-24T10:00:00Z,30,2.6347,1.572,3.772,12.1575,12.133,12.46,-3.3,-9,120,11.166667,-2,130,7.097,7.097,7.097,0,0,0,18658,18687,0,0,0,0,0
2020-08-24T11:00:00Z,30,0.956167,0,1.888,12.184733,11.826,12.999,19.366667,-164,427,37.1,-226,429,6.870433,0.3,7.097,0.066667,0,1,1,18708,0,0,0,0,0
2020-08-24T12:00:00Z,29,1.192793,1.174,1.209,12.120069,12.114,12.128,-7.034483,-8,-6,19.448276,5,30,7.097,7.097,7.097,0,0,0,10,39,0,0,0,0,0
2020-08-24T13:00:00Z,30,1.219033,1.198,1.256,12.1097,12.1,12.119,-7.966667,-9,-7,11.433333,5,30,7.097,7.097,7.097,0,0,0,40,69,0,0,0,0,0
2020-08-24T14:00:00Z,31,1.239032,1.221,1.256,12.104839,12.095,12.11,-8,-9,-7,17.548387,5,30,7.097,7.097,7.097,0,0,0,70,100,0,0,0,0,0
2020-08-24T15:00:00Z,30,1.2673,1.233,1.279,12.095233,12.086,12.105,-7.733333,-9,-7,20.133333,14,30,7.097,7.097,7.097,0,0,0,101,130,0,0,0,0,0
2020-08-24T16:00:00Z,30,1.284467,1.256,1.315,12.0901,12.081,12.1,-7.3,-8,-7,25.233333,14,39,7.097,7.097,7.097,0,0,0,131,160,0,0,0,0,0
2020-08-24T17:00:00Z,30,1.310367,1.279,1.35,12.083033,12.072,12.091,-6.9,-7,-6,28.8,22,39,7.097,7.097,7.097,0,0,0,161,190,0,0,0,0,0
2020-08-24T18:00:00Z,30,1.338767,1.315,1.373,12.075367,12.067,12.086,-6.466667,-7,-6,37.1,30,47,7.097,7.097,7.097,0,0,0,191,220,0,0,0,0,0
2020-08-24T19:00:00Z,30,1.3675,1.338,1.396,12.067233,12.058,12.076,-6.3,-7,-6,38.2,30,47,7.097,7.097,7.097,0,0,0,221,250,0,0,0,0,0
2020-08-24T20:00:00Z,30,1.382433,1.361,1.396,12.061433,12.053,12.072,-5.833333,-6,-5,46.2,39,55,7.097,7.097,7.097,0,0,0,251,280,0,0,0,0,0
2020-08-24T21:00:00Z,30,1.3975,1.373,1.42,12.055133,12.048,12.062,-5.066667,-6,-4,52.933333,39,64,7.097,7.097,7.097,0,0,0,281,310,0,0,0,0,0
2020-08-24T22:00:00Z,30,3.044667,1.408,10.932,12.044667,12.034,12.053,-4.9,-6,-4,50.766667,39,64,7.097,7.097,7.097,0,0,0,311,340,0,0,0,0,0
2020-08-24T23:00:00Z,29,8.464414,3.128,19.999,12.040069,12.029,12.067,-3.777778,-6,5,53.206897,39,64,7.097,7.097,7.097,0,0,0,341,370,0,0,0,0,0
2020-08-25T00:00:00Z,28,14.580607,13.728,21.181,12.11925,12.039,12.199,27.071429,-5,51,84.857143,47,113,7.097,7.097,7.097,0,0,0,371,400,0,0,0,0,0
2020-08-25T01:00:00Z,20,14.394,13.12,22.702,12.332,12.095,12.715,93.35,57,263,145.2,105,337,7.097,7.097,7.097,0,0,0,404,429,0,0,0,0,0
2020-08-25T02:00:00Z,17,13.860471,13.284,19.988,12.390882,12.223,12.545,82.705882,-6,143,126.529412,30,180,7.097,7.097,7.097,0,0,0,430,456,0,0,0,0,0
2020-08-25T03:00:00Z,13,13.380846,13.155,13.646,12.459154,12.256,12.625,97.769231,10,156,128,47,180,7.097,7.097,7.097,0,0,0,460,484,0,0,0,0,0
2020-08-25T04:00:00Z,24,14.093375,13.085,20.023,12.519167,12.209,12.687,120.875,-3,183,136.708333,14,188,7.097,7.097,7.097,0,0,0,490,515,0,0,0,0,0
2020-08-25T05:00:00Z,18,13.641833,13.12,17.835,12.617278,12.341,12.677,137.333333,-3,163,143.666667,-2,180,7.097,7.097,7.097,0,0,0,516,543,0,0,0,0,0
2020-08-25T06:00:00Z,25,14.24352,12.921,21.509,12.54464,12.152,12.829,92.2,-101,200,72.72,-317,188,7.097,7.097,7.097,0.08,0,1,544,569,0,0,0,0,0
2020-08-25T07:00:00Z,26,13.532462,13.167,13.705,12.348423,12.214,12.63,36.692308,-12,140,27.692308,-18,130,7.097,7.097,7.097,0,0,0,574,602,0,0,0,0,0
2020-08-25T08:00:00Z,24,8.457833,0.847,18.081,12.347083,11.826,12.994,48.458333,-183,406,36.625,-276,437,7.097,7.097,7.097,0.041667,0,1,605,631,0,0,0,0,0
2020-08-25T09:00:00Z,30,11.7701,2.239,19.789,12.355167,12.171,12.729,34.4,-12,182,29.5,-27,163,7.097,7.097,7.097,0,0,0,632,661,0,0,0,0,0
2020-08-25T10:00:00Z,30,3.114433,2.426,5.714,12.2291,12.152,12.597,10.068966,-10,171,8.733333,-27,138,7.097,7.097,7.097,0,0,0,662,691,0,0,0,0,0
2020-08-25T11:00:00Z,31,1.090129,0,3.807,12.220677,12.143,12.578,14.866667,-10,175,17.935484,-27,188,7.097,7.097,7.097,0,0,0,692,722,0,0,0,0,0
2020-08-25T12:00:00Z,30,1.1134,1.081,1.139,12.1406,12.128,12.152,-8.933333,-9,-8,-1.9,-10,5,7.097,7.097,7.097,0,0,0,723,752,0,0,0,0,0
2020-08-25T13:00:00Z,30,1.087767,0,1.174,12.136367,12.119,12.304,-4.533333,-9,100,7.133333,-10,138,7.097,7.097,7.097,0,0,0,753,782,0,0,0,0,0
2020-08-25T14:00:00Z,30,1.184733,1.162,1.209,12.118333,12.114,12.124,-9.933333,-11,-9,-6.8,-18,-2,7.097,7.097,7.097,0,0,0,783,812,0,0,0,0,0
2020-08-25T15:00:00Z,30,1.2024,1.186,1.221,12.113067,12.11,12.119,-9.1,-10,-8,-0.433333,-18,14,7.097,7.097,7.097,0,0,0,813,842,0,0,0,0,0
2020-08-25T16:00:00Z,30,0.9603,0,1.221,12.153633,12.105,12.445,8.966667,-9,129,30.633333,-2,163,7.097,7.097,7.097,0,0,0,843,872,0,0,0,0,0
2020-08-25T17:00:00Z,30,1.2335,1.221,1.256,12.1034,12.091,12.11,-8.366667,-9,-8,10.966667,-2,22,7.097,7.097,7.097,0,0,0,873,902,0,0,0,0,0
2020-08-25T18:00:00Z,30,1.254,1.233,1.279,12.097433,12.091,12.1,-7.966667,-8,-7,16.066667,5,22,7.097,7.097,7.097,0,0,0,903,932,0,0,0,0,0
2020-08-25T19:00:00Z,30,1.274933,1.244,1.291,12.0915,12.081,12.1,-7.533333,-8,-7,22.533333,14,30,7.097,7.097,7.097,0,0,0,933,962,0,0,0,0,0
2020-08-25T20:00:00Z,30,1.290667,1.268,1.315,12.0878,12.081,12.095,-7.233333,-8,-7,29.366667,14,39,7.097,7.097,7.097,0,0,0,963,992,0,0,0,0,0
2020-08-25T21:00:00Z,30,1.3139,1.279,1.35,12.0806,12.072,12.091,-6.9,-8,-6,32.533333,22,39,7.097,7.097,7.097,0,0,0,993,1022,0,0,0,0,0
2020-08-25T22:00:00Z,30,3.142133,1.326,12.032,12.073633,12.062,12.081,-6.333333,-7,-5,37.9,22,55,7.097,7.097,7.097,0,0,0,1023,1052,0,0,0,0,0
2020-08-25T23:00:00Z,30,8.0772,3.058,16.466,12.073433,12.062,12.105,-3.266667,-7,9,41.033333,30,55,7.097,7.097,7.097,0,0,0,1053,1082,0,0,0,0,0
2020-08-26T00:00:00Z,30,13.753633,13.541,13.845,12.168567,12.105,12.36,32.433333,6,122,76.6,47,171,7.097,7.097,7.097,0,0,0,1083,1112,0,0,0,0,0
2020-08-26T01:00:00Z,12,14.7725,13.471,22.948,12.250333,12.114,12.417,43.833333,-6,110,88.5,39,147,7.097,7.097,7.097,0,0,0,1113,1139,0,0,0,0,0
2020-08-26T02:00:00Z,28,13.264357,12.734,13.869,12.559,12.095,13.051,144.392857,-61,327,170.607143,-193,329,7.097,7.097,7.097,0.107143,0,1,1143,1170,0,0,0,0,0
2020-08-26T03:00:00Z,30,13.324867,12.991,13.904,12.517633,12.11,12.777,105.933333,-49,211,101.7,-184,263,7.097,7.097,7.097,0.133333,0,1,1171,1200,0,0,0,0,0
2020-08-26T04:00:00Z,29,13.313862,12.816,13.728,12.529448,12.199,12.895,103.413793,-23,239,108.172414,-176,238,7.097,7.097,7.097,0.068966,0,1,1201,1229,0,0,0,0,0
2020-08-26T05:00:00Z,29,13.328483,12.605,13.974,12.514931,12.005,13.122,92.103448,-127,337,68.827586,-284,279,7.097,7.097,7.097,0.172414,0,1,1231,1259,0,0,0,0,0
2020-08-26T06:00:00Z,29,13.250621,12.675,14.056,12.579207,11.92,13.084,109.896552,-175,347,72.689655,-326,354,7.097,7.097,7.097,0.241379,0,1,1260,1288,0,0,0,0,0
2020-08-26T07:00:00Z,23,13.347696,12.71,14.103,12.496174,11.892,13.013,80.217391,-190,311,32.434783,-350,321,7.097,7.097,7.097,0.217391,0,1,1290,1318,0,0,0,0,0
2020-08-26T08:00:00Z,30,13.515433,12.921,15.904,12.4249,12.053,12.824,52.066667,-98,213,31.166667,-267,238,7.097,7.097,7.097,0.066667,0,1,1319,1348,0,0,0,0,0
2020-08-26T09:00:00Z,30,13.2049,7.82,15.109,12.314633,12.19,12.691,28.137931,-14,207,15,-35,213,7.097,7.097,7.097,0,0,0,1349,1378,0,0,0,0,0
2020-08-26T10:00:00Z,30,5.145133,2.356,15.261,12.215133,12.171,12.464,1.266667,-13,112,-5.933333,-27,64,7.097,7.097,7.097,0,0,0,1379,1408,0,0,0,0,0
2020-08-26T11:00:00Z,31,1.225871,0.519,2.777,12.165903,12.147,12.242,-7.548387,-10,22,-7.096774,-18,72,7.097,7.097,7.097,0,0,0,1409,1439,0,0,0,0,0
2020-08-26T12:00:00Z,30,1.0962,1.069,1.116,12.145933,12.138,12.157,-9.8,-10,-9,-12.4,-18,-2,7.097,7.097,7.097,0,0,0,1440,1469,0,0,0,0,0
2020-08-26T13:00:00Z,30,0.793133,0,1.139,12.201367,12.138,12.502,12.833333,-10,138,13.8,-18,180,7.097,7.097,7.097,0,0,0,1470,1499,0,0,0,0,0
2020-08-26T14:00:00Z,30,1.1519,1.139,1.174,12.130267,12.124,12.143,-10.233333,-11,-9,-15.5,-27,5,7.097,7.097,7.097,0,0,0,1500,1529,0,0,0,0,0
2020-08-26T15:00:00Z,30,1.1685,1.151,1.186,12.1239,12.119,12.133,-10.166667,-11,-10,-15.766667,-27,-2,7.097,7.097,7.097,0,0,0,1530,1559,0,0,0,0,0
2020-08-26T16:00:00Z,30,1.184367,1.162,1.209,12.117067,12.11,12.124,-10.1,-11,-10,-11.333333,-18,-2,7.097,7.097,7.097,0,0,0,1560,1589,0,0,0,0,0
2020-08-26T17:00:00Z,29,1.196552,1.174,1.209,12.114207,12.105,12.124,-9.724138,-11,-9,-5.896552,-18,5,7.097,7.097,7.097,0,0,0,1590,1619,0,0,0,0,0
2020-08-26T18:00:00Z,30,0.770967,0,1.221,12.174533,12.105,12.559,14.2,-9,146,25.733333,-43,147,7.097,7.097,7.097,0,0,0,1620,1649,0,0,0,0,0
2020-08-26T19:00:00Z,30,1.223733,1.198,1.244,12.107633,12.105,12.114,-8.8,-10,-8,6.533333,-2,14,7.097,7.097,7.097,0,0,0,1650,1679,0,0,0,0,0
2020-08-26T20:00:00Z,30,1.239667,1.221,1.256,12.103333,12.095,12.11,-8.3,-9,-8,11.266667,-2,22,7.097,7.097,7.097,0,0,0,1680,1709,0,0,0,0,0
2020-08-26T21:00:00Z,30,1.258333,1.233,1.279,12.0967,12.086,12.105,-8.066667,-9,-7,16.833333,5,22,7.097,7.097,7.097,0,0,0,1710,1739,0,0,0,0,0
2020-08-26T22:00:00Z,30,3.038367,1.244,10.897,12.091967,12.081,12.1,-7.733333,-8,-7,21.7,5,30,7.097,7.097,7.097,0,0,0,1740,1769,0,0,0,0,0
2020-08-26T23:00:00Z,30,7.261967,3.058,16.384,12.088333,12.081,12.1,-6.172414,-8,2,24.666667,22,30,7.097,7.097,7.097,0,0,0,1770,1799,0,0,0,0,0
2020-08-27T00:00:00Z,29,13.561276,13.096,13.834,12.326966,12.105,12.715,88.827586,2,238,126.034483,39,329,7.097,7.097,7.097,0,0,0,1800,1829,0,0,0,0,0
2020-08-27T01:00:00Z,2,13.5,13.459,13.541,12.3625,12.351,12.374,50.5,48,53,109.5,97,122,7.097,7.097,7.097,0,0,0,1830,1833,0,0,0,0,0
2020-08-27T02:00:00Z,8,13.311375,12.476,13.88,12.522375,12.095,13.127,111,-58,319,81.625,-209,387,7.097,7.097,7.097,0.25,0,1,1870,1879,0,0,0,0,0
2020-08-27T03:00:00Z,25,13.54664,12.289,21.029,12.56388,12.039,13.444,111,-107,538,6.96,-251,362,7.097,7.097,7.097,0.6,0,1,1888,1913,0,0,1,0,0
2020-08-27T04:00:00Z,30,14.9946,12.535,23.252,12.579833,11.92,13.202,106.5,-194,428,10.9,-309,437,7.097,7.097,7.097,0.6,0,1,1914,1943,0,0,0,0,0
2020-08-27T05:00:00Z,29,13.292172,11.845,14.032,12.56531,11.949,13.699,107.965517,-166,606,1.241379,-317,670,7.097,7.097,7.097,0.724138,0,1,1944,1973,0,0,2,0,0
2020-08-27T06:00:00Z,28,13.304714,12.488,14.068,12.539571,11.916,13.165,93.964286,-180,415,11.035714,-334,429,7.097,7.097,7.097,0.571429,0,1,1974,2002,0,0,0,0,0
2020-08-27T07:00:00Z,19,13.682105,12.605,21.708,12.590579,12.11,13.131,98.631579,-97,332,71.526316,-251,337,7.097,7.097,7.097,0.263158,0,1,2007,2031,0,0,0,0,0
2020-08-27T08:00:00Z,27,13.723148,12.898,21.52,12.445222,11.982,12.829,52.407407,-145,219,25.444444,-309,188,7.097,7.097,7.097,0.148148,0,1,2032,2060,0,0,0,0,0
2020-08-27T09:00:00Z,30,13.571067,12.816,14.582,12.343267,11.93,12.9,25,-181,233,2.266667,-342,230,7.097,7.097,7.097,0.1,0,1,2061,2090,0,0,0,0,0
2020-08-27T10:00:00Z,30,4.525433,2.344,14.699,12.2015,12.181,12.27,-8.466667,-11,10,-4.066667,-27,30,7.097,7.097,7.097,0,0,0,2091,2120,0,0,0,0,0
2020-08-27T11:00:00Z,30,1.2857,1.01,3.257,12.177967,12.171,12.19,-9.066667,-10,-9,-7.133333,-18,5,7.097,7.097,7.097,0,0,0,2121,2150,0,0,0,0,0
2020-08-27T12:00:00Z,30,1.055533,1.022,1.081,12.167067,12.157,12.176,-9.033333,-10,-9,-6.3,-10,5,7.097,7.097,7.097,0,0,0,2151,2180,0,0,0,0,0
2020-08-27T13:00:00Z,31,0.195839,0,1.081,12.336065,12.152,12.564,52.83871,-10,158,60.16129,-18,171,7.097,7.097,7.097,0,0,0,2181,2211,0,0,0,0,0
2020-08-27T14:00:00Z,30,0.493367,0,1.057,12.258267,12.171,12.535,22.517241,-11,186,20.333333,-60,196,7.097,7.097,7.097,0,0,0,2212,2241,0,0,0,0,0
2020-08-27T15:00:00Z,30,0.305567,0,1.045,12.2822,12.185,12.464,27.758621,-11,117,37.333333,-35,171,7.097,7.097,7.097,0,0,0,2242,2271,0,0,0,0,0
2020-08-27T16:00:00Z,30,1.098533,1.045,1.127,12.159333,12.147,12.176,-9.433333,-10,-9,-3.2,-10,5,7.097,7.097,7.097,0,0,0,2272,2301,0,0,0,0,0
2020-08-27T17:00:00Z,30,1.129167,1.116,1.151,12.1462,12.138,12.152,-9.366667,-10,-9,-1.966667,-10,5,7.097,7.097,7.097,0,0,0,2302,2331,0,0,0,0,0
2020-08-27T18:00:00Z,30,1.142167,1.127,1.162,12.14,12.133,12.143,-9.1,-10,-9,1.766667,-10,14,7.097,7.097,7.097,0,0,0,2332,2361,0,0,0,0,0
2020-08-27T19:00:00Z,29,1.159103,1.139,1.186,12.134931,12.124,12.143,-8.827586,-9,-8,6.586207,-2,14,7.097,7.097,7.097,0,0,0,2362,2391,0,0,0,0,0
2020-08-27T20:00:00Z,30,1.1692,1.162,1.186,12.131133,12.124,12.138,-8.2,-9,-7,12.966667,-2,22,7.097,7.097,7.097,0,0,0,2392,2421,0,0,0,0,0
2020-08-27T21:00:00Z,30,1.185967,1.162,1.209,12.126133,12.114,12.133,-7.9,-8,-7,18.2,5,30,7.097,7.097,7.097,0,0,0,2422,2451,0,0,0,0,0
2020-08-27T22:00:00Z,30,3.213467,1.174,13.834,12.1216,12.114,12.128,-7.633333,-8,-7,21.2,14,30,7.097,7.097,7.097,0,0,0,2452,2481,0,0,0,0,0
2020-08-27T23:00:00Z,30,6.5822,3.011,14.383,12.118967,12.11,12.133,-6.285714,-8,1,23.866667,14,30,7.097,7.097,7.097,0,0,0,2482,2511,0,0,0,0,0
2020-08-28T00:00:00Z,30,13.6701,13.19,13.798,12.2361,12.124,12.701,47.827586,0,294,72.633333,22,288,7.097,7.097,7.097,0,0,0,2512,2541,0,0,0,0,0
2020-08-28T01:00:00Z,30,13.658033,12.628,20.959,12.5255,12.095,13.316,113.551724,-50,469,124.466667,-226,520,7.097,7.097,7.097,0.1,0,1,2542,2571,0,0,0,0,0
2020-08-28T02:00:00Z,29,14.619586,12.488,22.655,12.588379,11.972,13.448,111.689655,-154,499,67.034483,-292,528,7.097,7.097,7.097,0.344828,0,1,2572,2601,0,0,0,0,0
2020-08-28T03:00:00Z,28,15.277179,12.324,22.503,12.555429,11.991,13.349,92.357143,-161,380,-3.714286,-301,437,7.097,7.097,7.097,0.607143,0,1,2602,2630,0,0,0,0,0
2020-08-28T04:00:00Z,28,14.293214,12.511,23.1,12.504679,11.953,13.306,66.035714,-161,424,-33.285714,-301,479,7.097,7.097,7.097,0.678571,0,1,2631,2660,0,0,0,0,0
2020-08-28T05:00:00Z,19,14.068789,12.488,22.562,12.486263,11.906,13.396,67.578947,-169,468,-54.210526,-326,362,7.097,7.097,7.097,0.684211,0,1,2661,2683,0,0,0,0,0
2020-08-28T06:00:00Z,8,13.280875,12.313,13.775,12.582,12.166,13.387,106.625,-55,387,-26.125,-234,420,7.097,7.097,7.097,0.625,0,1,2694,2716,0,0,0,0,0
2020-08-28T07:00:00Z,19,13.188263,12.137,13.787,12.633895,12.157,13.486,112.947368,-80,513,76.894737,-251,553,7.097,7.097,7.097,0.368421,0,1,2717,2745,0,0,1,0,0
2020-08-28T08:00:00Z,28,14.561893,13.038,19.637,12.39725,12.27,12.758,27.074074,-10,126,24.214286,-18,130,7.097,7.097,7.097,0,0,0,2746,2775,0,0,0,0,0
2020-08-28T09:00:00Z,30,10.1188,2.134,14.582,12.3234,12.223,12.796,22.266667,-11,243,15.033333,-27,221,7.097,7.097,7.097,0,0,0,2776,2805,0,0,0,0,0
2020-08-28T10:00:00Z,30,2.984967,2.169,5.761,12.2785,12.209,12.625,3.833333,-12,93,9.266667,-10,72,7.097,7.097,7.097,0,0,0,2806,2835,0,0,0,0,0
2020-08-28T11:00:00Z,30,0.5711,0,1.467,12.3476,11.901,12.99,37.466667,-169,292,37.6,-226,246,7.097,7.097,7.097,0.066667,0,1,2836,2865,0,0,0,0,0
2020-08-28T12:00:00Z,30,0.601467,0,0.999,12.282633,12.204,12.554,14.366667,-11,133,25.866667,-10,213,7.097,7.097,7.097,0,0,0,2866,2895,0,0,0,0,0
2020-08-28T13:00:00Z,30,0.983767,0.507,1.045,12.194867,12.181,12.233,-8.833333,-11,2,-8.933333,-35,5,7.097,7.097,7.097,0,0,0,2896,2925,0,0,0,0,0
2020-08-28T14:00:00Z,30,1.045267,1.034,1.057,12.178833,12.171,12.185,-10.8,-11,-10,-24.766667,-35,-18,7.097,7.097,7.097,0,0,0,2926,2955,0,0,0,0,0
2020-08-28T15:00:00Z,30,1.0698,1.057,1.081,12.1686,12.162,12.176,-10.733333,-11,-10,-23.1,-35,-10,7.097,7.097,7.097,0,0,0,2956,2985,0,0,0,0,0
2020-08-28T16:00:00Z,30,1.083867,1.069,1.104,12.1631,12.152,12.171,-10.466667,-11,-10,-17.4,-27,-10,7.097,7.097,7.097,0,0,0,2986,3015,0,0,0,0,0
2020-08-28T17:00:00Z,28,1.098893,1.081,1.116,12.158071,12.152,12.162,-9.964286,-11,-9,-11.428571,-18,-2,7.097,7.097,7.097,0,0,0,3016,3045,0,0,0,0,0
2020-08-28T18:00:00Z,30,1.1211,1.104,1.139,12.1512,12.143,12.162,-9.9,-11,-9,-8.933333,-18,-2,7.097,7.097,7.097,0,0,0,3046,3075,0,0,0,0,0
2020-08-28T19:00:00Z,30,1.1346,1.116,1.162,12.1453,12.133,12.152,-9.666667,-10,-9,-5.2,-18,-2,7.097,7.097,7.097,0,0,0,3076,3105,0,0,0,0,0
2020-08-28T20:00:00Z,30,1.151933,1.127,1.174,12.139433,12.133,12.147,-9.066667,-10,-9,1.533333,-10,14,7.097,7.097,7.097,0,0,0,3106,3135,0,0,0,0,0
2020-08-28T21:00:00Z,30,1.169267,1.139,1.186,12.132333,12.128,12.138,-9.033333,-10,-8,1.833333,-10,14,7.097,7.097,7.097,0,0,0,3136,3165,0,0,0,0,0
2020-08-28T22:00:00Z,30,2.935733,1.162,12.008,12.129033,12.114,12.138,-8.433333,-9,-8,8.366667,-2,14,7.097,7.097,7.097,0,0,0,3166,3195,0,0,0,0,0
2020-08-28T23:00:00Z,30,6.887633,2.953,15.46,12.126967,12.119,12.138,-7.178571,-9,1,12.133333,-2,22,7.097,7.097,7.097,0,0,0,3196,3225,0,0,0,0,0
2020-08-29T00:00:00Z,30,14.127567,13.061,21.333,12.268,12.11,12.734,53.766667,-15,285,76.566667,-2,304,7.097,7.097,7.097,0,0,0,3226,3255,0,0,0,0,0
2020-08-29T01:00:00Z,30,13.387833,12.968,13.705,12.4678,12.199,12.786,98.033333,0,245,124.433333,5,329,7.097,7.097,7.097,0,0,0,3256,3285,0,0,0,0,0
2020-08-29T02:00:00Z,30,14.986733,12.699,22.819,12.553367,11.987,13.065,102.233333,-141,324,90.833333,-276,337,7.097,7.097,7.097,0.166667,0,1,3286,3315,0,0,0,0,0
2020-08-29T03:00:00Z,30,13.384667,12.804,14.079,12.480167,11.906,13.037,77.166667,-178,392,-23.833333,-334,321,7.097,7.097,7.097,0.6,0,1,3316,3345,0,0,0,0,0
2020-08-29T04:00:00Z,31,12.466968,3.608,14.056,12.497935,11.92,13.127,78.032258,-177,325,10.967742,-342,296,7.097,7.097,7.097,0.387097,0,1,3346,3376,0,0,0,0,0
2020-08-29T05:00:00Z,30,13.669367,12.383,22.55,12.4895,12.195,13.344,72.366667,-28,378,-28.2,-218,313,7.097,7.097,7.097,0.5,0,1,3377,3406,0,0,0,0,0
2020-08-29T06:00:00Z,30,14.262933,12.652,22.48,12.6127,11.991,13.079,98.7,-79,273,48.966667,-251,238,7.097,7.097,7.097,0.233333,0,1,3407,3436,0,0,0,0,0
2020-08-29T07:00:00Z,30,13.286467,12.558,13.845,12.557567,12.114,13.254,79.166667,-89,348,-7.2,-276,304,7.097,7.097,7.097,0.433333,0,1,3437,3466,0,0,0,0,0
2020-08-29T08:00:00Z,30,13.493433,12.827,15.577,12.4515,11.987,12.923,49.413793,-145,248,-68.266667,-342,213,7.097,7.097,7.097,0.433333,0,1,3467,3496,0,0,0,0,0
2020-08-29T09:00:00Z,30,12.645933,3.947,16.665,12.423833,11.882,12.914,33.166667,-197,262,-7.366667,-384,196,7.097,7.097,7.097,0.033333,0,1,3497,3526,0,0,0,0,0
2020-08-29T10:00:00Z,30,2.664633,1.502,4.134,12.383867,12.242,12.72,35.066667,-14,161,-1.933333,-85,180,7.097,7.097,7.097,0,0,0,3527,3556,0,0,0,0,0
2020-08-29T11:00:00Z,30,0.6316,0,2.836,12.396967,12.223,12.758,36.137931,-12,212,0.233333,-60,213,7.097,7.097,7.097,0,0,0,3557,3586,0,0,0,0,0
2020-08-29T12:00:00Z,30,0.249067,0,0.858,12.4788,12.256,12.772,46.724138,-12,171,16.5,-60,130,7.097,7.097,7.097,0,0,0,3587,3616,0,0,0,0,0
2020-08-29T13:00:00Z,30,0.6857,0,0.94,12.257,12.223,12.379,-3.466667,-13,49,-35.833333,-60,14,7.097,7.097,7.097,0,0,0,3617,3646,0,0,0,0,0
2020-08-29T14:00:00Z,30,0.970267,0.718,1.01,12.209467,12.199,12.223,-12.466667,-16,-12,-49.866667,-60,-35,7.097,7.097,7.097,0,0,0,3647,3676,0,0,0,0,0
2020-08-29T15:00:00Z,30,1.0153,0.987,1.034,12.194867,12.185,12.204,-12,-13,-11,-44.1,-60,-27,7.097,7.097,7.097,0,0,0,3677,3706,0,0,0,0,0
2020-08-29T16:00:00Z,30,1.037933,1.022,1.057,12.185333,12.176,12.19,-11.633333,-12,-11,-36.666667,-52,-27,7.097,7.097,7.097,0,0,0,3707,3736,0,0,0,0,0
2020-08-29T17:00:00Z,30,1.0574,1.045,1.081,12.178333,12.171,12.181,-10.966667,-12,-10,-27.833333,-43,-18,7.097,7.097,7.097,0,0,0,3737,3766,0,0,0,0,0
2020-08-29T18:00:00Z,30,1.0753,1.057,1.092,12.171867,12.162,12.181,-10.433333,-11,-10,-21.866667,-35,-10,7.097,7.097,7.097,0,0,0,3767,3796,0,0,0,0,0
2020-08-29T19:00:00Z,30,1.0885,1.069,1.116,12.166167,12.157,12.176,-10.2,-11,-10,-15.2,-35,-2,7.097,7.097,7.097,0,0,0,3797,3826,0,0,0,0,0
2020-08-29T20:00:00Z,30,1.1071,1.092,1.127,12.160767,12.152,12.171,-10.066667,-11,-9,-12.4,-18,-2,7.097,7.097,7.097,0,0,0,3827,3856,0,0,0,0,0
2020-08-29T21:00:00Z,30,1.116967,1.104,1.127,12.156,12.147,12.162,-9.466667,-10,-9,-7.133333,-27,5,7.097,7.097,7.097,0,0,0,3857,3886,0,0,0,0,0
2020-08-29T22:00:00Z,30,3.2934,1.116,12.511,12.149933,12.143,12.157,-9.1,-10,-9,-1.666667,-10,5,7.097,7.097,7.097,0,0,0,3887,3916,0,0,0,0,0
2020-08-29T23:00:00Z,30,7.7433,2.917,18.268,12.1487,12.138,12.176,-7,-10,4,1.366667,-10,14,7.097,7.097,7.097,0,0,0,3917,3946,0,0,0,0,0
2020-08-30T00:00:00Z,30,13.665467,13.576,13.752,12.241867,12.181,12.308,30.533333,6,55,37.833333,5,64,7.097,7.097,7.097,0,0,0,3947,3976,0,0,0,0,0
2020-08-30T01:00:00Z,30,13.401833,13.026,13.611,12.461033,12.289,12.767,96.566667,17,222,110,30,263,7.097,7.097,7.097,0,0,0,3977,4006,0,0,0,0,0
2020-08-30T02:00:00Z,28,13.304821,12.757,14.009,12.547179,11.963,13.056,91,-172,211,65.928571,-334,404,7.097,7.097,7.097,0.25,0,1,4007,4036,0,0,0,0,0
2020-08-30T03:00:00Z,30,13.8367,12.816,22.012,12.537433,11.958,12.909,90.966667,-195,256,9.166667,-375,246,7.097,7.097,7.097,0.333333,0,1,4037,4066,0,0,0,0,0
2020-08-30T04:00:00Z,30,13.9181,12.324,20.795,12.463467,11.963,13.335,55.833333,-147,392,-64.133333,-342,346,7.097,7.097,7.097,0.566667,0,1,4067,4096,0,0,0,0,0
2020-08-30T05:00:00Z,30,13.4814,12.862,13.798,12.417033,12.19,12.895,48.766667,-36,237,-113.9,-259,180,7.097,7.097,7.097,0.7,0,1,4097,4126,0,0,0,0,0
2020-08-30T06:00:00Z,30,13.202967,12.71,13.752,12.617333,12.199,13.046,104.766667,-59,275,19.866667,-276,238,7.097,7.097,7.097,0.233333,0,1,4127,4156,0,0,0,0,0
2020-08-30T07:00:00Z,30,8.106833,1.97,21.24,12.453867,11.953,13.079,29.8,-200,292,-77.4,-367,230,7.097,7.097,7.097,0.333333,0,1,4157,4186,0,0,0,0,0
2020-08-30T08:00:00Z,30,4.5745,1.034,12.944,12.573233,12.02,14.134,108.413793,-152,667,16.433333,-234,346,7.097,7.097,7.097,0.433333,0,1,4187,4216,0,0,2,0,0
2020-08-30T09:00:00Z,30,2.959967,2.087,4.029,12.548567,12.081,12.848,61.933333,-118,162,22.333333,-251,155,7.097,7.097,7.097,0.066667,0,1,4217,4246,0,0,0,0,0
2020-08-30T10:00:00Z,30,2.7876,2.192,4.544,12.291167,12.242,12.673,-3.733333,-11,101,-25.733333,-43,88,7.097,7.097,7.097,0,0,0,4247,4276,0,0,0,0,0
2020-08-30T11:00:00Z,30,0.9464,0,2.555,12.247033,12.223,12.341,-4.7,-12,41,-29.666667,-60,39,7.097,7.097,7.097,0,0,0,4277,4306,0,0,0,0,0
2020-08-30T12:00:00Z,31,0.967839,0.94,0.999,12.213774,12.199,12.223,-11.225806,-12,-11,-34.483871,-43,-27,7.097,7.097,7.097,0,0,0,4307,4337,0,0,0,0,0
2020-08-30T13:00:00Z,30,1.0053,0.987,1.034,12.2016,12.19,12.214,-11,-12,-10,-29.533333,-43,-18,7.097,7.097,7.097,0,0,0,4338,4367,0,0,0,0,0
2020-08-30T14:00:00Z,30,1.027033,1.01,1.045,12.1932,12.185,12.204,-10.666667,-11,-10,-22.566667,-35,-10,7.097,7.097,7.097,0,0,0,4368,4397,0,0,0,0,0
2020-08-30T15:00:00Z,30,1.0429,1.022,1.057,12.186467,12.181,12.19,-10.1,-11,-10,-15.933333,-27,-10,7.097,7.097,7.097,0,0,0,4398,4427,0,0,0,0,0
2020-08-30T16:00:00Z,30,1.0598,1.045,1.081,12.178933,12.171,12.185,-9.766667,-10,-9,-8.133333,-18,-2,7.097,7.097,7.097,0,0,0,4428,4457,0,0,0,0,0
2020-08-30T17:00:00Z,30,1.076033,1.045,1.092,12.175833,12.166,12.181,-9.166667,-10,-9,-2.466667,-18,5,7.097,7.097,7.097,0,0,0,4458,4487,0,0,0,0,0
2020-08-30T18:00:00Z,30,1.082233,1.069,1.104,12.1718,12.166,12.185,-8.366667,-9,-8,7.566667,-10,22,7.097,7.097,7.097,0,0,0,4488,4517,0,0,0,0,0
2020-08-30T19:00:00Z,30,1.098933,1.081,1.116,12.1651,12.157,12.176,-8.2,-9,-8,10.933333,5,22,7.097,7.097,7.097,0,0,0,4518,4547,0,0,0,0,0
2020-08-30T20:00:00Z,30,1.1192,1.104,1.139,12.156333,12.152,12.162,-8.166667,-9,-8,10.933333,5,22,7.097,7.097,7.097,0,0,0,4548,4577,0,0,0,0,0
2020-08-30T21:00:00Z,30,1.133933,1.116,1.151,12.149933,12.138,12.162,-7.9,-9,-7,17.133333,5,22,7.097,7.097,7.097,0,0,0,4578,4607,0,0,0,0,0
2020-08-30T22:00:00Z,30,2.425267,1.127,9.575,12.145833,12.138,12.152,-7.5,-8,-7,19.833333,5,30,7.097,7.097,7.097,0,0,0,4608,4637,0,0,0,0,0
2020-08-30T23:00:00Z,30,7.6934,2.882,14.793,12.146133,12.133,12.171,-5.142857,-8,7,23.933333,14,39,7.097,7.097,7.097,0,0,0,4638,4667,0,0,0,0,0
2020-08-31T00:00:00Z,30,13.939267,13.588,21.52,12.229567,12.166,12.294,27,-6,55,48.7,5,80,7.097,7.097,7.097,0,0,0,4668,4697,0,0,0,0,0
2020-08-31T01:00:00Z,22,13.508591,13.389,13.635,12.380227,12.27,12.479,76.090909,24,102,101.136364,30,130,7.097,7.097,7.097,0,0,0,4698,4726,0,0,0,0,0
2020-08-31T02:00:00Z,27,14.081074,13.132,21.591,12.542963,12.28,12.668,100.111111,-8,153,114.333333,5,163,7.097,7.097,7.097,0,0,0,4727,4755,0,0,0,0,0
2020-08-31T03:00:00Z,30,14.678333,12.968,21.591,12.646367,12.36,12.796,115,-9,184,114.6,-10,196,7.097,7.097,7.097,0,0,0,4756,4785,0,0,0,0,0
2020-08-31T04:00:00Z,28,15.661643,12.827,22.293,12.492429,11.92,12.904,63.571429,-197,223,-23.071429,-367,213,7.097,7.097,7.097,0.5,0,1,4786,4815,0,0,0,0,0
2020-08-31T05:00:00Z,29,13.638241,12.933,17.636,12.373241,11.892,12.867,25.931034,-193,215,-97.517241,-367,213,7.097,7.097,7.097,0.62069,0,1,4816,4845,0,0,0,0,0
2020-08-31T06:00:00Z,24,13.428375,12.968,14.009,12.459042,11.968,12.81,52.666667,-147,171,-109.958333,-334,147,7.097,7.097,7.097,0.708333,0,1,4846,4874,0,0,0,0,0
2020-08-31T07:00:00Z,20,8.97795,3.268,15.986,12.33495,12.199,13.07,18.210526,-44,231,-56.85,-259,321,7.097,7.097,7.097,0.3,0,1,4875,4903,0,0,0,0,0
2020-08-31T08:00:00Z,30,3.201767,2.988,3.69,12.2232,12.209,12.247,-10.266667,-11,-10,-26.466667,-35,-10,7.097,7.097,7.097,0,0,0,4904,4933,0,0,0,0,0
2020-08-31T09:00:00Z,30,2.970867,2.438,3.304,12.307767,12.199,12.63,21.433333,-13,155,1.5,-43,130,7.097,7.097,7.097,0,0,0,4934,4963,0,0,0,0,0
2020-08-31T10:00:00Z,30,2.6355,1.478,5.573,12.2454,12.19,12.545,4.724138,-11,142,-11.733333,-35,113,7.097,7.097,7.097,0,0,0,4964,4993,0,0,0,0,0
2020-08-31T11:00:00Z,30,1.091867,0.975,1.783,12.191567,12.181,12.199,-10.566667,-13,-10,-28.633333,-52,-10,7.097,7.097,7.097,0,0,0,4994,5023,0,0,0,0,0
2020-08-31T12:00:00Z,30,1.036367,1.01,1.057,12.178767,12.171,12.185,-11.266667,-12,-11,-35.8,-43,-27,7.097,7.097,7.097,0,0,0,5024,5053,0,0,0,0,0
2020-08-31T13:00:00Z,30,1.0582,1.045,1.081,12.173367,12.162,12.181,-11,-12,-10,-28.966667,-43,-18,7.097,7.097,7.097,0,0,0,5054,5083,0,0,0,0,0
2020-08-31T14:00:00Z,30,1.0784,1.057,1.092,12.1656,12.157,12.176,-10.666667,-12,-10,-21.066667,-35,-10,7.097,7.097,7.097,0,0,0,5084,5113,0,0,0,0,0
2020-08-31T15:00:00Z,30,1.0966,1.069,1.116,12.160567,12.152,12.171,-9.966667,-10,-9,-13.533333,-27,-2,7.097,7.097,7.097,0,0,0,5114,5143,0,0,0,0,0
2020-08-31T16:00:00Z,30,1.108333,1.092,1.127,12.155167,12.147,12.162,-9.733333,-10,-9,-6.833333,-18,5,7.097,7.097,7.097,0,0,0,5144,5173,0,0,0,0,0
2020-08-31T17:00:00Z,30,1.1319,1.116,1.151,12.145667,12.138,12.152,-9.233333,-10,-9,-4.766667,-10,5,7.097,7.097,7.097,0,0,0,5174,5203,0,0,0,0,0
2020-08-31T18:00:00Z,30,1.146367,1.127,1.162,12.141067,12.133,12.147,-9,-9,-9,1.3,-10,14,7.097,7.097,7.097,0,0,0,5204,5233,0,0,0,0,0
2020-08-31T19:00:00Z,30,1.163333,1.139,1.174,12.1355,12.128,12.143,-8.766667,-9,-8,6.266667,-10,14,7.097,7.097,7.097,0,0,0,5234,5263,0,0,0,0,0
2020-08-31T20:00:00Z,30,1.1776,1.162,1.198,12.131233,12.124,12.138,-8.566667,-9,-8,8.766667,-2,22,7.097,7.097,7.097,0,0,0,5264,5293,0,0,0,0,0
2020-08-31T21:00:00Z,30,1.186767,1.151,1.221,12.127333,12.119,12.133,-8.133333,-9,-7,12.766667,-2,22,7.097,7.097,7.097,0,0,0,5294,5323,0,0,0,0,0
2020-08-31T22:00:00Z,30,2.768533,1.174,12.582,12.123133,12.114,12.128,-8,-9,-7,15.4,5,30,7.097,7.097,7.097,0,0,0,5324,5353,0,0,0,0,0
2020-08-31T23:00:00Z,30,7.0296,2.941,15.296,12.126667,12.119,12.147,-5.066667,-8,3,23.1,14,39,7.097,7.097,7.097,0,0,0,5354,5383,0,0,0,0,0
2020-09-01T00:00:00Z,30,13.714567,13.635,13.775,12.201967,12.147,12.27,26.466667,5,49,53.7,22,80,7.097,7.097,7.097,0,0,0,5384,5413,0,0,0,0,0
2020-09-01T01:00:00Z,21,13.563333,13.401,13.717,12.331857,12.199,12.479,66.142857,14,120,88.904762,14,147,7.097,7.097,7.097,0,0,0,5414,5442,0,0,0,0,0
2020-09-01T02:00:00Z,19,13.856316,13.155,21.977,12.462368,12.237,12.739,88.789474,2,215,106.052632,5,263,7.097,7.097,7.097,0,0,0,5448,5471,0,0,0,0,0
2020-09-01T03:00:00Z,19,13.867421,12.687,21.439,12.575737,12.015,13.084,102,-148,338,106.052632,-309,404,7.097,7.097,7.097,0.052632,0,1,5472,5499,0,0,0,0,0
2020-09-01T04:00:00Z,26,14.249346,12.745,22.117,12.495231,11.963,12.937,67.115385,-169,254,-15.076923,-350,230,7.097,7.097,7.097,0.384615,0,1,5501,5529,0,0,0,0,0
2020-09-01T05:00:00Z,14,14.171214,13.015,20.994,12.578571,12.384,12.762,102.428571,-5,172,105,22,163,7.097,7.097,7.097,0,0,0,5530,5557,0,0,0,0,0
2020-09-01T06:00:00Z,29,11.97369,2.461,13.822,12.518724,12.114,12.852,79.965517,-105,278,53.793103,-276,263,7.097,7.097,7.097,0.103448,0,1,5558,5587,0,0,0,0,0
2020-09-01T07:00:00Z,25,4.75568,2.297,15.378,12.32812,12.058,12.89,5.64,-114,181,-34.52,-209,196,7.097,7.097,7.097,0.28,0,1,5588,5616,0,0,0,0,0
2020-09-01T08:00:00Z,27,3.1,1.373,11.049,12.269704,12.204,12.583,3,-12,122,-3.333333,-27,97,7.097,7.097,7.097,0,0,0,5617,5646,0,0,0,0,0
2020-09-01T09:00:00Z,30,3.2646,2.695,3.725,12.219067,12.19,12.351,-3.433333,-10,50,-8.9,-18,47,7.097,7.097,7.097,0,0,0,5647,5676,0,0,0,0,0
2020-09-01T10:00:00Z,30,2.667467,1.724,5,12.184467,12.176,12.195,-9.333333,-10,-9,-13.766667,-27,-10,7.097,7.097,7.097,0,0,0,5677,5706,0,0,0,0,0
2020-09-01T11:00:00Z,30,1.141367,1.034,1.63,12.1727,12.162,12.181,-9.6,-11,-8,-13.6,-27,-2,7.097,7.097,7.097,0,0,0,5707,5736,0,0,0,0,0
2020-09-01T12:00:00Z,30,1.079967,1.069,1.092,12.165167,12.162,12.171,-9.966667,-11,-9,-12.166667,-27,-2,7.097,7.097,7.097,0,0,0,5737,5766,0,0,0,0,0
2020-09-01T13:00:00Z,30,1.0031,0,1.127,12.1716,12.143,12.412,-1.633333,-10,114,4.6,-18,138,7.097,7.097,7.097,0,0,0,5767,5796,0,0,0,0,0
2020-09-01T14:00:00Z,30,1.125667,1.104,1.139,12.148633,12.138,12.157,-9,-10,-8,-0.433333,-10,14,7.097,7.097,7.097,0,0,0,5797,5826,0,0,0,0,0
2020-09-01T15:00:00Z,30,1.113267,0.273,1.162,12.146767,12.138,12.218,-7.5,-9,25,7.566667,-2,47,7.097,7.097,7.097,0,0,0,5827,5856,0,0,0,0,0
2020-09-01T16:00:00Z,28,1.155714,1.139,1.186,12.137464,12.128,12.143,-8.107143,-9,-8,12.214286,5,22,7.097,7.097,7.097,0,0,0,5857,5886,0,0,0,0,0
2020-09-01T17:00:00Z,30,1.176,1.162,1.198,12.130733,12.124,12.138,-7.733333,-8,-7,19.066667,14,30,7.097,7.097,7.097,0,0,0,5887,5916,0,0,0,0,0
2020-09-01T18:00:00Z,30,1.1926,1.174,1.209,12.124833,12.119,12.133,-7.233333,-8,-7,23.333333,14,30,7.097,7.097,7.097,0,0,0,5917,5946,0,0,0,0,0
2020-09-01T19:00:00Z,30,1.204667,1.186,1.221,12.1201,12.114,12.128,-6.833333,-8,-6,29.366667,14,39,7.097,7.097,7.097,0,0,0,5947,5976,0,0,0,0,0
2020-09-01T20:00:00Z,30,1.221433,1.198,1.244,12.115333,12.105,12.124,-6.566667,-7,-6,30.433333,22,39,7.097,7.097,7.097,0,0,0,5977,6006,0,0,0,0,0
2020-09-01T21:00:00Z,30,1.2404,1.221,1.256,12.109933,12.105,12.114,-6.233333,-7,-6,33.7,22,47,7.097,7.097,7.097,0,0,0,6007,6036,0,0,0,0,0
2020-09-01T22:00:00Z,30,2.898333,1.233,12.921,12.107133,12.095,12.114,-6.033333,-7,-5,40.2,30,55,7.097,7.097,7.097,0,0,0,6037,6066,0,0,0,0,0
2020-09-01T23:00:00Z,30,6.831167,2.988,18.759,12.103467,12.095,12.119,-5.413793,-7,2,41.566667,30,47,7.097,7.097,7.097,0,0,0,6067,6096,0,0,0,0,0
2020-09-02T00:00:00Z,29,14.464138,13.658,20.678,12.173552,12.11,12.256,24.413793,-6,51,72.724138,39,105,7.097,7.097,7.097,0,0,0,6097,6126,0,0,0,0,0
2020-09-02T01:00:00Z,30,13.552433,13.401,13.67,12.344233,12.242,12.469,76.733333,39,112,126.233333,80,155,7.097,7.097,7.097,0,0,0,6127,6156,0,0,0,0,0
2020-09-02T02:00:00Z,30,13.318067,13.155,13.658,12.5131,12.251,12.625,112.333333,13,158,150.833333,47,188,7.097,7.097,7.097,0,0,0,6157,6186,0,0,0,0,0
2020-09-02T03:00:00Z,30,14.2228,12.991,21.45,12.585733,12.351,12.767,113.066667,-5,181,136.433333,22,196,7.097,7.097,7.097,0,0,0,6187,6216,0,0,0,0,0
2020-09-02T04:00:00Z,30,13.362133,12.699,13.986,12.491467,11.987,13.042,77.833333,-137,307,75.6,-267,321,7.097,7.097,7.097,0.133333,0,1,6217,6246,0,0,0,0,0
2020-09-02T05:00:00Z,30,13.311,12.956,13.752,12.536233,12.19,12.81,94.366667,-30,199,63.5,-201,205,7.097,7.097,7.097,0.233333,0,1,6247,6276,0,0,0,0,0
2020-09-02T06:00:00Z,31,13.932452,13.003,21.684,12.67871,12.356,12.762,135.677419,-4,172,137.258065,-10,171,7.097,7.097,7.097,0,0,0,6277,6307,0,0,0,0,0
2020-09-02T07:00:00Z,30,13.676067,12.64,21.158,12.645567,12.143,13.084,103.966667,-94,273,101.333333,-267,304,7.097,7.097,7.097,0.033333,0,1,6308,6337,0,0,0,0,0
2020-09-02T08:00:00Z,30,13.278167,13.178,13.459,12.547767,12.427,12.616,71.133333,30,97,61,22,88,7.097,7.097,7.097,0,0,0,6338,6367,0,0,0,0,0
2020-09-02T09:00:00Z,30,11.3695,3.292,14.559,12.4003,12.28,12.677,38.555556,-10,161,24.266667,-27,171,7.097,7.097,7.097,0,0,0,6368,6397,0,0,0,0,0
2020-09-02T10:00:00Z,30,6.967267,2.005,14.43,12.287433,12.218,12.554,8.7,-10,142,6.233333,-18,113,7.097,7.097,7.097,0,0,0,6398,6427,0,0,0,0,0
2020-09-02T11:00:00Z,30,1.0369,0.94,1.677,12.209067,12.195,12.223,-8.9,-10,-8,-6.333333,-18,5,7.097,7.097,7.097,0,0,0,6428,6457,0,0,0,0,0
2020-09-02T12:00:00Z,30,0.886333,0,1.022,12.2259,12.185,12.649,4.466667,-10,225,2.6,-18,213,7.097,7.097,7.097,0,0,0,6458,6487,0,0,0,0,0
2020-09-02T13:00:00Z,30,0.157467,0,1.01,12.434233,12.19,12.753,65.633333,-11,214,67.333333,-18,279,7.097,7.097,7.097,0,0,0,6488,6517,0,0,0,0,0
2020-09-02T14:00:00Z,30,0.499733,0,1.455,12.3612,11.906,12.942,25,-177,226,30.733333,-234,255,7.097,7.097,7.097,0.1,0,1,6518,6547,0,0,0,0,0
2020-09-02T15:00:00Z,30,0.128733,0,0.811,12.521967,12.294,12.753,65.666667,-11,144,85.433333,-10,180,7.097,7.097,7.097,0,0,0,6548,6577,0,0,0,0,0
2020-09-02T16:00:00Z,30,0.6414,0,0.987,12.285267,12.218,12.559,6.448276,-11,157,26.6,-18,130,7.097,7.097,7.097,0,0,0,6578,6607,0,0,0,0,0
2020-09-02T17:00:00Z,30,1.009567,0.964,1.045,12.208033,12.195,12.228,-7.7,-8,-7,17.7,5,22,7.097,7.097,7.097,0,0,0,6608,6637,0,0,0,0,0
2020-09-02T18:00:00Z,30,1.057033,1.022,1.081,12.1893,12.176,12.199,-7.2,-8,-7,21.666667,5,30,7.097,7.097,7.097,0,0,0,6638,6667,0,0,0,0,0
2020-09-02T19:00:00Z,30,1.0784,1.057,1.104,12.1796,12.166,12.19,-7.033333,-8,-6,24.7,14,39,7.097,7.097,7.097,0,0,0,6668,6697,0,0,0,0,0
2020-09-02T20:00:00Z,30,1.095367,1.081,1.116,12.171833,12.166,12.181,-6.6,-7,-6,28.6,14,39,7.097,7.097,7.097,0,0,0,6698,6727,0,0,0,0,0
2020-09-02T21:00:00Z,30,1.107933,1.092,1.127,12.165733,12.157,12.171,-6.2,-7,-5,35.633333,22,47,7.097,7.097,7.097,0,0,0,6728,6757,0,0,0,0,0
2020-09-02T22:00:00Z,30,2.092967,1.104,8.697,12.1598,12.152,12.166,-6.233333,-7,-6,35.1,22,47,7.097,7.097,7.097,0,0,0,6758,6787,0,0,0,0,0
2020-09-02T23:00:00Z,30,4.792933,2.894,13.506,12.154967,12.143,12.166,-5.866667,-6,-5,38.733333,30,47,7.097,7.097,7.097,0,0,0,6788,6817,0,0,0,0,0
2020-09-03T00:00:00Z,30,13.5388,9.832,14.91,12.265867,12.157,12.318,37.4,-6,54,82.066667,39,105,7.097,7.097,7.097,0,0,0,6818,6847,0,0,0,0,0
2020-09-03T01:00:00Z,15,14.045667,13.354,21.602,12.389333,12.261,12.493,72.466667,5,104,116.066667,39,147,7.097,7.097,7.097,0,0,0,6849,6873,0,0,0,0,0
2020-09-03T02:00:00Z,8,14.11575,13.143,20.081,12.508625,12.218,12.649,87.125,-6,129,121.625,30,163,7.097,7.097,7.097,0,0,0,6878,6900,0,0,0,0,0
2020-09-03T03:00:00Z,25,13.1198,12.991,13.518,12.68012,12.389,12.786,127.92,19,164,150.44,47,188,7.097,7.097,7.097,0,0,0,6905,6932,0,0,0,0,0
2020-09-03T04:00:00Z,29,13.520724,12.956,13.997,12.375621,11.968,12.81,27.689655,-154,177,-82.551724,-301,188,7.097,7.097,7.097,0.724138,0,1,6933,6962,0,0,0,0,0
2020-09-03T05:00:00Z,27,13.316667,12.933,13.904,12.533852,12.062,12.833,85.185185,-128,190,22.37037,-284,196,7.097,7.097,7.097,0.444444,0,1,6963,6991,0,0,0,0,0
2020-09-03T06:00:00Z,28,13.327893,12.816,15.238,12.565821,12.185,12.914,89.464286,-57,216,63.142857,-234,230,7.097,7.097,7.097,0.214286,0,1,6993,7021,0,0,0,0,0
2020-09-03T07:00:00Z,25,13.39508,4.006,20.994,12.55308,12.304,12.748,70.16,-12,134,73.52,-18,147,7.097,7.097,7.097,0,0,0,7022,7051,0,0,0,0,0
2020-09-03T08:00:00Z,30,13.335867,12.745,13.892,12.512867,12.072,12.999,63.241379,-111,262,31.333333,-276,196,7.097,7.097,7.097,0.133333,0,1,7052,7081,0,0,0,0,0
2020-09-03T09:00:00Z,30,9.612567,3.538,18.549,12.255467,12.214,12.337,-7.035714,-22,11,-5.066667,-18,22,7.097,7.097,7.097,0,0,0,7082,7111,0,0,0,0,0
2020-09-03T10:00:00Z,30,4.531633,2.332,13.681,12.218167,12.204,12.242,-8.833333,-11,-7,-8.766667,-35,5,7.097,7.097,7.097,0,0,0,7112,7141,0,0,0,0,0
2020-09-03T11:00:00Z,30,1.1259,0.952,2.321,12.202967,12.195,12.218,-8.866667,-9,-8,-4.466667,-18,5,7.097,7.097,7.097,0,0,0,7142,7171,0,0,0,0,0
2020-09-03T12:00:00Z,30,0.9936,0.964,1.022,12.1938,12.185,12.199,-8.866667,-9,-8,-6.1,-18,5,7.097,7.097,7.097,0,0,0,7172,7201,0,0,0,0,0
2020-09-03T13:00:00Z,30,1.020867,0.999,1.034,12.186533,12.176,12.195,-8.833333,-10,-8,-6.033333,-18,5,7.097,7.097,7.097,0,0,0,7202,7231,0,0,0,0,0
2020-09-03T14:00:00Z,30,1.042567,1.01,1.069,12.1771,12.171,12.185,-9.9,-11,-8,-15.766667,-35,-2,7.097,7.097,7.097,0,0,0,7232,7261,0,0,0,0,0
2020-09-03T15:00:00Z,30,1.0662,1.057,1.081,12.1704,12.162,12.181,-10,-11,-9,-15.7,-27,-2,7.097,7.097,7.097,0,0,0,7262,7291,0,0,0,0,0
2020-09-03T16:00:00Z,30,1.084233,1.057,1.104,12.164833,12.157,12.171,-9.766667,-10,-9,-8.666667,-18,-2,7.097,7.097,7.097,0,0,0,7292,7321,0,0,0,0,0
2020-09-03T17:00:00Z,30,1.100467,1.081,1.116,12.158267,12.147,12.166,-9.7,-10,-9,-8.4,-18,-2,7.097,7.097,7.097,0,0,0,7322,7351,0,0,0,0,0
2020-09-03T18:00:00Z,30,0.939667,0,1.139,12.197133,12.147,12.493,6.433333,-9,128,14.433333,-27,180,7.097,7.097,7.097,0,0,0,7352,7381,0,0,0,0,0
2020-09-03T19:00:00Z,30,1.1409,1.127,1.162,12.149533,12.143,12.152,-8.666667,-9,-8,6.766667,-2,14,7.097,7.097,7.097,0,0,0,7382,7411,0,0,0,0,0
2020-09-03T20:00:00Z,30,1.147267,1.127,1.162,12.146133,12.138,12.157,-8.266667,-9,-8,10.833333,-2,14,7.097,7.097,7.097,0,0,0,7412,7441,0,0,0,0,0
2020-09-03T21:00:00Z,30,1.1603,1.139,1.186,12.1401,12.133,12.152,-8.166667,-9,-8,12.766667,-2,22,7.097,7.097,7.097,0,0,0,7442,7471,0,0,0,0,0
2020-09-03T22:00:00Z,30,1.9533,1.162,6.123,12.1355,12.128,12.143,-7.7,-8,-7,17.433333,5,22,7.097,7.097,7.097,0,0,0,7472,7501,0,0,0,0,0
2020-09-03T23:00:00Z,30,8.1972,2.999,15.659,12.132267,12.114,12.143,-7.137931,-18,-2,21.5,5,39,7.097,7.097,7.097,0,0,0,7502,7531,0,0,0,0,0
2020-09-04T00:00:00Z,30,10.213233,3.28,15.659,12.160067,12.128,12.289,7.37931,-7,61,41.1,22,97,7.097,7.097,7.097,0,0,0,7532,7561,0,0,0,0,0
2020-09-04T01:00:00Z,25,13.54336,13.389,13.705,12.3524,12.209,12.483,72.12,23,111,101.72,39,138,7.097,7.097,7.097,0,0,0,7562,7591,0,0,0,0,0
2020-09-04T02:00:00Z,25,13.50784,12.769,17.999,12.52612,11.996,12.961,110.92,-114,279,125.24,-251,296,7.097,7.097,7.097,0.04,0,1,7592,7620,0,0,0,0,0
2020-09-04T03:00:00Z,20,13.37435,12.979,13.939,12.48075,12.02,12.833,82.45,-131,240,79,-267,213,7.097,7.097,7.097,0.05,0,1,7622,7649,0,0,0,0,0
2020-09-04T04:00:00Z,24,13.347542,12.921,14.032,12.506333,11.949,12.838,80.916667,-152,236,58.458333,-301,263,7.097,7.097,7.097,0.125,0,1,7650,7678,0,0,0,0,0
2020-09-04T05:00:00Z,19,13.148947,12.769,13.962,12.659579,11.996,12.985,127.473684,-159,248,119.894737,-309,288,7.097,7.097,7.097,0.052632,0,1,7679,7704,0,0,0,0,0
2020-09-04T06:00:00Z,9,14.172778,13.038,22.199,12.568444,11.939,12.744,76.666667,-194,155,29.777778,-367,147,7.097,7.097,7.097,0.111111,0,1,7708,7732,0,0,0,0,0
2020-09-04T07:00:00Z,16,13.131562,12.699,14.009,12.662437,11.968,13.008,107.25,-163,227,85.8125,-342,246,7.097,7.097,7.097,0.125,0,1,7735,7761,0,0,0,0,0
2020-09-04T08:00:00Z,30,13.2828,12.593,13.997,12.5541,11.982,13.113,61.833333,-165,291,-15.8,-342,362,7.097,7.097,7.097,0.333333,0,1,7763,7792,0,0,0,0,0
2020-09-04T09:00:00Z,30,11.4035,3.83,15.238,12.351867,12.256,12.658,15.413793,-11,103,-0.1,-35,97,7.097,7.097,7.097,0,0,0,7793,7822,0,0,0,0,0
2020-09-04T10:00:00Z,30,2.461867,0,4.953,12.501,12.053,12.952,60.8,-127,258,52.266667,-243,255,7.097,7.097,7.097,0.066667,0,1,7823,7852,0,0,0,0,0
2020-09-04T11:00:00Z,30,0.027967,0,0.718,12.6077,12.185,12.904,81.233333,-67,206,84.366667,-168,205,7.097,7.097,7.097,0.033333,0,1,7853,7882,0,0,0,0,0
2020-09-04T12:00:00Z,30,0.769067,0,0.905,12.2976,12.237,12.639,-3.2,-10,94,1.433333,-18,130,7.097,7.097,7.097,0,0,0,7883,7912,0,0,0,0,0
2020-09-04T13:00:00Z,30,0.9186,0.882,0.964,12.2378,12.218,12.251,-8.533333,-9,-8,-1.533333,-10,5,7.097,7.097,7.097,0,0,0,7913,7942,0,0,0,0,0
2020-09-04T14:00:00Z,30,0.968033,0.94,0.987,12.218567,12.204,12.233,-9.8,-10,-9,-11.4,-27,5,7.097,7.097,7.097,0,0,0,7943,7972,0,0,0,0,0
2020-09-04T15:00:00Z,30,0.9939,0.975,1.01,12.206967,12.195,12.218,-9.266667,-10,-9,-5,-18,5,7.097,7.097,7.097,0,0,0,7973,8002,0,0,0,0,0
2020-09-04T16:00:00Z,30,1.015767,0.987,1.034,12.1969,12.19,12.204,-9.033333,-10,-9,-2.133333,-10,5,7.097,7.097,7.097,0,0,0,8003,8032,0,0,0,0,0
2020-09-04T17:00:00Z,31,1.034839,1.022,1.057,12.191258,12.181,12.199,-8.741935,-9,-8,4.580645,-2,14,7.097,7.097,7.097,0,0,0,8033,8063,0,0,0,0,0
2020-09-04T18:00:00Z,30,1.0543,1.034,1.081,12.184733,12.176,12.195,-8.333333,-9,-8,7.7,5,14,7.097,7.097,7.097,0,0,0,8064,8093,0,0,0,0,0
2020-09-04T19:00:00Z,30,1.0674,1.057,1.081,12.178933,12.171,12.185,-8.2,-9,-8,11.466667,-2,22,7.097,7.097,7.097,0,0,0,8094,8123,0,0,0,0,0
2020-09-04T20:00:00Z,30,1.0811,1.069,1.092,12.173333,12.166,12.181,-7.766667,-8,-7,14.833333,5,22,7.097,7.097,7.097,0,0,0,8124,8153,0,0,0,0,0
2020-09-04T21:00:00Z,30,1.099267,1.081,1.116,12.166767,12.157,12.171,-7.566667,-8,-7,17.9,5,30,7.097,7.097,7.097,0,0,0,8154,8183,0,0,0,0,0
2020-09-04T22:00:00Z,29,2.268724,1.104,7.656,12.162552,12.152,12.171,-7.172414,-8,-7,23.931034,5,39,7.097,7.097,7.097,0,0,0,8184,8212,0,0,0,0,0
2020-09-05T00:00:00Z,25,14.06144,13.564,21.123,12.25276,12.195,12.322,32.16,-5,56,60.24,39,88,7.097,7.097,7.097,0,0,0,8249,8273,0,0,0,0,0
2020-09-05T01:00:00Z,30,14.499233,13.225,21.333,12.3918,12.214,12.564,67.8,-7,121,96.766667,14,147,7.097,7.097,7.097,0,0,0,8274,8303,0,0,0,0,0
2020-09-05T02:00:00Z,30,13.257133,13.096,13.576,12.563467,12.304,12.696,104.466667,3,141,125.7,22,163,7.097,7.097,7.097,0,0,0,8304,8333,0,0,0,0,0
2020-09-05T03:00:00Z,30,14.066433,12.968,20.737,12.666533,12.337,12.791,118.166667,-9,164,122.833333,-10,163,7.097,7.097,7.097,0,0,0,8334,8363,0,0,0,0,0
2020-09-05T04:00:00Z,30,13.3956,12.944,14.032,12.4724,11.949,12.819,58.4,-161,195,-32.233333,-334,180,7.097,7.097,7.097,0.5,0,1,8364,8393,0,0,0,0,0
2020-09-05T05:00:00Z,30,13.481833,12.921,13.822,12.411967,12.185,12.829,42.4,-41,187,-92.9,-243,180,7.097,7.097,7.097,0.633333,0,1,8394,8423,0,0,0,0,0
2020-09-05T06:00:00Z,30,13.4268,12.64,19.789,12.674767,12.195,13.07,117.733333,-48,274,67.933333,-259,230,7.097,7.097,7.097,0.2,0,1,8424,8453,0,0,0,0,0
2020-09-05T07:00:00Z,30,14.587033,12.57,20.795,12.574667,12.039,13.16,66.366667,-163,286,-39.333333,-359,213,7.097,7.097,7.097,0.366667,0,1,8454,8483,0,0,0,0,0
2020-09-05T08:00:00Z,30,8.968333,2.286,13.88,12.5109,12.119,12.99,47.966667,-112,227,-57,-342,188,7.097,7.097,7.097,0.366667,0,1,8484,8513,0,0,0,0,0
2020-09-05T09:00:00Z,30,2.478267,1.595,3.573,12.427833,12.285,12.715,24.933333,-11,119,-0.5,-43,97,7.097,7.097,7.097,0,0,0,8514,8543,0,0,0,0,0
2020-09-05T10:00:00Z,30,2.617467,1.853,3.35,12.2569,12.237,12.28,-10.533333,-11,-10,-33.666667,-43,-27,7.097,7.097,7.097,0,0,0,8544,8573,0,0,0,0,0
2020-09-05T11:00:00Z,30,1.011467,0.893,1.712,12.2313,12.223,12.242,-10.9,-11,-10,-36.6,-43,-27,7.097,7.097,7.097,0,0,0,8574,8603,0,0,0,0,0
2020-09-05T12:00:00Z,30,0.955767,0.917,0.987,12.2166,12.199,12.228,-11.3,-13,-10,-38.966667,-60,-27,7.097,7.097,7.097,0,0,0,8604,8633,0,0,0,0,0
2020-09-05T13:00:00Z,30,0.983833,0.964,0.999,12.205667,12.199,12.214,-12.1,-13,-11,-43.566667,-52,-35,7.097,7.097,7.097,0,0,0,8634,8663,0,0,0,0,0
2020-09-05T14:00:00Z,30,1.0041,0.987,1.022,12.199167,12.19,12.209,-11.633333,-12,-11,-39.066667,-52,-27,7.097,7.097,7.097,0,0,0,8664,8693,0,0,0,0,0
2020-09-05T15:00:00Z,30,1.023633,0.999,1.057,12.191167,12.181,12.199,-11.7,-13,-11,-34.466667,-43,-27,7.097,7.097,7.097,0,0,0,8694,8723,0,0,0,0,0
2020-09-05T16:00:00Z,31,1.037871,1.022,1.057,12.187258,12.181,12.195,-10.967742,-12,-10,-28.193548,-35,-18,7.097,7.097,7.097,0,0,0,8724,8754,0,0,0,0,0
2020-09-05T17:00:00Z,30,1.0503,1.034,1.069,12.183733,12.176,12.19,-10.033333,-11,-10,-14.066667,-27,-2,7.097,7.097,7.097,0,0,0,8755,8784,0,0,0,0,0
2020-09-05T18:00:00Z,30,1.068133,1.045,1.092,12.177033,12.171,12.185,-9.733333,-10,-9,-8.666667,-18,-2,7.097,7.097,7.097,0,0,0,8785,8814,0,0,0,0,0
2020-09-05T19:00:00Z,29,1.089069,1.069,1.116,12.170862,12.162,12.181,-9.413793,-10,-9,-4.862069,-18,5,7.097,7.097,7.097,0,0,0,8815,8844,0,0,0,0,0
2020-09-05T20:00:00Z,30,1.108367,1.081,1.127,12.1643,12.157,12.171,-9.266667,-10,-9,-2.9,-10,14,7.097,7.097,7.097,0,0,0,8845,8874,0,0,0,0,0
2020-09-05T21:00:00Z,30,1.121033,1.104,1.127,12.1587,12.147,12.166,-9,-10,-8,1.3,-10,14,7.097,7.097,7.097,0,0,0,8875,8904,0,0,0,0,0
2020-09-05T22:00:00Z,30,2.541367,1.127,11.341,12.153,12.147,12.162,-8.466667,-9,-8,5.933333,-2,14,7.097,7.097,7.097,0,0,0,8905,8934,0,0,0,0,0
2020-09-05T23:00:00Z,30,7.652067,2.941,15.635,12.151767,12.143,12.176,-6.321429,-9,4,8.733333,-2,14,7.097,7.097,7.097,0,0,0,8935,8964,0,0,0,0,0
2020-09-06T00:00:00Z,30,13.764133,13.541,16.489,12.233433,12.147,12.341,27.433333,-9,68,36.7,-2,72,7.097,7.097,7.097,0,0,0,8965,8994,0,0,0,0,0
2020-09-06T01:00:00Z,30,13.601933,13.354,13.74,12.296567,12.176,12.497,47,-5,121,62.133333,5,138,7.097,7.097,7.097,0,0,0,8995,9024,0,0,0,0,0
2020-09-06T02:00:00Z,30,13.300067,13.108,13.67,12.529267,12.228,12.677,106.533333,7,167,116.833333,14,163,7.097,7.097,7.097,0,0,0,9025,9054,0,0,0,0,0
2020-09-06T03:00:00Z,30,14.9115,12.933,21.836,12.609367,12.261,12.838,105.166667,-30,198,92.033333,-209,171,7.097,7.097,7.097,0.1,0,1,9055,9084,0,0,0,0,0
2020-09-06T04:00:00Z,30,13.509867,12.699,13.798,12.3841,12.171,12.99,38.7,-44,256,-76.833333,-226,288,7.097,7.097,7.097,0.6,0,1,9085,9114,0,0,0,0,0
2020-09-06T05:00:00Z,30,13.137733,12.64,13.834,12.6737,12.147,13.165,121.033333,-109,323,62.233333,-301,304,7.097,7.097,7.097,0.266667,0,1,9115,9144,0,0,0,0,0
2020-09-06T06:00:00Z,30,14.557367,12.968,21.134,12.591167,12.195,12.786,83.7,-43,170,31.5,-251,147,7.097,7.097,7.097,0.133333,0,1,9145,9174,0,0,0,0,0
2020-09-06T07:00:00Z,30,13.254733,12.64,13.798,12.571733,12.152,13.084,74.241379,-105,251,2.5,-309,230,7.097,7.097,7.097,0.2,0,1,9175,9204,0,0,0,0,0
2020-09-06T08:00:00Z,30,13.271167,12.628,13.939,12.558567,12.024,13.188,59.8,-144,256,-20.366667,-359,163,7.097,7.097,7.097,0.166667,0,1,9205,9234,0,0,0,0,0
2020-09-06T09:00:00Z,30,7.401233,0.332,13.646,12.516367,12.072,13.273,54.133333,-141,340,-48.033333,-301,329,7.097,7.097,7.097,0.4,0,1,9235,9264,0,0,0,0,0
2020-09-06T10:00:00Z,30,2.664,0.531,5.644,12.443567,12.119,12.956,27.766667,-121,186,-15.333333,-276,163,7.097,7.097,7.097,0.133333,0,1,9265,9294,0,0,0,0,0
2020-09-06T11:00:00Z,30,0.895367,0.811,1.315,12.260433,12.247,12.28,-10.9,-11,-10,-37.166667,-52,-27,7.097,7.097,7.097,0,0,0,9295,9324,0,0,0,0,0
2020-09-06T12:00:00Z,31,0.900548,0.87,0.94,12.239419,12.223,12.251,-10.967742,-11,-10,-36.548387,-43,-27,7.097,7.097,7.097,0,0,0,9325,9355,0,0,0,0,0
2020-09-06T13:00:00Z,30,0.945633,0.917,0.975,12.221,12.204,12.233,-11.7,-13,-10,-44.5,-60,-27,7.097,7.097,7.097,0,0,0,9356,9385,0,0,0,0,0
2020-09-06T14:00:00Z,30,0.974867,0.952,0.999,12.211033,12.204,12.218,-12.066667,-13,-11,-47.5,-60,-35,7.097,7.097,7.097,0,0,0,9386,9415,0,0,0,0,0
2020-09-06T15:00:00Z,30,0.991233,0.975,1.01,12.2065,12.199,12.214,-11.4,-12,-11,-37.366667,-43,-18,7.097,7.097,7.097,0,0,0,9416,9445,0,0,0,0,0
2020-09-06T16:00:00Z,30,1.009233,0.987,1.034,12.199267,12.19,12.209,-11.066667,-12,-10,-31.233333,-43,-18,7.097,7.097,7.097,0,0,0,9446,9475,0,0,0,0,0
2020-09-06T17:00:00Z,30,0.898033,0,1.034,12.218233,12.19,12.516,-1.366667,-13,152,-9.9,-35,196,7.097,7.097,7.097,0,0,0,9476,9505,0,0,0,0,0
2020-09-06T18:00:00Z,30,1.037967,1.022,1.057,12.1902,12.181,12.199,-9.733333,-10,-9,-11.066667,-18,-2,7.097,7.097,7.097,0,0,0,9506,9535,0,0,0,0,0
2020-09-06T19:00:00Z,30,1.052233,1.034,1.069,12.186433,12.176,12.19,-9.666667,-10,-9,-8.666667,-18,-2,7.097,7.097,7.097,0,0,0,9536,9565,0,0,0,0,0
2020-09-06T20:00:00Z,30,1.065767,1.045,1.092,12.182433,12.176,12.19,-9,-10,-8,-0.266667,-10,5,7.097,7.097,7.097,0,0,0,9566,9595,0,0,0,0,0
2020-09-06T21:00:00Z,29,1.077172,1.057,1.104,12.177552,12.162,12.185,-8.827586,-9,-8,3.241379,-10,14,7.097,7.097,7.097,0,0,0,9596,9625,0,0,0,0,0
2020-09-06T22:00:00Z,30,2.9767,1.069,11.482,12.171833,12.166,12.176,-8.4,-9,-8,6.166667,-2,14,7.097,7.097,7.097,0,0,0,9626,9655,0,0,0,0,0
2020-09-06T23:00:00Z,30,7.481667,2.566,15.015,12.170633,12.157,12.195,-5.655172,-9,6,11.333333,-2,22,7.097,7.097,7.097,0,0,0,9656,9685,0,0,0,0,0
2020-09-07T00:00:00Z,30,14.7824,13.564,21.45,12.245267,12.195,12.322,24.433333,-9,51,37.533333,5,64,7.097,7.097,7.097,0,0,0,9686,9715,0,0,0,0,0
2020-09-07T01:00:00Z,21,13.702714,13.366,18.139,12.398571,12.261,12.493,71.714286,-8,100,88.047619,5,113,7.097,7.097,7.097,0,0,0,9716,9744,0,0,0,0,0
2020-09-07T02:00:00Z,19,13.201211,13.108,13.354,12.608737,12.497,12.691,115.052632,60,136,125.736842,-2,147,7.097,7.097,7.097,0,0,0,9747,9772,0,0,0,0,0
2020-09-07T03:00:00Z,22,13.462364,12.898,21.099,12.687909,12.266,12.857,127.409091,-28,176,119.681818,-226,163,7.097,7.097,7.097,0.136364,0,1,9773,9801,0,0,0,0,0
2020-09-07T04:00:00Z,20,13.74585,12.933,20.023,12.43215,11.93,12.848,46.7,-167,200,-71.55,-375,180,7.097,7.097,7.097,0.5,0,1,9802,9830,0,0,0,0,0
2020-09-07T05:00:00Z,23,13.568087,12.956,14.056,12.345696,11.92,12.81,12.869565,-179,175,-138.391304,-367,155,7.097,7.097,7.097,0.73913,0,1,9831,9858,0,0,0,0,0
2020-09-07T06:00:00Z,20,13.78975,12.909,22.164,12.4938,11.911,12.862,49.55,-187,206,-12.3,-375,180,7.097,7.097,7.097,0.2,0,1,9860,9887,0,0,0,0,0
2020-09-07T07:00:00Z,22,13.095364,10.99,13.752,12.708682,12.195,14.508,122.045455,-80,777,55.863636,-284,811,7.097,7.097,7.097,0.272727,0,1,9889,9918,0,0,1,0,0
2020-09-07T08:00:00Z,27,13.145815,11.868,13.915,12.688407,12.043,13.813,106.615385,-159,558,-21.074074,-350,362,7.097,7.097,7.097,0.481481,0,1,9920,9947,0,0,2,0,0
2020-09-07T09:00:00Z,30,9.717533,3.081,13.904,12.454233,12.062,12.947,36.633333,-131,251,-38.9,-301,288,7.097,7.097,7.097,0.333333,0,1,9948,9977,0,0,0,0,0
2020-09-07T10:00:00Z,30,2.7041,1.701,3.97,12.399967,12.28,12.677,27.733333,-13,154,25.166667,-43,196,7.097,7.097,7.097,0,0,0,9978,10007,0,0,0,0,0
2020-09-07T11:00:00Z,30,0.949167,0.811,1.829,12.261833,12.251,12.28,-9.933333,-11,-9,-22.2,-35,-10,7.097,7.097,7.097,0,0,0,10008,10037,0,0,0,0,0
2020-09-07T12:00:00Z,30,0.880833,0.847,0.928,12.2461,12.237,12.256,-9.9,-10,-9,-19.4,-27,-10,7.097,7.097,7.097,0,0,0,10038,10067,0,0,0,0,0
2020-09-07T13:00:00Z,29,0.923552,0.893,0.964,12.231552,12.218,12.242,-10.310345,-12,-9,-23.724138,-43,-2,7.097,7.097,7.097,0,0,0,10068,10097,0,0,0,0,0
2020-09-07T14:00:00Z,29,0.957241,0.94,0.987,12.219621,12.209,12.228,-11.103448,-12,-11,-32.241379,-43,-27,7.097,7.097,7.097,0,0,0,10098,10127,0,0,0,0,0
2020-09-07T15:00:00Z,29,0.977655,0.952,0.999,12.212655,12.204,12.218,-10.689655,-11,-10,-24.206897,-35,-10,7.097,7.097,7.097,0,0,0,10128,10157,0,0,0,0,0
2020-09-07T16:00:00Z,30,0.994433,0.975,1.01,12.207167,12.195,12.218,-10.333333,-11,-9,-18.766667,-35,-2,7.097,7.097,7.097,0,0,0,10158,10187,0,0,0,0,0
2020-09-07T17:00:00Z,30,1.006833,0.987,1.034,12.200867,12.19,12.209,-9.7,-10,-9,-9.8,-27,5,7.097,7.097,7.097,0,0,0,10188,10217,0,0,0,0,0
2020-09-07T18:00:00Z,31,1.021194,1.01,1.045,12.196548,12.185,12.204,-9.258065,-10,-9,-2.967742,-18,5,7.097,7.097,7.097,0,0,0,10218,10248,0,0,0,0,0
2020-09-07T19:00:00Z,30,1.039567,1.022,1.057,12.190833,12.181,12.199,-9,-9,-9,0.033333,-10,5,7.097,7.097,7.097,0,0,0,10249,10278,0,0,0,0,0
2020-09-07T20:00:00Z,30,1.052633,1.034,1.069,12.185133,12.181,12.195,-8.866667,-9,-8,1.433333,-10,5,7.097,7.097,7.097,0,0,0,10279,10308,0,0,0,0,0
2020-09-07T21:00:00Z,29,1.068517,1.045,1.092,12.179931,12.176,12.185,-8.586207,-9,-8,5.689655,-2,22,7.097,7.097,7.097,0,0,0,10309,10338,0,0,0,0,0
2020-09-07T22:00:00Z,30,2.554867,1.069,9.037,12.174333,12.166,12.181,-8.266667,-9,-8,10.166667,-2,14,7.097,7.097,7.097,0,0,0,10339,10368,0,0,0,0,0
2020-09-07T23:00:00Z,30,8.299933,2.543,15.858,12.177133,12.162,12.218,-4.233333,-10,12,18.2,-2,30,7.097,7.097,7.097,0,0,0,10369,10398,0,0,0,0,0
2020-09-08T00:00:00Z,30,14.529367,7.867,21.544,12.248867,12.166,12.332,23.2,-8,54,41.733333,5,80,7.097,7.097,7.097,0,0,0,10399,10428,0,0,0,0,0
2020-09-08T01:00:00Z,21,13.498143,13.366,13.564,12.388952,12.322,12.493,69.285714,48,107,91.238095,72,130,7.097,7.097,7.097,0,0,0,10429,10457,0,0,0,0,0
2020-09-08T02:00:00Z,25,14.6788,13.178,21.567,12.4616,12.294,12.602,71.68,-8,130,85.48,5,155,7.097,7.097,7.097,0,0,0,10458,10486,0,0,0,0,0
2020-09-08T03:00:00Z,10,13.3365,13.155,13.494,12.5081,12.403,12.635,76.9,38,131,80,39,138,7.097,7.097,7.097,0,0,0,10487,10514,0,0,0,0,0
2020-09-08T04:00:00Z,22,13.417273,13.237,13.529,12.451455,12.351,12.568,49.909091,21,87,41.272727,5,88,7.097,7.097,7.097,0,0,0,10516,10543,0,0,0,0,0
2020-09-08T05:00:00Z,9,14.262556,13.19,21.333,12.470333,12.37,12.597,50.777778,-10,102,38.888889,-18,97,7.097,7.097,7.097,0,0,0,10544,10554,0,0,0,0,0
2020-09-08T06:00:00Z,8,15.045875,13.085,21.064,12.6395,12.389,12.72,103.125,10,133,84.25,39,113,7.097,7.097,7.097,0,0,0,10580,10597,0,0,0,0,0
2020-09-08T07:00:00Z,12,13.39675,13.132,13.459,12.471167,12.427,12.649,44.916667,34,99,2.75,-18,64,7.097,7.097,7.097,0,0,0,10600,10626,0,0,0,0,0
2020-09-08T08:00:00Z,30,13.4416,13.366,13.518,12.438567,12.379,12.488,36.066667,16,54,-6.1,-27,14,7.097,7.097,7.097,0,0,0,10627,10656,0,0,0,0,0
2020-09-08T09:00:00Z,30,9.596167,3.467,15.121,12.284833,12.247,12.374,-5.413793,-14,13,-48.066667,-68,-10,7.097,7.097,7.097,0,0,0,10657,10686,0,0,0,0,0
2020-09-08T10:00:00Z,31,2.528032,0.168,4.158,12.324903,12.242,12.578,17.870968,-12,111,-8.16129,-68,122,7.097,7.097,7.097,0,0,0,10687,10717,0,0,0,0,0
2020-09-08T11:00:00Z,30,0.172433,0,0.8,12.388,12.27,12.658,36.433333,-15,140,16.633333,-85,122,7.097,7.097,7.097,0,0,0,10718,10747,0,0,0,0,0
2020-09-08T12:00:00Z,30,0.6456,0,0.94,12.267333,12.223,12.393,-2.448276,-13,42,-18.633333,-43,55,7.097,7.097,7.097,0,0,0,10748,10777,0,0,0,0,0
2020-09-08T13:00:00Z,30,0.951767,0.928,0.975,12.220867,12.204,12.233,-11.2,-13,-10,-39.3,-60,-18,7.097,7.097,7.097,0,0,0,10778,10807,0,0,0,0,0
2020-09-08T14:00:00Z,30,0.985033,0.964,1.01,12.206333,12.199,12.214,-12.133333,-13,-11,-46.933333,-60,-35,7.097,7.097,7.097,0,0,0,10808,10837,0,0,0,0,0
2020-09-08T15:00:00Z,30,1.0071,0.987,1.022,12.198767,12.19,12.204,-11.5,-12,-11,-36.4,-52,-27,7.097,7.097,7.097,0,0,0,10838,10867,0,0,0,0,0
2020-09-08T16:00:00Z,30,1.029433,1.01,1.057,12.194,12.185,12.204,-11.066667,-12,-10,-32.6,-43,-27,7.097,7.097,7.097,0,0,0,10868,10897,0,0,0,0,0
2020-09-08T17:00:00Z,28,1.044857,1.022,1.057,12.185643,12.176,12.195,-10.821429,-11,-10,-28.571429,-35,-18,7.097,7.097,7.097,0,0,0,10898,10927,0,0,0,0,0
2020-09-08T18:00:00Z,30,1.057867,1.034,1.081,12.1805,12.176,12.185,-10.333333,-11,-10,-20.5,-27,-10,7.097,7.097,7.097,0,0,0,10928,10957,0,0,0,0,0
2020-09-08T19:00:00Z,30,1.081867,1.057,1.092,12.1735,12.166,12.181,-10.033333,-11,-10,-15.633333,-27,-10,7.097,7.097,7.097,0,0,0,10958,10987,0,0,0,0,0
2020-09-08T20:00:00Z,30,1.1005,1.069,1.116,12.1658,12.157,12.171,-9.833333,-10,-9,-11.1,-27,-2,7.097,7.097,7.097,0,0,0,10988,11017,0,0,0,0,0
2020-09-08T21:00:00Z,30,1.119233,1.104,1.139,12.1586,12.152,12.166,-9.333333,-10,-9,-6.6,-18,5,7.097,7.097,7.097,0,0,0,11018,11047,0,0,0,0,0
2020-09-08T22:00:00Z,30,2.3835,1.116,11.798,12.154333,12.147,12.162,-9.266667,-10,-9,-3.766667,-10,5,7.097,7.097,7.097,0,0,0,11048,11077,0,0,0,0,0
2020-09-08T23:00:00Z,30,7.046833,2.964,13.775,12.154933,12.143,12.19,-6,-10,11,-1.9,-10,22,7.097,7.097,7.097,0,0,0,11078,11107,0,0,0,0,0
2020-09-09T00:00:00Z,30,14.430733,13.541,19.929,12.222533,12.152,12.341,19.533333,-9,69,23.866667,-10,72,7.097,7.097,7.097,0,0,0,11108,11137,0,0,0,0,0
2020-09-09T01:00:00Z,30,13.560967,13.401,13.717,12.331967,12.204,12.464,55.133333,8,108,58,5,113,7.097,7.097,7.097,0,0,0,11138,11167,0,0,0,0,0
2020-09-09T02:00:00Z,30,13.546933,13.366,13.635,12.337267,12.261,12.483,45.2,19,107,44.933333,14,113,7.097,7.097,7.097,0,0,0,11168,11197,0,0,0,0,0
2020-09-09T03:00:00Z,30,15.030833,13.085,21.298,12.583433,12.308,12.706,103.7,-9,150,107.2,-18,155,7.097,7.097,7.097,0,0,0,11198,11227,0,0,0,0,0
2020-09-09T04:00:00Z,30,13.292667,13.026,13.506,12.549833,12.389,12.748,83.666667,21,166,68.233333,-2,155,7.097,7.097,7.097,0,0,0,11228,11257,0,0,0,0,0
2020-09-09T05:00:00Z,30,13.270767,12.968,13.869,12.568633,12.105,12.805,86.566667,-123,178,56.9,-326,155,7.097,7.097,7.097,0.033333,0,1,11258,11287,0,0,0,0,0
2020-09-09T06:00:00Z,29,7.509793,0,17.39,12.419931,11.944,13.657,48.142857,-193,571,20.172414,-309,537,7.097,7.097,7.097,0.068966,0,1,11288,11317,0,0,1,0,0
2020-09-09T07:00:00Z,28,6.371429,0.484,14.454,12.316,11.968,12.9,5.777778,-194,224,-22.964286,-259,213,7.097,7.097,7.097,0.107143,0,1,11318,11347,0,0,0,0,0
2020-09-09T08:00:00Z,30,10.6987,4.099,16.489,12.269,12.209,12.54,7.642857,-12,126,-14.133333,-43,138,7.097,7.097,7.097,0,0,0,11348,11377,0,0,0,0,0
2020-09-09T09:00:00Z,30,3.7825,3.245,4.146,12.2094,12.199,12.223,-9.833333,-10,-9,-20.5,-35,-10,7.097,7.097,7.097,0,0,0,11378,11407,0,0,0,0,0
2020-09-09T10:00:00Z,30,2.923233,1.56,6.205,12.1973,12.19,12.204,-9.166667,-10,-9,-10.033333,-27,-2,7.097,7.097,7.097,0,0,0,11408,11437,0,0,0,0,0
2020-09-09T11:00:00Z,30,1.080533,1.034,1.467,12.185433,12.181,12.195,-9,-9,-9,-9.466667,-18,-2,7.097,7.097,7.097,0,0,0,11438,11467,0,0,0,0,0
2020-09-09T12:00:00Z,30,1.063267,1.045,1.092,12.179267,12.166,12.19,-9.2,-11,-8,-10.233333,-27,5,7.097,7.097,7.097,0,0,0,11468,11497,0,0,0,0,0
2020-09-09T13:00:00Z,30,1.0884,1.069,1.104,12.169467,12.162,12.176,-10,-10,-10,-15.933333,-27,-10,7.097,7.097,7.097,0,0,0,11498,11527,0,0,0,0,0
2020-09-09T14:00:00Z,30,1.106333,1.092,1.127,12.163467,12.157,12.171,-9.366667,-10,-9,-7.333333,-18,-2,7.097,7.097,7.097,0,0,0,11528,11557,0,0,0,0,0
2020-09-09T15:00:00Z,30,1.133067,1.116,1.162,12.153367,12.143,12.162,-9.2,-10,-9,-5.233333,-18,5,7.097,7.097,7.097,0,0,0,11558,11587,0,0,0,0,0
2020-09-09T16:00:00Z,30,1.151533,1.127,1.186,12.1457,12.133,12.152,-9.066667,-10,-9,0,-10,5,7.097,7.097,7.097,0,0,0,11588,11617,0,0,0,0,0
2020-09-09T17:00:00Z,30,1.162933,1.139,1.174,12.1406,12.133,12.147,-8.666667,-9,-8,4.033333,-2,14,7.097,7.097,7.097,0,0,0,11618,11647,0,0,0,0,0
2020-09-09T18:00:00Z,31,1.177516,1.151,1.198,12.136548,12.128,12.143,-8.096774,-9,-7,11.709677,-2,22,7.097,7.097,7.097,0,0,0,11648,11678,0,0,0,0,0
2020-09-09T19:00:00Z,30,1.1812,1.162,1.198,12.135167,12.128,12.143,-7.633333,-8,-7,18.8,14,30,7.097,7.097,7.097,0,0,0,11679,11708,0,0,0,0,0
2020-09-09T20:00:00Z,30,1.198133,1.174,1.221,12.127133,12.119,12.133,-7.533333,-8,-7,18.2,5,22,7.097,7.097,7.097,0,0,0,11709,11738,0,0,0,0,0
2020-09-09T21:00:00Z,30,1.2066,1.186,1.233,12.1243,12.114,12.133,-7.2,-8,-7,24.966667,14,39,7.097,7.097,7.097,0,0,0,11739,11768,0,0,0,0,0
2020-09-09T22:00:00Z,24,1.607125,1.209,3.444,12.120667,12.114,12.124,-6.916667,-8,-6,27.791667,14,39,7.097,7.097,7.097,0,0,0,11769,11792,0,0,0,0,0
2020-09-09T23:00:00Z,1,3.467,3.467,3.467,12.114,12.114,12.114,-8,-8,-8,14,14,14,7.097,7.097,7.097,0,0,0,11806,11806,0,0,0,0,0
2020-09-10T00:00:00Z,8,13.70925,13.646,13.74,12.207875,12.185,12.261,32,25,52,59.25,47,80,7.097,7.097,7.097,0,0,0,11842,11852,0,0,0,0,0
2020-09-10T01:00:00Z,30,13.554867,13.424,13.658,12.337733,12.266,12.45,68.133333,42,109,106.433333,72,138,7.097,7.097,7.097,0,0,0,11853,11882,0,0,0,0,0
2020-09-10T02:00:00Z,23,13.63213,13.132,21.333,12.533261,12.289,12.673,106.086957,-4,150,137.565217,39,171,7.097,7.097,7.097,0,0,0,11884,11911,0,0,0,0,0
2020-09-10T03:00:00Z,29,13.213448,12.991,13.529,12.608966,12.36,12.772,118.068966,19,186,134.448276,30,196,7.097,7.097,7.097,0,0,0,11912,11941,0,0,0,0,0
2020-09-10T04:00:00Z,25,13.21624,12.944,13.822,12.60184,12.138,12.805,113.28,-65,196,103.16,-251,196,7.097,7.097,7.097,0.08,0,1,11942,11970,0,0,0,0,0
2020-09-10T05:00:00Z,26,13.207615,13.12,13.342,12.599692,12.507,12.677,103.230769,71,131,107.269231,64,138,7.097,7.097,7.097,0,0,0,11971,11999,0,0,0,0,0
2020-09-10T06:00:00Z,19,13.974632,13.073,21.006,12.623211,12.403,12.715,100.052632,-9,145,89.315789,-35,138,7.097,7.097,7.097,0,0,0,12000,12028,0,0,0,0,0
2020-09-10T07:00:00Z,14,13.383143,13.132,13.483,12.480214,12.417,12.658,55.857143,33,123,32.071429,5,113,7.097,7.097,7.097,0,0,0,12029,12055,0,0,0,0,0
2020-09-10T08:00:00Z,28,14.034536,12.792,20.877,12.566179,11.996,12.933,78.428571,-168,232,44.428571,-350,255,7.097,7.097,7.097,0.071429,0,1,12057,12086,0,0,0,0,0
2020-09-10T09:00:00Z,30,5.9665,1.385,13.693,12.5327,12.114,12.824,68.5,-82,208,18.533333,-226,246,7.097,7.097,7.097,0.266667,0,1,12087,12116,0,0,0,0,0
2020-09-10T10:00:00Z,24,1.727333,0,4.532,12.553083,12.171,12.838,69.625,-59,210,58.041667,-126,288,7.097,7.097,7.097,0.041667,0,1,12117,12142,0,0,0,0,0
2020-09-10T12:00:00Z,1,0.905,0.905,0.905,12.233,12.233,12.233,-10,-10,-10,-18,-18,-18,7.097,7.097,7.097,0,0,0,12173,12173,0,0,0,0,0
2020-09-10T14:00:00Z,6,1.032,1.022,1.034,12.1915,12.185,12.199,-10.166667,-11,-10,-16.666667,-18,-10,7.097,7.097,7.097,0,0,0,12248,12253,0,0,0,0,0
2020-09-10T15:00:00Z,31,1.03371,1.01,1.045,12.189355,12.181,12.199,-9.741935,-10,-9,-11.548387,-18,-2,7.097,7.097,7.097,0,0,0,12254,12284,0,0,0,0,0
2020-09-10T16:00:00Z,30,1.0511,1.034,1.069,12.183133,12.171,12.195,-9.166667,-10,-9,-3.966667,-18,5,7.097,7.097,7.097,0,0,0,12285,12314,0,0,0,0,0
2020-09-10T17:00:00Z,30,1.0678,1.045,1.081,12.177433,12.171,12.185,-9.066667,-10,-9,-1.933333,-10,5,7.097,7.097,7.097,0,0,0,12315,12344,0,0,0,0,0
2020-09-10T18:00:00Z,30,1.084567,1.069,1.104,12.1735,12.166,12.181,-8.733333,-9,-8,5.166667,-2,14,7.097,7.097,7.097,0,0,0,12345,12374,0,0,0,0,0
2020-09-10T19:00:00Z,30,1.1016,1.092,1.116,12.164433,12.152,12.176,-8.633333,-9,-8,4.1,-2,14,7.097,7.097,7.097,0,0,0,12375,12404,0,0,0,0,0
2020-09-10T20:00:00Z,30,1.117667,1.104,1.139,12.159033,12.152,12.166,-8.366667,-9,-8,8.266667,-2,14,7.097,7.097,7.097,0,0,0,12405,12434,0,0,0,0,0
2020-09-10T21:00:00Z,30,1.1334,1.116,1.162,12.1525,12.147,12.162,-8.166667,-9,-8,10.7,-2,22,7.097,7.097,7.097,0,0,0,12435,12464,0,0,0,0,0
2020-09-10T22:00:00Z,30,2.768533,1.139,12.219,12.144633,12.133,12.152,-8,-9,-7,11.166667,5,22,7.097,7.097,7.097,0,0,0,12465,12494,0,0,0,0,0
2020-09-10T23:00:00Z,30,7.048433,2.871,14.325,12.1434,12.133,12.162,-5.7,-8,3,17.066667,5,30,7.097,7.097,7.097,0,0,0,12495,12524,0,0,0,0,0
2020-09-11T00:00:00Z,30,13.663133,10.651,15.729,12.2101,12.138,12.27,21.033333,-8,47,44.2,14,72,7.097,7.097,7.097,0,0,0,12525,12554,0,0,0,0,0
2020-09-11T01:00:00Z,17,14.057176,13.506,20.701,12.250353,12.176,12.389,30.125,-8,95,50.882353,5,113,7.097,7.097,7.097,0,0,0,12555,12583,0,0,0,0,0
2020-09-11T02:00:00Z,20,13.7868,13.143,21.322,12.452,12.19,12.658,90.25,-7,147,115.1,14,163,7.097,7.097,7.097,0,0,0,12584,12611,0,0,0,0,0
2020-09-11T03:00:00Z,29,14.57631,12.979,21.216,12.671448,12.408,12.791,133.206897,-9,178,149.344828,-2,180,7.097,7.097,7.097,0,0,0,12613,12641,0,0,0,0,0
2020-09-11T04:00:00Z,28,14.565571,12.944,21.836,12.57575,11.977,12.824,86.035714,-194,186,68.214286,-359,180,7.097,7.097,7.097,0.071429,0,1,12642,12671,0,0,0,0,0
2020-09-11T05:00:00Z,30,13.6588,12.944,21.52,12.468,11.949,12.819,53.533333,-170,194,-14.6,-350,171,7.097,7.097,7.097,0.333333,0,1,12672,12701,0,0,0,0,0
2020-09-11T06:00:00Z,30,13.179167,12.547,13.752,12.6318,12.195,13.15,108.166667,-42,307,44.1,-251,288,7.097,7.097,7.097,0.2,0,1,12702,12731,0,0,0,0,0
2020-09-11T07:00:00Z,17,13.212118,13.05,13.518,12.613059,12.37,12.729,87.705882,4,141,54.941176,-43,113,7.097,7.097,7.097,0,0,0,12732,12760,0,0,0,0,0
2020-09-11T08:00:00Z,25,15.055,11.763,21.907,12.42528,11.949,12.966,31.48,-202,281,-63.32,-417,313,7.097,7.097,7.097,0.32,0,1,12761,12789,0,0,0,0,0
2020-09-11T09:00:00Z,30,7.139167,2.695,14.325,12.375833,11.897,12.9,31.344828,-194,281,-55.5,-392,230,7.097,7.097,7.097,0.233333,0,1,12790,12819,0,0,0,0,0
2020-09-11T10:00:00Z,30,2.6815,1.537,5.082,12.242367,12.218,12.266,-11.166667,-12,-11,-40.966667,-52,-27,7.097,7.097,7.097,0,0,0,12820,12849,0,0,0,0,0
2020-09-11T11:00:00Z,30,0.979433,0.917,1.42,12.219967,12.209,12.228,-11.166667,-12,-11,-42.1,-52,-35,7.097,7.097,7.097,0,0,0,12850,12879,0,0,0,0,0
2020-09-11T12:00:00Z,30,0.907667,0,0.999,12.223833,12.199,12.493,-2.966667,-12,144,-33.033333,-52,138,7.097,7.097,7.097,0,0,0,12880,12909,0,0,0,0,0
2020-09-11T13:00:00Z,30,0.853833,0,1.022,12.2433,12.19,12.592,2.6,-13,142,-22.433333,-52,171,7.097,7.097,7.097,0,0,0,12910,12939,0,0,0,0,0
2020-09-11T14:00:00Z,30,1.024733,1.01,1.045,12.192467,12.185,12.199,-11.833333,-12,-11,-42.066667,-52,-35,7.097,7.097,7.097,0,0,0,12940,12969,0,0,0,0,0
2020-09-11T15:00:00Z,31,1.036323,1.022,1.057,12.186484,12.181,12.195,-11.451613,-12,-11,-36.290323,-43,-27,7.097,7.097,7.097,0,0,0,12970,13000,0,0,0,0,0
2020-09-11T16:00:00Z,30,1.056633,1.034,1.081,12.180267,12.176,12.185,-11.133333,-12,-11,-33.966667,-52,-27,7.097,7.097,7.097,0,0,0,13001,13030,0,0,0,0,0
2020-09-11T17:00:00Z,29,1.069379,1.057,1.092,12.176517,12.166,12.181,-10.62069,-11,-10,-26.413793,-43,-18,7.097,7.097,7.097,0,0,0,13032,13060,0,0,0,0,0
2020-09-11T18:00:00Z,30,1.085767,1.057,1.116,12.169567,12.162,12.181,-10.333333,-11,-10,-21.666667,-35,-10,7.097,7.097,7.097,0,0,0,13061,13090,0,0,0,0,0
2020-09-11T19:00:00Z,30,1.1052,1.092,1.116,12.163367,12.157,12.171,-10.066667,-11,-10,-14.566667,-27,-2,7.097,7.097,7.097,0,0,0,13091,13120,0,0,0,0,0
2020-09-11T20:00:00Z,30,1.1158,1.104,1.139,12.159233,12.152,12.166,-9.6,-11,-9,-7.066667,-18,-2,7.097,7.097,7.097,0,0,0,13121,13150,0,0,0,0,0
2020-09-11T21:00:00Z,30,1.136233,1.116,1.151,12.1512,12.143,12.162,-9.3,-10,-8,-4.966667,-10,5,7.097,7.097,7.097,0,0,0,13151,13180,0,0,0,0,0
2020-09-11T22:00:00Z,30,2.3251,1.127,8.756,12.145133,12.138,12.152,-9.166667,-10,-9,-1.933333,-10,5,7.097,7.097,7.097,0,0,0,13181,13210,0,0,0,0,0
2020-09-11T23:00:00Z,30,6.9863,3.081,14.536,12.138067,12.128,12.147,-8.206897,-10,-2,-2.8,-10,5,7.097,7.097,7.097,0,0,0,13211,13240,0,0,0,0,0
2020-09-12T00:00:00Z,30,12.9958,4.251,17.016,12.215433,12.128,12.322,23.133333,-13,61,33,-10,80,7.097,7.097,7.097,0,0,0,13241,13270,0,0,0,0,0
2020-09-12T01:00:00Z,30,14.9813,13.424,21.907,12.329833,12.218,12.469,52.366667,-9,108,65.533333,-2,130,7.097,7.097,7.097,0,0,0,13271,13300,0,0,0,0,0
2020-09-12T02:00:00Z,30,13.500433,13.412,13.658,12.3884,12.242,12.464,60.666667,5,94,68,14,105,7.097,7.097,7.097,0,0,0,13301,13330,0,0,0,0,0
2020-09-12T03:00:00Z,30,13.318067,12.944,13.962,12.528833,11.996,12.824,94.8,-156,199,80.2,-317,180,7.097,7.097,7.097,0.066667,0,1,13331,13360,0,0,0,0,0
2020-09-12T04:00:00Z,30,14.731767,12.921,21.79,12.533567,11.963,12.833,98.666667,-57,201,41.2,-259,180,7.097,7.097,7.097,0.233333,0,1,13361,13390,0,0,0,0,0
2020-09-12T05:00:00Z,31,13.611323,12.944,20.538,12.484548,12.199,12.81,63.83871,-30,192,-22.580645,-234,163,7.097,7.097,7.097,0.322581,0,1,13391,13421,0,0,0,0,0
2020-09-12T06:00:00Z,30,13.206133,12.991,13.518,12.611033,12.374,12.781,103.433333,19,180,70.166667,-18,147,7.097,7.097,7.097,0,0,0,13422,13451,0,0,0,0,0
2020-09-12T07:00:00Z,30,14.410267,13.073,20.631,12.539267,12.384,12.71,68.9,-13,132,26.233333,-68,97,7.097,7.097,7.097,0,0,0,13452,13481,0,0,0,0,0
2020-09-12T08:00:00Z,30,13.578167,13.237,20.643,12.507633,12.374,12.573,53.266667,-13,81,-0.833333,-68,30,7.097,7.097,7.097,0,0,0,13482,13511,0,0,0,0,0
2020-09-12T09:00:00Z,30,7.325633,2.309,13.623,12.381233,12.266,12.72,27.566667,-15,198,-26,-77,188,7.097,7.097,7.097,0,0,0,13512,13541,0,0,0,0,0
2020-09-12T10:00:00Z,30,2.2326,0.051,4.567,12.413633,12.266,12.715,40.7,-13,173,-5.533333,-68,138,7.097,7.097,7.097,0,0,0,13542,13571,0,0,0,0,0
2020-09-12T11:00:00Z,30,0.772067,0,0.999,12.260833,12.228,12.408,-7.6,-13,56,-58.2,-68,14,7.097,7.097,7.097,0,0,0,13572,13601,0,0,0,0,0
2020-09-12T12:00:00Z,30,0.9449,0.917,0.975,12.217967,12.209,12.233,-12.666667,-14,-12,-62.166667,-77,-52,7.097,7.097,7.097,0,0,0,13602,13631,0,0,0,0,0
2020-09-12T13:00:00Z,30,0.967833,0.694,1.01,12.206,12.199,12.214,-12.333333,-13,-7,-57.266667,-68,-35,7.097,7.097,7.097,0,0,0,13632,13661,0,0,0,0,0
2020-09-12T14:00:00Z,30,1.0246,0.999,1.057,12.193467,12.185,12.204,-12.966667,-14,-12,-59.733333,-68,-52,7.097,7.097,7.097,0,0,0,13662,13691,0,0,0,0,0
2020-09-12T15:00:00Z,30,1.057,1.045,1.081,12.1862,12.176,12.195,-12.6,-13,-12,-52.933333,-60,-43,7.097,7.097,7.097,0,0,0,13692,13721,0,0,0,0,0
2020-09-12T16:00:00Z,30,1.076433,1.057,1.104,12.180533,12.171,12.195,-12.066667,-13,-12,-47.733333,-60,-35,7.097,7.097,7.097,0,0,0,13722,13751,0,0,0,0,0
2020-09-12T17:00:00Z,30,1.0892,1.081,1.116,12.175267,12.166,12.185,-11.4,-12,-11,-36.9,-52,-27,7.097,7.097,7.097,0,0,0,13752,13781,0,0,0,0,0
2020-09-12T18:00:00Z,26,1.105346,1.092,1.127,12.169038,12.162,12.176,-11,-12,-10,-29.076923,-35,-18,7.097,7.097,7.097,0,0,0,13782,13811,0,0,0,0,0
2020-09-12T19:00:00Z,30,1.117233,1.092,1.139,12.165533,12.152,12.171,-10.133333,-11,-10,-18.533333,-27,-2,7.097,7.097,7.097,0,0,0,13812,13841,0,0,0,0,0
2020-09-12T20:00:00Z,30,1.137767,1.127,1.162,12.155967,12.152,12.166,-10.066667,-11,-10,-15.733333,-27,-10,7.097,7.097,7.097,0,0,0,13842,13871,0,0,0,0,0
2020-09-12T21:00:00Z,30,1.151533,1.139,1.162,12.150967,12.147,12.166,-9.366667,-10,-9,-6,-18,-2,7.097,7.097,7.097,0,0,0,13872,13901,0,0,0,0,0
2020-09-12T22:00:00Z,30,3.082767,1.151,13.74,12.143733,12.138,12.152,-9.133333,-10,-9,-2.2,-10,5,7.097,7.097,7.097,0,0,0,13902,13931,0,0,0,0,0
2020-09-12T23:00:00Z,30,7.1239,3.023,13.775,12.146367,12.133,12.181,-5.206897,-9,12,6.066667,-2,22,7.097,7.097,7.097,0,0,0,13932,13961,0,0,0,0,0
2020-09-13T00:00:00Z,31,14.379258,13.635,20.854,12.172935,12.133,12.266,8.8,-9,41,17.483871,-2,55,7.097,7.097,7.097,0,0,0,13962,13992,0,0,0,0,0
2020-09-13T01:00:00Z,30,13.617,13.401,13.763,12.2849,12.162,12.474,45.666667,1,118,55.733333,14,138,7.097,7.097,7.097,0,0,0,13993,14022,0,0,0,0,0
2020-09-13T02:00:00Z,30,14.1557,13.143,21.158,12.405133,12.242,12.649,66.966667,-9,161,80.833333,-2,163,7.097,7.097,7.097,0,0,0,14023,14052,0,0,0,0,0
2020-09-13T03:00:00Z,30,13.435333,13.073,13.623,12.4296,12.266,12.753,73.366667,14,225,80.666667,22,221,7.097,7.097,7.097,0,0,0,14053,14082,0,0,0,0,0
2020-09-13T04:00:00Z,30,13.161567,13.003,13.377,12.6378,12.493,12.762,121.133333,62,186,126.1,64,180,7.097,7.097,7.097,0,0,0,14083,14112,0,0,0,0,0
2020-09-13T05:00:00Z,30,13.422933,13.26,13.518,12.452233,12.374,12.564,53.413793,17,88,40.633333,-18,88,7.097,7.097,7.097,0,0,0,14113,14142,0,0,0,0,0
2020-09-13T06:00:00Z,30,14.4526,13.518,20.69,12.319133,12.261,12.37,16.033333,-11,36,4.333333,-27,22,7.097,7.097,7.097,0,0,0,14143,14172,0,0,0,0,0
2020-09-13T07:00:00Z,30,12.4557,3.842,15.472,12.436533,12.27,12.772,51.3,-10,153,28.466667,-43,147,7.097,7.097,7.097,0,0,0,14173,14202,0,0,0,0,0
2020-09-13T08:00:00Z,30,11.757167,3.725,21.485,12.3108,12.237,12.526,17,-11,109,0.266667,-27,55,7.097,7.097,7.097,0,0,0,14203,14232,0,0,0,0,0
2020-09-13T09:00:00Z,30,8.525633,3.175,20.666,12.237867,12.204,12.308,-4.392857,-10,37,-8.6,-27,30,7.097,7.097,7.097,0,0,0,14233,14262,0,0,0,0,0
2020-09-13T10:00:00Z,30,2.7033,1.584,4.883,12.197,12.19,12.204,-8.566667,-9,-8,-3.766667,-18,5,7.097,7.097,7.097,0,0,0,14263,14292,0,0,0,0,0
2020-09-13T11:00:00Z,30,1.082067,1.022,1.467,12.1816,12.171,12.19,-8.566667,-10,-8,-4,-18,5,7.097,7.097,7.097,0,0,0,14293,14322,0,0,0,0,0
2020-09-13T12:00:00Z,30,1.076467,1.057,1.104,12.1714,12.162,12.181,-8.266667,-9,-8,0.266667,-10,5,7.097,7.097,7.097,0,0,0,14323,14352,0,0,0,0,0
2020-09-13T13:00:00Z,30,1.110867,1.081,1.139,12.161967,12.147,12.171,-8.966667,-10,-7,-5.933333,-18,5,7.097,7.097,7.097,0,0,0,14353,14382,0,0,0,0,0
2020-09-13T14:00:00Z,30,1.135833,1.116,1.151,12.1519,12.138,12.162,-9.266667,-10,-9,-6.2,-27,5,7.097,7.097,7.097,0,0,0,14383,14412,0,0,0,0,0
2020-09-13T15:00:00Z,31,1.158581,1.139,1.186,12.14429,12.138,12.152,-8.709677,-9,-8,3.612903,-2,14,7.097,7.097,7.097,0,0,0,14413,14443,0,0,0,0,0
2020-09-13T16:00:00Z,30,1.1808,1.162,1.198,12.135833,12.128,12.143,-8.2,-9,-8,11.266667,5,22,7.097,7.097,7.097,0,0,0,14444,14473,0,0,0,0,0
2020-09-13T17:00:00Z,30,1.1962,1.186,1.209,12.127567,12.119,12.133,-8.033333,-9,-7,13.533333,5,22,7.097,7.097,7.097,0,0,0,14474,14503,0,0,0,0,0
2020-09-13T18:00:00Z,30,1.209667,1.186,1.233,12.123567,12.119,12.128,-7.9,-9,-7,14.3,5,22,7.097,7.097,7.097,0,0,0,14504,14533,0,0,0,0,0
2020-09-13T19:00:00Z,30,1.2182,1.209,1.233,12.1195,12.114,12.124,-7.4,-8,-7,19.866667,14,30,7.097,7.097,7.097,0,0,0,14534,14563,0,0,0,0,0
2020-09-13T20:00:00Z,30,1.231167,1.198,1.256,12.115633,12.11,12.124,-6.966667,-7,-6,26.533333,14,30,7.097,7.097,7.097,0,0,0,14564,14593,0,0,0,0,0
2020-09-13T21:00:00Z,30,1.247067,1.221,1.279,12.1131,12.105,12.119,-6.566667,-7,-6,31.333333,22,39,7.097,7.097,7.097,0,0,0,14594,14623,0,0,0,0,0
2020-09-13T22:00:00Z,30,1.6679,1.233,3.409,12.107033,12.1,12.114,-6.3,-7,-6,33.9,22,47,7.097,7.097,7.097,0,0,0,14624,14653,0,0,0,0,0
2020-09-13T23:00:00Z,30,7.4961,2.988,13.962,12.101333,12.095,12.11,-6.1,-7,-6,36.533333,22,47,7.097,7.097,7.097,0,0,0,14654,14683,0,0,0,0,0
2020-09-14T00:00:00Z,30,3.129567,2.976,3.432,12.0971,12.091,12.105,-5.733333,-6,-5,42.366667,30,47,7.097,7.097,7.097,0,0,0,14684,14713,0,0,0,0,0
2020-09-14T01:00:00Z,30,6.042867,3.432,15.553,12.0924,12.086,12.1,-5.133333,-6,0,44.533333,30,55,7.097,7.097,7.097,0,0,0,14714,14743,0,0,0,0,0
2020-09-14T02:00:00Z,12,13.780917,13.728,13.834,12.143,12.105,12.19,18.5,0,37,59.416667,47,80,7.097,7.097,7.097,0,0,0,14744,14771,0,0,0,0,0
2020-09-14T03:00:00Z,23,14.345783,13.471,22.059,12.310739,12.181,12.417,61.086957,-4,96,113.043478,39,147,7.097,7.097,7.097,0,0,0,14772,14800,0,0,0,0,0
2020-09-14T04:00:00Z,24,14.402958,13.342,21.017,12.354292,12.199,12.512,54.208333,-6,117,93.666667,22,155,7.097,7.097,7.097,0,0,0,14804,14829,0,0,0,0,0
2020-09-14T05:00:00Z,23,15.186652,13.096,21.696,12.482261,12.256,12.696,83,-6,157,123,30,180,7.097,7.097,7.097,0,0,0,14830,14858,0,0,0,0,0
2020-09-14T06:00:00Z,24,13.552708,13.108,21.427,12.582458,12.365,12.687,108.958333,-4,148,140.333333,22,180,7.097,7.097,7.097,0,0,0,14860,14887,0,0,0,0,0
2020-09-14T07:00:00Z,25,13.5078,13.389,13.564,12.37884,12.327,12.474,41.72,25,69,68.6,39,97,7.097,7.097,7.097,0,0,0,14888,14916,0,0,0,0,0
2020-09-14T08:00:00Z,23,13.724696,13.155,19.461,12.416174,12.256,12.71,59,3,191,76.869565,5,238,7.097,7.097,7.097,0,0,0,14917,14945,0,0,0,0,0
2020-09-14T09:00:00Z,28,6.680679,2.391,15.355,12.284536,12.199,12.668,19.392857,-10,175,48.035714,5,213,7.097,7.097,7.097,0,0,0,14946,14975,0,0,0,0,0
2020-09-14T10:00:00Z,30,2.5878,1.432,3.924,12.185967,12.162,12.304,-4.066667,-7,37,30.166667,14,88,7.097,7.097,7.097,0,0,0,14976,15005,0,0,0,0,0
2020-09-14T11:00:00Z,30,1.122333,1.081,1.373,12.157567,12.147,12.166,-6.2,-7,-6,26.033333,14,39,7.097,7.097,7.097,0,0,0,15006,15035,0,0,0,0,0
2020-09-14T12:00:00Z,30,1.140133,1.116,1.162,12.143067,12.133,12.152,-5.966667,-7,-5,29.066667,14,39,7.097,7.097,7.097,0,0,0,15036,15065,0,0,0,0,0
2020-09-14T13:00:00Z,26,1.121962,0.063,1.198,12.1355,12.119,12.223,-4.923077,-9,40,29.730769,14,80,7.097,7.097,7.097,0,0,0,15066,15095,0,0,0,0,0
2020-09-14T14:00:00Z,30,1.137567,0.32,1.244,12.1262,12.114,12.185,-4.966667,-7,21,23.866667,14,30,7.097,7.097,7.097,0,0,0,15096,15125,0,0,0,0,0
2020-09-14T15:00:00Z,31,1.232226,1.198,1.291,12.113,12.095,12.124,-6.645161,-7,-6,30.387097,22,39,7.097,7.097,7.097,0,0,0,15126,15156,0,0,0,0,0
2020-09-14T16:00:00Z,29,1.278621,1.244,1.315,12.100552,12.091,12.11,-6.413793,-7,-6,33.482759,22,39,7.097,7.097,7.097,0,0,0,15157,15186,0,0,0,0,0
2020-09-14T17:00:00Z,30,1.3201,1.291,1.35,12.088533,12.076,12.095,-6.266667,-7,-6,32.8,22,39,7.097,7.097,7.097,0,0,0,15187,15216,0,0,0,0,0
2020-09-14T18:00:00Z,30,1.354367,1.326,1.385,12.077333,12.067,12.081,-6.033333,-7,-6,36.866667,22,47,7.097,7.097,7.097,0,0,0,15217,15246,0,0,0,0,0
2020-09-14T19:00:00Z,30,1.381467,1.361,1.396,12.0715,12.062,12.076,-6,-7,-5,37.166667,30,47,7.097,7.097,7.097,0,0,0,15247,15276,0,0,0,0,0
2020-09-14T20:00:00Z,30,1.397367,1.385,1.42,12.063267,12.058,12.076,-5.733333,-7,-5,38.766667,30,47,7.097,7.097,7.097,0,0,0,15277,15306,0,0,0,0,0
2020-09-14T21:00:00Z,30,1.4112,1.396,1.432,12.058333,12.048,12.067,-5.466667,-6,-4,42.966667,22,47,7.097,7.097,7.097,0,0,0,15307,15336,0,0,0,0,0
2020-09-14T22:00:00Z,30,3.135467,1.408,13.003,12.052833,12.048,12.058,-5.166667,-6,-4,45.366667,30,55,7.097,7.097,7.097,0,0,0,15337,15366,0,0,0,0,0
2020-09-14T23:00:00Z,30,8.423067,3.07,16.677,12.061,12.029,12.095,-1.166667,-9,9,53.4,39,72,7.097,7.097,7.097,0,0,0,15367,15396,0,0,0,0,0
2020-09-15T00:00:00Z,30,13.8453,10.09,20.046,12.17,12.043,12.744,37.833333,-6,308,93.1,39,412,7.097,7.097,7.097,0,0,0,15397,15426,0,0,0,0,0
2020-09-15T01:00:00Z,24,14.54,13.015,21.883,12.360958,12.105,12.777,88.375,-3,236,135.541667,30,304,7.097,7.097,7.097,0,0,0,15427,15455,0,0,0,0,0
2020-09-15T02:00:00Z,7,13.392571,13.132,13.635,12.454714,12.261,12.644,87,14,166,130,47,246,7.097,7.097,7.097,0,0,0,15456,15482,0,0,0,0,0
2020-09-15T03:00:00Z,13,14.443692,13.096,21.79,12.484,12.251,12.696,106.25,18,171,121.692308,22,205,7.097,7.097,7.097,0,0,0,15485,15510,0,0,0,0,0
2020-09-15T04:00:00Z,23,13.279043,13.015,13.6,12.549739,12.28,12.748,109.347826,9,192,129.869565,22,205,7.097,7.097,7.097,0,0,0,15511,15539,0,0,0,0,0
2020-09-15T05:00:00Z,30,13.498133,12.675,21.333,12.593633,12.176,13.079,120.166667,-49,372,127.833333,-209,387,7.097,7.097,7.097,0.033333,0,1,15540,15569,0,0,0,0,0
2020-09-15T06:00:00Z,18,13.743222,13.167,18.139,12.379222,12.218,12.625,45.333333,-7,129,56.666667,-2,147,7.097,7.097,7.097,0,0,0,15570,15597,0,0,0,0,0
2020-09-15T07:00:00Z,18,13.557222,12.944,14.021,12.327389,11.953,12.819,36.222222,-142,237,31.833333,-292,230,7.097,7.097,7.097,0.055556,0,1,15598,15623,0,0,0,0,0
2020-09-15T08:00:00Z,27,8.614926,3.783,21.169,12.231185,12.166,12.516,6.851852,-9,104,16.037037,-18,147,7.097,7.097,7.097,0,0,0,15627,15655,0,0,0,0,0
2020-09-15T09:00:00Z,17,4.967647,3.561,13.763,12.159235,12.152,12.171,-7.375,-8,0,1.294118,-10,14,7.097,7.097,7.097,0,0,0,15656,15672,0,0,0,0,0
2020-09-15T10:00:00Z,5,0.5666,0,1.736,12.3998,12.19,12.568,81.6,-8,153,100,5,163,7.097,7.097,7.097,0,0,0,15707,15711,0,0,0,0,0
2020-09-15T11:00:00Z,30,0.3779,0,1.045,12.3974,12.181,12.999,63.965517,-9,320,79.666667,-18,362,7.097,7.097,7.097,0.033333,0,1,15712,15741,0,0,0,0,0
2020-09-15T12:00:00Z,30,1.116333,1.057,1.174,12.1555,12.133,12.19,-7.433333,-8,-7,9.966667,-2,22,7.097,7.097,7.097,0,0,0,15742,15771,0,0,0,0,0
2020-09-15T13:00:00Z,31,1.182516,1.151,1.221,12.132645,12.119,12.143,-7.967742,-9,-7,5.354839,-18,22,7.097,7.097,7.097,0,0,0,15772,15802,0,0,0,0,0
2020-09-15T14:00:00Z,30,1.202733,1.186,1.221,12.122967,12.114,12.128,-8.966667,-10,-8,-0.533333,-10,5,7.097,7.097,7.097,0,0,0,15803,15832,0,0,0,0,0
2020-09-15T15:00:00Z,30,1.217433,1.198,1.244,12.116433,12.105,12.124,-8.433333,-9,-8,3.933333,-10,14,7.097,7.097,7.097,0,0,0,15833,15862,0,0,0,0,0
2020-09-15T16:00:00Z,30,1.2413,1.221,1.268,12.11,12.1,12.119,-8.166667,-9,-8,10.266667,-2,22,7.097,7.097,7.097,0,0,0,15863,15892,0,0,0,0,0
2020-09-15T17:00:00Z,30,1.268467,1.244,1.315,12.103167,12.095,12.11,-7.533333,-8,-7,17.166667,5,22,7.097,7.097,7.097,0,0,0,15893,15922,0,0,0,0,0
2020-09-15T18:00:00Z,30,1.297267,1.279,1.326,12.093567,12.081,12.1,-7.166667,-8,-7,22.833333,14,39,7.097,7.097,7.097,0,0,0,15923,15952,0,0,0,0,0
2020-09-15T19:00:00Z,30,1.333733,1.303,1.361,12.083667,12.072,12.095,-6.766667,-8,-6,27.1,14,39,7.097,7.097,7.097,0,0,0,15953,15982,0,0,0,0,0
2020-09-15T20:00:00Z,30,1.3827,1.35,1.396,12.068867,12.058,12.081,-6.8,-7,-6,30.466667,22,39,7.097,7.097,7.097,0,0,0,15983,16012,0,0,0,0,0
2020-09-15T21:00:00Z,30,1.4017,1.385,1.432,12.0612,12.053,12.067,-6.133333,-7,-6,36,22,47,7.097,7.097,7.097,0,0,0,16013,16042,0,0,0,0,0
2020-09-15T22:00:00Z,30,3.011867,1.396,12.383,12.0544,12.048,12.062,-5.833333,-6,-5,39.633333,30,47,7.097,7.097,7.097,0,0,0,16043,16072,0,0,0,0,0
2020-09-15T23:00:00Z,30,6.5398,3.116,16.63,12.048167,12.034,12.086,-4.233333,-7,6,39.633333,30,47,7.097,7.097,7.097,0,0,0,16073,16102,0,0,0,0,0
2020-09-16T00:00:00Z,29,13.995724,13.67,16.513,12.129793,12.039,12.247,24.035714,-9,60,68.482759,30,113,7.097,7.097,7.097,0,0,0,16103,16132,0,0,0,0,0
2020-09-16T01:00:00Z,8,14.52975,13.529,20.304,12.195375,12.091,12.356,36.375,-5,100,83.375,39,155,7.097,7.097,7.097,0,0,0,16133,16144,0,0,0,0,0
2020-09-16T02:00:00Z,13,13.692385,13.564,13.752,12.221,12.166,12.346,38.230769,17,93,76.384615,47,130,7.097,7.097,7.097,0,0,0,16165,16187,0,0,0,0,0
2020-09-16T03:00:00Z,25,14.46856,12.277,22.749,12.51264,12.062,13.486,133.24,-46,560,124.68,-218,670,7.097,7.097,7.097,0.16,0,1,16189,16217,0,0,1,0,0
2020-09-16T04:00:00Z,9,13.222556,13.085,13.483,12.592556,12.412,12.701,130.333333,35,170,152.888889,55,196,7.097,7.097,7.097,0,0,0,16219,16245,0,0,0,0,0
2020-09-16T05:00:00Z,23,13.505391,12.745,17.94,12.527435,12.048,12.956,102.26087,-92,248,116.565217,-243,304,7.097,7.097,7.097,0.043478,0,1,16247,16273,0,0,0,0,0
2020-09-16T06:00:00Z,28,14.136893,12.523,21.415,12.549071,11.972,13.098,97.357143,-152,310,108.714286,-309,329,7.097,7.097,7.097,0.071429,0,1,16275,16302,0,0,0,0,0
2020-09-16T07:00:00Z,19,13.385895,13.249,13.541,12.472632,12.341,12.54,72.684211,17,110,91,30,130,7.097,7.097,7.097,0,0,0,16304,16325,0,0,0,0,0
2020-09-16T08:00:00Z,26,13.525731,13.272,13.611,12.353615,12.275,12.554,34.153846,11,119,35.423077,5,97,7.097,7.097,7.097,0,0,0,16336,16361,0,0,0,0,0
2020-09-16T09:00:00Z,30,10.815333,2.847,14.711,12.283933,12.19,12.658,17.033333,-11,202,21.333333,-27,213,7.097,7.097,7.097,0,0,0,16362,16391,0,0,0,0,0
2020-09-16T10:00:00Z,30,2.383167,0,4.86,12.3638,12.166,12.786,50.966667,-8,220,76.866667,-2,313,7.097,7.097,7.097,0,0,0,16392,16421,0,0,0,0,0
2020-09-16T11:00:00Z,30,0.233433,0,1.771,12.472467,11.878,13.283,75.233333,-186,448,83.866667,-243,503,7.097,7.097,7.097,0.166667,0,1,16422,16451,0,0,0,0,0
2020-09-16T12:00:00Z,31,0.783871,0,1.057,12.244323,12.176,12.62,8.533333,-7,183,28.548387,-2,171,7.097,7.097,7.097,0,0,0,16452,16482,0,0,0,0,0
2020-09-16T13:00:00Z,30,0.971267,0,1.127,12.1784,12.152,12.294,-2.266667,-9,51,20.1,-2,122,7.097,7.097,7.097,0,0,0,16483,16512,0,0,0,0,0
2020-09-16T14:00:00Z,30,1.0578,0,1.162,12.1625,12.133,12.568,-1.4,-9,179,10.8,-10,196,7.097,7.097,7.097,0,0,0,16513,16542,0,0,0,0,0
2020-09-16T15:00:00Z,30,0.142433,0,0.73,12.3686,12.223,12.625,67.966667,-4,191,94.666667,-10,271,7.097,7.097,7.097,0,0,0,16543,16572,0,0,0,0,0
2020-09-16T16:00:00Z,30,0.443733,0,1.092,12.295333,12.176,12.531,32.678571,-8,135,57.766667,-2,221,7.097,7.097,7.097,0,0,0,16573,16602,0,0,0,0,0
2020-09-16T17:00:00Z,30,0.838633,0,1.162,12.195667,12.143,12.379,7.433333,-8,83,33.933333,-10,122,7.097,7.097,7.097,0,0,0,16603,16632,0,0,0,0,0
2020-09-16T18:00:00Z,30,0.657467,0,1.151,12.228233,12.147,12.526,23.166667,-8,170,50.5,-10,155,7.097,7.097,7.097,0,0,0,16633,16662,0,0,0,0,0
2020-09-16T19:00:00Z,30,1.060433,0,1.209,12.153367,12.124,12.502,1.2,-8,173,33.5,14,213,7.097,7.097,7.097,0,0,0,16663,16692,0,0,0,0,0
2020-09-16T20:00:00Z,30,1.189467,1.174,1.221,12.128167,12.119,12.138,-6.9,-8,-6,26.633333,14,39,7.097,7.097,7.097,0,0,0,16693,16722,0,0,0,0,0
2020-09-16T21:00:00Z,30,0.8993,0,1.221,12.168433,12.119,12.497,13.066667,-8,185,47.633333,5,230,7.097,7.097,7.097,0,0,0,16723,16752,0,0,0,0,0
2020-09-16T22:00:00Z,30,2.1807,0.472,8.756,12.124833,12.114,12.171,-4.966667,-7,4,32.466667,22,64,7.097,7.097,7.097,0,0,0,16753,16782,0,0,0,0,0
2020-09-16T23:00:00Z,30,5.651367,2.508,13.483,12.207,12.119,12.389,28.566667,-7,152,66.766667,5,180,7.097,7.097,7.097,0,0,0,16783,16812,0,0,0,0,0
2020-09-17T00:00:00Z,30,13.8471,4.614,21.368,12.304233,12.119,12.8,62.2,-6,283,101.133333,30,346,7.097,7.097,7.097,0,0,0,16813,16842,0,0,0,0,0
2020-09-17T01:00:00Z,16,13.894312,12.582,22.024,12.49475,12.294,13.169,98.8125,-5,367,133,39,346,7.097,7.097,7.097,0.0625,0,1,16843,16866,0,0,0,0,0
2020-09-17T02:00:00Z,16,13.186438,12.488,13.834,12.62725,12.128,13.24,123.0625,-65,348,98.5,-184,321,7.097,7.097,7.097,0.3125,0,1,16873,16899,0,0,0,0,0
2020-09-17T03:00:00Z,26,13.962231,12.348,21.988,12.618115,11.968,13.34,101.461538,-156,412,73.384615,-326,503,7.097,7.097,7.097,0.307692,0,1,16901,16928,0,0,0,0,0
2020-09-17T04:00:00Z,25,13.44792,12.757,13.997,12.42648,11.972,12.975,42.04,-152,238,3.84,-292,329,7.097,7.097,7.097,0.32,0,1,16929,16958,0,0,0,0,0
2020-09-17T05:00:00Z,29,13.286,12.617,14.009,12.552483,11.968,13.084,89.62069,-150,255,57.448276,-301,255,7.097,7.097,7.097,0.241379,0,1,16959,16988,0,0,0,0,0
2020-09-17T06:00:00Z,24,13.194458,12.956,13.775,12.615542,12.171,12.81,99.083333,-66,183,100.333333,-243,163,7.097,7.097,7.097,0.041667,0,1,16989,17013,0,0,0,0,0
2020-09-17T07:00:00Z,12,14.1065,13.12,21.134,12.416333,12.076,12.668,32.583333,-104,110,3.083333,-276,122,7.097,7.097,7.097,0.083333,0,1,17018,17045,0,0,0,0,0
2020-09-17T08:00:00Z,29,12.86169,4.158,20.561,12.293448,12.228,12.479,10.551724,-10,61,9.068966,-18,88,7.097,7.097,7.097,0,0,0,17047,17075,0,0,0,0,0
2020-09-17T09:00:00Z,30,9.3396,2.239,17.835,12.4396,11.996,12.928,49.931034,-130,290,40.466667,-284,354,7.097,7.097,7.097,0.066667,0,1,17076,17105,0,0,0,0,0
2020-09-17T10:00:00Z,30,1.863367,0,4.731,12.557433,12.043,13.283,74.566667,-125,358,55.5,-234,296,7.097,7.097,7.097,0.333333,0,1,17106,17135,0,0,0,0,0
2020-09-17T11:00:00Z,30,0.513433,0,0.964,12.356033,12.005,13.089,29.633333,-94,307,30.6,-226,263,7.097,7.097,7.097,0.1,0,1,17136,17165,0,0,0,0,0
2020-09-17T12:00:00Z,30,0.986633,0.952,1.01,12.2117,12.195,12.228,-7.8,-8,-7,6.166667,-2,14,7.097,7.097,7.097,0,0,0,17166,17195,0,0,0,0,0
2020-09-17T13:00:00Z,30,1.0317,0.999,1.092,12.1936,12.181,12.204,-8.233333,-10,-7,2.633333,-18,14,7.097,7.097,7.097,0,0,0,17196,17225,0,0,0,0,0
2020-09-17T14:00:00Z,28,1.069,1.045,1.081,12.179393,12.171,12.185,-9.321429,-10,-9,-5.5,-18,5,7.097,7.097,7.097,0,0,0,17226,17255,0,0,0,0,0
2020-09-17T15:00:00Z,30,0.8473,0,1.104,12.225333,12.166,12.54,14.533333,-10,187,29.2,-10,213,7.097,7.097,7.097,0,0,0,17256,17285,0,0,0,0,0
2020-09-17T16:00:00Z,30,0.120567,0,0.893,12.397167,12.233,12.687,60.333333,-10,232,79.533333,-10,271,7.097,7.097,7.097,0,0,0,17286,17315,0,0,0,0,0
2020-09-17T17:00:00Z,30,0.5216,0,1.022,12.2919,12.199,12.734,13.966667,-10,185,43.066667,5,246,7.097,7.097,7.097,0,0,0,17316,17345,0,0,0,0,0
2020-09-17T18:00:00Z,31,0.357903,0,1.034,12.350387,11.977,12.852,40.741935,-139,258,63.806452,-259,221,7.097,7.097,7.097,0.032258,0,1,17346,17376,0,0,0,0,0
2020-09-17T19:00:00Z,30,0.074033,0,0.823,12.5095,11.987,12.867,72,-161,183,95.466667,-284,230,7.097,7.097,7.097,0.033333,0,1,17377,17406,0,0,0,0,0
2020-09-17T20:00:00Z,30,0.0619,0,0.741,12.5462,11.996,12.843,73.5,-151,240,72.833333,-317,313,7.097,7.097,7.097,0.133333,0,1,17407,17436,0,0,0,0,0
2020-09-17T21:00:00Z,30,0.078667,0,1.525,12.582167,11.944,12.895,79.133333,-192,199,104.566667,-284,304,7.097,7.097,7.097,0.066667,0,1,17437,17466,0,0,0,0,0
2020-09-17T22:00:00Z,30,0.608367,0,4.415,12.592533,12.351,12.781,69.2,-8,135,111.366667,22,213,7.097,7.097,7.097,0,0,0,17467,17496,0,0,0,0,0
2020-09-17T23:00:00Z,30,6.0971,2.063,11.938,12.5803,11.982,12.89,76.6,-156,192,94.666667,-276,271,7.097,7.097,7.097,0.1,0,1,17497,17526,0,0,0,0,0
2020-09-18T00:00:00Z,30,7.461367,2.087,15.94,12.541933,11.987,12.994,65.266667,-158,247,41.066667,-259,321,7.097,7.097,7.097,0.4,0,1,17527,17556,0,0,0,0,0
2020-09-18T01:00:00Z,30,12.3702,3.409,13.892,12.783567,12.076,14.281,138.9,-160,814,27.833333,-284,1018,7.097,7.097,7.097,0.866667,0,1,17557,17586,0,0,3,0,0
2020-09-18T02:00:00Z,30,14.6928,12.535,21.883,12.546367,12.091,13.183,62.931034,-134,293,-64.633333,-276,337,7.097,7.097,7.097,0.866667,0,1,17587,17616,0,0,0,0,0
2020-09-18T03:00:00Z,26,14.134115,12.114,22.527,12.654346,11.987,13.562,86.076923,-117,535,-12.230769,-259,420,7.097,7.097,7.097,0.692308,0,1,17617,17645,0,0,1,0,0
2020-09-18T04:00:00Z,19,13.678421,12.102,21.637,12.864737,12.119,13.694,160.894737,-123,528,26.210526,-309,503,7.097,7.097,7.097,0.894737,0,1,17646,17673,0,0,1,0,0
2020-09-18T05:00:00Z,16,13.302687,12.617,13.88,12.531313,12.072,13.122,39.75,-127,290,-77.875,-259,279,7.097,7.097,7.097,0.8125,0,1,2,17676,0,0,0,0,0
2020-09-18T06:00:00Z,14,13.616286,12.476,18.9,12.649357,12.152,13.212,74.285714,-112,283,-37.285714,-259,138,7.097,7.097,7.097,0.785714,0,1,28,51,0,0,0,0,0
2020-09-18T07:00:00Z,3,12.702667,11.786,13.284,13.092,12.535,13.879,266.666667,4,612,91.666667,-60,288,7.097,7.097,7.097,0.666667,0,1,55,77,0,0,1,0,0
2020-09-18T08:00:00Z,16,12.805312,11.809,13.845,12.970562,12.1,13.751,171.3125,-176,452,19.8125,-309,479,7.097,7.097,7.097,0.9375,0,1,80,107,0,0,0,0,0
2020-09-18T09:00:00Z,30,2.696733,0.531,12.956,12.684467,12.209,13.51,83.766667,-91,354,4.6,-168,255,7.097,7.097,7.097,1,1,1,108,137,0,0,0,0,0
2020-09-18T10:00:00Z,30,2.248967,0,9.645,12.5814,12.138,14.078,66.066667,-98,679,0.266667,-209,578,7.097,7.097,7.097,0.966667,0,1,138,167,0,0,2,0,0
2020-09-18T11:00:00Z,30,0.101733,0,1.186,12.588467,12.015,13.874,59.933333,-196,612,35.566667,-243,620,7.097,7.097,7.097,0.666667,0,1,168,197,0,0,1,0,0
2020-09-18T12:00:00Z,31,0.170323,0,0.694,12.538516,12.1,12.985,34,-133,162,71.677419,-151,296,7.097,7.097,7.097,0.129032,0,1,198,228,0,0,0,0,0
2020-09-18T13:00:00Z,30,0.5803,0,0.776,12.3649,12.313,12.791,5.9,-4,149,64.866667,47,255,7.097,7.097,7.097,0,0,0,229,258,0,0,0,0,0
2020-09-18T14:00:00Z,30,0.586367,0,0.811,12.361633,12.308,12.725,12.3,-7,140,75.433333,39,255,7.097,7.097,7.097,0,0,0,259,288,0,0,0,0,0
2020-09-18T15:00:00Z,30,0.424733,0,0.847,12.398133,12.152,12.881,19.766667,-85,149,21.566667,-251,271,7.097,7.097,7.097,0.233333,0,1,289,318,0,0,0,0,0
2020-09-18T16:00:00Z,30,0.347033,0,0.835,12.4088,12.067,12.857,27.633333,-108,203,43.5,-276,221,7.097,7.097,7.097,0.133333,0,1,319,348,0,0,0,0,0
2020-09-18T17:00:00Z,30,0.653067,0,0.847,12.317333,12.285,12.474,3.344828,-4,74,66.3,47,213,7.097,7.097,7.097,0,0,0,349,378,0,0,0,0,0
2020-09-18T18:00:00Z,30,0.6885,0,0.858,12.3276,12.28,12.668,8.666667,-4,146,70.1,47,221,7.097,7.097,7.097,0,0,0,379,408,0,0,0,0,0
2020-09-18T19:00:00Z,30,0.682267,0,0.87,12.318933,12.28,12.62,7.733333,-4,115,71.366667,55,180,7.097,7.097,7.097,0,0,0,409,438,0,0,0,0,0
2020-09-18T20:00:00Z,30,0.8633,0.835,0.893,12.2801,12.27,12.289,-3.066667,-4,-2,64.066667,55,72,7.097,7.097,7.097,0,0,0,439,468,0,0,0,0,0
2020-09-18T21:00:00Z,30,0.876667,0.847,0.905,12.2752,12.266,12.285,-2.966667,-4,-2,67.4,55,80,7.097,7.097,7.097,0,0,0,469,498,0,0,0,0,0
2020-09-18T22:00:00Z,30,1.625833,0.87,6.31,12.271633,12.266,12.275,-2.833333,-3,-2,66.833333,55,80,7.097,7.097,7.097,0,0,0,499,528,0,0,0,0,0
2020-09-18T23:00:00Z,30,4.293,2.613,12.816,12.2681,12.261,12.28,-2.533333,-3,-2,71.733333,64,80,7.097,7.097,7.097,0,0,0,529,558,0,0,0,0,0
2020-09-19T00:00:00Z,30,8.738567,3.924,13.623,12.287733,12.251,12.393,10.296296,-3,53,81.566667,55,122,7.097,7.097,7.097,0,0,0,559,588,0,0,0,0,0
2020-09-19T01:00:00Z,31,12.591516,2.087,21.392,12.344548,12.261,12.748,27.555556,-8,158,88.774194,55,171,7.097,7.097,7.097,0,0,0,589,619,0,0,0,0,0
2020-09-19T02:00:00Z,30,13.5398,13.295,13.576,12.341267,12.299,12.573,30.633333,17,150,98.9,80,180,7.097,7.097,7.097,0,0,0,620,649,0,0,0,0,0
2020-09-19T03:00:00Z,30,13.363967,12.769,13.787,12.494433,12.162,12.994,64.533333,-94,219,102.666667,-226,288,7.097,7.097,7.097,0.166667,0,1,650,679,0,0,0,0,0
2020-09-19T04:00:00Z,30,14.073,12.71,21.825,12.494967,12.043,13.046,36.533333,-137,260,-48.366667,-276,337,7.097,7.097,7.097,0.7,0,1,680,709,0,0,0,0,0
2020-09-19T05:00:00Z,30,7.425433,1.806,13.822,12.448433,12.147,12.744,27.769231,-122,181,11.766667,-243,196,7.097,7.097,7.097,0.366667,0,1,710,739,0,0,0,0,0
2020-09-19T06:00:00Z,30,2.998533,2.098,3.479,12.342067,12.28,12.602,20.8,-4,111,86.566667,64,163,7.097,7.097,7.097,0,0,0,740,769,0,0,0,0,0
2020-09-19T07:00:00Z,30,2.561367,2.426,2.683,12.271567,12.261,12.289,-2,-2,-2,74.4,64,80,7.097,7.097,7.097,0,0,0,770,799,0,0,0,0,0
2020-09-19T08:00:00Z,30,4.694333,2.274,6.966,12.261467,12.251,12.27,-2,-2,-2,76.533333,64,88,7.097,7.097,7.097,0,0,0,800,829,0,0,0,0,0
2020-09-19T09:00:00Z,30,8.725367,2.426,13.202,12.255867,12.237,12.266,-2.95,-4,-2,71.033333,47,88,7.097,7.097,7.097,0,0,0,830,859,0,0,0,0,0
2020-09-19T10:00:00Z,30,5.436867,1.081,12.488,12.2501,12.242,12.266,-3.133333,-4,-3,62.133333,47,72,7.097,7.097,7.097,0,0,0,860,889,0,0,0,0,0
2020-09-19T11:00:00Z,30,0.9487,0.917,1.034,12.246367,12.237,12.256,-2.966667,-4,-2,67.433333,47,72,7.097,7.097,7.097,0,0,0,890,919,0,0,0,0,0
2020-09-19T12:00:00Z,30,0.962867,0.94,0.987,12.241333,12.233,12.256,-2.833333,-4,-2,68.8,64,80,7.097,7.097,7.097,0,0,0,920,949,0,0,0,0,0
2020-09-19T13:00:00Z,30,0.971433,0.952,0.987,12.235633,12.223,12.247,-2.566667,-3,-2,69.833333,55,80,7.097,7.097,7.097,0,0,0,950,979,0,0,0,0,0
2020-09-19T14:00:00Z,31,0.989258,0.964,1.01,12.232258,12.223,12.242,-2.354839,-3,-2,75.096774,64,80,7.097,7.097,7.097,0,0,0,980,1010,0,0,0,0,0
2020-09-19T15:00:00Z,30,1.001033,0.987,1.022,12.225667,12.214,12.237,-2.133333,-3,-2,76,64,80,7.097,7.097,7.097,0,0,0,1011,1040,0,0,0,0,0
2020-09-19T16:00:00Z,30,1.014567,0.999,1.034,12.219433,12.209,12.228,-2.2,-3,-2,75.733333,64,88,7.097,7.097,7.097,0,0,0,1041,1070,0,0,0,0,0
2020-09-19T17:00:00Z,30,0.9509,0,1.057,12.2245,12.209,12.308,0.72,-3,32,82.466667,72,138,7.097,7.097,7.097,0,0,0,1071,1100,0,0,0,0,0
2020-09-19T18:00:00Z,30,0.932833,0,1.057,12.235133,12.204,12.677,10.375,-5,231,91.233333,72,255,7.097,7.097,7.097,0,0,0,1101,1130,0,0,0,0,0
2020-09-19T19:00:00Z,30,1.041467,1.022,1.069,12.2084,12.199,12.218,-2,-2,-2,87.9,72,97,7.097,7.097,7.097,0,0,0,1131,1160,0,0,0,0,0
2020-09-19T20:00:00Z,30,1.052267,1.034,1.069,12.2046,12.195,12.214,-2,-2,-2,87.966667,80,97,7.097,7.097,7.097,0,0,0,1161,1190,0,0,0,0,0
2020-09-19T21:00:00Z,30,1.0662,1.045,1.081,12.198633,12.185,12.209,-2,-2,-2,87.733333,72,97,7.097,7.097,7.097,0,0,0,1191,1220,0,0,0,0,0
2020-09-19T22:00:00Z,30,2.203733,1.057,8.826,12.194233,12.181,12.204,-2,-2,-2,87.733333,80,97,7.097,7.097,7.097,0,0,0,1221,1250,0,0,0,0,0
2020-09-19T23:00:00Z,30,6.375933,2.648,13.728,12.197133,12.181,12.233,2.888889,-2,15,92.2,72,113,7.097,7.097,7.097,0,0,0,1251,1280,0,0,0,0,0
2020-09-20T00:00:00Z,30,13.615233,13.506,13.705,12.281733,12.209,12.374,34.4,1,67,121.166667,88,155,7.097,7.097,7.097,0,0,0,1281,1310,0,0,0,0,0
2020-09-20T01:00:00Z,30,14.916533,13.518,21.556,12.259467,12.209,12.384,23.214286,-2,67,107.3,80,155,7.097,7.097,7.097,0,0,0,1311,1340,0,0,0,0,0
2020-09-20T02:00:00Z,30,13.500567,13.33,13.576,12.379667,12.304,12.512,61.266667,22,104,137.8,97,171,7.097,7.097,7.097,0,0,0,1341,1370,0,0,0,0,0
2020-09-20T03:00:00Z,31,13.207387,13.073,13.541,12.601355,12.332,12.715,106.387097,7,131,161.709677,64,180,7.097,7.097,7.097,0,0,0,1371,1401,0,0,0,0,0
2020-09-20T04:00:00Z,30,14.759733,12.862,21.708,12.523133,11.987,12.871,52.344828,-161,196,86.6,-284,230,7.097,7.097,7.097,0.1,0,1,1402,1431,0,0,0,0,0
2020-09-20T05:00:00Z,30,13.2685,12.57,13.927,12.571033,12.034,13.188,78.166667,-161,331,64.633333,-276,346,7.097,7.097,7.097,0.266667,0,1,1432,1461,0,0,0,0,0
2020-09-20T06:00:00Z,30,13.233333,13.026,13.471,12.580667,12.408,12.739,76.366667,18,140,115.833333,39,171,7.097,7.097,7.097,0,0,0,1462,1491,0,0,0,0,0
2020-09-20T07:00:00Z,30,9.122367,2.262,19.929,12.3944,12.285,12.635,17.366667,-9,114,48.566667,14,130,7.097,7.097,7.097,0,0,0,1492,1521,0,0,0,0,0
2020-09-20T08:00:00Z,30,4.303867,2.414,15.472,12.323367,12.261,12.602,9.566667,-9,153,46.633333,14,205,7.097,7.097,7.097,0,0,0,1522,1551,0,0,0,0,0
2020-09-20T09:00:00Z,30,3.0087,2.251,3.374,12.292933,12.247,12.597,4.966667,-6,107,37.633333,22,155,7.097,7.097,7.097,0,0,0,1552,1581,0,0,0,0,0
2020-09-20T10:00:00Z,30,2.6394,1.092,5.199,12.241367,12.228,12.285,-5.1,-7,17,26.866667,14,47,7.097,7.097,7.097,0,0,0,1582,1611,0,0,0,0,0
2020-09-20T11:00:00Z,30,0.9331,0,1.01,12.230867,12.214,12.365,-2.933333,-6,73,32.633333,22,105,7.097,7.097,7.097,0,0,0,1612,1641,0,0,0,0,0
2020-09-20T12:00:00Z,30,0.9897,0.975,1.01,12.217667,12.209,12.233,-5.066667,-6,-4,33.666667,22,47,7.097,7.097,7.097,0,0,0,1642,1671,0,0,0,0,0
2020-09-20T13:00:00Z,30,1.022067,0.999,1.057,12.203933,12.19,12.218,-6.8,-7,-6,24.966667,14,39,7.097,7.097,7.097,0,0,0,1672,1701,0,0,0,0,0
2020-09-20T14:00:00Z,29,1.046621,1.022,1.069,12.193517,12.185,12.209,-6.344828,-7,-6,31.37931,22,39,7.097,7.097,7.097,0,0,0,1702,1731,0,0,0,0,0
2020-09-20T15:00:00Z,30,1.0662,1.045,1.081,12.187633,12.181,12.195,-5.9,-6,-5,35.633333,30,47,7.097,7.097,7.097,0,0,0,1732,1761,0,0,0,0,0
2020-09-20T16:00:00Z,30,1.080333,1.057,1.104,12.181833,12.176,12.19,-5.5,-6,-4,39.933333,30,47,7.097,7.097,7.097,0,0,0,1762,1791,0,0,0,0,0
2020-09-20T17:00:00Z,31,1.094452,1.081,1.116,12.176194,12.166,12.185,-4.903226,-6,-4,43.064516,30,55,7.097,7.097,7.097,0,0,0,1792,1822,0,0,0,0,0
2020-09-20T18:00:00Z,30,1.105567,1.092,1.127,12.173967,12.166,12.185,-4.366667,-6,-3,48.6,39,55,7.097,7.097,7.097,0,0,0,1823,1852,0,0,0,0,0
2020-09-20T19:00:00Z,27,1.117963,1.104,1.139,12.168556,12.162,12.176,-4.111111,-5,-3,49.074074,39,55,7.097,7.097,7.097,0,0,0,1853,1882,0,0,0,0,0
2020-09-20T20:00:00Z,30,1.130067,1.116,1.151,12.163933,12.152,12.171,-3.633333,-4,-3,53.6,47,64,7.097,7.097,7.097,0,0,0,1883,1912,0,0,0,0,0
2020-09-20T21:00:00Z,30,1.146533,1.127,1.174,12.157967,12.147,12.166,-3.633333,-4,-3,56.933333,47,72,7.097,7.097,7.097,0,0,0,1913,1942,0,0,0,0,0
2020-09-20T22:00:00Z,30,3.156833,1.151,12.617,12.153667,12.147,12.162,-3.4,-4,-3,59.233333,47,72,7.097,7.097,7.097,0,0,0,1943,1972,0,0,0,0,0
2020-09-20T23:00:00Z,30,8.315433,2.871,18.127,12.153767,12.143,12.185,-0.517241,-4,13,64.266667,55,88,7.097,7.097,7.097,0,0,0,1973,2002,0,0,0,0,0
2020-09-21T00:00:00Z,30,13.6857,13.564,13.775,12.221367,12.147,12.313,25.862069,-4,57,90.966667,55,122,7.097,7.097,7.097,0,0,0,2003,2032,0,0,0,0,0
2020-09-21T01:00:00Z,30,13.605733,13.471,13.728,12.2906,12.19,12.412,44.3,6,91,109.3,64,155,7.097,7.097,7.097,0,0,0,2033,2062,0,0,0,0,0
2020-09-21T02:00:00Z,30,14.6478,13.19,21.766,12.407733,12.27,12.602,67.137931,-3,127,126.133333,47,188,7.097,7.097,7.097,0,0,0,2063,2092,0,0,0,0,0
2020-09-21T03:00:00Z,5,13.375,13.132,13.564,12.4682,12.304,12.658,76.2,18,134,133.2,80,180,7.097,7.097,7.097,0,0,0,2093,2118,0,0,0,0,0
2020-09-21T04:00:00Z,28,13.724964,13.073,21.146,12.475929,12.28,12.715,67,-6,141,104.178571,30,180,7.097,7.097,7.097,0,0,0,2120,2149,0,0,0,0,0
2020-09-21T05:00:00Z,30,13.356567,13.038,13.564,12.488667,12.308,12.734,71.733333,9,154,103.433333,39,180,7.097,7.097,7.097,0,0,0,2150,2179,0,0,0,0,0
2020-09-21T06:00:00Z,27,13.232481,13.096,13.471,12.585704,12.412,12.701,89.111111,19,131,116.888889,47,155,7.097,7.097,7.097,0,0,0,2180,2209,0,0,0,0,0
2020-09-21T07:00:00Z,28,13.290286,13.026,13.459,12.539893,12.427,12.739,70.107143,12,153,95,47,188,7.097,7.097,7.097,0,0,0,2210,2239,0,0,0,0,0
2020-09-21T08:00:00Z,23,13.41187,13.354,13.447,12.462435,12.431,12.497,48.434783,37,57,58,39,64,7.097,7.097,7.097,0,0,0,2240,2268,0,0,0,0,0
2020-09-21T09:00:00Z,30,9.9338,2.309,13.646,12.306933,12.247,12.436,5.633333,-12,42,13.5,-10,47,7.097,7.097,7.097,0,0,0,2269,2298,0,0,0,0,0
2020-09-21T10:00:00Z,30,3.033767,1.034,7.246,12.231267,12.214,12.247,-7.333333,-10,-7,9.6,-2,22,7.097,7.097,7.097,0,0,0,2299,2328,0,0,0,0,0
2020-09-21T11:00:00Z,30,0.867733,0,1.01,12.2322,12.199,12.483,0.2,-8,104,16.766667,-2,130,7.097,7.097,7.097,0,0,0,2329,2358,0,0,0,0,0
2020-09-21T12:00:00Z,31,0.687226,0,1.01,12.326226,12.204,12.687,30.16129,-8,207,51.225806,-2,238,7.097,7.097,7.097,0,0,0,2359,2389,0,0,0,0,0
2020-09-21T13:00:00Z,30,1.020033,0.975,1.045,12.2009,12.19,12.223,-7.866667,-9,-7,4.2,-10,14,7.097,7.097,7.097,0,0,0,2390,2419,0,0,0,0,0
2020-09-21T14:00:00Z,30,1.049267,1.034,1.081,12.187467,12.176,12.199,-8.933333,-9,-8,-1.866667,-10,5,7.097,7.097,7.097,0,0,0,2420,2449,0,0,0,0,0
2020-09-21T15:00:00Z,30,1.067367,1.045,1.092,12.180467,12.171,12.19,-8.6,-9,-8,2.066667,-10,14,7.097,7.097,7.097,0,0,0,2450,2479,0,0,0,0,0
2020-09-21T16:00:00Z,30,1.088833,1.069,1.116,12.172367,12.162,12.181,-8.266667,-9,-8,6,-2,14,7.097,7.097,7.097,0,0,0,2480,2509,0,0,0,0,0
2020-09-21T17:00:00Z,30,1.116467,1.092,1.139,12.1618,12.152,12.171,-8.033333,-9,-7,9.9,-2,22,7.097,7.097,7.097,0,0,0,2510,2539,0,0,0,0,0
2020-09-21T18:00:00Z,30,1.1327,1.116,1.162,12.156033,12.147,12.166,-7.566667,-8,-7,16.333333,5,22,7.097,7.097,7.097,0,0,0,2540,2569,0,0,0,0,0
2020-09-21T19:00:00Z,30,1.152267,1.127,1.174,12.149,12.143,12.157,-7.233333,-8,-7,20.4,14,30,7.097,7.097,7.097,0,0,0,2570,2599,0,0,0,0,0
2020-09-21T20:00:00Z,30,1.1677,1.151,1.198,12.1429,12.138,12.152,-7.066667,-8,-7,22.266667,14,30,7.097,7.097,7.097,0,0,0,2600,2629,0,0,0,0,0
2020-09-21T21:00:00Z,30,1.184767,1.162,1.209,12.137133,12.128,12.147,-6.733333,-8,-6,25.2,14,30,7.097,7.097,7.097,0,0,0,2630,2659,0,0,0,0,0
2020-09-21T22:00:00Z,30,3.190467,1.174,13.389,12.133833,12.128,12.143,-6.333333,-7,-6,30.433333,22,39,7.097,7.097,7.097,0,0,0,2660,2689,0,0,0,0,0
2020-09-21T23:00:00Z,30,5.353,2.917,14.781,12.128533,12.124,12.138,-6,-7,-4,34.866667,22,39,7.097,7.097,7.097,0,0,0,2690,2719,0,0,0,0,0
2020-09-22T00:00:00Z,28,13.745321,13.611,13.822,12.172714,12.119,12.28,13,-10,51,50.785714,22,97,7.097,7.097,7.097,0,0,0,2720,2749,0,0,0,0,0
2020-09-22T01:00:00Z,30,13.6065,13.494,13.74,12.292867,12.171,12.398,46.433333,3,88,86.333333,30,130,7.097,7.097,7.097,0,0,0,2750,2779,0,0,0,0,0
2020-09-22T02:00:00Z,30,15.026133,13.213,21.31,12.3419,12.166,12.578,52.966667,-7,139,87.633333,22,163,7.097,7.097,7.097,0,0,0,2780,2809,0,0,0,0,0
2020-09-22T03:00:00Z,30,13.280067,13.096,13.553,12.549667,12.318,12.696,99,4,149,124.1,30,180,7.097,7.097,7.097,0,0,0,2810,2839,0,0,0,0,0
2020-09-22T04:00:00Z,30,13.205267,13.038,13.564,12.6153,12.308,12.739,115.033333,7,163,130.966667,30,180,7.097,7.097,7.097,0,0,0,2840,2869,0,0,0,0,0
2020-09-22T05:00:00Z,29,13.835483,13.026,20.011,12.573345,12.304,12.734,92.655172,-8,155,99.137931,-10,163,7.097,7.097,7.097,0,0,0,2870,2899,0,0,0,0,0
2020-09-22T06:00:00Z,30,13.691233,12.944,19.239,12.510167,12.275,12.744,72.666667,-6,153,72.066667,-10,147,7.097,7.097,7.097,0,0,0,2900,2929,0,0,0,0,0
2020-09-22T07:00:00Z,30,13.2162,12.605,13.845,12.593233,12.11,13.089,89.166667,-106,239,60.4,-301,246,7.097,7.097,7.097,0.133333,0,1,2930,2959,0,0,0,0,0
2020-09-22T08:00:00Z,30,8.867667,4.029,13.892,12.371333,12.124,12.952,15.966667,-94,244,-34.4,-359,147,7.097,7.097,7.097,0.133333,0,1,2960,2989,0,0,0,0,0
2020-09-22T09:00:00Z,30,3.277367,2.672,4.216,12.232667,12.209,12.251,-9.1,-10,-9,-13.766667,-27,-10,7.097,7.097,7.097,0,0,0,2990,3019,0,0,0,0,0
2020-09-22T10:00:00Z,30,2.122667,1.045,4.836,12.285367,12.204,12.762,15.866667,-10,229,10.933333,-27,171,7.097,7.097,7.097,0,0,0,3020,3049,0,0,0,0,0
2020-09-22T11:00:00Z,30,0.4303,0,1.01,12.359033,12.195,12.739,40.966667,-10,171,40.666667,-27,238,7.097,7.097,7.097,0,0,0,3050,3079,0,0,0,0,0
2020-09-22T12:00:00Z,30,0.9991,0.893,1.057,12.209567,12.19,12.256,-9.9,-11,-9,-20.933333,-35,-2,7.097,7.097,7.097,0,0,0,3080,3109,0,0,0,0,0
2020-09-22T13:00:00Z,30,1.013267,0.32,1.069,12.195,12.185,12.251,-9.633333,-14,19,-25.633333,-52,-10,7.097,7.097,7.097,0,0,0,3110,3139,0,0,0,0,0
2020-09-22T14:00:00Z,31,0.541032,0,1.174,12.328,11.878,12.975,40.129032,-167,387,26.516129,-375,354,7.097,7.097,7.097,0.032258,0,1,3140,3170,0,0,0,0,0
2020-09-22T15:00:00Z,30,0.7645,0,1.069,12.244067,12.185,12.507,7.4,-10,150,3.833333,-52,122,7.097,7.097,7.097,0,0,0,3171,3200,0,0,0,0,0
2020-09-22T16:00:00Z,30,1.084533,1.069,1.104,12.180733,12.176,12.185,-9.066667,-10,-8,-4,-10,5,7.097,7.097,7.097,0,0,0,3201,3230,0,0,0,0,0
2020-09-22T17:00:00Z,30,1.103533,1.092,1.127,12.174833,12.162,12.185,-8.5,-9,-8,3.133333,-10,14,7.097,7.097,7.097,0,0,0,3231,3260,0,0,0,0,0
2020-09-22T18:00:00Z,30,1.115333,1.104,1.139,12.1688,12.162,12.181,-7.933333,-8,-7,12.1,5,22,7.097,7.097,7.097,0,0,0,3261,3290,0,0,0,0,0
2020-09-22T19:00:00Z,30,1.137,1.116,1.162,12.162,12.152,12.171,-7.4,-8,-7,18.5,-2,30,7.097,7.097,7.097,0,0,0,3291,3320,0,0,0,0,0
2020-09-22T20:00:00Z,30,1.153833,1.139,1.174,12.154833,12.147,12.162,-6.833333,-8,-6,25.766667,5,39,7.097,7.097,7.097,0,0,0,3321,3350,0,0,0,0,0
2020-09-22T21:00:00Z,30,1.022233,0,1.186,12.180633,12.147,12.431,5.766667,-7,126,46.333333,22,205,7.097,7.097,7.097,0,0,0,3351,3380,0,0,0,0,0
2020-09-22T22:00:00Z,30,3.751767,1.151,14.348,12.141567,12.133,12.147,-5.833333,-6,-5,35.966667,22,47,7.097,7.097,7.097,0,0,0,3381,3410,0,0,0,0,0
2020-09-22T23:00:00Z,30,6.916567,2.953,13.787,12.139533,12.124,12.162,-3.066667,-6,6,45.366667,30,55,7.097,7.097,7.097,0,0,0,3411,3440,0,0,0,0,0
2020-09-23T00:00:00Z,29,13.7,13.623,13.763,12.213,12.162,12.28,25.62069,7,45,70.413793,47,97,7.097,7.097,7.097,0,0,0,3441,3470,0,0,0,0,0
2020-09-23T01:00:00Z,22,15.383318,13.459,21.754,12.324591,12.214,12.422,49.272727,-6,82,98.272727,39,130,7.097,7.097,7.097,0,0,0,3471,3499,0,0,0,0,0
2020-09-23T02:00:00Z,19,13.299,13.178,13.459,12.532632,12.427,12.606,101.736842,83,115,139.684211,122,155,7.097,7.097,7.097,0,0,0,3500,3527,0,0,0,0,0
2020-09-23T03:00:00Z,17,13.239706,13.026,15.039,12.647,12.535,12.691,114.235294,-6,131,144.823529,22,180,7.097,7.097,7.097,0,0,0,3528,3556,0,0,0,0,0
2020-09-23T04:00:00Z,28,13.240571,12.652,13.834,12.598571,12.162,13.103,100.142857,-69,298,61.321429,-234,296,7.097,7.097,7.097,0.321429,0,1,3557,3585,0,0,0,0,0
2020-09-23T05:00:00Z,21,13.751619,12.547,21.088,12.482905,12.1,13.165,57.857143,-96,294,-12.619048,-276,263,7.097,7.097,7.097,0.285714,0,1,3588,3613,0,0,0,0,0
2020-09-23T06:00:00Z,29,13.308655,12.511,13.845,12.536759,12.11,13.259,72.034483,-99,356,-22.241379,-276,412,7.097,7.097,7.097,0.482759,0,1,3615,3644,0,0,0,0,0
2020-09-23T07:00:00Z,29,11.278517,2.906,13.904,12.458552,12.062,13.046,37.448276,-144,290,-0.137931,-359,271,7.097,7.097,7.097,0.137931,0,1,3645,3674,0,0,0,0,0
2020-09-23T08:00:00Z,30,3.344467,2.742,4.275,12.2443,12.228,12.266,-8.033333,-9,-8,-0.2,-10,5,7.097,7.097,7.097,0,0,0,3675,3704,0,0,0,0,0
2020-09-23T09:00:00Z,30,3.438133,2.73,3.97,12.221933,12.204,12.322,-7.3,-11,18,3.266667,-18,39,7.097,7.097,7.097,0,0,0,3705,3734,0,0,0,0,0
2020-09-23T10:00:00Z,30,2.491967,1.116,5.316,12.202567,12.195,12.214,-8.1,-9,-7,1.6,-10,14,7.097,7.097,7.097,0,0,0,3735,3764,0,0,0,0,0
2020-09-23T11:00:00Z,30,0.545833,0,1.057,12.291933,12.195,12.54,24,-10,135,32.133333,-18,171,7.097,7.097,7.097,0,0,0,3765,3794,0,0,0,0,0
2020-09-23T12:00:00Z,30,1.010867,0,1.069,12.191633,12.181,12.318,-7.266667,-10,55,-3.5,-18,113,7.097,7.097,7.097,0,0,0,3795,3824,0,0,0,0,0
2020-09-23T13:00:00Z,30,1.0622,1.045,1.081,12.1825,12.176,12.19,-9.033333,-10,-9,-2.133333,-10,5,7.097,7.097,7.097,0,0,0,3825,3854,0,0,0,0,0
2020-09-23T14:00:00Z,30,1.079933,1.069,1.104,12.178,12.166,12.19,-8.5,-9,-8,3.033333,-2,14,7.097,7.097,7.097,0,0,0,3855,3884,0,0,0,0,0
2020-09-23T15:00:00Z,30,1.099333,1.069,1.116,12.170233,12.162,12.176,-8.066667,-9,-8,9.633333,-2,14,7.097,7.097,7.097,0,0,0,3885,3914,0,0,0,0,0
2020-09-23T16:00:00Z,30,1.1204,1.104,1.139,12.162367,12.157,12.171,-7.833333,-9,-7,14,5,22,7.097,7.097,7.097,0,0,0,3915,3944,0,0,0,0,0
2020-09-23T17:00:00Z,30,1.137,1.116,1.162,12.153733,12.143,12.166,-7.233333,-8,-7,20.9,5,39,7.097,7.097,7.097,0,0,0,3945,3974,0,0,0,0,0
2020-09-23T18:00:00Z,30,1.158833,1.139,1.186,12.145467,12.138,12.152,-6.866667,-8,-6,26.633333,14,39,7.097,7.097,7.097,0,0,0,3975,4004,0,0,0,0,0
2020-09-23T19:00:00Z,30,1.1812,1.162,1.198,12.1355,12.128,12.143,-6.633333,-7,-6,29.033333,14,39,7.097,7.097,7.097,0,0,0,4005,4034,0,0,0,0,0
2020-09-23T20:00:00Z,30,1.1993,1.174,1.221,12.129967,12.119,12.138,-6.133333,-7,-6,34.6,14,47,7.097,7.097,7.097,0,0,0,4035,4064,0,0,0,0,0
2020-09-23T21:00:00Z,28,1.214643,1.198,1.233,12.123357,12.114,12.128,-5.857143,-7,-5,35.392857,22,47,7.097,7.097,7.097,0,0,0,4065,4094,0,0,0,0,0
2020-09-23T22:00:00Z,30,3.196633,1.209,10.651,12.1206,12.114,12.128,-5.166667,-6,-4,45.6,30,55,7.097,7.097,7.097,0,0,0,4095,4124,0,0,0,0,0
2020-09-23T23:00:00Z,27,8.192815,3.023,18.794,12.117704,12.11,12.133,-3.333333,-6,9,49.962963,39,55,7.097,7.097,7.097,0,0,0,4125,4154,0,0,0,0,0
2020-09-24T00:00:00Z,27,14.467963,13.635,21.158,12.182667,12.114,12.266,19.814815,-6,45,69.111111,39,97,7.097,7.097,7.097,0,0,0,4155,4183,0,0,0,0,0
2020-09-24T01:00:00Z,1,13.635,13.635,13.635,12.266,12.266,12.266,48,48,48,97,97,97,7.097,7.097,7.097,0,0,0,4186,4186,0,0,0,0,0
2020-09-24T02:00:00Z,1,16.372,16.372,16.372,12.417,12.417,12.417,96,96,96,147,147,147,7.097,7.097,7.097,0,0,0,4215,4215,0,0,0,0,0
2020-09-24T03:00:00Z,9,15.370222,13.003,21.006,12.606778,12.403,12.762,132.111111,38,169,155.777778,39,188,7.097,7.097,7.097,0,0,0,4247,4265,0,0,0,0,0
2020-09-24T04:00:00Z,10,13.1899,12.839,13.915,12.6251,12.043,12.923,126.2,-124,266,88.7,-342,205,7.097,7.097,7.097,0.2,0,1,4266,4292,0,0,0,0,0
2020-09-24T05:00:00Z,27,13.290481,12.979,13.693,12.539444,12.147,12.848,84.814815,-78,269,81.185185,-201,279,7.097,7.097,7.097,0.037037,0,1,4294,4322,0,0,0,0,0
2020-09-24T06:00:00Z,6,13.596,13.588,13.6,12.290833,12.285,12.308,13.833333,9,24,6.833333,-2,14,7.097,7.097,7.097,0,0,0,4345,4350,0,0,0,0,0
2020-09-24T07:00:00Z,10,13.4137,12.769,13.553,12.4488,12.337,12.9,64.5,26,213,23.2,-193,147,7.097,7.097,7.097,0.3,0,1,4351,4362,0,0,0,0,0
2020-09-24T08:00:00Z,24,7.383,0.893,14.021,12.38025,11.949,12.829,27.041667,-165,198,10.875,-342,180,7.097,7.097,7.097,0.041667,0,1,4378,4406,0,0,0,0,0
2020-09-24T09:00:00Z,24,4.320458,2.672,8.732,12.229083,12.209,12.341,-7.166667,-9,14,5.125,-2,64,7.097,7.097,7.097,0,0,0,4408,4436,0,0,0,0,0
2020-09-24T10:00:00Z,27,2.331407,1.092,3.795,12.198704,12.185,12.209,-7.962963,-9,-7,4.555556,-10,14,7.097,7.097,7.097,0,0,0,4437,4463,0,0,0,0,0
2020-09-24T11:00:00Z,27,1.044444,1.022,1.081,12.18537,12.176,12.195,-7.444444,-8,-7,10.444444,-2,22,7.097,7.097,7.097,0,0,0,4468,4496,0,0,0,0,0
2020-09-24T12:00:00Z,30,1.075267,1.057,1.092,12.1736,12.166,12.185,-8.166667,-9,-7,8.166667,-2,22,7.097,7.097,7.097,0,0,0,4497,4526,0,0,0,0,0
2020-09-24T13:00:00Z,30,1.100033,1.081,1.116,12.1652,12.157,12.171,-8.3,-9,-8,8.433333,-2,14,7.097,7.097,7.097,0,0,0,4527,4556,0,0,0,0,0
2020-09-24T14:00:00Z,30,1.118867,1.104,1.151,12.158233,12.147,12.166,-8,-9,-7,14.366667,-2,22,7.097,7.097,7.097,0,0,0,4557,4586,0,0,0,0,0
2020-09-24T15:00:00Z,30,1.1437,1.116,1.174,12.1479,12.143,12.152,-7.3,-8,-7,19.266667,5,30,7.097,7.097,7.097,0,0,0,4587,4616,0,0,0,0,0
2020-09-24T16:00:00Z,30,1.1682,1.139,1.186,12.137933,12.133,12.147,-7.033333,-8,-6,25.533333,14,39,7.097,7.097,7.097,0,0,0,4617,4646,0,0,0,0,0
2020-09-24T17:00:00Z,30,1.1852,1.162,1.198,12.1283,12.119,12.138,-6.7,-7,-6,29.1,14,39,7.097,7.097,7.097,0,0,0,4647,4676,0,0,0,0,0
2020-09-24T18:00:00Z,30,1.2101,1.186,1.244,12.1205,12.11,12.128,-6.2,-7,-6,34.2,22,47,7.097,7.097,7.097,0,0,0,4677,4706,0,0,0,0,0
2020-09-24T19:00:00Z,30,1.227233,1.209,1.244,12.1155,12.11,12.124,-5.866667,-6,-5,39.666667,22,47,7.097,7.097,7.097,0,0,0,4707,4736,0,0,0,0,0
2020-09-24T20:00:00Z,30,1.250133,1.233,1.279,12.108633,12.095,12.114,-5.633333,-6,-4,42.666667,30,55,7.097,7.097,7.097,0,0,0,4737,4766,0,0,0,0,0
2020-09-24T21:00:00Z,31,1.272516,1.244,1.303,12.102903,12.095,12.11,-4.935484,-6,-4,44.903226,30,55,7.097,7.097,7.097,0,0,0,4767,4797,0,0,0,0,0
2020-09-24T22:00:00Z,30,2.474433,1.291,8.931,12.095267,12.086,12.105,-4.866667,-6,-4,46.4,30,55,7.097,7.097,7.097,0,0,0,4798,4827,0,0,0,0,0
2020-09-24T23:00:00Z,30,5.427067,3.058,15.191,12.090833,12.086,12.1,-4.4,-6,-4,50.233333,39,64,7.097,7.097,7.097,0,0,0,4828,4857,0,0,0,0,0
2020-09-25T00:00:00Z,30,14.329267,13.798,18.127,12.107833,12.086,12.124,3.689655,-5,10,58.066667,47,72,7.097,7.097,7.097,0,0,0,4858,4887,0,0,0,0,0
2020-09-25T01:00:00Z,21,13.68819,13.529,13.834,12.222476,12.11,12.337,40.285714,5,83,96.666667,55,138,7.097,7.097,7.097,0,0,0,4888,4917,0,0,0,0,0
2020-09-25T02:00:00Z,27,14.67,13.284,21.766,12.35537,12.204,12.545,66.62963,-5,126,116.740741,39,171,7.097,7.097,7.097,0,0,0,4918,4946,0,0,0,0,0
2020-09-25T03:00:00Z,29,14.790103,13.272,21.251,12.347483,12.228,12.545,48.827586,-4,115,103,30,163,7.097,7.097,7.097,0,0,0,4947,4976,0,0,0,0,0
2020-09-25T04:00:00Z,20,14.06185,13.272,21.193,12.40705,12.308,12.559,67.65,0,126,110.95,47,188,7.097,7.097,7.097,0,0,0,4977,4997,0,0,0,0,0
2020-09-25T05:00:00Z,23,14.370261,13.073,21.088,12.453522,12.332,12.706,74.043478,31,189,111.869565,30,230,7.097,7.097,7.097,0,0,0,5008,5033,0,0,0,0,0
2020-09-25T06:00:00Z,28,13.727429,13.167,20.245,12.494929,12.275,12.654,80.357143,1,165,110.714286,22,196,7.097,7.097,7.097,0,0,0,5034,5063,0,0,0,0,0
2020-09-25T07:00:00Z,30,13.4674,13.272,13.6,12.4107,12.294,12.54,52.766667,-3,87,74.366667,14,122,7.097,7.097,7.097,0,0,0,5064,5093,0,0,0,0,0
2020-09-25T08:00:00Z,21,14.77119,13.377,21.485,12.359667,12.266,12.493,30.714286,-8,110,42.52381,5,122,7.097,7.097,7.097,0,0,0,5094,5122,0,0,0,0,0
2020-09-25T09:00:00Z,30,10.261167,2.964,13.705,12.2548,12.19,12.436,8.413793,-9,66,23.5,-10,80,7.097,7.097,7.097,0,0,0,5123,5152,0,0,0,0,0
2020-09-25T10:00:00Z,30,2.704467,1.279,5.293,12.172367,12.157,12.195,-7.033333,-8,-6,16.1,-2,22,7.097,7.097,7.097,0,0,0,5153,5182,0,0,0,0,0
2020-09-25T11:00:00Z,30,1.113733,1.081,1.198,12.153867,12.133,12.166,-7.066667,-8,-7,14.933333,5,30,7.097,7.097,7.097,0,0,0,5183,5212,0,0,0,0,0
2020-09-25T12:00:00Z,30,1.1499,1.127,1.174,12.1391,12.128,12.147,-7.066667,-8,-7,12.4,5,22,7.097,7.097,7.097,0,0,0,5213,5242,0,0,0,0,0
2020-09-25T13:00:00Z,30,0.9052,0,1.209,12.216467,12.119,12.753,25.066667,-9,239,42.633333,-2,205,7.097,7.097,7.097,0,0,0,5243,5272,0,0,0,0,0
2020-09-25T14:00:00Z,30,0.2499,0,1.818,12.5072,11.873,13.623,83.433333,-194,658,41.733333,-384,694,7.097,7.097,7.097,0.3,0,1,5273,5302,0,0,1,0,0
2020-09-25T15:00:00Z,30,0.368433,0,1.853,12.510933,11.864,14.106,96.172414,-195,696,50.4,-359,528,7.097,7.097,7.097,0.3,0,1,5303,5332,0,0,1,0,0
2020-09-25T16:00:00Z,30,0.785867,0,1.069,12.245167,11.949,12.644,8.633333,-135,186,16.933333,-292,238,7.097,7.097,7.097,0.033333,0,1,5333,5362,0,0,0,0,0
2020-09-25T17:00:00Z,29,1.025172,0,1.151,12.181448,12.152,12.351,-2.034483,-11,74,29.965517,14,130,7.097,7.097,7.097,0,0,0,5363,5392,0,0,0,0,0
2020-09-25T18:00:00Z,30,1.151867,1.127,1.186,12.1497,12.138,12.162,-6.366667,-7,-6,31.266667,22,39,7.097,7.097,7.097,0,0,0,5393,5422,0,0,0,0,0
2020-09-25T19:00:00Z,30,1.183967,1.162,1.209,12.1357,12.124,12.143,-5.933333,-7,-5,38.266667,22,47,7.097,7.097,7.097,0,0,0,5423,5452,0,0,0,0,0
2020-09-25T20:00:00Z,30,1.215533,1.186,1.244,12.122133,12.11,12.133,-5.4,-6,-4,42.666667,30,55,7.097,7.097,7.097,0,0,0,5453,5482,0,0,0,0,0
2020-09-25T21:00:00Z,31,1.254516,1.233,1.279,12.111935,12.1,12.124,-4.580645,-6,-4,49.612903,39,64,7.097,7.097,7.097,0,0,0,5483,5513,0,0,0,0,0
2020-09-25T22:00:00Z,30,1.709967,1.268,3.596,12.0996,12.091,12.11,-4.233333,-5,-3,51.866667,39,64,7.097,7.097,7.097,0,0,0,5514,5543,0,0,0,0,0
2020-09-25T23:00:00Z,30,5.729733,3.023,13.927,12.089933,12.081,12.1,-3.9,-4,-3,56.866667,47,64,7.097,7.097,7.097,0,0,0,5544,5573,0,0,0,0,0
2020-09-26T00:00:00Z,30,3.9214,3.526,4.415,12.079733,12.072,12.091,-3.933333,-4,-3,54.933333,39,64,7.097,7.097,7.097,0,0,0,5574,5603,0,0,0,0,0
2020-09-26T01:00:00Z,30,12.922533,4.485,15.46,12.1106,12.072,12.143,9.2,-4,22,71.933333,55,88,7.097,7.097,7.097,0,0,0,5604,5633,0,0,0,0,0
2020-09-26T02:00:00Z,30,13.7028,13.518,13.81,12.209033,12.114,12.37,39.1,14,86,98.933333,64,147,7.097,7.097,7.097,0,0,0,5634,5663,0,0,0,0,0
2020-09-26T03:00:00Z,30,14.119367,12.816,21.614,12.454333,12.072,13.032,94.433333,-83,343,138.8,-218,337,7.097,7.097,7.097,0.033333,0,1,5664,5693,0,0,0,0,0
2020-09-26T04:00:00Z,30,13.341367,12.242,13.927,12.505267,12.034,13.472,83.466667,-120,442,128.6,-251,470,7.097,7.097,7.097,0.033333,0,1,5694,5723,0,0,0,0,0
2020-09-26T05:00:00Z,30,13.3398,12.593,13.927,12.504033,12.015,13.075,78.6,-131,278,115.6,-251,296,7.097,7.097,7.097,0.066667,0,1,5724,5753,0,0,0,0,0
2020-09-26T06:00:00Z,30,12.8374,3.327,13.635,12.384367,12.228,12.635,47.6,-6,153,89.833333,30,230,7.097,7.097,7.097,0,0,0,5754,5783,0,0,0,0,0
2020-09-26T07:00:00Z,30,12.875333,3.643,16.712,12.2277,12.185,12.512,10.5,-6,187,43.266667,22,205,7.097,7.097,7.097,0,0,0,5784,5813,0,0,0,0,0
2020-09-26T08:00:00Z,30,8.726467,3.713,14.617,12.3315,12.171,12.744,43.033333,-6,260,79.533333,22,279,7.097,7.097,7.097,0,0,0,5814,5843,0,0,0,0,0
2020-09-26T09:00:00Z,30,3.016167,2.66,3.655,12.160867,12.147,12.176,-4.733333,-6,-4,37.7,22,47,7.097,7.097,7.097,0,0,0,5844,5873,0,0,0,0,0
2020-09-26T10:00:00Z,31,2.566839,1.174,5.831,12.142935,12.133,12.152,-5.096774,-6,-4,37.709677,30,47,7.097,7.097,7.097,0,0,0,5874,5904,0,0,0,0,0
2020-09-26T11:00:00Z,30,1.170467,1.151,1.198,12.133033,12.124,12.138,-4.6,-6,-4,38.266667,30,47,7.097,7.097,7.097,0,0,0,5905,5934,0,0,0,0,0
2020-09-26T12:00:00Z,30,1.204333,1.186,1.233,12.1205,12.11,12.128,-5.7,-7,-4,34.766667,22,47,7.097,7.097,7.097,0,0,0,5935,5964,0,0,0,0,0
2020-09-26T13:00:00Z,30,1.251667,1.209,1.279,12.105667,12.091,12.114,-6.7,-7,-6,29.833333,14,39,7.097,7.097,7.097,0,0,0,5965,5994,0,0,0,0,0
2020-09-26T14:00:00Z,30,1.2018,0.18,1.338,12.108,12.076,12.233,-5.033333,-11,35,33.566667,22,80,7.097,7.097,7.097,0,0,0,5995,6024,0,0,0,0,0
2020-09-26T15:00:00Z,30,1.168533,0,1.373,12.1114,12.076,12.337,1.866667,-7,142,47.566667,14,279,7.097,7.097,7.097,0,0,0,6025,6054,0,0,0,0,0
2020-09-26T16:00:00Z,30,1.389633,1.361,1.408,12.071567,12.067,12.081,-6.133333,-7,-5,37.333333,22,47,7.097,7.097,7.097,0,0,0,6055,6084,0,0,0,0,0
2020-09-26T17:00:00Z,30,1.4057,1.385,1.432,12.063933,12.058,12.067,-5.766667,-6,-5,41.9,30,47,7.097,7.097,7.097,0,0,0,6085,6114,0,0,0,0,0
2020-09-26T18:00:00Z,30,1.417967,1.396,1.443,12.060933,12.053,12.067,-5.066667,-6,-4,45.133333,39,55,7.097,7.097,7.097,0,0,0,6115,6144,0,0,0,0,0
2020-09-26T19:00:00Z,30,1.426633,1.408,1.455,12.0561,12.043,12.062,-4.533333,-6,-4,48.866667,39,55,7.097,7.097,7.097,0,0,0,6145,6174,0,0,0,0,0
2020-09-26T20:00:00Z,30,1.439867,1.42,1.455,12.051,12.043,12.058,-4.166667,-5,-3,53.233333,47,64,7.097,7.097,7.097,0,0,0,6175,6204,0,0,0,0,0
2020-09-26T21:00:00Z,30,1.449833,1.432,1.467,12.0473,12.039,12.053,-3.866667,-4,-3,58.666667,47,72,7.097,7.097,7.097,0,0,0,6205,6234,0,0,0,0,0
2020-09-26T22:00:00Z,30,2.030933,1.455,4.789,12.043733,12.039,12.053,-3.266667,-4,-3,62.933333,47,72,7.097,7.097,7.097,0,0,0,6235,6264,0,0,0,0,0
2020-09-26T23:00:00Z,30,5.418167,3.128,13.904,12.0407,12.029,12.048,-3.1,-4,-3,66.866667,55,72,7.097,7.097,7.097,0,0,0,6265,6294,0,0,0,0,0
2020-09-27T00:00:00Z,30,13.410433,6.755,16.057,12.1202,12.034,12.233,22.3,-3,54,91.9,64,130,7.097,7.097,7.097,0,0,0,6295,6324,0,0,0,0,0
2020-09-27T01:00:00Z,30,13.644033,13.541,13.763,12.2578,12.152,12.351,54.533333,20,85,123.166667,88,155,7.097,7.097,7.097,0,0,0,6325,6354,0,0,0,0,0
2020-09-27T02:00:00Z,30,13.7965,13.494,17.718,12.2409,12.152,12.412,42.466667,-2,102,111.866667,88,171,7.097,7.097,7.097,0,0,0,6355,6384,0,0,0,0,0
2020-09-27T03:00:00Z,30,15.274167,13.342,21.579,12.3182,12.185,12.497,52.62069,-5,138,117.3,47,196,7.097,7.097,7.097,0,0,0,6385,6414,0,0,0,0,0
2020-09-27T04:00:00Z,30,13.4314,13.202,13.553,12.439767,12.356,12.592,86.6,53,135,134.4,105,171,7.097,7.097,7.097,0,0,0,6415,6444,0,0,0,0,0
2020-09-27T05:00:00Z,30,8.653567,2.274,15.6,12.325967,12.152,12.677,50.821429,-6,186,102.666667,30,288,7.097,7.097,7.097,0,0,0,6445,6474,0,0,0,0,0
2020-09-27T06:00:00Z,20,7.78455,2.578,14.992,12.18245,12.138,12.233,6.05,-6,30,48.65,30,64,7.097,7.097,7.097,0,0,0,6475,6504,0,0,0,0,0
2020-09-27T07:00:00Z,31,13.603323,8.99,14.582,12.182935,12.124,12.294,17.433333,-8,58,41.806452,5,97,7.097,7.097,7.097,0,0,0,6505,6535,0,0,0,0,0
2020-09-27T08:00:00Z,30,11.893,3.631,20.971,12.1462,12.105,12.294,3.1,-8,61,36.333333,5,105,7.097,7.097,7.097,0,0,0,6536,6565,0,0,0,0,0
2020-09-27T09:00:00Z,30,3.607367,1.549,8.732,12.306833,12.128,12.559,58.533333,-8,200,96.966667,30,271,7.097,7.097,7.097,0,0,0,6566,6595,0,0,0,0,0
2020-09-27T10:00:00Z,30,1.260567,0,4.24,12.5639,11.987,13.548,128.766667,-121,508,154.2,-193,503,7.097,7.097,7.097,0.133333,0,1,6596,6625,0,0,1,0,0
2020-09-27T11:00:00Z,30,0.505167,0,1.069,12.3286,12.176,12.654,38.733333,-8,200,90.733333,39,238,7.097,7.097,7.097,0,0,0,6626,6655,0,0,0,0,0
2020-09-27T12:00:00Z,30,0.962467,0,1.186,12.180067,12.138,12.469,9.033333,-5,150,56.7,30,196,7.097,7.097,7.097,0,0,0,6656,6685,0,0,0,0,0
2020-09-27T13:00:00Z,30,1.0987,0,1.233,12.142733,12.119,12.322,-1.666667,-7,68,37.233333,22,80,7.097,7.097,7.097,0,0,0,6686,6715,0,0,0,0,0
2020-09-27T14:00:00Z,30,1.242467,1.221,1.279,12.114533,12.105,12.124,-5.833333,-7,-5,39.3,30,55,7.097,7.097,7.097,0,0,0,6716,6745,0,0,0,0,0
2020-09-27T15:00:00Z,30,1.295033,1.256,1.35,12.100767,12.091,12.11,-5.333333,-6,-4,44.3,30,55,7.097,7.097,7.097,0,0,0,6746,6775,0,0,0,0,0
2020-09-27T16:00:00Z,30,1.3614,1.315,1.396,12.082167,12.067,12.095,-4.566667,-6,-4,49.133333,39,55,7.097,7.097,7.097,0,0,0,6776,6805,0,0,0,0,0
2020-09-27T17:00:00Z,30,1.4187,1.396,1.455,12.0597,12.048,12.076,-4.4,-6,-4,50.2,39,55,7.097,7.097,7.097,0,0,0,6806,6835,0,0,0,0,0
2020-09-27T18:00:00Z,28,1.448321,1.432,1.467,12.046714,12.039,12.058,-3.928571,-5,-3,52.857143,47,64,7.097,7.097,7.097,0,0,0,6836,6865,0,0,0,0,0
2020-09-27T19:00:00Z,30,1.467833,1.455,1.49,12.0384,12.029,12.043,-3.7,-6,-3,60.933333,47,72,7.097,7.097,7.097,0,0,0,6866,6895,0,0,0,0,0
2020-09-27T20:00:00Z,30,1.480933,1.467,1.502,12.032833,12.024,12.039,-3.366667,-4,-3,62.733333,47,72,7.097,7.097,7.097,0,0,0,6896,6925,0,0,0,0,0
2020-09-27T21:00:00Z,30,1.498333,1.478,1.513,12.0285,12.024,12.034,-3.133333,-4,-3,67.966667,55,80,7.097,7.097,7.097,0,0,0,6926,6955,0,0,0,0,0
2020-09-27T22:00:00Z,31,2.932065,1.49,12.898,12.023935,12.015,12.029,-3.064516,-4,-3,68.83871,55,80,7.097,7.097,7.097,0,0,0,6956,6986,0,0,0,0,0
2020-09-27T23:00:00Z,30,4.064,3.233,14.255,12.017733,12.01,12.024,-2.966667,-4,-2,69.833333,55,80,7.097,7.097,7.097,0,0,0,6987,7016,0,0,0,0,0
2020-09-28T00:00:00Z,27,11.653,4.532,15.074,12.117407,12.01,12.54,29.666667,-4,201,101.111111,64,255,7.097,7.097,7.097,0,0,0,7017,7044,0,0,0,0,0
2020-09-28T01:00:00Z,3,13.849,13.798,13.88,12.086,12.058,12.128,6,-3,23,80.333333,64,97,7.097,7.097,7.097,0,0,0,7048,7050,0,0,0,0,0
2020-09-28T02:00:00Z,1,13.763,13.763,13.763,12.157,12.157,12.157,6,6,6,72,72,72,7.097,7.097,7.097,0,0,0,7091,7091,0,0,0,0,0
2020-09-28T04:00:00Z,7,13.372286,12.851,13.775,12.495286,12.166,12.933,104.571429,-48,298,38,-176,329,7.097,7.097,7.097,0.428571,0,1,7147,7154,0,0,0,0,0
2020-09-28T05:00:00Z,7,13.402143,12.745,13.927,12.449714,12.039,12.999,80.285714,-108,281,10.714286,-234,346,7.097,7.097,7.097,0.571429,0,1,7155,7180,0,0,0,0,0
2020-09-28T06:00:00Z,2,13.4185,13.354,13.483,12.4505,12.408,12.493,80.5,54,107,113.5,80,147,7.097,7.097,7.097,0,0,0,7182,7203,0,0,0,0,0
2020-09-28T07:00:00Z,3,12.850667,12.593,13.202,12.898,12.535,13.117,247.666667,75,359,199,30,470,7.097,7.097,7.097,0.666667,0,1,7220,7235,0,0,0,0,0
2020-09-28T08:00:00Z,21,13.402429,12.816,13.834,12.458714,12.114,12.928,78.714286,-57,266,90.904762,-234,313,7.097,7.097,7.097,0.095238,0,1,7245,7265,0,0,0,0,0
2020-09-28T09:00:00Z,30,5.548033,2.309,13.67,12.352733,12.199,12.644,36.428571,-4,156,78.8,22,230,7.097,7.097,7.097,0,0,0,7266,7295,0,0,0,0,0
2020-09-28T10:00:00Z,30,3.626933,1.116,10.218,12.3002,12.166,12.791,28,-8,249,79.666667,39,313,7.097,7.097,7.097,0,0,0,7296,7325,0,0,0,0,0
2020-09-28T11:00:00Z,30,1.1258,1.092,1.151,12.1547,12.143,12.171,-4.033333,-5,-3,45.066667,30,55,7.097,7.097,7.097,0,0,0,7326,7355,0,0,0,0,0
2020-09-28T12:00:00Z,30,1.169033,1.139,1.198,12.137467,12.128,12.147,-3.7,-4,-3,48.3,30,55,7.097,7.097,7.097,0,0,0,7356,7385,0,0,0,0,0
2020-09-28T13:00:00Z,30,1.195367,1.174,1.221,12.1263,12.114,12.133,-5.2,-6,-3,42.866667,30,55,7.097,7.097,7.097,0,0,0,7386,7415,0,0,0,0,0
2020-09-28T14:00:00Z,30,1.215167,1.198,1.233,12.117867,12.11,12.128,-5.466667,-6,-5,41.566667,30,47,7.097,7.097,7.097,0,0,0,7416,7445,0,0,0,0,0
2020-09-28T15:00:00Z,30,1.234267,1.209,1.268,12.1138,12.105,12.119,-4.766667,-6,-4,46.466667,39,55,7.097,7.097,7.097,0,0,0,7446,7475,0,0,0,0,0
2020-09-28T16:00:00Z,30,1.183767,0,1.291,12.118133,12.1,12.337,0.166667,-5,96,53.233333,47,105,7.097,7.097,7.097,0,0,0,7476,7505,0,0,0,0,0
2020-09-28T17:00:00Z,30,1.267633,1.244,1.291,12.102367,12.091,12.11,-4,-5,-3,54.133333,47,72,7.097,7.097,7.097,0,0,0,7506,7535,0,0,0,0,0
2020-09-28T18:00:00Z,30,1.291933,1.256,1.315,12.094933,12.086,12.1,-3.7,-4,-3,57.766667,47,64,7.097,7.097,7.097,0,0,0,7536,7565,0,0,0,0,0
2020-09-28T19:00:00Z,30,1.323633,1.291,1.35,12.088767,12.076,12.095,-3.333333,-4,-3,63.433333,47,80,7.097,7.097,7.097,0,0,0,7566,7595,0,0,0,0,0
2020-09-28T20:00:00Z,30,1.344967,1.315,1.373,12.079533,12.067,12.091,-2.966667,-3,-2,68.8,64,80,7.097,7.097,7.097,0,0,0,7596,7625,0,0,0,0,0
2020-09-28T21:00:00Z,30,1.385467,1.35,1.42,12.067433,12.053,12.076,-2.866667,-3,-2,70.133333,64,80,7.097,7.097,7.097,0,0,0,7626,7655,0,0,0,0,0
2020-09-28T22:00:00Z,7,1.401143,1.396,1.408,12.059714,12.058,12.062,-3,-3,-3,68.571429,64,72,7.097,7.097,7.097,0,0,0,7656,7662,0,0,0,0,0
2020-10-01T10:00:00Z,1,0.123,0.123,0.123,0.456,0.456,0.456,789,789,789,,,,,,,,,,,,0,1,1,0,0
2020-10-27T13:00:00Z,24,2.130917,2.11,2.145,12.05775,12.053,12.062,15.958333,15,18,58.791667,39,97,6.813792,0.3,7.097,0,0,0,1,25,0,0,0,0,0
2020-10-27T14:00:00Z,28,2.125,2.11,2.134,12.060107,12.053,12.067,14.964286,14,16,44.928571,30,64,7.097,7.097,7.097,0,0,0,26,54,0,0,0,0,0
2020-10-27T23:00:00Z,9,2.127333,2.122,2.134,12.058222,12.048,12.062,14.888889,14,15,41.555556,30,55,7.097,7.097,7.097,0,0,0,289,297,0,0,0,0,0
2020-10-28T00:00:00Z,25,2.13648,2.11,2.157,12.0552,12.048,12.062,16.8,15,19,69.48,39,97,7.097,7.097,7.097,0,0,0,298,322,0,0,0,0,0
2020-10-28T02:00:00Z,7,2.128857,2.122,2.134,12.060286,12.058,12.062,15,14,16,45.857143,39,55,7.097,7.097,7.097,0,0,0,371,377,0,0,0,0,0
2020-10-28T03:00:00Z,9,2.123333,2.122,2.134,12.060667,12.058,12.062,15,15,15,46.111111,39,55,7.097,7.097,7.097,0,0,0,378,386,0,0,0,0,0
2020-10-28T09:00:00Z,26,2.120115,2.11,2.145,12.061885,12.053,12.067,14.692308,14,15,36.769231,30,47,7.097,7.097,7.097,0,0,0,531,556,0,0,0,0,0
2020-10-28T10:00:00Z,29,2.121586,2.11,2.134,12.060069,12.053,12.067,14.482759,14,15,37,22,55,7.097,7.097,7.097,0,0,0,557,586,0,0,0,0,0
2020-10-28T11:00:00Z,30,2.130667,2.11,2.157,12.056433,12.043,12.067,15.466667,14,17,51.166667,30,72,7.097,7.097,7.097,0,0,0,587,616,0,0,0,0,0
2020-10-28T12:00:00Z,30,2.125567,2.11,2.145,12.058267,12.053,12.062,16.566667,15,18,67.1,47,88,7.097,7.097,7.097,0,0,0,617,646,0,0,0,0,0
2020-10-28T13:00:00Z,28,2.123286,2.11,2.134,12.060107,12.053,12.067,15.928571,15,17,56.857143,30,72,7.097,7.097,7.097,0,0,0,647,675,0,0,0,0,0
2020-10-28T14:00:00Z,30,2.127567,2.11,2.145,12.0589,12.053,12.067,15.033333,14,16,43.7,30,64,7.097,7.097,7.097,0,0,0,676,705,0,0,0,0,0
2020-10-28T15:00:00Z,30,2.121567,2.11,2.145,12.062067,12.053,12.067,15.5,14,17,52.333333,30,72,7.097,7.097,7.097,0,0,0,706,735,0,0,0,0,0
2020-10-28T16:00:00Z,30,2.1236,2.11,2.134,12.061,12.053,12.067,14.533333,14,15,37.433333,14,47,7.097,7.097,7.097,0,0,0,736,765,0,0,0,0,0
2020-10-28T17:00:00Z,30,2.1224,2.11,2.134,12.061633,12.053,12.067,14.866667,14,16,43.4,22,55,7.097,7.097,7.097,0,0,0,766,795,0,0,0,0,0
2020-10-28T18:00:00Z,8,2.1205,2.11,2.122,12.06,12.058,12.062,14.5,14,15,35.625,30,39,7.097,7.097,7.097,0,0,0,796,803,0,0,0,0,0
2020-10-29T12:00:00Z,18,2.119333,2.11,2.134,12.062222,12.058,12.067,15.555556,15,17,56.833333,39,72,6.719389,0.3,7.097,0,0,0,1,18,0,0,0,0,0
2020-10-29T13:00:00Z,30,2.1196,2.11,2.134,12.061567,12.053,12.067,14.933333,14,16,43.4,30,55,7.097,7.097,7.097,0,0,0,19,48,0,0,0,0,0
2020-10-29T14:00:00Z,30,2.1224,2.11,2.134,12.0627,12.058,12.067,15.633333,14,17,51.733333,30,64,7.097,7.097,7.097,0,0,0,49,78,0,0,0,0,0
2020-10-29T15:00:00Z,28,2.124143,2.11,2.134,12.06,12.053,12.067,14.428571,14,15,36.321429,14,47,7.097,7.097,7.097,0,0,0,79,108,0,0,0,0,0
2020-10-29T16:00:00Z,30,2.120767,2.11,2.145,12.0622,12.058,12.072,14.533333,14,15,37.6,22,47,7.097,7.097,7.097,0,0,0,109,138,0,0,0,0,0
2020-10-29T17:00:00Z,28,2.120286,2.11,2.134,12.06175,12.053,12.067,14.75,14,15,39.035714,22,55,7.097,7.097,7.097,0,0,0,139,167,0,0,0,0,0
2020-10-29T18:00:00Z,30,2.1204,2.11,2.134,12.062467,12.058,12.067,14.933333,14,15,42.133333,22,47,7.097,7.097,7.097,0,0,0,168,197,0,0,0,0,0
2020-10-29T19:00:00Z,30,2.1224,2.11,2.134,12.061867,12.058,12.067,14.9,14,16,42.7,30,55,7.097,7.097,7.097,0,0,0,198,227,0,0,0,0,0
2020-10-29T20:00:00Z,30,2.12,2.11,2.134,12.062633,12.053,12.067,14.9,14,16,42.966667,30,55,7.097,7.097,7.097,0,0,0,228,257,0,0,0,0,0
2020-10-29T21:00:00Z,30,2.1204,2.11,2.134,12.061033,12.053,12.067,15,14,16,40.333333,30,55,7.097,7.097,7.097,0,0,0,258,287,0,0,0,0,0
2020-10-29T22:00:00Z,30,2.1196,2.11,2.134,12.061867,12.053,12.067,15,14,16,47,30,64,7.097,7.097,7.097,0,0,0,288,317,0,0,0,0,0
2020-10-29T23:00:00Z,30,2.1224,2.11,2.134,12.062067,12.058,12.067,15.033333,15,16,43.266667,39,55,7.097,7.097,7.097,0,0,0,318,347,0,0,0,0,0
2020-10-30T00:00:00Z,30,2.193333,2.11,2.566,12.027167,11.849,12.067,17.166667,15,20,77.1,30,122,7.097,7.097,7.097,0,0,0,348,377,0,0,0,0,0
2020-10-30T01:00:00Z,30,2.2122,2.192,2.239,12.020033,12.01,12.029,17.533333,16,19,85.1,64,122,7.097,7.097,7.097,0,0,0,378,407,0,0,0,0,0
2020-10-30T02:00:00Z,29,2.212448,2.192,2.227,12.019172,12.01,12.029,16.517241,16,17,64.172414,47,88,7.097,7.097,7.097,0,0,0,408,437,0,0,0,0,0
2020-10-30T03:00:00Z,29,2.210103,2.18,2.555,12.01969,11.859,12.034,15.310345,15,16,49.793103,30,72,7.097,7.097,7.097,0,0,0,438,466,0,0,0,0,0
2020-10-30T04:00:00Z,30,2.176833,2.169,2.192,12.033833,12.024,12.039,15.466667,15,16,46.966667,30,55,7.097,7.097,7.097,0,0,0,467,496,0,0,0,0,0
2020-10-30T05:00:00Z,23,2.179261,2.122,2.227,12.033826,12.015,12.058,15.217391,15,16,48.086957,39,64,6.801478,0.3,7.097,0,0,0,1,519,0,0,0,0,0
2020-10-30T09:00:00Z,1,0,0,0,12.956,12.956,12.956,-11,-11,-11,39,39,39,7.097,7.097,7.097,1,1,1,2,2,0,0,0,0,0
2020-10-30T10:00:00Z,3,0.815333,0.683,1.045,12.412,12.412,12.412,-213.666667,-215,-213,-337,-359,-326,7.097,7.097,7.097,1,1,1,33,39,0,0,0,0,0
2020-10-30T11:00:00Z,1,0.484,0.484,0.484,12.819,12.819,12.819,9,9,9,64,64,64,0.3,0.3,0.3,1,1,1,1,1,0,0,0,0,0
2020-10-31T02:00:00Z,4,0.156,0,0.624,13.155,12.748,13.373,42.25,6,60,94.5,72,113,5.39775,0.3,7.097,0.75,0,1,1,4,0,0,0,0,0
2020-10-31T03:00:00Z,30,0,0,0,13.294967,13.207,13.467,30.466667,16,69,66.666667,47,113,7.097,7.097,7.097,1,1,1,5,34,0,0,0,0,0
2020-10-31T04:00:00Z,29,0,0,0,13.383759,13.259,13.496,40.862069,18,60,79,55,105,7.097,7.097,7.097,1,1,1,35,63,0,0,0,0,0
2020-10-31T05:00:00Z,30,0,0,0,13.406833,13.33,13.543,41.566667,24,68,76.866667,47,113,7.097,7.097,7.097,1,1,1,64,93,0,0,0,0,0
2020-10-31T06:00:00Z,29,0,0,0,13.397552,13.311,13.491,38.551724,21,61,72.103448,47,97,7.097,7.097,7.097,1,1,1,94,123,0,0,0,0,0
2020-10-31T07:00:00Z,30,0,0,0,13.2799,13.141,13.415,20.8,2,43,52.866667,30,80,7.097,7.097,7.097,1,1,1,124,153,0,0,0,0,0
2020-10-31T08:00:00Z,30,0,0,0,13.186267,13.103,13.264,14.5,1,30,48.266667,30,72,7.097,7.097,7.097,1,1,1,154,183,0,0,0,0,0
2020-10-31T09:00:00Z,30,0.118867,0,1.572,12.988967,12.318,13.146,-20.866667,-307,11,0.566667,-500,47,7.097,7.097,7.097,1,1,1,184,213,0,0,0,0,0
2020-10-31T10:00:00Z,30,1.291933,0.975,2.297,12.238733,12.204,12.308,-286.9,-297,-284,-352.066667,-384,-334,7.097,7.097,7.097,1,1,1,214,243,0,0,0,0,0
2020-10-31T11:00:00Z,30,0.616367,0,1.045,12.4647,12.19,12.871,-202.8,-284,0,-162.466667,-350,122,7.097,7.097,7.097,0.6,0,1,244,273,0,0,0,0,0
2020-10-31T12:00:00Z,30,0.546533,0,1.127,12.499433,12.147,12.848,-195.545455,-288,-2,-142.333333,-367,97,7.097,7.097,7.097,0.5,0,1,274,303,0,0,0,0,0
2020-10-31T13:00:00Z,29,0.510207,0,1.174,12.510483,12.133,12.819,-144.5,-288,-2,-123.413793,-375,88,7.097,7.097,7.097,0.413793,0,1,304,332,0,0,0,0,0
2020-10-31T14:00:00Z,29,0.160345,0,1.174,12.707069,12.133,12.805,-115.5,-286,-2,20.827586,-367,88,7.097,7.097,7.097,0.137931,0,1,333,362,0,0,0,0,0
2020-10-31T15:00:00Z,30,0,0,0,12.793067,12.786,12.8,-2,-2,-2,82.133333,72,88,7.097,7.097,7.097,0,0,0,363,392,0,0,0,0,0
2020-10-31T16:00:00Z,28,0,0,0,12.789214,12.781,12.796,0,0,0,88.5,80,105,7.097,7.097,7.097,0,0,0,393,422,0,0,0,0,0
2020-10-31T17:00:00Z,30,0,0,0,12.7854,12.777,12.796,-0.666667,-2,0,85.966667,80,97,7.097,7.097,7.097,0,0,0,423,452,0,0,0,0,0
2020-10-31T18:00:00Z,30,0,0,0,12.7829,12.777,12.791,-0.333333,-2,0,91.066667,80,97,7.097,7.097,7.097,0,0,0,453,482,0,0,0,0,0
2020-10-31T19:00:00Z,29,0,0,0,12.777621,12.767,12.781,0,0,0,87.275862,72,97,7.097,7.097,7.097,0,0,0,483,512,0,0,0,0,0
2020-10-31T20:00:00Z,27,0,0,0,12.77163,12.762,12.777,-0.5,-2,0,86.703704,80,97,7.097,7.097,7.097,0,0,0,513,541,0,0,0,0,0
2020-10-31T21:00:00Z,29,0,0,0,12.767,12.762,12.772,-0.285714,-2,0,87.103448,72,97,7.097,7.097,7.097,0,0,0,542,571,0,0,0,0,0
2020-10-31T22:00:00Z,30,0.6098,0,5.328,12.764933,12.758,12.772,0,0,0,92.266667,80,97,7.097,7.097,7.097,0,0,0,572,601,0,0,0,0,0
2020-10-31T23:00:00Z,30,3.014233,1.432,13.178,12.751067,12.606,12.767,-11.6,-58,0,84.633333,30,97,7.097,7.097,7.097,0,0,0,602,631,0,0,0,0,0
2020-11-01T00:00:00Z,30,12.213833,2.578,13.822,12.720067,12.128,12.814,-15.758621,-269,13,59.833333,-350,97,7.097,7.097,7.097,0.033333,0,1,632,661,0,0,0,0,0
2020-11-01T01:00:00Z,29,13.38369,12.921,14.465,12.512379,12.11,12.848,-106.793103,-277,29,-110.655172,-367,105,7.097,7.097,7.097,0.448276,0,1,662,691,0,0,0,0,0
2020-11-01T02:00:00Z,30,13.345633,12.862,14.477,12.5367,12.095,12.885,-90.7,-279,48,-82.4,-375,122,7.097,7.097,7.097,0.4,0,1,692,721,0,0,0,0,0
2020-11-01T03:00:00Z,29,13.26069,12.862,14.5,12.602655,12.095,12.876,-54.793103,-272,49,-6.827586,-342,147,7.097,7.097,7.097,0.310345,0,1,722,750,0,0,0,0,0
2020-11-01T04:00:00Z,30,13.331633,12.921,13.869,12.534,12.1,12.843,-79.333333,-258,42,-62.833333,-342,138,7.097,7.097,7.097,0.366667,0,1,751,780,0,0,0,0,0
2020-11-01T05:00:00Z,30,13.122633,12.944,13.869,12.693067,12.095,12.824,-12.633333,-263,37,34.233333,-359,105,7.097,7.097,7.097,0.1,0,1,781,810,0,0,0,0,0
2020-11-01T06:00:00Z,30,13.205967,12.944,13.845,12.643033,12.11,12.819,-22.266667,-251,39,18.633333,-342,122,7.097,7.097,7.097,0.833333,0,1,811,840,0,0,0,0,0
2020-11-01T07:00:00Z,30,9.617267,2.087,13.178,12.670467,12.611,12.777,-6.3,-24,25,33.833333,5,72,7.097,7.097,7.097,1,1,1,841,870,0,0,0,0,0
2020-11-01T08:00:00Z,30,12.781467,2.426,13.167,12.652367,12.559,12.696,-10.344828,-25,3,24.8,5,47,7.097,7.097,7.097,1,1,1,871,900,0,0,0,0,0
2020-11-01T09:00:00Z,30,3.109667,1.584,13.178,12.640333,12.606,12.649,-12.666667,-24,-11,24.666667,5,39,7.097,7.097,7.097,1,1,1,901,930,0,0,0,0,0
2020-11-01T10:00:00Z,30,1.141767,0.028,6.03,12.638767,12.635,12.644,-11.533333,-12,-11,29.333333,22,39,7.097,7.097,7.097,1,1,1,931,960,0,0,0,0,0
2020-11-01T11:00:00Z,30,0.0442,0.039,0.051,12.6354,12.63,12.644,-11.233333,-12,-11,32.7,22,47,7.097,7.097,7.097,1,1,1,961,990,0,0,0,0,0
2020-11-01T12:00:00Z,30,0.060867,0.039,0.074,12.6305,12.62,12.635,-10.4,-12,-9,45.4,22,72,7.097,7.097,7.097,1,1,1,991,1020,0,0,0,0,0
2020-11-01T13:00:00Z,29,0.066034,0.063,0.074,12.625862,12.62,12.63,-9.551724,-10,-9,55.862069,47,72,7.097,7.097,7.097,1,1,1,1021,1049,0,0,0,0,0
2020-11-01T14:00:00Z,29,0.073,0.063,0.086,12.620724,12.611,12.63,-10.103448,-11,-10,49.206897,39,55,7.097,7.097,7.097,1,1,1,1050,1078,0,0,0,0,0
2020-11-01T15:00:00Z,30,0.0788,0.074,0.098,12.615933,12.611,12.62,-10,-11,-9,49.2,39,64,7.097,7.097,7.097,1,1,1,1080,1109,0,0,0,0,0
2020-11-01T16:00:00Z,30,0.090333,0.074,0.109,12.611133,12.606,12.62,-9.533333,-10,-9,57.833333,47,72,7.097,7.097,7.097,1,1,1,1110,1139,0,0,0,0,0
2020-11-01T17:00:00Z,30,0.104233,0.086,0.121,12.603767,12.597,12.616,-9.233333,-10,-9,56.633333,47,72,7.097,7.097,7.097,1,1,1,1140,1169,0,0,0,0,0
2020-11-01T18:00:00Z,30,0.109167,0.098,0.121,12.601,12.597,12.606,-9.133333,-10,-9,60.566667,39,72,7.097,7.097,7.097,1,1,1,1170,1199,0,0,0,0,0
2020-11-01T19:00:00Z,30,0.136767,0.109,0.168,12.596167,12.587,12.602,-9.233333,-10,-9,60.133333,47,64,7.097,7.097,7.097,1,1,1,1200,1229,0,0,0,0,0
2020-11-01T20:00:00Z,29,0.155483,0.133,0.18,12.592034,12.583,12.602,-9.103448,-10,-9,60.793103,47,72,7.097,7.097,7.097,1,1,1,1230,1259,0,0,0,0,0
2020-11-01T21:00:00Z,29,0.171241,0.156,0.191,12.586207,12.578,12.592,-9.103448,-10,-9,61.724138,47,72,7.097,7.097,7.097,1,1,1,1260,1288,0,0,0,0,0
2020-11-01T22:00:00Z,30,0.696867,0.168,3.374,12.582967,12.578,12.587,-9,-9,-9,64.433333,47,72,7.097,7.097,7.097,1,1,1,1289,1318,0,0,0,0,0
2020-11-01T23:00:00Z,30,5.3385,1.911,13.459,12.5509,12.422,12.583,-18.9,-68,-8,46.2,-10,72,7.097,7.097,7.097,1,1,1,1319,1348,0,0,0,0,0
2020-11-02T00:00:00Z,30,11.3319,3.151,13.225,12.582533,12.573,12.616,-6.633333,-10,3,58.033333,39,80,7.097,7.097,7.097,1,1,1,1349,1378,0,0,0,0,0
2020-11-02T01:00:00Z,28,13.158321,13.085,13.225,12.633536,12.583,12.701,7.777778,-8,25,68.785714,55,88,7.097,7.097,7.097,1,1,1,1379,1408,0,0,0,0,0
2020-11-02T02:00:00Z,30,13.061633,12.956,13.155,12.721067,12.635,12.81,20.866667,-2,40,73.733333,47,105,7.097,7.097,7.097,1,1,1,1409,1438,0,0,0,0,0
2020-11-02T03:00:00Z,30,13.2263,13.073,13.892,12.6129,12.568,12.71,1.592593,-12,27,45.1,30,80,7.097,7.097,7.097,1,1,1,1439,1468,0,0,0,0,0
2020-11-02T04:00:00Z,30,13.110967,12.968,13.869,12.698267,12.602,12.8,19.241379,-2,45,61.633333,30,88,7.097,7.097,7.097,1,1,1,1469,1498,0,0,0,0,0
2020-11-02T05:00:00Z,29,12.93831,12.874,13.015,12.825793,12.758,12.881,33.103448,27,40,71.448276,64,80,7.097,7.097,7.097,1,1,1,1499,1527,0,0,0,0,0
2020-11-02T06:00:00Z,30,12.973633,12.898,13.646,12.8372,12.8,12.857,26.433333,19,32,81.4,55,105,7.097,7.097,7.097,1,1,1,1528,1557,0,0,0,0,0
2020-11-02T07:00:00Z,29,13.076621,12.968,13.717,12.753172,12.673,12.796,12.62069,0,21,55.689655,30,72,7.097,7.097,7.097,1,1,1,1558,1587,0,0,0,0,0
2020-11-02T08:00:00Z,30,12.902233,3.385,13.845,12.5898,12.516,12.668,-12.655172,-24,0,21.666667,5,39,7.097,7.097,7.097,1,1,1,1588,1617,0,0,0,0,0
2020-11-02T09:00:00Z,30,4.7318,1.923,13.295,12.558833,12.531,12.568,-15.133333,-27,-11,24.166667,5,39,7.097,7.097,7.097,1,1,1,1618,1647,0,0,0,0,0
2020-11-02T10:00:00Z,29,1.262897,0.215,4.953,12.564552,12.559,12.568,-10.931034,-12,-10,38.068966,22,55,7.097,7.097,7.097,1,1,1,1648,1677,0,0,0,0,0
2020-11-02T11:00:00Z,30,0.219367,0.203,0.238,12.559833,12.554,12.564,-10.7,-11,-10,43.7,30,55,7.097,7.097,7.097,1,1,1,1678,1707,0,0,0,0,0
2020-11-02T12:00:00Z,30,0.2356,0.226,0.25,12.553733,12.545,12.559,-10.833333,-11,-10,43.5,30,55,7.097,7.097,7.097,1,1,1,1708,1737,0,0,0,0,0
2020-11-02T13:00:00Z,30,0.2428,0.226,0.262,12.550967,12.545,12.559,-9.933333,-11,-9,55.033333,39,72,7.097,7.097,7.097,1,1,1,1738,1767,0,0,0,0,0
2020-11-02T14:00:00Z,29,0.256483,0.238,0.285,12.547828,12.54,12.554,-9.724138,-10,-9,58.758621,47,72,7.097,7.097,7.097,1,1,1,1768,1796,0,0,0,0,0
2020-11-02T15:00:00Z,29,0.282517,0.273,0.297,12.539552,12.526,12.545,-9.103448,-10,-9,63.206897,55,72,7.097,7.097,7.097,1,1,1,1798,1826,0,0,0,0,0
2020-11-02T16:00:00Z,30,0.290967,0.273,0.308,12.5341,12.521,12.54,-9.8,-10,-9,56.1,47,64,7.097,7.097,7.097,1,1,1,1827,1856,0,0,0,0,0
2020-11-02T17:00:00Z,29,0.301172,0.285,0.32,12.528621,12.521,12.535,-9.931034,-10,-9,53.241379,39,64,7.097,7.097,7.097,1,1,1,1857,1886,0,0,0,0,0
2020-11-02T18:00:00Z,30,0.309733,0.297,0.32,12.525167,12.516,12.531,-9.933333,-10,-9,53.233333,39,64,7.097,7.097,7.097,1,1,1,1887,1916,0,0,0,0,0
2020-11-02T19:00:00Z,29,0.314241,0.297,0.343,12.519828,12.512,12.526,-9.965517,-11,-9,51.448276,39,64,7.097,7.097,7.097,1,1,1,1917,1946,0,0,0,0,0
2020-11-02T20:00:00Z,29,0.314621,0.308,0.332,12.515241,12.512,12.526,-9.965517,-10,-9,54.586207,39,64,7.097,7.097,7.097,1,1,1,1947,1975,0,0,0,0,0
2020-11-02T21:00:00Z,30,0.326333,0.308,0.343,12.509933,12.502,12.516,-9.633333,-10,-9,58.366667,47,72,7.097,7.097,7.097,1,1,1,1976,2005,0,0,0,0,0
2020-11-02T22:00:00Z,30,1.094933,0.32,5.761,12.504667,12.497,12.512,-9.7,-10,-9,58.1,47,64,7.097,7.097,7.097,1,1,1,2006,2035,0,0,0,0,0
2020-11-02T23:00:00Z,30,5.062767,2.017,13.529,12.469567,12.351,12.507,-21.233333,-69,-9,40.5,-10,64,7.097,7.097,7.097,1,1,1,2036,2065,0,0,0,0,0
2020-11-03T00:00:00Z,30,10.766633,3.456,13.401,12.506333,12.469,12.559,-7.310345,-17,6,52.1,30,72,7.097,7.097,7.097,1,1,1,2066,2095,0,0,0,0,0
2020-11-03T01:00:00Z,30,13.3336,13.213,13.951,12.535333,12.493,12.587,1.3,-11,15,51.566667,30,72,7.097,7.097,7.097,1,1,1,2096,2125,0,0,0,0,0
2020-11-03T02:00:00Z,30,13.203667,13.096,13.354,12.597933,12.493,12.701,14.766667,-8,44,61.633333,30,97,7.097,7.097,7.097,1,1,1,2126,2155,0,0,0,0,0
2020-11-03T03:00:00Z,29,13.200966,13.12,13.892,12.617759,12.559,12.677,17.689655,-2,32,61.724138,22,80,7.097,7.097,7.097,1,1,1,2156,2185,0,0,0,0,0
2020-11-03T04:00:00Z,29,13.196931,13.132,13.307,12.603103,12.531,12.673,13.448276,-10,33,49.413793,22,72,7.097,7.097,7.097,1,1,1,2186,2215,0,0,0,0,0
2020-11-03T05:00:00Z,28,13.243643,13.132,13.447,12.571679,12.521,12.654,7.518519,-7,30,40.642857,22,72,7.097,7.097,7.097,1,1,1,2216,2244,0,0,0,0,0
2020-11-03T06:00:00Z,30,13.316,13.143,13.939,12.5344,12.483,12.649,1.793103,-11,35,46.366667,22,88,7.097,7.097,7.097,1,1,1,2245,2274,0,0,0,0,0
2020-11-03T07:00:00Z,30,13.348,13.12,13.939,12.517733,12.469,12.668,-4.466667,-16,35,38.866667,14,97,7.097,7.097,7.097,1,1,1,2275,2304,0,0,0,0,0
2020-11-03T08:00:00Z,30,13.3512,13.26,13.74,12.5061,12.474,12.55,-5.793103,-15,5,28.1,14,47,7.097,7.097,7.097,1,1,1,2305,2334,0,0,0,0,0
2020-11-03T09:00:00Z,29,9.210345,2.052,13.459,12.454586,12.422,12.474,-18.965517,-29,-11,17.758621,-2,39,7.097,7.097,7.097,1,1,1,2335,2364,0,0,0,0,0
2020-11-03T10:00:00Z,30,1.4464,0.414,4.637,12.471,12.464,12.479,-11.466667,-12,-11,33.666667,22,39,7.097,7.097,7.097,1,1,1,2365,2394,0,0,0,0,0
2020-11-03T11:00:00Z,30,0.4264,0.414,0.437,12.466767,12.46,12.474,-10.5,-12,-10,46.133333,22,64,7.097,7.097,7.097,1,1,1,2395,2424,0,0,0,0,0
2020-11-03T12:00:00Z,30,0.4342,0.425,0.449,12.462933,12.455,12.469,-9.933333,-11,-9,56.366667,47,64,7.097,7.097,7.097,1,1,1,2425,2454,0,0,0,0,0
2020-11-03T13:00:00Z,29,0.441931,0.425,0.46,12.45631,12.45,12.464,-10.275862,-11,-9,49.586207,39,64,7.097,7.097,7.097,1,1,1,2455,2483,0,0,0,0,0
2020-11-03T14:00:00Z,30,0.440967,0.437,0.46,12.451867,12.441,12.46,-10.833333,-11,-10,44.566667,30,55,7.097,7.097,7.097,1,1,1,2484,2513,0,0,0,0,0
2020-11-03T15:00:00Z,30,0.444167,0.437,0.46,12.449033,12.441,12.455,-10.5,-11,-10,48.866667,39,55,7.097,7.097,7.097,1,1,1,2514,2543,0,0,0,0,0
2020-11-03T16:00:00Z,30,0.4669,0.437,0.484,12.4445,12.436,12.45,-10.133333,-11,-9,52.833333,39,64,7.097,7.097,7.097,1,1,1,2544,2573,0,0,0,0,0
2020-11-03T17:00:00Z,30,0.4728,0.46,0.484,12.438767,12.431,12.445,-10.7,-11,-10,47.266667,39,55,7.097,7.097,7.097,1,1,1,2574,2603,0,0,0,0,0
2020-11-03T18:00:00Z,30,0.4812,0.472,0.496,12.433767,12.427,12.436,-10.6,-11,-10,46.2,39,55,7.097,7.097,7.097,1,1,1,2604,2633,0,0,0,0,0
2020-11-03T19:00:00Z,30,0.4907,0.472,0.507,12.430033,12.422,12.436,-10.333333,-11,-10,47.766667,30,55,7.097,7.097,7.097,1,1,1,2634,2663,0,0,0,0,0
2020-11-03T20:00:00Z,29,0.500517,0.484,0.507,12.426552,12.422,12.431,-10.206897,-11,-10,50.310345,39,55,7.097,7.097,7.097,1,1,1,2664,2693,0,0,0,0,0
2020-11-03T21:00:00Z,30,0.505333,0.484,0.531,12.4241,12.417,12.431,-9.866667,-10,-9,55.533333,47,72,7.097,7.097,7.097,1,1,1,2694,2723,0,0,0,0,0
2020-11-03T22:00:00Z,30,1.351967,0.507,8.065,12.419167,12.412,12.427,-9.966667,-11,-9,54.366667,39,64,7.097,7.097,7.097,1,1,1,2724,2753,0,0,0,0,0
2020-11-03T23:00:00Z,29,5.10331,1.993,13.623,12.395448,12.275,12.417,-16.068966,-69,-9,43.034483,-10,55,7.097,7.097,7.097,1,1,1,2754,2782,0,0,0,0,0
2020-11-04T00:00:00Z,30,7.939833,2.531,13.506,12.411933,12.389,12.445,-9.866667,-18,3,51.166667,39,64,7.097,7.097,7.097,1,1,1,2783,2812,0,0,0,0,0
2020-11-04T01:00:00Z,30,13.3336,9.2,13.506,12.4152,12.393,12.455,-7.8,-15,9,41.533333,22,55,7.097,7.097,7.097,1,1,1,2813,2842,0,0,0,0,0
2020-11-04T02:00:00Z,30,13.3246,13.167,14.032,12.5296,12.483,12.616,20.4,3,49,83.9,55,105,7.097,7.097,7.097,1,1,1,2843,2872,0,0,0,0,0
2020-11-04T03:00:00Z,30,13.305467,13.132,13.447,12.531367,12.436,12.677,20,-2,57,84.6,47,130,7.097,7.097,7.097,1,1,1,2873,2902,0,0,0,0,0
2020-11-04T04:00:00Z,30,13.383133,13.155,14.079,12.505333,12.398,12.644,7.066667,-18,41,69.033333,39,105,7.097,7.097,7.097,1,1,1,2903,2932,0,0,0,0,0
2020-11-04T05:00:00Z,30,13.353433,13.178,14.068,12.5083,12.417,12.611,18.357143,-6,42,80.966667,47,122,7.097,7.097,7.097,1,1,1,2933,2962,0,0,0,0,0
2020-11-04T06:00:00Z,30,13.260567,13.178,14.009,12.568733,12.483,12.611,21.5,1,32,88.633333,64,105,7.097,7.097,7.097,1,1,1,2963,2992,0,0,0,0,0
2020-11-04T07:00:00Z,30,13.467567,13.307,14.079,12.4331,12.417,12.521,-1.92,-9,15,60.266667,47,88,7.097,7.097,7.097,1,1,1,2993,3022,0,0,0,0,0
2020-11-04T08:00:00Z,30,12.0696,2.566,13.541,12.380167,12.351,12.417,-15.066667,-26,0,42.6,22,64,7.097,7.097,7.097,1,1,1,3023,3052,0,0,0,0,0
2020-11-04T09:00:00Z,30,2.425233,2.251,2.578,12.394133,12.389,12.403,-9.266667,-11,-8,65.266667,39,80,7.097,7.097,7.097,1,1,1,3053,3082,0,0,0,0,0
2020-11-04T10:00:00Z,28,1.747893,0.601,5.257,12.390036,12.379,12.398,-9.035714,-10,-8,69.071429,55,80,7.097,7.097,7.097,1,1,1,3083,3111,0,0,0,0,0
2020-11-04T11:00:00Z,30,0.623767,0.613,0.636,12.382333,12.374,12.389,-10.166667,-11,-10,53.3,39,64,7.097,7.097,7.097,1,1,1,3112,3141,0,0,0,0,0
2020-11-04T12:00:00Z,30,0.623067,0.613,0.636,12.379033,12.37,12.384,-9.866667,-11,-9,57.566667,39,72,7.097,7.097,7.097,1,1,1,3142,3171,0,0,0,0,0
2020-11-04T13:00:00Z,29,0.629414,0.613,0.648,12.373207,12.365,12.379,-10.37931,-11,-10,51.758621,39,64,7.097,7.097,7.097,1,1,1,3172,3201,0,0,0,0,0
2020-11-04T14:00:00Z,30,0.632433,0.613,0.648,12.367967,12.36,12.374,-10.566667,-12,-10,48.066667,30,64,7.097,7.097,7.097,1,1,1,3202,3231,0,0,0,0,0
2020-11-04T15:00:00Z,30,0.644633,0.624,0.659,12.364367,12.356,12.374,-10.333333,-11,-10,51.133333,39,64,7.097,7.097,7.097,1,1,1,3232,3261,0,0,0,0,0
2020-11-04T16:00:00Z,28,0.648679,0.636,0.659,12.35775,12.351,12.365,-10.107143,-11,-10,52.25,39,64,7.097,7.097,7.097,1,1,1,3262,3290,0,0,0,0,0
2020-11-04T17:00:00Z,30,0.659167,0.648,0.683,12.351833,12.346,12.356,-10.2,-11,-10,52.466667,47,64,7.097,7.097,7.097,1,1,1,3291,3320,0,0,0,0,0
2020-11-04T18:00:00Z,29,0.666862,0.659,0.683,12.347724,12.341,12.356,-10.034483,-11,-10,54.586207,47,64,7.097,7.097,7.097,1,1,1,3321,3350,0,0,0,0,0
2020-11-04T19:00:00Z,30,0.6781,0.659,0.694,12.343667,12.337,12.356,-9.933333,-10,-9,56.1,47,72,7.097,7.097,7.097,1,1,1,3351,3380,0,0,0,0,0
2020-11-04T20:00:00Z,30,0.6893,0.683,0.706,12.338533,12.332,12.341,-9.933333,-10,-9,57.766667,47,64,7.097,7.097,7.097,1,1,1,3381,3410,0,0,0,0,0
2020-11-04T21:00:00Z,30,0.698467,0.683,0.718,12.334567,12.327,12.341,-9.8,-10,-9,61.533333,47,72,7.097,7.097,7.097,1,1,1,3411,3440,0,0,0,0,0
2020-11-04T22:00:00Z,30,1.6639,0.694,7.761,12.329667,12.322,12.337,-9.533333,-10,-9,62.9,55,72,7.097,7.097,7.097,1,1,1,3441,3470,0,0,0,0,0
2020-11-04T23:00:00Z,29,5.075379,2.379,13.728,12.326586,12.185,12.356,-17.684211,-68,-2,72.241379,5,97,7.097,7.097,7.097,0.034483,0,1,3471,3500,0,0,0,0,0
2020-11-05T00:00:00Z,27,8.69363,3.058,13.541,12.352,12.341,12.365,-0.333333,-4,6,83.962963,64,97,7.097,7.097,7.097,0,0,0,3501,3529,0,0,0,0,0
2020-11-05T01:00:00Z,30,13.535233,13.459,14.103,12.373567,12.341,12.422,5.413793,-4,20,78.966667,55,97,7.097,7.097,7.097,0,0,0,3530,3559,0,0,0,0,0
2020-11-05T02:00:00Z,30,13.505633,13.389,14.103,12.432833,12.403,12.474,18.133333,5,28,89.433333,72,105,7.097,7.097,7.097,0,0,0,3560,3589,0,0,0,0,0
2020-11-05T03:00:00Z,30,13.405667,13.295,14.056,12.4895,12.403,12.531,26.8,7,39,94.2,72,113,7.097,7.097,7.097,0,0,0,3590,3619,0,0,0,0,0
2020-11-05T04:00:00Z,30,13.298467,13.178,13.986,12.5573,12.479,12.602,31.833333,14,41,90.266667,72,105,7.097,7.097,7.097,0,0,0,3620,3649,0,0,0,0,0
2020-11-05T05:00:00Z,30,13.253967,13.167,13.33,12.557767,12.512,12.62,23.866667,12,40,78,64,105,7.097,7.097,7.097,0,0,0,3650,3679,0,0,0,0,0
2020-11-05T06:00:00Z,29,13.438034,13.33,14.068,12.469793,12.417,12.516,11,-3,19,59.172414,39,72,7.097,7.097,7.097,0,0,0,3680,3709,0,0,0,0,0
2020-11-05T07:00:00Z,30,13.096,3.608,14.114,12.3654,12.313,12.412,-5.896552,-14,7,37.333333,22,55,7.097,7.097,7.097,0,0,0,3710,3739,0,0,0,0,0
2020-11-05T08:00:00Z,28,13.3655,8.311,14.114,12.353179,12.327,12.398,-4.814815,-14,7,37.714286,22,64,7.097,7.097,7.097,0,0,0,3740,3768,0,0,0,0,0
2020-11-05T09:00:00Z,29,7.762828,2.075,13.588,12.325069,12.294,12.346,-12.413793,-24,-5,34.103448,14,55,7.097,7.097,7.097,0,0,0,3769,3798,0,0,0,0,0
2020-11-05T10:00:00Z,30,3.148767,0.671,13.705,12.3293,12.199,12.346,-9.066667,-63,-3,43.166667,-18,55,7.097,7.097,7.097,0,0,0,3799,3828,0,0,0,0,0
2020-11-05T11:00:00Z,30,0.689333,0.671,0.718,12.3371,12.332,12.341,-4.266667,-5,-3,55.433333,47,72,7.097,7.097,7.097,0,0,0,3829,3858,0,0,0,0,0
2020-11-05T12:00:00Z,30,0.7148,0.694,0.73,12.3325,12.327,12.337,-3.966667,-5,-3,58.966667,47,72,7.097,7.097,7.097,0,0,0,3859,3888,0,0,0,0,0
2020-11-05T13:00:00Z,30,0.719967,0.706,0.741,12.3295,12.322,12.337,-4.166667,-5,-4,56.633333,47,72,7.097,7.097,7.097,0,0,0,3889,3918,0,0,0,0,0
2020-11-05T14:00:00Z,30,0.720767,0.706,0.741,12.3247,12.318,12.327,-4.366667,-5,-4,53.266667,39,64,7.097,7.097,7.097,0,0,0,3919,3948,0,0,0,0,0
2020-11-05T15:00:00Z,30,0.743933,0.73,0.753,12.322667,12.318,12.327,-2,-5,0,84.766667,55,105,7.097,7.097,7.097,0,0,0,3949,3978,0,0,0,0,0
2020-11-05T16:00:00Z,30,0.743133,0.73,0.753,12.316733,12.308,12.322,-2.1,-3,-2,89.366667,80,97,7.097,7.097,7.097,0,0,0,3979,4008,0,0,0,0,0
2020-11-05T17:00:00Z,29,0.74931,0.73,0.765,12.312621,12.308,12.322,-2.103448,-3,-2,79.448276,72,88,7.097,7.097,7.097,0,0,0,4009,4037,0,0,0,0,0
2020-11-05T18:00:00Z,30,0.755733,0.741,0.776,12.308433,12.299,12.318,-2.366667,-3,-2,78.4,72,88,7.097,7.097,7.097,0,0,0,4038,4067,0,0,0,0,0
2020-11-05T19:00:00Z,30,0.763233,0.753,0.776,12.305533,12.299,12.308,-2.366667,-3,-2,75.2,64,80,7.097,7.097,7.097,0,0,0,4068,4097,0,0,0,0,0
2020-11-05T20:00:00Z,30,0.769333,0.753,0.776,12.302333,12.294,12.308,-2.233333,-3,-2,79.2,72,88,7.097,7.097,7.097,0,0,0,4098,4127,0,0,0,0,0
2020-11-05T21:00:00Z,30,0.775733,0.765,0.788,12.298333,12.289,12.304,-2.433333,-3,-2,77.866667,72,88,7.097,7.097,7.097,0,0,0,4128,4157,0,0,0,0,0
2020-11-05T22:00:00Z,30,1.1518,0.776,3.093,12.2947,12.285,12.299,-2.233333,-3,-2,76.266667,64,88,7.097,7.097,7.097,0,0,0,4158,4187,0,0,0,0,0
2020-11-05T23:00:00Z,30,4.812433,2.555,13.763,12.276967,12.147,12.294,-6.433333,-60,-2,70.266667,14,80,7.097,7.097,7.097,0,0,0,4188,4217,0,0,0,0,0
2020-11-06T00:00:00Z,29,3.466655,2.894,3.736,12.285448,12.28,12.289,-2.517241,-3,-2,74.482759,64,80,7.097,7.097,7.097,0,0,0,4218,4247,0,0,0,0,0
2020-11-06T01:00:00Z,30,9.351767,3.409,13.623,12.287733,12.28,12.308,-0.923077,-4,3,81.6,72,88,7.097,7.097,7.097,0,0,0,4248,4277,0,0,0,0,0
2020-11-06T02:00:00Z,30,13.5675,13.506,14.208,12.336133,12.289,12.398,11.733333,1,24,82.2,64,97,7.097,7.097,7.097,0,0,0,4278,4307,0,0,0,0,0
2020-11-06T03:00:00Z,28,13.495964,13.307,14.114,12.430857,12.374,12.521,29.285714,20,44,94.321429,80,105,7.097,7.097,7.097,0,0,0,4308,4336,0,0,0,0,0
2020-11-06T04:00:00Z,30,13.2973,13.225,13.354,12.527833,12.493,12.573,34.4,24,48,96.566667,80,122,7.097,7.097,7.097,0,0,0,4337,4366,0,0,0,0,0
2020-11-06T05:00:00Z,30,13.3149,13.225,13.447,12.5161,12.436,12.564,26.533333,9,38,88.833333,72,105,7.097,7.097,7.097,0,0,0,4367,4396,0,0,0,0,0
2020-11-06T06:00:00Z,30,13.344467,13.284,13.447,12.5,12.464,12.535,25.5,17,32,114.966667,88,138,7.097,7.097,7.097,0,0,0,4397,4426,0,0,0,0,0
2020-11-06T07:00:00Z,28,13.524429,13.412,14.138,12.4025,12.365,12.455,8.035714,1,17,79.25,55,97,7.097,7.097,7.097,0,0,0,4429,4456,0,0,0,0,0
2020-11-06T08:00:00Z,30,13.5773,13.518,14.149,12.324433,12.289,12.36,-2.16,-10,6,58.9,39,80,7.097,7.097,7.097,0,0,0,4457,4486,0,0,0,0,0
2020-11-06T09:00:00Z,30,10.0194,2.368,13.67,12.272067,12.247,12.285,-11.4,-21,-4,43.166667,14,64,7.097,7.097,7.097,0,0,0,4487,4516,0,0,0,0,0
2020-11-06T10:00:00Z,29,1.922897,0.811,6.439,12.282862,12.28,12.289,-3.862069,-5,-3,60.862069,47,72,7.097,7.097,7.097,0,0,0,4517,4545,0,0,0,0,0
2020-11-06T11:00:00Z,29,0.820103,0.811,0.835,12.28,12.27,12.285,-3.068966,-4,-3,69.758621,55,80,7.097,7.097,7.097,0,0,0,4546,4575,0,0,0,0,0
2020-11-06T12:00:00Z,30,0.8266,0.811,0.835,12.274533,12.266,12.28,-2.966667,-4,-2,70.1,55,80,7.097,7.097,7.097,0,0,0,4576,4605,0,0,0,0,0
2020-11-06T13:00:00Z,30,0.8278,0.811,0.835,12.272533,12.266,12.28,-2.466667,-3,-2,76,64,88,7.097,7.097,7.097,0,0,0,4606,4635,0,0,0,0,0
2020-11-06T14:00:00Z,30,0.835767,0.823,0.858,12.268733,12.266,12.275,-2.333333,-3,-2,77.6,64,88,7.097,7.097,7.097,0,0,0,4636,4665,0,0,0,0,0
2020-11-06T15:00:00Z,29,0.842793,0.835,0.858,12.266172,12.261,12.275,-2,-2,-2,81.37931,64,88,7.097,7.097,7.097,0,0,0,4666,4695,0,0,0,0,0
2020-11-06T16:00:00Z,30,0.852167,0.835,0.87,12.263333,12.256,12.266,-2,-2,-2,91.1,80,105,7.097,7.097,7.097,0,0,0,4696,4725,0,0,0,0,0
2020-11-06T17:00:00Z,29,0.869966,0.858,0.893,12.258586,12.251,12.266,-1.333333,-2,0,94.724138,88,105,7.097,7.097,7.097,0,0,0,4726,4754,0,0,0,0,0
2020-11-06T18:00:00Z,30,0.8794,0.87,0.893,12.255033,12.247,12.261,0,0,0,99.6,88,113,7.097,7.097,7.097,0,0,0,4755,4784,0,0,0,0,0
2020-11-06T19:00:00Z,29,0.888552,0.87,0.905,12.253,12.247,12.256,0,0,0,100.482759,88,105,7.097,7.097,7.097,0,0,0,4785,4814,0,0,0,0,0
2020-11-06T20:00:00Z,30,0.8968,0.882,0.917,12.2486,12.242,12.256,-0.25,-2,0,99.9,88,105,7.097,7.097,7.097,0,0,0,4815,4844,0,0,0,0,0
2020-11-06T21:00:00Z,30,0.907367,0.893,0.928,12.242533,12.233,12.247,0,0,0,99.3,88,105,7.097,7.097,7.097,0,0,0,4845,4874,0,0,0,0,0
2020-11-06T22:00:00Z,30,1.566067,0.905,3.491,12.238067,12.233,12.247,0,0,0,99.3,88,105,7.097,7.097,7.097,0,0,0,4875,4904,0,0,0,0,0
2020-11-06T23:00:00Z,27,7.046667,2.683,13.857,12.189148,12.091,12.237,-29.875,-60,-2,72.962963,22,105,7.097,7.097,7.097,0,0,0,4905,4933,0,0,0,0,0
2020-11-07T00:00:00Z,30,4.0441,3.479,8.065,12.227967,12.218,12.237,-2,-2,-2,93.1,80,105,7.097,7.097,7.097,0,0,0,4934,4963,0,0,0,0,0
2020-11-07T01:00:00Z,30,13.694333,13.623,14.255,12.248033,12.228,12.27,3.962963,-2,10,90.533333,72,97,7.097,7.097,7.097,0,0,0,4964,4993,0,0,0,0,0
2020-11-07T02:00:00Z,29,13.645552,13.553,14.255,12.288207,12.261,12.322,15.103448,7,24,98.931034,72,130,7.097,7.097,7.097,0,0,0,4994,5022,0,0,0,0,0
2020-11-07T03:00:00Z,30,13.6549,13.506,14.278,12.304233,12.233,12.398,19.3,0,42,119.8,97,138,7.097,7.097,7.097,0,0,0,5024,5053,0,0,0,0,0
2020-11-07T04:00:00Z,29,13.591448,13.459,14.22,12.323759,12.237,12.427,19.964286,-3,46,95.827586,72,138,7.097,7.097,7.097,0,0,0,5054,5083,0,0,0,0,0
2020-11-07T05:00:00Z,30,13.544867,13.506,13.588,12.340867,12.294,12.393,19.566667,5,32,83.166667,64,105,7.097,7.097,7.097,0,0,0,5084,5113,0,0,0,0,0
2020-11-07T06:00:00Z,30,13.587833,13.459,14.208,12.369,12.28,12.422,23.433333,4,35,81.1,55,105,7.097,7.097,7.097,0,0,0,5114,5143,0,0,0,0,0
2020-11-07T07:00:00Z,29,13.662345,13.213,13.705,12.229759,12.204,12.294,-7.172414,-11,4,39.827586,30,55,7.097,7.097,7.097,0,0,0,5144,5172,0,0,0,0,0
2020-11-07T08:00:00Z,29,13.673759,13.635,13.717,12.23631,12.199,12.266,-0.827586,-12,6,44.034483,30,55,7.097,7.097,7.097,0,0,0,5173,5202,0,0,0,0,0
2020-11-07T09:00:00Z,30,11.5104,2.555,13.763,12.188,12.157,12.214,-13.966667,-25,-6,27.3,14,47,7.097,7.097,7.097,0,0,0,5203,5232,0,0,0,0,0
2020-11-07T10:00:00Z,30,2.2732,0.975,6.802,12.208,12.199,12.214,-5.766667,-6,-5,44,30,55,7.097,7.097,7.097,0,0,0,5233,5262,0,0,0,0,0
2020-11-07T11:00:00Z,30,0.996033,0.987,1.01,12.207,12.199,12.214,-3.821429,-6,-2,64.333333,47,97,7.097,7.097,7.097,0,0,0,5263,5292,0,0,0,0,0
2020-11-07T12:00:00Z,30,1.0091,0.987,1.022,12.1996,12.195,12.204,-2.190476,-3,-2,82.233333,72,97,7.097,7.097,7.097,0,0,0,5293,5322,0,0,0,0,0
2020-11-07T13:00:00Z,30,1.019267,0.999,1.034,12.197567,12.19,12.204,-2.111111,-3,-2,88.033333,64,105,7.097,7.097,7.097,0,0,0,5323,5352,0,0,0,0,0
2020-11-07T14:00:00Z,28,1.027107,1.01,1.045,12.194107,12.185,12.199,-1.6,-3,0,90.428571,64,122,7.097,7.097,7.097,0,0,0,5353,5381,0,0,0,0,0
2020-11-07T15:00:00Z,29,1.040862,1.022,1.057,12.187345,12.181,12.195,-0.235294,-2,0,101.862069,80,122,7.097,7.097,7.097,0,0,0,5382,5411,0,0,0,0,0
2020-11-07T16:00:00Z,30,1.041433,1.022,1.057,12.182533,12.176,12.185,-2.05,-3,-2,86.8,72,97,7.097,7.097,7.097,0,0,0,5412,5441,0,0,0,0,0
2020-11-07T17:00:00Z,30,1.044033,1.022,1.057,12.1808,12.171,12.185,-2.034483,-3,-2,81.9,72,97,7.097,7.097,7.097,0,0,0,5442,5471,0,0,0,0,0
2020-11-07T18:00:00Z,29,1.055345,1.045,1.069,12.17631,12.171,12.185,-2.172414,-3,-2,80.034483,72,97,7.097,7.097,7.097,0,0,0,5472,5501,0,0,0,0,0
2020-11-07T19:00:00Z,30,1.0654,1.057,1.081,12.171167,12.166,12.176,-2.466667,-3,-2,75.2,64,88,7.097,7.097,7.097,0,0,0,5502,5531,0,0,0,0,0
2020-11-07T20:00:00Z,30,1.076433,1.057,1.092,12.1677,12.162,12.171,-2.133333,-3,-2,79.733333,64,88,7.097,7.097,7.097,0,0,0,5532,5561,0,0,0,0,0
2020-11-07T21:00:00Z,30,1.081967,1.069,1.092,12.165467,12.157,12.171,-2.035714,-3,-2,83.5,72,97,7.097,7.097,7.097,0,0,0,5562,5591,0,0,0,0,0
2020-11-07T22:00:00Z,30,1.484733,1.081,3.479,12.160067,12.152,12.166,-2,-2,-2,83.5,72,97,7.097,7.097,7.097,0,0,0,5592,5621,0,0,0,0,0
2020-11-07T23:00:00Z,27,7.135,2.964,13.915,12.143593,12.01,12.162,-7.076923,-61,-2,78.074074,22,88,7.097,7.097,7.097,0,0,0,5622,5650,0,0,0,0,0
2020-11-08T00:00:00Z,30,13.7708,13.74,13.787,12.151267,12.133,12.166,-3.222222,-10,2,74.4,64,80,7.097,7.097,7.097,0,0,0,5651,5680,0,0,0,0,0
2020-11-08T01:00:00Z,29,13.747966,13.646,14.337,12.190138,12.152,12.256,9.153846,0,25,80.689655,64,105,7.097,7.097,7.097,0,0,0,5681,5710,0,0,0,0,0
2020-11-08T02:00:00Z,30,13.593967,13.541,13.705,12.297033,12.223,12.337,28.9,15,41,125,97,147,7.097,7.097,7.097,0,0,0,5711,5740,0,0,0,0,0
2020-11-08T03:00:00Z,30,13.638567,13.541,14.29,12.280033,12.242,12.341,20.966667,8,34,129.4,113,138,7.097,7.097,7.097,0,0,0,5741,5770,0,0,0,0,0
2020-11-08T04:00:00Z,30,13.597967,13.529,13.67,12.298133,12.251,12.36,23.533333,5,41,116.4,80,138,7.097,7.097,7.097,0,0,0,5771,5800,0,0,0,0,0
2020-11-08T05:00:00Z,30,13.640033,13.541,14.266,12.2802,12.204,12.351,19.758621,-2,40,95,72,122,7.097,7.097,7.097,0,0,0,5801,5830,0,0,0,0,0
2020-11-08T06:00:00Z,30,13.4185,8.767,13.787,12.240967,12.147,12.337,13.733333,-10,43,102.2,72,138,7.097,7.097,7.097,0,0,0,5831,5860,0,0,0,0,0
2020-11-08T07:00:00Z,28,13.427786,4.181,13.798,12.154179,12.133,12.223,-4.928571,-12,15,63.964286,47,97,7.097,7.097,7.097,0,0,0,5861,5889,0,0,0,0,0
2020-11-08T08:00:00Z,30,13.716567,11.716,13.834,12.142167,12.11,12.181,-6.068966,-17,5,55,30,72,7.097,7.097,7.097,0,0,0,5890,5919,0,0,0,0,0
2020-11-08T09:00:00Z,30,13.4827,4.181,13.822,12.125967,12.114,12.133,-10,-16,-5,50.3,39,64,7.097,7.097,7.097,0,0,0,5920,5949,0,0,0,0,0
2020-11-08T10:00:00Z,30,3.6019,1.127,13.845,12.133967,12.091,12.143,-5.866667,-22,-3,61.266667,39,72,7.097,7.097,7.097,0,0,0,5950,5979,0,0,0,0,0
2020-11-08T11:00:00Z,30,1.145633,1.127,1.162,12.132833,12.128,12.138,-3.466667,-5,-3,66.033333,55,80,7.097,7.097,7.097,0,0,0,5980,6009,0,0,0,0,0
2020-11-08T12:00:00Z,30,1.1519,1.139,1.162,12.129933,12.124,12.138,-3.133333,-4,-3,67.1,55,80,7.097,7.097,7.097,0,0,0,6010,6039,0,0,0,0,0
2020-11-08T13:00:00Z,30,1.160733,1.151,1.186,12.1267,12.124,12.133,-3.033333,-4,-3,71.733333,64,80,7.097,7.097,7.097,0,0,0,6040,6069,0,0,0,0,0
2020-11-08T14:00:00Z,30,1.183567,1.162,1.209,12.123967,12.119,12.128,-2.588235,-4,0,84.6,55,105,7.097,7.097,7.097,0,0,0,6070,6099,0,0,0,0,0
2020-11-08T15:00:00Z,29,1.191345,1.174,1.209,12.120552,12.114,12.124,-2.066667,-3,-2,87.931034,72,97,7.097,7.097,7.097,0,0,0,6100,6128,0,0,0,0,0
2020-11-08T16:00:00Z,30,1.195567,1.186,1.209,12.117067,12.11,12.119,-1.541667,-3,0,90.8,72,122,7.097,7.097,7.097,0,0,0,6129,6158,0,0,0,0,0
2020-11-08T17:00:00Z,30,1.2039,1.198,1.221,12.115733,12.11,12.119,-0.133333,-2,0,104.733333,88,122,7.097,7.097,7.097,0,0,0,6159,6188,0,0,0,0,0
2020-11-08T18:00:00Z,30,1.210733,1.198,1.233,12.111833,12.105,12.119,-2,-2,-2,92.533333,80,105,7.097,7.097,7.097,0,0,0,6189,6218,0,0,0,0,0
2020-11-08T19:00:00Z,30,1.206933,1.198,1.221,12.108967,12.1,12.114,-2,-2,-2,93.933333,80,105,7.097,7.097,7.097,0,0,0,6219,6248,0,0,0,0,0
2020-11-08T20:00:00Z,30,1.2139,1.198,1.233,12.105667,12.1,12.11,-1.333333,-2,0,96.466667,88,105,7.097,7.097,7.097,0,0,0,6249,6278,0,0,0,0,0
2020-11-08T21:00:00Z,30,1.219067,1.198,1.233,12.104,12.1,12.11,0,0,0,102.6,97,113,7.097,7.097,7.097,0,0,0,6279,6308,0,0,0,0,0
2020-11-08T22:00:00Z,29,1.655069,1.221,3.959,12.098207,12.091,12.105,-0.4,-2,0,100.241379,88,113,7.097,7.097,7.097,0,0,0,6309,6337,0,0,0,0,0
2020-11-08T23:00:00Z,30,4.9821,2.953,13.997,12.072267,11.953,12.095,-17.090909,-59,0,86.966667,30,105,7.097,7.097,7.097,0,0,0,6339,6368,0,0,0,0,0
2020-11-09T00:00:00Z,28,10.697107,3.491,13.869,12.099214,12.076,12.143,4.263158,-4,15,97.071429,80,113,7.097,7.097,7.097,0,0,0,6369,6397,0,0,0,0,0
2020-11-09T01:00:00Z,29,13.782759,13.74,13.834,12.141586,12.11,12.176,13.862069,3,21,97,80,113,7.097,7.097,7.097,0,0,0,6398,6427,0,0,0,0,0
2020-11-09T02:00:00Z,29,13.735517,13.623,14.407,12.198897,12.128,12.27,23.034483,8,40,101.172414,80,122,7.097,7.097,7.097,0,0,0,6428,6457,0,0,0,0,0
2020-11-09T03:00:00Z,30,13.5714,13.518,13.658,12.3146,12.251,12.374,37.066667,32,44,112.366667,97,122,7.097,7.097,7.097,0,0,0,6458,6487,0,0,0,0,0
2020-11-09T04:00:00Z,29,13.549621,13.459,14.208,12.381345,12.346,12.427,40,33,52,111.793103,88,138,7.097,7.097,7.097,0,0,0,6488,6516,0,0,0,0,0
2020-11-09T05:00:00Z,30,13.521933,13.436,13.623,12.368467,12.275,12.441,33.433333,15,51,117.533333,105,130,7.097,7.097,7.097,0,0,0,6518,6547,0,0,0,0,0
2020-11-09T06:00:00Z,30,13.617967,13.541,14.266,12.3082,12.28,12.327,24.733333,19,30,115.9,88,138,7.097,7.097,7.097,0,0,0,6548,6577,0,0,0,0,0
2020-11-09T07:00:00Z,29,13.708966,13.576,14.302,12.257966,12.19,12.332,15.241379,3,31,84.931034,64,105,7.097,7.097,7.097,0,0,0,6578,6606,0,0,0,0,0
2020-11-09T08:00:00Z,30,13.4666,3.07,13.869,12.109733,12.072,12.185,-14.233333,-22,0,49.2,30,72,7.097,7.097,7.097,0,0,0,6607,6636,0,0,0,0,0
2020-11-09T09:00:00Z,29,6.810655,2.683,13.986,12.080448,11.958,12.105,-11.62069,-65,-3,51.689655,-2,72,7.097,7.097,7.097,0,0,0,6637,6666,0,0,0,0,0
2020-11-09T10:00:00Z,30,2.277033,1.268,13.997,12.086167,11.949,12.095,-5.266667,-63,-2,69.2,-2,88,7.097,7.097,7.097,0,0,0,6667,6696,0,0,0,0,0
2020-11-09T11:00:00Z,29,1.302793,1.279,1.326,12.083759,12.076,12.091,-2.586207,-3,-2,78.655172,72,97,7.097,7.097,7.097,0,0,0,6697,6726,0,0,0,0,0
2020-11-09T12:00:00Z,28,1.319286,1.303,1.35,12.0765,12.072,12.086,-3.178571,-4,-3,71.071429,55,80,7.097,7.097,7.097,0,0,0,6727,6756,0,0,0,0,0
2020-11-09T13:00:00Z,29,1.323862,1.291,1.338,12.073207,12.067,12.076,-3.034483,-4,-3,72.551724,64,88,7.097,7.097,7.097,0,0,0,6757,6785,0,0,0,0,0
2020-11-09T14:00:00Z,30,1.3477,1.315,1.373,12.070867,12.067,12.076,-2.521739,-3,0,86.2,64,113,7.097,7.097,7.097,0,0,0,6786,6815,0,0,0,0,0
2020-11-09T15:00:00Z,30,1.3609,1.338,1.385,12.065267,12.058,12.072,-1.666667,-2,0,95.833333,80,113,7.097,7.097,7.097,0,0,0,6816,6845,0,0,0,0,0
2020-11-09T16:00:00Z,30,1.369867,1.338,1.396,12.058667,12.053,12.067,-2.433333,-3,-2,82.7,72,97,7.097,7.097,7.097,0,0,0,6846,6875,0,0,0,0,0
2020-11-09T17:00:00Z,30,1.369167,1.35,1.396,12.0562,12.048,12.062,-2.766667,-3,-2,78.133333,72,88,7.097,7.097,7.097,0,0,0,6876,6905,0,0,0,0,0
2020-11-09T18:00:00Z,28,1.383464,1.361,1.396,12.052107,12.048,12.058,-2.392857,-3,-2,81.142857,72,88,7.097,7.097,7.097,0,0,0,6906,6935,0,0,0,0,0
2020-11-09T19:00:00Z,29,1.396172,1.373,1.42,12.047172,12.039,12.053,-2.206897,-3,-2,83.896552,72,97,7.097,7.097,7.097,0,0,0,6936,6965,0,0,0,0,0
2020-11-09T20:00:00Z,29,1.403483,1.385,1.42,12.044931,12.039,12.053,-2.08,-3,-2,86.482759,72,97,7.097,7.097,7.097,0,0,0,6966,6994,0,0,0,0,0
2020-11-09T21:00:00Z,29,1.415034,1.408,1.432,12.040034,12.034,12.048,-2,-2,-2,87.655172,80,97,7.097,7.097,7.097,0,0,0,6995,7023,0,0,0,0,0
2020-11-09T22:00:00Z,29,1.780241,1.408,3.76,12.036655,12.024,12.043,-2.0625,-3,-2,92.103448,72,105,7.097,7.097,7.097,0,0,0,7025,7054,0,0,0,0,0
2020-11-09T23:00:00Z,30,5.720033,3.116,14.079,12.006567,11.887,12.034,-27,-61,0,87.566667,22,113,7.097,7.097,7.097,0,0,0,7055,7084,0,0,0,0,0
2020-11-10T00:00:00Z,30,9.833333,4.368,13.915,12.036933,12.02,12.076,4.933333,0,14,100.4,80,113,7.097,7.097,7.097,0,0,0,7085,7114,0,0,0,0,0
2020-11-10T01:00:00Z,29,13.89531,13.798,14.477,12.066586,12.034,12.128,9.068966,0,25,96.896552,80,113,7.097,7.097,7.097,0,0,0,7115,7144,0,0,0,0,0
2020-11-10T02:00:00Z,30,13.7779,13.67,13.892,12.148733,12.053,12.242,23.8,2,44,102.266667,80,130,7.097,7.097,7.097,0,0,0,7145,7174,0,0,0,0,0
2020-11-10T03:00:00Z,29,13.691,13.623,13.74,12.219172,12.171,12.266,30.37931,23,37,101.827586,88,113,7.097,7.097,7.097,0,0,0,7175,7203,0,0,0,0,0
2020-11-10T04:00:00Z,29,13.567207,13.541,13.635,12.318207,12.266,12.351,41.172414,33,45,111.793103,105,122,7.097,7.097,7.097,0,0,0,7204,7233,0,0,0,0,0
2020-11-10T05:00:00Z,29,13.558034,13.541,13.775,12.328655,12.308,12.341,37.310345,32,41,103.586207,88,113,7.097,7.097,7.097,0,0,0,7234,7263,0,0,0,0,0
2020-11-10T06:00:00Z,30,13.634533,13.564,14.29,12.295033,12.256,12.318,31.366667,24,36,122.533333,105,138,7.097,7.097,7.097,0,0,0,7264,7293,0,0,0,0,0
2020-11-10T07:00:00Z,30,13.766133,13.646,14.395,12.188767,12.133,12.251,12.833333,4,23,97.7,80,122,7.097,7.097,7.097,0,0,0,7294,7323,0,0,0,0,0
2020-11-10T08:00:00Z,30,13.702567,8.522,14.419,12.090467,12.048,12.138,-3.035714,-10,5,71.933333,55,97,7.097,7.097,7.097,0,0,0,7324,7353,0,0,0,0,0
2020-11-10T09:00:00Z,30,12.072333,2.777,13.939,12.020967,11.987,12.053,-14.8,-24,-3,56.733333,39,80,7.097,7.097,7.097,0,0,0,7354,7383,0,0,0,0,0
2020-11-10T10:00:00Z,30,2.200633,1.443,4.38,12.033,12.02,12.043,-2.566667,-3,-2,79.733333,64,88,7.097,7.097,7.097,0,0,0,7384,7413,0,0,0,0,0
2020-11-10T11:00:00Z,29,1.463069,1.443,1.49,12.025793,12.015,12.034,-0.5,-2,0,105.551724,88,122,7.097,7.097,7.097,0,0,0,7414,7442,0,0,0,0,0
2020-11-10T12:00:00Z,30,1.484033,1.467,1.502,12.0188,12.01,12.024,-0.923077,-2,0,98.9,88,113,7.097,7.097,7.097,0,0,0,7443,7472,0,0,0,0,0
2020-11-10T13:00:00Z,30,1.4959,1.478,1.513,12.0135,12.005,12.02,-1.346154,-3,0,97.1,80,122,7.097,7.097,7.097,0,0,0,7473,7502,0,0,0,0,0
2020-11-10T14:00:00Z,30,1.4952,1.49,1.502,12.008267,12.001,12.015,-0.666667,-2,0,101.4,80,113,7.097,7.097,7.097,0,0,0,7503,7532,0,0,0,0,0
2020-11-10T15:00:00Z,29,1.499724,1.49,1.513,12.005241,11.991,12.01,-2,-2,-2,97.310345,80,105,7.097,7.097,7.097,0,0,0,7533,7562,0,0,0,0,0
2020-11-10T16:00:00Z,30,1.5038,1.49,1.513,12.0009,11.991,12.005,-2,-2,-2,98.733333,88,113,7.097,7.097,7.097,0,0,0,7563,7592,0,0,0,0,0
2020-11-10T17:00:00Z,30,1.5151,1.502,1.537,11.995867,11.987,12.001,-1,-2,0,100.133333,88,113,7.097,7.097,7.097,0,0,0,7593,7622,0,0,0,0,0
2020-11-10T18:00:00Z,30,1.5266,1.513,1.537,11.989733,11.987,11.996,-2,-2,-2,99.9,88,105,7.097,7.097,7.097,0,0,0,7623,7652,0,0,0,0,0
2020-11-10T19:00:00Z,27,1.532556,1.525,1.549,11.987074,11.982,11.991,0,0,0,106.185185,97,113,7.097,7.097,7.097,0,0,0,7653,7682,0,0,0,0,0
2020-11-10T20:00:00Z,29,1.543207,1.537,1.549,11.983655,11.977,11.991,0,0,0,103,88,113,7.097,7.097,7.097,0,0,0,7683,7711,0,0,0,0,0
2020-11-10T21:00:00Z,30,1.5499,1.537,1.56,11.9795,11.972,11.987,0,0,0,106.833333,88,113,7.097,7.097,7.097,0,0,0,7712,7741,0,0,0,0,0
2020-11-10T22:00:00Z,29,2.34531,1.549,8.732,11.976483,11.972,11.982,0,0,0,110.275862,97,122,7.097,7.097,7.097,0,0,0,7742,7771,0,0,0,0,0
2020-11-10T23:00:00Z,30,14.074867,14.009,14.149,11.883767,11.821,11.944,-32.62069,-58,0,61.133333,30,113,7.097,7.097,7.097,0,0,0,7772,7801,0,0,0,0,0
2020-11-11T00:00:00Z,30,13.787133,8.065,14.021,11.9626,11.939,11.982,-2.75,-11,4,78.4,72,88,7.097,7.097,7.097,0,0,0,7802,7831,0,0,0,0,0
2020-11-11T01:00:00Z,29,13.95369,13.892,14.009,11.989483,11.949,12.048,5.896552,-8,23,87.241379,64,105,7.097,7.097,7.097,0,0,0,7832,7861,0,0,0,0,0
2020-11-11T02:00:00Z,30,13.926667,13.869,13.986,12.014333,11.968,12.091,12.266667,0,34,90.833333,72,105,7.097,7.097,7.097,0,0,0,7862,7891,0,0,0,0,0
2020-11-11T03:00:00Z,30,13.880633,13.717,13.951,12.058733,11.987,12.199,21.6,4,51,94.7,72,130,7.097,7.097,7.097,0,0,0,7892,7921,0,0,0,0,0
2020-11-11T04:00:00Z,28,13.783821,13.705,14.383,12.164,12.062,12.223,32.714286,14,56,100.857143,80,122,7.097,7.097,7.097,0,0,0,7922,7950,0,0,0,0,0
2020-11-11T05:00:00Z,30,13.719333,13.658,13.752,12.1984,12.166,12.251,31.533333,24,42,94.466667,80,113,7.097,7.097,7.097,0,0,0,7951,7980,0,0,0,0,0
2020-11-11T06:00:00Z,30,13.671633,13.611,13.705,12.242467,12.218,12.285,35.333333,30,50,97.933333,80,122,7.097,7.097,7.097,0,0,0,7981,8010,0,0,0,0,0
2020-11-11T07:00:00Z,30,13.829633,13.623,14.43,12.122233,12.043,12.27,12.137931,-9,40,69.333333,39,97,7.097,7.097,7.097,0,0,0,8011,8040,0,0,0,0,0
2020-11-11T08:00:00Z,30,12.9537,3.748,14.009,11.984167,11.949,12.029,-11,-49,0,42.866667,22,55,7.097,7.097,7.097,0,0,0,8041,8070,0,0,0,0,0
2020-11-11T09:00:00Z,29,13.796414,7.258,14.056,11.929517,11.911,11.953,-17.965517,-22,-12,31.965517,22,47,7.097,7.097,7.097,0,0,0,8072,8100,0,0,0,0,0
2020-11-11T10:00:00Z,29,3.709828,1.595,14.068,11.950793,11.901,11.963,-5.344828,-23,-3,65.724138,22,80,7.097,7.097,7.097,0,0,0,8101,8130,0,0,0,0,0
2020-11-11T11:00:00Z,29,1.601655,1.584,1.619,11.953552,11.949,11.958,-2.551724,-3,-2,78.62069,64,88,7.097,7.097,7.097,0,0,0,8131,8159,0,0,0,0,0
2020-11-11T12:00:00Z,30,1.6086,1.595,1.619,11.950133,11.944,11.953,-2.068966,-3,-2,85.4,72,97,7.097,7.097,7.097,0,0,0,8160,8189,0,0,0,0,0
2020-11-11T13:00:00Z,30,1.623067,1.607,1.654,11.944833,11.939,11.949,-2.068966,-3,-2,86.5,80,97,7.097,7.097,7.097,0,0,0,8190,8219,0,0,0,0,0
2020-11-11T14:00:00Z,30,1.633267,1.619,1.642,11.941867,11.935,11.944,-2,-2,-2,87.433333,72,97,7.097,7.097,7.097,0,0,0,8220,8249,0,0,0,0,0
2020-11-11T15:00:00Z,30,1.6611,1.642,1.677,11.9358,11.925,11.944,-2,-2,-2,88.5,80,97,7.097,7.097,7.097,0,0,0,8250,8279,0,0,0,0,0
2020-11-11T16:00:00Z,30,1.6558,1.63,1.677,11.935533,11.925,11.944,-0.923077,-2,0,75.966667,55,88,7.097,7.097,7.097,0,0,0,8280,8309,0,0,0,0,0
2020-11-11T17:00:00Z,30,1.6508,1.642,1.666,11.933367,11.925,11.939,0,0,0,77.333333,64,88,7.097,7.097,7.097,0,0,0,8310,8339,0,0,0,0,0
2020-11-11T18:00:00Z,30,1.661433,1.642,1.689,11.927167,11.92,11.935,0,0,0,80.266667,64,88,7.097,7.097,7.097,0,0,0,8340,8369,0,0,0,0,0
2020-11-11T19:00:00Z,30,1.669133,1.654,1.677,11.924733,11.916,11.93,0,0,0,82.133333,64,88,7.097,7.097,7.097,0,0,0,8370,8399,0,0,0,0,0
2020-11-11T20:00:00Z,30,1.679133,1.666,1.701,11.921233,11.916,11.93,0,0,0,85.7,72,97,7.097,7.097,7.097,0,0,0,8400,8429,0,0,0,0,0
2020-11-11T21:00:00Z,10,1.6854,1.677,1.689,11.918,11.916,11.92,0,0,0,89.1,80,97,7.097,7.097,7.097,0,0,0,8430,8440,0,0,0,0,0
2020-11-20T16:00:00Z,26,0,0,0,12.735923,12.725,12.814,-9.269231,-10,0,38.115385,30,47,6.835577,0.3,7.097,1,1,1,1,26,0,0,0,0,0
2020-11-20T17:00:00Z,29,0,0,0,12.735207,12.729,12.739,-9.896552,-10,-9,35.206897,30,47,7.097,7.097,7.097,1,1,1,27,55,0,0,0,0,0
2020-11-20T18:00:00Z,29,0,0,0,12.736759,12.734,12.739,-9.724138,-10,-9,36.206897,22,47,7.097,7.097,7.097,1,1,1,56,85,0,0,0,0,0
2020-11-20T19:00:00Z,30,0,0,0,12.738167,12.734,12.744,-9.533333,-10,-9,39.7,30,47,7.097,7.097,7.097,1,1,1,86,115,0,0,0,0,0
2020-11-20T20:00:00Z,30,0,0,0,12.738167,12.729,12.744,-9.133333,-10,-9,41.833333,22,47,7.097,7.097,7.097,1,1,1,116,145,0,0,0,0,0
2020-11-20T21:00:00Z,30,0,0,0,12.736167,12.729,12.739,-9.233333,-10,-9,40.733333,30,55,7.097,7.097,7.097,1,1,1,146,175,0,0,0,0,0
2020-11-20T22:00:00Z,30,0.238533,0,1.829,12.735833,12.734,12.739,-9.033333,-10,-9,43.533333,39,55,7.097,7.097,7.097,1,1,1,176,205,0,0,0,0,0
2020-11-20T23:00:00Z,29,6.018241,1.56,13.19,12.703483,12.592,12.739,-21.068966,-69,-8,26.448276,-27,47,7.097,7.097,7.097,1,1,1,206,235,0,0,0,0,0
2020-11-21T00:00:00Z,30,13.029467,12.979,13.061,12.7456,12.72,12.781,-5.206897,-13,7,33.433333,5,55,7.097,7.097,7.097,1,1,1,236,265,0,0,0,0,0
2020-11-21T01:00:00Z,30,13.018867,12.991,13.05,12.753433,12.729,12.781,-2.071429,-12,6,29.966667,14,39,7.097,7.097,7.097,1,1,1,266,295,0,0,0,0,0
2020-11-21T02:00:00Z,29,13.016138,12.827,13.635,12.821172,12.772,12.919,16.344828,2,44,42.206897,22,72,7.097,7.097,7.097,1,1,1,296,324,0,0,0,0,0
2020-11-21T03:00:00Z,28,12.897607,12.816,12.956,12.860893,12.819,12.923,19.178571,9,39,31.178571,14,55,7.097,7.097,7.097,1,1,1,325,353,0,0,0,0,0
2020-11-21T04:00:00Z,30,12.984733,12.944,13.061,12.787233,12.725,12.81,4.6,-13,17,9.966667,-10,30,7.097,7.097,7.097,1,1,1,355,384,0,0,0,0,0
2020-11-21T05:00:00Z,29,12.955207,12.874,13.646,12.834552,12.786,12.876,16.275862,4,28,19.103448,5,39,7.097,7.097,7.097,1,1,1,385,414,0,0,0,0,0
2020-11-21T06:00:00Z,27,13.021407,12.921,13.693,12.775889,12.725,12.838,1.384615,-15,20,2.62963,-10,22,7.097,7.097,7.097,1,1,1,415,443,0,0,0,0,0
2020-11-21T07:00:00Z,30,8.3256,1.42,13.073,12.781867,12.71,12.9,1.933333,-22,38,2.566667,-27,47,7.097,7.097,7.097,1,1,1,444,473,0,0,0,0,0
2020-11-21T08:00:00Z,30,2.552067,1.162,13.202,12.715233,12.592,12.729,-16.066667,-73,-12,-5.566667,-77,14,7.097,7.097,7.097,1,1,1,474,503,0,0,0,0,0
2020-11-21T09:00:00Z,30,3.19,1.127,13.202,12.714467,12.583,12.729,-15.033333,-69,-10,5.433333,-43,30,7.097,7.097,7.097,1,1,1,504,533,0,0,0,0,0
2020-11-21T10:00:00Z,30,2.6025,0,13.213,12.706333,12.583,12.729,-13.933333,-67,-7,47.2,-27,80,7.097,7.097,7.097,1,1,1,534,563,0,0,0,0,0
2020-11-21T11:00:00Z,30,0,0,0,12.715867,12.706,12.72,-6.233333,-7,-5,75.966667,55,88,7.097,7.097,7.097,1,1,1,564,593,0,0,0,0,0
2020-11-21T12:00:00Z,29,0,0,0,12.712621,12.706,12.72,-6.448276,-8,-5,75.827586,55,97,7.097,7.097,7.097,1,1,1,594,623,0,0,0,0,0
2020-11-21T13:00:00Z,30,0,0,0,12.709567,12.706,12.72,-6.733333,-8,-5,73.033333,55,97,7.097,7.097,7.097,1,1,1,624,653,0,0,0,0,0
2020-11-21T14:00:00Z,28,0,0,0,12.707786,12.701,12.71,-7.642857,-8,-7,63.142857,47,72,7.097,7.097,7.097,1,1,1,654,682,0,0,0,0,0
2020-11-21T15:00:00Z,30,0,0,0,12.706267,12.701,12.715,-7.966667,-9,-7,56.7,47,72,7.097,7.097,7.097,1,1,1,683,712,0,0,0,0,0
2020-11-21T16:00:00Z,30,0,0,0,12.702333,12.696,12.706,-7.933333,-8,-7,57.8,47,64,7.097,7.097,7.097,1,1,1,713,742,0,0,0,0,0
2020-11-21T17:00:00Z,28,0,0,0,12.697964,12.691,12.701,-7.964286,-9,-7,55.857143,47,64,7.097,7.097,7.097,1,1,1,743,772,0,0,0,0,0
2020-11-21T18:00:00Z,30,0,0,0,12.696167,12.691,12.706,-8.033333,-9,-8,56.066667,47,64,7.097,7.097,7.097,1,1,1,773,802,0,0,0,0,0
2020-11-21T19:00:00Z,30,0,0,0,12.693933,12.687,12.701,-7.966667,-9,-7,57.5,47,72,7.097,7.097,7.097,1,1,1,803,832,0,0,0,0,0
2020-11-21T20:00:00Z,30,0,0,0,12.689933,12.682,12.696,-8.033333,-9,-7,55.833333,47,64,7.097,7.097,7.097,1,1,1,833,862,0,0,0,0,0
2020-11-21T21:00:00Z,29,0,0,0,12.685379,12.673,12.691,-7.896552,-9,-7,56.965517,47,72,7.097,7.097,7.097,1,1,1,863,891,0,0,0,0,0
2020-11-21T22:00:00Z,30,0.326967,0,2.098,12.683433,12.677,12.691,-7.6,-8,-7,61.033333,47,72,7.097,7.097,7.097,1,1,1,892,921,0,0,0,0,0
2020-11-21T23:00:00Z,30,4.5492,1.549,13.436,12.6601,12.545,12.682,-13.533333,-65,-7,47.3,-10,64,7.097,7.097,7.097,1,1,1,922,951,0,0,0,0,0
2020-11-22T00:00:00Z,29,5.08569,2.719,13.132,12.672345,12.663,12.677,-8.206897,-11,-6,50.655172,39,64,7.097,7.097,7.097,1,1,1,952,981,0,0,0,0,0
2020-11-22T01:00:00Z,30,13.083667,13.026,13.167,12.705067,12.639,12.753,2.5,-18,16,51.633333,30,72,7.097,7.097,7.097,1,1,1,982,1011,0,0,0,0,0
2020-11-22T02:00:00Z,30,13.023133,12.886,13.728,12.7906,12.739,12.876,23.733333,11,42,66.366667,47,80,7.097,7.097,7.097,1,1,1,1012,1041,0,0,0,0,0
2020-11-22T03:00:00Z,29,12.978138,12.827,13.705,12.832103,12.767,12.904,28.62069,10,50,90.310345,72,130,7.097,7.097,7.097,1,1,1,1042,1071,0,0,0,0,0
2020-11-22T04:00:00Z,30,12.9969,12.851,13.693,12.798367,12.687,12.89,18.166667,-11,51,70.466667,30,122,7.097,7.097,7.097,1,1,1,1072,1101,0,0,0,0,0
2020-11-22T05:00:00Z,29,13.006483,9.973,13.763,12.716966,12.658,12.796,3.357143,-14,29,44.137931,14,72,7.097,7.097,7.097,1,1,1,1102,1130,0,0,0,0,0
2020-11-22T06:00:00Z,29,13.070621,13.038,13.132,12.716724,12.658,12.739,5.034483,-14,12,32.344828,14,47,7.097,7.097,7.097,1,1,1,1131,1160,0,0,0,0,0
2020-11-22T07:00:00Z,30,13.0801,13.038,13.74,12.725933,12.682,12.748,7.466667,-9,15,27.266667,5,39,7.097,7.097,7.097,1,1,1,1161,1190,0,0,0,0,0
2020-11-22T08:00:00Z,30,13.090233,13.015,13.143,12.698967,12.654,12.753,-1.133333,-14,18,13.266667,-10,39,7.097,7.097,7.097,1,1,1,1191,1220,0,0,0,0,0
2020-11-22T09:00:00Z,30,10.5458,1.724,13.155,12.647267,12.63,12.663,-16.5,-24,-12,-2.766667,-10,5,7.097,7.097,7.097,1,1,1,1221,1250,0,0,0,0,0
2020-11-22T10:00:00Z,30,1.0181,0,5.199,12.656967,12.649,12.663,-11.266667,-12,-10,11.866667,-2,22,7.097,7.097,7.097,1,1,1,1251,1280,0,0,0,0,0
2020-11-22T11:00:00Z,30,0.002267,0,0.016,12.654533,12.649,12.663,-10.766667,-11,-10,17.133333,5,30,7.097,7.097,7.097,1,1,1,1281,1310,0,0,0,0,0
2020-11-22T12:00:00Z,27,0.017296,0,0.039,12.652444,12.649,12.658,-10.555556,-11,-10,20.222222,14,30,7.097,7.097,7.097,1,1,1,1311,1339,0,0,0,0,0
2020-11-22T13:00:00Z,30,0.029,0.016,0.039,12.648,12.639,12.654,-10.4,-11,-10,21.166667,5,30,7.097,7.097,7.097,1,1,1,1340,1369,0,0,0,0,0
2020-11-22T14:00:00Z,30,0.033467,0.016,0.039,12.644667,12.639,12.649,-10.233333,-11,-10,23.066667,5,39,7.097,7.097,7.097,1,1,1,1370,1399,0,0,0,0,0
2020-11-22T15:00:00Z,30,0.030133,0.016,0.039,12.6422,12.635,12.649,-10,-11,-9,25.733333,14,30,7.097,7.097,7.097,1,1,1,1400,1429,0,0,0,0,0
2020-11-22T16:00:00Z,30,0.032433,0.028,0.051,12.6387,12.635,12.644,-9.7,-10,-9,31.566667,22,39,7.097,7.097,7.097,1,1,1,1430,1459,0,0,0,0,0
2020-11-22T17:00:00Z,30,0.040733,0.028,0.051,12.635333,12.63,12.639,-9.566667,-10,-9,33.066667,22,47,7.097,7.097,7.097,1,1,1,1460,1489,0,0,0,0,0
2020-11-22T18:00:00Z,30,0.049,0.039,0.063,12.631633,12.625,12.639,-9.366667,-10,-9,36.233333,30,47,7.097,7.097,7.097,1,1,1,1490,1519,0,0,0,0,0
2020-11-22T19:00:00Z,30,0.0542,0.051,0.063,12.629,12.62,12.635,-9.033333,-10,-9,38.5,30,47,7.097,7.097,7.097,1,1,1,1520,1549,0,0,0,0,0
2020-11-22T20:00:00Z,28,0.059107,0.051,0.074,12.625357,12.62,12.63,-9.035714,-10,-9,40.821429,30,47,7.097,7.097,7.097,1,1,1,1550,1578,0,0,0,0,0
2020-11-22T21:00:00Z,30,0.065533,0.051,0.074,12.6224,12.616,12.625,-9,-9,-9,41.266667,30,55,7.097,7.097,7.097,1,1,1,1579,1608,0,0,0,0,0
2020-11-22T22:00:00Z,30,0.385067,0.063,2.18,12.6185,12.611,12.625,-8.8,-9,-8,45.366667,30,55,7.097,7.097,7.097,1,1,1,1609,1638,0,0,0,0,0
2020-11-22T23:00:00Z,30,5.2723,1.829,13.389,12.5886,12.479,12.62,-18.333333,-68,-8,30.4,-18,47,7.097,7.097,7.097,1,1,1,1639,1668,0,0,0,0,0
2020-11-23T00:00:00Z,30,4.636967,2.157,13.178,12.6102,12.602,12.616,-8.8,-10,-7,41.833333,30,47,7.097,7.097,7.097,1,1,1,1669,1698,0,0,0,0,0
2020-11-23T01:00:00Z,30,13.163567,13.108,13.541,12.638667,12.606,12.687,1.518519,-11,16,42.866667,22,55,7.097,7.097,7.097,1,1,1,1699,1728,0,0,0,0,0
2020-11-23T02:00:00Z,30,13.1636,13.096,13.822,12.677967,12.663,12.696,11.166667,7,15,43.766667,30,55,7.097,7.097,7.097,1,1,1,1729,1758,0,0,0,0,0
2020-11-23T03:00:00Z,30,13.0637,12.898,13.822,12.7599,12.682,12.857,30.1,13,55,56.466667,30,88,7.097,7.097,7.097,1,1,1,1759,1788,0,0,0,0,0
2020-11-23T04:00:00Z,30,13.076467,12.979,13.74,12.727033,12.677,12.781,13.066667,3,32,33.066667,14,55,7.097,7.097,7.097,1,1,1,1789,1818,0,0,0,0,0
2020-11-23T05:00:00Z,28,13.124286,13.108,13.132,12.669679,12.658,12.677,5.285714,2,9,23.428571,14,30,7.097,7.097,7.097,1,1,1,1819,1847,0,0,0,0,0
2020-11-23T06:00:00Z,29,13.154414,13.12,13.822,12.663966,12.606,12.682,5.793103,-13,11,15.275862,-10,22,7.097,7.097,7.097,1,1,1,1848,1877,0,0,0,0,0
2020-11-23T07:00:00Z,30,13.098467,12.979,13.74,12.7112,12.644,12.781,16.933333,-12,38,22.133333,-2,47,7.097,7.097,7.097,1,1,1,1878,1907,0,0,0,0,0
2020-11-23T08:00:00Z,27,9.055185,1.923,13.237,12.614074,12.573,12.706,-10.666667,-23,11,-8.777778,-27,14,7.097,7.097,7.097,1,1,1,1908,1936,0,0,0,0,0
2020-11-23T09:00:00Z,28,3.153107,1.549,7.305,12.597179,12.592,12.602,-11.821429,-13,-11,0.464286,-10,5,7.097,7.097,7.097,1,1,1,1938,1966,0,0,0,0,0
2020-11-23T10:00:00Z,30,1.1456,0.109,4.251,12.594167,12.587,12.602,-11.566667,-12,-11,5.833333,-2,14,7.097,7.097,7.097,1,1,1,1967,1996,0,0,0,0,0
2020-11-23T11:00:00Z,30,0.1218,0.109,0.133,12.5925,12.587,12.597,-11.366667,-12,-11,9.833333,-2,22,7.097,7.097,7.097,1,1,1,1997,2026,0,0,0,0,0
2020-11-23T12:00:00Z,30,0.1413,0.121,0.156,12.590033,12.583,12.597,-10.966667,-11,-10,13.7,5,22,7.097,7.097,7.097,1,1,1,2027,2056,0,0,0,0,0
2020-11-23T13:00:00Z,30,0.1362,0.121,0.145,12.5867,12.583,12.592,-11,-11,-11,15.2,5,30,7.097,7.097,7.097,1,1,1,2057,2086,0,0,0,0,0
2020-11-23T14:00:00Z,29,0.153034,0.133,0.168,12.583345,12.578,12.587,-10.689655,-12,-10,17.517241,5,30,7.097,7.097,7.097,1,1,1,2087,2116,0,0,0,0,0
2020-11-23T15:00:00Z,30,0.157367,0.145,0.18,12.580467,12.573,12.587,-9.933333,-11,-9,27.433333,14,39,7.097,7.097,7.097,1,1,1,2117,2146,0,0,0,0,0
2020-11-23T16:00:00Z,30,0.164467,0.145,0.18,12.577833,12.573,12.583,-9.5,-10,-9,34.866667,14,47,7.097,7.097,7.097,1,1,1,2147,2176,0,0,0,0,0
2020-11-23T17:00:00Z,28,0.179393,0.168,0.191,12.572821,12.568,12.578,-9.785714,-10,-9,30.571429,14,47,7.097,7.097,7.097,1,1,1,2177,2205,0,0,0,0,0
2020-11-23T18:00:00Z,29,0.184414,0.168,0.203,12.571966,12.568,12.578,-9.310345,-10,-9,35.344828,22,39,7.097,7.097,7.097,1,1,1,2206,2235,0,0,0,0,0
2020-11-23T19:00:00Z,30,0.192067,0.18,0.215,12.569133,12.559,12.573,-9.366667,-10,-9,33.066667,22,39,7.097,7.097,7.097,1,1,1,2236,2265,0,0,0,0,0
2020-11-23T20:00:00Z,30,0.2002,0.191,0.215,12.565633,12.559,12.568,-9.1,-10,-9,36.533333,30,47,7.097,7.097,7.097,1,1,1,2266,2295,0,0,0,0,0
2020-11-23T21:00:00Z,30,0.210133,0.191,0.226,12.5624,12.554,12.568,-9,-10,-8,40.766667,22,47,7.097,7.097,7.097,1,1,1,2296,2325,0,0,0,0,0
2020-11-23T22:00:00Z,30,0.8851,0.215,5.936,12.559167,12.554,12.564,-8.7,-9,-8,44.033333,30,55,7.097,7.097,7.097,1,1,1,2326,2355,0,0,0,0,0
2020-11-23T23:00:00Z,30,4.578467,1.958,13.471,12.526667,12.417,12.559,-19.966667,-66,-8,28.233333,-18,55,7.097,7.097,7.097,1,1,1,2356,2385,0,0,0,0,0
2020-11-24T00:00:00Z,29,8.447483,2.917,13.904,12.556138,12.535,12.573,-7.827586,-13,1,43.62069,30,55,7.097,7.097,7.097,1,1,1,2386,2415,0,0,0,0,0
2020-11-24T01:00:00Z,29,13.238414,13.19,13.904,12.581517,12.564,12.602,3.076923,-4,10,47.931034,22,72,7.097,7.097,7.097,1,1,1,2416,2444,0,0,0,0,0
2020-11-24T02:00:00Z,30,13.165933,13.143,13.19,12.627233,12.602,12.649,18.366667,9,26,95.833333,72,113,7.097,7.097,7.097,1,1,1,2445,2474,0,0,0,0,0
2020-11-24T03:00:00Z,30,13.1897,13.038,13.88,12.6495,12.606,12.739,21.833333,10,44,79.766667,72,97,7.097,7.097,7.097,1,1,1,2475,2504,0,0,0,0,0
2020-11-24T04:00:00Z,30,13.012233,12.921,13.728,12.7804,12.744,12.838,44.333333,34,57,88.3,72,113,7.097,7.097,7.097,1,1,1,2505,2534,0,0,0,0,0
2020-11-24T05:00:00Z,28,12.964036,12.909,13.061,12.802429,12.725,12.852,37.214286,14,53,72.392857,47,97,7.097,7.097,7.097,1,1,1,2535,2564,0,0,0,0,0
2020-11-24T06:00:00Z,29,13.055276,12.991,13.12,12.726448,12.677,12.772,20.37931,1,39,47.862069,30,72,7.097,7.097,7.097,1,1,1,2565,2594,0,0,0,0,0
2020-11-24T07:00:00Z,30,13.147967,12.979,13.401,12.6513,12.606,12.791,6.185185,-6,41,28.566667,14,72,7.097,7.097,7.097,1,1,1,2595,2624,0,0,0,0,0
2020-11-24T08:00:00Z,28,13.208464,13.155,13.284,12.586821,12.535,12.63,-5.24,-19,13,17.642857,-2,30,7.097,7.097,7.097,1,1,1,2625,2653,0,0,0,0,0
2020-11-24T09:00:00Z,30,3.620567,1.689,13.307,12.551833,12.521,12.559,-9.633333,-24,-6,50.033333,5,80,7.097,7.097,7.097,1,1,1,2654,2683,0,0,0,0,0
2020-11-24T10:00:00Z,30,1.29,0.273,5.363,12.545867,12.535,12.559,-6.333333,-7,-5,76.266667,64,88,7.097,7.097,7.097,1,1,1,2684,2713,0,0,0,0,0
2020-11-24T11:00:00Z,30,0.283,0.273,0.297,12.537133,12.531,12.545,-8.133333,-9,-7,52.533333,47,64,7.097,7.097,7.097,1,1,1,2714,2743,0,0,0,0,0
2020-11-24T12:00:00Z,30,0.289767,0.273,0.308,12.535667,12.531,12.545,-7.5,-9,-6,60.333333,47,72,7.097,7.097,7.097,1,1,1,2744,2773,0,0,0,0,0
2020-11-24T13:00:00Z,30,0.310633,0.285,0.332,12.532633,12.526,12.535,-6.033333,-8,-4,78.266667,47,105,7.097,7.097,7.097,1,1,1,2774,2803,0,0,0,0,0
2020-11-24T14:00:00Z,30,0.3247,0.308,0.343,12.527133,12.516,12.535,-3.333333,-4,-2,105.633333,88,122,7.097,7.097,7.097,1,1,1,2804,2833,0,0,0,0,0
2020-11-24T15:00:00Z,30,0.3329,0.32,0.355,12.520133,12.512,12.531,-2.933333,-5,-2,112.8,88,130,7.097,7.097,7.097,1,1,1,2834,2863,0,0,0,0,0
2020-11-24T16:00:00Z,29,0.32,0.308,0.332,12.514966,12.507,12.521,-5.724138,-7,-4,81.551724,72,97,7.097,7.097,7.097,1,1,1,2864,2893,0,0,0,0,0
2020-11-24T17:00:00Z,27,0.316889,0.308,0.332,12.514741,12.507,12.521,-6.703704,-7,-6,71.703704,64,80,7.097,7.097,7.097,1,1,1,2894,2922,0,0,0,0,0
2020-11-24T18:00:00Z,30,0.316033,0.297,0.332,12.5145,12.507,12.516,-7.066667,-8,-7,66.333333,55,72,7.097,7.097,7.097,1,1,1,2923,2952,0,0,0,0,0
2020-11-24T19:00:00Z,30,0.3188,0.308,0.332,12.5129,12.502,12.521,-7.3,-8,-7,64.9,55,72,7.097,7.097,7.097,1,1,1,2953,2982,0,0,0,0,0
2020-11-24T20:00:00Z,30,0.328267,0.308,0.343,12.508933,12.502,12.516,-7.633333,-8,-7,56.966667,39,72,7.097,7.097,7.097,1,1,1,2983,3012,0,0,0,0,0
2020-11-24T21:00:00Z,30,0.332167,0.32,0.343,12.5068,12.497,12.516,-7.8,-8,-7,59.5,47,72,7.097,7.097,7.097,1,1,1,3013,3042,0,0,0,0,0
2020-11-24T22:00:00Z,30,0.6309,0.32,2.461,12.5055,12.497,12.512,-7.666667,-8,-7,60.366667,55,72,7.097,7.097,7.097,1,1,1,3043,3072,0,0,0,0,0
2020-11-24T23:00:00Z,30,5.059,2.087,13.529,12.4843,12.365,12.507,-13.333333,-65,-6,47.1,-10,64,7.097,7.097,7.097,1,1,1,3073,3102,0,0,0,0,0
2020-11-25T00:00:00Z,30,10.3793,3.187,13.366,12.5026,12.493,12.521,-6.333333,-10,0,51.966667,39,64,7.097,7.097,7.097,1,1,1,3103,3132,0,0,0,0,0
2020-11-25T01:00:00Z,30,13.289133,13.237,13.342,12.536567,12.493,12.573,4.482759,-7,16,55.033333,30,72,7.097,7.097,7.097,1,1,1,3133,3162,0,0,0,0,0
2020-11-25T02:00:00Z,29,13.273103,13.202,13.962,12.560759,12.512,12.592,10.689655,-3,19,53.965517,30,72,7.097,7.097,7.097,1,1,1,3163,3191,0,0,0,0,0
2020-11-25T03:00:00Z,30,13.208833,13.167,13.249,12.589433,12.559,12.62,16.5,3,25,54.8,39,72,7.097,7.097,7.097,1,1,1,3192,3221,0,0,0,0,0
2020-11-25T04:00:00Z,30,13.225167,13.108,13.915,12.641033,12.573,12.696,28.733333,8,43,62.766667,39,80,7.097,7.097,7.097,1,1,1,3222,3251,0,0,0,0,0
2020-11-25T05:00:00Z,30,13.1397,13.096,13.845,12.6806,12.644,12.706,30.566667,15,39,56.266667,30,72,7.097,7.097,7.097,1,1,1,3252,3281,0,0,0,0,0
2020-11-25T06:00:00Z,30,13.2185,13.143,13.892,12.6018,12.559,12.649,9.233333,-3,23,29.7,14,47,7.097,7.097,7.097,1,1,1,3282,3311,0,0,0,0,0
2020-11-25T07:00:00Z,30,13.213533,13.155,13.892,12.604533,12.554,12.635,14.137931,-3,27,33.733333,14,47,7.097,7.097,7.097,1,1,1,3312,3341,0,0,0,0,0
2020-11-25T08:00:00Z,30,13.3944,13.249,13.951,12.520667,12.493,12.559,-7.107143,-13,-2,6.633333,-2,22,7.097,7.097,7.097,1,1,1,3342,3371,0,0,0,0,0
2020-11-25T09:00:00Z,30,7.859533,2.204,13.424,12.480667,12.455,12.497,-16.133333,-27,-11,0.9,-10,14,7.097,7.097,7.097,1,1,1,3372,3401,0,0,0,0,0
2020-11-25T10:00:00Z,30,1.420533,0.355,5.62,12.4911,12.483,12.497,-10.866667,-11,-10,17.1,-2,30,7.097,7.097,7.097,1,1,1,3402,3431,0,0,0,0,0
2020-11-25T11:00:00Z,28,0.366571,0.343,0.379,12.488679,12.483,12.497,-10.392857,-11,-10,23.107143,5,30,7.097,7.097,7.097,1,1,1,3432,3460,0,0,0,0,0
2020-11-25T12:00:00Z,30,0.374167,0.367,0.39,12.4856,12.479,12.488,-10.066667,-11,-9,26.133333,14,39,7.097,7.097,7.097,1,1,1,3461,3490,0,0,0,0,0
2020-11-25T13:00:00Z,30,0.386033,0.379,0.402,12.4818,12.474,12.488,-9.5,-10,-9,33.933333,22,47,7.097,7.097,7.097,1,1,1,3491,3520,0,0,0,0,0
2020-11-25T14:00:00Z,30,0.397667,0.379,0.414,12.4761,12.469,12.483,-9.666667,-10,-9,31.966667,22,39,7.097,7.097,7.097,1,1,1,3521,3550,0,0,0,0,0
2020-11-25T15:00:00Z,29,0.403241,0.39,0.414,12.472966,12.464,12.479,-9.448276,-10,-9,35.241379,22,47,7.097,7.097,7.097,1,1,1,3551,3580,0,0,0,0,0
2020-11-25T16:00:00Z,29,0.412897,0.39,0.425,12.470034,12.464,12.474,-9.275862,-10,-9,36.758621,30,47,7.097,7.097,7.097,1,1,1,3581,3610,0,0,0,0,0
2020-11-25T17:00:00Z,29,0.426345,0.414,0.437,12.466241,12.46,12.474,-9.241379,-10,-9,35.827586,22,47,7.097,7.097,7.097,1,1,1,3611,3639,0,0,0,0,0
2020-11-25T18:00:00Z,29,0.420483,0.414,0.437,12.462966,12.455,12.469,-9.275862,-10,-9,37.896552,30,47,7.097,7.097,7.097,1,1,1,3640,3669,0,0,0,0,0
2020-11-25T19:00:00Z,29,0.428759,0.414,0.437,12.458793,12.45,12.464,-9.206897,-10,-9,37.586207,30,47,7.097,7.097,7.097,1,1,1,3670,3699,0,0,0,0,0
2020-11-25T20:00:00Z,30,0.433,0.425,0.437,12.4563,12.45,12.464,-9.033333,-10,-8,41.766667,30,55,7.097,7.097,7.097,1,1,1,3700,3729,0,0,0,0,0
2020-11-25T21:00:00Z,30,0.4374,0.425,0.449,12.453333,12.445,12.46,-8.966667,-9,-8,42.933333,30,55,7.097,7.097,7.097,1,1,1,3730,3759,0,0,0,0,0
2020-11-25T22:00:00Z,30,0.6067,0.437,1.595,12.450167,12.445,12.455,-8.833333,-9,-8,44,30,55,7.097,7.097,7.097,1,1,1,3760,3789,0,0,0,0,0
2020-11-25T23:00:00Z,30,5.956267,1.97,14.126,12.4294,12.313,12.45,-14.5,-66,-7,33.6,-18,55,7.097,7.097,7.097,1,1,1,3790,3819,0,0,0,0,0
2020-11-26T00:00:00Z,30,11.976,2.368,13.494,12.442,12.398,12.469,-10.25,-25,-2,31.833333,5,47,7.097,7.097,7.097,1,1,1,3820,3849,0,0,0,0,0
2020-11-26T01:00:00Z,30,9.9413,2.683,13.927,12.498233,12.436,12.597,8.6,-10,40,55.6,22,97,7.097,7.097,7.097,1,1,1,3850,3879,0,0,0,0,0
2020-11-26T02:00:00Z,29,13.21831,13.167,13.26,12.584138,12.559,12.62,27.241379,15,39,68.517241,47,88,7.097,7.097,7.097,1,1,1,3880,3908,0,0,0,0,0
2020-11-26T03:00:00Z,30,13.2158,13.108,13.927,12.6259,12.568,12.682,35.733333,21,48,70.833333,55,88,7.097,7.097,7.097,1,1,1,3909,3938,0,0,0,0,0
2020-11-26T04:00:00Z,30,13.178867,13.085,13.88,12.637033,12.564,12.701,29.2,5,52,56.966667,22,88,7.097,7.097,7.097,1,1,1,3939,3968,0,0,0,0,0
2020-11-26T05:00:00Z,30,13.224067,13.132,13.939,12.6196,12.55,12.663,26.133333,4,48,50.366667,22,80,7.097,7.097,7.097,1,1,1,3969,3998,0,0,0,0,0
2020-11-26T06:00:00Z,30,13.163567,13.038,13.237,12.628433,12.573,12.734,23.466667,2,58,42.466667,5,88,7.097,7.097,7.097,1,1,1,3999,4028,0,0,0,0,0
2020-11-26T07:00:00Z,30,13.147967,13.038,13.272,12.6463,12.54,12.739,27,-8,58,44.733333,5,80,7.097,7.097,7.097,1,1,1,4029,4058,0,0,0,0,0
2020-11-26T08:00:00Z,30,13.116467,5.41,13.892,12.491067,12.441,12.531,-11.766667,-17,-7,1.533333,-10,14,7.097,7.097,7.097,1,1,1,4059,4088,0,0,0,0,0
2020-11-26T09:00:00Z,30,9.6476,1.794,13.471,12.4424,12.417,12.469,-17.5,-26,-11,-0.366667,-18,14,7.097,7.097,7.097,1,1,1,4089,4118,0,0,0,0,0
2020-11-26T10:00:00Z,30,1.644733,0.46,6.322,12.442633,12.436,12.445,-11.033333,-12,-10,13.533333,5,22,7.097,7.097,7.097,1,1,1,4119,4148,0,0,0,0,0
2020-11-26T11:00:00Z,30,0.472,0.46,0.484,12.435867,12.427,12.441,-10.866667,-11,-10,16.033333,5,22,7.097,7.097,7.097,1,1,1,4149,4178,0,0,0,0,0
2020-11-26T12:00:00Z,30,0.4776,0.46,0.496,12.4342,12.427,12.441,-10.566667,-11,-10,19.333333,14,30,7.097,7.097,7.097,1,1,1,4179,4208,0,0,0,0,0
2020-11-26T13:00:00Z,29,0.494069,0.472,0.531,12.432172,12.427,12.436,-9.275862,-11,-7,34.034483,14,72,7.097,7.097,7.097,1,1,1,4209,4237,0,0,0,0,0
2020-11-26T14:00:00Z,30,0.514333,0.496,0.542,12.430033,12.422,12.436,-5.233333,-7,-3,87.8,64,113,7.097,7.097,7.097,1,1,1,4238,4267,0,0,0,0,0
2020-11-26T15:00:00Z,30,0.5265,0.507,0.542,12.424167,12.417,12.427,-6,-8,-4,79.933333,55,105,7.097,7.097,7.097,1,1,1,4268,4297,0,0,0,0,0
2020-11-26T16:00:00Z,30,0.512233,0.496,0.519,12.420667,12.417,12.427,-7.866667,-8,-7,53.9,39,72,7.097,7.097,7.097,1,1,1,4298,4327,0,0,0,0,0
2020-11-26T17:00:00Z,30,0.5182,0.507,0.531,12.418,12.412,12.422,-8.133333,-9,-8,52.1,47,64,7.097,7.097,7.097,1,1,1,4328,4357,0,0,0,0,0
2020-11-26T18:00:00Z,30,0.520567,0.507,0.542,12.4172,12.408,12.422,-8.233333,-9,-8,52.133333,47,64,7.097,7.097,7.097,1,1,1,4358,4387,0,0,0,0,0
2020-11-26T19:00:00Z,29,0.524345,0.507,0.542,12.415138,12.408,12.422,-8.034483,-9,-8,54.758621,39,64,7.097,7.097,7.097,1,1,1,4388,4417,0,0,0,0,0
2020-11-26T20:00:00Z,30,0.530433,0.519,0.554,12.412667,12.408,12.417,-8.033333,-9,-7,54.9,39,64,7.097,7.097,7.097,1,1,1,4418,4447,0,0,0,0,0
2020-11-26T21:00:00Z,29,0.541034,0.519,0.554,12.409552,12.403,12.412,-8.034483,-9,-7,54.344828,39,64,7.097,7.097,7.097,1,1,1,4448,4476,0,0,0,0,0
2020-11-26T22:00:00Z,30,0.749433,0.531,1.818,12.408733,12.403,12.412,-8,-8,-8,56.7,47,64,7.097,7.097,7.097,1,1,1,4477,4506,0,0,0,0,0
2020-11-26T23:00:00Z,29,4.743448,1.9,13.623,12.385828,12.27,12.412,-16,-67,-7,44.241379,-18,64,7.097,7.097,7.097,1,1,1,4507,4536,0,0,0,0,0
2020-11-27T00:00:00Z,30,9.8969,3.432,14.091,12.414033,12.398,12.436,-2,-9,9,78.433333,55,113,7.097,7.097,7.097,1,1,1,4537,4566,0,0,0,0,0
2020-11-27T01:00:00Z,30,13.4431,13.401,13.471,12.437667,12.417,12.469,7.966667,1,16,86.933333,72,105,7.097,7.097,7.097,1,1,1,4567,4596,0,0,0,0,0
2020-11-27T02:00:00Z,29,13.416724,13.366,13.447,12.457,12.431,12.493,11.965517,4,20,74.206897,64,88,7.097,7.097,7.097,1,1,1,4597,4626,0,0,0,0,0
2020-11-27T03:00:00Z,30,13.373433,13.342,13.424,12.485733,12.46,12.502,16.833333,9,23,67.033333,47,88,7.097,7.097,7.097,1,1,1,4627,4656,0,0,0,0,0
2020-11-27T04:00:00Z,29,13.430552,13.412,13.447,12.44569,12.436,12.455,7.517241,3,11,48.103448,39,55,7.097,7.097,7.097,1,1,1,4657,4685,0,0,0,0,0
2020-11-27T05:00:00Z,30,13.4108,13.354,14.044,12.477267,12.45,12.493,15.4,9,22,51.333333,39,64,7.097,7.097,7.097,1,1,1,4686,4715,0,0,0,0,0
2020-11-27T06:00:00Z,30,13.437067,13.354,14.056,12.474167,12.455,12.497,13.266667,7,19,48.666667,30,72,7.097,7.097,7.097,1,1,1,4716,4745,0,0,0,0,0
2020-11-27T07:00:00Z,29,13.425759,13.389,13.483,12.448345,12.408,12.474,9.555556,-2,16,85.517241,64,105,7.097,7.097,7.097,1,1,1,4746,4775,0,0,0,0,0
2020-11-27T08:00:00Z,30,13.085267,3.175,13.529,12.3997,12.365,12.422,-6.222222,-19,3,48.5,22,72,7.097,7.097,7.097,1,1,1,4776,4805,0,0,0,0,0
2020-11-27T09:00:00Z,30,11.678233,2.286,13.541,12.363233,12.341,12.393,-16.8,-23,-5,49.666667,14,88,7.097,7.097,7.097,1,1,1,4806,4835,0,0,0,0,0
2020-11-27T10:00:00Z,28,1.624607,0.624,5.293,12.384821,12.374,12.393,-4.214286,-6,-3,98.035714,72,105,7.097,7.097,7.097,1,1,1,4836,4865,0,0,0,0,0
2020-11-27T11:00:00Z,29,0.625345,0.613,0.636,12.376207,12.37,12.384,-6,-7,-4,79.862069,64,105,7.097,7.097,7.097,1,1,1,4866,4894,0,0,0,0,0
2020-11-27T12:00:00Z,29,0.623103,0.613,0.648,12.373138,12.36,12.379,-7.586207,-9,-7,61.37931,47,72,7.097,7.097,7.097,1,1,1,4895,4924,0,0,0,0,0
2020-11-27T13:00:00Z,30,0.641567,0.636,0.659,12.3721,12.36,12.379,-5.7,-8,-3,83.7,55,105,7.097,7.097,7.097,1,1,1,4925,4954,0,0,0,0,0
2020-11-27T14:00:00Z,30,0.646633,0.636,0.659,12.3684,12.36,12.374,-6.6,-8,-5,73.033333,55,88,7.097,7.097,7.097,1,1,1,4955,4984,0,0,0,0,0
2020-11-27T15:00:00Z,30,0.6524,0.648,0.659,12.364033,12.356,12.37,-7.866667,-8,-7,58.1,47,72,7.097,7.097,7.097,1,1,1,4985,5014,0,0,0,0,0
2020-11-27T16:00:00Z,30,0.653567,0.648,0.671,12.3605,12.356,12.365,-7.433333,-8,-7,63.5,47,80,7.097,7.097,7.097,1,1,1,5015,5044,0,0,0,0,0
2020-11-27T17:00:00Z,29,0.647,0.636,0.659,12.358517,12.351,12.365,-8.103448,-9,-8,52.034483,39,64,7.097,7.097,7.097,1,1,1,5045,5074,0,0,0,0,0
2020-11-27T18:00:00Z,29,0.644621,0.636,0.659,12.358,12.351,12.365,-8,-8,-8,56.37931,47,64,7.097,7.097,7.097,1,1,1,5075,5103,0,0,0,0,0
2020-11-27T19:00:00Z,30,0.6475,0.636,0.659,12.356833,12.351,12.36,-7.933333,-8,-7,58.366667,47,64,7.097,7.097,7.097,1,1,1,5104,5133,0,0,0,0,0
2020-11-27T20:00:00Z,29,0.654517,0.648,0.671,12.353517,12.346,12.36,-8,-8,-8,58.793103,47,72,7.097,7.097,7.097,1,1,1,5134,5163,0,0,0,0,0
2020-11-27T21:00:00Z,30,0.659933,0.648,0.671,12.352,12.346,12.356,-7.733333,-8,-7,64.1,55,72,7.097,7.097,7.097,1,1,1,5164,5193,0,0,0,0,0
2020-11-27T22:00:00Z,29,0.898069,0.659,2.028,12.347103,12.337,12.356,-7.724138,-8,-7,61.827586,47,72,7.097,7.097,7.097,1,1,1,5195,5223,0,0,0,0,0
2020-11-27T23:00:00Z,30,6.778033,1.97,13.705,12.312467,12.209,12.351,-20.866667,-67,-7,44.633333,-10,72,7.097,7.097,7.097,1,1,1,5224,5253,0,0,0,0,0
2020-11-28T00:00:00Z,30,7.844733,3.409,13.553,12.3396,12.332,12.351,-7.866667,-11,-3,56.7,39,64,7.097,7.097,7.097,1,1,1,5254,5283,0,0,0,0,0
2020-11-28T01:00:00Z,30,13.530033,13.471,14.126,12.3819,12.351,12.422,7.214286,0,20,59.2,39,80,7.097,7.097,7.097,1,1,1,5284,5313,0,0,0,0,0
2020-11-28T02:00:00Z,30,13.500233,13.459,14.114,12.413433,12.398,12.422,15.633333,10,20,90.666667,64,105,7.097,7.097,7.097,1,1,1,5314,5343,0,0,0,0,0
2020-11-28T03:00:00Z,28,13.431964,13.33,14.056,12.478429,12.427,12.512,31.285714,18,41,86.357143,64,105,7.097,7.097,7.097,1,1,1,5345,5372,0,0,0,0,0
2020-11-28T04:00:00Z,30,13.509933,13.424,14.103,12.4217,12.403,12.445,11.633333,5,18,55.033333,39,72,7.097,7.097,7.097,1,1,1,5373,5402,0,0,0,0,0
2020-11-28T05:00:00Z,30,13.4473,13.33,14.091,12.463767,12.422,12.502,25.433333,15,36,66.433333,55,80,7.097,7.097,7.097,1,1,1,5403,5432,0,0,0,0,0
2020-11-28T06:00:00Z,28,13.33375,13.272,13.377,12.51175,12.483,12.545,32.142857,19,43,67.785714,47,88,7.097,7.097,7.097,1,1,1,5433,5462,0,0,0,0,0
2020-11-28T07:00:00Z,30,13.4303,13.354,14.068,12.464567,12.441,12.493,16.766667,9,27,43.666667,30,55,7.097,7.097,7.097,1,1,1,5463,5492,0,0,0,0,0
2020-11-28T08:00:00Z,30,13.486867,13.412,13.541,12.403133,12.351,12.464,0.107143,-11,15,25.333333,-2,39,7.097,7.097,7.097,1,1,1,5493,5522,0,0,0,0,0
2020-11-28T09:00:00Z,28,11.639,2.356,13.6,12.315179,12.289,12.341,-22.571429,-64,-11,-0.607143,-18,22,7.097,7.097,7.097,1,1,1,5524,5551,0,0,0,0,0
2020-11-28T10:00:00Z,30,1.8262,0.706,5.608,12.3343,12.327,12.341,-10.566667,-11,-10,22.566667,14,39,7.097,7.097,7.097,1,1,1,5552,5581,0,0,0,0,0
2020-11-28T11:00:00Z,30,0.7064,0.694,0.73,12.328667,12.322,12.332,-10.4,-11,-10,24.4,14,30,7.097,7.097,7.097,1,1,1,5582,5611,0,0,0,0,0
2020-11-28T12:00:00Z,30,0.7212,0.706,0.73,12.3262,12.318,12.332,-10.166667,-11,-10,23.866667,5,39,7.097,7.097,7.097,1,1,1,5612,5641,0,0,0,0,0
2020-11-28T13:00:00Z,29,0.726483,0.718,0.741,12.323276,12.318,12.327,-10.206897,-11,-10,23.103448,14,30,7.097,7.097,7.097,1,1,1,5642,5671,0,0,0,0,0
2020-11-28T14:00:00Z,30,0.7542,0.741,0.765,12.320533,12.313,12.327,-8.533333,-11,-6,48.7,14,80,7.097,7.097,7.097,1,1,1,5672,5701,0,0,0,0,0
2020-11-28T15:00:00Z,30,0.759267,0.741,0.776,12.3174,12.308,12.322,-6.833333,-8,-5,71.866667,47,88,7.097,7.097,7.097,1,1,1,5702,5731,0,0,0,0,0
2020-11-28T16:00:00Z,30,0.7562,0.753,0.765,12.312833,12.304,12.322,-8.433333,-9,-8,50.233333,30,64,7.097,7.097,7.097,1,1,1,5732,5761,0,0,0,0,0
2020-11-28T17:00:00Z,29,0.755448,0.741,0.776,12.309655,12.299,12.313,-8.827586,-9,-8,45.275862,30,55,7.097,7.097,7.097,1,1,1,5762,5790,0,0,0,0,0
2020-11-28T18:00:00Z,30,0.760533,0.753,0.776,12.3072,12.299,12.313,-9,-10,-8,43.733333,30,55,7.097,7.097,7.097,1,1,1,5791,5820,0,0,0,0,0
2020-11-28T19:00:00Z,30,0.767533,0.753,0.776,12.304067,12.299,12.308,-9.033333,-10,-8,41.8,30,55,7.097,7.097,7.097,1,1,1,5821,5850,0,0,0,0,0
2020-11-28T20:00:00Z,30,0.771333,0.765,0.788,12.301267,12.294,12.308,-9.033333,-10,-8,45.066667,30,55,7.097,7.097,7.097,1,1,1,5851,5880,0,0,0,0,0
2020-11-28T21:00:00Z,30,0.777,0.765,0.788,12.2985,12.289,12.304,-8.966667,-9,-8,44.033333,30,55,7.097,7.097,7.097,1,1,1,5881,5910,0,0,0,0,0
2020-11-28T22:00:00Z,30,0.872133,0.776,1.408,12.296333,12.289,12.304,-8.533333,-9,-8,51.033333,39,64,7.097,7.097,7.097,1,1,1,5911,5940,0,0,0,0,0
2020-11-28T23:00:00Z,30,6.216867,1.584,13.763,12.279067,12.162,12.322,-17.4,-66,0,49.4,-10,80,7.097,7.097,7.097,0.566667,0,1,5941,5970,0,0,0,0,0
2020-11-29T00:00:00Z,30,5.162767,2.789,13.6,12.3119,12.289,12.322,-1.75,-10,0,72.266667,64,80,7.097,7.097,7.097,0,0,0,5971,6000,0,0,0,0,0
2020-11-29T01:00:00Z,30,13.530167,13.424,14.161,12.3758,12.294,12.455,18.366667,-6,42,89.2,64,122,7.097,7.097,7.097,0,0,0,6001,6030,0,0,0,0,0
2020-11-29T02:00:00Z,29,13.428379,13.295,14.091,12.459034,12.417,12.531,37.344828,21,57,114.517241,88,155,7.097,7.097,7.097,0,0,0,6031,6060,0,0,0,0,0
2020-11-29T03:00:00Z,28,13.396929,13.295,13.483,12.464464,12.412,12.516,33.142857,15,51,142.464286,130,155,7.097,7.097,7.097,0,0,0,6061,6089,0,0,0,0,0
2020-11-29T04:00:00Z,30,13.339733,13.284,14.021,12.5156,12.488,12.535,42.766667,38,47,136.033333,122,147,7.097,7.097,7.097,0,0,0,6090,6119,0,0,0,0,0
2020-11-29T05:00:00Z,30,13.3913,13.284,14.056,12.4832,12.431,12.531,28.4,10,45,106.133333,88,130,7.097,7.097,7.097,0,0,0,6120,6149,0,0,0,0,0
2020-11-29T06:00:00Z,30,13.281367,13.213,13.354,12.539,12.507,12.573,40.1,24,53,111.366667,88,130,7.097,7.097,7.097,0,0,0,6150,6179,0,0,0,0,0
2020-11-29T07:00:00Z,30,13.428367,13.354,13.506,12.444133,12.374,12.488,14.142857,0,23,76.766667,47,97,7.097,7.097,7.097,0,0,0,6180,6209,0,0,0,0,0
2020-11-29T08:00:00Z,29,13.529759,13.494,13.564,12.353103,12.313,12.389,-5.607143,-15,5,53.896552,30,72,7.097,7.097,7.097,0,0,0,6210,6239,0,0,0,0,0
2020-11-29T09:00:00Z,29,10.510655,2.262,13.6,12.306724,12.275,12.327,-14.954545,-17,-2,48.241379,30,72,7.097,7.097,7.097,0,0,0,6240,6268,0,0,0,0,0
2020-11-29T10:00:00Z,29,1.638034,0.718,5.374,12.319828,12.313,12.327,-0.2,-2,0,70,55,88,7.097,7.097,7.097,0,0,0,6270,6298,0,0,0,0,0
2020-11-29T11:00:00Z,30,0.7491,0.718,0.776,12.317167,12.308,12.322,0,0,0,77.633333,64,97,7.097,7.097,7.097,0,0,0,6299,6328,0,0,0,0,0
2020-11-29T12:00:00Z,29,0.762345,0.753,0.776,12.315241,12.308,12.322,1.827586,0,3,117.586207,88,138,7.097,7.097,7.097,0,0,0,6329,6358,0,0,0,0,0
2020-11-29T13:00:00Z,30,0.794367,0.765,0.811,12.3055,12.294,12.313,1.4,0,3,112.033333,97,130,7.097,7.097,7.097,0,0,0,6359,6388,0,0,0,0,0
2020-11-29T14:00:00Z,30,0.799033,0.788,0.811,12.303833,12.299,12.313,0.233333,0,1,96.8,80,105,7.097,7.097,7.097,0,0,0,6389,6418,0,0,0,0,0
2020-11-29T15:00:00Z,29,0.798483,0.788,0.823,12.299345,12.289,12.304,0.413793,0,1,97.37931,88,105,7.097,7.097,7.097,0,0,0,6419,6448,0,0,0,0,0
2020-11-29T16:00:00Z,29,0.787172,0.776,0.8,12.296586,12.289,12.299,0,0,0,90.62069,80,97,7.097,7.097,7.097,0,0,0,6449,6477,0,0,0,0,0
2020-11-29T17:00:00Z,29,0.789586,0.776,0.811,12.294172,12.289,12.304,0,0,0,85.655172,72,97,7.097,7.097,7.097,0,0,0,6478,6507,0,0,0,0,0
2020-11-29T18:00:00Z,30,0.792767,0.776,0.811,12.2927,12.285,12.304,0,0,0,89.4,80,97,7.097,7.097,7.097,0,0,0,6508,6537,0,0,0,0,0
2020-11-29T19:00:00Z,30,0.8063,0.8,0.823,12.2887,12.28,12.294,0,0,0,87.633333,72,97,7.097,7.097,7.097,0,0,0,6538,6567,0,0,0,0,0
2020-11-29T20:00:00Z,30,0.796767,0.788,0.811,12.289833,12.285,12.294,0,0,0,90.133333,80,105,7.097,7.097,7.097,0,0,0,6568,6597,0,0,0,0,0
2020-11-29T21:00:00Z,30,0.801,0.788,0.811,12.286233,12.28,12.294,0,0,0,94.266667,80,105,7.097,7.097,7.097,0,0,0,6598,6627,0,0,0,0,0
2020-11-29T22:00:00Z,30,0.9604,0.788,1.841,12.284633,12.28,12.289,0,0,0,93.933333,80,105,7.097,7.097,7.097,0,0,0,6628,6657,0,0,0,0,0
2020-11-29T23:00:00Z,30,7.6298,2.11,13.775,12.2361,12.143,12.285,-18.533333,-58,1,69,22,105,7.097,7.097,7.097,0,0,0,6658,6687,0,0,0,0,0
2020-11-30T00:00:00Z,30,6.294733,3.081,13.623,12.279667,12.27,12.285,0.137931,0,3,88.766667,80,97,7.097,7.097,7.097,0,0,0,6688,6717,0,0,0,0,0
2020-11-30T01:00:00Z,30,13.5745,13.518,14.208,12.329867,12.289,12.374,15.2,3,29,100.633333,80,122,7.097,7.097,7.097,0,0,0,6718,6747,0,0,0,0,0
2020-11-30T02:00:00Z,28,13.505893,13.436,14.114,12.403071,12.341,12.436,32.5,15,50,104.107143,88,122,7.097,7.097,7.097,0,0,0,6748,6776,0,0,0,0,0
2020-11-30T03:00:00Z,30,13.498933,13.424,14.091,12.408067,12.37,12.455,26.066667,12,44,92.733333,72,113,7.097,7.097,7.097,0,0,0,6777,6806,0,0,0,0,0
2020-11-30T04:00:00Z,30,13.468867,13.447,13.506,12.417067,12.384,12.436,28.266667,20,34,92.8,72,105,7.097,7.097,7.097,0,0,0,6807,6836,0,0,0,0,0
2020-11-30T05:00:00Z,30,13.487467,13.412,14.126,12.414933,12.356,12.45,24.733333,4,38,86.5,64,105,7.097,7.097,7.097,0,0,0,6837,6866,0,0,0,0,0
2020-11-30T06:00:00Z,30,13.478167,13.412,14.114,12.4268,12.393,12.46,27.1,15,42,87.533333,64,105,7.097,7.097,7.097,0,0,0,6867,6896,0,0,0,0,0
2020-11-30T07:00:00Z,30,13.536033,13.471,14.138,12.397467,12.37,12.417,19.133333,13,25,114.766667,97,130,7.097,7.097,7.097,0,0,0,6897,6926,0,0,0,0,0
2020-11-30T08:00:00Z,30,13.536,13.494,13.564,12.348933,12.313,12.389,8.392857,0,19,85.1,64,105,7.097,7.097,7.097,0,0,0,6927,6956,0,0,0,0,0
2020-11-30T09:00:00Z,30,13.390467,6.626,13.658,12.272267,12.247,12.308,-12.928571,-20,-4,49.8,39,64,7.097,7.097,7.097,0,0,0,6957,6986,0,0,0,0,0
2020-11-30T10:00:00Z,30,2.1226,0.811,13.658,12.2825,12.247,12.289,-0.32,-18,2,87.9,39,122,7.097,7.097,7.097,0,0,0,6987,7016,0,0,0,0,0
2020-11-30T11:00:00Z,30,0.834567,0.811,0.858,12.2785,12.27,12.285,2.133333,1,3,122.333333,105,138,7.097,7.097,7.097,0,0,0,7017,7046,0,0,0,0,0
2020-11-30T12:00:00Z,30,0.843333,0.823,0.858,12.274333,12.27,12.28,0.6,0,2,104.2,88,122,7.097,7.097,7.097,0,0,0,7047,7076,0,0,0,0,0
2020-11-30T13:00:00Z,28,0.838,0.823,0.847,12.272179,12.266,12.275,0.25,0,1,100.928571,88,105,7.097,7.097,7.097,0,0,0,7077,7105,0,0,0,0,0
2020-11-30T14:00:00Z,30,0.852167,0.835,0.882,12.2691,12.266,12.275,0.233333,0,1,99,88,113,7.097,7.097,7.097,0,0,0,7106,7135,0,0,0,0,0
2020-11-30T15:00:00Z,29,0.858966,0.847,0.87,12.269103,12.261,12.275,2.310345,1,3,126.068966,105,138,7.097,7.097,7.097,0,0,0,7137,7165,0,0,0,0,0
2020-11-30T16:00:00Z,28,0.848857,0.835,0.882,12.267429,12.261,12.275,1.571429,1,2,117.821429,105,130,7.097,7.097,7.097,0,0,0,7166,7195,0,0,0,0,0
2020-11-30T17:00:00Z,30,0.8579,0.847,0.87,12.263467,12.256,12.27,0.9,0,1,108,97,122,7.097,7.097,7.097,0,0,0,7196,7225,0,0,0,0,0
2020-11-30T18:00:00Z,29,0.862207,0.847,0.882,12.261345,12.256,12.266,0.689655,0,1,102.793103,97,105,7.097,7.097,7.097,0,0,0,7226,7254,0,0,0,0,0
2020-11-30T19:00:00Z,30,0.8605,0.847,0.882,12.2613,12.251,12.27,0.7,0,1,103.666667,97,113,7.097,7.097,7.097,0,0,0,7255,7284,0,0,0,0,0
2020-11-30T20:00:00Z,30,0.868,0.858,0.882,12.257833,12.251,12.261,0.566667,0,1,101.466667,88,113,7.097,7.097,7.097,0,0,0,7285,7314,0,0,0,0,0
2020-11-30T21:00:00Z,30,0.875167,0.858,0.893,12.255033,12.247,12.261,0.333333,0,1,100.433333,88,113,7.097,7.097,7.097,0,0,0,7315,7344,0,0,0,0,0
2020-11-30T22:00:00Z,30,1.100533,0.87,2.309,12.2539,12.247,12.261,0.366667,0,1,98.066667,88,113,7.097,7.097,7.097,0,0,0,7345,7374,0,0,0,0,0
2020-11-30T23:00:00Z,30,6.058867,2.11,13.822,12.222367,12.114,12.256,-10.766667,-56,2,85.433333,22,122,7.097,7.097,7.097,0,0,0,7375,7404,0,0,0,0,0
2020-12-01T00:00:00Z,30,4.338633,3.187,13.658,12.251367,12.247,12.256,0.633333,0,4,100.966667,88,113,7.097,7.097,7.097,0,0,0,7405,7434,0,0,0,0,0
2020-12-01T01:00:00Z,29,13.631069,13.541,14.255,12.295172,12.251,12.351,17.034483,4,35,118.724138,88,147,7.097,7.097,7.097,0,0,0,7435,7464,0,0,0,0,0
2020-12-01T02:00:00Z,29,13.569276,13.436,14.196,12.38769,12.332,12.45,40,26,57,145.275862,130,163,7.097,7.097,7.097,0,0,0,7465,7493,0,0,0,0,0
2020-12-01T03:00:00Z,27,13.438667,13.284,14.079,12.45563,12.422,12.54,49.333333,38,68,137.888889,122,155,7.097,7.097,7.097,0,0,0,7495,7523,0,0,0,0,0
2020-12-01T04:00:00Z,30,13.324167,13.26,14.009,12.526167,12.502,12.554,54.866667,42,68,137.233333,122,147,7.097,7.097,7.097,0,0,0,7524,7553,0,0,0,0,0
2020-12-01T05:00:00Z,30,13.302,13.213,13.986,12.539767,12.483,12.573,51.733333,32,66,125.533333,105,138,7.097,7.097,7.097,0,0,0,7554,7583,0,0,0,0,0
2020-12-01T06:00:00Z,30,13.445167,13.237,14.114,12.4603,12.384,12.568,25.733333,0,57,92.6,55,138,7.097,7.097,7.097,0,0,0,7584,7613,0,0,0,0,0
2020-12-01T07:00:00Z,30,13.4517,13.389,14.091,12.443633,12.408,12.479,26.5,14,39,89.233333,64,105,7.097,7.097,7.097,0,0,0,7614,7643,0,0,0,0,0
2020-12-01T08:00:00Z,30,13.506367,13.447,13.553,12.376267,12.322,12.431,9.965517,-3,24,89.133333,72,105,7.097,7.097,7.097,0,0,0,7644,7673,0,0,0,0,0
2020-12-01T09:00:00Z,30,12.866,2.356,14.161,12.314433,12.275,12.346,0.655172,-15,11,86.566667,64,113,7.097,7.097,7.097,0,0,0,7674,7703,0,0,0,0,0
2020-12-01T10:00:00Z,30,1.807867,0.8,5.632,12.289633,12.28,12.299,0,0,0,78.933333,64,88,7.097,7.097,7.097,0,0,0,7704,7733,0,0,0,0,0
2020-12-01T11:00:00Z,29,0.831655,0.811,0.858,12.274828,12.27,12.285,0.103448,0,1,85.275862,64,105,7.097,7.097,7.097,0,0,0,7734,7763,0,0,0,0,0
2020-12-01T12:00:00Z,28,0.871679,0.847,0.893,12.265571,12.261,12.27,0.142857,0,1,94.571429,80,105,7.097,7.097,7.097,0,0,0,7764,7792,0,0,0,0,0
2020-12-01T13:00:00Z,30,0.8914,0.87,0.917,12.2585,12.251,12.266,0,0,0,82.433333,64,97,7.097,7.097,7.097,0,0,0,7793,7822,0,0,0,0,0
2020-12-01T14:00:00Z,29,0.890448,0.847,0.905,12.254966,12.251,12.261,0,0,0,84.724138,72,97,7.097,7.097,7.097,0,0,0,7823,7852,0,0,0,0,0
2020-12-01T15:00:00Z,30,0.8979,0.882,0.928,12.249333,12.242,12.251,0,0,0,78.933333,72,88,7.097,7.097,7.097,0,0,0,7853,7882,0,0,0,0,0
2020-12-01T16:00:00Z,30,0.893633,0.87,0.917,12.2455,12.237,12.251,0,0,0,79.466667,72,88,7.097,7.097,7.097,0,0,0,7883,7912,0,0,0,0,0
2020-12-01T17:00:00Z,29,0.899655,0.882,0.917,12.243897,12.237,12.247,0,0,0,80.862069,72,97,7.097,7.097,7.097,0,0,0,7913,7941,0,0,0,0,0
2020-12-01T18:00:00Z,30,0.909733,0.893,0.928,12.240833,12.237,12.247,0,0,0,82.433333,72,97,7.097,7.097,7.097,0,0,0,7942,7971,0,0,0,0,0
2020-12-01T19:00:00Z,30,0.918333,0.905,0.94,12.236633,12.228,12.242,0,0,0,83.266667,72,97,7.097,7.097,7.097,0,0,0,7972,8001,0,0,0,0,0
2020-12-01T20:00:00Z,30,0.9241,0.917,0.94,12.234533,12.228,12.237,0,0,0,83.466667,72,88,7.097,7.097,7.097,0,0,0,8002,8031,0,0,0,0,0
2020-12-01T21:00:00Z,30,0.932567,0.917,0.952,12.230733,12.223,12.237,0,0,0,83.266667,64,97,7.097,7.097,7.097,0,0,0,8032,8061,0,0,0,0,0
2020-12-01T22:00:00Z,30,1.108467,0.928,2.075,12.2285,12.223,12.233,0,0,0,89.033333,80,97,7.097,7.097,7.097,0,0,0,8062,8091,0,0,0,0,0
2020-12-01T23:00:00Z,29,6.305724,2.309,13.845,12.192241,12.091,12.233,-13.62069,-61,2,70.931034,14,97,7.097,7.097,7.097,0,0,0,8092,8121,0,0,0,0,0
2020-12-02T00:00:00Z,30,8.050233,3.538,13.693,12.231967,12.218,12.251,2.566667,0,11,91.433333,80,97,7.097,7.097,7.097,0,0,0,8122,8151,0,0,0,0,0
2020-12-02T01:00:00Z,30,13.635867,13.588,13.681,12.260267,12.228,12.299,12.8,3,28,118.9,88,147,7.097,7.097,7.097,0,0,0,8152,8181,0,0,0,0,0
2020-12-02T02:00:00Z,30,13.637767,13.576,14.243,12.274833,12.242,12.304,17.966667,7,31,120.9,97,138,7.097,7.097,7.097,0,0,0,8182,8211,0,0,0,0,0
2020-12-02T03:00:00Z,29,13.598655,13.541,14.243,12.303207,12.27,12.337,21.965517,8,32,104.724138,80,122,7.097,7.097,7.097,0,0,0,8212,8240,0,0,0,0,0
2020-12-02T04:00:00Z,30,13.630067,13.541,14.243,12.296233,12.237,12.346,18.1,-8,34,87.766667,55,113,7.097,7.097,7.097,0,0,0,8241,8270,0,0,0,0,0
2020-12-02T05:00:00Z,30,13.6557,13.529,14.255,12.293933,12.266,12.36,16,5,39,77.466667,55,105,7.097,7.097,7.097,0,0,0,8271,8300,0,0,0,0,0
2020-12-02T06:00:00Z,30,13.6627,13.623,14.266,12.2593,12.223,12.27,8.172414,-7,13,62.9,39,72,7.097,7.097,7.097,0,0,0,8301,8330,0,0,0,0,0
2020-12-02T07:00:00Z,30,13.631567,13.553,13.705,12.265033,12.204,12.322,11.533333,-13,32,58.333333,30,88,7.097,7.097,7.097,0,0,0,8331,8360,0,0,0,0,0
2020-12-02T08:00:00Z,30,13.663033,13.529,14.243,12.260233,12.209,12.356,8.310345,-8,41,50.266667,30,88,7.097,7.097,7.097,0,0,0,8361,8390,0,0,0,0,0
2020-12-02T09:00:00Z,30,13.396767,3.924,13.752,12.189633,12.162,12.228,-11.6,-20,0,27.433333,14,39,7.097,7.097,7.097,0,0,0,8391,8420,0,0,0,0,0
2020-12-02T10:00:00Z,30,3.842533,0.964,13.752,12.2012,12.157,12.214,-5.233333,-21,-2,42.233333,22,55,7.097,7.097,7.097,0,0,0,8421,8450,0,0,0,0,0
2020-12-02T11:00:00Z,30,0.9718,0.952,0.987,12.208167,12.199,12.214,-2,-2,-2,56.166667,39,64,7.097,7.097,7.097,0,0,0,8451,8480,0,0,0,0,0
2020-12-02T12:00:00Z,30,0.988567,0.964,1.01,12.204167,12.199,12.209,-2,-2,-2,55.2,47,72,7.097,7.097,7.097,0,0,0,8481,8510,0,0,0,0,0
2020-12-02T13:00:00Z,28,0.990286,0.975,1.022,12.201464,12.19,12.209,-2,-2,-2,55.892857,39,64,7.097,7.097,7.097,0,0,0,8511,8539,0,0,0,0,0
2020-12-02T14:00:00Z,30,1.0153,0.999,1.034,12.199967,12.195,12.204,-0.08,-2,0,74.633333,55,88,7.097,7.097,7.097,0,0,0,8540,8569,0,0,0,0,0
2020-12-02T15:00:00Z,30,1.021267,0.999,1.034,12.1953,12.185,12.204,-0.125,-2,0,70.9,55,80,7.097,7.097,7.097,0,0,0,8570,8599,0,0,0,0,0
2020-12-02T16:00:00Z,30,1.027133,1.01,1.045,12.1913,12.185,12.199,-0.5,-2,0,65.733333,55,80,7.097,7.097,7.097,0,0,0,8600,8629,0,0,0,0,0
2020-12-02T17:00:00Z,29,1.028103,1.01,1.057,12.19,12.185,12.195,0,0,0,69.206897,55,80,7.097,7.097,7.097,0,0,0,8630,8659,0,0,0,0,0
2020-12-02T18:00:00Z,29,1.020759,1.01,1.034,12.18969,12.181,12.199,0,0,0,77.241379,64,88,7.097,7.097,7.097,0,0,0,8660,8688,0,0,0,0,0
2020-12-02T19:00:00Z,29,1.032552,1.022,1.045,12.185414,12.181,12.19,0,0,0,79.724138,72,88,7.097,7.097,7.097,0,0,0,8690,8718,0,0,0,0,0
2020-12-02T20:00:00Z,27,1.034296,1.022,1.045,12.184,12.181,12.19,0,0,0,85.777778,72,97,7.097,7.097,7.097,0,0,0,8719,8748,0,0,0,0,0
2020-12-02T21:00:00Z,30,1.039067,1.022,1.057,12.1814,12.176,12.185,0,0,0,90.833333,80,105,7.097,7.097,7.097,0,0,0,8749,8778,0,0,0,0,0
2020-12-02T22:00:00Z,30,1.265967,1.034,2.531,12.177333,12.171,12.181,0.1,0,1,94.766667,80,105,7.097,7.097,7.097,0,0,0,8779,8808,0,0,0,0,0
2020-12-02T23:00:00Z,30,6.330333,2.461,13.892,12.145,12.043,12.181,-12.833333,-58,1,79.033333,22,105,7.097,7.097,7.097,0,0,0,8809,8838,0,0,0,0,0
2020-12-03T00:00:00Z,30,3.658033,3.21,4.146,12.172667,12.166,12.181,0.1,0,1,96.533333,88,105,7.097,7.097,7.097,0,0,0,8839,8868,0,0,0,0,0
2020-12-03T01:00:00Z,29,11.750517,4.204,13.74,12.201448,12.162,12.275,9.517241,0,32,100.206897,80,130,7.097,7.097,7.097,0,0,0,8869,8898,0,0,0,0,0
2020-12-03T02:00:00Z,29,13.655621,13.635,13.67,12.250897,12.233,12.266,19.62069,15,24,95.62069,80,105,7.097,7.097,7.097,0,0,0,8899,8928,0,0,0,0,0
2020-12-03T03:00:00Z,29,13.631621,13.623,13.646,12.267517,12.261,12.275,21.551724,18,25,88.310345,72,105,7.097,7.097,7.097,0,0,0,8929,8957,0,0,0,0,0
2020-12-03T04:00:00Z,30,13.705633,13.623,14.29,12.252567,12.233,12.27,15.933333,12,20,72.533333,64,88,7.097,7.097,7.097,0,0,0,8958,8987,0,0,0,0,0
2020-12-03T05:00:00Z,30,13.684433,13.658,13.904,12.233367,12.228,12.247,13.7,11,17,64.4,55,72,7.097,7.097,7.097,0,0,0,8988,9017,0,0,0,0,0
2020-12-03T06:00:00Z,30,13.6709,13.646,13.705,12.238733,12.209,12.256,14.3,3,20,61.266667,47,72,7.097,7.097,7.097,0,0,0,9018,9047,0,0,0,0,0
2020-12-03T07:00:00Z,29,13.694276,13.658,13.752,12.216379,12.162,12.247,9.758621,-8,17,51.758621,22,64,7.097,7.097,7.097,0,0,0,9048,9077,0,0,0,0,0
2020-12-03T08:00:00Z,30,13.7489,13.717,13.775,12.166933,12.147,12.195,-4.137931,-10,3,39.766667,22,55,7.097,7.097,7.097,0,0,0,9078,9107,0,0,0,0,0
2020-12-03T09:00:00Z,30,10.4806,2.543,13.81,12.1409,12.119,12.166,-11.28,-20,0,66.2,47,88,7.097,7.097,7.097,0,0,0,9108,9137,0,0,0,0,0
2020-12-03T10:00:00Z,30,2.387833,1.092,6.942,12.1619,12.152,12.171,-0.4,-2,0,66,47,80,7.097,7.097,7.097,0,0,0,9138,9167,0,0,0,0,0
2020-12-03T11:00:00Z,28,1.094393,1.069,1.116,12.159607,12.152,12.166,-2,-2,-2,62.678571,55,72,7.097,7.097,7.097,0,0,0,9168,9196,0,0,0,0,0
2020-12-03T12:00:00Z,30,1.090267,1.069,1.104,12.1575,12.152,12.162,-1.5,-2,0,64.666667,55,72,7.097,7.097,7.097,0,0,0,9197,9226,0,0,0,0,0
2020-12-03T13:00:00Z,30,1.1029,1.069,1.127,12.155667,12.147,12.162,-2,-2,-2,66.333333,55,72,7.097,7.097,7.097,0,0,0,9227,9256,0,0,0,0,0
2020-12-03T14:00:00Z,30,1.1223,1.104,1.139,12.150733,12.143,12.157,-0.5,-2,0,67.666667,55,80,7.097,7.097,7.097,0,0,0,9257,9286,0,0,0,0,0
2020-12-03T15:00:00Z,30,1.123433,1.104,1.151,12.149133,12.143,12.152,0,0,0,70.133333,64,80,7.097,7.097,7.097,0,0,0,9287,9316,0,0,0,0,0
2020-12-03T16:00:00Z,30,1.1283,1.116,1.139,12.147467,12.143,12.152,0,0,0,73.866667,64,88,7.097,7.097,7.097,0,0,0,9317,9346,0,0,0,0,0
2020-12-03T17:00:00Z,30,1.1346,1.127,1.151,12.144867,12.138,12.152,0,0,0,81.333333,72,88,7.097,7.097,7.097,0,0,0,9347,9376,0,0,0,0,0
2020-12-03T18:00:00Z,29,1.134862,1.127,1.151,12.141207,12.133,12.147,0,0,0,83.586207,72,88,7.097,7.097,7.097,0,0,0,9377,9405,0,0,0,0,0
2020-12-03T19:00:00Z,29,1.138172,1.127,1.151,12.138517,12.133,12.143,0,0,0,88.034483,72,97,7.097,7.097,7.097,0,0,0,9406,9435,0,0,0,0,0
2020-12-03T20:00:00Z,30,1.1442,1.139,1.151,12.1365,12.128,12.143,0.033333,0,1,93.366667,72,105,7.097,7.097,7.097,0,0,0,9436,9465,0,0,0,0,0
2020-12-03T21:00:00Z,30,1.151133,1.139,1.174,12.133833,12.128,12.143,0.466667,0,1,101.5,88,113,7.097,7.097,7.097,0,0,0,9466,9495,0,0,0,0,0
2020-12-03T22:00:00Z,30,1.432733,1.139,3.584,12.130867,12.124,12.138,0.866667,0,1,106.333333,97,113,7.097,7.097,7.097,0,0,0,9496,9525,0,0,0,0,0
2020-12-03T23:00:00Z,29,7.505828,2.894,13.939,12.084207,11.996,12.133,-18.413793,-56,1,80.758621,30,122,7.097,7.097,7.097,0,0,0,9526,9555,0,0,0,0,0
2020-12-04T00:00:00Z,30,4.018833,3.385,4.567,12.1269,12.124,12.133,0.966667,0,2,108.766667,97,122,7.097,7.097,7.097,0,0,0,9556,9585,0,0,0,0,0
2020-12-04T01:00:00Z,29,13.130345,4.462,13.798,12.152069,12.124,12.214,10.275862,0,29,110.689655,97,130,7.097,7.097,7.097,0,0,0,9586,9614,0,0,0,0,0
2020-12-04T02:00:00Z,30,13.7081,13.681,13.728,12.2013,12.185,12.218,21.233333,18,25,110.466667,97,122,7.097,7.097,7.097,0,0,0,9615,9644,0,0,0,0,0
2020-12-04T03:00:00Z,30,13.6894,13.681,13.705,12.220667,12.209,12.233,22.4,19,26,100.4,88,122,7.097,7.097,7.097,0,0,0,9645,9674,0,0,0,0,0
2020-12-04T04:00:00Z,30,13.7579,13.693,14.348,12.1943,12.176,12.218,14.8,11,20,85.833333,72,97,7.097,7.097,7.097,0,0,0,9675,9704,0,0,0,0,0
2020-12-04T05:00:00Z,29,13.764276,13.74,14.372,12.171724,12.157,12.181,11.724138,9,14,76.448276,64,97,7.097,7.097,7.097,0,0,0,9705,9734,0,0,0,0,0
2020-12-04T06:00:00Z,30,13.726733,13.693,13.752,12.1879,12.166,12.218,18.1,13,27,114.366667,88,138,7.097,7.097,7.097,0,0,0,9735,9764,0,0,0,0,0
2020-12-04T07:00:00Z,30,13.770267,13.705,14.348,12.183567,12.171,12.195,15.7,12,19,95.8,80,122,7.097,7.097,7.097,0,0,0,9765,9794,0,0,0,0,0
2020-12-04T08:00:00Z,30,13.308933,4.333,13.822,12.137167,12.114,12.181,2.206897,-6,15,69.7,47,88,7.097,7.097,7.097,0,0,0,9795,9824,0,0,0,0,0
2020-12-04T09:00:00Z,30,13.1671,3.573,13.869,12.098067,12.072,12.119,-11.344828,-20,0,63.333333,30,80,7.097,7.097,7.097,0,0,0,9825,9854,0,0,0,0,0
2020-12-04T10:00:00Z,28,2.957071,1.198,13.869,12.115214,12.076,12.124,-10.5,-20,0,67.464286,55,88,7.097,7.097,7.097,0,0,0,9855,9883,0,0,0,0,0
2020-12-04T11:00:00Z,30,1.2046,1.186,1.221,12.1177,12.11,12.124,1.137931,0,3,106.133333,72,130,7.097,7.097,7.097,0,0,0,9884,9913,0,0,0,0,0
2020-12-04T12:00:00Z,30,1.208933,1.198,1.221,12.113667,12.105,12.119,0.6,0,2,104.7,80,122,7.097,7.097,7.097,0,0,0,9914,9943,0,0,0,0,0
2020-12-04T13:00:00Z,30,1.201667,1.186,1.221,12.111267,12.105,12.114,0,0,0,88.2,80,97,7.097,7.097,7.097,0,0,0,9944,9973,0,0,0,0,0
2020-12-04T14:00:00Z,30,1.213133,1.198,1.221,12.109567,12.105,12.114,0,0,0,86.766667,72,97,7.097,7.097,7.097,0,0,0,9974,10003,0,0,0,0,0
2020-12-04T15:00:00Z,28,1.226464,1.221,1.244,12.1075,12.105,12.11,0,0,0,83.464286,72,97,7.097,7.097,7.097,0,0,0,10004,10032,0,0,0,0,0
2020-12-04T16:00:00Z,30,1.2385,1.221,1.256,12.1055,12.1,12.11,0,0,0,82.666667,72,88,7.097,7.097,7.097,0,0,0,10033,10062,0,0,0,0,0
2020-12-04T17:00:00Z,29,1.237138,1.221,1.256,12.103621,12.1,12.105,0,0,0,89.448276,80,97,7.097,7.097,7.097,0,0,0,10063,10092,0,0,0,0,0
2020-12-04T18:00:00Z,30,1.237367,1.221,1.256,12.1015,12.095,12.105,0,0,0,92.533333,80,105,7.097,7.097,7.097,0,0,0,10093,10122,0,0,0,0,0
2020-12-04T19:00:00Z,30,1.233067,1.209,1.244,12.100533,12.091,12.105,0.4,0,1,99.933333,97,105,7.097,7.097,7.097,0,0,0,10123,10152,0,0,0,0,0
2020-12-04T20:00:00Z,30,1.243167,1.221,1.268,12.097133,12.086,12.11,0.566667,0,1,101.766667,88,113,7.097,7.097,7.097,0,0,0,10153,10182,0,0,0,0,0
2020-12-04T21:00:00Z,27,1.248963,1.233,1.279,12.095444,12.091,12.105,0.851852,0,1,107.333333,88,113,7.097,7.097,7.097,0,0,0,10183,10212,0,0,0,0,0
2020-12-04T22:00:00Z,28,1.417321,1.244,2.321,12.091286,12.081,12.095,0.928571,0,2,109,97,113,7.097,7.097,7.097,0,0,0,10213,10241,0,0,0,0,0
2020-12-04T23:00:00Z,30,6.7492,2.66,13.986,12.054267,11.958,12.091,-12.466667,-59,2,88.766667,30,122,7.097,7.097,7.097,0,0,0,10242,10271,0,0,0,0,0
2020-12-05T00:00:00Z,29,4.091103,3.479,4.591,12.085138,12.081,12.091,0.896552,0,1,107.206897,97,113,7.097,7.097,7.097,0,0,0,10272,10301,0,0,0,0,0
2020-12-05T01:00:00Z,30,13.237267,4.661,14.395,12.112767,12.081,12.171,9.7,0,31,108.333333,88,130,7.097,7.097,7.097,0,0,0,10302,10331,0,0,0,0,0
2020-12-05T02:00:00Z,30,13.756233,13.728,13.775,12.158633,12.138,12.181,21.666667,17,28,113.033333,97,130,7.097,7.097,7.097,0,0,0,10332,10361,0,0,0,0,0
2020-12-05T03:00:00Z,29,13.727793,13.717,13.74,12.185759,12.176,12.195,26.137931,25,28,113.068966,97,130,7.097,7.097,7.097,0,0,0,10362,10391,0,0,0,0,0
2020-12-05T04:00:00Z,29,13.756897,13.717,14.372,12.179034,12.162,12.19,20.517241,17,25,96.206897,80,105,7.097,7.097,7.097,0,0,0,10392,10420,0,0,0,0,0
2020-12-05T05:00:00Z,30,13.7887,13.74,14.372,12.149667,12.114,12.171,13.6,0,19,82.233333,47,97,7.097,7.097,7.097,0,0,0,10421,10450,0,0,0,0,0
2020-12-05T06:00:00Z,29,13.792345,13.717,14.395,12.146345,12.119,12.195,15.758621,4,31,78.965517,64,97,7.097,7.097,7.097,0,0,0,10451,10480,0,0,0,0,0
2020-12-05T07:00:00Z,30,13.770333,13.681,14.36,12.166333,12.119,12.228,17.366667,0,38,76.566667,47,105,7.097,7.097,7.097,0,0,0,10481,10510,0,0,0,0,0
2020-12-05T08:00:00Z,30,13.834967,13.74,13.892,12.097533,12.048,12.166,-0.413793,-16,24,55.733333,30,97,7.097,7.097,7.097,0,0,0,10511,10540,0,0,0,0,0
2020-12-05T09:00:00Z,30,13.541067,3.561,13.904,12.055067,12.029,12.086,-10.5,-20,2,65.033333,30,80,7.097,7.097,7.097,0,0,0,10541,10570,0,0,0,0,0
2020-12-05T10:00:00Z,30,2.8055,1.326,13.904,12.072867,12.029,12.081,-1.416667,-17,0,74.1,55,80,7.097,7.097,7.097,0,0,0,10571,10600,0,0,0,0,0
2020-12-05T11:00:00Z,30,1.314733,1.291,1.338,12.0718,12.062,12.076,0,0,0,73.3,55,80,7.097,7.097,7.097,0,0,0,10601,10630,0,0,0,0,0
2020-12-05T12:00:00Z,28,1.315071,1.291,1.338,12.069964,12.062,12.076,0,0,0,72.285714,64,80,7.097,7.097,7.097,0,0,0,10631,10659,0,0,0,0,0
2020-12-05T13:00:00Z,27,1.319444,1.303,1.338,12.068148,12.058,12.072,0,0,0,73.777778,64,80,7.097,7.097,7.097,0,0,0,10660,10689,0,0,0,0,0
2020-12-05T14:00:00Z,29,1.333552,1.315,1.361,12.062517,12.058,12.067,0,0,0,72.793103,55,80,7.097,7.097,7.097,0,0,0,10690,10718,0,0,0,0,0
2020-12-05T15:00:00Z,30,1.346633,1.326,1.373,12.061533,12.053,12.067,0,0,0,75.733333,64,88,7.097,7.097,7.097,0,0,0,10719,10748,0,0,0,0,0
2020-12-05T16:00:00Z,30,1.3579,1.338,1.385,12.059167,12.048,12.062,0,0,0,80.8,64,88,7.097,7.097,7.097,0,0,0,10749,10778,0,0,0,0,0
2020-12-05T17:00:00Z,29,1.360586,1.338,1.385,12.056724,12.048,12.062,0,0,0,88,72,97,7.097,7.097,7.097,0,0,0,10779,10808,0,0,0,0,0
2020-12-05T18:00:00Z,30,1.3781,1.361,1.396,12.0525,12.048,12.058,0,0,0,91.066667,80,97,7.097,7.097,7.097,0,0,0,10809,10838,0,0,0,0,0
2020-12-05T19:00:00Z,28,1.384714,1.361,1.408,12.051036,12.043,12.058,0.035714,0,1,93.464286,80,105,7.097,7.097,7.097,0,0,0,10839,10867,0,0,0,0,0
2020-12-05T20:00:00Z,30,1.395067,1.373,1.42,12.048167,12.043,12.053,0,0,0,96,80,105,7.097,7.097,7.097,0,0,0,10868,10897,0,0,0,0,0
2020-12-05T21:00:00Z,30,1.4024,1.396,1.42,12.0447,12.039,12.048,0.133333,0,1,97.966667,88,105,7.097,7.097,7.097,0,0,0,10898,10927,0,0,0,0,0
2020-12-05T22:00:00Z,30,1.564867,1.396,2.59,12.043167,12.039,12.048,0.266667,0,1,101.233333,88,113,7.097,7.097,7.097,0,0,0,10928,10957,0,0,0,0,0
2020-12-05T23:00:00Z,30,11.5511,3.374,14.044,11.983767,11.906,12.043,-21.4,-57,2,72.133333,30,113,7.097,7.097,7.097,0,0,0,10958,10987,0,0,0,0,0
2020-12-06T00:00:00Z,30,13.9202,13.915,13.927,12.0098,11.991,12.029,-9.433333,-14,-4,85.133333,72,97,7.097,7.097,7.097,0,0,0,10988,11017,0,0,0,0,0
2020-12-06T01:00:00Z,29,13.881586,13.798,13.915,12.055862,12.02,12.124,8.37037,-3,30,99.034483,80,130,7.097,7.097,7.097,0,0,0,11018,11047,0,0,0,0,0
2020-12-06T02:00:00Z,29,13.85469,13.81,14.489,12.103793,12.086,12.119,20.172414,16,24,133.413793,122,147,7.097,7.097,7.097,0,0,0,11048,11076,0,0,0,0,0
2020-12-06T03:00:00Z,29,13.822069,13.798,14.208,12.121345,12.114,12.128,23.862069,20,27,136.862069,122,147,7.097,7.097,7.097,0,0,0,11077,11106,0,0,0,0,0
2020-12-06T04:00:00Z,30,13.885167,13.81,14.489,12.092333,12.062,12.114,15.4,8,23,111.866667,80,130,7.097,7.097,7.097,0,0,0,11107,11136,0,0,0,0,0
2020-12-06T05:00:00Z,29,13.919172,13.775,14.489,12.083759,12.062,12.138,14.482759,8,29,97.862069,80,130,7.097,7.097,7.097,0,0,0,11137,11166,0,0,0,0,0
2020-12-06T06:00:00Z,29,13.761276,13.693,13.904,12.162172,12.119,12.218,32.241379,19,55,135.206897,113,155,7.097,7.097,7.097,0,0,0,11167,11196,0,0,0,0,0
2020-12-06T07:00:00Z,28,13.766679,13.717,13.822,12.151964,12.119,12.195,24.678571,11,39,107.964286,88,138,7.097,7.097,7.097,0,0,0,11197,11225,0,0,0,0,0
2020-12-06T08:00:00Z,30,13.885867,13.81,13.927,12.052133,12.01,12.114,0.222222,-8,13,102.433333,72,113,7.097,7.097,7.097,0,0,0,11226,11255,0,0,0,0,0
2020-12-06T09:00:00Z,30,13.6014,4.099,13.951,12.000667,11.982,12.024,-11.4,-42,-6,84.8,55,113,7.097,7.097,7.097,0,0,0,11256,11285,0,0,0,0,0
2020-12-06T10:00:00Z,29,4.248862,1.455,13.962,12.018172,11.972,12.029,-3.217391,-20,0,78.827586,55,88,7.097,7.097,7.097,0,0,0,11286,11315,0,0,0,0,0
2020-12-06T11:00:00Z,29,1.462379,1.455,1.478,12.023207,12.015,12.029,0,0,0,75.586207,64,80,7.097,7.097,7.097,0,0,0,11316,11344,0,0,0,0,0
2020-12-06T12:00:00Z,28,1.465571,1.455,1.478,12.021536,12.015,12.029,0,0,0,74.571429,64,88,7.097,7.097,7.097,0,0,0,11346,11374,0,0,0,0,0
2020-12-06T13:00:00Z,29,1.473138,1.455,1.49,12.019552,12.01,12.024,-0.333333,-2,0,72.793103,55,80,7.097,7.097,7.097,0,0,0,11375,11404,0,0,0,0,0
2020-12-06T14:00:00Z,30,1.462567,1.455,1.478,12.018333,12.01,12.02,-0.333333,-2,0,73.6,64,80,7.097,7.097,7.097,0,0,0,11405,11434,0,0,0,0,0
2020-12-06T15:00:00Z,30,1.4822,1.455,1.502,12.015833,12.005,12.02,0,0,0,75.966667,55,88,7.097,7.097,7.097,0,0,0,11435,11464,0,0,0,0,0
2020-12-06T16:00:00Z,30,1.4912,1.478,1.502,12.011333,12.005,12.02,0,0,0,73.833333,55,80,7.097,7.097,7.097,0,0,0,11465,11494,0,0,0,0,0
2020-12-06T17:00:00Z,29,1.494897,1.49,1.513,12.010552,12.001,12.015,0,0,0,74.758621,64,88,7.097,7.097,7.097,0,0,0,11495,11523,0,0,0,0,0
2020-12-06T18:00:00Z,30,1.4931,1.478,1.513,12.007633,11.996,12.015,0,0,0,73.6,64,88,7.097,7.097,7.097,0,0,0,11524,11553,0,0,0,0,0
2020-12-06T19:00:00Z,30,1.483233,1.467,1.49,12.009167,12.005,12.015,0.066667,0,1,64.866667,47,80,7.097,7.097,7.097,0,0,0,11554,11583,0,0,0,0,0
2020-12-06T20:00:00Z,29,1.48469,1.467,1.502,12.01,12.005,12.015,0.448276,0,1,73.37931,64,80,7.097,7.097,7.097,0,0,0,11584,11613,0,0,0,0,0
2020-12-06T21:00:00Z,30,1.488767,1.478,1.513,12.007433,12.001,12.015,0.933333,0,1,78.133333,72,88,7.097,7.097,7.097,0,0,0,11614,11643,0,0,0,0,0
2020-12-06T22:00:00Z,30,1.582467,1.49,2.11,12.004767,12.001,12.01,1.033333,1,2,79.733333,72,88,7.097,7.097,7.097,0,0,0,11644,11673,0,0,0,0,0
2020-12-06T23:00:00Z,29,10.735448,2.192,14.091,11.958207,11.868,12.005,-16.310345,-56,2,56.586207,14,97,7.097,7.097,7.097,0,0,0,11674,11703,0,0,0,0,0
2020-12-07T00:00:00Z,30,13.621933,4.392,13.962,11.991533,11.972,12.029,-0.724138,-7,13,66.2,55,80,7.097,7.097,7.097,0,0,0,11704,11733,0,0,0,0,0
2020-12-07T01:00:00Z,30,13.904967,13.822,14.477,12.058167,12.024,12.114,18.866667,11,31,84.433333,64,97,7.097,7.097,7.097,0,0,0,11734,11763,0,0,0,0,0
2020-12-07T02:00:00Z,28,13.785857,13.728,13.857,12.140214,12.091,12.181,35.25,24,49,96.357143,72,113,7.097,7.097,7.097,0,0,0,11764,11792,0,0,0,0,0
2020-12-07T03:00:00Z,30,13.7953,13.705,14.419,12.166367,12.133,12.204,36.6,26,45,91.566667,80,105,7.097,7.097,7.097,0,0,0,11793,11822,0,0,0,0,0
2020-12-07T04:00:00Z,30,13.700633,13.658,13.752,12.212667,12.166,12.247,43.233333,29,52,93.4,72,105,7.097,7.097,7.097,0,0,0,11823,11852,0,0,0,0,0
2020-12-07T05:00:00Z,30,13.7103,13.635,14.325,12.242,12.204,12.275,43.766667,32,56,89,72,113,7.097,7.097,7.097,0,0,0,11853,11882,0,0,0,0,0
2020-12-07T06:00:00Z,30,13.773633,13.693,14.36,12.204633,12.185,12.218,30.9,24,35,73.3,55,80,7.097,7.097,7.097,0,0,0,11883,11912,0,0,0,0,0
2020-12-07T07:00:00Z,30,13.7525,13.693,14.36,12.183967,12.133,12.218,24.566667,13,35,71.433333,55,80,7.097,7.097,7.097,0,0,0,11913,11942,0,0,0,0,0
2020-12-07T08:00:00Z,30,13.807167,13.752,13.845,12.124,12.1,12.162,9.7,1,20,54.7,39,72,7.097,7.097,7.097,0,0,0,11943,11972,0,0,0,0,0
2020-12-07T09:00:00Z,29,13.888724,13.845,13.927,12.049862,12.001,12.095,-8,-21,5,30.827586,14,47,7.097,7.097,7.097,0,0,0,11973,12001,0,0,0,0,0
2020-12-07T10:00:00Z,28,2.392179,1.432,5.901,12.034929,12.02,12.043,-2.190476,-3,-2,56.178571,39,72,7.097,7.097,7.097,0,0,0,12002,12031,0,0,0,0,0
2020-12-07T11:00:00Z,28,1.455893,1.432,1.478,12.019607,12.005,12.029,-2,-2,-2,64.035714,47,72,7.097,7.097,7.097,0,0,0,12033,12061,0,0,0,0,0
2020-12-07T12:00:00Z,30,1.488433,1.467,1.502,12.0059,11.991,12.015,-2,-2,-2,69.266667,55,80,7.097,7.097,7.097,0,0,0,12062,12091,0,0,0,0,0
2020-12-07T13:00:00Z,30,1.509867,1.49,1.549,11.9976,11.991,12.005,-2,-2,-2,68.2,55,80,7.097,7.097,7.097,0,0,0,12092,12121,0,0,0,0,0
2020-12-07T14:00:00Z,30,1.5238,1.513,1.549,11.992133,11.987,12.001,0,0,0,73.866667,64,80,7.097,7.097,7.097,0,0,0,12122,12151,0,0,0,0,0
2020-12-07T15:00:00Z,30,1.5282,1.513,1.537,11.9884,11.982,11.996,0,0,0,78.133333,64,88,7.097,7.097,7.097,0,0,0,12152,12181,0,0,0,0,0
2020-12-07T16:00:00Z,29,1.536586,1.525,1.549,11.983379,11.977,11.987,0,0,0,78.068966,64,88,7.097,7.097,7.097,0,0,0,12182,12210,0,0,0,0,0
2020-12-07T17:00:00Z,30,1.550633,1.525,1.56,11.981,11.977,11.987,0,0,0,82.7,72,97,7.097,7.097,7.097,0,0,0,12211,12240,0,0,0,0,0
2020-12-07T18:00:00Z,30,1.555967,1.549,1.56,11.977167,11.972,11.987,0,0,0,81.066667,72,88,7.097,7.097,7.097,0,0,0,12241,12270,0,0,0,0,0
2020-12-07T19:00:00Z,30,1.550033,1.537,1.56,11.975367,11.968,11.982,0,0,0,88.5,72,97,7.097,7.097,7.097,0,0,0,12271,12300,0,0,0,0,0
2020-12-07T20:00:00Z,30,1.557133,1.549,1.572,11.973433,11.968,11.977,0,0,0,92.766667,80,105,7.097,7.097,7.097,0,0,0,12301,12330,0,0,0,0,0
2020-12-07T21:00:00Z,30,1.562133,1.549,1.584,11.9719,11.963,11.977,0,0,0,97.9,88,105,7.097,7.097,7.097,0,0,0,12331,12360,0,0,0,0,0
2020-12-07T22:00:00Z,30,1.6698,1.56,2.321,11.968867,11.963,11.972,0.166667,0,1,99.233333,88,113,7.097,7.097,7.097,0,0,0,12361,12390,0,0,0,0,0
2020-12-07T23:00:00Z,29,9.999069,2.485,14.126,11.925207,11.83,11.972,-15.896552,-58,2,76.517241,30,105,7.097,7.097,7.097,0,0,0,12391,12420,0,0,0,0,0
2020-12-08T00:00:00Z,30,14.004733,13.986,14.021,11.945333,11.93,11.958,-7.033333,-13,-2,67.9,47,80,7.097,7.097,7.097,0,0,0,12421,12450,0,0,0,0,0
2020-12-08T01:00:00Z,28,13.968036,13.904,14.009,11.9725,11.935,12.029,4.185185,-9,21,74.285714,55,97,7.097,7.097,7.097,0,0,0,12451,12479,0,0,0,0,0
2020-12-08T02:00:00Z,30,13.927033,13.88,14.559,12.0313,12.005,12.062,20.933333,13,26,99.966667,80,113,7.097,7.097,7.097,0,0,0,12480,12509,0,0,0,0,0
2020-12-08T03:00:00Z,30,13.875267,13.845,13.904,12.0672,12.034,12.095,25.3,16,36,92.733333,80,105,7.097,7.097,7.097,0,0,0,12510,12539,0,0,0,0,0
2020-12-08T04:00:00Z,30,13.892133,13.787,14.5,12.090267,12.048,12.138,27.9,16,41,86.3,72,105,7.097,7.097,7.097,0,0,0,12540,12569,0,0,0,0,0
2020-12-08T05:00:00Z,29,13.745138,13.728,13.798,12.173828,12.128,12.195,47.103448,39,54,98.793103,80,113,7.097,7.097,7.097,0,0,0,12570,12599,0,0,0,0,0
2020-12-08T06:00:00Z,30,13.720967,13.705,13.74,12.194367,12.181,12.214,43.366667,38,52,86.133333,72,105,7.097,7.097,7.097,0,0,0,12600,12629,0,0,0,0,0
2020-12-08T07:00:00Z,30,13.7778,13.705,14.43,12.1624,12.124,12.204,29.266667,18,43,69.1,55,88,7.097,7.097,7.097,0,0,0,12630,12659,0,0,0,0,0
2020-12-08T08:00:00Z,28,13.881179,13.798,14.477,12.079464,12.029,12.124,8.107143,0,16,73.285714,47,97,7.097,7.097,7.097,0,0,0,12660,12688,0,0,0,0,0
2020-12-08T09:00:00Z,30,13.6178,4.38,13.974,11.997167,11.963,12.034,-7.896552,-17,1,56.1,30,80,7.097,7.097,7.097,0,0,0,12689,12718,0,0,0,0,0
2020-12-08T10:00:00Z,29,3.487172,1.572,13.997,11.979793,11.958,11.991,-4.875,-18,0,67.103448,39,88,7.097,7.097,7.097,0,0,0,12719,12748,0,0,0,0,0
2020-12-08T11:00:00Z,30,1.575933,1.56,1.595,11.970267,11.963,11.977,1.103448,0,2,110.6,72,130,7.097,7.097,7.097,0,0,0,12749,12778,0,0,0,0,0
2020-12-08T12:00:00Z,30,1.5965,1.584,1.619,11.964067,11.953,11.972,2,1,3,124.466667,113,138,7.097,7.097,7.097,0,0,0,12779,12808,0,0,0,0,0
2020-12-08T13:00:00Z,30,1.6098,1.595,1.619,11.955933,11.949,11.963,1.566667,0,3,118.366667,97,130,7.097,7.097,7.097,0,0,0,12809,12838,0,0,0,0,0
2020-12-08T14:00:00Z,29,1.622276,1.595,1.642,11.952241,11.944,11.958,0.586207,0,1,104.448276,97,113,7.097,7.097,7.097,0,0,0,12839,12868,0,0,0,0,0
2020-12-08T15:00:00Z,28,1.626893,1.619,1.642,11.949964,11.944,11.953,0,0,0,98.214286,88,105,7.097,7.097,7.097,0,0,0,12869,12897,0,0,0,0,0
2020-12-08T16:00:00Z,28,1.631893,1.619,1.654,11.946821,11.939,11.953,0,0,0,89.142857,80,105,7.097,7.097,7.097,0,0,0,12898,12927,0,0,0,0,0
2020-12-08T17:00:00Z,30,1.618733,1.607,1.642,11.946767,11.939,11.953,0,0,0,91.9,80,105,7.097,7.097,7.097,0,0,0,12928,12957,0,0,0,0,0
2020-12-08T18:00:00Z,29,1.627621,1.619,1.654,11.943069,11.935,11.949,0,0,0,92.103448,80,97,7.097,7.097,7.097,0,0,0,12958,12987,0,0,0,0,0
2020-12-08T19:00:00Z,30,1.634467,1.619,1.642,11.9405,11.935,11.949,0,0,0,95.033333,80,113,7.097,7.097,7.097,0,0,0,12988,13017,0,0,0,0,0
2020-12-08T20:00:00Z,30,1.6432,1.63,1.666,11.937133,11.93,11.944,0.033333,0,1,97.633333,80,105,7.097,7.097,7.097,0,0,0,13018,13047,0,0,0,0,0
2020-12-08T21:00:00Z,29,1.649034,1.63,1.666,11.934172,11.925,11.939,0.068966,0,1,99.37931,88,113,7.097,7.097,7.097,0,0,0,13048,13076,0,0,0,0,0
2020-12-08T22:00:00Z,30,1.720233,1.63,2.157,11.932233,11.925,11.939,0.066667,0,1,102.566667,88,113,7.097,7.097,7.097,0,0,0,13077,13106,0,0,0,0,0
2020-12-08T23:00:00Z,30,8.6248,2.251,14.173,11.902067,11.797,11.935,-9.166667,-57,4,83.7,30,113,7.097,7.097,7.097,0,0,0,13107,13136,0,0,0,0,0
2020-12-09T00:00:00Z,30,13.566867,4.204,14.068,11.9061,11.882,11.935,-5.37931,-13,1,66.266667,39,80,7.097,7.097,7.097,0,0,0,13137,13166,0,0,0,0,0
2020-12-09T01:00:00Z,30,14.030967,13.939,14.629,11.969567,11.916,12.001,13.8,2,22,85.5,72,97,7.097,7.097,7.097,0,0,0,13167,13196,0,0,0,0,0
2020-12-09T02:00:00Z,30,13.912667,13.857,14.524,12.051833,11.968,12.091,33.233333,12,41,99.733333,80,122,7.097,7.097,7.097,0,0,0,13197,13226,0,0,0,0,0
2020-12-09T03:00:00Z,30,13.803467,13.775,13.857,12.127533,12.091,12.147,44.533333,38,51,105.5,88,122,7.097,7.097,7.097,0,0,0,13227,13256,0,0,0,0,0
2020-12-09T04:00:00Z,30,13.7872,13.74,14.43,12.1542,12.133,12.171,43.7,39,47,99,88,105,7.097,7.097,7.097,0,0,0,13257,13286,0,0,0,0,0
2020-12-09T05:00:00Z,30,13.764033,13.728,14.044,12.1641,12.143,12.19,40.666667,33,51,94.733333,80,113,7.097,7.097,7.097,0,0,0,13287,13316,0,0,0,0,0
2020-12-09T06:00:00Z,30,13.817967,13.775,13.869,12.116567,12.081,12.147,24.033333,15,35,71.033333,55,88,7.097,7.097,7.097,0,0,0,13317,13346,0,0,0,0,0
2020-12-09T07:00:00Z,29,13.874276,13.857,13.892,12.070138,12.043,12.086,14.931034,9,18,56.172414,47,64,7.097,7.097,7.097,0,0,0,13347,13375,0,0,0,0,0
2020-12-09T08:00:00Z,30,13.9157,13.904,13.939,12.018867,11.987,12.039,4,0,7,50.233333,39,64,7.097,7.097,7.097,0,0,0,13376,13405,0,0,0,0,0
2020-12-09T09:00:00Z,30,13.687367,5.293,14.021,11.965167,11.935,11.991,-8.25,-16,0,45.6,30,55,7.097,7.097,7.097,0,0,0,13406,13435,0,0,0,0,0
2020-12-09T10:00:00Z,28,5.596179,1.619,14.044,11.941321,11.911,11.953,-10.357143,-20,0,61.035714,30,80,7.097,7.097,7.097,0,0,0,13436,13465,0,0,0,0,0
2020-12-09T11:00:00Z,30,1.634667,1.607,1.654,11.9382,11.93,11.944,0,0,0,76.533333,72,88,7.097,7.097,7.097,0,0,0,13466,13495,0,0,0,0,0
2020-12-09T12:00:00Z,30,1.657533,1.642,1.689,11.9285,11.92,11.935,0,0,0,76.8,72,80,7.097,7.097,7.097,0,0,0,13496,13525,0,0,0,0,0
2020-12-09T13:00:00Z,30,1.673133,1.654,1.701,11.923467,11.911,11.93,0,0,0,77.6,72,88,7.097,7.097,7.097,0,0,0,13526,13555,0,0,0,0,0
2020-12-09T14:00:00Z,29,1.67769,1.666,1.701,11.922,11.911,11.93,0,0,0,66.034483,55,88,7.097,7.097,7.097,0,0,0,13556,13584,0,0,0,0,0
2020-12-09T15:00:00Z,30,1.6823,1.666,1.701,11.919467,11.911,11.925,0,0,0,62.366667,47,72,7.097,7.097,7.097,0,0,0,13585,13614,0,0,0,0,0
2020-12-09T16:00:00Z,29,1.682828,1.666,1.701,11.916828,11.911,11.92,0.034483,0,1,65.758621,55,80,7.097,7.097,7.097,0,0,0,13615,13644,0,0,0,0,0
2020-12-09T17:00:00Z,29,1.691897,1.677,1.701,11.914207,11.906,11.92,0.068966,0,1,69.758621,55,80,7.097,7.097,7.097,0,0,0,13645,13673,0,0,0,0,0
2020-12-09T18:00:00Z,30,1.699967,1.689,1.712,11.910667,11.906,11.916,0.466667,0,1,73.333333,64,80,7.097,7.097,7.097,0,0,0,13675,13704,0,0,0,0,0
2020-12-09T19:00:00Z,30,1.7026,1.689,1.724,11.9095,11.901,11.916,0.866667,0,1,79.2,64,88,7.097,7.097,7.097,0,0,0,13705,13734,0,0,0,0,0
2020-12-09T20:00:00Z,30,1.709133,1.701,1.724,11.907167,11.901,11.916,1.1,1,2,83.566667,72,97,7.097,7.097,7.097,0,0,0,13735,13764,0,0,0,0,0
2020-12-09T21:00:00Z,29,1.717069,1.701,1.736,11.903379,11.897,11.911,1.344828,1,2,85.413793,72,97,7.097,7.097,7.097,0,0,0,13765,13793,0,0,0,0,0
2020-12-09T22:00:00Z,30,1.782833,1.712,2.215,11.8999,11.897,11.906,1.4,1,2,86.3,72,97,7.097,7.097,7.097,0,0,0,13794,13823,0,0,0,0,0
2020-12-09T23:00:00Z,29,12.028276,2.356,14.22,11.856207,11.764,11.901,-14.137931,-56,2,63.551724,22,88,7.097,7.097,7.097,0,0,0,13824,13853,0,0,0,0,0
2020-12-10T00:00:00Z,30,13.4144,4.006,14.103,11.882533,11.859,11.906,-2.068966,-11,5,70,55,88,7.097,7.097,7.097,0,0,0,13854,13883,0,0,0,0,0
2020-12-10T01:00:00Z,30,14.066433,13.904,14.653,11.926467,11.878,12.034,11.4,-3,43,84.9,64,122,7.097,7.097,7.097,0,0,0,13884,13913,0,0,0,0,0
2020-12-10T02:00:00Z,30,13.921233,13.798,14.547,12.0359,11.991,12.124,33.566667,15,67,99.766667,80,122,7.097,7.097,7.097,0,0,0,13914,13943,0,0,0,0,0
2020-12-10T03:00:00Z,29,13.886103,13.798,14.512,12.079483,12.039,12.128,38.482759,26,55,96.655172,80,122,7.097,7.097,7.097,0,0,0,13944,13972,0,0,0,0,0
2020-12-10T07:00:00Z,25,13.73476,5.983,14.161,11.90032,11.807,11.949,-7.913043,-59,13,67.8,5,88,7.097,7.097,7.097,0,0,0,14050,14076,0,0,0,0,0
2020-12-10T08:00:00Z,29,14.048138,14.032,14.068,11.909759,11.892,11.925,3.321429,-3,7,68.586207,55,88,7.097,7.097,7.097,0,0,0,14077,14106,0,0,0,0,0
2020-12-10T09:00:00Z,30,14.1028,14.056,14.641,11.8755,11.84,11.911,-5.633333,-15,3,64.633333,55,80,7.097,7.097,7.097,0,0,0,14107,14136,0,0,0,0,0
2020-12-10T10:00:00Z,30,4.934067,1.759,14.114,11.874767,11.83,11.892,-2.766667,-17,1,81.533333,55,97,7.097,7.097,7.097,0,0,0,14137,14166,0,0,0,0,0
2020-12-10T11:00:00Z,27,1.764333,1.747,1.783,11.881778,11.873,11.887,0.518519,0,1,75.851852,64,80,7.097,7.097,7.097,0,0,0,14167,14193,0,0,0,0,0
2020-12-10T12:00:00Z,27,1.77963,1.759,1.806,11.878704,11.868,11.887,1,0,2,80.444444,72,97,7.097,7.097,7.097,0,0,0,14199,14225,0,0,0,0,0
2020-12-10T13:00:00Z,30,1.788567,1.771,1.818,11.876767,11.868,11.882,1.333333,1,2,87.466667,80,97,7.097,7.097,7.097,0,0,0,14226,14255,0,0,0,0,0
2020-12-10T14:00:00Z,30,1.8188,1.794,1.841,11.873167,11.864,11.882,4.066667,2,6,120.266667,97,138,7.097,7.097,7.097,0,0,0,14256,14285,0,0,0,0,0
2020-12-10T15:00:00Z,29,1.823759,1.806,1.841,11.868241,11.864,11.873,3.965517,1,6,119.137931,80,147,7.097,7.097,7.097,0,0,0,14286,14315,0,0,0,0,0
2020-12-10T16:00:00Z,30,1.829633,1.818,1.853,11.864467,11.859,11.868,2.133333,1,4,97.3,80,122,7.097,7.097,7.097,0,0,0,14316,14345,0,0,0,0,0
2020-12-10T17:00:00Z,30,1.820367,1.806,1.841,11.862833,11.859,11.868,1.2,1,2,84.033333,72,97,7.097,7.097,7.097,0,0,0,14346,14375,0,0,0,0,0
2020-12-10T18:00:00Z,30,1.814233,1.794,1.829,11.861533,11.854,11.868,1.1,1,2,82.933333,72,88,7.097,7.097,7.097,0,0,0,14376,14405,0,0,0,0,0
2020-12-10T19:00:00Z,29,1.818966,1.806,1.829,11.858138,11.849,11.864,1.068966,0,2,83.62069,64,97,7.097,7.097,7.097,0,0,0,14406,14434,0,0,0,0,0
2020-12-10T20:00:00Z,30,1.8216,1.806,1.841,11.858333,11.849,11.864,1.266667,1,2,85.966667,72,97,7.097,7.097,7.097,0,0,0,14435,14464,0,0,0,0,0
2020-12-10T21:00:00Z,30,1.826167,1.818,1.841,11.855667,11.849,11.864,1.466667,1,2,85.433333,72,97,7.097,7.097,7.097,0,0,0,14465,14494,0,0,0,0,0
2020-12-10T22:00:00Z,30,1.886567,1.818,2.227,11.8512,11.845,11.859,1.333333,1,2,84.6,72,97,7.097,7.097,7.097,0,0,0,14495,14524,0,0,0,0,0
2020-12-10T23:00:00Z,30,10.906467,2.297,14.266,11.809967,11.717,11.854,-13.533333,-55,3,63.166667,14,88,7.097,7.097,7.097,0,0,0,14525,14554,0,0,0,0,0
2020-12-11T00:00:00Z,30,14.1346,14.056,14.688,11.851467,11.811,11.911,3.4,-13,25,97.5,55,138,7.097,7.097,7.097,0,0,0,14555,14584,0,0,0,0,0
2020-12-11T01:00:00Z,29,13.788828,4.555,14.688,11.863241,11.83,11.939,7.482759,-2,30,92.310345,80,113,7.097,7.097,7.097,0,0,0,14585,14614,0,0,0,0,0
2020-12-11T02:00:00Z,29,14.120759,13.927,14.664,11.96269,11.925,12.01,29.689655,17,41,104.37931,88,122,7.097,7.097,7.097,0,0,0,14615,14644,0,0,0,0,0
2020-12-11T03:00:00Z,29,13.951276,13.88,14.021,11.992586,11.93,12.062,30.275862,7,61,99.413793,80,130,7.097,7.097,7.097,0,0,0,14645,14673,0,0,0,0,0
2020-12-11T04:00:00Z,30,13.882667,13.845,13.915,12.064167,12.024,12.105,43.866667,30,60,105.866667,88,130,7.097,7.097,7.097,0,0,0,14674,14703,0,0,0,0,0
2020-12-11T05:00:00Z,29,13.908828,13.845,14.559,12.058448,12.005,12.1,36.172414,18,50,91.655172,64,105,7.097,7.097,7.097,0,0,0,14705,14733,0,0,0,0,0
2020-12-11T06:00:00Z,29,13.931586,13.822,14.571,12.034069,11.906,12.119,23.689655,-14,54,74.689655,30,113,7.097,7.097,7.097,0,0,0,14734,14763,0,0,0,0,0
2020-12-11T07:00:00Z,30,13.4011,3.736,14.114,11.8725,11.84,11.925,-15.172414,-18,0,33.133333,22,47,7.097,7.097,7.097,0,0,0,14764,14793,0,0,0,0,0
2020-12-11T08:00:00Z,30,14.1075,14.091,14.126,11.852433,11.83,11.864,-6.230769,-18,1,41.1,22,55,7.097,7.097,7.097,0,0,0,14794,14823,0,0,0,0,0
2020-12-11T09:00:00Z,28,14.121964,13.787,14.185,11.832071,11.797,11.864,-8.925926,-20,1,37.214286,14,47,7.097,7.097,7.097,0,0,0,14824,14852,0,0,0,0,0
2020-12-11T10:00:00Z,29,4.177828,1.864,14.185,11.836862,11.797,11.849,-1.04,-21,5,95.655172,14,138,7.097,7.097,7.097,0,0,0,14853,14882,0,0,0,0,0
2020-12-11T11:00:00Z,27,1.877778,1.864,1.888,11.841667,11.835,11.845,3.777778,2,5,118.259259,88,138,7.097,7.097,7.097,0,0,0,14883,14912,0,0,0,0,0
2020-12-11T12:00:00Z,29,1.878897,1.864,1.9,11.835172,11.83,11.84,1.448276,1,2,90.551724,80,105,7.097,7.097,7.097,0,0,0,14913,14942,0,0,0,0,0
2020-12-11T13:00:00Z,27,1.884,1.864,1.9,11.835185,11.83,11.84,2.888889,1,6,106.814815,80,147,7.097,7.097,7.097,0,0,0,14943,14971,0,0,0,0,0
2020-12-11T14:00:00Z,29,1.899,1.888,1.911,11.832621,11.826,11.84,2.862069,1,5,105.931034,88,138,7.097,7.097,7.097,0,0,0,14972,15001,0,0,0,0,0
2020-12-11T15:00:00Z,30,1.9033,1.9,1.911,11.827967,11.821,11.83,2,1,4,93.8,80,122,7.097,7.097,7.097,0,0,0,15002,15031,0,0,0,0,0
2020-12-11T16:00:00Z,30,1.9044,1.9,1.911,11.827667,11.821,11.83,2,1,4,96.933333,80,113,7.097,7.097,7.097,0,0,0,15032,15061,0,0,0,0,0
2020-12-11T17:00:00Z,30,1.899433,1.888,1.911,11.823967,11.821,11.83,0.933333,0,1,83.766667,72,97,7.097,7.097,7.097,0,0,0,15062,15091,0,0,0,0,0
2020-12-11T18:00:00Z,29,1.904103,1.888,1.911,11.823069,11.816,11.826,0.896552,0,1,83.034483,72,88,7.097,7.097,7.097,0,0,0,15092,15120,0,0,0,0,0
2020-12-11T19:00:00Z,29,1.906069,1.9,1.911,11.820138,11.816,11.826,0.896552,0,1,82.482759,72,88,7.097,7.097,7.097,0,0,0,15121,15149,0,0,0,0,0
2020-12-11T20:00:00Z,30,1.914267,1.9,1.923,11.816833,11.811,11.821,0.666667,0,1,77.6,64,88,7.097,7.097,7.097,0,0,0,15151,15180,0,0,0,0,0
2020-12-11T21:00:00Z,30,1.9174,1.911,1.935,11.815367,11.807,11.821,0.733333,0,1,78.133333,72,88,7.097,7.097,7.097,0,0,0,15181,15210,0,0,0,0,0
2020-12-11T22:00:00Z,30,2.0076,1.911,2.602,11.814733,11.807,11.821,0.866667,0,1,80.566667,72,97,7.097,7.097,7.097,0,0,0,15211,15240,0,0,0,0,0
2020-12-11T23:00:00Z,30,11.657067,2.777,14.302,11.771567,11.679,11.816,-13.833333,-56,2,58.466667,22,88,7.097,7.097,7.097,0,0,0,15241,15270,0,0,0,0,0
2020-12-12T00:00:00Z,29,14.161897,14.114,14.208,11.807897,11.774,11.84,0.344828,-10,15,68.241379,55,88,7.097,7.097,7.097,0,0,0,15271,15299,0,0,0,0,0
2020-12-12T01:00:00Z,26,14.169577,14.091,14.746,11.820308,11.802,11.868,4.88,-2,18,70.038462,55,88,7.097,7.097,7.097,0,0,0,15300,15329,0,0,0,0,0
2020-12-12T02:00:00Z,30,14.083967,13.986,14.699,11.916067,11.859,11.963,28.4,13,40,110.266667,80,138,7.097,7.097,7.097,0,0,0,15330,15359,0,0,0,0,0
2020-12-12T03:00:00Z,30,14.063233,13.927,14.664,11.95,11.878,12.001,29.033333,8,47,94.2,72,113,7.097,7.097,7.097,0,0,0,15360,15389,0,0,0,0,0
2020-12-12T04:00:00Z,30,13.952467,13.869,14.629,12.0089,11.953,12.072,40.266667,19,62,95.066667,55,122,7.097,7.097,7.097,0,0,0,15390,15419,0,0,0,0,0
2020-12-12T05:00:00Z,30,13.698733,3.772,14.653,11.929333,11.83,11.996,11.103448,-18,36,55.633333,22,80,7.097,7.097,7.097,0,0,0,15420,15449,0,0,0,0,0
2020-12-12T06:00:00Z,30,14.097333,14.044,14.688,11.885467,11.864,11.911,13.448276,0,24,100.5,39,138,7.097,7.097,7.097,0,0,0,15450,15479,0,0,0,0,0
2020-12-12T07:00:00Z,30,14.0757,13.962,14.699,11.924233,11.878,11.972,25.366667,15,38,126.766667,88,155,7.097,7.097,7.097,0,0,0,15480,15509,0,0,0,0,0
2020-12-12T08:00:00Z,30,14.085967,14.032,14.138,11.8725,11.816,11.92,10.285714,-5,17,103.866667,80,138,7.097,7.097,7.097,0,0,0,15510,15539,0,0,0,0,0
2020-12-12T09:00:00Z,30,13.4926,4.357,14.208,11.804433,11.774,11.821,-4.740741,-13,2,60.366667,39,80,7.097,7.097,7.097,0,0,0,15540,15569,0,0,0,0,0
2020-12-12T10:00:00Z,29,8.029172,1.958,14.302,11.776793,11.67,11.811,-9.413793,-56,3,88.827586,39,130,7.097,7.097,7.097,0,0,0,15570,15598,0,0,0,0,0
2020-12-12T11:00:00Z,30,1.954,1.946,1.97,11.802,11.797,11.807,1,0,2,86.433333,72,105,7.097,7.097,7.097,0,0,0,15599,15628,0,0,0,0,0
2020-12-12T12:00:00Z,30,1.950833,1.935,1.97,11.799567,11.793,11.802,0.366667,0,1,77.6,64,88,7.097,7.097,7.097,0,0,0,15629,15658,0,0,0,0,0
2020-12-12T13:00:00Z,29,1.949759,1.935,1.958,11.797448,11.788,11.807,0.241379,0,1,75.551724,55,88,7.097,7.097,7.097,0,0,0,15659,15688,0,0,0,0,0
2020-12-12T14:00:00Z,29,1.955103,1.946,1.97,11.795862,11.793,11.802,0.172414,0,1,75.034483,64,88,7.097,7.097,7.097,0,0,0,15689,15718,0,0,0,0,0
2020-12-12T15:00:00Z,30,1.961567,1.946,1.981,11.792067,11.783,11.802,0.133333,0,1,72.266667,64,80,7.097,7.097,7.097,0,0,0,15719,15748,0,0,0,0,0
2020-12-12T16:00:00Z,30,1.9663,1.958,1.981,11.789167,11.783,11.793,0.133333,0,1,72.266667,64,80,7.097,7.097,7.097,0,0,0,15749,15778,0,0,0,0,0
2020-12-12T17:00:00Z,28,1.976857,1.97,1.993,11.783929,11.774,11.788,0.107143,0,1,70.464286,55,88,7.097,7.097,7.097,0,0,0,15779,15807,0,0,0,0,0
2020-12-12T18:00:00Z,30,1.9839,1.97,1.993,11.782233,11.774,11.788,0.2,0,1,75.466667,64,88,7.097,7.097,7.097,0,0,0,15808,15837,0,0,0,0,0
2020-12-12T19:00:00Z,30,1.9882,1.981,2.005,11.7774,11.769,11.783,0.4,0,1,76,64,88,7.097,7.097,7.097,0,0,0,15838,15867,0,0,0,0,0
2020-12-12T20:00:00Z,30,1.9962,1.981,2.017,11.773733,11.764,11.783,0.2,0,1,76,64,88,7.097,7.097,7.097,0,0,0,15868,15897,0,0,0,0,0
2020-12-12T21:00:00Z,30,2.003,1.993,2.017,11.771933,11.764,11.778,0.433333,0,1,78.666667,72,88,7.097,7.097,7.097,0,0,0,15898,15927,0,0,0,0,0
2020-12-12T22:00:00Z,30,2.088467,1.993,2.637,11.768833,11.759,11.774,0.9,0,1,80.266667,72,88,7.097,7.097,7.097,0,0,0,15928,15957,0,0,0,0,0
2020-12-12T23:00:00Z,30,6.739433,2.765,14.36,11.746733,11.627,11.774,-6.866667,-57,2,71.433333,5,88,7.097,7.097,7.097,0,0,0,15958,15987,0,0,0,0,0
2020-12-13T00:00:00Z,29,14.231345,14.138,14.348,11.751414,11.636,11.821,-5.241379,-54,22,62.517241,14,97,7.097,7.097,7.097,0,0,0,15988,16017,0,0,0,0,0
2020-12-13T01:00:00Z,29,14.156379,14.079,14.22,11.814069,11.764,11.878,14.793103,1,31,82.172414,55,105,7.097,7.097,7.097,0,0,0,16018,16047,0,0,0,0,0
2020-12-13T02:00:00Z,30,14.1724,11.751,14.793,11.7654,11.736,11.807,2.433333,-8,18,81.566667,39,147,7.097,7.097,7.097,0,0,0,16048,16077,0,0,0,0,0
2020-12-13T03:00:00Z,27,14.050185,13.939,14.161,11.902704,11.807,11.991,39.185185,16,64,136.814815,122,155,7.097,7.097,7.097,0,0,0,16078,16106,0,0,0,0,0
2020-12-13T04:00:00Z,30,14.004033,13.892,14.653,11.984667,11.939,12.043,42.966667,24,69,131.333333,113,163,7.097,7.097,7.097,0,0,0,16107,16136,0,0,0,0,0
2020-12-13T05:00:00Z,30,14.083533,13.951,14.442,11.8856,11.816,11.982,16.148148,-7,42,81.566667,55,122,7.097,7.097,7.097,0,0,0,16137,16166,0,0,0,0,0
2020-12-13T06:00:00Z,30,13.819933,4.368,14.231,11.8236,11.755,11.953,2.733333,-11,41,87.3,64,113,7.097,7.097,7.097,0,0,0,16167,16196,0,0,0,0,0
2020-12-13T07:00:00Z,30,13.890833,4.532,14.243,11.7666,11.741,11.783,-0.633333,-36,7,82.833333,64,105,7.097,7.097,7.097,0,0,0,16197,16226,0,0,0,0,0
2020-12-13T08:00:00Z,30,14.197467,14.185,14.22,11.782033,11.769,11.793,8.866667,7,12,102.5,88,122,7.097,7.097,7.097,0,0,0,16227,16256,0,0,0,0,0
2020-12-13T09:00:00Z,30,14.2507,14.208,14.278,11.7329,11.707,11.774,-5.533333,-16,8,79.566667,55,122,7.097,7.097,7.097,0,0,0,16257,16286,0,0,0,0,0
2020-12-13T10:00:00Z,30,7.944033,2.075,14.383,11.708567,11.608,11.745,-19.2,-58,0,59.866667,5,88,7.097,7.097,7.097,0,0,0,16287,16316,0,0,0,0,0
2020-12-13T11:00:00Z,29,2.082414,2.063,2.098,11.74269,11.736,11.75,0.103448,0,1,72,64,88,7.097,7.097,7.097,0,0,0,16317,16345,0,0,0,0,0
2020-12-13T12:00:00Z,30,2.0746,2.052,2.098,11.741433,11.736,11.745,0.066667,0,1,71.433333,55,80,7.097,7.097,7.097,0,0,0,16346,16375,0,0,0,0,0
2020-12-13T13:00:00Z,30,2.077767,2.063,2.098,11.739367,11.731,11.745,0.133333,0,1,72.8,64,88,7.097,7.097,7.097,0,0,0,16376,16405,0,0,0,0,0
2020-12-13T14:00:00Z,29,2.096379,2.075,2.122,11.733759,11.726,11.741,0,0,0,70.275862,55,80,7.097,7.097,7.097,0,0,0,16406,16435,0,0,0,0,0
2020-12-13T15:00:00Z,30,2.124367,2.11,2.145,11.73,11.726,11.736,0.066667,0,1,68.466667,55,80,7.097,7.097,7.097,0,0,0,16436,16465,0,0,0,0,0
2020-12-13T16:00:00Z,30,2.1275,2.11,2.145,11.727333,11.722,11.731,0,0,0,67.866667,55,80,7.097,7.097,7.097,0,0,0,16466,16495,0,0,0,0,0
2020-12-13T17:00:00Z,30,2.1208,2.11,2.134,11.7265,11.722,11.731,0.033333,0,1,68.733333,55,88,7.097,7.097,7.097,0,0,0,16496,16525,0,0,0,0,0
2020-12-13T18:00:00Z,28,2.130036,2.11,2.145,11.724929,11.717,11.731,3.821429,1,6,120.25,80,147,7.097,7.097,7.097,0,0,0,16526,16554,0,0,0,0,0
2020-12-13T19:00:00Z,30,2.1361,2.122,2.145,11.721233,11.717,11.726,2.233333,1,3,101.366667,80,113,7.097,7.097,7.097,0,0,0,16555,16584,0,0,0,0,0
2020-12-13T20:00:00Z,30,2.140267,2.122,2.157,11.718133,11.707,11.726,4.3,3,6,130.6,105,147,7.097,7.097,7.097,0,0,0,16585,16614,0,0,0,0,0
2020-12-13T21:00:00Z,30,2.1414,2.134,2.157,11.7102,11.703,11.717,2.066667,1,3,100.933333,88,113,7.097,7.097,7.097,0,0,0,16615,16644,0,0,0,0,0
2020-12-13T22:00:00Z,30,2.2239,2.134,2.777,11.707967,11.703,11.712,1.5,1,2,91.066667,80,97,7.097,7.097,7.097,0,0,0,16645,16674,0,0,0,0,0
2020-12-13T23:00:00Z,30,11.9892,2.929,14.442,11.658267,11.565,11.712,-17.366667,-59,2,63.533333,22,97,7.097,7.097,7.097,0,0,0,16675,16704,0,0,0,0,0
2020-12-14T00:00:00Z,24,14.297458,14.278,14.313,11.678583,11.665,11.688,-6.47619,-11,0,67.25,55,80,7.097,7.097,7.097,0,0,0,16705,16728,0,0,0,0,0
2020-12-14T01:00:00Z,29,14.283241,14.22,14.863,11.720862,11.693,11.764,6.758621,0,21,78.965517,64,97,7.097,7.097,7.097,0,0,0,16736,16764,0,0,0,0,0
2020-12-14T02:00:00Z,30,14.235733,14.149,14.84,11.788933,11.759,11.816,21.133333,15,25,84.866667,80,97,7.097,7.097,7.097,0,0,0,16765,16794,0,0,0,0,0
2020-12-14T03:00:00Z,28,14.175679,14.091,14.805,11.832679,11.811,11.873,27.535714,15,37,84.107143,55,97,7.097,7.097,7.097,0,0,0,16795,16823,0,0,0,0,0
2020-12-14T04:00:00Z,30,14.107367,14.056,14.185,11.856067,11.797,11.906,25.5,1,43,76.3,47,97,7.097,7.097,7.097,0,0,0,16824,16853,0,0,0,0,0
2020-12-14T05:00:00Z,29,14.136138,14.044,14.734,11.870379,11.816,11.92,28.137931,7,44,69.344828,39,97,7.097,7.097,7.097,0,0,0,16854,16883,0,0,0,0,0
2020-12-14T06:00:00Z,30,14.105833,14.009,14.185,11.859433,11.793,11.949,20.066667,0,50,56.066667,30,97,7.097,7.097,7.097,0,0,0,16884,16913,0,0,0,0,0
2020-12-14T07:00:00Z,29,14.217483,14.126,14.278,11.763448,11.707,11.84,-1.655172,-14,21,31.689655,14,55,7.097,7.097,7.097,0,0,0,16914,16943,0,0,0,0,0
2020-12-14T08:00:00Z,30,13.662633,4.591,14.851,11.701133,11.67,11.726,-7.8,-41,1,27.833333,14,39,7.097,7.097,7.097,0,0,0,16944,16973,0,0,0,0,0
2020-12-14T09:00:00Z,30,13.301267,3.9,14.348,11.6606,11.646,11.688,-17.068966,-22,-2,17.4,5,39,7.097,7.097,7.097,0,0,0,16974,17003,0,0,0,0,0
2020-12-14T10:00:00Z,29,7.857759,2.18,14.465,11.654655,11.542,11.688,-22.45,-62,-2,22.275862,-35,47,7.097,7.097,7.097,0,0,0,17004,17032,0,0,0,0,0
2020-12-14T11:00:00Z,24,2.189,2.18,2.204,11.685625,11.679,11.688,0,0,0,46.291667,30,55,7.097,7.097,7.097,0,0,0,17033,17056,0,0,0,0,0
2020-12-15T08:00:00Z,8,14.25775,14.243,14.313,11.736625,11.731,11.741,-0.666667,-2,0,82.25,64,105,7.097,7.097,7.097,0,0,0,539,546,0,0,0,0,0
2020-12-15T09:00:00Z,28,13.594107,4.193,14.313,11.700393,11.665,11.731,-7.666667,-16,2,94.642857,55,130,7.097,7.097,7.097,0,0,0,547,576,0,0,0,0,0
2020-12-15T10:00:00Z,30,8.838067,2.262,14.465,11.6404,11.537,11.679,-21.384615,-61,0,58.7,5,88,7.097,7.097,7.097,0,0,0,577,606,0,0,0,0,0
2020-12-15T11:00:00Z,30,2.277867,2.262,2.297,11.664,11.655,11.67,0.4,0,2,102.033333,80,122,7.097,7.097,7.097,0,0,0,607,636,0,0,0,0,0
2020-12-15T12:00:00Z,30,2.298767,2.286,2.309,11.6559,11.646,11.665,0.592593,0,2,103.933333,80,138,7.097,7.097,7.097,0,0,0,637,666,0,0,0,0,0
2020-12-15T13:00:00Z,29,2.307345,2.297,2.321,11.649552,11.641,11.655,2.444444,0,5,123.655172,80,155,7.097,7.097,7.097,0,0,0,667,696,0,0,0,0,0
2020-12-15T14:00:00Z,30,2.312167,2.297,2.332,11.642367,11.632,11.651,2.3,0,5,126.333333,105,155,7.097,7.097,7.097,0,0,0,697,726,0,0,0,0,0
2020-12-15T15:00:00Z,29,2.321655,2.309,2.332,11.634517,11.627,11.641,0,0,0,94.724138,88,105,7.097,7.097,7.097,0,0,0,727,755,0,0,0,0,0
2020-12-15T16:00:00Z,29,2.325103,2.309,2.344,11.630207,11.622,11.636,0,0,0,81.724138,64,97,7.097,7.097,7.097,0,0,0,756,785,0,0,0,0,0
2020-12-15T17:00:00Z,30,2.3239,2.309,2.332,11.627667,11.622,11.632,0,0,0,77.333333,64,88,7.097,7.097,7.097,0,0,0,786,815,0,0,0,0,0
2020-12-15T18:00:00Z,28,2.327786,2.321,2.344,11.624857,11.618,11.632,0,0,0,77.428571,64,88,7.097,7.097,7.097,0,0,0,816,845,0,0,0,0,0
2020-12-15T19:00:00Z,29,2.332172,2.321,2.344,11.621,11.618,11.627,-1,-2,0,78.62069,72,88,7.097,7.097,7.097,0,0,0,846,874,0,0,0,0,0
2020-12-15T20:00:00Z,30,2.3428,2.332,2.356,11.616867,11.608,11.622,0,0,0,78.133333,64,88,7.097,7.097,7.097,0,0,0,875,904,0,0,0,0,0
2020-12-15T21:00:00Z,30,2.348,2.344,2.356,11.612833,11.608,11.618,0,0,0,81.866667,72,88,7.097,7.097,7.097,0,0,0,905,934,0,0,0,0,0
2020-12-15T22:00:00Z,30,2.4215,2.344,2.906,11.6082,11.599,11.618,0,0,0,80.266667,72,88,7.097,7.097,7.097,0,0,0,935,964,0,0,0,0,0
2020-12-15T23:00:00Z,30,11.493867,3.046,14.559,11.550633,11.466,11.613,-24.115385,-62,0,50.566667,5,88,7.097,7.097,7.097,0,0,0,965,994,0,0,0,0,0
2020-12-16T00:00:00Z,30,14.4464,14.43,14.454,11.562367,11.551,11.57,-13,-17,-11,55.533333,47,72,7.097,7.097,7.097,0,0,0,995,1024,0,0,0,0,0
2020-12-16T01:00:00Z,30,14.269733,9.996,14.454,11.587,11.556,11.67,-3.034483,-12,22,66.5,47,97,7.097,7.097,7.097,0,0,0,1025,1054,0,0,0,0,0
2020-12-16T02:00:00Z,29,14.314138,14.278,14.5,11.677862,11.636,11.703,18.655172,8,26,81.413793,64,97,7.097,7.097,7.097,0,0,0,1055,1084,0,0,0,0,0
2020-12-16T03:00:00Z,29,14.286862,14.243,14.816,11.725103,11.698,11.745,22.482759,13,27,77.758621,55,88,7.097,7.097,7.097,0,0,0,1085,1113,0,0,0,0,0
2020-12-16T04:00:00Z,20,14.3296,14.255,14.922,11.7259,11.707,11.736,18.6,14,23,67.9,47,80,7.097,7.097,7.097,0,0,0,1114,1133,0,0,0,0,0
2020-12-16T09:00:00Z,12,14.428333,14.407,14.454,11.575667,11.556,11.594,-2.666667,-10,1,110.583333,88,122,7.097,7.097,7.097,0,0,0,1256,1267,0,0,0,0,0
2020-12-16T10:00:00Z,30,8.9908,2.449,14.594,11.5376,11.442,11.58,-19.769231,-60,-2,61.933333,5,97,7.097,7.097,7.097,0,0,0,1268,1297,0,0,0,0,0
2020-12-16T11:00:00Z,29,2.453793,2.438,2.485,11.576345,11.57,11.584,0,-2,1,96.62069,55,113,7.097,7.097,7.097,0,0,0,1298,1327,0,0,0,0,0
2020-12-16T12:00:00Z,30,2.4508,2.438,2.473,11.570167,11.565,11.575,0,0,0,80.8,72,88,7.097,7.097,7.097,0,0,0,1328,1357,0,0,0,0,0
2020-12-16T13:00:00Z,28,2.458429,2.449,2.473,11.566893,11.561,11.575,-0.4,-2,0,78,64,88,7.097,7.097,7.097,0,0,0,1358,1386,0,0,0,0,0
2020-12-16T14:00:00Z,30,2.4622,2.449,2.473,11.5645,11.561,11.57,-0.285714,-2,0,77.866667,64,88,7.097,7.097,7.097,0,0,0,1387,1416,0,0,0,0,0
2020-12-16T15:00:00Z,29,2.474586,2.449,2.496,11.559414,11.551,11.57,-2,-2,-2,73.931034,64,80,7.097,7.097,7.097,0,0,0,1417,1446,0,0,0,0,0
2020-12-16T16:00:00Z,27,2.490296,2.473,2.508,11.555481,11.547,11.561,-2,-2,-2,72.851852,55,88,7.097,7.097,7.097,0,0,0,1447,1475,0,0,0,0,0
2020-12-16T17:00:00Z,29,2.493931,2.485,2.508,11.551897,11.547,11.556,-2,-2,-2,71.724138,64,80,7.097,7.097,7.097,0,0,0,1476,1505,0,0,0,0,0
2020-12-16T18:00:00Z,30,2.499267,2.485,2.508,11.547,11.542,11.551,-1.5,-2,0,74.633333,55,80,7.097,7.097,7.097,0,0,0,1506,1535,0,0,0,0,0
2020-12-16T19:00:00Z,29,2.507586,2.496,2.52,11.543034,11.537,11.547,-2,-2,-2,73.37931,64,88,7.097,7.097,7.097,0,0,0,1536,1565,0,0,0,0,0
2020-12-16T20:00:00Z,30,2.5155,2.496,2.531,11.540167,11.532,11.547,-1,-2,0,75.7,55,88,7.097,7.097,7.097,0,0,0,1566,1595,0,0,0,0,0
2020-12-16T21:00:00Z,30,2.525533,2.508,2.543,11.535067,11.528,11.542,0,0,0,77.9,64,97,7.097,7.097,7.097,0,0,0,1596,1625,0,0,0,0,0
2020-12-16T22:00:00Z,28,2.566679,2.508,2.929,11.532929,11.528,11.537,0,0,0,80.607143,72,97,7.097,7.097,7.097,0,0,0,1626,1654,0,0,0,0,0
2020-12-16T23:00:00Z,30,11.3385,3.023,14.641,11.494167,11.39,11.537,-19.375,-60,0,61.033333,14,88,7.097,7.097,7.097,0,0,0,1655,1684,0,0,0,0,0
2020-12-17T00:00:00Z,29,13.861759,5.105,14.536,11.512483,11.49,11.547,-7.642857,-38,6,65.965517,55,80,7.097,7.097,7.097,0,0,0,1685,1714,0,0,0,0,0
2020-12-17T01:00:00Z,30,14.490267,14.419,15.062,11.541033,11.518,11.58,4.5,0,16,69.433333,55,80,7.097,7.097,7.097,0,0,0,1715,1744,0,0,0,0,0
2020-12-17T02:00:00Z,30,14.383033,14.348,14.419,11.615667,11.594,11.646,18.633333,15,22,82.133333,64,88,7.097,7.097,7.097,0,0,0,1745,1774,0,0,0,0,0
2020-12-17T03:00:00Z,30,14.3519,14.266,14.98,11.6786,11.632,11.722,23.966667,2,37,75.366667,55,97,7.097,7.097,7.097,0,0,0,1775,1804,0,0,0,0,0
2020-12-17T04:00:00Z,30,14.335167,14.29,14.407,11.653233,11.594,11.693,14.551724,-4,30,62.9,39,80,7.097,7.097,7.097,0,0,0,1805,1834,0,0,0,0,0
2020-12-17T05:00:00Z,30,14.3016,14.243,14.407,11.686133,11.594,11.75,23.333333,0,43,68.3,30,88,7.097,7.097,7.097,0,0,0,1835,1864,0,0,0,0,0
2020-12-17T06:00:00Z,30,14.3431,14.266,14.395,11.648767,11.599,11.731,12.071429,-8,42,52.3,30,88,7.097,7.097,7.097,0,0,0,1865,1894,0,0,0,0,0
2020-12-17T07:00:00Z,29,14.359586,14.29,14.407,11.636103,11.594,11.698,12.793103,2,35,50.206897,30,80,7.097,7.097,7.097,0,0,0,1895,1923,0,0,0,0,0
2020-12-17T08:00:00Z,30,14.413833,14.29,14.992,11.608,11.537,11.703,5.633333,-9,34,35.1,14,72,7.097,7.097,7.097,0,0,0,1924,1953,0,0,0,0,0
2020-12-17T09:00:00Z,30,14.505833,14.454,14.559,11.512167,11.471,11.551,-12.666667,-24,1,18.466667,5,30,7.097,7.097,7.097,0,0,0,1954,1983,0,0,0,0,0
2020-12-17T10:00:00Z,30,9.9247,2.59,14.653,11.4631,11.372,11.513,-25.166667,-65,-5,4.8,-43,39,7.097,7.097,7.097,0,0,0,1984,2013,0,0,0,0,0
2020-12-17T11:00:00Z,30,2.5971,2.578,2.625,11.507433,11.504,11.513,-4.4,-6,-4,34.033333,14,47,7.097,7.097,7.097,0,0,0,2014,2043,0,0,0,0,0
2020-12-17T12:00:00Z,30,2.6141,2.59,2.637,11.505333,11.499,11.509,-3.52,-5,-2,49.566667,22,88,7.097,7.097,7.097,0,0,0,2044,2073,0,0,0,0,0
2020-12-17T13:00:00Z,30,2.6317,2.613,2.648,11.505,11.499,11.509,-0.153846,-2,1,91.433333,55,122,7.097,7.097,7.097,0,0,0,2074,2103,0,0,0,0,0
2020-12-17T14:00:00Z,28,2.637964,2.625,2.648,11.497679,11.49,11.504,-1.727273,-2,0,71.392857,55,88,7.097,7.097,7.097,0,0,0,2104,2132,0,0,0,0,0
2020-12-17T15:00:00Z,29,2.636379,2.625,2.648,11.494552,11.49,11.499,-2.142857,-3,-2,63.827586,55,72,7.097,7.097,7.097,0,0,0,2133,2162,0,0,0,0,0
2020-12-17T16:00:00Z,29,2.662207,2.637,2.672,11.49,11.485,11.495,-2.310345,-3,-2,61.793103,47,72,7.097,7.097,7.097,0,0,0,2163,2192,0,0,0,0,0
2020-12-17T17:00:00Z,29,2.662897,2.648,2.672,11.484207,11.476,11.49,-2.137931,-3,-2,59.344828,47,72,7.097,7.097,7.097,0,0,0,2193,2222,0,0,0,0,0
2020-12-17T18:00:00Z,30,2.662,2.648,2.672,11.479,11.471,11.485,-2.037037,-3,-2,62.066667,55,72,7.097,7.097,7.097,0,0,0,2223,2252,0,0,0,0,0
2020-12-17T19:00:00Z,30,2.667133,2.66,2.683,11.475633,11.461,11.48,-2,-2,-2,67.4,55,80,7.097,7.097,7.097,0,0,0,2253,2282,0,0,0,0,0
2020-12-17T20:00:00Z,28,2.677107,2.672,2.683,11.469571,11.461,11.476,-2,-2,-2,67.071429,55,80,7.097,7.097,7.097,0,0,0,2283,2311,0,0,0,0,0
2020-12-17T21:00:00Z,30,2.682733,2.672,2.695,11.4652,11.457,11.476,-2,-2,-2,71.733333,64,80,7.097,7.097,7.097,0,0,0,2312,2341,0,0,0,0,0
2020-12-17T22:00:00Z,30,2.743333,2.683,3.151,11.460467,11.457,11.466,-2,-2,-2,74.666667,64,88,7.097,7.097,7.097,0,0,0,2342,2371,0,0,0,0,0
2020-12-17T23:00:00Z,30,11.333933,3.292,14.711,11.404867,11.319,11.461,-28.727273,-61,0,53.8,5,88,7.097,7.097,7.097,0,0,0,2372,2401,0,0,0,0,0
2020-12-18T00:00:00Z,28,14.591393,14.559,14.629,11.443179,11.409,11.48,-4,-16,7,64.714286,47,88,7.097,7.097,7.097,0,0,0,2402,2431,0,0,0,0,0
2020-12-18T01:00:00Z,30,14.577733,14.477,15.167,11.491,11.461,11.547,9.766667,1,24,73.866667,64,88,7.097,7.097,7.097,0,0,0,2432,2461,0,0,0,0,0
2020-12-18T02:00:00Z,30,14.425167,14.383,14.465,11.583633,11.547,11.618,24.433333,19,31,80.8,72,88,7.097,7.097,7.097,0,0,0,2462,2491,0,0,0,0,0
2020-12-18T03:00:00Z,29,14.358793,14.325,14.395,11.637862,11.608,11.665,26.896552,23,35,75.034483,64,88,7.097,7.097,7.097,0,0,0,2492,2520,0,0,0,0,0
2020-12-18T04:00:00Z,30,14.3461,14.302,14.992,11.6638,11.646,11.679,27.3,19,34,70.3,55,80,7.097,7.097,7.097,0,0,0,2521,2550,0,0,0,0,0
2020-12-18T05:00:00Z,30,14.337467,14.278,14.407,11.653367,11.603,11.703,22,5,37,62.2,39,80,7.097,7.097,7.097,0,0,0,2551,2580,0,0,0,0,0
2020-12-18T06:00:00Z,29,14.410966,14.313,15.004,11.630724,11.561,11.67,17.068966,-3,31,52.724138,22,80,7.097,7.097,7.097,0,0,0,2581,2610,0,0,0,0,0
2020-12-18T07:00:00Z,30,13.9471,5.679,14.559,11.5217,11.476,11.646,-5.466667,-18,17,30.566667,14,55,7.097,7.097,7.097,0,0,0,2611,2640,0,0,0,0,0
2020-12-18T08:00:00Z,30,14.228567,5.515,14.617,11.494933,11.419,11.547,-0.733333,-23,16,36.666667,14,55,7.097,7.097,7.097,0,0,0,2641,2670,0,0,0,0,0
2020-12-18T09:00:00Z,29,13.921483,4.169,14.653,11.395655,11.324,11.419,-22.655172,-27,-6,12.965517,-2,30,7.097,7.097,7.097,0,0,0,2671,2700,0,0,0,0,0
2020-12-18T10:00:00Z,28,8.825036,2.765,14.746,11.368179,11.286,11.428,-30.571429,-65,-4,4.25,-43,39,7.097,7.097,7.097,0,0,0,2701,2729,0,0,0,0,0
2020-12-18T11:00:00Z,30,2.777,2.754,2.824,11.4259,11.424,11.433,-4,-5,-3,39.366667,30,47,7.097,7.097,7.097,0,0,0,2730,2759,0,0,0,0,0
2020-12-18T12:00:00Z,29,2.791103,2.777,2.812,11.421069,11.414,11.424,-3.448276,-4,-3,45,30,55,7.097,7.097,7.097,0,0,0,2760,2789,0,0,0,0,0
2020-12-18T13:00:00Z,30,2.812567,2.789,2.847,11.415833,11.409,11.419,-3.333333,-4,-3,47.566667,39,64,7.097,7.097,7.097,0,0,0,2790,2819,0,0,0,0,0
2020-12-18T14:00:00Z,30,2.816767,2.8,2.847,11.409067,11.4,11.414,-3.137931,-4,-2,52.733333,39,80,7.097,7.097,7.097,0,0,0,2820,2849,0,0,0,0,0
2020-12-18T15:00:00Z,30,2.8415,2.824,2.871,11.408,11.395,11.414,2.133333,0,4,131.733333,80,155,7.097,7.097,7.097,0,0,0,2850,2879,0,0,0,0,0
2020-12-18T16:00:00Z,30,2.862533,2.847,2.882,11.4008,11.39,11.409,5.4,4,7,160.333333,147,171,7.097,7.097,7.097,0,0,0,2880,2909,0,0,0,0,0
2020-12-18T17:00:00Z,29,2.885241,2.859,2.917,11.394552,11.386,11.4,6.896552,6,8,177.413793,163,188,7.097,7.097,7.097,0,0,0,2910,2938,0,0,0,0,0
2020-12-18T18:00:00Z,30,1.008867,0,2.929,12.223467,11.386,12.72,5.733333,3,8,171.166667,147,205,6.870433,0.3,7.097,0,0,0,1,2948,0,0,0,0,0
2020-12-18T19:00:00Z,30,0.0576,0.039,0.086,12.635033,12.625,12.644,2.5,2,4,143.933333,130,155,7.097,7.097,7.097,0,0,0,22,51,0,0,0,0,0
2020-12-18T20:00:00Z,28,0.044214,0.028,0.051,12.63675,12.63,12.644,1.214286,1,2,130.857143,122,138,7.097,7.097,7.097,0,0,0,52,80,0,0,0,0,0
2020-12-18T21:00:00Z,30,0.037633,0.028,0.051,12.640533,12.635,12.649,0.833333,0,1,127.566667,113,138,7.097,7.097,7.097,0,0,0,81,110,0,0,0,0,0
2020-12-18T22:00:00Z,30,0.066533,0.028,0.39,12.6427,12.635,12.649,0.533333,0,1,122.866667,113,130,7.097,7.097,7.097,0,0,0,111,140,0,0,0,0,0
2020-12-18T23:00:00Z,30,4.157333,0.472,13.366,12.6131,12.488,12.644,-9.133333,-56,1,104.233333,39,130,7.097,7.097,7.097,0,0,0,141,170,0,0,0,0,0
2020-12-19T00:00:00Z,30,2.467367,1.911,2.976,12.639,12.635,12.644,0,0,0,109.633333,97,122,7.097,7.097,7.097,0,0,0,171,200,0,0,0,0,0
2020-12-19T01:00:00Z,30,10.160933,3.023,13.155,12.651633,12.635,12.71,3.366667,0,23,106.6,97,113,7.097,7.097,7.097,0,0,0,201,230,0,0,0,0,0
2020-12-19T02:00:00Z,30,13.062567,12.991,13.752,12.734433,12.687,12.772,24.266667,10,34,149.566667,97,188,7.097,7.097,7.097,0,0,0,231,260,0,0,0,0,0
2020-12-19T03:00:00Z,29,12.979034,12.909,13.717,12.809034,12.772,12.857,33.172414,29,37,134.517241,113,171,7.097,7.097,7.097,0.827586,0,1,261,290,0,0,0,0,0
2020-12-19T04:00:00Z,28,12.880821,12.862,12.909,12.871929,12.852,12.885,33.75,30,38,105.607143,88,122,7.097,7.097,7.097,1,1,1,291,319,0,0,0,0,0
2020-12-19T05:00:00Z,30,12.8511,12.804,13.564,12.911667,12.885,12.933,35.333333,29,40,97.366667,88,113,7.097,7.097,7.097,1,1,1,320,349,0,0,0,0,0
2020-12-19T06:00:00Z,30,12.950967,12.827,13.658,12.854867,12.819,12.919,20.9,15,30,72,64,88,7.097,7.097,7.097,1,1,1,350,379,0,0,0,0,0
2020-12-19T07:00:00Z,30,13.091233,12.944,13.775,12.7099,12.635,12.814,-1.733333,-21,16,40.833333,14,64,7.097,7.097,7.097,1,1,1,380,409,0,0,0,0,0
2020-12-19T08:00:00Z,29,8.829379,2.075,13.822,12.618655,12.597,12.639,-9.862069,-18,-6,34.965517,14,47,7.097,7.097,7.097,1,1,1,410,439,0,0,0,0,0
2020-12-19T09:00:00Z,30,9.108267,1.712,13.237,12.598933,12.573,12.616,-12.133333,-23,-6,50.533333,22,105,7.097,7.097,7.097,1,1,1,440,469,0,0,0,0,0
2020-12-19T10:00:00Z,29,1.140966,0.109,2.964,12.609414,12.597,12.62,-3.103448,-5,-2,126.482759,105,138,7.097,7.097,7.097,1,1,1,470,498,0,0,0,0,0
2020-12-19T11:00:00Z,28,0.114643,0.098,0.133,12.600286,12.592,12.606,-6.964286,-8,-4,92.178571,80,122,7.097,7.097,7.097,1,1,1,499,528,0,0,0,0,0
2020-12-19T12:00:00Z,30,0.1115,0.098,0.121,12.598633,12.592,12.606,-8.233333,-9,-7,74.633333,55,88,7.097,7.097,7.097,1,1,1,529,558,0,0,0,0,0
2020-12-19T13:00:00Z,29,0.121414,0.109,0.145,12.595621,12.587,12.602,-8.448276,-9,-8,70.793103,55,80,7.097,7.097,7.097,1,1,1,559,588,0,0,0,0,0
2020-12-19T14:00:00Z,30,0.1286,0.121,0.145,12.592333,12.587,12.597,-8.533333,-9,-8,68.733333,47,80,7.097,7.097,7.097,1,1,1,589,618,0,0,0,0,0
2020-12-19T15:00:00Z,29,0.143897,0.121,0.18,12.58731,12.583,12.597,-8.724138,-9,-8,67.758621,55,80,7.097,7.097,7.097,1,1,1,619,647,0,0,0,0,0
2020-12-19T16:00:00Z,30,0.157133,0.133,0.191,12.584067,12.578,12.587,-8.533333,-9,-8,68.5,55,80,7.097,7.097,7.097,1,1,1,648,677,0,0,0,0,0
2020-12-19T17:00:00Z,30,0.164833,0.145,0.18,12.5806,12.573,12.587,-8.366667,-9,-8,70.666667,64,80,7.097,7.097,7.097,1,1,1,678,707,0,0,0,0,0
2020-12-19T18:00:00Z,30,0.171967,0.156,0.191,12.578667,12.573,12.583,-8.066667,-9,-8,76,64,88,7.097,7.097,7.097,1,1,1,708,737,0,0,0,0,0
2020-12-19T19:00:00Z,30,0.185133,0.168,0.215,12.5737,12.564,12.578,-8.1,-9,-8,76.533333,64,88,7.097,7.097,7.097,1,1,1,738,767,0,0,0,0,0
2020-12-19T20:00:00Z,30,0.200333,0.18,0.215,12.569467,12.564,12.578,-8,-9,-7,78.4,64,88,7.097,7.097,7.097,1,1,1,768,797,0,0,0,0,0
2020-12-19T21:00:00Z,30,0.2136,0.203,0.238,12.5647,12.559,12.568,-7.933333,-9,-7,78.933333,64,88,7.097,7.097,7.097,1,1,1,798,827,0,0,0,0,0
2020-12-19T22:00:00Z,29,0.267552,0.215,0.613,12.561103,12.55,12.564,-7.62069,-8,-7,82.586207,64,97,7.097,7.097,7.097,1,1,1,828,857,0,0,0,0,0
2020-12-19T23:00:00Z,29,4.151138,0.718,13.483,12.535759,12.412,12.564,-14.586207,-68,-3,86.344828,30,105,7.097,7.097,7.097,1,1,1,858,886,0,0,0,0,0
2020-12-20T00:00:00Z,29,8.02069,2.683,13.26,12.556379,12.545,12.568,-5.458333,-8,0,82.551724,72,97,7.097,7.097,7.097,1,1,1,887,916,0,0,0,0,0
2020-12-20T01:00:00Z,30,13.198933,13.167,13.237,12.592233,12.559,12.625,6.931034,-3,15,86.9,72,105,7.097,7.097,7.097,1,1,1,917,946,0,0,0,0,0
2020-12-20T02:00:00Z,30,13.167433,13.061,13.822,12.6623,12.606,12.725,22.733333,11,40,102.466667,80,138,7.097,7.097,7.097,1,1,1,947,976,0,0,0,0,0
2020-12-20T03:00:00Z,30,13.138933,13.073,13.834,12.677233,12.654,12.71,26.2,17,34,155.1,122,171,7.097,7.097,7.097,1,1,1,977,1006,0,0,0,0,0
2020-12-20T04:00:00Z,30,13.083133,13.003,13.798,12.723167,12.706,12.762,31.7,26,38,144.166667,122,171,7.097,7.097,7.097,1,1,1,1007,1036,0,0,0,0,0
2020-12-20T05:00:00Z,30,13.0663,12.979,13.798,12.736533,12.673,12.791,25.733333,13,42,106.033333,80,138,7.097,7.097,7.097,1,1,1,1037,1066,0,0,0,0,0
2020-12-20T06:00:00Z,30,13.158,13.108,13.845,12.656433,12.635,12.687,17.166667,15,20,131.266667,97,147,7.097,7.097,7.097,1,1,1,1067,1096,0,0,0,0,0
2020-12-20T07:00:00Z,30,13.241133,13.143,13.892,12.619133,12.587,12.644,11.466667,6,18,95.466667,80,122,7.097,7.097,7.097,1,1,1,1097,1126,0,0,0,0,0
2020-12-20T08:00:00Z,29,13.290069,13.202,13.915,12.560241,12.545,12.587,-1.04,-6,5,83.37931,55,130,7.097,7.097,7.097,1,1,1,1127,1155,0,0,0,0,0
2020-12-20T09:00:00Z,30,11.8457,2.227,13.377,12.5149,12.483,12.545,-12.275862,-23,-2,83.3,47,122,7.097,7.097,7.097,1,1,1,1156,1185,0,0,0,0,0
2020-12-20T10:00:00Z,29,1.482345,0.32,5.105,12.528517,12.521,12.535,-8.551724,-9,-8,68.310345,55,72,7.097,7.097,7.097,1,1,1,1186,1215,0,0,0,0,0
2020-12-20T11:00:00Z,30,0.3076,0.285,0.343,12.523667,12.516,12.531,-8.733333,-10,-8,68.433333,47,80,7.097,7.097,7.097,1,1,1,1216,1245,0,0,0,0,0
2020-12-20T12:00:00Z,30,0.3133,0.297,0.332,12.519567,12.512,12.531,-9.166667,-10,-9,59.166667,47,72,7.097,7.097,7.097,1,1,1,1246,1275,0,0,0,0,0
2020-12-20T13:00:00Z,30,0.321833,0.308,0.355,12.5144,12.502,12.521,-8.133333,-10,-4,73.1,55,113,7.097,7.097,7.097,1,1,1,1276,1305,0,0,0,0,0
2020-12-20T14:00:00Z,27,0.341926,0.332,0.355,12.510852,12.497,12.521,-5.37037,-7,-3,105.925926,80,138,7.097,7.097,7.097,1,1,1,1307,1334,0,0,0,0,0
2020-12-20T15:00:00Z,30,0.357033,0.332,0.379,12.505,12.497,12.512,-4.62069,-8,-2,114.066667,80,138,7.097,7.097,7.097,1,1,1,1335,1364,0,0,0,0,0
2020-12-20T16:00:00Z,29,0.372724,0.355,0.39,12.493828,12.483,12.502,-6.37931,-7,-5,95.965517,80,113,7.097,7.097,7.097,1,1,1,1365,1394,0,0,0,0,0
2020-12-20T17:00:00Z,30,0.3753,0.355,0.39,12.489833,12.483,12.493,-7.133333,-8,-7,87.866667,80,97,7.097,7.097,7.097,1,1,1,1395,1424,0,0,0,0,0
2020-12-20T18:00:00Z,29,0.38631,0.367,0.402,12.48469,12.479,12.493,-7.172414,-8,-7,88.206897,80,97,7.097,7.097,7.097,1,1,1,1425,1454,0,0,0,0,0
2020-12-20T19:00:00Z,30,0.402,0.39,0.414,12.478,12.474,12.483,-7.233333,-8,-7,84.333333,72,97,7.097,7.097,7.097,1,1,1,1455,1484,0,0,0,0,0
2020-12-20T20:00:00Z,30,0.412267,0.39,0.425,12.472467,12.464,12.483,-7.3,-8,-7,86.233333,80,97,7.097,7.097,7.097,1,1,1,1485,1514,0,0,0,0,0
2020-12-20T21:00:00Z,29,0.425517,0.414,0.437,12.464897,12.46,12.474,-7.413793,-8,-7,81.724138,72,97,7.097,7.097,7.097,1,1,1,1515,1543,0,0,0,0,0
2020-12-20T22:00:00Z,30,0.473233,0.414,0.8,12.4609,12.45,12.469,-7.033333,-8,-6,86.566667,72,97,7.097,7.097,7.097,1,1,1,1544,1573,0,0,0,0,0
2020-12-20T23:00:00Z,29,4.556621,0.928,13.553,12.436172,12.313,12.464,-15.241379,-68,-6,74.965517,5,97,7.097,7.097,7.097,1,1,1,1574,1603,0,0,0,0,0
2020-12-21T00:00:00Z,28,3.522607,3.187,3.736,12.448357,12.441,12.455,-7.357143,-8,-7,82.607143,72,97,7.097,7.097,7.097,1,1,1,1604,1633,0,0,0,0,0
2020-12-21T01:00:00Z,30,8.865633,3.467,13.997,12.4528,12.436,12.479,-4.931034,-8,2,81.6,72,88,7.097,7.097,7.097,1,1,1,1634,1663,0,0,0,0,0
2020-12-21T02:00:00Z,30,13.3449,13.319,13.377,12.500467,12.479,12.516,8.1,2,13,85.133333,80,97,7.097,7.097,7.097,1,1,1,1664,1693,0,0,0,0,0
2020-12-21T03:00:00Z,30,13.315167,13.26,13.997,12.533767,12.507,12.559,14.7,7,22,88.066667,72,105,7.097,7.097,7.097,1,1,1,1694,1723,0,0,0,0,0
2020-12-21T04:00:00Z,26,13.351654,13.272,13.986,12.529154,12.497,12.545,12.615385,5,17,83.769231,64,97,7.097,7.097,7.097,1,1,1,1724,1753,0,0,0,0,0
2020-12-21T05:00:00Z,29,13.390483,13.284,14.009,12.515862,12.497,12.54,10.068966,5,15,72.758621,55,88,7.097,7.097,7.097,1,1,1,1754,1782,0,0,0,0,0
2020-12-21T06:00:00Z,30,13.3363,13.249,13.986,12.521133,12.488,12.568,11.233333,3,24,71.366667,55,88,7.097,7.097,7.097,1,1,1,1783,1812,0,0,0,0,0
2020-12-21T07:00:00Z,28,13.325107,13.237,13.974,12.546821,12.493,12.568,17.178571,6,24,102.035714,72,138,7.097,7.097,7.097,1,1,1,1813,1841,0,0,0,0,0
2020-12-21T08:00:00Z,30,13.410667,13.295,13.471,12.455367,12.417,12.531,-0.689655,-12,21,115.033333,72,147,7.097,7.097,7.097,1,1,1,1843,1872,0,0,0,0,0
2020-12-21T09:00:00Z,30,13.328533,8.873,13.494,12.4033,12.384,12.422,-19.033333,-25,-9,49.266667,22,72,7.097,7.097,7.097,1,1,1,1873,1902,0,0,0,0,0
2020-12-21T10:00:00Z,28,1.930429,0.542,3.444,12.426464,12.417,12.431,-9.142857,-10,-8,61.035714,47,72,7.097,7.097,7.097,1,1,1,1903,1931,0,0,0,0,0
2020-12-21T11:00:00Z,29,0.512931,0.496,0.531,12.422345,12.417,12.427,-9.034483,-10,-8,60.827586,47,72,7.097,7.097,7.097,1,1,1,1932,1961,0,0,0,0,0
2020-12-21T12:00:00Z,30,0.5319,0.519,0.542,12.418667,12.412,12.427,-9.133333,-10,-9,62.333333,55,72,7.097,7.097,7.097,1,1,1,1962,1991,0,0,0,0,0
2020-12-21T13:00:00Z,30,0.534667,0.519,0.554,12.414433,12.408,12.422,-9,-10,-8,62.6,47,80,7.097,7.097,7.097,1,1,1,1992,2021,0,0,0,0,0
2020-12-21T14:00:00Z,30,0.5588,0.542,0.566,12.409533,12.403,12.417,-8.7,-10,-6,65.5,55,97,7.097,7.097,7.097,1,1,1,2022,2051,0,0,0,0,0
2020-12-21T15:00:00Z,30,0.5724,0.554,0.601,12.408633,12.403,12.412,-3,-6,-2,129.7,105,147,7.097,7.097,7.097,1,1,1,2052,2081,0,0,0,0,0
2020-12-21T16:00:00Z,30,0.589833,0.566,0.601,12.395533,12.384,12.403,-6.233333,-8,-3,97.733333,80,122,7.097,7.097,7.097,1,1,1,2082,2111,0,0,0,0,0
2020-12-21T17:00:00Z,29,0.594345,0.577,0.624,12.390793,12.384,12.398,-7.517241,-8,-7,83.62069,72,97,7.097,7.097,7.097,1,1,1,2112,2140,0,0,0,0,0
2020-12-21T18:00:00Z,29,0.603034,0.589,0.624,12.385862,12.374,12.393,-7.896552,-9,-7,80,64,88,7.097,7.097,7.097,1,1,1,2142,2170,0,0,0,0,0
2020-12-21T19:00:00Z,30,0.613933,0.589,0.624,12.379667,12.37,12.393,-7.933333,-8,-7,78.4,64,88,7.097,7.097,7.097,1,1,1,2171,2200,0,0,0,0,0
2020-12-21T20:00:00Z,30,0.623833,0.613,0.648,12.374533,12.365,12.384,-7.733333,-8,-7,78.933333,64,88,7.097,7.097,7.097,1,1,1,2201,2230,0,0,0,0,0
2020-12-21T21:00:00Z,30,0.6312,0.624,0.648,12.370133,12.36,12.374,-7.466667,-8,-7,84.1,72,97,7.097,7.097,7.097,1,1,1,2231,2260,0,0,0,0,0
2020-12-21T22:00:00Z,30,0.6583,0.624,0.835,12.364067,12.356,12.37,-7.366667,-8,-7,87.066667,80,97,7.097,7.097,7.097,1,1,1,2261,2290,0,0,0,0,0
2020-12-21T23:00:00Z,30,5.1182,0.928,13.681,12.329067,12.218,12.365,-19,-68,-7,66.733333,-10,97,7.097,7.097,7.097,1,1,1,2291,2320,0,0,0,0,0
2020-12-22T00:00:00Z,26,6.707308,2.59,14.126,12.356654,12.351,12.379,-5.807692,-8,1,84.153846,72,97,7.097,7.097,7.097,1,1,1,2321,2349,0,0,0,0,0
2020-12-22T01:00:00Z,30,13.500933,13.436,14.126,12.413433,12.379,12.45,11.366667,0,22,102.233333,88,122,7.097,7.097,7.097,1,1,1,2350,2379,0,0,0,0,0
2020-12-22T02:00:00Z,28,13.430714,13.354,14.068,12.468893,12.445,12.497,22.75,19,29,115.678571,105,122,7.097,7.097,7.097,1,1,1,2380,2409,0,0,0,0,0
2020-12-22T03:00:00Z,30,13.292233,13.26,13.342,12.54,12.507,12.564,32.8,29,39,122.9,105,138,7.097,7.097,7.097,1,1,1,2410,2439,0,0,0,0,0
2020-12-22T04:00:00Z,30,13.252,13.155,13.904,12.5994,12.55,12.635,40,30,48,126.966667,113,138,7.097,7.097,7.097,1,1,1,2440,2469,0,0,0,0,0
2020-12-22T05:00:00Z,29,13.240069,13.155,13.939,12.621793,12.578,12.649,37.068966,23,45,116.586207,88,138,7.097,7.097,7.097,1,1,1,2470,2498,0,0,0,0,0
2020-12-22T06:00:00Z,30,13.288267,13.202,13.389,12.539167,12.483,12.597,16.933333,4,32,85.733333,55,113,7.097,7.097,7.097,1,1,1,2499,2528,0,0,0,0,0
2020-12-22T07:00:00Z,29,13.344414,13.319,13.412,12.501828,12.46,12.521,13.655172,2,18,82,64,97,7.097,7.097,7.097,1,1,1,2529,2558,0,0,0,0,0
2020-12-22T08:00:00Z,30,13.4915,13.424,14.032,12.410533,12.351,12.45,-4.9,-21,2,50.033333,22,64,7.097,7.097,7.097,1,1,1,2559,2588,0,0,0,0,0
2020-12-22T09:00:00Z,30,7.5834,2.215,13.564,12.343133,12.313,12.36,-12.633333,-25,-8,69.2,47,80,7.097,7.097,7.097,1,1,1,2589,2618,0,0,0,0,0
2020-12-22T10:00:00Z,30,1.829,0.694,6.65,12.344867,12.337,12.351,-8.966667,-10,-8,65.166667,55,72,7.097,7.097,7.097,1,1,1,2619,2648,0,0,0,0,0
2020-12-22T11:00:00Z,30,0.700467,0.683,0.718,12.342967,12.337,12.351,-5.3,-9,-3,107.566667,64,130,7.097,7.097,7.097,1,1,1,2649,2678,0,0,0,0,0
2020-12-22T12:00:00Z,28,0.715429,0.706,0.73,12.335607,12.327,12.341,-7.535714,-9,-6,85.964286,72,105,7.097,7.097,7.097,1,1,1,2679,2707,0,0,0,0,0
2020-12-22T13:00:00Z,30,0.729433,0.718,0.753,12.331,12.327,12.337,-8.5,-9,-8,72.766667,55,88,7.097,7.097,7.097,1,1,1,2708,2737,0,0,0,0,0
2020-12-22T14:00:00Z,30,0.729067,0.718,0.741,12.3295,12.322,12.332,-7.733333,-9,-5,81.9,55,113,7.097,7.097,7.097,1,1,1,2738,2767,0,0,0,0,0
2020-12-22T15:00:00Z,30,0.7317,0.718,0.741,12.3244,12.318,12.332,-7.533333,-8,-6,84.7,72,105,7.097,7.097,7.097,1,1,1,2768,2797,0,0,0,0,0
2020-12-22T16:00:00Z,30,0.742067,0.73,0.753,12.3192,12.313,12.322,-8.066667,-9,-8,80,64,88,7.097,7.097,7.097,1,1,1,2798,2827,0,0,0,0,0
2020-12-22T17:00:00Z,30,0.7542,0.73,0.776,12.313767,12.308,12.322,-8.1,-9,-8,78.4,72,88,7.097,7.097,7.097,1,1,1,2828,2857,0,0,0,0,0
2020-12-22T18:00:00Z,30,0.7656,0.753,0.776,12.309633,12.304,12.313,-7.966667,-8,-7,83.466667,72,88,7.097,7.097,7.097,1,1,1,2858,2887,0,0,0,0,0
2020-12-22T19:00:00Z,30,0.775433,0.765,0.788,12.303667,12.294,12.313,-7.8,-8,-7,82.666667,72,88,7.097,7.097,7.097,1,1,1,2888,2917,0,0,0,0,0
2020-12-22T20:00:00Z,30,0.7888,0.776,0.8,12.296167,12.289,12.304,-7.533333,-8,-7,84.6,80,97,7.097,7.097,7.097,1,1,1,2918,2947,0,0,0,0,0
2020-12-22T21:00:00Z,28,0.795714,0.776,0.8,12.292214,12.289,12.294,-7.428571,-8,-7,87,72,97,7.097,7.097,7.097,1,1,1,2948,2976,0,0,0,0,0
2020-12-22T22:00:00Z,30,0.827033,0.8,1.069,12.285933,12.28,12.294,-7.266667,-8,-7,89.633333,80,97,7.097,7.097,7.097,1,1,1,2977,3006,0,0,0,0,0
2020-12-22T23:00:00Z,30,5.576,1.162,13.752,12.2664,12.143,12.308,-14.966667,-68,1,84.733333,5,113,7.097,7.097,7.097,0.466667,0,1,3007,3036,0,0,0,0,0
2020-12-23T00:00:00Z,30,3.286333,2.847,4.158,12.304333,12.299,12.313,0.133333,0,1,117.2,105,130,7.097,7.097,7.097,0,0,0,3037,3066,0,0,0,0,0
2020-12-23T01:00:00Z,30,13.017233,4.158,13.576,12.320733,12.299,12.346,5.2,-18,14,117.3,105,122,7.097,7.097,7.097,0,0,0,3067,3096,0,0,0,0,0
2020-12-23T02:00:00Z,30,13.436933,13.319,13.529,12.438267,12.346,12.516,34.2,14,51,143.9,113,155,7.097,7.097,7.097,0,0,0,3097,3126,0,0,0,0,0
2020-12-23T03:00:00Z,29,13.23931,13.19,13.307,12.568448,12.531,12.602,51.275862,39,62,153.551724,130,171,7.097,7.097,7.097,0,0,0,3127,3156,0,0,0,0,0
2020-12-23T04:00:00Z,30,13.194233,13.167,13.225,12.5983,12.573,12.625,48.4,37,57,145.333333,130,155,7.097,7.097,7.097,0,0,0,3157,3186,0,0,0,0,0
2020-12-23T05:00:00Z,28,13.252357,13.155,13.927,12.595857,12.554,12.654,41.821429,24,59,132,113,155,7.097,7.097,7.097,0,0,0,3187,3215,0,0,0,0,0
2020-12-23T06:00:00Z,30,13.297367,13.155,13.471,12.529833,12.417,12.635,23.333333,-8,55,106.6,55,147,7.097,7.097,7.097,0,0,0,3216,3245,0,0,0,0,0
2020-12-23T07:00:00Z,28,13.185036,3.865,14.103,12.397714,12.351,12.502,-1.407407,-13,26,69.178571,39,113,7.097,7.097,7.097,0,0,0,3246,3275,0,0,0,0,0
2020-12-23T08:00:00Z,30,4.242967,1.946,13.693,12.3401,12.199,12.37,-6.785714,-61,-2,67.233333,-2,88,7.097,7.097,7.097,0,0,0,3276,3305,0,0,0,0,0
2020-12-23T09:00:00Z,30,3.219433,1.49,13.728,12.3193,12.171,12.337,-7.454545,-62,-2,79.466667,-2,97,7.097,7.097,7.097,0,0,0,3306,3335,0,0,0,0,0
2020-12-23T10:00:00Z,30,2.268467,0.788,13.717,12.301233,12.176,12.313,-10.5,-61,0,85.566667,5,97,7.097,7.097,7.097,0,0,0,3336,3365,0,0,0,0,0
2020-12-23T11:00:00Z,30,0.778533,0.765,0.788,12.299967,12.294,12.308,0,0,0,98.5,88,113,7.097,7.097,7.097,0,0,0,3366,3395,0,0,0,0,0
2020-12-23T12:00:00Z,30,0.789967,0.776,0.811,12.2955,12.289,12.304,0,0,0,98.466667,80,113,7.097,7.097,7.097,0,0,0,3396,3425,0,0,0,0,0
2020-12-23T13:00:00Z,29,0.79131,0.776,0.8,12.291862,12.285,12.299,0,0,0,101,88,113,7.097,7.097,7.097,0,0,0,3426,3454,0,0,0,0,0
2020-12-23T14:00:00Z,28,0.801929,0.788,0.823,12.288107,12.285,12.294,0,0,0,101.821429,88,105,7.097,7.097,7.097,0,0,0,3455,3483,0,0,0,0,0
2020-12-23T15:00:00Z,30,0.805467,0.788,0.811,12.285133,12.28,12.289,0,0,0,102.866667,97,113,7.097,7.097,7.097,0,0,0,3485,3514,0,0,0,0,0
2020-12-23T16:00:00Z,30,0.8123,0.8,0.823,12.281267,12.275,12.289,0,0,0,100.3,88,105,7.097,7.097,7.097,0,0,0,3515,3544,0,0,0,0,0
2020-12-23T17:00:00Z,30,0.820233,0.8,0.835,12.278167,12.27,12.285,0,0,0,101.833333,97,122,7.097,7.097,7.097,0,0,0,3545,3574,0,0,0,0,0
2020-12-23T18:00:00Z,29,0.827552,0.811,0.835,12.272966,12.266,12.28,0,0,0,101.655172,88,113,7.097,7.097,7.097,0,0,0,3575,3603,0,0,0,0,0
2020-12-23T19:00:00Z,29,0.834586,0.823,0.847,12.271483,12.266,12.275,0,0,0,104.137931,88,113,7.097,7.097,7.097,0,0,0,3604,3633,0,0,0,0,0
2020-12-23T20:00:00Z,28,0.839286,0.823,0.847,12.269571,12.266,12.275,0,0,0,106.428571,97,113,7.097,7.097,7.097,0,0,0,3634,3663,0,0,0,0,0
2020-12-23T21:00:00Z,29,0.847241,0.835,0.858,12.265379,12.261,12.27,0,0,0,108.344828,97,122,7.097,7.097,7.097,0,0,0,3664,3693,0,0,0,0,0
2020-12-23T22:00:00Z,30,0.8965,0.847,1.244,12.261667,12.256,12.266,0,0,0,106.033333,88,113,7.097,7.097,7.097,0,0,0,3694,3723,0,0,0,0,0
2020-12-23T23:00:00Z,30,4.095233,1.385,13.798,12.243833,12.11,12.266,-5.8,-60,0,98.9,22,122,7.097,7.097,7.097,0,0,0,3724,3753,0,0,0,0,0
2020-12-24T00:00:00Z,29,6.625517,2.695,13.763,12.263517,12.251,12.304,2.275862,-2,21,112.62069,97,138,7.097,7.097,7.097,0,0,0,3754,3783,0,0,0,0,0
2020-12-24T01:00:00Z,30,13.6059,13.529,13.67,12.2843,12.233,12.356,9.689655,-8,31,111.166667,80,138,7.097,7.097,7.097,0,0,0,3784,3813,0,0,0,0,0
2020-12-24T02:00:00Z,20,13.49665,13.447,13.518,12.3967,12.374,12.436,33.3,25,44,135.35,122,147,7.097,7.097,7.097,0,0,0,3823,3842,0,0,0,0,0
2020-12-24T03:00:00Z,30,13.481367,13.412,13.588,12.408533,12.332,12.46,28.333333,-2,46,121.366667,64,155,7.097,7.097,7.097,0,0,0,3843,3872,0,0,0,0,0
2020-12-24T04:00:00Z,30,13.5297,13.401,14.161,12.379533,12.294,12.483,20.266667,-12,67,99.166667,55,155,7.097,7.097,7.097,0,0,0,3873,3902,0,0,0,0,0
2020-12-24T05:00:00Z,30,13.577733,13.424,14.231,12.353,12.261,12.464,17.466667,-12,52,90.833333,47,138,7.097,7.097,7.097,0,0,0,3903,3932,0,0,0,0,0
2020-12-24T06:00:00Z,30,13.547233,13.401,14.138,12.361833,12.289,12.483,20.866667,-7,62,92.866667,55,147,7.097,7.097,7.097,0,0,0,3933,3962,0,0,0,0,0
2020-12-24T07:00:00Z,30,13.550333,13.424,14.161,12.354433,12.304,12.46,14.103448,-2,50,78.266667,55,138,7.097,7.097,7.097,0,0,0,3963,3992,0,0,0,0,0
2020-12-24T08:00:00Z,30,13.602233,13.564,13.658,12.2898,12.237,12.327,1.862069,-14,14,60.633333,39,80,7.097,7.097,7.097,0,0,0,3993,4022,0,0,0,0,0
2020-12-24T09:00:00Z,30,9.884433,2.426,13.717,12.2312,12.19,12.266,-11,-22,-3,43.333333,22,64,7.097,7.097,7.097,0,0,0,4023,4052,0,0,0,0,0
2020-12-24T10:00:00Z,30,2.639067,0.917,8.077,12.246933,12.237,12.251,-2.866667,-4,-2,63.833333,55,72,7.097,7.097,7.097,0,0,0,4053,4082,0,0,0,0,0
2020-12-24T11:00:00Z,29,0.911552,0.893,0.94,12.241414,12.233,12.251,-2.551724,-3,-2,68.344828,55,80,7.097,7.097,7.097,0,0,0,4083,4111,0,0,0,0,0
2020-12-24T12:00:00Z,30,0.923267,0.905,0.94,12.236467,12.233,12.242,-2.466667,-3,-2,70.133333,64,80,7.097,7.097,7.097,0,0,0,4112,4141,0,0,0,0,0
2020-12-24T13:00:00Z,30,0.934433,0.917,0.952,12.231333,12.223,12.237,-2.266667,-3,-2,69.866667,64,80,7.097,7.097,7.097,0,0,0,4142,4171,0,0,0,0,0
2020-12-24T14:00:00Z,30,0.9444,0.928,0.964,12.226667,12.218,12.233,-2.066667,-3,-2,71.733333,64,80,7.097,7.097,7.097,0,0,0,4172,4201,0,0,0,0,0
2020-12-24T15:00:00Z,29,0.956103,0.94,0.975,12.221345,12.214,12.228,-2,-2,-2,74.206897,64,80,7.097,7.097,7.097,0,0,0,4202,4231,0,0,0,0,0
2020-12-24T16:00:00Z,30,0.969233,0.964,0.987,12.2153,12.209,12.223,-2.115385,-3,-2,73.566667,55,80,7.097,7.097,7.097,0,0,0,4232,4261,0,0,0,0,0
2020-12-24T17:00:00Z,30,0.972933,0.964,0.987,12.213633,12.209,12.218,-2,-2,-2,80.3,72,97,7.097,7.097,7.097,0,0,0,4262,4291,0,0,0,0,0
2020-12-24T18:00:00Z,28,0.97525,0.952,0.999,12.210036,12.204,12.218,-2,-2,-2,81.714286,72,88,7.097,7.097,7.097,0,0,0,4292,4320,0,0,0,0,0
2020-12-24T19:00:00Z,28,0.985714,0.975,0.999,12.204357,12.199,12.209,-2,-2,-2,82.607143,64,97,7.097,7.097,7.097,0,0,0,4321,4350,0,0,0,0,0
2020-12-24T20:00:00Z,24,0.997792,0.987,1.022,12.199458,12.19,12.204,-2,-2,-2,85.875,72,97,7.097,7.097,7.097,0,0,0,4351,4378,0,0,0,0,0
2020-12-24T21:00:00Z,30,1.008333,0.999,1.022,12.1953,12.185,12.204,-0.666667,-2,0,89.1,80,97,7.097,7.097,7.097,0,0,0,4380,4409,0,0,0,0,0
2020-12-24T22:00:00Z,30,1.051933,0.999,1.443,12.193,12.185,12.204,0,0,0,96.166667,88,105,7.097,7.097,7.097,0,0,0,4410,4439,0,0,0,0,0
2020-12-24T23:00:00Z,30,9.173767,1.572,13.88,12.124067,12.048,12.195,-31.384615,-61,0,57.3,-2,105,7.097,7.097,7.097,0,0,0,4440,4469,0,0,0,0,0
2020-12-25T00:00:00Z,28,5.631679,2.8,13.88,12.160821,12.048,12.19,-15.866667,-57,0,76.464286,5,105,7.097,7.097,7.097,0,0,0,4470,4498,0,0,0,0,0
2020-12-25T01:00:00Z,30,13.705167,13.646,13.74,12.205133,12.171,12.266,7.84,-3,29,97.233333,64,130,7.097,7.097,7.097,0,0,0,4499,4528,0,0,0,0,0
2020-12-25T02:00:00Z,27,13.610852,13.494,13.74,12.293,12.176,12.422,29.814815,-3,63,119.518519,72,155,7.097,7.097,7.097,0,0,0,4529,4558,0,0,0,0,0
2020-12-25T03:00:00Z,25,13.57988,13.471,14.231,12.33764,12.261,12.422,30.6,6,66,116.68,88,155,7.097,7.097,7.097,0,0,0,4559,4587,0,0,0,0,0
2020-12-25T04:00:00Z,30,13.520833,13.471,13.576,12.3731,12.304,12.422,32.366667,5,58,114.066667,80,147,7.097,7.097,7.097,0,0,0,4588,4617,0,0,0,0,0
2020-12-25T05:00:00Z,30,13.640633,13.588,14.266,12.2758,12.261,12.294,8.9,2,15,73.366667,64,97,7.097,7.097,7.097,0,0,0,4618,4647,0,0,0,0,0
2020-12-25T06:00:00Z,28,13.573571,13.506,14.173,12.344607,12.266,12.403,28.857143,10,53,96.785714,64,130,7.097,7.097,7.097,0,0,0,4648,4676,0,0,0,0,0
2020-12-25T07:00:00Z,29,13.589414,13.529,14.243,12.319966,12.275,12.351,19.206897,7,31,94.689655,72,122,7.097,7.097,7.097,0,0,0,4677,4706,0,0,0,0,0
2020-12-25T08:00:00Z,30,13.665,13.611,13.705,12.240067,12.209,12.285,2.407407,-4,11,90.366667,64,130,7.097,7.097,7.097,0,0,0,4707,4736,0,0,0,0,0
2020-12-25T09:00:00Z,30,13.379233,2.707,13.787,12.166933,12.133,12.204,-11.689655,-22,-2,52.7,39,72,7.097,7.097,7.097,0,0,0,4737,4766,0,0,0,0,0
2020-12-25T10:00:00Z,30,2.4546,1.081,6.275,12.175833,12.171,12.181,-2.666667,-3,-2,68.7,47,80,7.097,7.097,7.097,0,0,0,4767,4796,0,0,0,0,0
2020-12-25T11:00:00Z,30,1.0678,1.045,1.081,12.169733,12.162,12.176,-2.433333,-3,-2,70.9,55,80,7.097,7.097,7.097,0,0,0,4797,4826,0,0,0,0,0
2020-12-25T12:00:00Z,28,1.090214,1.069,1.104,12.16925,12.162,12.176,1.346154,-2,3,124.75,80,155,7.097,7.097,7.097,0,0,0,4827,4855,0,0,0,0,0
2020-12-25T13:00:00Z,30,1.105533,1.092,1.127,12.1618,12.152,12.171,2.433333,1,4,140.933333,122,155,7.097,7.097,7.097,0,0,0,4856,4885,0,0,0,0,0
2020-12-25T14:00:00Z,30,1.109533,1.092,1.127,12.154,12.147,12.162,0,0,0,110.3,97,122,7.097,7.097,7.097,0,0,0,4886,4915,0,0,0,0,0
2020-12-25T15:00:00Z,30,1.117367,1.104,1.127,12.148633,12.143,12.157,0,0,0,99.266667,80,113,7.097,7.097,7.097,0,0,0,4916,4945,0,0,0,0,0
2020-12-25T16:00:00Z,26,1.120731,1.116,1.139,12.145154,12.138,12.152,0,0,0,92.807692,80,105,7.097,7.097,7.097,0,0,0,4946,4974,0,0,0,0,0
2020-12-25T17:00:00Z,27,1.124704,1.116,1.139,12.143,12.138,12.147,0,0,0,91.814815,80,97,7.097,7.097,7.097,0,0,0,4977,5004,0,0,0,0,0
2020-12-25T18:00:00Z,30,1.132233,1.116,1.151,12.1396,12.133,12.147,0,0,0,94.166667,88,105,7.097,7.097,7.097,0,0,0,5005,5034,0,0,0,0,0
2020-12-25T19:00:00Z,30,1.1442,1.139,1.151,12.136,12.128,12.143,0,0,0,92.5,80,105,7.097,7.097,7.097,0,0,0,5035,5064,0,0,0,0,0
2020-12-25T20:00:00Z,30,1.153533,1.139,1.174,12.132167,12.128,12.138,0,0,0,91.466667,80,105,7.097,7.097,7.097,0,0,0,5065,5094,0,0,0,0,0
2020-12-25T21:00:00Z,30,1.161,1.139,1.174,12.127933,12.124,12.133,0,0,0,93.7,80,105,7.097,7.097,7.097,0,0,0,5095,5124,0,0,0,0,0
2020-12-25T22:00:00Z,30,1.2071,1.151,1.56,12.125767,12.119,12.128,0,0,0,95.666667,80,105,7.097,7.097,7.097,0,0,0,5125,5154,0,0,0,0,0
2020-12-25T23:00:00Z,29,5.834345,1.642,13.927,12.092793,11.977,12.128,-29.583333,-62,0,73.758621,-2,105,7.097,7.097,7.097,0,0,0,5155,5183,0,0,0,0,0
2020-12-26T00:00:00Z,30,3.684567,3.128,4.064,12.117033,12.11,12.124,-1,-2,0,91.1,80,105,7.097,7.097,7.097,0,0,0,5184,5213,0,0,0,0,0
2020-12-26T01:00:00Z,30,9.332133,3.959,14.395,12.131733,12.11,12.19,9.1875,0,21,92.733333,80,113,7.097,7.097,7.097,0,0,0,5214,5243,0,0,0,0,0
2020-12-26T02:00:00Z,30,13.727067,13.646,14.337,12.2341,12.195,12.256,26.466667,20,32,113.333333,97,130,7.097,7.097,7.097,0,0,0,5244,5273,0,0,0,0,0
2020-12-26T03:00:00Z,29,13.664828,13.646,13.681,12.250931,12.237,12.261,24.241379,19,28,97.551724,80,113,7.097,7.097,7.097,0,0,0,5274,5303,0,0,0,0,0
2020-12-26T04:00:00Z,30,13.715033,13.67,13.74,12.2007,12.176,12.247,12.133333,5,20,74.366667,55,88,7.097,7.097,7.097,0,0,0,5304,5333,0,0,0,0,0
2020-12-26T05:00:00Z,30,13.712833,13.693,13.752,12.2034,12.162,12.228,15.233333,0,24,71.333333,39,88,7.097,7.097,7.097,0,0,0,5334,5363,0,0,0,0,0
2020-12-26T06:00:00Z,30,13.761167,13.67,14.36,12.1991,12.162,12.247,14.733333,0,29,68.8,47,88,7.097,7.097,7.097,0,0,0,5364,5393,0,0,0,0,0
2020-12-26T07:00:00Z,30,13.785967,13.681,14.383,12.1594,12.11,12.233,5.571429,-13,24,47.333333,14,88,7.097,7.097,7.097,0,0,0,5394,5423,0,0,0,0,0
2020-12-26T08:00:00Z,29,13.522103,6.697,13.834,12.155379,12.105,12.214,5.241379,-10,20,45.37931,14,72,7.097,7.097,7.097,0,0,0,5424,5452,0,0,0,0,0
2020-12-26T09:00:00Z,30,13.846533,13.822,13.88,12.093667,12.067,12.114,-12.133333,-21,-6,22.533333,14,30,7.097,7.097,7.097,0,0,0,5453,5482,0,0,0,0,0
2020-12-26T10:00:00Z,30,6.448867,1.315,13.892,12.0895,12.043,12.11,-11.3,-26,-4,29,5,55,7.097,7.097,7.097,0,0,0,5483,5512,0,0,0,0,0
2020-12-26T11:00:00Z,30,1.231967,1.209,1.268,12.101,12.095,12.11,-4.666667,-6,-4,44.033333,30,55,7.097,7.097,7.097,0,0,0,5513,5542,0,0,0,0,0
2020-12-26T12:00:00Z,30,1.2397,1.221,1.268,12.098733,12.091,12.105,-4.166667,-5,-4,49.933333,39,55,7.097,7.097,7.097,0,0,0,5543,5572,0,0,0,0,0
2020-12-26T13:00:00Z,30,1.252467,1.233,1.268,12.093867,12.086,12.1,-4,-4,-4,50.733333,39,55,7.097,7.097,7.097,0,0,0,5573,5602,0,0,0,0,0
2020-12-26T14:00:00Z,28,1.272643,1.256,1.291,12.088107,12.081,12.095,-3.928571,-5,-3,50.714286,39,55,7.097,7.097,7.097,0,0,0,5603,5631,0,0,0,0,0
2020-12-26T15:00:00Z,28,1.287714,1.268,1.315,12.08225,12.076,12.091,-3.857143,-4,-3,54.428571,39,64,7.097,7.097,7.097,0,0,0,5632,5661,0,0,0,0,0
2020-12-26T16:00:00Z,30,1.2942,1.279,1.315,12.0799,12.072,12.086,-3.433333,-4,-3,57.833333,47,72,7.097,7.097,7.097,0,0,0,5662,5691,0,0,0,0,0
2020-12-26T17:00:00Z,30,1.300967,1.279,1.326,12.074033,12.062,12.081,-3.133333,-4,-2,63.766667,55,72,7.097,7.097,7.097,0,0,0,5692,5721,0,0,0,0,0
2020-12-26T18:00:00Z,28,1.312286,1.291,1.326,12.071143,12.067,12.081,-2.892857,-4,-2,64.714286,55,72,7.097,7.097,7.097,0,0,0,5722,5750,0,0,0,0,0
2020-12-26T19:00:00Z,30,1.320867,1.303,1.35,12.068533,12.058,12.072,-2.833333,-4,-2,67.333333,55,80,7.097,7.097,7.097,0,0,0,5751,5780,0,0,0,0,0
2020-12-26T20:00:00Z,29,1.339586,1.315,1.373,12.063448,12.053,12.072,-2.724138,-3,-2,69.482759,47,80,7.097,7.097,7.097,0,0,0,5781,5810,0,0,0,0,0
2020-12-26T21:00:00Z,30,1.3598,1.338,1.385,12.0575,12.048,12.062,-2.6,-3,-2,68.733333,55,80,7.097,7.097,7.097,0,0,0,5811,5840,0,0,0,0,0
2020-12-26T22:00:00Z,24,1.403167,1.361,1.654,12.051542,12.043,12.058,-2.625,-3,-2,69.958333,55,80,7.097,7.097,7.097,0,0,0,5841,5869,0,0,0,0,0
2020-12-26T23:00:00Z,27,6.260556,1.853,14.032,12.024296,11.911,12.053,-11.037037,-62,-2,57.740741,-18,80,7.097,7.097,7.097,0,0,0,5871,5898,0,0,0,0,0
2020-12-27T00:00:00Z,30,3.9448,3.222,4.509,12.043233,12.034,12.048,-2.566667,-4,-2,68.966667,55,80,7.097,7.097,7.097,0,0,0,5899,5928,0,0,0,0,0
2020-12-27T01:00:00Z,29,12.591414,4.532,13.904,12.062724,12.034,12.152,5,-3,35,77.137931,64,122,7.097,7.097,7.097,0,0,0,5929,5958,0,0,0,0,0
2020-12-27T02:00:00Z,26,13.843423,13.74,14.454,12.117808,12.048,12.185,18.730769,-6,41,86.884615,47,122,7.097,7.097,7.097,0,0,0,5959,5987,0,0,0,0,0
2020-12-27T03:00:00Z,29,13.742414,13.67,13.81,12.180345,12.124,12.256,29.862069,11,51,94.724138,64,122,7.097,7.097,7.097,0,0,0,5988,6017,0,0,0,0,0
2020-12-27T04:00:00Z,24,13.7775,13.728,13.845,12.148417,12.1,12.204,15.304348,-5,35,67.041667,39,105,7.097,7.097,7.097,0,0,0,6020,6046,0,0,0,0,0
2020-12-27T05:00:00Z,29,13.787483,13.728,14.407,12.161448,12.1,12.204,20.821429,0,35,71.206897,30,105,7.097,7.097,7.097,0,0,0,6047,6076,0,0,0,0,0
2020-12-27T06:00:00Z,30,13.763033,13.705,14.419,12.1813,12.143,12.218,23.233333,11,34,72.366667,39,97,7.097,7.097,7.097,0,0,0,6077,6106,0,0,0,0,0
2020-12-27T07:00:00Z,29,13.555966,4.579,14.43,12.102759,12.048,12.199,-0.321429,-17,24,34.137931,5,72,7.097,7.097,7.097,0,0,0,6107,6136,0,0,0,0,0
2020-12-27T08:00:00Z,29,13.921586,13.857,14.454,12.061897,12.034,12.086,-2.16,-8,3,29.758621,14,39,7.097,7.097,7.097,0,0,0,6137,6165,0,0,0,0,0
2020-12-27T09:00:00Z,30,13.9196,13.892,13.939,12.0139,11.987,12.048,-15.633333,-23,-3,15.433333,-2,39,7.097,7.097,7.097,0,0,0,6166,6195,0,0,0,0,0
2020-12-27T10:00:00Z,29,6.954862,1.513,13.962,12.012586,11.977,12.034,-12.413793,-26,-5,23.137931,-2,47,7.097,7.097,7.097,0,0,0,6196,6225,0,0,0,0,0
2020-12-27T11:00:00Z,30,1.4479,1.432,1.478,12.024133,12.02,12.029,-5.466667,-6,-4,39.866667,30,47,7.097,7.097,7.097,0,0,0,6226,6255,0,0,0,0,0
2020-12-27T12:00:00Z,29,1.455759,1.443,1.478,12.021241,12.015,12.029,-4.689655,-6,-4,46.758621,39,64,7.097,7.097,7.097,0,0,0,6256,6285,0,0,0,0,0
2020-12-27T13:00:00Z,29,1.469931,1.455,1.478,12.015172,12.01,12.02,-4.206897,-6,-4,50.37931,39,64,7.097,7.097,7.097,0,0,0,6286,6314,0,0,0,0,0
2020-12-27T14:00:00Z,30,1.480967,1.467,1.502,12.011533,12.001,12.02,-3.9,-5,-3,54.933333,47,64,7.097,7.097,7.097,0,0,0,6315,6344,0,0,0,0,0
2020-12-27T15:00:00Z,29,1.49,1.478,1.502,12.006655,12.001,12.015,-3.655172,-4,-3,58.655172,47,72,7.097,7.097,7.097,0,0,0,6345,6373,0,0,0,0,0
2020-12-27T16:00:00Z,29,1.504172,1.49,1.525,12.002483,11.991,12.01,-3.37931,-4,-3,60.827586,47,72,7.097,7.097,7.097,0,0,0,6374,6403,0,0,0,0,0
2020-12-27T17:00:00Z,22,1.511182,1.502,1.525,11.998636,11.991,12.005,-3.227273,-4,-3,63.090909,55,72,7.097,7.097,7.097,0,0,0,6404,6432,0,0,0,0,0
2020-12-27T18:00:00Z,25,1.51276,1.502,1.525,11.99404,11.987,12.001,-3.08,-4,-3,67.12,55,80,7.097,7.097,7.097,0,0,0,6433,6461,0,0,0,0,0
2020-12-27T19:00:00Z,29,1.522517,1.513,1.537,11.989862,11.982,11.996,-2.931034,-4,-2,67.551724,55,80,7.097,7.097,7.097,0,0,0,6462,6491,0,0,0,0,0
2020-12-27T20:00:00Z,29,1.535345,1.525,1.549,11.984034,11.977,11.991,-2.862069,-3,-2,68.655172,55,80,7.097,7.097,7.097,0,0,0,6492,6521,0,0,0,0,0
2020-12-27T21:00:00Z,29,1.541931,1.525,1.56,11.98131,11.972,11.987,-2.689655,-3,-2,71.689655,55,80,7.097,7.097,7.097,0,0,0,6522,6550,0,0,0,0,0
2020-12-27T22:00:00Z,29,1.56731,1.537,1.783,11.977345,11.972,11.982,-2.758621,-3,-2,71.137931,55,80,7.097,7.097,7.097,0,0,0,6551,6580,0,0,0,0,0
2020-12-27T23:00:00Z,30,8.141467,1.888,14.114,11.9391,11.83,11.977,-15.766667,-62,0,52.466667,-10,80,7.097,7.097,7.097,0,0,0,6581,6610,0,0,0,0,0
2020-12-28T00:00:00Z,30,13.6421,3.631,14.021,11.956167,11.93,11.982,-8.068966,-19,2,56.2,39,72,7.097,7.097,7.097,0,0,0,6611,6640,0,0,0,0,0
2020-12-28T01:00:00Z,30,13.957667,13.915,14.571,11.994767,11.977,12.034,5.8,0,18,70.933333,64,80,7.097,7.097,7.097,0,0,0,6641,6670,0,0,0,0,0
2020-12-28T02:00:00Z,30,13.8882,13.857,13.904,12.0568,12.034,12.095,19.966667,14,29,81.733333,72,105,7.097,7.097,7.097,0,0,0,6671,6700,0,0,0,0,0
2020-12-28T03:00:00Z,30,13.8632,13.822,13.927,12.083033,12.015,12.119,23.2,1,33,77.533333,47,97,7.097,7.097,7.097,0,0,0,6701,6730,0,0,0,0,0
2020-12-28T04:00:00Z,30,13.834333,13.775,13.88,12.1075,12.067,12.166,25.533333,11,42,74.833333,55,97,7.097,7.097,7.097,0,0,0,6731,6760,0,0,0,0,0
2020-12-28T05:00:00Z,29,13.851414,13.752,14.465,12.110759,12.067,12.176,19.37931,7,43,61.586207,39,105,7.097,7.097,7.097,0,0,0,6761,6789,0,0,0,0,0
2020-12-28T06:00:00Z,30,13.8705,13.834,13.892,12.076833,12.053,12.11,13.766667,6,26,51.8,30,72,7.097,7.097,7.097,0,0,0,6790,6819,0,0,0,0,0
2020-12-28T07:00:00Z,29,13.86069,13.834,13.88,12.089,12.062,12.114,15.724138,4,25,48.413793,30,72,7.097,7.097,7.097,0,0,0,6820,6849,0,0,0,0,0
2020-12-28T08:00:00Z,28,13.942036,13.834,14.512,12.042071,12.001,12.105,3.076923,-7,20,27.142857,5,55,7.097,7.097,7.097,0,0,0,6850,6878,0,0,0,0,0
2020-12-28T09:00:00Z,30,13.661667,4.52,14.009,11.964667,11.939,11.991,-12.166667,-19,-6,10.233333,-2,22,7.097,7.097,7.097,0,0,0,6879,6908,0,0,0,0,0
2020-12-28T10:00:00Z,29,6.965586,1.619,14.044,11.943138,11.873,11.968,-13.896552,-26,-7,14.172414,-18,39,7.097,7.097,7.097,0,0,0,6909,6938,0,0,0,0,0
2020-12-28T11:00:00Z,30,1.5869,1.572,1.63,11.958867,11.949,11.963,-6.4,-7,-6,33.966667,22,47,7.097,7.097,7.097,0,0,0,6939,6968,0,0,0,0,0
2020-12-28T12:00:00Z,29,1.592897,1.584,1.619,11.956,11.949,11.958,-5.862069,-7,-4,40.172414,30,55,7.097,7.097,7.097,0,0,0,6969,6997,0,0,0,0,0
2020-12-28T13:00:00Z,30,1.606933,1.595,1.63,11.9514,11.944,11.958,-5.4,-6,-5,43.5,30,55,7.097,7.097,7.097,0,0,0,6998,7027,0,0,0,0,0
2020-12-28T14:00:00Z,28,1.625321,1.607,1.642,11.945571,11.939,11.953,-4.892857,-6,-4,47.892857,39,64,7.097,7.097,7.097,0,0,0,7028,7057,0,0,0,0,0
2020-12-28T15:00:00Z,28,1.634857,1.619,1.654,11.940893,11.935,11.944,-4.357143,-6,-4,49.857143,39,55,7.097,7.097,7.097,0,0,0,7059,7086,0,0,0,0,0
2020-12-28T16:00:00Z,30,1.648433,1.619,1.666,11.935,11.925,11.944,-4.2,-5,-4,51.566667,39,64,7.097,7.097,7.097,0,0,0,7087,7116,0,0,0,0,0
2020-12-28T17:00:00Z,30,1.6456,1.63,1.666,11.936033,11.925,11.944,-2.466667,-5,-2,48.933333,39,64,7.097,7.097,7.097,0,0,0,7117,7146,0,0,0,0,0
2020-12-28T18:00:00Z,29,1.652345,1.63,1.666,11.931207,11.925,11.935,-2.172414,-3,-2,48.103448,39,55,7.097,7.097,7.097,0,0,0,7147,7175,0,0,0,0,0
2020-12-28T19:00:00Z,28,1.663714,1.654,1.677,11.92625,11.92,11.935,-2.035714,-3,-2,50.75,39,64,7.097,7.097,7.097,0,0,0,7176,7205,0,0,0,0,0
2020-12-28T20:00:00Z,30,1.672667,1.654,1.701,11.921833,11.916,11.93,-2,-2,-2,53.533333,47,64,7.097,7.097,7.097,0,0,0,7206,7235,0,0,0,0,0
2020-12-28T21:00:00Z,30,1.6788,1.654,1.701,11.9198,11.916,11.925,-2,-2,-2,61.533333,47,72,7.097,7.097,7.097,0,0,0,7236,7265,0,0,0,0,0
2020-12-28T22:00:00Z,29,1.70469,1.677,1.864,11.915586,11.906,11.92,-1.333333,-2,0,61.62069,47,80,7.097,7.097,7.097,0,0,0,7266,7294,0,0,0,0,0
2020-12-28T23:00:00Z,30,8.7793,1.935,14.185,11.870367,11.769,11.92,-27.111111,-61,0,43.566667,-10,72,7.097,7.097,7.097,0,0,0,7295,7324,0,0,0,0,0
2020-12-29T00:00:00Z,28,14.068179,14.056,14.091,11.891107,11.873,11.906,-4.44,-12,3,83.25,39,122,7.097,7.097,7.097,0,0,0,7326,7354,0,0,0,0,0
2020-12-29T01:00:00Z,26,14.022577,13.951,14.068,11.933538,11.897,11.996,8.384615,0,30,99.269231,80,130,7.097,7.097,7.097,0,0,0,7355,7384,0,0,0,0,0
2020-12-29T02:00:00Z,29,13.936724,13.904,13.997,12.006379,11.949,12.043,26.172414,6,46,129.517241,88,147,7.097,7.097,7.097,0,0,0,7385,7414,0,0,0,0,0
2020-12-29T03:00:00Z,29,13.880276,13.822,13.915,12.071414,12.029,12.119,34.896552,14,56,113.586207,88,147,7.097,7.097,7.097,0,0,0,7415,7443,0,0,0,0,0
2020-12-29T04:00:00Z,29,13.942552,13.857,14.524,12.053,12.001,12.095,24.758621,2,38,87.448276,64,105,7.097,7.097,7.097,0,0,0,7444,7473,0,0,0,0,0
2020-12-29T05:00:00Z,28,13.897464,13.845,13.951,12.04725,11.987,12.105,19.214286,0,39,74.25,47,97,7.097,7.097,7.097,0,0,0,7474,7503,0,0,0,0,0
2020-12-29T06:00:00Z,28,13.896179,13.798,14.559,12.074607,11.991,12.143,29.071429,1,54,80.464286,47,105,7.097,7.097,7.097,0,0,0,7504,7532,0,0,0,0,0
2020-12-29T07:00:00Z,30,13.9084,13.88,13.951,12.034133,11.987,12.072,12.5,2,23,58.4,39,80,7.097,7.097,7.097,0,0,0,7533,7562,0,0,0,0,0
2020-12-29T08:00:00Z,30,13.833967,9.2,14.044,11.951333,11.911,11.991,-5.1,-12,3,36.5,22,55,7.097,7.097,7.097,0,0,0,7563,7592,0,0,0,0,0
2020-12-29T09:00:00Z,28,14.063,14.032,14.091,11.89425,11.854,11.925,-11.928571,-22,-5,28.892857,14,39,7.097,7.097,7.097,0,0,0,7593,7621,0,0,0,0,0
2020-12-29T10:00:00Z,29,6.640931,1.783,14.103,11.878172,11.845,11.897,-10.931034,-24,-4,39.793103,5,64,7.097,7.097,7.097,0,0,0,7622,7651,0,0,0,0,0
2020-12-29T11:00:00Z,30,1.7606,1.747,1.783,11.893467,11.882,11.901,-0.827586,-5,2,102.866667,47,138,7.097,7.097,7.097,0,0,0,7652,7681,0,0,0,0,0
2020-12-29T12:00:00Z,30,1.789633,1.771,1.806,11.883667,11.878,11.892,1.566667,0,3,138.666667,113,155,7.097,7.097,7.097,0,0,0,7682,7711,0,0,0,0,0
2020-12-29T13:00:00Z,29,1.801448,1.794,1.818,11.875172,11.868,11.882,-0.6,-2,0,98.655172,88,122,7.097,7.097,7.097,0,0,0,7712,7740,0,0,0,0,0
2020-12-29T14:00:00Z,29,1.812103,1.794,1.829,11.873,11.868,11.878,-0.304348,-2,2,108.137931,80,138,7.097,7.097,7.097,0,0,0,7742,7770,0,0,0,0,0
2020-12-29T15:00:00Z,29,1.818966,1.794,1.841,11.868034,11.854,11.878,0.263158,0,2,112.827586,88,147,7.097,7.097,7.097,0,0,0,7771,7800,0,0,0,0,0
2020-12-29T16:00:00Z,28,1.825036,1.806,1.841,11.862286,11.854,11.868,-1.25,-2,0,84.535714,72,97,7.097,7.097,7.097,0,0,0,7801,7829,0,0,0,0,0
2020-12-29T17:00:00Z,29,1.813379,1.806,1.829,11.861379,11.849,11.868,0,0,0,71.689655,55,80,7.097,7.097,7.097,0,0,0,7830,7859,0,0,0,0,0
2020-12-29T18:00:00Z,29,1.819448,1.806,1.841,11.857793,11.849,11.864,-0.25,-2,0,69.137931,55,88,7.097,7.097,7.097,0,0,0,7860,7889,0,0,0,0,0
2020-12-29T19:00:00Z,29,1.821759,1.806,1.853,11.85731,11.845,11.864,0,0,0,75.862069,64,88,7.097,7.097,7.097,0,0,0,7890,7918,0,0,0,0,0
2020-12-29T20:00:00Z,30,1.834333,1.818,1.853,11.851267,11.84,11.859,0,0,0,73.6,64,80,7.097,7.097,7.097,0,0,0,7919,7948,0,0,0,0,0
2020-12-29T21:00:00Z,29,1.841828,1.829,1.853,11.846,11.84,11.854,0,0,0,72.241379,55,80,7.097,7.097,7.097,0,0,0,7950,7978,0,0,0,0,0
2020-12-29T22:00:00Z,30,1.863267,1.841,1.97,11.841667,11.835,11.845,0,0,0,72.233333,55,88,7.097,7.097,7.097,0,0,0,7979,8008,0,0,0,0,0
2020-12-29T23:00:00Z,30,8.454233,2.017,14.278,11.800567,11.693,11.84,-18.826087,-58,0,53.733333,-10,80,7.097,7.097,7.097,0,0,0,8009,8038,0,0,0,0,0
2020-12-30T00:00:00Z,30,14.150967,14.126,14.173,11.815667,11.797,11.835,-8.37931,-16,0,52.333333,39,64,7.097,7.097,7.097,0,0,0,8039,8068,0,0,0,0,0
2020-12-30T01:00:00Z,30,14.119867,14.009,14.723,11.862867,11.835,11.953,8.566667,0,34,68.666667,47,97,7.097,7.097,7.097,0,0,0,8069,8098,0,0,0,0,0
2020-12-30T02:00:00Z,30,13.9662,13.904,14.044,11.984667,11.925,12.039,33.933333,15,53,93.033333,72,113,7.097,7.097,7.097,0,0,0,8099,8128,0,0,0,0,0
2020-12-30T03:00:00Z,29,13.965,13.915,13.997,11.983586,11.958,12.024,23.068966,15,38,76.551724,64,105,7.097,7.097,7.097,0,0,0,8129,8157,0,0,0,0,0
2020-12-30T04:00:00Z,30,13.9568,13.88,13.997,11.993567,11.953,12.072,27.8,14,50,84.633333,64,113,7.097,7.097,7.097,0,0,0,8158,8187,0,0,0,0,0
2020-12-30T05:00:00Z,30,13.963,13.845,14.559,12.0812,12.034,12.11,44.666667,33,50,100.333333,72,113,7.097,7.097,7.097,0,0,0,8188,8217,0,0,0,0,0
2020-12-30T06:00:00Z,30,13.912333,13.857,13.939,12.033367,11.996,12.105,25.333333,13,45,75.266667,55,105,7.097,7.097,7.097,0,0,0,8218,8247,0,0,0,0,0
2020-12-30T07:00:00Z,29,13.978,13.915,14.582,11.986034,11.949,12.024,14.241379,3,25,62.517241,47,72,7.097,7.097,7.097,0,0,0,8248,8276,0,0,0,0,0
2020-12-30T08:00:00Z,30,14.083467,13.997,14.653,11.915,11.868,11.953,-0.777778,-10,7,44.266667,30,55,7.097,7.097,7.097,0,0,0,8277,8306,0,0,0,0,0
2020-12-30T09:00:00Z,29,13.400207,3.549,14.161,11.838379,11.802,11.873,-14.862069,-21,-3,30.241379,22,47,7.097,7.097,7.097,0,0,0,8307,8336,0,0,0,0,0
2020-12-30T10:00:00Z,30,3.9167,1.9,14.173,11.8348,11.802,11.845,-3.8,-23,-2,50.433333,30,64,7.097,7.097,7.097,0,0,0,8337,8366,0,0,0,0,0
2020-12-30T11:00:00Z,28,1.88925,1.876,1.911,11.830857,11.821,11.835,-2,-2,-2,57.678571,47,64,7.097,7.097,7.097,0,0,0,8367,8395,0,0,0,0,0
2020-12-30T12:00:00Z,29,1.894966,1.876,1.911,11.825759,11.821,11.83,-2,-2,-2,61.37931,47,72,7.097,7.097,7.097,0,0,0,8396,8425,0,0,0,0,0
2020-12-30T13:00:00Z,30,1.905133,1.9,1.911,11.821967,11.816,11.83,-2,-2,-2,65.533333,55,72,7.097,7.097,7.097,0,0,0,8426,8455,0,0,0,0,0
2020-12-30T14:00:00Z,30,1.9162,1.911,1.935,11.818333,11.816,11.826,-0.666667,-2,0,65.733333,55,72,7.097,7.097,7.097,0,0,0,8456,8485,0,0,0,0,0
2020-12-30T15:00:00Z,27,1.925667,1.923,1.935,11.813667,11.807,11.821,0,0,0,68.592593,55,80,7.097,7.097,7.097,0,0,0,8486,8512,0,0,0,0,0
2020-12-30T16:00:00Z,29,1.934483,1.923,1.946,11.809621,11.807,11.811,-0.285714,-2,0,71.724138,64,80,7.097,7.097,7.097,0,0,0,8516,8544,0,0,0,0,0
2020-12-30T17:00:00Z,29,1.939862,1.923,1.946,11.806172,11.802,11.811,0,0,0,76.689655,72,88,7.097,7.097,7.097,0,0,0,8545,8573,0,0,0,0,0
2020-12-30T18:00:00Z,30,1.940867,1.923,1.958,11.803267,11.793,11.811,0,0,0,78.133333,64,88,7.097,7.097,7.097,0,0,0,8574,8603,0,0,0,0,0
2020-12-30T19:00:00Z,30,1.950467,1.935,1.97,11.799233,11.793,11.807,0,0,0,80.533333,72,88,7.097,7.097,7.097,0,0,0,8604,8633,0,0,0,0,0
2020-12-30T20:00:00Z,30,1.9628,1.946,1.97,11.793,11.788,11.802,0,0,0,80.266667,72,88,7.097,7.097,7.097,0,0,0,8634,8663,0,0,0,0,0
2020-12-30T21:00:00Z,30,1.970233,1.958,1.981,11.789633,11.783,11.797,0,0,0,84.533333,72,88,7.097,7.097,7.097,0,0,0,8664,8693,0,0,0,0,0
2020-12-30T22:00:00Z,30,1.9958,1.97,2.157,11.7827,11.774,11.788,0,0,0,84.066667,72,97,7.097,7.097,7.097,0,0,0,8694,8723,0,0,0,0,0
2020-12-30T23:00:00Z,30,7.606033,2.215,14.325,11.743733,11.641,11.783,-14.464286,-59,0,70,22,97,7.097,7.097,7.097,0,0,0,8724,8753,0,0,0,0,0
2020-12-31T00:00:00Z,30,13.5501,4.672,14.255,11.754167,11.726,11.778,-5.777778,-17,3,68.4,47,88,7.097,7.097,7.097,0,0,0,8754,8783,0,0,0,0,0
2020-12-31T01:00:00Z,30,14.2041,14.185,14.231,11.7778,11.755,11.797,2.931034,-2,10,76.8,64,88,7.097,7.097,7.097,0,0,0,8784,8813,0,0,0,0,0
2020-12-31T02:00:00Z,29,14.134069,14.103,14.173,11.831172,11.807,11.849,15.724138,5,23,86.551724,72,105,7.097,7.097,7.097,0,0,0,8814,8842,0,0,0,0,0
2020-12-31T03:00:00Z,30,14.058233,14.009,14.149,11.9106,11.826,11.958,33.466667,18,41,121.1,97,138,7.097,7.097,7.097,0,0,0,8843,8872,0,0,0,0,0
2020-12-31T04:00:00Z,29,13.988069,13.915,14.664,11.985517,11.958,12.034,41.724138,33,55,110.655172,88,130,7.097,7.097,7.097,0,0,0,8873,8902,0,0,0,0,0
2020-12-31T05:00:00Z,30,13.9242,13.915,13.951,12.0205,12.001,12.039,43.233333,37,52,106.333333,88,122,7.097,7.097,7.097,0,0,0,8903,8932,0,0,0,0,0
2020-12-31T06:00:00Z,29,13.944138,13.88,14.606,12.026759,11.991,12.067,40.758621,27,55,98.586207,72,113,7.097,7.097,7.097,0,0,0,8933,8961,0,0,0,0,0
2020-12-31T07:00:00Z,30,13.971733,13.939,14.009,11.975833,11.949,12.005,24.433333,16,33,78.933333,64,88,7.097,7.097,7.097,0,0,0,8962,8991,0,0,0,0,0
2020-12-31T08:00:00Z,29,14.064759,13.986,14.676,11.917448,11.873,11.968,11.241379,1,24,58.172414,47,72,7.097,7.097,7.097,0,0,0,8992,9021,0,0,0,0,0
2020-12-31T09:00:00Z,28,14.133607,14.079,14.185,11.830679,11.793,11.873,-7.892857,-18,2,38.392857,22,55,7.097,7.097,7.097,0,0,0,9022,9050,0,0,0,0,0
2020-12-31T10:00:00Z,29,10.148931,2.017,14.302,11.752793,11.665,11.793,-24.586207,-62,-4,28.310345,-18,64,7.097,7.097,7.097,0,0,0,9052,9080,0,0,0,0,0
2020-12-31T11:00:00Z,30,1.987433,1.97,2.017,11.7787,11.769,11.783,-3.285714,-4,-2,66.266667,55,80,7.097,7.097,7.097,0,0,0,9081,9110,0,0,0,0,0
2020-12-31T12:00:00Z,30,2.010367,1.993,2.04,11.770867,11.764,11.778,-1.6,-2,0,67.1,55,80,7.097,7.097,7.097,0,0,0,9111,9140,0,0,0,0,0
2020-12-31T13:00:00Z,28,2.025036,2.005,2.052,11.765321,11.755,11.774,-0.2,-2,0,74.285714,64,88,7.097,7.097,7.097,0,0,0,9141,9169,0,0,0,0,0
2020-12-31T14:00:00Z,30,2.0423,2.028,2.063,11.7568,11.75,11.764,0,0,0,74.4,64,80,7.097,7.097,7.097,0,0,0,9170,9199,0,0,0,0,0
2020-12-31T15:00:00Z,28,2.05625,2.04,2.075,11.750143,11.745,11.759,0,0,0,77.142857,72,88,7.097,7.097,7.097,0,0,0,9200,9228,0,0,0,0,0
2020-12-31T16:00:00Z,30,2.066667,2.052,2.087,11.745933,11.741,11.755,0,0,0,80,64,88,7.097,7.097,7.097,0,0,0,9229,9258,0,0,0,0,0
2020-12-31T17:00:00Z,29,2.077862,2.063,2.098,11.742621,11.731,11.75,0,0,0,86.724138,80,97,7.097,7.097,7.097,0,0,0,9259,9288,0,0,0,0,0
2020-12-31T18:00:00Z,30,2.087167,2.075,2.098,11.7375,11.731,11.741,0,0,0,89.7,72,105,7.097,7.097,7.097,0,0,0,9289,9318,0,0,0,0,0
2020-12-31T19:00:00Z,30,2.1005,2.087,2.11,11.732367,11.722,11.741,0,0,0,90.766667,80,105,7.097,7.097,7.097,0,0,0,9319,9348,0,0,0,0,0
2020-12-31T20:00:00Z,29,2.112069,2.098,2.122,11.726276,11.722,11.731,0,0,0,91.448276,80,97,7.097,7.097,7.097,0,0,0,9349,9377,0,0,0,0,0
2020-12-31T21:00:00Z,29,2.124897,2.11,2.134,11.722724,11.717,11.726,0,0,0,89.758621,80,97,7.097,7.097,7.097,0,0,0,9378,9407,0,0,0,0,0
2020-12-31T22:00:00Z,30,2.146967,2.122,2.286,11.718433,11.712,11.726,0,0,0,93.4,80,105,7.097,7.097,7.097,0,0,0,9408,9437,0,0,0,0,0
2020-12-31T23:00:00Z,30,9.268667,2.368,14.419,11.680867,11.57,11.722,-10,-57,1,80.233333,22,105,7.097,7.097,7.097,0,0,0,9438,9467,0,0,0,0,0
