ts,n_samples,solar3_v_avg,solar3_v_min,solar3_v_max,battery2_v_avg,battery2_v_min,battery2_v_max,current_a_chA_avg,current_a_chA_min,current_a_chA_max,current_a_chB_avg,current_a_chB_min,current_a_chB_max,lipo2_v_avg,lipo2_v_min,lipo2_v_max,load_v_avg,load_v_min,load_v_max,boot_count_min,boot_count_max,solar3_v_n_oor,battery2_v_n_oor,current_a_chA_n_oor,lipo2_v_n_oor,load_v_n_oor
2021-01-01T00:00:00Z,30,14.3092,14.278,14.734,11.681333,11.67,11.703,-7.793103,-13,1,77.666667,64,97,7.097,7.097,7.097,0,0,0,9468,9497,0,0,0,0,0
2021-01-01T01:00:00Z,30,14.2987,14.243,14.875,11.7295,11.703,11.745,8.2,3,14,90.8,80,97,7.097,7.097,7.097,0,0,0,9498,9527,0,0,0,0,0
2021-01-01T02:00:00Z,29,14.193448,14.126,14.84,11.806034,11.755,11.84,24.655172,17,31,105.827586,97,113,7.097,7.097,7.097,0,0,0,9528,9556,0,0,0,0,0
2021-01-01T03:00:00Z,29,14.114345,14.056,14.138,11.853621,11.826,11.92,30.310345,20,48,106.413793,97,122,7.097,7.097,7.097,0,0,0,9557,9586,0,0,0,0,0
2021-01-01T04:00:00Z,30,14.083467,13.974,14.723,11.9481,11.897,11.982,46.2,29,55,115.8,105,130,7.097,7.097,7.097,0,0,0,9587,9616,0,0,0,0,0
2021-01-01T05:00:00Z,30,14.0804,13.962,14.734,11.922633,11.84,11.982,30.466667,5,51,93.4,55,122,7.097,7.097,7.097,0,0,0,9617,9646,0,0,0,0,0
2021-01-01T06:00:00Z,29,14.060655,14.021,14.091,11.906241,11.873,11.949,28.448276,19,38,84.310345,64,97,7.097,7.097,7.097,0,0,0,9647,9675,0,0,0,0,0
2021-01-01T07:00:00Z,30,14.113167,13.997,14.723,11.896167,11.845,11.963,22.9,5,42,75.333333,64,97,7.097,7.097,7.097,0,0,0,9676,9705,0,0,0,0,0
2021-01-01T08:00:00Z,29,14.17969,14.079,14.77,11.830724,11.802,11.882,7.142857,-2,21,55.413793,39,72,7.097,7.097,7.097,0,0,0,9706,9735,0,0,0,0,0
2021-01-01T09:00:00Z,30,14.236333,14.185,14.29,11.744767,11.693,11.797,-11.103448,-23,1,39.033333,22,55,7.097,7.097,7.097,0,0,0,9736,9765,0,0,0,0,0
2021-01-01T10:00:00Z,28,9.285571,2.18,14.419,11.6725,11.575,11.717,-21.142857,-62,-2,29.428571,-18,64,7.097,7.097,7.097,0,0,0,9766,9794,0,0,0,0,0
2021-01-01T11:00:00Z,29,2.158621,2.134,2.18,11.705103,11.698,11.712,-2,-2,-2,62.310345,47,80,7.097,7.097,7.097,0,0,0,9795,9824,0,0,0,0,0
2021-01-01T12:00:00Z,29,2.179483,2.157,2.192,11.697793,11.688,11.707,-2,-2,-2,68.655172,55,88,7.097,7.097,7.097,0,0,0,9825,9854,0,0,0,0,0
2021-01-01T13:00:00Z,29,2.189517,2.18,2.204,11.690448,11.684,11.698,0,0,0,71.172414,64,80,7.097,7.097,7.097,0,0,0,9855,9883,0,0,0,0,0
2021-01-01T14:00:00Z,30,2.211767,2.18,2.227,11.687333,11.679,11.693,0,0,0,77.1,64,97,7.097,7.097,7.097,0,0,0,9884,9913,0,0,0,0,0
2021-01-01T15:00:00Z,30,2.2138,2.192,2.239,11.681133,11.674,11.688,0,0,0,81.333333,72,88,7.097,7.097,7.097,0,0,0,9914,9943,0,0,0,0,0
2021-01-01T16:00:00Z,27,2.225222,2.215,2.239,11.676444,11.67,11.684,0,0,0,82.37037,72,88,7.097,7.097,7.097,0,0,0,9944,9971,0,0,0,0,0
2021-01-01T17:00:00Z,26,2.240808,2.227,2.262,11.671654,11.665,11.674,0,0,0,85.038462,72,97,7.097,7.097,7.097,0,0,0,9973,10002,0,0,0,0,0
2021-01-01T18:00:00Z,28,2.251214,2.239,2.262,11.667679,11.66,11.67,0,0,0,89.392857,72,97,7.097,7.097,7.097,0,0,0,10003,10032,0,0,0,0,0
2021-01-01T19:00:00Z,29,2.259828,2.251,2.274,11.665,11.66,11.67,0,0,0,97.344828,88,113,7.097,7.097,7.097,0,0,0,10033,10061,0,0,0,0,0
2021-01-01T20:00:00Z,30,2.271667,2.251,2.286,11.659833,11.655,11.67,0.033333,0,1,97.233333,88,113,7.097,7.097,7.097,0,0,0,10062,10091,0,0,0,0,0
2021-01-01T21:00:00Z,30,2.2811,2.262,2.297,11.6552,11.651,11.665,0.066667,0,1,100.133333,88,113,7.097,7.097,7.097,0,0,0,10092,10121,0,0,0,0,0
2021-01-01T22:00:00Z,30,2.3043,2.274,2.449,11.649867,11.646,11.655,0,0,0,98.166667,88,105,7.097,7.097,7.097,0,0,0,10122,10151,0,0,0,0,0
2021-01-01T23:00:00Z,30,9.9081,2.543,14.512,11.595033,11.499,11.651,-17.766667,-59,1,77.733333,30,113,7.097,7.097,7.097,0,0,0,10152,10181,0,0,0,0,0
2021-01-02T00:00:00Z,29,14.37569,14.348,14.395,11.615759,11.594,11.646,-4.814815,-11,4,83.172414,64,97,7.097,7.097,7.097,0,0,0,10182,10211,0,0,0,0,0
2021-01-02T01:00:00Z,27,14.320593,14.278,14.372,11.666852,11.627,11.717,10.444444,0,24,98.814815,72,122,7.097,7.097,7.097,0,0,0,10212,10240,0,0,0,0,0
2021-01-02T02:00:00Z,30,14.2695,14.208,14.325,11.7188,11.665,11.783,18.933333,0,44,99.666667,72,130,7.097,7.097,7.097,0,0,0,10241,10270,0,0,0,0,0
2021-01-02T03:00:00Z,29,14.273276,14.208,14.348,11.714241,11.636,11.793,16.965517,-3,41,90.103448,64,122,7.097,7.097,7.097,0,0,0,10271,10300,0,0,0,0,0
2021-01-02T04:00:00Z,30,14.258167,14.231,14.29,11.7336,11.698,11.759,18.1,6,28,84.766667,72,97,7.097,7.097,7.097,0,0,0,10301,10330,0,0,0,0,0
2021-01-02T05:00:00Z,27,14.241741,14.126,14.302,11.744852,11.688,11.849,22.37037,8,56,83.925926,64,122,7.097,7.097,7.097,0,0,0,10331,10359,0,0,0,0,0
2021-01-02T06:00:00Z,29,14.328172,14.208,14.898,11.748414,11.703,11.788,17.896552,6,29,71.931034,47,88,7.097,7.097,7.097,0,0,0,10360,10389,0,0,0,0,0
2021-01-02T07:00:00Z,30,14.212633,14.138,14.255,11.776333,11.731,11.835,21.6,5,41,67.4,47,97,7.097,7.097,7.097,0,0,0,10390,10419,0,0,0,0,0
2021-01-02T08:00:00Z,29,14.321759,14.231,14.887,11.706828,11.651,11.755,5.62963,-9,16,46.103448,22,64,7.097,7.097,7.097,0,0,0,10420,10448,0,0,0,0,0
2021-01-02T09:00:00Z,30,14.053067,4.661,14.419,11.614933,11.58,11.655,-11.9,-20,-4,29.666667,22,39,7.097,7.097,7.097,0,0,0,10449,10478,0,0,0,0,0
2021-01-02T10:00:00Z,30,10.212867,2.438,14.547,11.5619,11.466,11.613,-24.466667,-64,-3,20.4,-27,47,7.097,7.097,7.097,0,0,0,10479,10508,0,0,0,0,0
2021-01-02T11:00:00Z,30,2.3619,2.344,2.391,11.609333,11.603,11.618,-2.551724,-3,-2,52.4,47,64,7.097,7.097,7.097,0,0,0,10509,10538,0,0,0,0,0
2021-01-02T12:00:00Z,29,2.371414,2.356,2.391,11.602379,11.599,11.608,-2.206897,-3,-2,55.517241,47,64,7.097,7.097,7.097,0,0,0,10539,10567,0,0,0,0,0
2021-01-02T13:00:00Z,28,2.388464,2.368,2.426,11.597964,11.589,11.603,-2.04,-3,-2,60.142857,47,72,7.097,7.097,7.097,0,0,0,10568,10597,0,0,0,0,0
2021-01-02T14:00:00Z,29,2.402724,2.379,2.426,11.591276,11.58,11.599,-2.037037,-3,-2,59.655172,47,72,7.097,7.097,7.097,0,0,0,10598,10626,0,0,0,0,0
2021-01-02T15:00:00Z,29,2.41669,2.403,2.438,11.583897,11.575,11.589,-2,-2,-2,61.172414,55,72,7.097,7.097,7.097,0,0,0,10627,10656,0,0,0,0,0
2021-01-02T16:00:00Z,30,2.426833,2.403,2.438,11.579767,11.57,11.584,-2,-2,-2,66.5,55,80,7.097,7.097,7.097,0,0,0,10657,10686,0,0,0,0,0
2021-01-02T17:00:00Z,29,2.44131,2.426,2.473,11.57431,11.565,11.58,-2,-2,-2,71.172414,64,80,7.097,7.097,7.097,0,0,0,10687,10715,0,0,0,0,0
2021-01-02T18:00:00Z,30,2.459,2.449,2.473,11.5679,11.561,11.575,-1,-2,0,75.2,64,88,7.097,7.097,7.097,0,0,0,10716,10745,0,0,0,0,0
2021-01-02T19:00:00Z,30,2.4742,2.461,2.485,11.561167,11.551,11.565,0,0,0,77.066667,64,88,7.097,7.097,7.097,0,0,0,10746,10775,0,0,0,0,0
2021-01-02T20:00:00Z,30,2.487133,2.473,2.496,11.5573,11.551,11.565,0,0,0,82.133333,72,88,7.097,7.097,7.097,0,0,0,10776,10805,0,0,0,0,0
2021-01-02T21:00:00Z,30,2.501333,2.485,2.52,11.549133,11.542,11.556,0,0,0,85.666667,72,97,7.097,7.097,7.097,0,0,0,10806,10835,0,0,0,0,0
2021-01-02T22:00:00Z,30,2.527967,2.496,2.672,11.542467,11.532,11.551,0,0,0,87.666667,72,97,7.097,7.097,7.097,0,0,0,10836,10865,0,0,0,0,0
2021-01-02T23:00:00Z,29,9.218483,2.742,14.641,11.496103,11.386,11.542,-16.111111,-62,1,71.827586,14,105,7.097,7.097,7.097,0,0,0,10866,10895,0,0,0,0,0
2021-01-03T00:00:00Z,30,14.350433,8.884,14.559,11.4875,11.476,11.513,-15.448276,-18,-12,61.733333,47,72,7.097,7.097,7.097,0,0,0,10896,10925,0,0,0,0,0
2021-01-03T01:00:00Z,30,14.181767,5.527,15.062,11.551133,11.495,11.651,7.5,-38,38,97.866667,64,147,7.097,7.097,7.097,0,0,0,10926,10955,0,0,0,0,0
2021-01-03T02:00:00Z,29,14.322966,14.266,14.98,11.690448,11.632,11.736,34.482759,22,53,131.206897,105,155,7.097,7.097,7.097,0,0,0,10956,10984,0,0,0,0,0
2021-01-03T03:00:00Z,29,14.305966,14.208,14.922,11.731345,11.665,11.793,37,19,51,129.655172,105,147,7.097,7.097,7.097,0,0,0,10986,11014,0,0,0,0,0
2021-01-03T04:00:00Z,29,14.273966,14.243,14.337,11.720276,11.698,11.759,27.482759,19,40,102.965517,80,130,7.097,7.097,7.097,0,0,0,11015,11044,0,0,0,0,0
2021-01-03T05:00:00Z,29,14.320931,14.278,14.98,11.685828,11.655,11.722,18.62069,7,29,96.655172,72,122,7.097,7.097,7.097,0,0,0,11045,11073,0,0,0,0,0
2021-01-03T06:00:00Z,30,14.377233,14.278,14.992,11.673067,11.651,11.707,17.366667,7,32,77.866667,64,88,7.097,7.097,7.097,0,0,0,11074,11103,0,0,0,0,0
2021-01-03T07:00:00Z,29,14.297655,14.278,14.325,11.686207,11.66,11.712,19.37931,9,28,73,55,88,7.097,7.097,7.097,0,0,0,11104,11133,0,0,0,0,0
2021-01-03T08:00:00Z,30,14.142367,7.633,14.43,11.626333,11.57,11.66,8.866667,-3,15,111.633333,72,138,7.097,7.097,7.097,0,0,0,11134,11163,0,0,0,0,0
2021-01-03T09:00:00Z,29,14.141345,4.778,14.524,11.531,11.476,11.575,-9.482759,-18,0,72.103448,47,105,7.097,7.097,7.097,0,0,0,11164,11192,0,0,0,0,0
2021-01-03T10:00:00Z,30,11.497133,2.648,14.664,11.4586,11.367,11.513,-26.366667,-63,-2,33.366667,-10,64,7.097,7.097,7.097,0,0,0,11193,11222,0,0,0,0,0
2021-01-03T11:00:00Z,30,2.611367,2.602,2.637,11.513067,11.509,11.518,1.5,0,3,113.9,64,138,7.097,7.097,7.097,0,0,0,11223,11252,0,0,0,0,0
2021-01-03T12:00:00Z,30,2.623033,2.602,2.637,11.5037,11.495,11.513,0.2,0,1,99.233333,80,122,7.097,7.097,7.097,0,0,0,11253,11282,0,0,0,0,0
2021-01-03T13:00:00Z,29,2.639931,2.625,2.648,11.496379,11.49,11.504,0,0,0,82.241379,72,97,7.097,7.097,7.097,0,0,0,11283,11311,0,0,0,0,0
2021-01-03T14:00:00Z,30,2.662,2.648,2.672,11.49,11.48,11.495,0.066667,-2,1,87.8,64,122,7.097,7.097,7.097,0,0,0,11312,11341,0,0,0,0,0
2021-01-03T15:00:00Z,30,2.673767,2.66,2.683,11.4839,11.476,11.49,1.533333,0,3,120.833333,97,138,7.097,7.097,7.097,0,0,0,11342,11371,0,0,0,0,0
2021-01-03T16:00:00Z,30,2.683867,2.672,2.707,11.4737,11.461,11.48,0,0,0,90.833333,64,105,7.097,7.097,7.097,0,0,0,11372,11401,0,0,0,0,0
2021-01-03T17:00:00Z,30,2.6978,2.683,2.719,11.4641,11.457,11.471,0,0,0,80.533333,64,88,7.097,7.097,7.097,0,0,0,11402,11431,0,0,0,0,0
2021-01-03T18:00:00Z,29,2.708241,2.695,2.719,11.454759,11.447,11.461,-2,-2,-2,73.344828,55,88,7.097,7.097,7.097,0,0,0,11432,11460,0,0,0,0,0
2021-01-03T19:00:00Z,30,2.72,2.707,2.73,11.447667,11.442,11.452,-1.333333,-2,0,74.933333,64,80,7.097,7.097,7.097,0,0,0,11461,11490,0,0,0,0,0
2021-01-03T20:00:00Z,30,2.7337,2.719,2.742,11.441167,11.433,11.447,0,0,0,77.866667,64,88,7.097,7.097,7.097,0,0,0,11491,11520,0,0,0,0,0
2021-01-03T21:00:00Z,30,2.749567,2.719,2.765,11.435067,11.424,11.442,0,0,0,79.733333,64,88,7.097,7.097,7.097,0,0,0,11521,11550,0,0,0,0,0
2021-01-03T22:00:00Z,30,2.7817,2.754,2.882,11.426233,11.419,11.433,0,0,0,78.166667,64,97,7.097,7.097,7.097,0,0,0,11551,11580,0,0,0,0,0
2021-01-03T23:00:00Z,30,9.959367,2.953,14.77,11.382033,11.267,11.428,-19.090909,-59,0,65.966667,14,88,7.097,7.097,7.097,0,0,0,11581,11610,0,0,0,0,0
2021-01-04T00:00:00Z,29,14.653448,14.571,15.214,11.404034,11.367,11.471,-2.827586,-15,15,70.793103,47,97,7.097,7.097,7.097,0,0,0,11611,11640,0,0,0,0,0
2021-01-04T01:00:00Z,30,14.571033,13.143,14.653,11.419267,11.381,11.466,3.115385,-10,16,72.5,55,88,7.097,7.097,7.097,0,0,0,11641,11670,0,0,0,0,0
2021-01-04T02:00:00Z,30,14.589667,14.477,15.202,11.483567,11.409,11.542,17.466667,-7,38,84.2,55,113,7.097,7.097,7.097,0,0,0,11671,11700,0,0,0,0,0
2021-01-04T03:00:00Z,29,14.528241,14.477,14.582,11.500207,11.457,11.537,17.448276,7,30,81.758621,72,97,7.097,7.097,7.097,0,0,0,11701,11729,0,0,0,0,0
2021-01-04T04:00:00Z,30,14.537133,14.465,14.606,11.492967,11.433,11.551,13,0,29,68.866667,47,88,7.097,7.097,7.097,0,0,0,11730,11759,0,0,0,0,0
2021-01-04T05:00:00Z,30,14.524967,14.43,14.629,11.504833,11.414,11.589,20.166667,-2,42,73.266667,47,97,7.097,7.097,7.097,0,0,0,11760,11789,0,0,0,0,0
2021-01-04T06:00:00Z,29,14.385793,14.266,15.074,11.661621,11.603,11.731,44.517241,35,63,93.758621,72,113,7.097,7.097,7.097,0,0,0,11790,11819,0,0,0,0,0
2021-01-04T07:00:00Z,28,14.385143,14.325,14.43,11.619679,11.584,11.66,25.285714,17,39,68.321429,55,88,7.097,7.097,7.097,0,0,0,11820,11848,0,0,0,0,0
2021-01-04T08:00:00Z,30,14.502467,14.419,15.074,11.551167,11.49,11.594,12.25,-3,24,51.166667,30,72,7.097,7.097,7.097,0,0,0,11849,11878,0,0,0,0,0
2021-01-04T09:00:00Z,30,14.316367,5.632,14.664,11.420167,11.367,11.476,-14.733333,-25,-4,24.966667,5,39,7.097,7.097,7.097,0,0,0,11879,11908,0,0,0,0,0
2021-01-04T10:00:00Z,28,11.941964,2.906,14.828,11.296929,11.22,11.395,-39.107143,-65,-4,-3.857143,-35,47,7.097,7.097,7.097,0,0,0,11909,11937,0,0,0,0,0
2021-01-04T11:00:00Z,30,2.8944,2.882,2.906,11.373833,11.362,11.381,-4.333333,-6,-3,37.9,22,55,7.097,7.097,7.097,0,0,0,11938,11967,0,0,0,0,0
2021-01-04T12:00:00Z,29,2.907793,2.894,2.929,11.366655,11.362,11.372,-3.758621,-4,-3,45.034483,30,55,7.097,7.097,7.097,0,0,0,11968,11997,0,0,0,0,0
2021-01-04T13:00:00Z,29,2.92569,2.917,2.941,11.359655,11.353,11.362,-3.206897,-4,-2,52.413793,47,64,7.097,7.097,7.097,0,0,0,11998,12027,0,0,0,0,0
2021-01-04T14:00:00Z,29,2.963862,2.929,2.988,11.351483,11.343,11.357,-2.965517,-4,-2,54.689655,39,64,7.097,7.097,7.097,0,0,0,12028,12056,0,0,0,0,0
2021-01-04T15:00:00Z,29,2.98769,2.964,2.999,11.34069,11.334,11.348,-3.137931,-4,-2,51.793103,39,64,7.097,7.097,7.097,0,0,0,12057,12086,0,0,0,0,0
2021-01-04T16:00:00Z,29,3.002034,2.988,3.023,11.33069,11.324,11.338,-2.931034,-4,-2,55.206897,47,64,7.097,7.097,7.097,0,0,0,12087,12116,0,0,0,0,0
2021-01-04T17:00:00Z,30,3.0193,2.999,3.034,11.318,11.31,11.329,-2.6,-3,-2,58.133333,39,64,7.097,7.097,7.097,0,0,0,12117,12146,0,0,0,0,0
2021-01-04T18:00:00Z,28,3.038821,3.023,3.058,11.306179,11.296,11.315,-2.285714,-4,-2,63.785714,47,72,7.097,7.097,7.097,0,0,0,12147,12175,0,0,0,0,0
2021-01-04T19:00:00Z,30,3.056,3.046,3.07,11.295933,11.286,11.305,-2.074074,-3,-2,67.366667,55,72,7.097,7.097,7.097,0,0,0,12176,12205,0,0,0,0,0
2021-01-04T20:00:00Z,30,3.077467,3.058,3.093,11.2829,11.277,11.291,-2.04,-3,-2,70.366667,55,80,7.097,7.097,7.097,0,0,0,12206,12235,0,0,0,0,0
2021-01-04T21:00:00Z,30,3.096133,3.081,3.116,11.273533,11.263,11.282,-2,-2,-2,76,64,88,7.097,7.097,7.097,0,0,0,12236,12265,0,0,0,0,0
2021-01-04T22:00:00Z,29,3.140034,3.105,3.28,11.260828,11.249,11.272,-2,-2,-2,78.344828,64,88,7.097,7.097,7.097,0,0,0,12266,12295,0,0,0,0,0
2021-01-04T23:00:00Z,30,8.6906,3.35,14.992,11.1934,11.078,11.258,-48.166667,-61,0,61.466667,-2,88,7.097,7.097,7.097,0,0,0,12296,12325,0,0,0,0,0
2021-01-05T00:00:00Z,30,14.494033,5.854,14.887,11.2047,11.173,11.225,-7.965517,-18,0,64.5,47,80,7.097,7.097,7.097,0,0,0,12326,12355,0,0,0,0,0
2021-01-05T01:00:00Z,30,14.877167,14.805,15.401,11.217367,11.173,11.258,-0.222222,-13,13,68.433333,39,80,7.097,7.097,7.097,0,0,0,12356,12385,0,0,0,0,0
2021-01-05T02:00:00Z,29,14.772448,14.699,14.816,11.282586,11.249,11.348,14.931034,5,36,74.827586,64,105,7.097,7.097,7.097,0,0,0,12386,12414,0,0,0,0,0
2021-01-05T03:00:00Z,30,14.722833,14.641,15.308,11.346533,11.267,11.414,21.266667,-2,41,77.4,55,105,7.097,7.097,7.097,0,0,0,12415,12444,0,0,0,0,0
2021-01-05T04:00:00Z,29,14.717069,14.617,15.343,11.374793,11.277,11.438,25.655172,6,38,76.103448,47,97,7.097,7.097,7.097,0,0,0,12445,12474,0,0,0,0,0
2021-01-05T05:00:00Z,27,14.565556,14.512,14.641,11.479296,11.419,11.518,39.814815,23,51,89.37037,72,105,7.097,7.097,7.097,0,0,0,12475,12503,0,0,0,0,0
2021-01-05T06:00:00Z,30,14.660767,14.571,15.249,11.428533,11.367,11.48,22.833333,8,36,66.033333,47,88,7.097,7.097,7.097,0,0,0,12504,12533,0,0,0,0,0
2021-01-05T07:00:00Z,30,14.495333,5.995,14.863,11.261833,11.192,11.357,-10.366667,-22,5,27.833333,5,47,7.097,7.097,7.097,0,0,0,12534,12563,0,0,0,0,0
2021-01-05T08:00:00Z,29,14.574,5.445,14.922,11.164897,11.144,11.187,-19.172414,-25,-4,18.37931,5,39,7.097,7.097,7.097,0,0,0,12564,12593,0,0,0,0,0
2021-01-05T09:00:00Z,30,14.310567,5.351,14.98,11.129733,11.107,11.168,-19.3,-34,-4,21.7,5,30,7.097,7.097,7.097,0,0,0,12594,12623,0,0,0,0,0
2021-01-05T10:00:00Z,28,13.181786,3.561,15.144,11.034107,10.941,11.116,-37.607143,-65,-6,2.785714,-43,55,7.097,7.097,7.097,0,0,0,12624,12652,0,0,0,0,0
2021-01-05T11:00:00Z,30,3.496467,3.467,3.526,11.1035,11.097,11.116,-3.347826,-6,0,67.166667,30,105,7.097,7.097,7.097,0,0,0,12653,12682,0,0,0,0,0
2021-01-05T12:00:00Z,30,3.556367,3.514,3.596,11.079967,11.064,11.097,-0.473684,-3,0,93.633333,64,130,7.097,7.097,7.097,0,0,0,12683,12712,0,0,0,0,0
2021-01-05T13:00:00Z,29,3.604724,3.584,3.631,11.057793,11.045,11.069,-1.869565,-4,0,76.655172,55,97,7.097,7.097,7.097,0,0,0,12713,12741,0,0,0,0,0
2021-01-05T14:00:00Z,26,3.666269,3.619,3.701,11.026615,11.007,11.05,-2.72,-4,-2,69.692308,55,80,7.097,7.097,7.097,0,0,0,12742,12771,0,0,0,0,0
2021-01-05T15:00:00Z,29,3.748552,3.713,3.795,10.986655,10.965,11.007,-2.862069,-4,-2,64.896552,47,80,7.097,7.097,7.097,0,0,0,12772,12800,0,0,0,0,0
2021-01-05T16:00:00Z,29,3.844172,3.783,3.924,10.935931,10.908,10.969,-3.034483,-4,-2,65.758621,55,80,7.097,7.097,7.097,0,0,0,12801,12830,0,0,0,0,0
2021-01-05T17:00:00Z,29,4.077345,3.924,4.275,10.840655,10.752,10.908,-3.275862,-4,-2,66.862069,47,80,7.097,7.097,7.097,0,0,0,12831,12860,0,0,0,0,0
2021-01-05T18:00:00Z,29,4.547034,4.31,4.766,10.622414,10.506,10.747,-3.827586,-5,-3,64.103448,47,72,7.097,7.097,7.097,0,0,0,12861,12889,0,0,0,0,0
2021-01-05T19:00:00Z,29,4.987172,4.789,5.164,10.404414,10.321,10.492,-4.482759,-5,-4,66.068966,55,72,7.097,7.097,7.097,0,0,0,12890,12919,0,0,0,0,0
2021-01-05T20:00:00Z,30,5.304233,5.164,5.433,10.260533,10.203,10.321,-5.266667,-6,-4,67.933333,55,80,7.097,7.097,7.097,0,0,0,12920,12949,0,0,0,0,0
2021-01-05T21:00:00Z,29,5.540724,5.433,5.644,10.158621,10.118,10.203,-5.413793,-7,-4,71.655172,55,80,7.097,7.097,7.097,0,0,0,12950,12979,0,0,0,0,0
2021-01-05T22:00:00Z,30,5.753567,5.655,5.995,10.0618,10.018,10.104,-5.566667,-6,-5,71.7,55,80,7.097,7.097,7.097,0,0,0,12980,13009,0,0,0,0,0
2021-01-05T23:00:00Z,30,12.422467,6.065,16.466,9.919,9.772,10.018,-20.3,-68,-5,52.3,5,80,7.097,7.097,7.097,0,0,0,13010,13039,0,0,0,0,0
2021-01-06T00:00:00Z,30,15.894267,8.335,16.478,9.8197,9.782,9.858,-19.9,-24,-7,47.6,39,64,7.097,7.097,7.097,0,0,0,13040,13069,0,0,0,0,0
2021-01-06T01:00:00Z,28,15.940714,10.78,16.478,9.813143,9.782,9.895,-5.607143,-15,15,61.178571,47,80,7.097,7.097,7.097,0,0,0,13070,13098,0,0,0,0,0
2021-01-06T02:00:00Z,30,16.3865,16.279,16.957,9.914067,9.848,9.971,10.3,-5,26,70.066667,47,88,7.097,7.097,7.097,0,0,0,13099,13128,0,0,0,0,0
2021-01-06T03:00:00Z,30,16.254767,16.162,16.326,9.9702,9.91,10.052,14.4,8,23,73.6,64,88,7.097,7.097,7.097,0,0,0,13129,13158,0,0,0,0,0
2021-01-06T04:00:00Z,30,16.000467,15.729,16.759,10.223,10.056,10.458,37.233333,20,72,91.166667,64,130,7.097,7.097,7.097,0,0,0,13159,13188,0,0,0,0,0
2021-01-06T05:00:00Z,30,15.760867,15.659,16.372,10.4544,10.397,10.501,47.6,38,70,96.133333,80,122,7.097,7.097,7.097,0,0,0,13189,13218,0,0,0,0,0
2021-01-06T06:00:00Z,29,15.587793,15.518,15.659,10.572172,10.496,10.648,38.137931,22,47,80.862069,55,97,7.097,7.097,7.097,0,0,0,13219,13247,0,0,0,0,0
2021-01-06T07:00:00Z,30,15.626767,15.46,15.764,10.533067,10.397,10.69,17.933333,-8,53,55.6,22,97,7.097,7.097,7.097,0,0,0,13248,13277,0,0,0,0,0
2021-01-06T08:00:00Z,29,15.670414,9.189,16.489,10.308034,10.132,10.444,-1.703704,-21,12,34.068966,5,47,7.097,7.097,7.097,0,0,0,13278,13307,0,0,0,0,0
2021-01-06T09:00:00Z,30,15.711367,8.089,16.384,9.979833,9.853,10.137,-22.566667,-28,-10,9.533333,-2,22,7.097,7.097,7.097,0,0,0,13308,13337,0,0,0,0,0
2021-01-06T10:00:00Z,29,14.936586,6.767,16.817,9.689862,9.479,9.843,-38.689655,-71,-9,-4.965517,-52,39,7.097,7.097,7.097,0,0,0,13338,13367,0,0,0,0,0
2021-01-06T11:00:00Z,30,6.749567,6.615,6.966,9.607967,9.503,9.692,-10.266667,-11,-10,32.033333,22,47,7.097,7.097,7.097,0,0,0,13368,13397,0,0,0,0,0
2021-01-06T12:00:00Z,29,7.302241,7.001,7.516,9.385172,9.285,9.493,-10.862069,-12,-10,34.931034,22,47,7.097,7.097,7.097,0,0,0,13398,13426,0,0,0,0,0
2021-01-06T13:00:00Z,30,7.743367,7.516,7.925,9.185933,9.105,9.285,-11.666667,-12,-11,31.7,14,47,7.097,7.097,7.097,0,0,0,13427,13456,0,0,0,0,0
2021-01-06T14:00:00Z,30,8.0654,7.937,8.194,9.0374,8.978,9.096,-12.366667,-13,-10,29.2,5,47,7.097,7.097,7.097,0,0,0,13457,13486,0,6,0,0,0
2021-01-06T15:00:00Z,29,8.312379,8.206,8.44,8.919483,8.859,8.978,-12.551724,-13,-12,32.275862,22,39,7.097,7.097,7.097,0,0,0,13487,13516,0,29,0,0,0
2021-01-06T16:00:00Z,30,8.544033,8.452,8.639,8.811967,8.774,8.855,-12.9,-13,-12,36,22,47,7.097,7.097,7.097,0,0,0,13517,13546,0,30,0,0,0
2021-01-06T17:00:00Z,30,8.710467,8.639,8.791,8.732667,8.694,8.774,-13.033333,-14,-13,35.666667,30,47,7.097,7.097,7.097,0,0,0,13547,13576,0,30,0,0,0
2021-01-06T18:00:00Z,30,8.879033,8.803,8.955,8.6583,8.628,8.694,-13,-13,-13,42.166667,30,47,7.097,7.097,7.097,0,0,0,13577,13606,0,30,0,0,0
2021-01-06T19:00:00Z,30,9.0912,8.978,9.189,8.578767,8.533,8.628,-13.133333,-14,-13,41.1,30,47,7.097,7.097,7.097,0,0,0,13607,13636,0,30,0,0,0
2021-01-06T20:00:00Z,30,9.3115,9.212,9.423,8.483567,8.434,8.528,-13.566667,-14,-13,42.966667,30,55,7.097,7.097,7.097,0,0,0,13637,13666,0,30,0,0,0
2021-01-06T21:00:00Z,29,9.581966,9.423,9.774,8.360448,8.273,8.429,-14.034483,-15,-13,43.103448,30,55,7.097,7.097,7.097,0,0,0,13667,13695,0,29,0,0,0
2021-01-06T22:00:00Z,30,10.152367,9.797,10.733,8.077833,7.885,8.259,-15.433333,-17,-14,41.3,30,47,7.097,7.097,7.097,0,0,0,13696,13725,0,30,0,0,0
2021-01-06T23:00:00Z,30,16.9259,10.897,20.889,7.103067,5.912,7.88,-55.5,-128,-17,-29.666667,-259,39,7.097,7.097,7.097,0,0,0,1,13750,0,30,0,0,0
2021-01-07T00:00:00Z,17,20.805353,17.121,21.345,5.782765,5.5,6.011,-87.352941,-90,-70,-155.705882,-176,-126,7.097,7.097,7.097,0,0,0,1,1,0,17,0,0,0
2021-01-12T01:00:00Z,20,10.6237,3.83,14.044,12.3041,12.285,12.37,4,0,18,128.7,113,138,6.75715,0.3,7.097,0,0,0,1,20,0,0,0,0,0
2021-01-12T02:00:00Z,29,13.505517,13.459,13.529,12.376966,12.346,12.422,17.310345,12,26,124.827586,113,138,7.097,7.097,7.097,0,0,0,21,50,0,0,0,0,0
2021-01-12T03:00:00Z,29,13.502276,13.494,13.518,12.386517,12.37,12.398,17.551724,16,19,113.206897,105,122,7.097,7.097,7.097,0,0,0,51,80,0,0,0,0,0
2021-01-12T04:00:00Z,29,13.550759,13.471,14.161,12.376759,12.308,12.417,15.931034,5,25,108,88,122,7.097,7.097,7.097,0,0,0,81,110,0,0,0,0,0
2021-01-12T05:00:00Z,29,13.424414,13.225,13.529,12.443448,12.36,12.568,23.37931,15,40,112.068966,97,122,7.097,7.097,7.097,0,0,0,111,140,0,0,0,0,0
2021-01-12T06:00:00Z,29,13.206207,13.108,13.658,12.60569,12.455,12.673,28.793103,7,42,113.344828,88,138,7.097,7.097,7.097,0,0,0,141,169,0,0,0,0,0
2021-01-12T07:00:00Z,30,13.509067,13.436,14.103,12.3989,12.356,12.441,9.466667,1,20,86.866667,72,105,7.097,7.097,7.097,0,0,0,170,199,0,0,0,0,0
2021-01-12T08:00:00Z,30,13.611633,13.494,13.681,12.28,12.218,12.393,-5.178571,-14,12,66.433333,55,88,7.097,7.097,7.097,0,0,0,200,229,0,0,0,0,0
2021-01-12T09:00:00Z,29,13.693897,13.67,13.74,12.211172,12.171,12.237,-9.482759,-15,-3,66.034483,47,80,7.097,7.097,7.097,0,0,0,230,259,0,0,0,0,0
2021-01-12T10:00:00Z,30,1.383233,0.156,4.672,12.797367,12.786,12.867,-9.517241,-10,-9,60.6,47,72,6.870433,0.3,7.097,1,1,1,1,30,0,0,0,0,0
2021-01-12T11:00:00Z,30,0.0017,0,0.051,12.792333,12.781,12.805,-6.866667,-10,-5,93.366667,64,122,7.097,7.097,7.097,1,1,1,31,60,0,0,0,0,0
2021-01-12T12:00:00Z,30,0,0,0,12.780867,12.767,12.791,-7.6,-8,-7,85.166667,72,97,7.097,7.097,7.097,1,1,1,61,90,0,0,0,0,0
2021-01-12T13:00:00Z,28,0,0,0,12.769143,12.762,12.777,-7.964286,-9,-7,78.571429,64,88,7.097,7.097,7.097,1,1,1,91,120,0,0,0,0,0
2021-01-12T14:00:00Z,29,0,0,0,12.754724,12.739,12.767,-8.172414,-9,-7,76.689655,64,88,7.097,7.097,7.097,1,1,1,121,149,0,0,0,0,0
2021-01-12T15:00:00Z,30,0,0,0,12.742,12.734,12.753,-7.9,-8,-7,78.666667,64,88,7.097,7.097,7.097,1,1,1,150,179,0,0,0,0,0
2021-01-12T16:00:00Z,29,0,0,0,12.730517,12.725,12.739,-7.413793,-8,-7,85.37931,80,97,7.097,7.097,7.097,1,1,1,180,209,0,0,0,0,0
2021-01-12T17:00:00Z,30,0,0,0,12.718033,12.706,12.729,-7.1,-8,-7,90,80,97,7.097,7.097,7.097,1,1,1,210,239,0,0,0,0,0
2021-01-12T18:00:00Z,29,0,0,0,12.70369,12.691,12.715,-6.862069,-8,-6,94.413793,80,105,7.097,7.097,7.097,1,1,1,240,269,0,0,0,0,0
2021-01-12T19:00:00Z,30,0,0,0,12.6887,12.677,12.701,-6.433333,-7,-6,99.766667,88,113,7.097,7.097,7.097,1,1,1,270,299,0,0,0,0,0
2021-01-12T20:00:00Z,30,0,0,0,12.6785,12.668,12.682,-6.1,-7,-5,104.5,97,122,7.097,7.097,7.097,1,1,1,300,329,0,0,0,0,0
2021-01-12T21:00:00Z,29,0,0,0,12.674345,12.668,12.682,-5.689655,-7,-4,109.172414,97,122,7.097,7.097,7.097,1,1,1,330,358,0,0,0,0,0
2021-01-12T22:00:00Z,30,0.003933,0,0.074,12.673133,12.663,12.682,-5.233333,-6,-4,112.666667,97,130,7.097,7.097,7.097,1,1,1,359,388,0,0,0,0,0
2021-01-12T23:00:00Z,30,2.971633,0.121,13.272,12.658667,12.535,12.677,-10.7,-66,-4,108.266667,47,130,7.097,7.097,7.097,1,1,1,389,418,0,0,0,0,0
2021-01-13T00:00:00Z,30,6.048033,1.876,13.132,12.671867,12.658,12.687,-4.821429,-8,-2,115.533333,105,130,7.097,7.097,7.097,1,1,1,419,448,0,0,0,0,0
2021-01-13T01:00:00Z,30,13.096767,13.038,13.12,12.688,12.663,12.729,0.074074,-6,13,107.166667,88,130,7.097,7.097,7.097,1,1,1,449,478,0,0,0,0,0
2021-01-13T02:00:00Z,30,13.027,12.909,13.752,12.762267,12.734,12.848,20.2,11,42,130.566667,113,155,7.097,7.097,7.097,1,1,1,479,508,0,0,0,0,0
2021-01-13T03:00:00Z,30,13.050467,12.921,13.728,12.763333,12.715,12.838,17.133333,4,38,117.233333,105,138,7.097,7.097,7.097,1,1,1,509,538,0,0,0,0,0
2021-01-13T04:00:00Z,29,13.018172,12.956,13.061,12.749448,12.72,12.796,14.172414,6,28,102.137931,80,122,7.097,7.097,7.097,1,1,1,539,568,0,0,0,0,0
2021-01-13T05:00:00Z,30,13.124167,13.038,13.763,12.723333,12.715,12.734,7.333333,5,11,92.233333,80,105,7.097,7.097,7.097,1,1,1,569,598,0,0,0,0,0
2021-01-13T06:00:00Z,29,13.057379,13.015,13.752,12.738,12.725,12.753,11.758621,7,17,90.034483,80,105,7.097,7.097,7.097,1,1,1,599,627,0,0,0,0,0
2021-01-13T07:00:00Z,30,13.057767,12.921,13.717,12.740367,12.682,12.843,10.9,-7,39,81.4,55,113,7.097,7.097,7.097,1,1,1,628,657,0,0,0,0,0
2021-01-13T08:00:00Z,30,13.092633,12.921,13.752,12.709967,12.649,12.833,1.107143,-17,32,67.3,39,113,7.097,7.097,7.097,1,1,1,658,687,0,0,0,0,0
2021-01-13T09:00:00Z,29,9.498069,1.97,13.155,12.652793,12.635,12.673,-14.517241,-23,-9,51.896552,39,72,7.097,7.097,7.097,1,1,1,688,717,0,0,0,0,0
2021-01-13T10:00:00Z,30,1.5852,0.297,4.497,12.669833,12.663,12.673,-8.433333,-10,-8,73.8,55,88,7.097,7.097,7.097,1,1,1,718,747,0,0,0,0,0
2021-01-13T11:00:00Z,30,0.019933,0,0.215,12.665533,12.654,12.673,-8.1,-9,-7,77.866667,64,88,7.097,7.097,7.097,1,1,1,748,777,0,0,0,0,0
2021-01-13T12:00:00Z,29,0.000552,0,0.004,12.661828,12.654,12.673,-8.068966,-9,-8,77.793103,64,88,7.097,7.097,7.097,1,1,1,778,807,0,0,0,0,0
2021-01-13T13:00:00Z,28,0.001714,0,0.016,12.659321,12.654,12.668,-7.75,-9,-7,82.285714,64,88,7.097,7.097,7.097,1,1,1,808,836,0,0,0,0,0
2021-01-13T14:00:00Z,28,0.004143,0,0.016,12.657857,12.649,12.663,-7.285714,-8,-7,85.857143,72,97,7.097,7.097,7.097,1,1,1,837,866,0,0,0,0,0
2021-01-13T15:00:00Z,30,0.008933,0,0.028,12.654333,12.644,12.658,-7.2,-8,-7,89.9,72,105,7.097,7.097,7.097,1,1,1,867,896,0,0,0,0,0
2021-01-13T16:00:00Z,29,0.010345,0,0.028,12.65331,12.644,12.658,-6.896552,-7,-6,97.034483,80,105,7.097,7.097,7.097,1,1,1,897,925,0,0,0,0,0
2021-01-13T17:00:00Z,30,0.016,0.004,0.028,12.651733,12.644,12.658,-6.433333,-7,-6,100.1,88,113,7.097,7.097,7.097,1,1,1,926,955,0,0,0,0,0
2021-01-13T18:00:00Z,30,0.0247,0.016,0.039,12.647833,12.639,12.654,-6.166667,-7,-5,102.566667,88,113,7.097,7.097,7.097,1,1,1,956,985,0,0,0,0,0
2021-01-13T19:00:00Z,30,0.030933,0.016,0.051,12.645533,12.635,12.654,-5.8,-6,-5,108.066667,97,122,7.097,7.097,7.097,1,1,1,986,1015,0,0,0,0,0
2021-01-13T20:00:00Z,30,0.039133,0.028,0.051,12.640767,12.635,12.649,-5.466667,-6,-4,110.7,97,122,7.097,7.097,7.097,1,1,1,1016,1045,0,0,0,0,0
2021-01-13T21:00:00Z,30,0.041067,0.028,0.063,12.640433,12.63,12.644,-4.966667,-6,-4,115.866667,105,130,7.097,7.097,7.097,1,1,1,1046,1075,0,0,0,0,0
2021-01-13T22:00:00Z,30,0.0513,0.039,0.133,12.636667,12.63,12.644,-4.633333,-6,-4,118.966667,105,130,7.097,7.097,7.097,1,1,1,1076,1105,0,0,0,0,0
2021-01-13T23:00:00Z,30,4.7371,0.191,13.342,12.607367,12.497,12.639,-14.2,-64,-3,103.966667,47,130,7.097,7.097,7.097,1,1,1,1106,1135,0,0,0,0,0
2021-01-14T00:00:00Z,27,2.60937,2.098,3.081,12.628889,12.62,12.635,-5.259259,-6,-4,114.074074,105,122,7.097,7.097,7.097,1,1,1,1137,1164,0,0,0,0,0
2021-01-14T01:00:00Z,30,10.1991,3.093,13.518,12.6354,12.625,12.668,-1.931034,-6,9,111,105,122,7.097,7.097,7.097,1,1,1,1165,1194,0,0,0,0,0
2021-01-14T02:00:00Z,30,13.151633,13.085,13.822,12.6829,12.663,12.701,12.066667,6,18,120.533333,105,147,7.097,7.097,7.097,1,1,1,1195,1224,0,0,0,0,0
2021-01-14T03:00:00Z,30,13.088667,12.991,13.74,12.714433,12.639,12.781,19.5,-2,37,122.533333,88,147,7.097,7.097,7.097,1,1,1,1225,1254,0,0,0,0,0
2021-01-14T04:00:00Z,30,13.105333,12.968,13.81,12.7199,12.654,12.791,19.2,0,47,112.5,88,147,7.097,7.097,7.097,1,1,1,1255,1284,0,0,0,0,0
2021-01-14T05:00:00Z,30,13.028933,12.956,13.763,12.7619,12.72,12.805,26.766667,12,38,115.666667,97,130,7.097,7.097,7.097,1,1,1,1285,1314,0,0,0,0,0
2021-01-14T06:00:00Z,30,12.9432,12.909,12.979,12.816867,12.786,12.848,32.733333,23,41,114.7,97,138,7.097,7.097,7.097,1,1,1,1315,1344,0,0,0,0,0
2021-01-14T07:00:00Z,30,13.0067,12.921,13.717,12.781033,12.739,12.833,21.9,12,37,94.166667,80,113,7.097,7.097,7.097,1,1,1,1345,1374,0,0,0,0,0
2021-01-14T08:00:00Z,30,13.0703,11.915,13.19,12.667833,12.592,12.781,-2.966667,-20,22,61.1,39,97,7.097,7.097,7.097,1,1,1,1375,1404,0,0,0,0,0
2021-01-14T09:00:00Z,30,9.582133,1.958,13.213,12.5996,12.578,12.62,-14.466667,-23,-9,51.5,30,64,7.097,7.097,7.097,1,1,1,1405,1434,0,0,0,0,0
2021-01-14T10:00:00Z,29,1.621138,0.367,3.631,12.617069,12.606,12.62,-8.62069,-9,-8,70.551724,55,80,7.097,7.097,7.097,1,1,1,1435,1463,0,0,0,0,0
2021-01-14T11:00:00Z,30,0.114967,0.086,0.297,12.615867,12.606,12.62,-6.733333,-9,-6,95.033333,64,113,7.097,7.097,7.097,1,1,1,1464,1493,0,0,0,0,0
2021-01-14T12:00:00Z,30,0.095033,0.086,0.109,12.612467,12.606,12.62,-5.066667,-6,-3,111.833333,97,130,7.097,7.097,7.097,1,1,1,1494,1523,0,0,0,0,0
2021-01-14T13:00:00Z,29,0.112966,0.098,0.133,12.608276,12.602,12.616,-5.965517,-7,-5,104.724138,88,122,7.097,7.097,7.097,1,1,1,1524,1553,0,0,0,0,0
2021-01-14T14:00:00Z,28,0.112643,0.098,0.133,12.604,12.597,12.611,-5.107143,-7,-2,111.5,88,147,7.097,7.097,7.097,1,1,1,1554,1582,0,0,0,0,0
2021-01-14T15:00:00Z,29,0.137414,0.109,0.168,12.599655,12.592,12.611,-4.827586,-6,-3,116.172414,97,138,7.097,7.097,7.097,1,1,1,1583,1612,0,0,0,0,0
2021-01-14T16:00:00Z,30,0.151233,0.133,0.168,12.596833,12.587,12.602,-6.033333,-7,-5,107.233333,97,122,7.097,7.097,7.097,1,1,1,1613,1642,0,0,0,0,0
2021-01-14T17:00:00Z,29,0.159897,0.145,0.18,12.593379,12.587,12.602,-6.034483,-7,-6,105.827586,97,113,7.097,7.097,7.097,1,1,1,1643,1672,0,0,0,0,0
2021-01-14T18:00:00Z,30,0.171233,0.145,0.18,12.59,12.587,12.592,-5.9,-6,-5,106.066667,97,113,7.097,7.097,7.097,1,1,1,1673,1702,0,0,0,0,0
2021-01-14T19:00:00Z,29,0.182862,0.168,0.203,12.585103,12.583,12.592,-6,-7,-5,105.827586,97,113,7.097,7.097,7.097,1,1,1,1703,1731,0,0,0,0,0
2021-01-14T20:00:00Z,30,0.190533,0.18,0.203,12.582433,12.578,12.587,-5.7,-6,-5,107.133333,97,113,7.097,7.097,7.097,1,1,1,1732,1761,0,0,0,0,0
2021-01-14T21:00:00Z,29,0.198862,0.191,0.215,12.580414,12.573,12.583,-5.413793,-6,-4,110.310345,97,122,7.097,7.097,7.097,1,1,1,1762,1791,0,0,0,0,0
2021-01-14T22:00:00Z,30,0.210833,0.191,0.285,12.577833,12.573,12.583,-4.966667,-6,-4,115.266667,97,122,7.097,7.097,7.097,1,1,1,1792,1821,0,0,0,0,0
2021-01-14T23:00:00Z,30,4.4915,0.355,13.436,12.5455,12.431,12.578,-16.433333,-65,-4,100,39,122,7.097,7.097,7.097,1,1,1,1822,1851,0,0,0,0,0
2021-01-15T00:00:00Z,30,2.800067,2.204,3.315,12.571167,12.568,12.578,-5.5,-6,-4,110.133333,105,122,7.097,7.097,7.097,1,1,1,1852,1881,0,0,0,0,0
2021-01-15T01:00:00Z,30,10.931833,3.327,13.225,12.579433,12.564,12.611,-1.275862,-6,12,109.133333,97,122,7.097,7.097,7.097,1,1,1,1882,1911,0,0,0,0,0
2021-01-15T02:00:00Z,30,13.177233,13.132,13.892,12.6343,12.611,12.654,15.3,9,22,116.366667,97,130,7.097,7.097,7.097,1,1,1,1912,1941,0,0,0,0,0
2021-01-15T03:00:00Z,29,13.158724,13.12,13.845,12.658034,12.639,12.673,19.413793,15,22,113.448276,105,122,7.097,7.097,7.097,1,1,1,1942,1970,0,0,0,0,0
2021-01-15T04:00:00Z,29,13.132724,13.026,13.787,12.704379,12.663,12.753,27.724138,21,40,113.827586,105,130,7.097,7.097,7.097,1,1,1,1972,2000,0,0,0,0,0
2021-01-15T05:00:00Z,29,13.10569,13.038,13.798,12.704621,12.682,12.729,22.862069,17,33,102.724138,88,122,7.097,7.097,7.097,1,1,1,2001,2030,0,0,0,0,0
2021-01-15T06:00:00Z,30,13.192433,13.061,13.869,12.642467,12.587,12.715,10.2,-3,26,82.833333,64,105,7.097,7.097,7.097,1,1,1,2031,2060,0,0,0,0,0
2021-01-15T07:00:00Z,30,13.186267,13.143,13.857,12.625733,12.583,12.639,12.758621,4,18,108.533333,80,147,7.097,7.097,7.097,1,1,1,2061,2090,0,0,0,0,0
2021-01-15T08:00:00Z,30,13.194,13.155,13.249,12.595233,12.559,12.639,4.733333,-7,19,113.566667,72,147,7.097,7.097,7.097,1,1,1,2091,2120,0,0,0,0,0
2021-01-15T09:00:00Z,29,12.518034,2.239,13.307,12.540172,12.521,12.564,-14.37931,-22,-8,70.827586,55,88,7.097,7.097,7.097,1,1,1,2121,2150,0,0,0,0,0
2021-01-15T10:00:00Z,30,1.960167,0.73,5.035,12.559167,12.554,12.564,-7.566667,-9,-7,85.5,72,105,7.097,7.097,7.097,1,1,1,2151,2180,0,0,0,0,0
2021-01-15T11:00:00Z,30,0.2684,0.215,0.601,12.558167,12.554,12.564,-7.066667,-8,-7,91.066667,80,105,7.097,7.097,7.097,1,1,1,2181,2210,0,0,0,0,0
2021-01-15T12:00:00Z,28,0.236714,0.226,0.262,12.556786,12.545,12.564,-7,-8,-6,95.035714,72,105,7.097,7.097,7.097,1,1,1,2211,2239,0,0,0,0,0
2021-01-15T13:00:00Z,29,0.24831,0.238,0.273,12.552828,12.545,12.559,-6.931034,-8,-6,95.034483,88,105,7.097,7.097,7.097,1,1,1,2240,2269,0,0,0,0,0
2021-01-15T14:00:00Z,26,0.258231,0.25,0.273,12.548538,12.54,12.554,-6.807692,-8,-6,96.153846,80,105,7.097,7.097,7.097,1,1,1,2270,2298,0,0,0,0,0
2021-01-15T15:00:00Z,26,0.270692,0.25,0.297,12.543808,12.535,12.554,-6.692308,-7,-6,96.115385,88,105,7.097,7.097,7.097,1,1,1,2300,2328,0,0,0,0,0
2021-01-15T16:00:00Z,29,0.277655,0.262,0.285,12.539517,12.531,12.545,-7,-8,-6,94.448276,80,105,7.097,7.097,7.097,1,1,1,2329,2358,0,0,0,0,0
2021-01-15T17:00:00Z,30,0.285,0.273,0.297,12.5346,12.526,12.545,-6.966667,-7,-6,93.6,88,105,7.097,7.097,7.097,1,1,1,2359,2388,0,0,0,0,0
2021-01-15T18:00:00Z,29,0.289517,0.273,0.308,12.532172,12.526,12.54,-6.655172,-7,-6,98.827586,80,113,7.097,7.097,7.097,1,1,1,2389,2418,0,0,0,0,0
2021-01-15T19:00:00Z,30,0.304533,0.285,0.332,12.526633,12.521,12.535,-6.5,-7,-6,99.5,88,113,7.097,7.097,7.097,1,1,1,2419,2448,0,0,0,0,0
2021-01-15T20:00:00Z,28,0.3065,0.297,0.32,12.523857,12.516,12.531,-6.178571,-7,-6,103.821429,88,113,7.097,7.097,7.097,1,1,1,2449,2477,0,0,0,0,0
2021-01-15T21:00:00Z,30,0.314533,0.297,0.332,12.5191,12.512,12.526,-6,-7,-5,105,97,113,7.097,7.097,7.097,1,1,1,2478,2507,0,0,0,0,0
2021-01-15T22:00:00Z,30,0.328233,0.32,0.379,12.515633,12.507,12.521,-6,-7,-5,107.966667,97,122,7.097,7.097,7.097,1,1,1,2508,2537,0,0,0,0,0
2021-01-15T23:00:00Z,30,4.1924,0.414,13.506,12.489133,12.374,12.516,-15.3,-64,-5,95.6,22,122,7.097,7.097,7.097,1,1,1,2538,2567,0,0,0,0,0
2021-01-16T00:00:00Z,30,2.8484,2.274,3.432,12.507167,12.497,12.512,-6.033333,-7,-5,106.633333,97,122,7.097,7.097,7.097,1,1,1,2568,2597,0,0,0,0,0
2021-01-16T01:00:00Z,29,10.987931,3.444,13.962,12.510069,12.479,12.535,-3.964286,-16,3,110.689655,97,138,7.097,7.097,7.097,1,1,1,2598,2627,0,0,0,0,0
2021-01-16T02:00:00Z,30,13.222767,13.19,13.354,12.574033,12.488,12.597,15.433333,-10,22,124.2,113,147,7.097,7.097,7.097,1,1,1,2628,2657,0,0,0,0,0
2021-01-16T03:00:00Z,30,13.200133,13.132,13.927,12.612,12.568,12.654,23.4,7,36,121.133333,97,147,7.097,7.097,7.097,1,1,1,2658,2687,0,0,0,0,0
2021-01-16T04:00:00Z,29,13.189172,13.167,13.272,12.598655,12.554,12.625,20.793103,6,25,150.310345,130,163,7.097,7.097,7.097,1,1,1,2688,2716,0,0,0,0,0
2021-01-16T05:00:00Z,29,13.268655,13.178,13.927,12.578345,12.54,12.611,15,4,25,116.793103,97,138,7.097,7.097,7.097,1,1,1,2717,2746,0,0,0,0,0
2021-01-16T06:00:00Z,30,13.2532,13.155,13.939,12.5876,12.54,12.63,16.9,2,32,104.233333,80,122,7.097,7.097,7.097,1,1,1,2747,2776,0,0,0,0,0
2021-01-16T07:00:00Z,30,13.280867,13.202,13.927,12.551233,12.497,12.592,6.793103,-11,21,82.533333,55,97,7.097,7.097,7.097,1,1,1,2777,2806,0,0,0,0,0
2021-01-16T08:00:00Z,30,13.300467,13.249,13.354,12.523133,12.488,12.564,-1.384615,-12,13,68.4,47,88,7.097,7.097,7.097,1,1,1,2807,2836,0,0,0,0,0
2021-01-16T09:00:00Z,29,12.625966,2.426,13.483,12.478828,12.45,12.502,-14.551724,-25,-8,51.689655,30,64,7.097,7.097,7.097,1,1,1,2837,2866,0,0,0,0,0
2021-01-16T10:00:00Z,30,1.9958,0.765,3.959,12.4909,12.483,12.497,-8.933333,-10,-8,67.066667,55,80,7.097,7.097,7.097,1,1,1,2867,2896,0,0,0,0,0
2021-01-16T11:00:00Z,28,0.40875,0.367,0.706,12.487357,12.479,12.493,-8.357143,-9,-8,75.107143,55,88,7.097,7.097,7.097,1,1,1,2897,2925,0,0,0,0,0
2021-01-16T12:00:00Z,30,0.385733,0.367,0.414,12.483833,12.479,12.493,-8.133333,-9,-7,77.866667,64,88,7.097,7.097,7.097,1,1,1,2926,2955,0,0,0,0,0
2021-01-16T13:00:00Z,27,0.399778,0.39,0.414,12.481111,12.474,12.483,-7.962963,-8,-7,83,72,97,7.097,7.097,7.097,1,1,1,2956,2985,0,0,0,0,0
2021-01-16T14:00:00Z,25,0.4044,0.39,0.414,12.47856,12.474,12.488,-7.8,-8,-7,83.88,72,97,7.097,7.097,7.097,1,1,1,2986,3013,0,0,0,0,0
2021-01-16T15:00:00Z,30,0.408733,0.39,0.425,12.475967,12.469,12.483,-7.433333,-8,-7,87.4,72,97,7.097,7.097,7.097,1,1,1,3015,3044,0,0,0,0,0
2021-01-16T16:00:00Z,30,0.4158,0.402,0.425,12.470333,12.464,12.479,-7.266667,-8,-7,89.633333,80,97,7.097,7.097,7.097,1,1,1,3045,3074,0,0,0,0,0
2021-01-16T17:00:00Z,30,0.420633,0.414,0.437,12.466833,12.464,12.474,-7.233333,-8,-7,90.433333,80,97,7.097,7.097,7.097,1,1,1,3075,3104,0,0,0,0,0
2021-01-16T18:00:00Z,30,0.4294,0.425,0.437,12.463833,12.455,12.469,-7.166667,-8,-7,91.633333,80,105,7.097,7.097,7.097,1,1,1,3105,3134,0,0,0,0,0
2021-01-16T19:00:00Z,30,0.4342,0.425,0.449,12.4604,12.455,12.469,-7,-8,-6,94.5,80,105,7.097,7.097,7.097,1,1,1,3135,3164,0,0,0,0,0
2021-01-16T20:00:00Z,29,0.44031,0.425,0.449,12.458483,12.45,12.464,-6.689655,-7,-6,97.931034,88,105,7.097,7.097,7.097,1,1,1,3165,3194,0,0,0,0,0
2021-01-16T21:00:00Z,29,0.444345,0.437,0.46,12.455138,12.445,12.464,-6.37931,-7,-6,103.034483,88,113,7.097,7.097,7.097,1,1,1,3195,3223,0,0,0,0,0
2021-01-16T22:00:00Z,29,0.455207,0.437,0.496,12.450517,12.445,12.46,-6.310345,-7,-6,104.37931,88,113,7.097,7.097,7.097,1,1,1,3224,3253,0,0,0,0,0
2021-01-16T23:00:00Z,30,4.9419,0.542,13.564,12.4233,12.318,12.455,-15.5,-64,-4,92.533333,22,113,7.097,7.097,7.097,1,1,1,3254,3283,0,0,0,0,0
2021-01-17T00:00:00Z,30,2.924067,2.379,3.444,12.442567,12.436,12.445,-6.466667,-7,-6,100.666667,88,113,7.097,7.097,7.097,1,1,1,3284,3313,0,0,0,0,0
2021-01-17T01:00:00Z,29,11.06469,3.385,13.845,12.452966,12.436,12.469,-2.296296,-9,4,100.275862,88,113,7.097,7.097,7.097,1,1,1,3314,3343,0,0,0,0,0
2021-01-17T02:00:00Z,29,13.363172,13.319,13.412,12.486724,12.46,12.512,7.37931,2,15,95.310345,80,113,7.097,7.097,7.097,1,1,1,3345,3373,0,0,0,0,0
2021-01-17T03:00:00Z,30,13.337267,13.319,13.354,12.502,12.497,12.507,10.8,9,13,89.366667,80,97,7.097,7.097,7.097,1,1,1,3374,3403,0,0,0,0,0
2021-01-17T04:00:00Z,29,13.368414,13.33,13.401,12.484276,12.469,12.502,5.241379,1,11,75.896552,55,97,7.097,7.097,7.097,1,1,1,3404,3432,0,0,0,0,0
2021-01-17T05:00:00Z,30,13.4253,13.389,14.021,12.463967,12.455,12.469,0.6,0,3,65.133333,47,80,7.097,7.097,7.097,1,1,1,3433,3462,0,0,0,0,0
2021-01-17T06:00:00Z,28,13.408607,13.319,14.032,12.4745,12.431,12.521,3.814815,-11,19,63.357143,39,80,7.097,7.097,7.097,1,1,1,3463,3492,0,0,0,0,0
2021-01-17T07:00:00Z,29,13.387793,13.225,14.009,12.502483,12.427,12.573,8.928571,-16,32,64.172414,30,97,7.097,7.097,7.097,1,1,1,3493,3522,0,0,0,0,0
2021-01-17T08:00:00Z,27,13.422704,13.307,13.494,12.448296,12.398,12.526,-5.962963,-25,21,41.185185,14,72,7.097,7.097,7.097,1,1,1,3523,3551,0,0,0,0,0
2021-01-17T09:00:00Z,30,12.008467,2.426,13.506,12.4131,12.389,12.441,-16,-27,-4,34.2,14,55,7.097,7.097,7.097,1,1,1,3552,3581,0,0,0,0,0
2021-01-17T10:00:00Z,29,2.423276,1.174,5.152,12.426862,12.422,12.431,-9.862069,-11,-9,56.413793,47,64,7.097,7.097,7.097,1,1,1,3582,3611,0,0,0,0,0
2021-01-17T11:00:00Z,30,0.561967,0.496,0.999,12.4233,12.417,12.431,-9.3,-10,-9,62.366667,47,72,7.097,7.097,7.097,1,1,1,3612,3641,0,0,0,0,0
2021-01-17T12:00:00Z,29,0.519,0.507,0.531,12.418207,12.412,12.422,-8.965517,-9,-8,68.896552,55,80,7.097,7.097,7.097,1,1,1,3642,3671,0,0,0,0,0
2021-01-17T13:00:00Z,27,0.532481,0.519,0.542,12.414852,12.408,12.422,-8.740741,-9,-8,68.037037,55,80,7.097,7.097,7.097,1,1,1,3672,3700,0,0,0,0,0
2021-01-17T14:00:00Z,29,0.537103,0.531,0.554,12.411759,12.408,12.417,-8.344828,-9,-8,74.482759,64,80,7.097,7.097,7.097,1,1,1,3701,3730,0,0,0,0,0
2021-01-17T15:00:00Z,30,0.545333,0.531,0.566,12.410067,12.403,12.417,-8.266667,-9,-8,75.733333,64,88,7.097,7.097,7.097,1,1,1,3731,3760,0,0,0,0,0
2021-01-17T16:00:00Z,30,0.547633,0.531,0.566,12.409067,12.398,12.417,-7.9,-8,-7,83.233333,72,105,7.097,7.097,7.097,1,1,1,3761,3790,0,0,0,0,0
2021-01-17T17:00:00Z,30,0.557533,0.542,0.577,12.405333,12.398,12.408,-7.8,-8,-7,87.933333,80,97,7.097,7.097,7.097,1,1,1,3791,3820,0,0,0,0,0
2021-01-17T18:00:00Z,26,0.568038,0.554,0.577,12.402231,12.398,12.408,-7.538462,-8,-7,88.807692,80,105,7.097,7.097,7.097,1,1,1,3821,3849,0,0,0,0,0
2021-01-17T19:00:00Z,30,0.5772,0.554,0.589,12.399,12.393,12.408,-6.833333,-8,-6,98.7,80,113,7.097,7.097,7.097,1,1,1,3850,3879,0,0,0,0,0
2021-01-17T20:00:00Z,28,0.587714,0.577,0.601,12.395679,12.393,12.403,-6.428571,-7,-6,102.678571,88,113,7.097,7.097,7.097,1,1,1,3880,3909,0,0,0,0,0
2021-01-17T21:00:00Z,27,0.597444,0.589,0.613,12.391,12.384,12.398,-6.185185,-7,-6,104.111111,97,113,7.097,7.097,7.097,1,1,1,3910,3938,0,0,0,0,0
2021-01-17T22:00:00Z,30,0.6029,0.589,0.648,12.388467,12.379,12.398,-5.833333,-7,-5,112.066667,97,122,7.097,7.097,7.097,1,1,1,3939,3968,0,0,0,0,0
2021-01-17T23:00:00Z,29,4.56669,0.671,13.646,12.359276,12.247,12.389,-15.586207,-66,-4,97,39,122,7.097,7.097,7.097,1,1,1,3969,3998,0,0,0,0,0
2021-01-18T00:00:00Z,27,3.484815,2.777,4.006,12.377704,12.37,12.384,-6.037037,-7,-5,108.259259,97,113,7.097,7.097,7.097,1,1,1,3999,4027,0,0,0,0,0
2021-01-18T01:00:00Z,30,8.3432,3.69,13.518,12.376533,12.365,12.393,-4.928571,-7,0,102.3,88,122,7.097,7.097,7.097,1,1,1,4028,4057,0,0,0,0,0
2021-01-18T02:00:00Z,30,13.4876,13.447,14.103,12.418233,12.398,12.436,7.966667,2,14,106.6,88,122,7.097,7.097,7.097,1,1,1,4058,4087,0,0,0,0,0
2021-01-18T03:00:00Z,30,13.4637,13.424,14.079,12.4345,12.427,12.441,11.966667,9,15,101.966667,88,113,7.097,7.097,7.097,1,1,1,4088,4117,0,0,0,0,0
2021-01-18T04:00:00Z,30,13.47,13.436,13.506,12.415333,12.384,12.441,6.392857,-4,15,86.766667,64,105,7.097,7.097,7.097,1,1,1,4118,4147,0,0,0,0,0
2021-01-18T05:00:00Z,30,13.495467,13.471,13.518,12.3966,12.37,12.417,0.310345,-7,6,74.4,64,88,7.097,7.097,7.097,1,1,1,4148,4177,0,0,0,0,0
2021-01-18T06:00:00Z,30,13.5131,13.471,14.103,12.398767,12.365,12.417,1.9,-10,10,83.266667,64,105,7.097,7.097,7.097,1,1,1,4178,4207,0,0,0,0,0
2021-01-18T07:00:00Z,30,13.480967,13.377,13.541,12.400633,12.341,12.479,2.4,-17,28,69.566667,39,105,7.097,7.097,7.097,1,1,1,4208,4237,0,0,0,0,0
2021-01-18T08:00:00Z,30,13.5285,13.401,14.114,12.4,12.351,12.469,0.366667,-14,20,60.8,39,88,7.097,7.097,7.097,1,1,1,4238,4267,0,0,0,0,0
2021-01-18T09:00:00Z,29,13.540207,13.518,13.564,12.342345,12.322,12.365,-16.275862,-24,-5,38.758621,22,55,7.097,7.097,7.097,1,1,1,4268,4296,0,0,0,0,0
2021-01-18T10:00:00Z,30,6.9692,1.923,13.564,12.342067,12.318,12.36,-15,-26,-9,44.6,30,64,7.097,7.097,7.097,1,1,1,4297,4326,0,0,0,0,0
2021-01-18T11:00:00Z,30,0.769533,0.659,2.251,12.352633,12.346,12.36,-9.233333,-10,-9,63.533333,47,80,7.097,7.097,7.097,1,1,1,4327,4356,0,0,0,0,0
2021-01-18T12:00:00Z,30,0.6638,0.659,0.671,12.349333,12.341,12.356,-8.733333,-9,-8,73.866667,64,88,7.097,7.097,7.097,1,1,1,4357,4386,0,0,0,0,0
2021-01-18T13:00:00Z,28,0.682321,0.659,0.694,12.345679,12.337,12.351,-8.25,-9,-8,75.428571,64,88,7.097,7.097,7.097,1,1,1,4387,4416,0,0,0,0,0
2021-01-18T14:00:00Z,29,0.687966,0.671,0.706,12.34169,12.332,12.346,-8.448276,-9,-8,75.034483,64,88,7.097,7.097,7.097,1,1,1,4417,4445,0,0,0,0,0
2021-01-18T15:00:00Z,29,0.687069,0.671,0.694,12.33969,12.332,12.346,-8.206897,-9,-8,78.896552,72,88,7.097,7.097,7.097,1,1,1,4446,4475,0,0,0,0,0
2021-01-18T16:00:00Z,30,0.688867,0.671,0.706,12.3396,12.332,12.346,-7.933333,-9,-7,82.7,72,97,7.097,7.097,7.097,1,1,1,4476,4505,0,0,0,0,0
2021-01-18T17:00:00Z,30,0.7048,0.694,0.718,12.334167,12.327,12.337,-7.9,-9,-7,85.566667,72,97,7.097,7.097,7.097,1,1,1,4506,4535,0,0,0,0,0
2021-01-18T18:00:00Z,29,0.712621,0.694,0.73,12.330966,12.322,12.337,-7.241379,-8,-7,92.068966,72,105,7.097,7.097,7.097,1,1,1,4536,4564,0,0,0,0,0
2021-01-18T19:00:00Z,29,0.716345,0.706,0.73,12.329241,12.322,12.332,-6.862069,-8,-6,99.344828,88,113,7.097,7.097,7.097,1,1,1,4566,4594,0,0,0,0,0
2021-01-18T20:00:00Z,30,0.7305,0.718,0.741,12.324267,12.318,12.332,-6.666667,-7,-6,100.366667,88,113,7.097,7.097,7.097,1,1,1,4595,4624,0,0,0,0,0
2021-01-18T21:00:00Z,29,0.73969,0.73,0.753,12.320207,12.313,12.327,-6.413793,-7,-6,102.793103,97,113,7.097,7.097,7.097,1,1,1,4625,4654,0,0,0,0,0
2021-01-18T22:00:00Z,30,0.751733,0.741,0.788,12.317333,12.308,12.322,-6.033333,-7,-5,108.533333,97,122,7.097,7.097,7.097,1,1,1,4655,4684,0,0,0,0,0
2021-01-18T23:00:00Z,30,4.387333,0.811,13.728,12.306067,12.181,12.341,-10.566667,-65,2,110.033333,39,130,7.097,7.097,7.097,0.566667,0,1,4685,4714,0,0,0,0,0
2021-01-19T00:00:00Z,29,3.496,2.999,3.853,12.337724,12.332,12.346,1.413793,1,2,135.310345,130,147,7.097,7.097,7.097,0,0,0,4715,4744,0,0,0,0,0
2021-01-19T01:00:00Z,27,12.505741,3.947,14.149,12.337519,12.332,12.351,2.814815,0,9,131.185185,122,138,7.097,7.097,7.097,0,0,0,4745,4773,0,0,0,0,0
2021-01-19T02:00:00Z,30,13.485667,13.389,14.138,12.431,12.351,12.474,27.766667,7,39,145.933333,122,155,7.097,7.097,7.097,0,0,0,4774,4803,0,0,0,0,0
2021-01-19T03:00:00Z,30,13.347133,13.284,13.974,12.5082,12.464,12.54,38.933333,25,51,150.066667,138,163,7.097,7.097,7.097,0,0,0,4804,4833,0,0,0,0,0
2021-01-19T04:00:00Z,30,13.2504,13.178,13.915,12.571167,12.483,12.611,46.566667,21,65,150.466667,122,163,7.097,7.097,7.097,0,0,0,4834,4863,0,0,0,0,0
2021-01-19T05:00:00Z,29,13.361897,13.295,14.021,12.498448,12.45,12.521,23.896552,7,35,125.413793,105,147,7.097,7.097,7.097,0,0,0,4864,4893,0,0,0,0,0
2021-01-19T06:00:00Z,30,13.425867,13.295,14.044,12.458733,12.412,12.521,15.333333,5,32,113.333333,88,138,7.097,7.097,7.097,0,0,0,4894,4923,0,0,0,0,0
2021-01-19T07:00:00Z,29,13.452621,13.389,14.079,12.441034,12.412,12.46,16.896552,6,24,111.275862,88,122,7.097,7.097,7.097,0,0,0,4924,4952,0,0,0,0,0
2021-01-19T08:00:00Z,30,13.3293,8.814,13.529,12.398933,12.36,12.45,6.433333,-12,21,126.066667,105,147,7.097,7.097,7.097,0,0,0,4953,4982,0,0,0,0,0
2021-01-19T09:00:00Z,30,12.714267,3.538,13.564,12.335333,12.304,12.36,-7.962963,-31,0,91.133333,72,105,7.097,7.097,7.097,0,0,0,4983,5012,0,0,0,0,0
2021-01-19T10:00:00Z,30,7.242433,1.174,13.588,12.321633,12.294,12.341,-7.8,-18,0,90.333333,64,113,7.097,7.097,7.097,0,0,0,5013,5042,0,0,0,0,0
2021-01-19T11:00:00Z,30,0.740967,0.706,1.01,12.3349,12.332,12.341,0.857143,0,3,121.166667,97,155,7.097,7.097,7.097,0,0,0,5043,5072,0,0,0,0,0
2021-01-19T12:00:00Z,26,0.728038,0.718,0.741,12.331231,12.327,12.337,1.423077,0,4,135.461538,105,155,7.097,7.097,7.097,0,0,0,5073,5101,0,0,0,0,0
2021-01-19T13:00:00Z,29,0.731759,0.718,0.741,12.327862,12.322,12.337,0.068966,0,1,119.482759,113,130,7.097,7.097,7.097,0,0,0,5102,5131,0,0,0,0,0
2021-01-19T14:00:00Z,29,0.733793,0.73,0.741,12.323483,12.318,12.327,0,0,0,118,105,122,7.097,7.097,7.097,0,0,0,5132,5160,0,0,0,0,0
2021-01-19T15:00:00Z,30,0.740533,0.73,0.765,12.323267,12.318,12.327,0.033333,0,1,120.366667,113,130,7.097,7.097,7.097,0,0,0,5161,5190,0,0,0,0,0
2021-01-19T16:00:00Z,30,0.738067,0.718,0.753,12.320633,12.313,12.327,0.033333,0,1,121.333333,113,130,7.097,7.097,7.097,0,0,0,5191,5220,0,0,0,0,0
2021-01-19T17:00:00Z,30,0.7443,0.73,0.753,12.3186,12.313,12.322,0.1,0,1,122.1,113,130,7.097,7.097,7.097,0,0,0,5221,5250,0,0,0,0,0
2021-01-19T18:00:00Z,30,0.748667,0.73,0.765,12.3164,12.308,12.322,0.233333,0,1,123.7,113,130,7.097,7.097,7.097,0,0,0,5251,5280,0,0,0,0,0
2021-01-19T19:00:00Z,30,0.7554,0.741,0.765,12.313967,12.308,12.322,0.666667,0,1,126.766667,113,138,7.097,7.097,7.097,0,0,0,5281,5310,0,0,0,0,0
2021-01-19T20:00:00Z,28,0.767321,0.753,0.788,12.309393,12.304,12.313,0.5,0,1,127.392857,113,138,7.097,7.097,7.097,0,0,0,5311,5339,0,0,0,0,0
2021-01-19T21:00:00Z,29,0.787172,0.776,0.8,12.307138,12.304,12.313,0.758621,0,1,130,122,138,7.097,7.097,7.097,0,0,0,5340,5369,0,0,0,0,0
2021-01-19T22:00:00Z,29,0.794517,0.788,0.835,12.303586,12.294,12.308,0.827586,0,1,128.896552,122,138,7.097,7.097,7.097,0,0,0,5370,5399,0,0,0,0,0
2021-01-19T23:00:00Z,30,4.710633,0.847,13.74,12.2785,12.162,12.308,-8.5,-56,2,118.4,55,138,7.097,7.097,7.097,0,0,0,5400,5429,0,0,0,0,0
2021-01-20T00:00:00Z,29,3.466103,2.988,3.912,12.298483,12.289,12.304,0.896552,0,1,128.310345,113,138,7.097,7.097,7.097,0,0,0,5430,5459,0,0,0,0,0
2021-01-20T01:00:00Z,30,12.6131,4.052,14.149,12.305333,12.289,12.327,3.310345,0,10,124.866667,113,138,7.097,7.097,7.097,0,0,0,5460,5489,0,0,0,0,0
2021-01-20T02:00:00Z,29,13.579379,13.506,14.185,12.345276,12.327,12.37,14.896552,9,22,125.586207,122,138,7.097,7.097,7.097,0,0,0,5490,5518,0,0,0,0,0
2021-01-20T03:00:00Z,30,13.527433,13.436,14.138,12.4016,12.356,12.441,27.033333,17,38,130.3,113,147,7.097,7.097,7.097,0,0,0,5519,5548,0,0,0,0,0
2021-01-20T04:00:00Z,30,13.416567,13.284,14.032,12.456833,12.351,12.521,33.862069,0,53,130.433333,88,155,7.097,7.097,7.097,0,0,0,5549,5578,0,0,0,0,0
2021-01-20T05:00:00Z,30,13.5117,13.377,14.079,12.392233,12.332,12.474,18.666667,-3,45,111.333333,80,138,7.097,7.097,7.097,0,0,0,5579,5608,0,0,0,0,0
2021-01-20T06:00:00Z,30,13.440833,13.342,13.506,12.4327,12.379,12.502,23.733333,9,48,112.233333,88,138,7.097,7.097,7.097,0,0,0,5609,5638,0,0,0,0,0
2021-01-20T07:00:00Z,30,13.502867,13.459,13.564,12.387233,12.36,12.422,14.3,6,26,97.833333,80,113,7.097,7.097,7.097,0,0,0,5639,5668,0,0,0,0,0
2021-01-20T08:00:00Z,30,13.540633,13.518,13.576,12.337933,12.299,12.365,3.931034,-7,11,88.833333,80,97,7.097,7.097,7.097,0,0,0,5669,5698,0,0,0,0,0
2021-01-20T09:00:00Z,30,13.606967,13.564,13.623,12.277433,12.261,12.299,-11.9,-17,-4,71.466667,64,88,7.097,7.097,7.097,0,0,0,5699,5728,0,0,0,0,0
2021-01-20T10:00:00Z,28,5.256571,1.127,13.646,12.284321,12.256,12.294,-9.428571,-19,0,84.857143,55,105,7.097,7.097,7.097,0,0,0,5729,5757,0,0,0,0,0
2021-01-20T11:00:00Z,29,0.826655,0.788,1.045,12.290483,12.285,12.299,0,0,0,97.862069,88,105,7.097,7.097,7.097,0,0,0,5758,5787,0,0,0,0,0
2021-01-20T12:00:00Z,29,0.804207,0.788,0.823,12.289,12.285,12.294,0,0,0,98.758621,88,113,7.097,7.097,7.097,0,0,0,5788,5817,0,0,0,0,0
2021-01-20T13:00:00Z,25,0.80708,0.8,0.823,12.28872,12.285,12.294,0,0,0,101.36,88,113,7.097,7.097,7.097,0,0,0,5818,5846,0,0,0,0,0
2021-01-20T14:00:00Z,28,0.814036,0.8,0.835,12.284964,12.28,12.289,0.16,0,1,114.214286,105,130,7.097,7.097,7.097,0,0,0,5847,5876,0,0,0,0,0
2021-01-20T15:00:00Z,26,0.812462,0.8,0.823,12.283038,12.28,12.289,0,0,0,111.307692,97,122,7.097,7.097,7.097,0,0,0,5877,5904,0,0,0,0,0
2021-01-20T16:00:00Z,30,0.8154,0.811,0.823,12.280167,12.275,12.285,0,0,0,107.2,97,122,7.097,7.097,7.097,0,0,0,5906,5935,0,0,0,0,0
2021-01-20T17:00:00Z,30,0.8198,0.811,0.835,12.278667,12.275,12.285,0,0,0,112.366667,97,122,7.097,7.097,7.097,0,0,0,5936,5965,0,0,0,0,0
2021-01-20T18:00:00Z,29,0.825069,0.811,0.835,12.276207,12.27,12.28,0,0,0,112.62069,97,130,7.097,7.097,7.097,0,0,0,5967,5995,0,0,0,0,0
2021-01-20T19:00:00Z,30,0.8274,0.823,0.835,12.274,12.27,12.28,0,0,0,115.5,105,130,7.097,7.097,7.097,0,0,0,5996,6025,0,0,0,0,0
2021-01-20T20:00:00Z,30,0.8322,0.823,0.847,12.272067,12.266,12.28,0,0,0,118.066667,97,130,7.097,7.097,7.097,0,0,0,6026,6055,0,0,0,0,0
2021-01-20T21:00:00Z,30,0.838967,0.823,0.858,12.2697,12.261,12.275,0.033333,0,1,119.166667,97,130,7.097,7.097,7.097,0,0,0,6056,6085,0,0,0,0,0
2021-01-20T22:00:00Z,30,0.846833,0.835,0.882,12.267933,12.261,12.27,0.1,0,1,120.666667,113,130,7.097,7.097,7.097,0,0,0,6086,6115,0,0,0,0,0
2021-01-20T23:00:00Z,30,5.095967,0.928,13.787,12.242133,12.128,12.27,-9.266667,-61,1,108.733333,39,130,7.097,7.097,7.097,0,0,0,6116,6145,0,0,0,0,0
2021-01-21T00:00:00Z,29,8.234966,3.362,13.635,12.268828,12.261,12.285,2.344828,0,10,119.172414,105,130,7.097,7.097,7.097,0,0,0,6146,6174,0,0,0,0,0
2021-01-21T01:00:00Z,30,13.641367,13.6,14.243,12.2688,12.256,12.28,2.607143,-2,7,112.633333,97,130,7.097,7.097,7.097,0,0,0,6175,6204,0,0,0,0,0
2021-01-21T02:00:00Z,29,13.574586,13.529,13.752,12.309379,12.275,12.341,15.275862,6,23,117.827586,105,130,7.097,7.097,7.097,0,0,0,6205,6234,0,0,0,0,0
2021-01-21T03:00:00Z,29,13.507862,13.412,14.079,12.395138,12.332,12.46,35.37931,18,52,131.37931,105,155,7.097,7.097,7.097,0,0,0,6235,6264,0,0,0,0,0
2021-01-21T04:00:00Z,30,13.489133,13.389,14.103,12.446133,12.422,12.479,38.366667,32,48,128.9,113,138,7.097,7.097,7.097,0,0,0,6265,6294,0,0,0,0,0
2021-01-21T05:00:00Z,29,13.512103,13.412,14.138,12.413103,12.346,12.45,23.37931,4,38,109.689655,72,130,7.097,7.097,7.097,0,0,0,6295,6324,0,0,0,0,0
2021-01-21T06:00:00Z,28,13.56775,13.518,14.185,12.329964,12.304,12.365,6.615385,-2,19,84.178571,64,105,7.097,7.097,7.097,0,0,0,6325,6353,0,0,0,0,0
2021-01-21T07:00:00Z,30,13.5211,13.483,13.541,12.361667,12.327,12.403,18.766667,6,31,97.8,80,113,7.097,7.097,7.097,0,0,0,6354,6383,0,0,0,0,0
2021-01-21T08:00:00Z,30,13.535867,13.518,13.553,12.342967,12.318,12.365,13.1,4,19,86.6,64,105,7.097,7.097,7.097,0,0,0,6384,6413,0,0,0,0,0
2021-01-21T09:00:00Z,29,13.615241,13.564,13.658,12.272931,12.242,12.322,-6.321429,-15,7,61.344828,47,80,7.097,7.097,7.097,0,0,0,6415,6443,0,0,0,0,0
2021-01-21T10:00:00Z,30,6.303133,1.771,13.681,12.250433,12.218,12.266,-7.433333,-20,-2,66.3,39,88,7.097,7.097,7.097,0,0,0,6444,6473,0,0,0,0,0
2021-01-21T11:00:00Z,29,0.930448,0.847,1.724,12.259793,12.251,12.266,-2.08,-3,-2,81.137931,64,97,7.097,7.097,7.097,0,0,0,6474,6502,0,0,0,0,0
2021-01-21T12:00:00Z,28,0.872893,0.858,0.893,12.256571,12.247,12.261,-2,-2,-2,86.178571,72,97,7.097,7.097,7.097,0,0,0,6503,6531,0,0,0,0,0
2021-01-21T13:00:00Z,26,0.888462,0.87,0.905,12.253769,12.247,12.261,-1.333333,-2,0,92.230769,72,105,7.097,7.097,7.097,0,0,0,6535,6562,0,0,0,0,0
2021-01-21T14:00:00Z,27,0.889111,0.858,0.917,12.253407,12.242,12.261,0,0,0,101.296296,88,113,7.097,7.097,7.097,0,0,0,6563,6591,0,0,0,0,0
2021-01-21T15:00:00Z,29,0.905862,0.882,0.917,12.250379,12.247,12.256,1.37931,0,3,135.448276,113,155,7.097,7.097,7.097,0,0,0,6592,6621,0,0,0,0,0
2021-01-21T16:00:00Z,30,0.912867,0.893,0.94,12.2468,12.237,12.256,0.2,0,1,122.366667,97,138,7.097,7.097,7.097,0,0,0,6622,6651,0,0,0,0,0
2021-01-21T17:00:00Z,29,0.907483,0.882,0.928,12.245379,12.237,12.251,0,0,0,115.862069,105,130,7.097,7.097,7.097,0,0,0,6652,6681,0,0,0,0,0
2021-01-21T18:00:00Z,28,0.912929,0.893,0.928,12.240679,12.228,12.247,0,0,0,111.964286,105,122,7.097,7.097,7.097,0,0,0,6682,6710,0,0,0,0,0
2021-01-21T19:00:00Z,30,0.930467,0.905,0.964,12.2379,12.233,12.247,0,0,0,112.4,97,122,7.097,7.097,7.097,0,0,0,6711,6740,0,0,0,0,0
2021-01-21T20:00:00Z,30,0.9401,0.917,0.964,12.235467,12.228,12.242,0,0,0,113,97,122,7.097,7.097,7.097,0,0,0,6741,6770,0,0,0,0,0
2021-01-21T21:00:00Z,30,0.928233,0.905,0.952,12.233067,12.228,12.237,0,0,0,116.333333,105,122,7.097,7.097,7.097,0,0,0,6771,6800,0,0,0,0,0
2021-01-21T22:00:00Z,30,0.941567,0.917,0.975,12.229267,12.223,12.237,0,0,0,114.433333,105,122,7.097,7.097,7.097,0,0,0,6801,6830,0,0,0,0,0
2021-01-21T23:00:00Z,30,5.6054,1.01,13.834,12.203267,12.091,12.233,-9.433333,-58,1,104.833333,39,122,7.097,7.097,7.097,0,0,0,6831,6860,0,0,0,0,0
2021-01-22T00:00:00Z,30,3.356267,2.52,13.822,12.2168,12.1,12.228,-1.896552,-55,0,106.866667,39,122,7.097,7.097,7.097,0,0,0,6861,6890,0,0,0,0,0
2021-01-22T01:00:00Z,29,9.861483,3.444,13.693,12.264897,12.214,12.351,13.689655,0,39,122.793103,97,155,7.097,7.097,7.097,0,0,0,6892,6920,0,0,0,0,0
2021-01-22T02:00:00Z,30,13.6689,13.553,14.266,12.281767,12.242,12.322,14.733333,0,30,118.066667,97,138,7.097,7.097,7.097,0,0,0,6921,6950,0,0,0,0,0
2021-01-22T03:00:00Z,29,13.561172,13.471,14.22,12.345138,12.275,12.422,30.655172,12,55,128.068966,105,155,7.097,7.097,7.097,0,0,0,6951,6979,0,0,0,0,0
2021-01-22T04:00:00Z,30,13.519233,13.494,13.541,12.368467,12.337,12.393,30.433333,20,40,123.666667,113,138,7.097,7.097,7.097,0,0,0,6980,7009,0,0,0,0,0
2021-01-22T05:00:00Z,30,13.529,13.436,14.149,12.4038,12.356,12.441,35.2,18,52,122.466667,97,147,7.097,7.097,7.097,0,0,0,7010,7039,0,0,0,0,0
2021-01-22T06:00:00Z,30,13.538,13.412,14.185,12.386,12.327,12.455,25.2,3,53,108.533333,80,138,7.097,7.097,7.097,0,0,0,7040,7069,0,0,0,0,0
2021-01-22T07:00:00Z,30,13.273567,3.444,13.67,12.273733,12.223,12.346,-2.75,-15,15,79.6,64,97,7.097,7.097,7.097,0,0,0,7070,7099,0,0,0,0,0
2021-01-22T08:00:00Z,30,13.3541,3.549,13.717,12.212833,12.19,12.223,-9.827586,-13,-4,77.6,64,88,7.097,7.097,7.097,0,0,0,7100,7129,0,0,0,0,0
2021-01-22T09:00:00Z,30,13.6697,12.511,13.728,12.196467,12.176,12.223,-10.633333,-17,-2,70.533333,55,88,7.097,7.097,7.097,0,0,0,7130,7159,0,0,0,0,0
2021-01-22T10:00:00Z,27,5.159593,1.56,13.74,12.206148,12.176,12.218,-6.222222,-18,-2,82.259259,64,97,7.097,7.097,7.097,0,0,0,7160,7188,0,0,0,0,0
2021-01-22T11:00:00Z,27,1.053185,0.964,1.607,12.214,12.209,12.223,0,0,0,93.37037,80,97,7.097,7.097,7.097,0,0,0,7189,7218,0,0,0,0,0
2021-01-22T12:00:00Z,30,0.979867,0.964,0.999,12.210133,12.204,12.218,0,0,0,94.766667,80,105,7.097,7.097,7.097,0,0,0,7219,7248,0,0,0,0,0
2021-01-22T13:00:00Z,25,0.98604,0.975,0.999,12.2082,12.199,12.214,0,0,0,99.44,80,105,7.097,7.097,7.097,0,0,0,7249,7277,0,0,0,0,0
2021-01-22T14:00:00Z,26,0.999577,0.975,1.01,12.204769,12.199,12.214,0,0,0,102.192308,88,113,7.097,7.097,7.097,0,0,0,7278,7307,0,0,0,0,0
2021-01-22T15:00:00Z,27,1.000556,0.987,1.022,12.202926,12.195,12.209,0,0,0,99.555556,88,105,7.097,7.097,7.097,0,0,0,7308,7336,0,0,0,0,0
2021-01-22T16:00:00Z,30,1.0042,0.987,1.022,12.199733,12.195,12.204,0,0,0,102.833333,88,113,7.097,7.097,7.097,0,0,0,7337,7366,0,0,0,0,0
2021-01-22T17:00:00Z,30,1.0064,0.987,1.022,12.197,12.19,12.204,0,0,0,104.433333,88,113,7.097,7.097,7.097,0,0,0,7367,7396,0,0,0,0,0
2021-01-22T18:00:00Z,30,1.013633,0.999,1.034,12.194133,12.185,12.199,0,0,0,104.966667,88,113,7.097,7.097,7.097,0,0,0,7397,7426,0,0,0,0,0
2021-01-22T19:00:00Z,29,1.02369,0.999,1.034,12.191207,12.185,12.195,0,0,0,108,88,113,7.097,7.097,7.097,0,0,0,7427,7456,0,0,0,0,0
2021-01-22T20:00:00Z,30,1.027067,1.01,1.045,12.1879,12.176,12.195,0,0,0,108.8,97,122,7.097,7.097,7.097,0,0,0,7457,7486,0,0,0,0,0
2021-01-22T21:00:00Z,30,1.0311,1.01,1.045,12.186433,12.181,12.195,0,0,0,111.8,105,122,7.097,7.097,7.097,0,0,0,7487,7516,0,0,0,0,0
2021-01-22T22:00:00Z,30,1.038433,1.022,1.092,12.183933,12.176,12.19,0,0,0,113.8,105,122,7.097,7.097,7.097,0,0,0,7517,7546,0,0,0,0,0
2021-01-22T23:00:00Z,30,4.169667,1.127,13.892,12.1718,12.048,12.19,-3.9,-59,0,108.666667,39,122,7.097,7.097,7.097,0,0,0,7547,7576,0,0,0,0,0
2021-01-23T00:00:00Z,28,5.717464,2.648,13.892,12.150571,12.048,12.181,-13.038462,-58,0,90.214286,30,113,7.097,7.097,7.097,0,0,0,7577,7605,0,0,0,0,0
2021-01-23T01:00:00Z,30,6.307,2.929,13.74,12.178867,12.166,12.199,1.333333,0,10,113.233333,105,130,7.097,7.097,7.097,0,0,0,7606,7635,0,0,0,0,0
2021-01-23T02:00:00Z,30,13.656033,13.6,13.717,12.242667,12.19,12.285,17.2,4,30,125.533333,105,138,7.097,7.097,7.097,0,0,0,7636,7665,0,0,0,0,0
2021-01-23T03:00:00Z,30,13.631867,13.506,14.22,12.3112,12.19,12.389,35.533333,3,56,137.333333,97,155,7.097,7.097,7.097,0,0,0,7666,7695,0,0,0,0,0
2021-01-23T04:00:00Z,27,13.633111,13.541,14.266,12.278296,12.237,12.332,16.518519,4,28,114.037037,97,130,7.097,7.097,7.097,0,0,0,7696,7725,0,0,0,0,0
2021-01-23T05:00:00Z,29,13.704931,13.623,14.29,12.241517,12.19,12.275,12.518519,-5,23,100.655172,80,113,7.097,7.097,7.097,0,0,0,7726,7754,0,0,0,0,0
2021-01-23T06:00:00Z,29,13.683793,13.611,14.29,12.24069,12.195,12.27,12.758621,-2,28,95.310345,64,113,7.097,7.097,7.097,0,0,0,7755,7784,0,0,0,0,0
2021-01-23T07:00:00Z,30,13.709933,13.564,14.255,12.236833,12.171,12.308,11.8,-7,34,85.166667,55,122,7.097,7.097,7.097,0,0,0,7785,7814,0,0,0,0,0
2021-01-23T08:00:00Z,29,13.653172,10.885,14.278,12.178724,12.147,12.218,-2.541667,-13,9,63.448276,47,88,7.097,7.097,7.097,0,0,0,7815,7844,0,0,0,0,0
2021-01-23T09:00:00Z,30,13.723067,13.67,13.763,12.185767,12.143,12.233,0.4,-12,15,62.766667,39,97,7.097,7.097,7.097,0,0,0,7845,7874,0,0,0,0,0
2021-01-23T10:00:00Z,28,7.139429,1.771,13.798,12.151929,12.119,12.171,-8.928571,-23,-3,55.964286,30,72,7.097,7.097,7.097,0,0,0,7875,7903,0,0,0,0,0
2021-01-23T11:00:00Z,30,1.168267,1.069,1.654,12.164833,12.157,12.171,-2.766667,-4,-2,71.2,64,80,7.097,7.097,7.097,0,0,0,7904,7933,0,0,0,0,0
2021-01-23T12:00:00Z,30,1.089867,1.069,1.104,12.163233,12.157,12.171,-2.241379,-3,-2,74.933333,64,88,7.097,7.097,7.097,0,0,0,7934,7963,0,0,0,0,0
2021-01-23T13:00:00Z,28,1.103179,1.081,1.116,12.161214,12.157,12.166,-2.035714,-3,-2,81.714286,72,88,7.097,7.097,7.097,0,0,0,7964,7993,0,0,0,0,0
2021-01-23T14:00:00Z,27,1.107074,1.092,1.127,12.156037,12.152,12.166,-2.041667,-3,-2,79.703704,72,88,7.097,7.097,7.097,0,0,0,7994,8022,0,0,0,0,0
2021-01-23T15:00:00Z,29,1.113414,1.104,1.139,12.15169,12.143,12.162,-2,-2,-2,85.344828,72,97,7.097,7.097,7.097,0,0,0,8023,8052,0,0,0,0,0
2021-01-23T16:00:00Z,29,1.112207,1.104,1.127,12.148724,12.143,12.157,-2,-2,-2,85.413793,72,97,7.097,7.097,7.097,0,0,0,8053,8082,0,0,0,0,0
2021-01-23T17:00:00Z,30,1.121167,1.104,1.139,12.146,12.138,12.152,-1.6,-2,0,88.533333,80,97,7.097,7.097,7.097,0,0,0,8083,8112,0,0,0,0,0
2021-01-23T18:00:00Z,30,1.126833,1.116,1.139,12.1434,12.138,12.147,-2,-2,-2,91.633333,80,105,7.097,7.097,7.097,0,0,0,8113,8142,0,0,0,0,0
2021-01-23T19:00:00Z,30,1.133867,1.116,1.151,12.141133,12.133,12.147,0,0,0,96.8,88,113,7.097,7.097,7.097,0,0,0,8143,8172,0,0,0,0,0
2021-01-23T20:00:00Z,29,1.141862,1.127,1.174,12.137828,12.128,12.143,0,0,0,97.413793,80,105,7.097,7.097,7.097,0,0,0,8173,8201,0,0,0,0,0
2021-01-23T21:00:00Z,29,1.143034,1.127,1.162,12.137483,12.133,12.143,0,0,0,103.896552,97,113,7.097,7.097,7.097,0,0,0,8202,8231,0,0,0,0,0
2021-01-23T22:00:00Z,29,1.15469,1.139,1.209,12.134724,12.128,12.138,0,0,0,103.068966,97,113,7.097,7.097,7.097,0,0,0,8232,8261,0,0,0,0,0
2021-01-23T23:00:00Z,30,6.0214,1.233,13.927,12.103133,11.996,12.138,-14.392857,-60,0,89.4,14,113,7.097,7.097,7.097,0,0,0,8262,8291,0,0,0,0,0
2021-01-24T00:00:00Z,30,4.072633,3.093,13.798,12.1304,12.124,12.138,0,0,0,100.7,88,105,7.097,7.097,7.097,0,0,0,8292,8321,0,0,0,0,0
2021-01-24T01:00:00Z,29,13.786345,13.728,14.372,12.15169,12.133,12.181,6.344828,0,18,103.896552,88,122,7.097,7.097,7.097,0,0,0,8322,8351,0,0,0,0,0
2021-01-24T02:00:00Z,30,13.722167,13.693,13.763,12.188533,12.152,12.214,15.733333,5,24,108.533333,88,130,7.097,7.097,7.097,0,0,0,8352,8381,0,0,0,0,0
2021-01-24T03:00:00Z,29,13.669414,13.588,14.302,12.255034,12.195,12.294,32.241379,19,41,141.241379,122,155,7.097,7.097,7.097,0,0,0,8382,8410,0,0,0,0,0
2021-01-24T04:00:00Z,30,13.577533,13.529,14.255,12.326133,12.294,12.365,42.833333,36,51,134.666667,122,147,7.097,7.097,7.097,0,0,0,8411,8440,0,0,0,0,0
2021-01-24T05:00:00Z,29,13.619586,13.529,14.278,12.294448,12.266,12.36,24.862069,12,47,111.275862,88,138,7.097,7.097,7.097,0,0,0,8441,8470,0,0,0,0,0
2021-01-24T06:00:00Z,30,13.634,13.564,13.67,12.2636,12.233,12.308,17.9,6,32,99.733333,80,130,7.097,7.097,7.097,0,0,0,8471,8500,0,0,0,0,0
2021-01-24T07:00:00Z,30,13.718533,13.623,14.313,12.229567,12.199,12.27,11.1,2,24,83.366667,64,97,7.097,7.097,7.097,0,0,0,8501,8530,0,0,0,0,0
2021-01-24T08:00:00Z,30,13.769633,13.681,14.208,12.173167,12.124,12.233,-0.037037,-14,20,66.4,39,88,7.097,7.097,7.097,0,0,0,8531,8560,0,0,0,0,0
2021-01-24T09:00:00Z,30,12.350133,2.625,13.845,12.1221,12.091,12.152,-10.655172,-22,1,55.7,39,72,7.097,7.097,7.097,0,0,0,8561,8590,0,0,0,0,0
2021-01-24T10:00:00Z,29,2.904138,1.42,7.75,12.225828,12.124,12.573,-2.75,-4,0,71.413793,55,97,6.862621,0.3,7.097,0,0,0,1,8610,0,0,0,0,0
2021-01-24T11:00:00Z,30,0.703467,0.624,1.198,12.371333,12.356,12.384,0,0,0,114.433333,97,130,7.097,7.097,7.097,0,0,0,11,40,0,0,0,0,0
2021-01-24T12:00:00Z,30,0.681533,0.648,0.718,12.3436,12.327,12.36,0,0,0,99.3,88,105,7.097,7.097,7.097,0,0,0,41,70,0,0,0,0,0
2021-01-24T13:00:00Z,29,0.755862,0.706,0.788,12.311345,12.294,12.332,-0.4,-2,0,96.482759,80,105,7.097,7.097,7.097,0,0,0,71,99,0,0,0,0,0
2021-01-24T14:00:00Z,30,0.8231,0.788,0.87,12.2777,12.261,12.294,0,0,0,98.266667,88,113,7.097,7.097,7.097,0,0,0,100,129,0,0,0,0,0
2021-01-24T15:00:00Z,30,0.903467,0.858,0.952,12.244067,12.218,12.261,0,0,0,99.566667,88,105,7.097,7.097,7.097,0,0,0,130,159,0,0,0,0,0
2021-01-24T16:00:00Z,30,0.988967,0.952,1.034,12.204267,12.19,12.223,0,0,0,101.8,97,113,7.097,7.097,7.097,0,0,0,160,189,0,0,0,0,0
2021-01-24T17:00:00Z,30,1.0669,1.01,1.116,12.168567,12.147,12.19,0,0,0,105.033333,97,122,7.097,7.097,7.097,0,0,0,190,219,0,0,0,0,0
2021-01-24T18:00:00Z,30,1.1488,1.104,1.186,12.134333,12.119,12.152,0,0,0,106.866667,97,113,7.097,7.097,7.097,0,0,0,220,249,0,0,0,0,0
2021-01-24T19:00:00Z,30,1.210433,1.174,1.279,12.108467,12.091,12.124,0,0,0,112.7,105,122,7.097,7.097,7.097,0,0,0,250,279,0,0,0,0,0
2021-01-24T20:00:00Z,30,1.307167,1.256,1.361,12.0743,12.058,12.091,0,0,0,109.3,97,122,7.097,7.097,7.097,0,0,0,280,309,0,0,0,0,0
2021-01-24T21:00:00Z,30,1.4078,1.361,1.455,12.042267,12.029,12.058,0,0,0,110.4,105,122,7.097,7.097,7.097,0,0,0,310,339,0,0,0,0,0
2021-01-24T22:00:00Z,29,1.486793,1.443,1.56,12.014138,12.001,12.029,0,0,0,109.551724,97,122,7.097,7.097,7.097,0,0,0,340,368,0,0,0,0,0
2021-01-24T23:00:00Z,30,8.656167,1.619,14.149,11.945167,11.811,12.01,-12.2,-58,0,81.1,22,105,7.097,7.097,7.097,0,0,0,369,398,0,0,0,0,0
2021-01-25T00:00:00Z,31,5.906194,1.876,14.044,12.782903,11.911,12.919,-6.935484,-12,1,83.580645,64,97,6.877742,0.3,7.097,0.903226,0,1,1,401,0,0,0,0,0
2021-01-25T01:00:00Z,28,12.869786,12.851,12.886,12.87375,12.862,12.881,-1,-7,4,74.285714,64,88,7.097,7.097,7.097,1,1,1,29,56,0,0,0,0,0
2021-01-25T02:00:00Z,28,12.898786,12.839,13.553,12.882607,12.876,12.89,6.571429,3,11,74.857143,64,88,7.097,7.097,7.097,1,1,1,58,87,0,0,0,0,0
2021-01-25T03:00:00Z,30,12.838133,12.781,13.553,12.920267,12.89,12.952,19.533333,11,30,84.2,72,97,7.097,7.097,7.097,1,1,1,88,117,0,0,0,0,0
2021-01-25T04:00:00Z,30,12.8473,12.722,13.518,12.949133,12.919,12.971,27.4,11,41,87.033333,64,113,7.097,7.097,7.097,1,1,1,118,147,0,0,0,0,0
2021-01-25T05:00:00Z,30,12.822567,12.781,12.874,12.9129,12.876,12.947,18.933333,10,27,74.366667,55,88,7.097,7.097,7.097,1,1,1,148,177,0,0,0,0,0
2021-01-25T06:00:00Z,30,12.8664,12.804,12.956,12.881533,12.814,12.933,13.3,-3,29,61.966667,30,88,7.097,7.097,7.097,1,1,1,178,207,0,0,0,0,0
2021-01-25T07:00:00Z,30,12.947767,12.851,13.623,12.831867,12.8,12.885,3.740741,-7,20,41.466667,22,64,7.097,7.097,7.097,1,1,1,208,237,0,0,0,0,0
2021-01-25T08:00:00Z,30,12.948233,12.898,12.991,12.814333,12.781,12.862,-1.586207,-14,12,34.666667,14,55,7.097,7.097,7.097,1,1,1,238,267,0,0,0,0,0
2021-01-25T09:00:00Z,29,9.254517,1.946,13.038,12.760207,12.739,12.777,-16.103448,-23,-11,15.413793,5,30,7.097,7.097,7.097,1,1,1,268,296,0,0,0,0,0
2021-01-25T10:00:00Z,30,1.6718,0.425,4.813,12.769533,12.758,12.777,-11.033333,-12,-10,33.1,14,47,7.097,7.097,7.097,1,1,1,297,326,0,0,0,0,0
2021-01-25T11:00:00Z,30,0.015667,0,0.262,12.7625,12.753,12.772,-10.533333,-11,-10,41.266667,14,47,7.097,7.097,7.097,1,1,1,327,356,0,0,0,0,0
2021-01-25T12:00:00Z,30,0,0,0,12.757367,12.748,12.767,-10.1,-11,-10,46.2,39,55,7.097,7.097,7.097,1,1,1,357,386,0,0,0,0,0
2021-01-25T13:00:00Z,30,0,0,0,12.749433,12.744,12.753,-9.9,-10,-9,48.933333,39,64,7.097,7.097,7.097,1,1,1,387,416,0,0,0,0,0
2021-01-25T14:00:00Z,29,0,0,0,12.745138,12.739,12.748,-9.62069,-10,-9,53.206897,39,64,7.097,7.097,7.097,1,1,1,417,445,0,0,0,0,0
2021-01-25T15:00:00Z,29,0,0,0,12.738483,12.729,12.744,-9.241379,-10,-9,56.965517,47,64,7.097,7.097,7.097,1,1,1,446,475,0,0,0,0,0
2021-01-25T16:00:00Z,30,0,0,0,12.735333,12.729,12.744,-9.066667,-10,-9,61.166667,47,72,7.097,7.097,7.097,1,1,1,476,505,0,0,0,0,0
2021-01-25T17:00:00Z,30,0,0,0,12.7306,12.725,12.739,-8.9,-10,-8,63.5,55,72,7.097,7.097,7.097,1,1,1,506,535,0,0,0,0,0
2021-01-25T18:00:00Z,30,0,0,0,12.725067,12.72,12.729,-9,-10,-8,62.733333,55,72,7.097,7.097,7.097,1,1,1,536,565,0,0,0,0,0
2021-01-25T19:00:00Z,30,0,0,0,12.722767,12.715,12.729,-8.633333,-9,-8,65.433333,55,72,7.097,7.097,7.097,1,1,1,566,595,0,0,0,0,0
2021-01-25T20:00:00Z,30,0,0,0,12.719133,12.715,12.729,-8.633333,-9,-8,69.033333,55,80,7.097,7.097,7.097,1,1,1,596,625,0,0,0,0,0
2021-01-25T21:00:00Z,28,0,0,0,12.715,12.71,12.72,-8.5,-9,-8,70.25,55,80,7.097,7.097,7.097,1,1,1,626,654,0,0,0,0,0
2021-01-25T22:00:00Z,30,0,0,0,12.7114,12.706,12.72,-8.166667,-9,-8,72.8,64,80,7.097,7.097,7.097,1,1,1,655,684,0,0,0,0,0
2021-01-25T23:00:00Z,30,6.568,0,13.225,12.6549,12.568,12.715,-29,-67,-8,45.8,-10,80,7.097,7.097,7.097,1,1,1,685,714,0,0,0,0,0
2021-01-26T00:00:00Z,30,4.864633,1.759,13.213,12.699967,12.578,12.72,-9.689655,-63,0,67.166667,5,88,7.097,7.097,7.097,1,1,1,715,744,0,0,0,0,0
2021-01-26T01:00:00Z,30,13.078433,13.05,13.12,12.7055,12.668,12.734,-5.965517,-16,3,66.966667,47,80,7.097,7.097,7.097,1,1,1,745,774,0,0,0,0,0
2021-01-26T02:00:00Z,30,13.020867,12.968,13.085,12.750967,12.696,12.796,9.333333,-10,24,78.433333,55,105,7.097,7.097,7.097,1,1,1,775,804,0,0,0,0,0
2021-01-26T03:00:00Z,30,13.015267,12.956,13.693,12.773233,12.744,12.805,15.833333,8,22,80.566667,64,97,7.097,7.097,7.097,1,1,1,805,834,0,0,0,0,0
2021-01-26T04:00:00Z,29,12.996724,12.921,13.693,12.793276,12.734,12.848,18.586207,2,38,75.241379,55,97,7.097,7.097,7.097,1,1,1,835,864,0,0,0,0,0
2021-01-26T05:00:00Z,30,12.9969,12.944,13.085,12.773233,12.71,12.829,14.633333,-7,29,63.066667,30,88,7.097,7.097,7.097,1,1,1,865,894,0,0,0,0,0
2021-01-26T06:00:00Z,29,13.048897,12.991,13.12,12.728621,12.668,12.786,3.586207,-14,19,44.931034,22,72,7.097,7.097,7.097,1,1,1,895,923,0,0,0,0,0
2021-01-26T07:00:00Z,30,13.071367,12.956,13.74,12.7484,12.725,12.8,10.4,1,29,58.6,39,97,7.097,7.097,7.097,1,1,1,924,953,0,0,0,0,0
2021-01-26T08:00:00Z,30,13.101867,12.909,13.763,12.7266,12.673,12.852,3.714286,-11,39,57.966667,30,105,7.097,7.097,7.097,1,1,1,954,983,0,0,0,0,0
2021-01-26T09:00:00Z,30,11.677267,2.087,13.155,12.6573,12.635,12.682,-16.366667,-24,-11,25.3,5,39,7.097,7.097,7.097,1,1,1,984,1013,0,0,0,0,0
2021-01-26T10:00:00Z,27,1.659074,0.437,4.661,12.671963,12.663,12.682,-10.333333,-12,-9,44.518519,30,72,7.097,7.097,7.097,1,1,1,1014,1043,0,0,0,0,0
2021-01-26T11:00:00Z,29,0.033172,0,0.355,12.668862,12.663,12.673,-8.137931,-9,-7,75.827586,47,88,7.097,7.097,7.097,1,1,1,1044,1072,0,0,0,0,0
2021-01-26T12:00:00Z,30,0.001867,0,0.004,12.665333,12.658,12.673,-7.933333,-8,-7,78.933333,72,88,7.097,7.097,7.097,1,1,1,1073,1102,0,0,0,0,0
2021-01-26T13:00:00Z,26,0.008,0,0.028,12.6595,12.649,12.668,-8.653846,-10,-8,70.384615,55,80,7.097,7.097,7.097,1,1,1,1103,1132,0,0,0,0,0
2021-01-26T14:00:00Z,29,0.00869,0,0.016,12.656,12.649,12.663,-8.965517,-9,-8,62.965517,55,72,7.097,7.097,7.097,1,1,1,1133,1161,0,0,0,0,0
2021-01-26T15:00:00Z,30,0.017967,0.004,0.039,12.653233,12.644,12.658,-9.033333,-10,-9,61.466667,47,72,7.097,7.097,7.097,1,1,1,1162,1191,0,0,0,0,0
2021-01-26T16:00:00Z,28,0.018964,0.004,0.039,12.650571,12.644,12.658,-9.107143,-10,-9,61.714286,55,72,7.097,7.097,7.097,1,1,1,1193,1221,0,0,0,0,0
2021-01-26T17:00:00Z,30,0.025067,0.016,0.039,12.645,12.639,12.654,-9.066667,-10,-8,60.066667,47,72,7.097,7.097,7.097,1,1,1,1222,1251,0,0,0,0,0
2021-01-26T18:00:00Z,29,0.033345,0.028,0.051,12.640517,12.635,12.644,-9.172414,-10,-9,61.206897,47,72,7.097,7.097,7.097,1,1,1,1252,1281,0,0,0,0,0
2021-01-26T19:00:00Z,30,0.038067,0.028,0.051,12.639533,12.635,12.644,-8.966667,-10,-8,67.666667,55,80,7.097,7.097,7.097,1,1,1,1282,1311,0,0,0,0,0
2021-01-26T20:00:00Z,29,0.045621,0.039,0.063,12.636483,12.63,12.639,-8.586207,-9,-8,72,64,80,7.097,7.097,7.097,1,1,1,1312,1340,0,0,0,0,0
2021-01-26T21:00:00Z,29,0.054724,0.039,0.063,12.631276,12.62,12.639,-8.655172,-9,-8,70.275862,55,80,7.097,7.097,7.097,1,1,1,1341,1370,0,0,0,0,0
2021-01-26T22:00:00Z,30,0.0756,0.051,0.18,12.625067,12.616,12.63,-8.733333,-10,-8,68.766667,55,80,7.097,7.097,7.097,1,1,1,1371,1400,0,0,0,0,0
2021-01-26T23:00:00Z,30,6.103867,0.25,13.354,12.576967,12.483,12.63,-26.966667,-67,-7,48.766667,-10,88,7.097,7.097,7.097,1,1,1,1401,1430,0,0,0,0,0
2021-01-27T00:00:00Z,30,2.4374,2.028,3.292,12.618733,12.611,12.625,-8.366667,-10,-7,73.833333,47,97,7.097,7.097,7.097,1,1,1,1431,1460,0,0,0,0,0
2021-01-27T01:00:00Z,30,13.280933,13.12,13.845,12.638933,12.611,12.673,1.107143,-7,13,80.3,64,97,7.097,7.097,7.097,1,1,1,1461,1490,0,0,0,0,0
2021-01-27T02:00:00Z,29,13.139897,13.085,13.822,12.677414,12.639,12.71,10.793103,2,17,84.724138,72,97,7.097,7.097,7.097,1,1,1,1491,1520,0,0,0,0,0
2021-01-27T03:00:00Z,29,13.083034,13.061,13.12,12.704793,12.677,12.729,16.793103,9,23,81.758621,64,97,7.097,7.097,7.097,1,1,1,1521,1549,0,0,0,0,0
2021-01-27T04:00:00Z,29,13.017828,12.968,13.096,12.75631,12.701,12.8,26.206897,9,40,85.62069,55,105,7.097,7.097,7.097,1,1,1,1550,1579,0,0,0,0,0
2021-01-27T05:00:00Z,29,13.027828,12.956,13.705,12.770069,12.691,12.81,27.551724,10,38,79.241379,55,97,7.097,7.097,7.097,1,1,1,1580,1609,0,0,0,0,0
2021-01-27T06:00:00Z,30,13.1198,12.991,13.775,12.7312,12.706,12.767,17,10,28,62.5,47,80,7.097,7.097,7.097,1,1,1,1610,1639,0,0,0,0,0
2021-01-27T07:00:00Z,30,13.091667,13.015,13.787,12.716167,12.673,12.753,15.3,7,23,67.066667,55,88,7.097,7.097,7.097,1,1,1,1640,1669,0,0,0,0,0
2021-01-27T08:00:00Z,30,13.1576,13.073,13.588,12.6491,12.597,12.715,2.428571,-10,19,56.933333,30,88,7.097,7.097,7.097,1,1,1,1670,1699,0,0,0,0,0
2021-01-27T09:00:00Z,29,11.915069,2.297,13.237,12.582241,12.507,12.602,-14.931034,-24,-9,30.413793,5,39,7.097,7.097,7.097,1,1,1,1700,1729,0,0,0,0,0
2021-01-27T10:00:00Z,29,1.883793,0.706,4.86,12.596483,12.592,12.602,-10.586207,-11,-10,41.103448,30,55,7.097,7.097,7.097,1,1,1,1730,1758,0,0,0,0,0
2021-01-27T11:00:00Z,30,0.212067,0.109,0.613,12.5937,12.583,12.597,-10.266667,-11,-10,45.866667,30,55,7.097,7.097,7.097,1,1,1,1759,1788,0,0,0,0,0
2021-01-27T12:00:00Z,30,0.132167,0.109,0.156,12.590867,12.583,12.597,-10.133333,-11,-10,46.2,39,55,7.097,7.097,7.097,1,1,1,1789,1818,0,0,0,0,0
2021-01-27T13:00:00Z,28,0.150607,0.133,0.168,12.585464,12.583,12.592,-10.214286,-11,-10,46.392857,30,55,7.097,7.097,7.097,1,1,1,1819,1847,0,0,0,0,0
2021-01-27T14:00:00Z,30,0.157,0.133,0.18,12.583767,12.578,12.592,-9.866667,-10,-9,52.4,39,64,7.097,7.097,7.097,1,1,1,1848,1877,0,0,0,0,0
2021-01-27T15:00:00Z,30,0.166,0.156,0.18,12.581867,12.578,12.587,-9.9,-10,-9,54.333333,30,64,7.097,7.097,7.097,1,1,1,1878,1907,0,0,0,0,0
2021-01-27T16:00:00Z,30,0.172733,0.156,0.191,12.578667,12.568,12.583,-9.766667,-10,-9,54.666667,39,64,7.097,7.097,7.097,1,1,1,1908,1937,0,0,0,0,0
2021-01-27T17:00:00Z,30,0.185867,0.168,0.203,12.574833,12.568,12.578,-9.533333,-10,-9,55.3,47,72,7.097,7.097,7.097,1,1,1,1938,1967,0,0,0,0,0
2021-01-27T18:00:00Z,30,0.1908,0.18,0.203,12.5715,12.568,12.578,-9.266667,-10,-9,60.366667,47,72,7.097,7.097,7.097,1,1,1,1968,1997,0,0,0,0,0
2021-01-27T19:00:00Z,30,0.1998,0.191,0.215,12.567433,12.564,12.573,-9.066667,-10,-9,64.966667,55,72,7.097,7.097,7.097,1,1,1,1998,2027,0,0,0,0,0
2021-01-27T20:00:00Z,30,0.211667,0.191,0.238,12.5643,12.554,12.568,-8.966667,-10,-8,66.033333,47,80,7.097,7.097,7.097,1,1,1,2028,2057,0,0,0,0,0
2021-01-27T21:00:00Z,29,0.219966,0.203,0.238,12.561,12.554,12.568,-8.689655,-9,-8,68.965517,64,80,7.097,7.097,7.097,1,1,1,2058,2086,0,0,0,0,0
2021-01-27T22:00:00Z,30,0.234433,0.215,0.285,12.557167,12.554,12.564,-8.666667,-9,-8,69.766667,55,80,7.097,7.097,7.097,1,1,1,2087,2116,0,0,0,0,0
2021-01-27T23:00:00Z,30,4.870567,0.297,13.471,12.5244,12.417,12.559,-19.766667,-68,-7,56.8,-2,80,7.097,7.097,7.097,1,1,1,2117,2146,0,0,0,0,0
2021-01-28T00:00:00Z,30,4.5863,2.379,13.249,12.551167,12.545,12.564,-8.166667,-10,-3,71.166667,55,80,7.097,7.097,7.097,1,1,1,2147,2176,0,0,0,0,0
2021-01-28T01:00:00Z,30,13.250067,13.19,13.915,12.572433,12.545,12.597,0.928571,-11,9,73.266667,55,80,7.097,7.097,7.097,1,1,1,2177,2206,0,0,0,0,0
2021-01-28T02:00:00Z,30,13.2092,13.155,13.892,12.618433,12.578,12.644,14.266667,2,23,84.1,64,97,7.097,7.097,7.097,1,1,1,2207,2236,0,0,0,0,0
2021-01-28T03:00:00Z,30,13.149067,13.085,13.19,12.6436,12.597,12.706,19.133333,7,35,82.866667,64,105,7.097,7.097,7.097,1,1,1,2237,2266,0,0,0,0,0
2021-01-28T04:00:00Z,30,13.1226,13.05,13.167,12.669133,12.616,12.734,22.733333,6,41,81.233333,55,105,7.097,7.097,7.097,1,1,1,2267,2296,0,0,0,0,0
2021-01-28T05:00:00Z,28,13.15325,13.061,13.213,12.636714,12.578,12.725,12.428571,-8,33,63.25,30,97,7.097,7.097,7.097,1,1,1,2297,2325,0,0,0,0,0
2021-01-28T06:00:00Z,30,13.1555,13.12,13.213,12.6354,12.583,12.673,14.833333,0,32,56.466667,30,80,7.097,7.097,7.097,1,1,1,2326,2355,0,0,0,0,0
2021-01-28T07:00:00Z,30,13.190733,13.167,13.237,12.600767,12.568,12.625,7.333333,-4,15,45.566667,30,64,7.097,7.097,7.097,1,1,1,2356,2385,0,0,0,0,0
2021-01-28T08:00:00Z,30,13.2453,13.178,13.915,12.5762,12.545,12.611,0,-9,9,33.866667,22,47,7.097,7.097,7.097,1,1,1,2386,2415,0,0,0,0,0
2021-01-28T09:00:00Z,29,12.956793,3.222,13.354,12.523552,12.497,12.55,-16.137931,-24,-9,12.62069,-10,22,7.097,7.097,7.097,1,1,1,2416,2445,0,0,0,0,0
2021-01-28T10:00:00Z,30,4.4404,1.478,13.354,12.5236,12.493,12.54,-14.633333,-27,-11,23.066667,-2,39,7.097,7.097,7.097,1,1,1,2446,2475,0,0,0,0,0
2021-01-28T11:00:00Z,29,0.491552,0.273,1.572,12.528793,12.521,12.535,-10.862069,-11,-10,37.206897,22,55,7.097,7.097,7.097,1,1,1,2476,2505,0,0,0,0,0
2021-01-28T12:00:00Z,28,0.302643,0.297,0.32,12.526143,12.516,12.535,-10.5,-11,-10,44.928571,30,55,7.097,7.097,7.097,1,1,1,2506,2534,0,0,0,0,0
2021-01-28T13:00:00Z,27,0.314333,0.297,0.332,12.521444,12.512,12.526,-10.222222,-11,-10,49.074074,39,55,7.097,7.097,7.097,1,1,1,2535,2564,0,0,0,0,0
2021-01-28T14:00:00Z,28,0.314,0.308,0.332,12.517929,12.507,12.526,-10.214286,-11,-10,49.357143,39,64,7.097,7.097,7.097,1,1,1,2565,2594,0,0,0,0,0
2021-01-28T15:00:00Z,29,0.324966,0.308,0.332,12.513172,12.507,12.526,-10.068966,-11,-10,51.517241,39,64,7.097,7.097,7.097,1,1,1,2595,2623,0,0,0,0,0
2021-01-28T16:00:00Z,30,0.334133,0.32,0.355,12.509433,12.502,12.516,-9.866667,-10,-9,55.7,39,64,7.097,7.097,7.097,1,1,1,2624,2653,0,0,0,0,0
2021-01-28T17:00:00Z,30,0.344433,0.332,0.367,12.505167,12.497,12.512,-9.733333,-10,-9,57.6,47,72,7.097,7.097,7.097,1,1,1,2654,2683,0,0,0,0,0
2021-01-28T18:00:00Z,30,0.3554,0.343,0.367,12.4993,12.493,12.507,-9.566667,-10,-9,57.333333,47,64,7.097,7.097,7.097,1,1,1,2684,2713,0,0,0,0,0
2021-01-28T19:00:00Z,30,0.3602,0.355,0.379,12.495733,12.488,12.502,-9.266667,-10,-9,61.833333,47,72,7.097,7.097,7.097,1,1,1,2714,2743,0,0,0,0,0
2021-01-28T20:00:00Z,30,0.3674,0.355,0.379,12.491967,12.488,12.497,-9.033333,-10,-9,64,47,72,7.097,7.097,7.097,1,1,1,2744,2773,0,0,0,0,0
2021-01-28T21:00:00Z,30,0.376533,0.367,0.39,12.488,12.483,12.493,-8.933333,-10,-8,66.766667,55,80,7.097,7.097,7.097,1,1,1,2774,2803,0,0,0,0,0
2021-01-28T22:00:00Z,30,0.389467,0.367,0.449,12.483567,12.474,12.493,-8.766667,-9,-8,71.966667,55,80,7.097,7.097,7.097,1,1,1,2804,2833,0,0,0,0,0
2021-01-28T23:00:00Z,30,4.479033,0.496,13.541,12.459833,12.341,12.488,-16.166667,-68,-6,62.233333,-10,80,7.097,7.097,7.097,1,1,1,2834,2863,0,0,0,0,0
2021-01-29T00:00:00Z,29,2.712448,2.379,3.105,12.476793,12.469,12.483,-8.344828,-9,-7,76.448276,64,97,7.097,7.097,7.097,1,1,1,2864,2892,0,0,0,0,0
2021-01-29T01:00:00Z,30,9.084667,3.105,13.401,12.4779,12.464,12.493,-5.678571,-8,0,83.8,72,97,7.097,7.097,7.097,1,1,1,2893,2922,0,0,0,0,0
2021-01-29T02:00:00Z,30,13.323,13.284,13.354,12.511933,12.493,12.531,3.966667,0,10,82.2,72,97,7.097,7.097,7.097,1,1,1,2923,2952,0,0,0,0,0
2021-01-29T03:00:00Z,30,13.314867,13.272,13.974,12.5336,12.497,12.55,9,-3,14,77.033333,55,88,7.097,7.097,7.097,1,1,1,2953,2982,0,0,0,0,0
2021-01-29T04:00:00Z,29,13.302552,13.272,13.342,12.526,12.502,12.545,6.793103,1,12,63.413793,47,80,7.097,7.097,7.097,1,1,1,2983,3012,0,0,0,0,0
2021-01-29T05:00:00Z,30,13.363067,13.319,13.997,12.500367,12.493,12.512,0.6,0,3,47.233333,30,55,7.097,7.097,7.097,1,1,1,3013,3042,0,0,0,0,0
2021-01-29T06:00:00Z,29,13.427931,13.319,13.997,12.50369,12.497,12.516,1.965517,-2,5,44.448276,30,64,7.097,7.097,7.097,1,1,1,3043,3072,0,0,0,0,0
2021-01-29T07:00:00Z,30,13.360433,13.295,13.997,12.504267,12.46,12.526,2.1,-13,10,38.966667,14,55,7.097,7.097,7.097,1,1,1,3073,3102,0,0,0,0,0
2021-01-29T08:00:00Z,29,13.372759,13.284,13.997,12.496517,12.45,12.535,0.444444,-15,10,30.931034,5,47,7.097,7.097,7.097,1,1,1,3103,3131,0,0,0,0,0
2021-01-29T09:00:00Z,30,13.4313,13.284,13.459,12.4387,12.422,12.474,-18.233333,-25,-7,8.166667,-2,30,7.097,7.097,7.097,1,1,1,3132,3161,0,0,0,0,0
2021-01-29T10:00:00Z,30,6.416533,1.057,13.471,12.436933,12.412,12.455,-16.9,-28,-11,23.6,-2,47,7.097,7.097,7.097,1,1,1,3162,3191,0,0,0,0,0
2021-01-29T11:00:00Z,30,0.5238,0.449,0.964,12.445667,12.441,12.45,-10.266667,-11,-9,48.766667,30,72,7.097,7.097,7.097,1,1,1,3192,3221,0,0,0,0,0
2021-01-29T12:00:00Z,28,0.468571,0.46,0.484,12.44175,12.436,12.45,-9.714286,-11,-9,57.071429,30,64,7.097,7.097,7.097,1,1,1,3222,3251,0,0,0,0,0
2021-01-29T13:00:00Z,24,0.479,0.472,0.496,12.435167,12.431,12.441,-10.083333,-11,-9,50.708333,39,64,7.097,7.097,7.097,1,1,1,3252,3280,0,0,0,0,0
2021-01-29T14:00:00Z,28,0.492464,0.484,0.507,12.43175,12.427,12.436,-10.142857,-11,-9,49.285714,30,64,7.097,7.097,7.097,1,1,1,3281,3310,0,0,0,0,0
2021-01-29T15:00:00Z,29,0.500586,0.496,0.519,12.429552,12.422,12.436,-10.137931,-11,-10,49.482759,39,55,7.097,7.097,7.097,1,1,1,3311,3339,0,0,0,0,0
2021-01-29T16:00:00Z,30,0.501567,0.496,0.519,12.428667,12.422,12.431,-9.9,-10,-9,55.8,39,64,7.097,7.097,7.097,1,1,1,3340,3369,0,0,0,0,0
2021-01-29T17:00:00Z,30,0.5072,0.496,0.531,12.4241,12.417,12.431,-9.666667,-10,-9,59.533333,47,72,7.097,7.097,7.097,1,1,1,3370,3399,0,0,0,0,0
2021-01-29T18:00:00Z,30,0.5158,0.507,0.531,12.420833,12.417,12.422,-9.5,-10,-9,62.066667,55,72,7.097,7.097,7.097,1,1,1,3400,3429,0,0,0,0,0
2021-01-29T19:00:00Z,29,0.528793,0.507,0.542,12.416517,12.408,12.427,-9.172414,-10,-9,61.448276,55,72,7.097,7.097,7.097,1,1,1,3431,3459,0,0,0,0,0
2021-01-29T20:00:00Z,29,0.537931,0.531,0.554,12.41431,12.408,12.417,-8.896552,-9,-8,68.310345,55,80,7.097,7.097,7.097,1,1,1,3460,3489,0,0,0,0,0
2021-01-29T21:00:00Z,30,0.5411,0.531,0.566,12.4113,12.408,12.417,-8.566667,-9,-8,74.1,55,80,7.097,7.097,7.097,1,1,1,3490,3519,0,0,0,0,0
2021-01-29T22:00:00Z,30,0.5512,0.531,0.577,12.408733,12.398,12.412,-8.2,-9,-8,79.2,72,88,7.097,7.097,7.097,1,1,1,3520,3549,0,0,0,0,0
2021-01-29T23:00:00Z,29,4.621552,0.601,13.611,12.380897,12.266,12.412,-18,-68,-6,67.655172,5,88,7.097,7.097,7.097,1,1,1,3550,3578,0,0,0,0,0
2021-01-30T00:00:00Z,30,6.077367,2.719,13.494,12.402833,12.393,12.408,-7.533333,-9,-2,77.333333,64,88,7.097,7.097,7.097,1,1,1,3579,3608,0,0,0,0,0
2021-01-30T01:00:00Z,30,13.4752,13.424,14.079,12.432733,12.408,12.45,4.035714,-3,9,85.266667,55,97,7.097,7.097,7.097,1,1,1,3609,3638,0,0,0,0,0
2021-01-30T02:00:00Z,30,13.3964,13.295,13.447,12.467667,12.431,12.535,13.366667,3,31,92.5,64,122,7.097,7.097,7.097,1,1,1,3639,3668,0,0,0,0,0
2021-01-30T03:00:00Z,30,13.325433,13.307,13.366,12.5122,12.488,12.526,20.866667,13,25,102.2,88,122,7.097,7.097,7.097,1,1,1,3669,3698,0,0,0,0,0
2021-01-30T04:00:00Z,28,13.369321,13.307,14.032,12.500179,12.464,12.526,16.321429,7,21,90.464286,72,105,7.097,7.097,7.097,1,1,1,3699,3728,0,0,0,0,0
2021-01-30T05:00:00Z,30,13.417833,13.401,13.436,12.4557,12.441,12.474,7.833333,2,14,71.166667,55,88,7.097,7.097,7.097,1,1,1,3729,3758,0,0,0,0,0
2021-01-30T06:00:00Z,29,13.458655,13.354,14.079,12.45669,12.422,12.493,8.689655,0,20,66.965517,55,88,7.097,7.097,7.097,1,1,1,3759,3787,0,0,0,0,0
2021-01-30T07:00:00Z,30,13.450133,13.389,14.068,12.447633,12.427,12.479,7.266667,0,17,58.433333,47,72,7.097,7.097,7.097,1,1,1,3788,3817,0,0,0,0,0
2021-01-30T08:00:00Z,30,13.488567,13.366,14.068,12.4363,12.403,12.488,3.642857,-8,19,46.433333,30,72,7.097,7.097,7.097,1,1,1,3818,3847,0,0,0,0,0
2021-01-30T09:00:00Z,30,13.196267,3.842,13.541,12.370633,12.346,12.403,-16.7,-23,-8,20.9,5,39,7.097,7.097,7.097,1,1,1,3848,3877,0,0,0,0,0
2021-01-30T10:00:00Z,29,5.125448,1.151,13.541,12.374138,12.341,12.384,-13.413793,-26,-10,46,30,64,7.097,7.097,7.097,1,1,1,3878,3907,0,0,0,0,0
2021-01-30T11:00:00Z,30,0.6751,0.601,1.045,12.378833,12.374,12.389,-10.033333,-11,-9,54.6,47,64,7.097,7.097,7.097,1,1,1,3908,3937,0,0,0,0,0
2021-01-30T12:00:00Z,30,0.617,0.601,0.624,12.375,12.37,12.379,-10,-10,-10,54.366667,47,64,7.097,7.097,7.097,1,1,1,3938,3967,0,0,0,0,0
2021-01-30T13:00:00Z,26,0.618923,0.613,0.624,12.374,12.365,12.379,-9.884615,-10,-9,58.461538,47,72,7.097,7.097,7.097,1,1,1,3968,3996,0,0,0,0,0
2021-01-30T14:00:00Z,30,0.629233,0.613,0.648,12.368433,12.36,12.374,-9.766667,-10,-9,57.833333,47,72,7.097,7.097,7.097,1,1,1,3997,4026,0,0,0,0,0
2021-01-30T15:00:00Z,28,0.634714,0.624,0.648,12.365357,12.36,12.37,-9.464286,-10,-9,61.607143,47,72,7.097,7.097,7.097,1,1,1,4027,4055,0,0,0,0,0
2021-01-30T16:00:00Z,30,0.642,0.624,0.648,12.360733,12.351,12.365,-9.533333,-10,-9,62.066667,47,72,7.097,7.097,7.097,1,1,1,4056,4085,0,0,0,0,0
2021-01-30T17:00:00Z,28,0.649393,0.636,0.659,12.358286,12.351,12.365,-9.428571,-11,-9,64.357143,55,80,7.097,7.097,7.097,1,1,1,4086,4115,0,0,0,0,0
2021-01-30T18:00:00Z,30,0.656533,0.648,0.671,12.3558,12.351,12.36,-9.033333,-10,-8,67.666667,55,80,7.097,7.097,7.097,1,1,1,4116,4145,0,0,0,0,0
2021-01-30T19:00:00Z,30,0.665,0.659,0.683,12.350667,12.346,12.356,-9.166667,-10,-9,67.7,55,72,7.097,7.097,7.097,1,1,1,4146,4175,0,0,0,0,0
2021-01-30T20:00:00Z,30,0.6698,0.659,0.683,12.347333,12.341,12.351,-9.033333,-10,-8,69.566667,55,80,7.097,7.097,7.097,1,1,1,4176,4205,0,0,0,0,0
2021-01-30T21:00:00Z,29,0.674655,0.659,0.694,12.345172,12.337,12.351,-8.965517,-10,-8,70,55,80,7.097,7.097,7.097,1,1,1,4206,4234,0,0,0,0,0
2021-01-30T22:00:00Z,29,0.687517,0.671,0.694,12.339966,12.332,12.346,-8.896552,-9,-8,71.413793,55,80,7.097,7.097,7.097,1,1,1,4235,4263,0,0,0,0,0
2021-01-30T23:00:00Z,30,6.148667,0.718,13.693,12.304,12.199,12.341,-24.133333,-69,0,56.4,-10,88,7.097,7.097,7.097,0.733333,0,1,4265,4294,0,0,0,0,0
2021-01-31T00:00:00Z,30,3.011833,2.391,3.748,12.3623,12.351,12.37,-0.363636,-2,0,96.466667,80,113,7.097,7.097,7.097,0,0,0,4295,4324,0,0,0,0,0
2021-01-31T01:00:00Z,30,11.640667,3.795,14.103,12.379967,12.356,12.412,5.92,0,13,105.8,88,122,7.097,7.097,7.097,0,0,0,4325,4354,0,0,0,0,0
2021-01-31T02:00:00Z,29,13.366655,13.272,13.471,12.484103,12.417,12.545,31.275862,16,45,129.724138,105,147,7.097,7.097,7.097,0,0,0,4355,4383,0,0,0,0,0
2021-01-31T03:00:00Z,27,13.279778,13.167,13.986,12.555963,12.526,12.62,40.962963,25,63,144.222222,122,163,7.097,7.097,7.097,0,0,0,4385,4414,0,0,0,0,0
2021-01-31T04:00:00Z,28,13.352179,13.237,13.986,12.523679,12.479,12.568,26.571429,13,43,126,105,147,7.097,7.097,7.097,0,0,0,4415,4443,0,0,0,0,0
2021-01-31T05:00:00Z,26,13.396192,13.354,13.424,12.468808,12.441,12.493,14.615385,6,23,99.269231,88,113,7.097,7.097,7.097,0,0,0,4444,4473,0,0,0,0,0
2021-01-31T06:00:00Z,27,13.448741,13.412,14.068,12.445667,12.436,12.455,12.703704,10,16,98.888889,80,113,7.097,7.097,7.097,0,0,0,4474,4502,0,0,0,0,0
2021-01-31T07:00:00Z,28,13.460286,13.401,14.068,12.436571,12.422,12.464,12.857143,10,23,99.5,88,113,7.097,7.097,7.097,0,0,0,4503,4532,0,0,0,0,0
2021-01-31T08:00:00Z,30,13.460233,13.412,13.506,12.4243,12.384,12.464,9.2,0,21,89.933333,80,113,7.097,7.097,7.097,0,0,0,4533,4562,0,0,0,0,0
2021-01-31T09:00:00Z,30,13.5212,13.494,13.541,12.363067,12.332,12.384,-5.538462,-13,1,66.133333,47,88,7.097,7.097,7.097,0,0,0,4563,4592,0,0,0,0,0
2021-01-31T10:00:00Z,29,6.359655,1.759,13.564,12.34331,12.313,12.36,-7.448276,-21,-3,61.103448,30,72,7.097,7.097,7.097,0,0,0,4593,4622,0,0,0,0,0
2021-01-31T11:00:00Z,29,0.79769,0.636,1.771,12.353034,12.346,12.36,-2.517241,-3,-2,74.206897,64,88,7.097,7.097,7.097,0,0,0,4623,4651,0,0,0,0,0
2021-01-31T12:00:00Z,28,0.660071,0.648,0.683,12.351357,12.341,12.356,-2.25,-3,-2,76.571429,64,88,7.097,7.097,7.097,0,0,0,4652,4681,0,0,0,0,0
2021-01-31T13:00:00Z,29,0.675483,0.659,0.694,12.347034,12.341,12.356,-2.034483,-3,-2,77.517241,72,88,7.097,7.097,7.097,0,0,0,4682,4711,0,0,0,0,0
2021-01-31T14:00:00Z,29,0.680759,0.671,0.694,12.347552,12.341,12.356,-2.074074,-3,-2,82.793103,72,97,7.097,7.097,7.097,0,0,0,4712,4740,0,0,0,0,0
2021-01-31T15:00:00Z,30,0.678867,0.659,0.694,12.344567,12.337,12.351,-2,-2,-2,85.766667,72,97,7.097,7.097,7.097,0,0,0,4741,4770,0,0,0,0,0
2021-01-31T16:00:00Z,30,0.681933,0.671,0.694,12.341133,12.337,12.346,-2,-2,-2,85.733333,72,97,7.097,7.097,7.097,0,0,0,4771,4800,0,0,0,0,0
2021-01-31T17:00:00Z,29,0.693828,0.683,0.706,12.336552,12.332,12.341,-2,-2,-2,86.793103,72,97,7.097,7.097,7.097,0,0,0,4801,4830,0,0,0,0,0
2021-01-31T18:00:00Z,30,0.695433,0.683,0.718,12.3357,12.327,12.341,-1,-2,0,94.2,80,105,7.097,7.097,7.097,0,0,0,4831,4860,0,0,0,0,0
2021-01-31T19:00:00Z,28,0.701393,0.683,0.73,12.333536,12.322,12.341,0,0,0,96.464286,80,105,7.097,7.097,7.097,0,0,0,4861,4889,0,0,0,0,0
2021-01-31T20:00:00Z,29,0.713448,0.706,0.73,12.330621,12.322,12.337,-0.222222,-2,0,96.758621,88,105,7.097,7.097,7.097,0,0,0,4890,4919,0,0,0,0,0
2021-01-31T21:00:00Z,29,0.71469,0.706,0.73,12.329241,12.322,12.332,0,0,0,102.517241,97,113,7.097,7.097,7.097,0,0,0,4920,4949,0,0,0,0,0
2021-01-31T22:00:00Z,30,0.728567,0.706,0.776,12.3254,12.318,12.332,0,0,0,103.866667,88,113,7.097,7.097,7.097,0,0,0,4950,4979,0,0,0,0,0
2021-01-31T23:00:00Z,29,5.132,0.811,13.717,12.300759,12.185,12.327,-10.809524,-59,1,92.724138,30,113,7.097,7.097,7.097,0,0,0,4980,5009,0,0,0,0,0
2021-02-01T00:00:00Z,30,3.2618,2.73,3.818,12.320433,12.313,12.327,0,0,0,102.833333,88,113,7.097,7.097,7.097,0,0,0,5010,5039,0,0,0,0,0
2021-02-01T01:00:00Z,28,11.475536,3.713,13.564,12.327607,12.313,12.341,2.307692,-2,6,98.214286,88,105,7.097,7.097,7.097,0,0,0,5040,5068,0,0,0,0,0
2021-02-01T02:00:00Z,28,13.557786,13.471,14.161,12.38425,12.341,12.417,16.892857,9,26,104.357143,88,113,7.097,7.097,7.097,0,0,0,5069,5098,0,0,0,0,0
2021-02-01T03:00:00Z,29,13.447448,13.354,14.091,12.44931,12.412,12.493,30.344828,17,44,115.034483,105,130,7.097,7.097,7.097,0,0,0,5099,5128,0,0,0,0,0
2021-02-01T04:00:00Z,29,13.461517,13.412,14.079,12.438966,12.417,12.464,21.241379,15,31,93.517241,80,113,7.097,7.097,7.097,0,0,0,5129,5158,0,0,0,0,0
2021-02-01T05:00:00Z,27,13.480407,13.436,13.962,12.422481,12.398,12.445,17.148148,7,25,84.296296,64,97,7.097,7.097,7.097,0,0,0,5160,5187,0,0,0,0,0
2021-02-01T06:00:00Z,29,13.497517,13.424,14.103,12.410862,12.379,12.45,15.241379,3,30,74.172414,47,97,7.097,7.097,7.097,0,0,0,5188,5217,0,0,0,0,0
2021-02-01T07:00:00Z,29,13.489552,13.459,13.518,12.402103,12.37,12.422,12.310345,1,22,69.482759,55,80,7.097,7.097,7.097,0,0,0,5218,5247,0,0,0,0,0
2021-02-01T08:00:00Z,29,13.565621,13.459,14.138,12.384724,12.332,12.427,8.428571,-3,24,60.827586,39,80,7.097,7.097,7.097,0,0,0,5248,5277,0,0,0,0,0
2021-02-01T09:00:00Z,30,13.3873,8.112,13.611,12.3077,12.28,12.337,-9.7,-18,-4,39.066667,22,47,7.097,7.097,7.097,0,0,0,5278,5307,0,0,0,0,0
2021-02-01T10:00:00Z,30,5.161033,1.373,13.623,12.301633,12.266,12.318,-7.733333,-23,-4,48.633333,22,72,7.097,7.097,7.097,0,0,0,5308,5337,0,0,0,0,0
2021-02-01T11:00:00Z,27,0.822815,0.741,1.209,12.310444,12.304,12.313,-3.148148,-4,-3,64.703704,47,72,7.097,7.097,7.097,0,0,0,5338,5366,0,0,0,0,0
2021-02-01T12:00:00Z,28,0.758929,0.753,0.776,12.307286,12.299,12.313,-2.821429,-4,-2,69.607143,55,80,7.097,7.097,7.097,0,0,0,5367,5396,0,0,0,0,0
2021-02-01T13:00:00Z,28,0.770107,0.753,0.788,12.304536,12.299,12.308,-2.392857,-3,-2,74.571429,64,88,7.097,7.097,7.097,0,0,0,5397,5425,0,0,0,0,0
2021-02-01T14:00:00Z,30,0.775733,0.765,0.788,12.3013,12.294,12.308,-2.1,-3,-2,77.066667,64,88,7.097,7.097,7.097,0,0,0,5426,5455,0,0,0,0,0
2021-02-01T15:00:00Z,30,0.782,0.776,0.8,12.297833,12.294,12.304,-2,-2,-2,83.466667,72,88,7.097,7.097,7.097,0,0,0,5456,5485,0,0,0,0,0
2021-02-01T16:00:00Z,28,0.781571,0.776,0.788,12.296679,12.289,12.304,-2,-2,-2,87.321429,72,97,7.097,7.097,7.097,0,0,0,5486,5514,0,0,0,0,0
2021-02-01T17:00:00Z,28,0.789286,0.776,0.8,12.292964,12.285,12.299,-2,-2,-2,91.892857,80,97,7.097,7.097,7.097,0,0,0,5515,5543,0,0,0,0,0
2021-02-01T18:00:00Z,30,0.791567,0.788,0.811,12.291267,12.285,12.299,-0.666667,-2,0,92.866667,80,113,7.097,7.097,7.097,0,0,0,5545,5574,0,0,0,0,0
2021-02-01T19:00:00Z,30,0.797067,0.788,0.811,12.289367,12.28,12.294,0,0,0,97.866667,88,113,7.097,7.097,7.097,0,0,0,5575,5604,0,0,0,0,0
2021-02-01T20:00:00Z,29,0.803345,0.788,0.811,12.285828,12.275,12.289,0,0,0,97.896552,80,113,7.097,7.097,7.097,0,0,0,5605,5634,0,0,0,0,0
2021-02-01T21:00:00Z,30,0.8081,0.8,0.823,12.2844,12.28,12.289,0,0,0,103.6,88,113,7.097,7.097,7.097,0,0,0,5635,5664,0,0,0,0,0
2021-02-01T22:00:00Z,28,0.814071,0.8,0.835,12.282107,12.275,12.289,0,0,0,105,97,113,7.097,7.097,7.097,0,0,0,5665,5693,0,0,0,0,0
2021-02-01T23:00:00Z,29,6.339828,0.858,13.763,12.248966,12.138,12.285,-12.068966,-61,0,91.241379,30,122,7.097,7.097,7.097,0,0,0,5694,5723,0,0,0,0,0
2021-02-02T00:00:00Z,30,6.402767,2.59,13.775,12.243633,12.138,12.285,-23.352941,-57,0,80.333333,22,113,7.097,7.097,7.097,0,0,0,5724,5753,0,0,0,0,0
2021-02-02T01:00:00Z,30,11.363067,3.643,14.185,12.2842,12.27,12.308,2.033333,-2,9,104.966667,88,113,7.097,7.097,7.097,0,0,0,5754,5783,0,0,0,0,0
2021-02-02T02:00:00Z,30,13.571067,13.529,14.185,12.3295,12.299,12.346,14.6,6,19,111.233333,97,122,7.097,7.097,7.097,0,0,0,5784,5813,0,0,0,0,0
2021-02-02T03:00:00Z,30,13.5296,13.518,13.541,12.357433,12.341,12.384,19.633333,15,25,109.3,97,122,7.097,7.097,7.097,0,0,0,5814,5843,0,0,0,0,0
2021-02-02T04:00:00Z,30,13.556,13.459,14.161,12.380833,12.351,12.431,22.833333,7,38,106.3,88,122,7.097,7.097,7.097,0,0,0,5844,5873,0,0,0,0,0
2021-02-02T05:00:00Z,29,13.51531,13.483,13.541,12.373828,12.332,12.408,18.37931,4,30,93.241379,72,113,7.097,7.097,7.097,0,0,0,5874,5902,0,0,0,0,0
2021-02-02T06:00:00Z,30,13.547267,13.459,14.149,12.385467,12.341,12.422,19.9,5,33,88.933333,64,105,7.097,7.097,7.097,0,0,0,5903,5932,0,0,0,0,0
2021-02-02T07:00:00Z,30,13.587167,13.471,14.173,12.362833,12.308,12.417,13.366667,-2,31,72.333333,55,97,7.097,7.097,7.097,0,0,0,5933,5962,0,0,0,0,0
2021-02-02T08:00:00Z,30,13.618233,13.529,14.185,12.305367,12.27,12.356,2.074074,-11,18,57.333333,39,88,7.097,7.097,7.097,0,0,0,5963,5992,0,0,0,0,0
2021-02-02T09:00:00Z,29,13.42931,7.714,13.67,12.263,12.242,12.289,-9.285714,-15,3,53.241379,39,72,7.097,7.097,7.097,0,0,0,5993,6022,0,0,0,0,0
2021-02-02T10:00:00Z,29,6.923793,1.888,13.681,12.25769,12.223,12.275,-8.551724,-21,-3,60.275862,39,80,7.097,7.097,7.097,0,0,0,6023,6052,0,0,0,0,0
2021-02-02T11:00:00Z,30,0.9485,0.835,1.736,12.2701,12.266,12.275,-1.25,-3,0,91.5,64,105,7.097,7.097,7.097,0,0,0,6053,6082,0,0,0,0,0
2021-02-02T12:00:00Z,29,0.855828,0.847,0.87,12.267586,12.261,12.27,0,0,0,101.275862,88,113,7.097,7.097,7.097,0,0,0,6083,6111,0,0,0,0,0
2021-02-02T13:00:00Z,28,0.859857,0.847,0.882,12.265,12.256,12.27,0,0,0,97.035714,88,113,7.097,7.097,7.097,0,0,0,6112,6141,0,0,0,0,0
2021-02-02T14:00:00Z,25,0.85548,0.847,0.87,12.26236,12.256,12.27,0,0,0,95.36,80,105,7.097,7.097,7.097,0,0,0,6142,6170,0,0,0,0,0
2021-02-02T15:00:00Z,30,0.861233,0.847,0.87,12.259833,12.256,12.266,,,,95.066667,88,105,7.097,7.097,7.097,0,0,0,6171,6200,0,0,0,0,0
2021-02-02T16:00:00Z,30,0.8727,0.858,0.893,12.2572,12.247,12.261,-2,-2,-2,91.933333,80,105,7.097,7.097,7.097,0,0,0,6201,6230,0,0,0,0,0
2021-02-02T17:00:00Z,30,0.877533,0.858,0.893,12.2547,12.247,12.261,-0.666667,-2,0,94.833333,80,105,7.097,7.097,7.097,0,0,0,6231,6260,0,0,0,0,0
2021-02-02T18:00:00Z,29,0.882172,0.87,0.893,12.252207,12.247,12.256,0,0,0,97.034483,88,113,7.097,7.097,7.097,0,0,0,6261,6289,0,0,0,0,0
2021-02-02T19:00:00Z,30,0.8875,0.87,0.905,12.250933,12.242,12.256,0,0,0,100.066667,88,113,7.097,7.097,7.097,0,0,0,6290,6319,0,0,0,0,0
2021-02-02T20:00:00Z,30,0.895167,0.882,0.905,12.248933,12.242,12.256,0,0,0,102.033333,88,113,7.097,7.097,7.097,0,0,0,6320,6349,0,0,0,0,0
2021-02-02T21:00:00Z,30,0.8991,0.882,0.917,12.247467,12.237,12.256,0,0,0,103.9,88,113,7.097,7.097,7.097,0,0,0,6350,6379,0,0,0,0,0
2021-02-02T22:00:00Z,30,0.910833,0.893,0.964,12.243333,12.233,12.251,0,0,0,106.1,88,122,7.097,7.097,7.097,0,0,0,6380,6409,0,0,0,0,0
2021-02-02T23:00:00Z,30,5.350333,0.987,13.822,12.213567,12.105,12.247,-13.230769,-59,0,90.6,30,113,7.097,7.097,7.097,0,0,0,6410,6439,0,0,0,0,0
2021-02-03T00:00:00Z,30,3.527833,3.011,3.97,12.239633,12.233,12.247,0,0,0,109.3,97,122,7.097,7.097,7.097,0,0,0,6440,6469,0,0,0,0,0
2021-02-03T01:00:00Z,29,11.718621,4.146,13.693,12.239,12.223,12.256,0.916667,-4,6,101.344828,88,113,7.097,7.097,7.097,0,0,0,6471,6499,0,0,0,0,0
2021-02-03T02:00:00Z,29,13.627,13.564,14.266,12.283862,12.251,12.313,13.103448,5,20,111.034483,97,122,7.097,7.097,7.097,0,0,0,6500,6528,0,0,0,0,0
2021-02-03T03:00:00Z,30,13.552,13.541,13.576,12.326,12.308,12.341,22.033333,18,25,113.266667,97,122,7.097,7.097,7.097,0,0,0,6529,6558,0,0,0,0,0
2021-02-03T04:00:00Z,29,13.562379,13.518,14.185,12.344,12.318,12.365,23.793103,14,30,108.689655,97,122,7.097,7.097,7.097,0,0,0,6559,6588,0,0,0,0,0
2021-02-03T05:00:00Z,29,13.589379,13.518,14.22,12.338793,12.289,12.389,19.413793,3,36,95.724138,72,113,7.097,7.097,7.097,0,0,0,6589,6618,0,0,0,0,0
2021-02-03T06:00:00Z,27,13.61637,13.529,14.231,12.313519,12.28,12.356,13.444444,0,25,83.111111,55,105,7.097,7.097,7.097,0,0,0,6619,6647,0,0,0,0,0
2021-02-03T07:00:00Z,30,13.5991,13.541,14.231,12.304167,12.294,12.332,13.3,10,20,78.933333,72,88,7.097,7.097,7.097,0,0,0,6648,6677,0,0,0,0,0
2021-02-03T08:00:00Z,30,13.643267,13.541,14.255,12.2865,12.251,12.337,7.966667,-3,26,66.933333,47,97,7.097,7.097,7.097,0,0,0,6678,6707,0,0,0,0,0
2021-02-03T09:00:00Z,30,13.694,13.658,13.717,12.2156,12.19,12.247,-11.241379,-21,-3,40.933333,30,55,7.097,7.097,7.097,0,0,0,6708,6737,0,0,0,0,0
2021-02-03T10:00:00Z,30,7.905567,2.087,13.728,12.208567,12.181,12.233,-11.666667,-22,-3,47.233333,30,64,7.097,7.097,7.097,0,0,0,6738,6767,0,0,0,0,0
2021-02-03T11:00:00Z,30,1.0817,0.928,1.806,12.2285,12.223,12.233,-3.033333,-4,-2,65.933333,55,80,7.097,7.097,7.097,0,0,0,6768,6797,0,0,0,0,0
2021-02-03T12:00:00Z,28,0.949857,0.94,0.964,12.224429,12.218,12.233,-2.821429,-3,-2,69.392857,55,80,7.097,7.097,7.097,0,0,0,6798,6826,0,0,0,0,0
2021-02-03T13:00:00Z,24,0.953,0.94,0.964,12.221,12.214,12.228,-2.291667,-3,-2,74,64,80,7.097,7.097,7.097,0,0,0,6827,6856,0,0,0,0,0
2021-02-03T14:00:00Z,29,0.954483,0.94,0.964,12.219448,12.214,12.223,-2.068966,-3,-2,77.793103,72,88,7.097,7.097,7.097,0,0,0,6857,6885,0,0,0,0,0
2021-02-03T15:00:00Z,29,0.956517,0.94,0.975,12.218621,12.214,12.223,-2,-2,-2,83.62069,72,97,7.097,7.097,7.097,0,0,0,6886,6915,0,0,0,0,0
2021-02-03T16:00:00Z,30,0.9599,0.94,0.975,12.2169,12.209,12.228,-1.846154,-2,0,90.833333,80,105,7.097,7.097,7.097,0,0,0,6916,6945,0,0,0,0,0
2021-02-03T17:00:00Z,28,0.968679,0.952,0.999,12.214179,12.204,12.223,-2,-2,-2,91.357143,80,97,7.097,7.097,7.097,0,0,0,6946,6974,0,0,0,0,0
2021-02-03T18:00:00Z,30,0.986167,0.975,1.01,12.209833,12.204,12.214,-2,-2,-2,90.5,80,105,7.097,7.097,7.097,0,0,0,6975,7004,0,0,0,0,0
2021-02-03T19:00:00Z,30,0.983033,0.964,0.999,12.207333,12.199,12.214,-1.2,-2,0,94.433333,80,105,7.097,7.097,7.097,0,0,0,7005,7034,0,0,0,0,0
2021-02-03T20:00:00Z,29,0.986552,0.975,1.01,12.20469,12.199,12.209,0,0,0,97.62069,88,105,7.097,7.097,7.097,0,0,0,7035,7064,0,0,0,0,0
2021-02-03T21:00:00Z,29,0.993138,0.975,1.01,12.20369,12.195,12.209,0,0,0,103,88,113,7.097,7.097,7.097,0,0,0,7065,7094,0,0,0,0,0
2021-02-03T22:00:00Z,30,1.0046,0.987,1.069,12.1991,12.195,12.204,0,0,0,103.6,88,113,7.097,7.097,7.097,0,0,0,7095,7124,0,0,0,0,0
2021-02-03T23:00:00Z,30,5.058233,1.104,13.869,12.1701,12.053,12.204,-17.25,-60,0,87.8,22,113,7.097,7.097,7.097,0,0,0,7125,7154,0,0,0,0,0
2021-02-04T00:00:00Z,29,3.752966,3.07,4.427,12.194862,12.185,12.204,0,0,0,103.241379,88,113,7.097,7.097,7.097,0,0,0,7155,7183,0,0,0,0,0
2021-02-04T01:00:00Z,30,11.833133,4.275,13.717,12.2091,12.185,12.228,4.071429,0,9,108.6,97,122,7.097,7.097,7.097,0,0,0,7184,7213,0,0,0,0,0
2021-02-04T02:00:00Z,29,13.664483,13.635,13.693,12.242448,12.218,12.266,12.758621,6,18,103.896552,97,113,7.097,7.097,7.097,0,0,0,7214,7243,0,0,0,0,0
2021-02-04T03:00:00Z,28,13.676464,13.623,14.278,12.269,12.256,12.28,17.428571,12,21,100.214286,80,113,7.097,7.097,7.097,0,0,0,7244,7272,0,0,0,0,0
2021-02-04T04:00:00Z,29,13.603966,13.541,13.635,12.285862,12.256,12.337,21.275862,10,41,99.62069,80,122,7.097,7.097,7.097,0,0,0,7273,7302,0,0,0,0,0
2021-02-04T05:00:00Z,29,13.572483,13.529,13.623,12.312828,12.275,12.36,23,7,45,97.517241,72,130,7.097,7.097,7.097,0,0,0,7303,7332,0,0,0,0,0
2021-02-04T06:00:00Z,28,13.710714,13.564,14.278,12.267857,12.233,12.318,11.074074,-4,26,74.892857,39,105,7.097,7.097,7.097,0,0,0,7333,7361,0,0,0,0,0
2021-02-04T07:00:00Z,29,13.558448,13.529,13.6,12.323724,12.285,12.346,25.37931,15,40,89.517241,64,113,7.097,7.097,7.097,0,0,0,7362,7391,0,0,0,0,0
2021-02-04T08:00:00Z,29,13.67869,13.588,14.243,12.241034,12.185,12.299,1.928571,-12,15,56.551724,39,80,7.097,7.097,7.097,0,0,0,7392,7421,0,0,0,0,0
2021-02-04T09:00:00Z,29,13.410448,4.099,13.752,12.169552,12.162,12.19,-13.482759,-17,-5,37.586207,30,55,7.097,7.097,7.097,0,0,0,7422,7450,0,0,0,0,0
2021-02-04T10:00:00Z,29,7.353345,1.946,13.775,12.170414,12.138,12.195,-10.896552,-23,-4,42.724138,22,64,7.097,7.097,7.097,0,0,0,7451,7480,0,0,0,0,0
2021-02-04T11:00:00Z,27,1.147259,1.01,1.864,12.185889,12.176,12.19,-3.62963,-4,-3,64.074074,55,72,7.097,7.097,7.097,0,0,0,7481,7510,0,0,0,0,0
2021-02-04T12:00:00Z,25,1.0348,1.022,1.045,12.18264,12.176,12.185,-3.4,-4,-3,63.84,47,72,7.097,7.097,7.097,0,0,0,7512,7538,0,0,0,0,0
2021-02-04T13:00:00Z,24,1.044833,1.034,1.069,12.178958,12.171,12.185,-3.5,-4,-3,64.166667,55,72,7.097,7.097,7.097,0,0,0,7540,7567,0,0,0,0,0
2021-02-04T14:00:00Z,25,1.04616,1.034,1.057,12.17772,12.171,12.185,-3.24,-4,-3,68.36,55,80,7.097,7.097,7.097,0,0,0,7568,7597,0,0,0,0,0
2021-02-04T15:00:00Z,25,1.05228,1.034,1.069,12.174,12.166,12.181,-2.92,-3,-2,71.68,64,80,7.097,7.097,7.097,0,0,0,7598,7626,0,0,0,0,0
2021-02-04T16:00:00Z,28,1.054,1.045,1.069,12.1735,12.166,12.181,-2.464286,-3,-2,75.142857,64,80,7.097,7.097,7.097,0,0,0,7628,7655,0,0,0,0,0
2021-02-04T17:00:00Z,30,1.067,1.057,1.081,12.168933,12.162,12.176,-2.5,-3,-2,76,72,88,7.097,7.097,7.097,0,0,0,7656,7685,0,0,0,0,0
2021-02-04T18:00:00Z,30,1.069367,1.057,1.092,12.1667,12.157,12.176,-2.366667,-3,-2,75.766667,64,97,7.097,7.097,7.097,0,0,0,7686,7715,0,0,0,0,0
2021-02-04T19:00:00Z,30,1.072567,1.057,1.092,12.1651,12.157,12.171,-2.071429,-3,-2,81.866667,72,88,7.097,7.097,7.097,0,0,0,7716,7745,0,0,0,0,0
2021-02-04T20:00:00Z,30,1.080733,1.069,1.092,12.161467,12.157,12.166,-2,-2,-2,80.8,64,88,7.097,7.097,7.097,0,0,0,7746,7775,0,0,0,0,0
2021-02-04T21:00:00Z,30,1.085367,1.069,1.104,12.16,12.152,12.166,-2,-2,-2,87.1,72,97,7.097,7.097,7.097,0,0,0,7776,7805,0,0,0,0,0
2021-02-04T22:00:00Z,29,1.100276,1.081,1.139,12.154241,12.147,12.162,-2.041667,-3,-2,83.931034,72,97,7.097,7.097,7.097,0,0,0,7806,7835,0,0,0,0,0
2021-02-04T23:00:00Z,30,5.321833,1.174,13.915,12.126967,12.024,12.162,-20.263158,-62,-2,72.3,5,97,7.097,7.097,7.097,0,0,0,7836,7865,0,0,0,0,0
2021-02-05T00:00:00Z,28,3.377929,3.128,3.631,12.150071,12.143,12.157,-2,-2,-2,85.821429,80,97,7.097,7.097,7.097,0,0,0,7866,7893,0,0,0,0,0
2021-02-05T01:00:00Z,29,11.490724,3.83,14.348,12.169207,12.138,12.233,6.5,-6,23,98.448276,80,113,7.097,7.097,7.097,0,0,0,7895,7924,0,0,0,0,0
2021-02-05T02:00:00Z,28,13.772964,13.635,14.325,12.22325,12.19,12.266,17.607143,5,33,117.464286,97,138,7.097,7.097,7.097,0,0,0,7925,7953,0,0,0,0,0
2021-02-05T03:00:00Z,28,13.639179,13.564,14.29,12.278036,12.214,12.322,29.678571,16,42,123.178571,105,138,7.097,7.097,7.097,0,0,0,7954,7983,0,0,0,0,0
2021-02-05T04:00:00Z,30,13.632,13.553,14.243,12.282233,12.228,12.337,23.266667,1,39,109.366667,80,138,7.097,7.097,7.097,0,0,0,7984,8013,0,0,0,0,0
2021-02-05T05:00:00Z,29,13.589379,13.506,14.255,12.318517,12.251,12.393,31.034483,7,54,108.448276,72,138,7.097,7.097,7.097,0,0,0,8014,8042,0,0,0,0,0
2021-02-05T06:00:00Z,28,13.653357,13.611,13.705,12.250071,12.209,12.275,11.153846,0,17,83.035714,55,105,7.097,7.097,7.097,0,0,0,8043,8072,0,0,0,0,0
2021-02-05T07:00:00Z,26,13.636538,13.576,14.278,12.280231,12.247,12.304,21.769231,7,29,91.538462,72,113,7.097,7.097,7.097,0,0,0,8073,8101,0,0,0,0,0
2021-02-05T08:00:00Z,29,13.660552,13.623,13.717,12.24431,12.195,12.275,10.689655,-3,23,67.37931,47,88,7.097,7.097,7.097,0,0,0,8102,8131,0,0,0,0,0
2021-02-05T09:00:00Z,30,13.783333,13.705,14.29,12.150067,12.124,12.199,-13.615385,-21,0,42.333333,30,64,7.097,7.097,7.097,0,0,0,8132,8161,0,0,0,0,0
2021-02-05T10:00:00Z,30,7.2133,1.9,13.822,12.1345,12.105,12.152,-10.266667,-23,-3,46.6,30,72,7.097,7.097,7.097,0,0,0,8162,8191,0,0,0,0,0
2021-02-05T11:00:00Z,30,1.2432,1.116,1.946,12.146967,12.143,12.152,-2.827586,-4,-2,74.633333,55,97,7.097,7.097,7.097,0,0,0,8192,8221,0,0,0,0,0
2021-02-05T12:00:00Z,29,1.124,1.104,1.139,12.142655,12.133,12.147,-2.035714,-3,-2,80.827586,64,88,7.097,7.097,7.097,0,0,0,8222,8250,0,0,0,0,0
2021-02-05T13:00:00Z,27,1.127185,1.116,1.139,12.141407,12.138,12.147,-2.086957,-3,-2,86.444444,72,97,7.097,7.097,7.097,0,0,0,8251,8280,0,0,0,0,0
2021-02-05T14:00:00Z,25,1.13428,1.116,1.151,12.13956,12.133,12.147,-2.05,-3,-2,84.56,72,97,7.097,7.097,7.097,0,0,0,8281,8309,0,0,0,0,0
2021-02-05T15:00:00Z,25,1.1428,1.127,1.162,12.136,12.128,12.143,-2,-2,-2,83.24,64,97,7.097,7.097,7.097,0,0,0,8310,8339,0,0,0,0,0
2021-02-05T16:00:00Z,27,1.145148,1.127,1.174,12.134667,12.128,12.138,-2,-2,-2,87.259259,72,97,7.097,7.097,7.097,0,0,0,8340,8368,0,0,0,0,0
2021-02-05T17:00:00Z,30,1.1535,1.139,1.174,12.131167,12.128,12.133,-2,-2,-2,92.233333,80,105,7.097,7.097,7.097,0,0,0,8369,8398,0,0,0,0,0
2021-02-05T18:00:00Z,29,1.155552,1.139,1.174,12.129966,12.124,12.138,-1.333333,-2,0,95.862069,80,105,7.097,7.097,7.097,0,0,0,8399,8428,0,0,0,0,0
2021-02-05T19:00:00Z,29,1.157103,1.151,1.174,12.128517,12.124,12.133,0,0,0,99.724138,88,105,7.097,7.097,7.097,0,0,0,8429,8458,0,0,0,0,0
2021-02-05T20:00:00Z,30,1.172,1.162,1.186,12.125067,12.119,12.128,-2,-2,-2,97.3,88,113,7.097,7.097,7.097,0,0,0,8459,8488,0,0,0,0,0
2021-02-05T21:00:00Z,30,1.1772,1.162,1.186,12.122533,12.119,12.128,0,0,0,98.966667,88,105,7.097,7.097,7.097,0,0,0,8489,8518,0,0,0,0,0
2021-02-05T22:00:00Z,30,1.1922,1.174,1.315,12.1206,12.114,12.128,0,0,0,101.466667,88,113,7.097,7.097,7.097,0,0,0,8519,8548,0,0,0,0,0
2021-02-05T23:00:00Z,30,6.032367,1.455,13.939,12.095433,11.982,12.124,-16.055556,-58,0,90.633333,22,113,7.097,7.097,7.097,0,0,0,8549,8578,0,0,0,0,0
2021-02-06T00:00:00Z,29,3.885759,3.304,4.31,12.117966,12.114,12.124,0,0,0,111.37931,88,122,7.097,7.097,7.097,0,0,0,8579,8607,0,0,0,0,0
2021-02-06T01:00:00Z,30,12.844767,4.403,13.822,12.144067,12.114,12.176,8.793103,-2,18,114.966667,97,130,7.097,7.097,7.097,0,0,0,8608,8637,0,0,0,0,0
2021-02-06T02:00:00Z,30,13.724,13.658,14.325,12.207467,12.152,12.247,23.466667,12,32,123.166667,105,147,7.097,7.097,7.097,0,0,0,8638,8667,0,0,0,0,0
2021-02-06T03:00:00Z,30,13.6919,13.623,14.313,12.2392,12.209,12.27,26.666667,17,34,127.3,113,147,7.097,7.097,7.097,0,0,0,8668,8697,0,0,0,0,0
2021-02-06T04:00:00Z,30,13.613633,13.553,14.278,12.294567,12.261,12.318,37.1,32,43,125.6,105,138,7.097,7.097,7.097,0,0,0,8698,8727,0,0,0,0,0
2021-02-06T05:00:00Z,29,13.682276,13.541,14.29,12.253586,12.185,12.341,19.862069,-3,45,96.965517,64,138,7.097,7.097,7.097,0,0,0,8728,8756,0,0,0,0,0
2021-02-06T06:00:00Z,30,13.675233,13.564,14.29,12.2647,12.181,12.313,22.9,0,41,109.233333,88,130,7.097,7.097,7.097,0,0,0,8757,8786,0,0,0,0,0
2021-02-06T07:00:00Z,30,13.740733,13.646,14.313,12.189567,12.124,12.251,6.233333,-14,26,90.966667,55,122,7.097,7.097,7.097,0,0,0,8787,8816,0,0,0,0,0
2021-02-06T08:00:00Z,29,13.466448,3.736,13.845,12.114276,12.091,12.147,-7.964286,-19,7,64.137931,47,97,7.097,7.097,7.097,0,0,0,8817,8846,0,0,0,0,0
2021-02-06T09:00:00Z,28,13.839929,13.787,13.869,12.094071,12.067,12.133,-11.692308,-18,2,70.571429,55,97,7.097,7.097,7.097,0,0,0,8847,8875,0,0,0,0,0
2021-02-06T10:00:00Z,30,9.497267,2.297,13.88,12.0864,12.053,12.114,-16.277778,-21,-2,86.5,64,105,7.097,7.097,7.097,0,0,0,8876,8905,0,0,0,0,0
2021-02-06T11:00:00Z,30,1.3582,1.198,2.122,12.109667,12.105,12.114,-1.5,-2,0,97.033333,88,113,7.097,7.097,7.097,0,0,0,8906,8935,0,0,0,0,0
2021-02-06T12:00:00Z,30,1.2139,1.198,1.244,12.106433,12.095,12.114,-2,-2,-2,93.633333,80,105,7.097,7.097,7.097,0,0,0,8936,8965,0,0,0,0,0
2021-02-06T13:00:00Z,27,1.223185,1.209,1.244,12.102963,12.095,12.11,-2,-2,-2,92.703704,80,105,7.097,7.097,7.097,0,0,0,8966,8994,0,0,0,0,0
2021-02-06T14:00:00Z,29,1.250345,1.233,1.268,12.100517,12.095,12.105,0,0,0,103.827586,88,113,7.097,7.097,7.097,0,0,0,8995,9024,0,0,0,0,0
2021-02-06T15:00:00Z,28,1.240107,1.221,1.256,12.097143,12.095,12.105,0,0,0,99.178571,88,105,7.097,7.097,7.097,0,0,0,9026,9054,0,0,0,0,0
2021-02-06T16:00:00Z,29,1.241552,1.221,1.268,12.09731,12.091,12.105,-2,-2,-2,101.103448,88,113,7.097,7.097,7.097,0,0,0,9055,9083,0,0,0,0,0
2021-02-06T17:00:00Z,30,1.2505,1.233,1.268,12.093133,12.086,12.1,-1.5,-2,0,96.5,88,105,7.097,7.097,7.097,0,0,0,9084,9113,0,0,0,0,0
2021-02-06T18:00:00Z,30,1.261533,1.244,1.279,12.0896,12.076,12.095,-2,-2,-2,92.566667,80,105,7.097,7.097,7.097,0,0,0,9114,9143,0,0,0,0,0
2021-02-06T19:00:00Z,30,1.273433,1.256,1.291,12.085833,12.081,12.091,-2,-2,-2,93.4,80,105,7.097,7.097,7.097,0,0,0,9144,9173,0,0,0,0,0
2021-02-06T20:00:00Z,30,1.276633,1.256,1.303,12.082233,12.067,12.091,-2,-2,-2,93.633333,80,105,7.097,7.097,7.097,0,0,0,9174,9203,0,0,0,0,0
2021-02-06T21:00:00Z,30,1.287067,1.268,1.326,12.080533,12.072,12.091,-1.5,-2,0,95.866667,88,105,7.097,7.097,7.097,0,0,0,9204,9233,0,0,0,0,0
2021-02-06T22:00:00Z,28,1.307,1.279,1.42,12.077214,12.072,12.086,-1,-2,0,97.321429,88,105,7.097,7.097,7.097,0,0,0,9234,9263,0,0,0,0,0
2021-02-06T23:00:00Z,30,7.930467,1.478,14.009,12.0305,11.944,12.086,-38.6,-59,0,72.9,14,113,7.097,7.097,7.097,0,0,0,9264,9293,0,0,0,0,0
2021-02-07T00:00:00Z,28,13.169643,3.549,13.997,12.031821,11.944,12.062,-17.185185,-57,-2,69.285714,14,88,7.097,7.097,7.097,0,0,0,9294,9322,0,0,0,0,0
2021-02-07T01:00:00Z,30,13.877867,13.834,14.442,12.082167,12.053,12.105,2.25,-7,7,94.833333,80,105,7.097,7.097,7.097,0,0,0,9323,9352,0,0,0,0,0
2021-02-07T02:00:00Z,30,13.7973,13.693,14.407,12.153433,12.1,12.223,22.3,9,43,120.266667,105,138,7.097,7.097,7.097,0,0,0,9353,9382,0,0,0,0,0
2021-02-07T03:00:00Z,30,13.7134,13.6,14.395,12.219067,12.166,12.285,33.8,21,50,133.066667,122,147,7.097,7.097,7.097,0,0,0,9383,9412,0,0,0,0,0
2021-02-07T04:00:00Z,29,13.66131,13.553,14.29,12.280345,12.228,12.327,40.034483,21,62,130.241379,105,155,7.097,7.097,7.097,0,0,0,9413,9442,0,0,0,0,0
2021-02-07T05:00:00Z,30,13.633767,13.541,14.266,12.320067,12.299,12.346,43.833333,40,49,132.766667,122,147,7.097,7.097,7.097,0,0,0,9443,9472,0,0,0,0,0
2021-02-07T06:00:00Z,29,13.649172,13.541,13.752,12.251621,12.166,12.346,21.310345,0,46,102.344828,55,138,7.097,7.097,7.097,0,0,0,9473,9501,0,0,0,0,0
2021-02-07T07:00:00Z,29,13.714414,13.646,14.337,12.217621,12.176,12.266,18.793103,5,34,108.724138,88,138,7.097,7.097,7.097,0,0,0,9502,9531,0,0,0,0,0
2021-02-07T08:00:00Z,30,13.0988,3.619,13.845,12.151367,12.091,12.237,0.862069,-16,26,75.766667,47,113,7.097,7.097,7.097,0,0,0,9532,9561,0,0,0,0,0
2021-02-07T09:00:00Z,30,13.252933,4.357,13.892,12.0871,12.048,12.124,-9.142857,-19,0,71.9,55,88,7.097,7.097,7.097,0,0,0,9562,9591,0,0,0,0,0
2021-02-07T10:00:00Z,30,8.263233,2.157,13.915,12.0538,12.02,12.076,-11.066667,-24,-2,63,39,88,7.097,7.097,7.097,0,0,0,9592,9621,0,0,0,0,0
2021-02-07T11:00:00Z,29,1.483655,1.315,2.098,12.068379,12.058,12.076,-2.448276,-4,-2,77.793103,64,88,7.097,7.097,7.097,0,0,0,9622,9650,0,0,0,0,0
2021-02-07T12:00:00Z,30,1.335567,1.315,1.361,12.064967,12.058,12.072,-2.433333,-3,-2,78.666667,64,88,7.097,7.097,7.097,0,0,0,9651,9680,0,0,0,0,0
2021-02-07T13:00:00Z,28,1.366714,1.338,1.396,12.061321,12.053,12.067,-2.333333,-3,-2,88,64,105,7.097,7.097,7.097,0,0,0,9681,9710,0,0,0,0,0
2021-02-07T14:00:00Z,29,1.379138,1.35,1.396,12.05669,12.048,12.062,-2,-2,-2,95.310345,88,105,7.097,7.097,7.097,0,0,0,9711,9739,0,0,0,0,0
2021-02-07T15:00:00Z,30,1.388167,1.373,1.396,12.054167,12.048,12.058,-2,-2,-2,94.5,80,105,7.097,7.097,7.097,0,0,0,9740,9769,0,0,0,0,0
2021-02-07T16:00:00Z,27,1.385222,1.373,1.408,12.051704,12.043,12.058,-2,-2,-2,97.407407,88,113,7.097,7.097,7.097,0,0,0,9770,9798,0,0,0,0,0
2021-02-07T17:00:00Z,30,1.393467,1.373,1.408,12.047833,12.043,12.053,-2,-2,-2,95.7,88,113,7.097,7.097,7.097,0,0,0,9799,9828,0,0,0,0,0
2021-02-07T18:00:00Z,30,1.397033,1.385,1.408,12.045933,12.039,12.053,-2,-2,-2,97.4,88,105,7.097,7.097,7.097,0,0,0,9829,9858,0,0,0,0,0
2021-02-07T19:00:00Z,30,1.4072,1.396,1.432,12.042367,12.034,12.048,-1.333333,-2,0,97.533333,80,105,7.097,7.097,7.097,0,0,0,9859,9888,0,0,0,0,0
2021-02-07T20:00:00Z,30,1.4148,1.396,1.432,12.0409,12.039,12.048,-0.666667,-2,0,99.833333,88,113,7.097,7.097,7.097,0,0,0,9889,9918,0,0,0,0,0
2021-02-07T21:00:00Z,30,1.417933,1.408,1.443,12.038567,12.034,12.043,0,0,0,101.266667,97,113,7.097,7.097,7.097,0,0,0,9919,9948,0,0,0,0,0
2021-02-07T22:00:00Z,30,1.431367,1.408,1.455,12.0348,12.024,12.043,0,0,0,101.8,97,105,7.097,7.097,7.097,0,0,0,9949,9978,0,0,0,0,0
2021-02-07T23:00:00Z,30,6.1794,1.49,14.056,12.003,11.901,12.039,-20.4,-60,0,88.366667,22,122,7.097,7.097,7.097,0,0,0,9979,10008,0,0,0,0,0
2021-02-08T00:00:00Z,30,6.297933,3.198,14.044,12.0266,11.906,12.039,-6.888889,-56,1,94.066667,30,105,7.097,7.097,7.097,0,0,0,10009,10038,0,0,0,0,0
2021-02-08T01:00:00Z,28,13.916143,13.892,13.939,12.018036,11.991,12.048,-5.407407,-15,5,82.785714,64,105,7.097,7.097,7.097,0,0,0,10039,10067,0,0,0,0,0
2021-02-08T02:00:00Z,30,13.9275,13.787,14.5,12.0759,12.039,12.138,12.733333,1,31,103.3,88,130,7.097,7.097,7.097,0,0,0,10068,10097,0,0,0,0,0
2021-02-08T03:00:00Z,30,13.751967,13.717,13.775,12.166567,12.147,12.195,31.566667,26,37,121.8,113,130,7.097,7.097,7.097,0,0,0,10098,10127,0,0,0,0,0
2021-02-08T04:00:00Z,30,13.685467,13.623,13.728,12.2259,12.185,12.275,39.233333,29,53,124.833333,113,147,7.097,7.097,7.097,0,0,0,10128,10157,0,0,0,0,0
2021-02-08T05:00:00Z,30,13.729,13.635,14.372,12.226567,12.171,12.27,31.6,11,44,109.233333,80,130,7.097,7.097,7.097,0,0,0,10158,10187,0,0,0,0,0
2021-02-08T06:00:00Z,27,13.751148,13.623,14.383,12.209111,12.166,12.266,25.37037,13,44,93.666667,64,122,7.097,7.097,7.097,0,0,0,10188,10216,0,0,0,0,0
2021-02-08T07:00:00Z,28,9.863893,1.818,13.892,12.106821,12.043,12.251,-3.178571,-24,41,53.142857,22,113,7.097,7.097,7.097,0,0,0,10217,10246,0,0,0,0,0
2021-02-08T08:00:00Z,30,7.479667,2.707,14.044,12.009133,11.911,12.067,-19.833333,-61,-3,45.1,-10,80,7.097,7.097,7.097,0,0,0,10247,10276,0,0,0,0,0
2021-02-08T09:00:00Z,30,3.081267,2.824,3.421,12.028833,12.024,12.039,-2.2,-3,-2,80.8,72,88,7.097,7.097,7.097,0,0,0,10277,10306,0,0,0,0,0
2021-02-08T10:00:00Z,30,3.3122,2.414,6.65,12.023067,12.02,12.034,-2.103448,-3,-2,82.4,72,88,7.097,7.097,7.097,0,0,0,10307,10336,0,0,0,0,0
2021-02-08T11:00:00Z,28,1.588929,1.467,2.391,12.020714,12.015,12.024,-2.071429,-3,-2,83.535714,72,97,7.097,7.097,7.097,0,0,0,10337,10365,0,0,0,0,0
2021-02-08T12:00:00Z,30,1.482067,1.467,1.502,12.0163,12.005,12.024,-2.133333,-3,-2,84.633333,72,97,7.097,7.097,7.097,0,0,0,10366,10395,0,0,0,0,0
2021-02-08T13:00:00Z,25,1.47496,1.467,1.49,12.0136,12.005,12.02,-2,-2,-2,85.88,80,97,7.097,7.097,7.097,0,0,0,10396,10425,0,0,0,0,0
2021-02-08T14:00:00Z,24,1.4905,1.467,1.513,12.007583,11.996,12.015,-2.041667,-3,-2,85.041667,80,105,7.097,7.097,7.097,0,0,0,10426,10454,0,0,0,0,0
2021-02-08T15:00:00Z,30,1.499833,1.49,1.513,12.004467,11.996,12.01,-2.068966,-3,-2,86.366667,72,97,7.097,7.097,7.097,0,0,0,10455,10484,0,0,0,0,0
2021-02-08T16:00:00Z,30,1.505267,1.49,1.525,12.001667,11.991,12.01,-2,-2,-2,88.2,80,97,7.097,7.097,7.097,0,0,0,10485,10514,0,0,0,0,0
2021-02-08T17:00:00Z,30,1.508267,1.502,1.525,11.999167,11.991,12.005,-2,-2,-2,91.4,80,105,7.097,7.097,7.097,0,0,0,10515,10544,0,0,0,0,0
2021-02-08T18:00:00Z,29,1.509345,1.502,1.525,11.999172,11.991,12.005,-2,-2,-2,95.344828,80,105,7.097,7.097,7.097,0,0,0,10545,10573,0,0,0,0,0
2021-02-08T19:00:00Z,30,1.517033,1.502,1.525,11.995667,11.991,12.001,-2,-2,-2,95.966667,88,105,7.097,7.097,7.097,0,0,0,10574,10603,0,0,0,0,0
2021-02-08T20:00:00Z,30,1.5222,1.513,1.537,11.9922,11.987,11.996,-2,-2,-2,97.033333,88,105,7.097,7.097,7.097,0,0,0,10604,10633,0,0,0,0,0
2021-02-08T21:00:00Z,30,1.544033,1.513,1.56,11.990233,11.982,11.996,-1.5,-2,0,97.633333,88,105,7.097,7.097,7.097,0,0,0,10634,10663,0,0,0,0,0
2021-02-08T22:00:00Z,30,1.556867,1.549,1.607,11.988,11.982,11.991,,,,98.666667,88,105,7.097,7.097,7.097,0,0,0,10664,10693,0,0,0,0,0
2021-02-08T23:00:00Z,30,8.738667,1.654,14.103,11.9478,11.845,11.991,-33,-63,-2,75.833333,14,105,7.097,7.097,7.097,0,0,0,10694,10723,0,0,0,0,0
2021-02-09T00:00:00Z,30,13.690833,5.398,13.997,11.965167,11.944,12.024,-9.133333,-16,11,81.466667,64,113,7.097,7.097,7.097,0,0,0,10724,10753,0,0,0,0,0
2021-02-09T01:00:00Z,30,13.9712,13.904,14.559,12.005933,11.963,12.043,5.931034,-12,16,100.6,80,113,7.097,7.097,7.097,0,0,0,10754,10783,0,0,0,0,0
2021-02-09T02:00:00Z,30,13.883033,13.822,14.559,12.0831,12.024,12.11,23.6,14,30,113.566667,97,122,7.097,7.097,7.097,0,0,0,10784,10813,0,0,0,0,0
2021-02-09T03:00:00Z,28,13.795571,13.705,13.845,12.134357,12.095,12.209,30.964286,19,52,117.5,97,147,7.097,7.097,7.097,0,0,0,10814,10842,0,0,0,0,0
2021-02-09T04:00:00Z,29,13.814241,13.693,14.465,12.153759,12.11,12.214,28.827586,13,52,111.896552,88,147,7.097,7.097,7.097,0,0,0,10843,10872,0,0,0,0,0
2021-02-09T05:00:00Z,30,13.8377,13.752,14.442,12.132567,12.119,12.171,22.033333,17,35,93.633333,80,105,7.097,7.097,7.097,0,0,0,10873,10902,0,0,0,0,0
2021-02-09T06:00:00Z,29,13.793483,13.763,13.834,12.132069,12.1,12.157,20.103448,9,27,83.034483,72,88,7.097,7.097,7.097,0,0,0,10903,10932,0,0,0,0,0
2021-02-09T07:00:00Z,29,13.777552,13.717,13.951,12.151828,12.105,12.204,25.034483,7,40,82.37931,47,97,7.097,7.097,7.097,0,0,0,10933,10961,0,0,0,0,0
2021-02-09T08:00:00Z,30,13.833233,13.693,14.442,12.122867,12.076,12.223,14.3,0,48,68.633333,47,105,7.097,7.097,7.097,0,0,0,10962,10991,0,0,0,0,0
2021-02-09T09:00:00Z,30,13.807833,10.909,13.962,12.030067,11.972,12.081,-5.413793,-18,12,43.633333,22,64,7.097,7.097,7.097,0,0,0,10992,11021,0,0,0,0,0
2021-02-09T10:00:00Z,30,9.0557,2.555,14.009,11.965167,11.911,11.987,-14.166667,-25,-4,36.333333,22,55,7.097,7.097,7.097,0,0,0,11022,11051,0,0,0,0,0
2021-02-09T11:00:00Z,29,1.678379,1.56,2.391,11.984379,11.972,11.991,-2.6875,-5,0,54.965517,30,80,7.097,7.097,7.097,0,0,0,11052,11081,0,0,0,0,0
2021-02-09T12:00:00Z,29,1.571586,1.56,1.584,11.979241,11.972,11.987,0,0,0,71.137931,55,88,7.097,7.097,7.097,0,0,0,11082,11110,0,0,0,0,0
2021-02-09T13:00:00Z,29,1.583,1.572,1.607,11.975103,11.972,11.977,-1,-2,0,66.413793,55,80,7.097,7.097,7.097,0,0,0,11111,11140,0,0,0,0,0
2021-02-09T14:00:00Z,26,1.586462,1.572,1.595,11.972731,11.968,11.977,0,0,0,85.346154,72,97,7.097,7.097,7.097,0,0,0,11141,11169,0,0,0,0,0
2021-02-09T15:00:00Z,29,1.590931,1.572,1.607,11.97031,11.963,11.977,0,0,0,77.793103,64,88,7.097,7.097,7.097,0,0,0,11170,11199,0,0,0,0,0
2021-02-09T16:00:00Z,30,1.591,1.584,1.607,11.968033,11.963,11.972,0,0,0,71.733333,64,80,7.097,7.097,7.097,0,0,0,11200,11229,0,0,0,0,0
2021-02-09T17:00:00Z,30,1.590667,1.584,1.607,11.969,11.963,11.972,0,0,0,76.533333,64,80,7.097,7.097,7.097,0,0,0,11230,11259,0,0,0,0,0
2021-02-09T18:00:00Z,28,1.599393,1.584,1.619,11.966464,11.958,11.972,0,0,0,76,64,88,7.097,7.097,7.097,0,0,0,11260,11288,0,0,0,0,0
2021-02-09T19:00:00Z,30,1.599433,1.584,1.607,11.965667,11.963,11.968,0,0,0,76.8,72,88,7.097,7.097,7.097,0,0,0,11289,11318,0,0,0,0,0
2021-02-09T20:00:00Z,30,1.6046,1.595,1.619,11.963833,11.958,11.968,0,0,0,77.333333,72,80,7.097,7.097,7.097,0,0,0,11319,11348,0,0,0,0,0
2021-02-09T21:00:00Z,30,1.613733,1.595,1.63,11.9605,11.953,11.968,0,0,0,76.8,64,88,7.097,7.097,7.097,0,0,0,11349,11378,0,0,0,0,0
2021-02-09T22:00:00Z,30,1.630833,1.607,1.771,11.958533,11.949,11.963,0,0,0,77.333333,72,88,7.097,7.097,7.097,0,0,0,11379,11408,0,0,0,0,0
2021-02-09T23:00:00Z,29,7.390172,1.841,14.138,11.912966,11.816,11.963,-19.074074,-59,0,60.275862,5,88,7.097,7.097,7.097,0,0,0,11409,11438,0,0,0,0,0
2021-02-10T00:00:00Z,30,13.366667,3.502,14.056,11.920333,11.901,11.944,-11.821429,-19,1,57.566667,39,72,7.097,7.097,7.097,0,0,0,11439,11468,0,0,0,0,0
2021-02-10T01:00:00Z,30,13.991867,13.904,14.582,11.993667,11.944,12.039,11.366667,-3,26,81.566667,64,97,7.097,7.097,7.097,0,0,0,11469,11498,0,0,0,0,0
2021-02-10T02:00:00Z,29,13.811276,13.74,13.939,12.121759,11.996,12.185,38.103448,7,56,105.241379,72,130,7.097,7.097,7.097,0,0,0,11499,11527,0,0,0,0,0
2021-02-10T03:00:00Z,30,13.7907,13.646,14.337,12.158667,12.091,12.27,36.333333,15,70,97.233333,72,130,7.097,7.097,7.097,0,0,0,11528,11557,0,0,0,0,0
2021-02-10T04:00:00Z,30,13.743767,13.623,14.407,12.197067,12.11,12.28,38.333333,7,68,90.266667,55,122,7.097,7.097,7.097,0,0,0,11558,11587,0,0,0,0,0
2021-02-10T05:00:00Z,29,13.710966,13.658,13.763,12.207793,12.162,12.261,38.103448,21,56,82.758621,64,113,7.097,7.097,7.097,0,0,0,11588,11617,0,0,0,0,0
2021-02-10T06:00:00Z,30,13.702933,13.623,14.302,12.234267,12.166,12.28,43.733333,26,57,85.366667,64,105,7.097,7.097,7.097,0,0,0,11618,11647,0,0,0,0,0
2021-02-10T07:00:00Z,30,13.511467,4.438,14.395,12.124,12.039,12.28,12.586207,-11,58,43.533333,14,97,7.097,7.097,7.097,0,0,0,11648,11677,0,0,0,0,0
2021-02-10T08:00:00Z,27,13.928778,13.869,14.477,12.03063,12.005,12.072,-2,-9,17,27.111111,14,47,7.097,7.097,7.097,0,0,0,11678,11706,0,0,0,0,0
2021-02-10T09:00:00Z,29,13.610034,4.134,13.997,11.970069,11.949,12.015,-17.655172,-23,-4,15.793103,5,30,7.097,7.097,7.097,0,0,0,11707,11736,0,0,0,0,0
2021-02-10T10:00:00Z,29,9.413,2.8,14.044,11.948724,11.92,11.982,-14.793103,-25,-3,22.448276,-2,47,7.097,7.097,7.097,0,0,0,11737,11766,0,0,0,0,0
2021-02-10T11:00:00Z,30,1.817167,1.595,2.859,11.963167,11.958,11.968,-3.066667,-4,-3,41.233333,30,47,7.097,7.097,7.097,0,0,0,11767,11796,0,0,0,0,0
2021-02-10T12:00:00Z,30,1.6203,1.595,1.642,11.9567,11.944,11.963,-2.633333,-3,-2,44.8,30,55,7.097,7.097,7.097,0,0,0,11797,11826,0,0,0,0,0
2021-02-10T13:00:00Z,30,1.631733,1.619,1.642,11.9514,11.944,11.958,-2.333333,-3,-2,50.233333,39,64,7.097,7.097,7.097,0,0,0,11827,11856,0,0,0,0,0
2021-02-10T14:00:00Z,28,1.636036,1.619,1.654,11.951607,11.944,11.958,-2,-2,-2,56.142857,47,64,7.097,7.097,7.097,0,0,0,11857,11886,0,0,0,0,0
2021-02-10T15:00:00Z,29,1.65069,1.63,1.666,11.947207,11.939,11.953,-2,-2,-2,59.965517,47,72,7.097,7.097,7.097,0,0,0,11887,11915,0,0,0,0,0
2021-02-10T16:00:00Z,29,1.658931,1.642,1.677,11.944345,11.935,11.953,-2,-2,-2,60.62069,47,72,7.097,7.097,7.097,0,0,0,11916,11945,0,0,0,0,0
2021-02-10T17:00:00Z,30,1.659067,1.63,1.677,11.941233,11.93,11.949,-2,-2,-2,64.6,47,72,7.097,7.097,7.097,0,0,0,11946,11975,0,0,0,0,0
2021-02-10T18:00:00Z,29,1.646552,1.63,1.654,11.93569,11.925,11.944,-2,-2,-2,64.62069,55,80,7.097,7.097,7.097,0,0,0,11976,12005,0,0,0,0,0
2021-02-10T19:00:00Z,29,1.648207,1.642,1.666,11.933828,11.925,11.939,0,0,0,67.517241,55,80,7.097,7.097,7.097,0,0,0,12006,12035,0,0,0,0,0
2021-02-10T20:00:00Z,30,1.656,1.642,1.666,11.9308,11.925,11.939,0,0,0,70.133333,64,80,7.097,7.097,7.097,0,0,0,12036,12065,0,0,0,0,0
2021-02-10T21:00:00Z,30,1.663067,1.642,1.677,11.927,11.92,11.935,0,0,0,72.5,55,88,7.097,7.097,7.097,0,0,0,12066,12095,0,0,0,0,0
2021-02-10T22:00:00Z,28,1.676107,1.654,1.747,11.924321,11.916,11.93,-0.166667,-2,0,74.285714,64,88,7.097,7.097,7.097,0,0,0,12096,12124,0,0,0,0,0
2021-02-10T23:00:00Z,30,8.435633,1.794,14.185,11.871767,11.783,11.93,-30.095238,-60,0,51.366667,5,88,7.097,7.097,7.097,0,0,0,12125,12154,0,0,0,0,0
2021-02-11T00:00:00Z,30,14.0641,14.032,14.173,11.895433,11.797,11.925,-9.62069,-56,0,57.366667,14,72,7.097,7.097,7.097,0,0,0,12155,12184,0,0,0,0,0
2021-02-11T01:00:00Z,30,14.006833,13.869,14.512,11.968,11.897,12.091,13.275862,-8,44,79.866667,47,122,7.097,7.097,7.097,0,0,0,12185,12214,0,0,0,0,0
2021-02-11T02:00:00Z,30,13.806633,13.658,13.927,12.1281,12.01,12.261,45.366667,13,79,108.6,80,138,7.097,7.097,7.097,0,0,0,12215,12244,0,0,0,0,0
2021-02-11T03:00:00Z,30,13.807033,13.635,13.904,12.1281,12.048,12.275,33.366667,11,83,89.766667,55,138,7.097,7.097,7.097,0,0,0,12245,12274,0,0,0,0,0
2021-02-11T04:00:00Z,30,13.587133,4.684,13.986,12.040533,11.958,12.195,5.266667,-14,50,56.966667,30,97,7.097,7.097,7.097,0,0,0,12275,12304,0,0,0,0,0
2021-02-11T05:00:00Z,30,13.888533,13.845,13.962,12.0564,11.977,12.1,22,4,37,75.1,47,97,7.097,7.097,7.097,0,0,0,12305,12334,0,0,0,0,0
2021-02-11T06:00:00Z,30,13.914567,12.816,14.009,11.989267,11.949,12.072,3.689655,-12,35,51.933333,30,88,7.097,7.097,7.097,0,0,0,12335,12364,0,0,0,0,0
2021-02-11T07:00:00Z,28,13.922893,13.834,14.524,12.067786,11.987,12.114,23.321429,2,45,84.821429,55,105,7.097,7.097,7.097,0,0,0,12365,12393,0,0,0,0,0
2021-02-11T08:00:00Z,30,13.700133,4.766,14.032,11.941767,11.92,11.982,-5.724138,-11,1,49.7,39,64,7.097,7.097,7.097,0,0,0,12394,12423,0,0,0,0,0
2021-02-11T09:00:00Z,30,13.707533,4.368,14.068,11.925233,11.887,11.944,-3.12,-12,3,52.166667,39,64,7.097,7.097,7.097,0,0,0,12424,12453,0,0,0,0,0
2021-02-11T10:00:00Z,30,8.556067,2.906,14.103,11.8917,11.864,11.911,-10.166667,-22,-2,55.5,22,88,7.097,7.097,7.097,0,0,0,12454,12483,0,0,0,0,0
2021-02-11T11:00:00Z,30,1.9545,1.712,3.339,11.9051,11.897,11.911,-2.347826,-3,-2,87.866667,64,105,7.097,7.097,7.097,0,0,0,12484,12513,0,0,0,0,0
2021-02-11T12:00:00Z,30,1.7355,1.724,1.747,11.900633,11.892,11.906,-2,-2,-2,93.066667,88,105,7.097,7.097,7.097,0,0,0,12514,12543,0,0,0,0,0
2021-02-11T13:00:00Z,30,1.735467,1.724,1.747,11.902967,11.897,11.911,0,0,0,88.666667,64,105,7.097,7.097,7.097,0,0,0,12544,12573,0,0,0,0,0
2021-02-11T14:00:00Z,30,1.740767,1.724,1.759,11.8984,11.892,11.901,0,0,0,87.1,72,97,7.097,7.097,7.097,0,0,0,12574,12603,0,0,0,0,0
2021-02-11T15:00:00Z,28,1.740286,1.724,1.759,11.896429,11.887,11.901,0,0,0,84.321429,72,97,7.097,7.097,7.097,0,0,0,12604,12632,0,0,0,0,0
2021-02-11T16:00:00Z,30,1.744533,1.736,1.759,11.8935,11.887,11.897,0,0,0,83.2,64,88,7.097,7.097,7.097,0,0,0,12633,12662,0,0,0,0,0
2021-02-11T17:00:00Z,30,1.747167,1.736,1.759,11.890167,11.882,11.897,0,0,0,85.166667,80,97,7.097,7.097,7.097,0,0,0,12663,12692,0,0,0,0,0
2021-02-11T18:00:00Z,30,1.751467,1.736,1.771,11.8872,11.878,11.892,0,0,0,86.266667,80,97,7.097,7.097,7.097,0,0,0,12693,12722,0,0,0,0,0
2021-02-11T19:00:00Z,29,1.759,1.747,1.771,11.885138,11.878,11.892,0,0,0,85.827586,80,97,7.097,7.097,7.097,0,0,0,12723,12752,0,0,0,0,0
2021-02-11T20:00:00Z,30,1.7666,1.747,1.783,11.881167,11.878,11.887,0,0,0,86.6,72,97,7.097,7.097,7.097,0,0,0,12753,12782,0,0,0,0,0
2021-02-13T07:00:00Z,12,13.64525,13.506,13.728,12.256583,12.185,12.374,18.083333,2,47,94,80,122,7.097,7.097,7.097,0,0,0,149,160,0,0,0,0,0
2021-02-13T08:00:00Z,28,13.751679,13.67,13.822,12.163464,12.114,12.233,8.884615,-4,29,84.464286,64,113,7.097,7.097,7.097,0,0,0,161,189,0,0,0,0,0
2021-02-13T09:00:00Z,30,13.894433,13.787,14.407,12.079733,12.02,12.138,-3.392857,-13,7,67.766667,47,88,7.097,7.097,7.097,0,0,0,190,219,0,0,0,0,0
2021-02-13T10:00:00Z,30,11.0048,2.882,14.056,11.957867,11.897,12.015,-13.533333,-22,-2,64.666667,47,88,7.097,7.097,7.097,0,0,0,220,249,0,0,0,0,0
2021-02-13T11:00:00Z,28,1.906679,1.689,2.999,11.916429,11.897,11.944,-1.176471,-3,0,81.178571,64,97,7.097,7.097,7.097,0,0,0,250,279,0,0,0,0,0
2021-02-13T12:00:00Z,30,1.788033,1.736,1.853,11.870967,11.845,11.892,0,0,0,80.266667,64,88,7.097,7.097,7.097,0,0,0,280,309,0,0,0,0,0
2021-02-13T13:00:00Z,30,1.920667,1.841,1.993,11.8162,11.778,11.845,0,0,0,88.9,72,97,7.097,7.097,7.097,0,0,0,310,339,0,0,0,0,0
2021-02-13T14:00:00Z,30,2.1191,1.993,2.274,11.724067,11.66,11.778,0,0,0,89.333333,80,97,7.097,7.097,7.097,0,0,0,340,369,0,0,0,0,0
2021-02-13T15:00:00Z,29,5.291276,2.297,7.855,10.28169,9.134,11.646,-4.896552,-9,0,78.172414,64,97,7.097,7.097,7.097,0,0,0,370,398,0,0,0,0,0
2021-02-13T16:00:00Z,29,6.788379,6.767,6.837,9.590862,9.564,9.602,-7.586207,-8,-7,74.724138,55,88,7.097,7.097,7.097,0,0,0,399,428,0,0,0,0,0
2021-02-13T17:00:00Z,30,6.786,6.778,6.802,9.594533,9.583,9.602,-7.6,-8,-7,76,64,88,7.097,7.097,7.097,0,0,0,429,458,0,0,0,0,0
2021-02-13T18:00:00Z,26,6.810577,6.79,6.825,9.576923,9.564,9.588,-7.846154,-8,-7,75.076923,64,88,7.097,7.097,7.097,0,0,0,459,485,0,0,0,0,0
2021-02-16T22:00:00Z,19,0.645263,0.589,0.917,12.385053,12.36,12.393,0.055556,0,1,116.052632,72,130,6.739263,0.3,7.097,0,0,0,1,19,0,0,0,0,0
2021-02-16T23:00:00Z,30,5.385,1.034,13.646,12.357133,12.251,12.393,-10.8,-58,1,113.466667,47,138,7.097,7.097,7.097,0,0,0,20,49,0,0,0,0,0
2021-02-17T00:00:00Z,28,6.603393,2.754,13.506,12.385036,12.37,12.412,1.75,0,12,130,122,138,7.097,7.097,7.097,0,0,0,50,78,0,0,0,0,0
2021-02-17T01:00:00Z,30,13.464733,13.412,13.506,12.418,12.374,12.46,13.066667,0,28,129.366667,113,147,7.097,7.097,7.097,0,0,0,79,108,0,0,0,0,0
2021-02-17T02:00:00Z,30,13.4269,13.342,14.068,12.475567,12.45,12.497,26.966667,19,34,137.7,122,155,7.097,7.097,7.097,0,0,0,109,138,0,0,0,0,0
2021-02-17T03:00:00Z,30,13.308533,13.26,13.389,12.518967,12.474,12.55,32.833333,15,47,135.233333,113,147,7.097,7.097,7.097,0,0,0,139,168,0,0,0,0,0
2021-02-17T04:00:00Z,29,13.307483,13.26,13.974,12.534897,12.521,12.559,31,27,39,126.310345,113,138,7.097,7.097,7.097,0,0,0,170,198,0,0,0,0,0
2021-02-17T05:00:00Z,30,13.366167,13.295,14.009,12.5096,12.488,12.526,22.5,11,26,113.033333,97,122,7.097,7.097,7.097,0,0,0,199,228,0,0,0,0,0
2021-02-17T06:00:00Z,30,13.342033,13.319,13.354,12.497433,12.488,12.502,19.7,18,21,103.866667,88,113,7.097,7.097,7.097,0,0,0,229,258,0,0,0,0,0
2021-02-17T07:00:00Z,30,13.306533,13.26,13.354,12.520233,12.488,12.559,26.3,19,34,121.033333,97,138,7.097,7.097,7.097,0,0,0,259,288,0,0,0,0,0
2021-02-17T08:00:00Z,30,13.392833,13.307,13.436,12.465067,12.431,12.512,11.2,5,19,93.8,72,113,7.097,7.097,7.097,0,0,0,289,318,0,0,0,0,0
2021-02-17T09:00:00Z,29,13.529759,13.447,14.068,12.395828,12.351,12.427,-3.923077,-15,4,69.034483,47,88,7.097,7.097,7.097,0,0,0,319,347,0,0,0,0,0
2021-02-17T10:00:00Z,20,7.0942,1.958,13.541,12.36535,12.337,12.384,-7.9,-19,-2,70.45,47,88,7.097,7.097,7.097,0,0,0,348,377,0,0,0,0,0
2021-02-17T11:00:00Z,30,0.873067,0.601,2.169,12.377233,12.37,12.384,-2,-2,-2,92,72,105,7.097,7.097,7.097,0,0,0,378,407,0,0,0,0,0
2021-02-17T12:00:00Z,30,0.639967,0.624,0.659,12.373733,12.365,12.379,-1.5,-2,0,96.833333,88,105,7.097,7.097,7.097,0,0,0,408,437,0,0,0,0,0
2021-02-17T13:00:00Z,29,0.648207,0.636,0.671,12.371931,12.365,12.379,-1.333333,-2,0,97.586207,88,105,7.097,7.097,7.097,0,0,0,438,467,0,0,0,0,0
2021-02-17T14:00:00Z,30,0.6532,0.636,0.671,12.368167,12.36,12.374,0,0,0,99.266667,88,113,7.097,7.097,7.097,0,0,0,468,497,0,0,0,0,0
2021-02-17T15:00:00Z,29,0.634724,0.624,0.659,12.366034,12.36,12.37,0,0,0,100.793103,88,113,7.097,7.097,7.097,0,0,0,498,526,0,0,0,0,0
2021-02-17T16:00:00Z,30,0.6439,0.636,0.659,12.360133,12.356,12.37,0,0,0,101.2,88,113,7.097,7.097,7.097,0,0,0,527,556,0,0,0,0,0
2021-02-17T17:00:00Z,30,0.6497,0.636,0.671,12.358067,12.351,12.365,0,0,0,106.566667,88,113,7.097,7.097,7.097,0,0,0,557,586,0,0,0,0,0
2021-02-17T18:00:00Z,30,0.6554,0.648,0.671,12.355467,12.346,12.365,0,0,0,112.4,97,122,7.097,7.097,7.097,0,0,0,587,616,0,0,0,0,0
2021-02-17T19:00:00Z,30,0.656133,0.648,0.671,12.354067,12.346,12.36,0,0,0,114.666667,97,122,7.097,7.097,7.097,0,0,0,617,646,0,0,0,0,0
2021-02-17T20:00:00Z,30,0.665,0.659,0.683,12.350333,12.341,12.356,0,0,0,118.366667,105,130,7.097,7.097,7.097,0,0,0,647,676,0,0,0,0,0
2021-02-17T21:00:00Z,30,0.667833,0.648,0.683,12.3488,12.341,12.36,0.066667,0,1,123.133333,113,130,7.097,7.097,7.097,0,0,0,677,706,0,0,0,0,0
2021-02-17T22:00:00Z,29,0.700862,0.659,1.022,12.346517,12.341,12.351,0.068966,0,1,126.655172,113,138,7.097,7.097,7.097,0,0,0,707,736,0,0,0,0,0
2021-02-17T23:00:00Z,30,5.8545,1.174,13.681,12.3126,12.214,12.351,-12.9,-59,2,109,39,130,7.097,7.097,7.097,0,0,0,737,766,0,0,0,0,0
2021-02-18T00:00:00Z,30,7.160967,2.707,13.541,12.342933,12.332,12.356,1.133333,0,7,125.366667,113,138,7.097,7.097,7.097,0,0,0,767,796,0,0,0,0,0
2021-02-18T01:00:00Z,27,13.540741,13.506,14.138,12.369444,12.351,12.384,10.074074,4,16,125.814815,105,138,7.097,7.097,7.097,0,0,0,797,825,0,0,0,0,0
2021-02-18T02:00:00Z,30,13.470033,13.424,13.506,12.416,12.389,12.445,23.5,15,32,142.5,122,155,7.097,7.097,7.097,0,0,0,826,855,0,0,0,0,0
2021-02-18T03:00:00Z,30,13.393233,13.249,14.079,12.494767,12.445,12.554,40.333333,19,56,154.4,130,171,7.097,7.097,7.097,0,0,0,856,885,0,0,0,0,0
2021-02-18T04:00:00Z,29,13.273276,13.178,13.401,12.544828,12.469,12.62,44.034483,17,64,147.241379,105,171,7.097,7.097,7.097,0,0,0,887,915,0,0,0,0,0
2021-02-18T05:00:00Z,29,13.250621,13.155,13.412,12.560379,12.45,12.63,38.068966,5,64,132.551724,80,163,7.097,7.097,7.097,0,0,0,916,945,0,0,0,0,0
2021-02-18T06:00:00Z,28,13.239036,13.167,13.342,12.5655,12.493,12.62,38.535714,12,59,136.928571,97,163,7.097,7.097,7.097,0,0,0,946,974,0,0,0,0,0
2021-02-18T07:00:00Z,30,13.294667,13.237,13.939,12.5451,12.526,12.559,30.666667,25,35,126.466667,113,138,7.097,7.097,7.097,0,0,0,975,1004,0,0,0,0,0
2021-02-18T08:00:00Z,29,13.426414,13.284,14.079,12.457897,12.422,12.535,11.448276,1,24,91.517241,64,113,7.097,7.097,7.097,0,0,0,1005,1034,0,0,0,0,0
2021-02-18T09:00:00Z,29,13.173138,3.502,13.564,12.365483,12.322,12.412,-6.962963,-15,5,63.137931,14,80,7.097,7.097,7.097,0,0,0,1035,1064,0,0,0,0,0
2021-02-18T10:00:00Z,30,5.960533,2.028,13.564,12.333833,12.299,12.346,-6.586207,-18,-2,68.233333,30,88,7.097,7.097,7.097,0,0,0,1065,1094,0,0,0,0,0
2021-02-18T11:00:00Z,30,0.9691,0.706,2.613,12.334533,12.327,12.341,-2.08,-3,-2,82.5,64,97,7.097,7.097,7.097,0,0,0,1095,1124,0,0,0,0,0
2021-02-18T12:00:00Z,29,0.715517,0.706,0.73,12.333207,12.327,12.337,0,0,0,104.172414,97,113,7.097,7.097,7.097,0,0,0,1125,1153,0,0,0,0,0
2021-02-18T13:00:00Z,30,0.7298,0.718,0.741,12.328,12.322,12.332,-2,-2,-2,96.233333,80,105,7.097,7.097,7.097,0,0,0,1154,1183,0,0,0,0,0
2021-02-18T14:00:00Z,30,0.734433,0.73,0.753,12.325867,12.318,12.332,-2,-2,-2,92.766667,80,105,7.097,7.097,7.097,0,0,0,1184,1213,0,0,0,0,0
2021-02-18T15:00:00Z,30,0.742033,0.718,0.753,12.322167,12.318,12.327,-2,-2,-2,91.633333,80,105,7.097,7.097,7.097,0,0,0,1214,1243,0,0,0,0,0
2021-02-18T16:00:00Z,30,0.743567,0.73,0.765,12.3208,12.313,12.332,-2,-2,-2,89.7,72,105,7.097,7.097,7.097,0,0,0,1244,1273,0,0,0,0,0
2021-02-18T17:00:00Z,30,0.7444,0.73,0.753,12.3183,12.313,12.322,-2,-2,-2,93.333333,80,105,7.097,7.097,7.097,0,0,0,1274,1303,0,0,0,0,0
2021-02-18T18:00:00Z,28,0.7445,0.73,0.753,12.315821,12.308,12.322,-1,-2,0,96.178571,80,105,7.097,7.097,7.097,0,0,0,1304,1332,0,0,0,0,0
2021-02-18T19:00:00Z,30,0.7494,0.741,0.753,12.314133,12.308,12.322,0,0,0,101.766667,88,113,7.097,7.097,7.097,0,0,0,1333,1362,0,0,0,0,0
2021-02-18T20:00:00Z,30,0.755,0.741,0.765,12.311033,12.299,12.318,0,0,0,107.133333,97,113,7.097,7.097,7.097,0,0,0,1363,1392,0,0,0,0,0
2021-02-18T21:00:00Z,30,0.762033,0.741,0.776,12.309033,12.304,12.318,0,0,0,111.3,97,122,7.097,7.097,7.097,0,0,0,1393,1422,0,0,0,0,0
2021-02-18T22:00:00Z,29,0.790517,0.753,1.057,12.30569,12.299,12.313,0,0,0,116.448276,105,130,7.097,7.097,7.097,0,0,0,1423,1452,0,0,0,0,0
2021-02-18T23:00:00Z,30,7.120133,1.186,15.074,12.260733,12.162,12.308,-15.724138,-61,1,92.566667,22,130,7.097,7.097,7.097,0,0,0,1453,1482,0,0,0,0,0
2021-02-19T00:00:00Z,29,8.783897,2.917,13.576,12.300345,12.289,12.308,0.827586,0,3,116.896552,97,130,7.097,7.097,7.097,0,0,0,1483,1511,0,0,0,0,0
2021-02-19T01:00:00Z,28,13.578143,13.541,14.185,12.320429,12.299,12.341,7.035714,1,13,114.428571,97,130,7.097,7.097,7.097,0,0,0,1513,1541,0,0,0,0,0
2021-02-19T02:00:00Z,30,13.570733,13.506,14.161,12.3564,12.332,12.384,17.033333,12,22,122.866667,113,130,7.097,7.097,7.097,0,0,0,1542,1571,0,0,0,0,0
2021-02-19T03:00:00Z,30,13.496233,13.471,13.518,12.3949,12.379,12.408,24.266667,21,29,125.133333,113,138,7.097,7.097,7.097,0,0,0,1572,1601,0,0,0,0,0
2021-02-19T04:00:00Z,30,13.510567,13.424,14.114,12.425033,12.412,12.441,29.5,26,32,121.8,105,130,7.097,7.097,7.097,0,0,0,1602,1631,0,0,0,0,0
2021-02-19T05:00:00Z,30,13.468033,13.424,13.962,12.427567,12.393,12.45,26.2,10,33,109.966667,88,130,7.097,7.097,7.097,0,0,0,1632,1661,0,0,0,0,0
2021-02-19T06:00:00Z,30,13.462233,13.412,14.103,12.4372,12.408,12.46,26.366667,15,34,106.333333,88,122,7.097,7.097,7.097,0,0,0,1662,1691,0,0,0,0,0
2021-02-19T07:00:00Z,30,13.480133,13.389,14.091,12.420367,12.332,12.469,22.1,-6,39,94.233333,55,113,7.097,7.097,7.097,0,0,0,1692,1721,0,0,0,0,0
2021-02-19T08:00:00Z,26,13.482115,13.389,13.553,12.398154,12.327,12.474,12.846154,-10,39,78.192308,47,113,7.097,7.097,7.097,0,0,0,1722,1750,0,0,0,0,0
2021-02-19T09:00:00Z,30,13.387,8.229,13.611,12.315333,12.275,12.379,-5.2,-17,13,52.566667,39,80,7.097,7.097,7.097,0,0,0,1751,1780,0,0,0,0,0
2021-02-19T10:00:00Z,29,6.115103,2.122,13.646,12.285034,12.256,12.299,-7.758621,-21,-3,53.931034,22,72,7.097,7.097,7.097,0,0,0,1781,1810,0,0,0,0,0
2021-02-19T11:00:00Z,27,1.063704,0.788,2.391,12.292593,12.285,12.299,-2.777778,-4,-2,74.666667,64,80,7.097,7.097,7.097,0,0,0,1811,1840,0,0,0,0,0
2021-02-19T12:00:00Z,30,0.791533,0.776,0.811,12.291233,12.285,12.294,-2.233333,-3,-2,78.666667,64,88,7.097,7.097,7.097,0,0,0,1841,1870,0,0,0,0,0
2021-02-19T13:00:00Z,30,0.797433,0.788,0.811,12.2883,12.285,12.294,-2.074074,-3,-2,84.666667,72,97,7.097,7.097,7.097,0,0,0,1871,1900,0,0,0,0,0
2021-02-19T14:00:00Z,30,0.807467,0.8,0.823,12.285833,12.28,12.289,-2,-2,-2,87.333333,72,97,7.097,7.097,7.097,0,0,0,1901,1930,0,0,0,0,0
2021-02-19T15:00:00Z,29,0.815586,0.8,0.823,12.283724,12.275,12.289,-2,-2,-2,92.103448,80,97,7.097,7.097,7.097,0,0,0,1931,1959,0,0,0,0,0
2021-02-19T16:00:00Z,30,0.8134,0.811,0.823,12.280967,12.275,12.289,-0.571429,-2,0,96.2,80,113,7.097,7.097,7.097,0,0,0,1960,1989,0,0,0,0,0
2021-02-19T17:00:00Z,30,0.815033,0.8,0.823,12.279167,12.27,12.285,0,0,0,99.6,88,105,7.097,7.097,7.097,0,0,0,1990,2019,0,0,0,0,0
2021-02-19T18:00:00Z,30,0.8182,0.811,0.835,12.276833,12.27,12.28,0,0,0,105.266667,97,113,7.097,7.097,7.097,0,0,0,2020,2049,0,0,0,0,0
2021-02-19T19:00:00Z,30,0.8254,0.823,0.847,12.2752,12.266,12.28,0,0,0,104.466667,88,122,7.097,7.097,7.097,0,0,0,2050,2079,0,0,0,0,0
2021-02-19T20:00:00Z,30,0.8342,0.823,0.847,12.271633,12.266,12.28,0,0,0,108.233333,97,122,7.097,7.097,7.097,0,0,0,2080,2109,0,0,0,0,0
2021-02-19T21:00:00Z,30,0.838167,0.823,0.858,12.270333,12.266,12.275,0,0,0,112.7,105,122,7.097,7.097,7.097,0,0,0,2110,2139,0,0,0,0,0
2021-02-19T22:00:00Z,30,0.864267,0.835,1.057,12.267967,12.261,12.275,0,0,0,115.4,105,130,7.097,7.097,7.097,0,0,0,2140,2169,0,0,0,0,0
2021-02-19T23:00:00Z,30,5.494967,1.151,13.787,12.232833,12.124,12.27,-14.740741,-59,0,95.666667,30,130,7.097,7.097,7.097,0,0,0,2170,2199,0,0,0,0,0
2021-02-20T00:00:00Z,30,9.356733,3.151,14.114,12.265667,12.256,12.275,1,0,4,115.6,105,122,7.097,7.097,7.097,0,0,0,2200,2229,0,0,0,0,0
2021-02-20T01:00:00Z,28,13.615929,13.576,14.231,12.289071,12.275,12.304,9.678571,3,15,118.535714,97,130,7.097,7.097,7.097,0,0,0,2230,2258,0,0,0,0,0
2021-02-20T02:00:00Z,30,13.574533,13.541,14.231,12.323533,12.299,12.346,18.233333,14,23,117.833333,105,122,7.097,7.097,7.097,0,0,0,2259,2288,0,0,0,0,0
2021-02-20T03:00:00Z,30,13.5756,13.518,14.185,12.351567,12.341,12.365,22.1,18,24,113.6,97,122,7.097,7.097,7.097,0,0,0,2289,2318,0,0,0,0,0
2021-02-20T04:00:00Z,30,13.558467,13.518,14.185,12.348867,12.337,12.36,19.066667,14,23,101.366667,88,113,7.097,7.097,7.097,0,0,0,2319,2348,0,0,0,0,0
2021-02-20T05:00:00Z,30,13.5843,13.529,14.196,12.3392,12.327,12.346,16.3,15,19,91.1,80,105,7.097,7.097,7.097,0,0,0,2349,2378,0,0,0,0,0
2021-02-20T06:00:00Z,30,13.579533,13.529,14.185,12.346333,12.337,12.36,18.066667,16,21,88.8,80,97,7.097,7.097,7.097,0,0,0,2379,2408,0,0,0,0,0
2021-02-20T07:00:00Z,30,13.553967,13.483,14.185,12.379333,12.356,12.408,24.766667,17,35,91.866667,80,105,7.097,7.097,7.097,0,0,0,2409,2438,0,0,0,0,0
2021-02-20T08:00:00Z,29,13.601828,13.529,14.196,12.329621,12.304,12.36,9.241379,4,15,69.172414,55,80,7.097,7.097,7.097,0,0,0,2439,2468,0,0,0,0,0
2021-02-20T09:00:00Z,29,13.202552,3.584,13.67,12.263828,12.233,12.299,-8.115385,-49,2,49,39,64,7.097,7.097,7.097,0,0,0,2469,2497,0,0,0,0,0
2021-02-20T10:00:00Z,30,7.5583,2.227,13.693,12.242633,12.214,12.266,-10.333333,-21,-3,49.866667,30,72,7.097,7.097,7.097,0,0,0,2498,2527,0,0,0,0,0
2021-02-20T11:00:00Z,30,1.1632,0.893,2.637,12.257167,12.251,12.261,-3.166667,-4,-3,69.866667,64,80,7.097,7.097,7.097,0,0,0,2528,2557,0,0,0,0,0
2021-02-20T12:00:00Z,29,0.905,0.893,0.917,12.253034,12.247,12.256,-2.827586,-3,-2,73.103448,64,80,7.097,7.097,7.097,0,0,0,2558,2587,0,0,0,0,0
2021-02-20T13:00:00Z,30,0.9144,0.893,0.928,12.251533,12.247,12.256,-2.178571,-3,-2,80.533333,72,88,7.097,7.097,7.097,0,0,0,2588,2617,0,0,0,0,0
2021-02-20T14:00:00Z,29,0.930034,0.917,0.964,12.247897,12.237,12.256,-2.04,-3,-2,84.206897,72,97,7.097,7.097,7.097,0,0,0,2618,2647,0,0,0,0,0
2021-02-20T15:00:00Z,27,0.931222,0.917,0.94,12.246667,12.242,12.251,-2,-2,-2,91.37037,80,97,7.097,7.097,7.097,0,0,0,2648,2676,0,0,0,0,0
2021-02-20T16:00:00Z,30,0.935667,0.917,0.952,12.243933,12.233,12.251,-2,-2,-2,96,80,105,7.097,7.097,7.097,0,0,0,2677,2706,0,0,0,0,0
2021-02-20T17:00:00Z,30,0.9432,0.928,0.964,12.240467,12.233,12.247,0,0,0,100.9,88,113,7.097,7.097,7.097,0,0,0,2707,2736,0,0,0,0,0
2021-02-20T18:00:00Z,30,0.9464,0.928,0.964,12.237367,12.228,12.247,0,0,0,106.066667,97,113,7.097,7.097,7.097,0,0,0,2737,2766,0,0,0,0,0
2021-02-20T19:00:00Z,30,0.955167,0.94,0.975,12.233333,12.223,12.242,0,0,0,105.8,88,122,7.097,7.097,7.097,0,0,0,2767,2796,0,0,0,0,0
2021-02-20T20:00:00Z,30,0.9642,0.952,0.987,12.2288,12.218,12.237,0,0,0,106.6,97,113,7.097,7.097,7.097,0,0,0,2797,2826,0,0,0,0,0
2021-02-20T21:00:00Z,30,0.975167,0.964,0.987,12.224367,12.214,12.228,0,0,0,110.366667,97,122,7.097,7.097,7.097,0,0,0,2827,2856,0,0,0,0,0
2021-02-20T22:00:00Z,30,1.004933,0.952,1.373,12.226,12.218,12.233,0,0,0,118.666667,105,130,7.097,7.097,7.097,0,0,0,2857,2886,0,0,0,0,0
2021-02-20T23:00:00Z,29,5.183621,1.56,13.845,12.199552,12.086,12.228,-9.862069,-60,0,104.827586,30,130,7.097,7.097,7.097,0,0,0,2887,2916,0,0,0,0,0
2021-02-21T00:00:00Z,27,12.237519,3.807,13.717,12.217111,12.19,12.242,-0.44,-8,5,112.037037,88,130,7.097,7.097,7.097,0,0,0,2917,2945,0,0,0,0,0
2021-02-21T01:00:00Z,30,13.6689,13.611,14.278,12.251733,12.204,12.28,9.666667,-3,17,120.4,97,138,7.097,7.097,7.097,0,0,0,2946,2975,0,0,0,0,0
2021-02-21T02:00:00Z,29,13.595517,13.529,14.231,12.309931,12.275,12.356,25.413793,16,40,131.965517,122,147,7.097,7.097,7.097,0,0,0,2976,3004,0,0,0,0,0
2021-02-21T03:00:00Z,30,13.531667,13.471,14.208,12.3813,12.337,12.417,38.233333,23,48,144.833333,130,155,7.097,7.097,7.097,0,0,0,3006,3035,0,0,0,0,0
2021-02-21T04:00:00Z,29,13.467586,13.342,14.103,12.435552,12.389,12.502,43.344828,20,68,139.793103,105,163,7.097,7.097,7.097,0,0,0,3036,3065,0,0,0,0,0
2021-02-21T05:00:00Z,30,13.508733,13.377,14.103,12.4358,12.374,12.474,37.466667,15,55,131.733333,97,147,7.097,7.097,7.097,0,0,0,3066,3095,0,0,0,0,0
2021-02-21T06:00:00Z,30,13.3878,13.272,14.044,12.501833,12.436,12.54,49.566667,27,62,142.833333,122,163,7.097,7.097,7.097,0,0,0,3096,3125,0,0,0,0,0
2021-02-21T07:00:00Z,29,13.421207,13.342,14.091,12.466345,12.431,12.502,36.172414,26,46,130.896552,105,147,7.097,7.097,7.097,0,0,0,3126,3154,0,0,0,0,0
2021-02-21T08:00:00Z,29,13.542621,13.424,14.161,12.385793,12.346,12.45,14.62069,8,27,96.965517,80,122,7.097,7.097,7.097,0,0,0,3155,3184,0,0,0,0,0
2021-02-21T09:00:00Z,30,13.624467,13.541,14.185,12.283533,12.242,12.337,-7,-20,7,68.933333,47,88,7.097,7.097,7.097,0,0,0,3185,3214,0,0,0,0,0
2021-02-21T10:00:00Z,30,9.448733,2.251,13.693,12.236567,12.209,12.256,-11.333333,-21,-2,64.666667,47,88,7.097,7.097,7.097,0,0,0,3215,3244,0,0,0,0,0
2021-02-21T11:00:00Z,28,1.360964,0.94,3.713,12.236821,12.228,12.251,-2.291667,-3,-2,81.25,64,97,7.097,7.097,7.097,0,0,0,3245,3274,0,0,0,0,0
2021-02-21T12:00:00Z,27,0.970889,0.94,0.987,12.228926,12.223,12.233,-1,-2,0,97.962963,80,105,7.097,7.097,7.097,0,0,0,3275,3303,0,0,0,0,0
2021-02-21T13:00:00Z,30,0.949967,0.928,0.975,12.222367,12.214,12.233,0,0,0,99.033333,88,113,7.097,7.097,7.097,0,0,0,3304,3333,0,0,0,0,0
2021-02-21T14:00:00Z,30,0.9733,0.952,0.987,12.2173,12.209,12.223,-0.333333,-2,0,100.6,80,113,7.097,7.097,7.097,0,0,0,3334,3363,0,0,0,0,0
2021-02-21T15:00:00Z,30,0.999967,0.975,1.01,12.213867,12.204,12.223,0,0,0,102.033333,88,113,7.097,7.097,7.097,0,0,0,3364,3393,0,0,0,0,0
2021-02-21T16:00:00Z,30,1.001033,0.987,1.022,12.210267,12.204,12.218,0,0,0,105.8,97,113,7.097,7.097,7.097,0,0,0,3394,3423,0,0,0,0,0
2021-02-21T17:00:00Z,30,1.012567,0.999,1.034,12.205167,12.199,12.209,0,0,0,107.166667,97,122,7.097,7.097,7.097,0,0,0,3424,3453,0,0,0,0,0
2021-02-21T18:00:00Z,29,1.007483,0.987,1.034,12.204517,12.199,12.214,0,0,0,112.655172,97,130,7.097,7.097,7.097,0,0,0,3454,3483,0,0,0,0,0
2021-02-21T19:00:00Z,30,1.001867,0.987,1.022,12.199333,12.185,12.209,0,0,0,115.133333,97,130,7.097,7.097,7.097,0,0,0,3484,3513,0,0,0,0,0
2021-02-21T20:00:00Z,28,1.008143,0.999,1.022,12.196571,12.19,12.204,0,0,0,118.428571,105,130,7.097,7.097,7.097,0,0,0,3514,3542,0,0,0,0,0
2021-02-21T21:00:00Z,30,1.012633,0.999,1.034,12.194533,12.185,12.199,0,0,0,126.2,113,138,7.097,7.097,7.097,0,0,0,3543,3572,0,0,0,0,0
2021-02-21T22:00:00Z,30,1.035567,0.999,1.256,12.193867,12.19,12.199,0.2,0,1,129.733333,122,138,7.097,7.097,7.097,0,0,0,3573,3602,0,0,0,0,0
2021-02-21T23:00:00Z,29,4.872103,1.408,13.88,12.166069,12.048,12.199,-9.482759,-59,1,111.965517,39,138,7.097,7.097,7.097,0,0,0,3603,3632,0,0,0,0,0
2021-02-22T00:00:00Z,29,8.986931,3.397,14.302,12.185862,12.171,12.199,0.642857,-4,5,125.448276,113,138,7.097,7.097,7.097,0,0,0,3633,3662,0,0,0,0,0
2021-02-22T01:00:00Z,30,13.6827,13.588,14.313,12.24,12.176,12.304,15.724138,1,35,130.833333,113,147,7.097,7.097,7.097,0,0,0,3663,3692,0,0,0,0,0
2021-02-22T02:00:00Z,29,13.610828,13.564,14.103,12.296931,12.247,12.313,27.62069,9,37,135.034483,113,155,7.097,7.097,7.097,0,0,0,3693,3721,0,0,0,0,0
2021-02-22T03:00:00Z,30,13.6064,13.541,14.243,12.316767,12.304,12.332,28.133333,26,31,130.566667,122,147,7.097,7.097,7.097,0,0,0,3722,3751,0,0,0,0,0
2021-02-22T04:00:00Z,30,13.5823,13.494,14.208,12.3449,12.28,12.408,32.3,5,52,127.033333,97,147,7.097,7.097,7.097,0,0,0,3752,3781,0,0,0,0,0
2021-02-22T05:00:00Z,29,13.53969,13.483,14.149,12.372069,12.346,12.412,33.37931,27,49,124.655172,105,147,7.097,7.097,7.097,0,0,0,3782,3811,0,0,0,0,0
2021-02-22T06:00:00Z,30,13.437333,13.377,13.541,12.4412,12.346,12.493,46.3,16,63,130.833333,88,147,7.097,7.097,7.097,0,0,0,3812,3841,0,0,0,0,0
2021-02-22T07:00:00Z,30,13.497433,13.436,14.138,12.411,12.365,12.441,30.866667,16,41,108.366667,88,122,7.097,7.097,7.097,0,0,0,3842,3871,0,0,0,0,0
2021-02-22T08:00:00Z,30,13.567,13.518,14.208,12.3335,12.275,12.365,12.6,-3,19,83.633333,55,97,7.097,7.097,7.097,0,0,0,3872,3901,0,0,0,0,0
2021-02-22T09:00:00Z,29,13.662069,13.623,13.717,12.238931,12.195,12.275,-8.793103,-18,-2,57.310345,47,72,7.097,7.097,7.097,0,0,0,3902,3930,0,0,0,0,0
2021-02-22T10:00:00Z,30,9.031933,2.309,13.752,12.191567,12.166,12.214,-12.033333,-21,-2,58.333333,39,80,7.097,7.097,7.097,0,0,0,3931,3960,0,0,0,0,0
2021-02-22T11:00:00Z,30,1.272433,0.999,2.543,12.198633,12.19,12.204,-2.0625,-3,-2,89.1,80,105,7.097,7.097,7.097,0,0,0,3961,3990,0,0,0,0,0
2021-02-22T12:00:00Z,30,1.026333,1.01,1.045,12.191433,12.185,12.199,-1,-2,0,96.766667,80,105,7.097,7.097,7.097,0,0,0,3991,4020,0,0,0,0,0
2021-02-22T13:00:00Z,28,1.033393,1.022,1.045,12.185607,12.181,12.19,0,0,0,102.357143,88,113,7.097,7.097,7.097,0,0,0,4021,4050,0,0,0,0,0
2021-02-22T14:00:00Z,27,1.041852,1.034,1.057,12.182963,12.176,12.19,0,0,0,107.407407,88,122,7.097,7.097,7.097,0,0,0,4051,4079,0,0,0,0,0
2021-02-22T15:00:00Z,30,1.049467,1.034,1.069,12.179533,12.176,12.185,0,0,0,112.1,97,122,7.097,7.097,7.097,0,0,0,4080,4109,0,0,0,0,0
2021-02-22T16:00:00Z,30,1.053067,1.034,1.069,12.176333,12.171,12.181,0,0,0,113.5,105,122,7.097,7.097,7.097,0,0,0,4110,4139,0,0,0,0,0
2021-02-22T17:00:00Z,30,1.063,1.045,1.081,12.1717,12.162,12.181,0,0,0,114.633333,105,130,7.097,7.097,7.097,0,0,0,4140,4169,0,0,0,0,0
2021-02-22T18:00:00Z,30,1.0706,1.057,1.081,12.169267,12.162,12.176,0,0,0,118.4,105,130,7.097,7.097,7.097,0,0,0,4170,4199,0,0,0,0,0
2021-02-22T19:00:00Z,30,1.0733,1.057,1.092,12.167833,12.162,12.176,0,0,0,125.166667,113,138,7.097,7.097,7.097,0,0,0,4200,4229,0,0,0,0,0
2021-02-22T20:00:00Z,30,1.079167,1.069,1.092,12.1661,12.157,12.171,0.033333,0,1,128.1,113,138,7.097,7.097,7.097,0,0,0,4230,4259,0,0,0,0,0
2021-02-22T21:00:00Z,30,1.084267,1.069,1.104,12.163367,12.152,12.171,0.1,0,1,127.8,113,138,7.097,7.097,7.097,0,0,0,4260,4289,0,0,0,0,0
2021-02-22T22:00:00Z,29,1.134207,1.081,1.56,12.157621,12.147,12.166,0.241379,0,1,128.586207,113,138,7.097,7.097,7.097,0,0,0,4290,4319,0,0,0,0,0
2021-02-22T23:00:00Z,28,5.74475,2.005,13.915,12.131929,12.02,12.166,-9.821429,-58,2,111.071429,47,130,7.097,7.097,7.097,0,0,0,4321,4348,0,0,0,0,0
2021-02-23T00:00:00Z,30,9.207867,3.467,14.325,12.158667,12.147,12.171,1.366667,0,5,127.566667,113,138,7.097,7.097,7.097,0,0,0,4349,4378,0,0,0,0,0
2021-02-23T01:00:00Z,28,13.720071,13.611,14.337,12.216714,12.157,12.285,18.321429,0,39,135.392857,113,155,7.097,7.097,7.097,0,0,0,4379,4408,0,0,0,0,0
2021-02-23T02:00:00Z,22,13.680273,13.623,14.302,12.253136,12.228,12.275,22.545455,14,32,129.636364,122,138,7.097,7.097,7.097,0,0,0,4410,4436,0,0,0,0,0
2021-02-23T03:00:00Z,26,13.590423,13.541,13.681,12.297462,12.242,12.351,33.461538,15,50,146,130,163,7.097,7.097,7.097,0,0,0,4437,4466,0,0,0,0,0
2021-02-23T04:00:00Z,28,13.613321,13.494,14.231,12.346571,12.275,12.403,39.357143,20,64,141.357143,122,163,7.097,7.097,7.097,0,0,0,4467,4495,0,0,0,0,0
2021-02-23T05:00:00Z,28,13.519821,13.483,13.564,12.368964,12.318,12.412,36.285714,18,47,134.357143,113,155,7.097,7.097,7.097,0,0,0,4496,4525,0,0,0,0,0
2021-02-23T06:00:00Z,26,13.532577,13.494,14.149,12.385577,12.374,12.403,35.692308,31,41,124.346154,113,130,7.097,7.097,7.097,0,0,0,4526,4554,0,0,0,0,0
2021-02-23T07:00:00Z,25,13.5448,13.459,14.173,12.39752,12.365,12.427,36.32,24,47,118.96,88,138,7.097,7.097,7.097,0,0,0,4556,4582,0,0,0,0,0
2021-02-23T08:00:00Z,27,13.607852,13.529,14.208,12.30063,12.261,12.346,11.592593,4,20,84.62963,64,105,7.097,7.097,7.097,0,0,0,4584,4612,0,0,0,0,0
2021-02-23T09:00:00Z,28,13.339571,3.889,13.74,12.216857,12.176,12.261,-4.961538,-14,3,62.535714,47,80,7.097,7.097,7.097,0,0,0,4613,4641,0,0,0,0,0
2021-02-23T10:00:00Z,29,8.332103,2.344,13.787,12.16469,12.128,12.195,-9.962963,-22,-2,68,39,97,7.097,7.097,7.097,0,0,0,4642,4671,0,0,0,0,0
2021-02-23T11:00:00Z,29,1.386759,1.081,2.672,12.164759,12.152,12.176,0,0,0,104.655172,88,113,7.097,7.097,7.097,0,0,0,4672,4701,0,0,0,0,0
2021-02-23T12:00:00Z,26,1.112231,1.104,1.127,12.156423,12.147,12.162,-0.5,-2,0,100.538462,88,113,7.097,7.097,7.097,0,0,0,4702,4730,0,0,0,0,0
2021-02-23T13:00:00Z,18,1.127222,1.104,1.139,12.149278,12.143,12.157,-2,-2,-2,98.111111,88,105,7.097,7.097,7.097,0,0,0,4732,4757,0,0,0,0,0
2021-02-23T14:00:00Z,27,1.128074,1.116,1.162,12.145926,12.143,12.152,0,0,0,100.851852,97,105,7.097,7.097,7.097,0,0,0,4760,4788,0,0,0,0,0
2021-02-23T15:00:00Z,28,1.130536,1.116,1.151,12.14225,12.138,12.147,0,0,0,103.857143,97,113,7.097,7.097,7.097,0,0,0,4789,4817,0,0,0,0,0
2021-02-23T16:00:00Z,29,1.137759,1.127,1.151,12.139862,12.133,12.147,0,0,0,106.655172,97,113,7.097,7.097,7.097,0,0,0,4818,4847,0,0,0,0,0
2021-02-23T17:00:00Z,30,1.138567,1.127,1.162,12.1385,12.133,12.143,0,0,0,114.9,105,122,7.097,7.097,7.097,0,0,0,4848,4877,0,0,0,0,0
2021-02-23T18:00:00Z,30,1.149933,1.127,1.162,12.134667,12.128,12.143,0,0,0,112.966667,97,122,7.097,7.097,7.097,0,0,0,4878,4907,0,0,0,0,0
2021-02-23T19:00:00Z,29,1.15469,1.139,1.162,12.131828,12.124,12.138,0,0,0,114.103448,97,130,7.097,7.097,7.097,0,0,0,4908,4936,0,0,0,0,0
2021-02-23T20:00:00Z,30,1.162667,1.151,1.174,12.129,12.124,12.138,0,0,0,115.7,105,130,7.097,7.097,7.097,0,0,0,4937,4966,0,0,0,0,0
2021-02-23T21:00:00Z,30,1.166033,1.151,1.174,12.129033,12.124,12.133,0,0,0,118.666667,105,130,7.097,7.097,7.097,0,0,0,4967,4996,0,0,0,0,0
2021-02-23T22:00:00Z,30,1.216167,1.162,1.584,12.126433,12.124,12.133,0,0,0,121.733333,113,130,7.097,7.097,7.097,0,0,0,4997,5026,0,0,0,0,0
2021-02-23T23:00:00Z,30,5.3507,1.642,13.927,12.108133,11.987,12.128,-5.896552,-59,1,110.1,39,130,7.097,7.097,7.097,0,0,0,5027,5056,0,0,0,0,0
2021-02-24T00:00:00Z,30,9.278767,3.596,14.383,12.131967,12.114,12.157,2.482759,0,11,121.133333,105,138,7.097,7.097,7.097,0,0,0,5057,5086,0,0,0,0,0
2021-02-24T01:00:00Z,28,13.712,13.635,13.798,12.198893,12.124,12.266,19.892857,0,39,132.357143,105,155,7.097,7.097,7.097,0,0,0,5087,5115,0,0,0,0,0
2021-02-24T02:00:00Z,30,13.640133,13.553,14.29,12.275567,12.218,12.337,34.533333,15,51,139.766667,122,155,7.097,7.097,7.097,0,0,0,5116,5145,0,0,0,0,0
2021-02-24T03:00:00Z,29,13.563276,13.494,14.266,12.345966,12.28,12.403,44.068966,17,67,148.310345,122,171,7.097,7.097,7.097,0,0,0,5146,5174,0,0,0,0,0
2021-02-24T04:00:00Z,30,13.500533,13.412,13.88,12.402933,12.346,12.464,48.1,26,74,150.966667,122,180,7.097,7.097,7.097,0,0,0,5175,5204,0,0,0,0,0
2021-02-24T05:00:00Z,30,13.5009,13.354,14.114,12.401667,12.313,12.497,44,20,74,135.366667,105,163,7.097,7.097,7.097,0,0,0,5205,5234,0,0,0,0,0
2021-02-24T06:00:00Z,30,13.514033,13.424,13.564,12.373733,12.313,12.445,32.733333,9,54,122.233333,80,147,7.097,7.097,7.097,0,0,0,5235,5264,0,0,0,0,0
2021-02-24T07:00:00Z,29,13.534586,13.471,14.149,12.37769,12.327,12.417,34.034483,16,47,123.896552,88,147,7.097,7.097,7.097,0,0,0,5265,5293,0,0,0,0,0
2021-02-24T08:00:00Z,30,13.601133,13.541,13.67,12.2874,12.228,12.332,12.137931,-2,22,96.2,72,113,7.097,7.097,7.097,0,0,0,5294,5323,0,0,0,0,0
2021-02-24T09:00:00Z,30,13.486533,6.966,13.752,12.197533,12.157,12.251,-4.428571,-14,5,68.833333,47,88,7.097,7.097,7.097,0,0,0,5324,5353,0,0,0,0,0
2021-02-24T10:00:00Z,30,8.7717,2.426,13.798,12.147267,12.124,12.166,-10.896552,-21,-2,62.466667,39,88,7.097,7.097,7.097,0,0,0,5354,5383,0,0,0,0,0
2021-02-24T11:00:00Z,29,1.391069,1.116,2.461,12.146586,12.138,12.157,-2.15,-3,-2,85.724138,72,97,7.097,7.097,7.097,0,0,0,5384,5412,0,0,0,0,0
2021-02-24T12:00:00Z,30,1.151067,1.127,1.174,12.134833,12.128,12.143,-2,-2,-2,93.766667,80,105,7.097,7.097,7.097,0,0,0,5413,5442,0,0,0,0,0
2021-02-24T13:00:00Z,29,1.171517,1.162,1.186,12.127586,12.124,12.133,-2,-2,-2,97.586207,88,113,7.097,7.097,7.097,0,0,0,5443,5472,0,0,0,0,0
2021-02-24T14:00:00Z,30,1.181167,1.174,1.209,12.122833,12.114,12.128,-0.5,-2,0,99.3,88,105,7.097,7.097,7.097,0,0,0,5473,5502,0,0,0,0,0
2021-02-24T15:00:00Z,29,1.194966,1.186,1.209,12.119345,12.114,12.124,,,,100.206897,88,105,7.097,7.097,7.097,0,0,0,5503,5531,0,0,0,0,0
2021-02-24T16:00:00Z,28,1.194071,1.186,1.209,12.11775,12.114,12.124,-0.5,-2,0,103.535714,88,113,7.097,7.097,7.097,0,0,0,5533,5561,0,0,0,0,0
2021-02-24T17:00:00Z,30,1.197833,1.186,1.209,12.114333,12.105,12.119,0,0,0,104.933333,88,113,7.097,7.097,7.097,0,0,0,5562,5591,0,0,0,0,0
2021-02-24T18:00:00Z,30,1.2028,1.198,1.221,12.112,12.105,12.119,0,0,0,104.166667,88,113,7.097,7.097,7.097,0,0,0,5592,5621,0,0,0,0,0
2021-02-24T19:00:00Z,30,1.209933,1.198,1.233,12.109567,12.105,12.114,0,0,0,109.6,88,122,7.097,7.097,7.097,0,0,0,5622,5651,0,0,0,0,0
2021-02-24T20:00:00Z,30,1.2138,1.209,1.233,12.107167,12.1,12.11,0,0,0,111.5,97,122,7.097,7.097,7.097,0,0,0,5652,5681,0,0,0,0,0
2021-02-24T21:00:00Z,30,1.2226,1.209,1.233,12.104,12.095,12.11,0,0,0,112.2,97,122,7.097,7.097,7.097,0,0,0,5682,5711,0,0,0,0,0
2021-02-24T22:00:00Z,30,1.284967,1.209,1.724,12.102,12.095,12.105,0,0,0,116.666667,105,130,7.097,7.097,7.097,0,0,0,5712,5741,0,0,0,0,0
2021-02-24T23:00:00Z,28,9.314821,1.923,13.974,12.053679,11.963,12.105,-17.75,-60,0,89.071429,30,130,7.097,7.097,7.097,0,0,0,5742,5770,0,0,0,0,0
2021-02-25T00:00:00Z,30,13.595367,5.831,14.383,12.0939,12.067,12.114,-1.357143,-12,5,105.766667,88,122,7.097,7.097,7.097,0,0,0,5771,5800,0,0,0,0,0
2021-02-25T01:00:00Z,29,13.835552,13.752,14.419,12.132069,12.11,12.157,11.862069,5,18,116.517241,105,122,7.097,7.097,7.097,0,0,0,5801,5830,0,0,0,0,0
2021-02-25T02:00:00Z,30,13.759567,13.6,14.372,12.194067,12.143,12.294,26.133333,12,52,126.4,105,155,7.097,7.097,7.097,0,0,0,5831,5860,0,0,0,0,0
2021-02-25T03:00:00Z,30,13.595567,13.471,13.693,12.296433,12.214,12.412,44.266667,20,72,149.566667,122,180,7.097,7.097,7.097,0,0,0,5861,5890,0,0,0,0,0
2021-02-25T04:00:00Z,30,13.516033,13.412,13.6,12.374167,12.294,12.464,50.233333,27,82,146.666667,122,180,7.097,7.097,7.097,0,0,0,5891,5920,0,0,0,0,0
2021-02-25T05:00:00Z,29,13.576172,13.471,14.208,12.377414,12.318,12.422,44.275862,23,59,131.482759,105,147,7.097,7.097,7.097,0,0,0,5921,5949,0,0,0,0,0
2021-02-25T06:00:00Z,30,13.543,13.424,14.161,12.390867,12.332,12.45,44.466667,23,68,134.166667,105,155,7.097,7.097,7.097,0,0,0,5950,5979,0,0,0,0,0
2021-02-25T07:00:00Z,28,13.521393,13.447,13.611,12.366929,12.28,12.436,37.392857,9,67,121.321429,80,155,7.097,7.097,7.097,0,0,0,5980,6009,0,0,0,0,0
2021-02-25T08:00:00Z,30,13.6392,13.541,14.255,12.276,12.223,12.337,14.966667,5,28,83.733333,64,105,7.097,7.097,7.097,0,0,0,6010,6039,0,0,0,0,0
2021-02-25T09:00:00Z,30,13.447467,4.158,14.302,12.183733,12.138,12.237,-2.5,-13,8,55.633333,39,80,7.097,7.097,7.097,0,0,0,6040,6069,0,0,0,0,0
2021-02-25T10:00:00Z,29,9.438,2.461,13.834,12.124448,12.1,12.138,-12,-22,-3,54.448276,39,80,7.097,7.097,7.097,0,0,0,6070,6098,0,0,0,0,0
2021-02-25T11:00:00Z,28,1.456179,1.162,2.66,12.125357,12.114,12.133,-3.035714,-4,-2,71.357143,55,80,7.097,7.097,7.097,0,0,0,6099,6128,0,0,0,0,0
2021-02-25T12:00:00Z,30,1.195333,1.174,1.221,12.114633,12.105,12.119,-2.433333,-3,-2,79.5,64,97,7.097,7.097,7.097,0,0,0,6129,6158,0,0,0,0,0
2021-02-25T13:00:00Z,30,1.222633,1.198,1.244,12.105833,12.1,12.11,-2.137931,-3,-2,84.666667,72,97,7.097,7.097,7.097,0,0,0,6159,6188,0,0,0,0,0
2021-02-25T14:00:00Z,29,1.242241,1.221,1.268,12.099828,12.095,12.105,-2,-2,-2,92.896552,80,113,7.097,7.097,7.097,0,0,0,6189,6217,0,0,0,0,0
2021-02-25T15:00:00Z,30,1.264833,1.233,1.303,12.095667,12.091,12.105,-1.5,-2,0,95.9,80,105,7.097,7.097,7.097,0,0,0,6218,6247,0,0,0,0,0
2021-02-25T16:00:00Z,30,1.263767,1.244,1.291,12.092433,12.086,12.1,-0.5,-2,0,100.433333,88,122,7.097,7.097,7.097,0,0,0,6248,6277,0,0,0,0,0
2021-02-25T17:00:00Z,30,1.270467,1.256,1.303,12.0887,12.076,12.095,0,0,0,101.8,97,113,7.097,7.097,7.097,0,0,0,6278,6307,0,0,0,0,0
2021-02-25T18:00:00Z,30,1.282833,1.268,1.303,12.0827,12.072,12.091,0,0,0,99.833333,88,105,7.097,7.097,7.097,0,0,0,6308,6337,0,0,0,0,0
2021-02-25T19:00:00Z,30,1.2926,1.279,1.315,12.0788,12.067,12.086,0,0,0,99.733333,88,113,7.097,7.097,7.097,0,0,0,6338,6367,0,0,0,0,0
2021-02-25T20:00:00Z,30,1.3045,1.279,1.35,12.075333,12.067,12.086,-1,-2,0,101.2,88,113,7.097,7.097,7.097,0,0,0,6368,6397,0,0,0,0,0
2021-02-25T21:00:00Z,30,1.319,1.303,1.338,12.0716,12.062,12.081,0,0,0,101.5,88,113,7.097,7.097,7.097,0,0,0,6398,6427,0,0,0,0,0
2021-02-25T22:00:00Z,29,1.373103,1.291,1.841,12.069586,12.062,12.076,0,0,0,104.448276,97,113,7.097,7.097,7.097,0,0,0,6428,6456,0,0,0,0,0
2021-02-25T23:00:00Z,29,5.710103,1.946,14.009,12.042448,11.93,12.076,-15.421053,-60,0,90.068966,22,113,7.097,7.097,7.097,0,0,0,6457,6486,0,0,0,0,0
2021-02-26T00:00:00Z,30,7.945733,3.432,13.88,12.070667,12.058,12.105,4.181818,0,11,102.533333,88,113,7.097,7.097,7.097,0,0,0,6487,6516,0,0,0,0,0
2021-02-26T01:00:00Z,29,13.801276,13.705,13.869,12.128069,12.062,12.223,16.551724,0,40,112.758621,88,138,7.097,7.097,7.097,0,0,0,6517,6546,0,0,0,0,0
2021-02-26T02:00:00Z,30,13.6635,13.553,14.29,12.268033,12.185,12.332,43.7,25,59,138.866667,113,155,7.097,7.097,7.097,0,0,0,6547,6576,0,0,0,0,0
2021-02-26T03:00:00Z,29,13.507931,13.412,13.588,12.380586,12.299,12.464,59.103448,30,81,151.482759,122,171,7.097,7.097,7.097,0,0,0,6577,6605,0,0,0,0,0
2021-02-26T04:00:00Z,30,13.503267,13.424,13.576,12.3829,12.313,12.455,49.733333,27,77,137,97,163,7.097,7.097,7.097,0,0,0,6606,6635,0,0,0,0,0
2021-02-26T05:00:00Z,30,13.571367,13.518,14.255,12.3326,12.28,12.374,36,16,50,124.4,88,147,7.097,7.097,7.097,0,0,0,6636,6665,0,0,0,0,0
2021-02-26T06:00:00Z,30,13.598733,13.506,14.231,12.343833,12.299,12.393,38.233333,24,52,119.133333,97,138,7.097,7.097,7.097,0,0,0,6666,6695,0,0,0,0,0
2021-02-26T07:00:00Z,29,13.540207,13.506,13.6,12.346069,12.285,12.384,37.275862,20,48,111.413793,88,130,7.097,7.097,7.097,0,0,0,6696,6725,0,0,0,0,0
2021-02-26T08:00:00Z,29,13.657931,13.6,13.717,12.243724,12.199,12.285,12.517241,5,23,72.517241,47,97,7.097,7.097,7.097,0,0,0,6726,6754,0,0,0,0,0
2021-02-26T09:00:00Z,30,13.764433,13.705,13.822,12.153867,12.119,12.199,-5.074074,-14,4,50.533333,30,64,7.097,7.097,7.097,0,0,0,6755,6784,0,0,0,0,0
2021-02-26T10:00:00Z,30,9.7639,2.555,13.869,12.103667,12.076,12.119,-13.9,-24,-4,38.8,22,55,7.097,7.097,7.097,0,0,0,6785,6814,0,0,0,0,0
2021-02-26T11:00:00Z,30,1.483033,1.186,2.824,12.111667,12.1,12.119,-3.766667,-4,-3,65.5,55,72,7.097,7.097,7.097,0,0,0,6815,6844,0,0,0,0,0
2021-02-26T12:00:00Z,27,1.23437,1.209,1.268,12.098333,12.091,12.105,-3.333333,-4,-3,68.444444,64,72,7.097,7.097,7.097,0,0,0,6845,6873,0,0,0,0,0
2021-02-26T13:00:00Z,29,1.282241,1.244,1.326,12.084552,12.076,12.095,-2.931034,-4,-2,74.206897,64,88,7.097,7.097,7.097,0,0,0,6874,6903,0,0,0,0,0
2021-02-26T14:00:00Z,29,1.32231,1.303,1.35,12.076138,12.067,12.086,-2.689655,-3,-2,75.827586,55,88,7.097,7.097,7.097,0,0,0,6904,6932,0,0,0,0,0
2021-02-26T15:00:00Z,30,1.324833,1.303,1.35,12.070333,12.062,12.076,-2.533333,-3,-2,79.733333,64,88,7.097,7.097,7.097,0,0,0,6933,6962,0,0,0,0,0
2021-02-26T16:00:00Z,29,1.337931,1.315,1.373,12.065345,12.053,12.072,-2.172414,-3,-2,83.413793,64,97,7.097,7.097,7.097,0,0,0,6963,6992,0,0,0,0,0
2021-02-26T17:00:00Z,30,1.349267,1.326,1.373,12.061133,12.053,12.067,-2.133333,-3,-2,86.8,72,97,7.097,7.097,7.097,0,0,0,6993,7022,0,0,0,0,0
2021-02-26T18:00:00Z,30,1.361333,1.338,1.385,12.0573,12.048,12.062,-2.033333,-3,-2,86.266667,72,97,7.097,7.097,7.097,0,0,0,7023,7052,0,0,0,0,0
2021-02-26T19:00:00Z,29,1.37669,1.361,1.408,12.053345,12.043,12.058,-2.035714,-3,-2,86.482759,72,97,7.097,7.097,7.097,0,0,0,7053,7081,0,0,0,0,0
2021-02-26T20:00:00Z,30,1.3867,1.373,1.408,12.050333,12.043,12.058,-2,-2,-2,88.433333,80,105,7.097,7.097,7.097,0,0,0,7082,7111,0,0,0,0,0
2021-02-26T21:00:00Z,30,1.397767,1.373,1.408,12.047167,12.043,12.058,-2,-2,-2,89.666667,72,97,7.097,7.097,7.097,0,0,0,7112,7141,0,0,0,0,0
2021-02-26T22:00:00Z,30,1.418533,1.396,1.537,12.0435,12.039,12.048,-2.055556,-3,-2,91.366667,80,105,7.097,7.097,7.097,0,0,0,7142,7171,0,0,0,0,0
2021-02-26T23:00:00Z,30,5.203833,1.595,15.904,12.026667,11.901,12.048,-12.058824,-60,-2,81.8,14,97,7.097,7.097,7.097,0,0,0,7172,7201,0,0,0,0,0
2021-02-27T00:00:00Z,28,8.965464,3.491,13.892,12.050393,12.034,12.091,1.833333,-3,13,92.178571,80,113,7.097,7.097,7.097,0,0,0,7202,7231,0,0,0,0,0
2021-02-27T01:00:00Z,29,13.851759,13.728,14.138,12.091103,12.043,12.181,13.714286,1,38,113.103448,97,147,7.097,7.097,7.097,0,0,0,7232,7260,0,0,0,0,0
2021-02-27T02:00:00Z,30,13.7548,13.553,14.395,12.2041,12.081,12.332,37.666667,4,69,141.333333,97,180,7.097,7.097,7.097,0,0,0,7261,7290,0,0,0,0,0
2021-02-27T03:00:00Z,30,13.5824,13.529,14.243,12.327033,12.275,12.365,52.466667,33,68,155.733333,122,180,7.097,7.097,7.097,0,0,0,7291,7320,0,0,0,0,0
2021-02-27T04:00:00Z,30,13.601833,13.529,14.266,12.3279,12.27,12.36,44.366667,26,55,139.5,113,155,7.097,7.097,7.097,0,0,0,7321,7350,0,0,0,0,0
2021-02-27T05:00:00Z,30,13.544233,13.483,13.623,12.344767,12.27,12.417,44.633333,23,69,131.7,97,155,7.097,7.097,7.097,0,0,0,7351,7380,0,0,0,0,0
2021-02-27T06:00:00Z,30,13.594833,13.518,14.243,12.317733,12.261,12.389,38.7,21,58,130,88,155,7.097,7.097,7.097,0,0,0,7381,7410,0,0,0,0,0
2021-02-27T07:00:00Z,30,13.597533,13.506,14.196,12.311767,12.261,12.393,34.966667,19,66,120.366667,88,147,7.097,7.097,7.097,0,0,0,7411,7440,0,0,0,0,0
2021-02-27T08:00:00Z,29,13.709276,13.611,14.325,12.219793,12.171,12.28,13.137931,4,24,81.482759,64,105,7.097,7.097,7.097,0,0,0,7441,7469,0,0,0,0,0
2021-02-27T09:00:00Z,30,13.4966,4.743,13.845,12.125933,12.086,12.171,-5.464286,-15,4,52.533333,30,72,7.097,7.097,7.097,0,0,0,7470,7499,0,0,0,0,0
2021-02-27T10:00:00Z,30,10.071933,2.59,13.892,12.0764,12.048,12.1,-13.833333,-25,-3,48.9,22,88,7.097,7.097,7.097,0,0,0,7500,7529,0,0,0,0,0
2021-02-27T11:00:00Z,30,1.569133,1.279,2.882,12.080767,12.072,12.091,-3.166667,-4,-3,70.933333,64,80,7.097,7.097,7.097,0,0,0,7530,7559,0,0,0,0,0
2021-02-27T12:00:00Z,30,1.341067,1.291,1.373,12.0665,12.058,12.081,-2.761905,-4,-2,82.366667,64,97,7.097,7.097,7.097,0,0,0,7560,7589,0,0,0,0,0
2021-02-27T13:00:00Z,30,1.4066,1.35,1.432,12.054533,12.048,12.067,-2,-2,-2,92.233333,80,105,7.097,7.097,7.097,0,0,0,7590,7619,0,0,0,0,0
2021-02-27T14:00:00Z,30,1.4139,1.385,1.443,12.0482,12.039,12.058,-2.037037,-3,-2,89.7,80,97,7.097,7.097,7.097,0,0,0,7620,7649,0,0,0,0,0
2021-02-27T15:00:00Z,30,1.4243,1.408,1.443,12.042667,12.034,12.048,-2.148148,-3,-2,87.333333,80,97,7.097,7.097,7.097,0,0,0,7650,7679,0,0,0,0,0
2021-02-27T16:00:00Z,29,1.432655,1.42,1.443,12.038172,12.029,12.043,-2.172414,-3,-2,87.586207,72,97,7.097,7.097,7.097,0,0,0,7680,7708,0,0,0,0,0
2021-02-27T17:00:00Z,30,1.435167,1.42,1.443,12.036167,12.029,12.039,-1.944444,-3,0,94.733333,80,113,7.097,7.097,7.097,0,0,0,7709,7738,0,0,0,0,0
2021-02-27T18:00:00Z,29,1.436897,1.42,1.455,12.030724,12.024,12.039,0,0,0,105.62069,88,122,7.097,7.097,7.097,0,0,0,7739,7768,0,0,0,0,0
2021-02-27T19:00:00Z,30,1.445967,1.432,1.467,12.0271,12.02,12.034,-1,-2,0,102,88,113,7.097,7.097,7.097,0,0,0,7769,7798,0,0,0,0,0
2021-02-27T20:00:00Z,29,1.45169,1.443,1.467,12.025172,12.02,12.029,0,0,0,103.586207,88,113,7.097,7.097,7.097,0,0,0,7799,7828,0,0,0,0,0
2021-02-27T21:00:00Z,30,1.463667,1.443,1.478,12.020867,12.015,12.029,0,0,0,104.7,88,113,7.097,7.097,7.097,0,0,0,7829,7858,0,0,0,0,0
2021-02-27T22:00:00Z,29,1.509138,1.455,1.9,12.019966,12.015,12.024,0,0,0,104.172414,97,113,7.097,7.097,7.097,0,0,0,7859,7887,0,0,0,0,0
2021-02-27T23:00:00Z,30,6.184867,2.028,14.079,11.984033,11.873,12.024,-30.357143,-61,0,84.166667,22,113,7.097,7.097,7.097,0,0,0,7888,7917,0,0,0,0,0
2021-02-28T00:00:00Z,30,10.241533,3.374,13.927,12.019133,11.991,12.058,-0.157895,-7,12,101.433333,88,122,7.097,7.097,7.097,0,0,0,7918,7947,0,0,0,0,0
2021-02-28T01:00:00Z,30,13.900567,13.81,14.5,12.061233,12.024,12.119,10.733333,-6,28,108.3,88,138,7.097,7.097,7.097,0,0,0,7948,7977,0,0,0,0,0
2021-02-28T02:00:00Z,30,13.8562,13.728,14.512,12.1151,12.053,12.185,22.3,9,47,111.333333,88,138,7.097,7.097,7.097,0,0,0,7978,8007,0,0,0,0,0
2021-02-28T03:00:00Z,30,13.750833,13.611,14.325,12.191667,12.1,12.285,35.133333,3,70,130.3,72,171,7.097,7.097,7.097,0,0,0,8008,8037,0,0,0,0,0
2021-02-28T04:00:00Z,29,13.605966,13.518,13.705,12.290759,12.199,12.389,47.931034,19,84,156.310345,113,213,7.097,7.097,7.097,0,0,0,8038,8067,0,0,0,0,0
2021-02-28T05:00:00Z,30,13.625633,13.494,14.325,12.293667,12.181,12.417,45.733333,16,80,138.733333,105,171,7.097,7.097,7.097,0,0,0,8068,8097,0,0,0,0,0
2021-02-28T06:00:00Z,29,13.700414,13.541,14.325,12.250172,12.166,12.351,28.931034,0,62,117.068966,64,163,7.097,7.097,7.097,0,0,0,8098,8126,0,0,0,0,0
2021-02-28T07:00:00Z,29,13.634276,13.447,14.278,12.29031,12.162,12.441,39.172414,1,92,119.103448,64,171,7.097,7.097,7.097,0,0,0,8127,8156,0,0,0,0,0
2021-02-28T08:00:00Z,30,13.776567,13.693,13.857,12.143967,12.091,12.223,3.344828,-9,15,75.933333,47,105,7.097,7.097,7.097,0,0,0,8157,8186,0,0,0,0,0
2021-02-28T09:00:00Z,30,13.8717,13.81,14.395,12.083767,12.048,12.11,-4.5,-12,4,55.066667,39,72,7.097,7.097,7.097,0,0,0,8187,8216,0,0,0,0,0
2021-02-28T10:00:00Z,29,9.344276,2.695,13.927,12.032655,12.001,12.058,-13.034483,-25,-4,42.862069,22,64,7.097,7.097,7.097,0,0,0,8217,8246,0,0,0,0,0
2021-02-28T11:00:00Z,29,1.678207,1.432,2.765,12.032586,12.024,12.043,-4.034483,-5,-3,61.655172,55,72,7.097,7.097,7.097,0,0,0,8247,8275,0,0,0,0,0
2021-02-28T12:00:00Z,30,1.4486,1.443,1.467,12.022533,12.015,12.029,-3.766667,-5,-3,68.466667,55,80,7.097,7.097,7.097,0,0,0,8276,8305,0,0,0,0,0
2021-02-28T13:00:00Z,30,1.4721,1.455,1.49,12.018067,12.01,12.024,-3.125,-4,-2,81.6,64,105,7.097,7.097,7.097,0,0,0,8306,8335,0,0,0,0,0
2021-02-28T14:00:00Z,30,1.4767,1.467,1.502,12.0145,12.005,12.02,-2,-2,-2,97.233333,88,105,7.097,7.097,7.097,0,0,0,8336,8365,0,0,0,0,0
2021-02-28T15:00:00Z,30,1.4872,1.478,1.502,12.009033,12.001,12.015,-2.038462,-3,-2,91.433333,72,105,7.097,7.097,7.097,0,0,0,8366,8395,0,0,0,0,0
2021-02-28T16:00:00Z,29,1.497414,1.478,1.513,12.008172,12.001,12.015,-1,-2,0,106.137931,88,122,7.097,7.097,7.097,0,0,0,8396,8425,0,0,0,0,0
2021-02-28T17:00:00Z,29,1.506931,1.49,1.525,12.001724,11.991,12.01,-2,-2,-2,98.241379,88,105,7.097,7.097,7.097,0,0,0,8426,8454,0,0,0,0,0
2021-02-28T18:00:00Z,30,1.507567,1.49,1.525,11.9981,11.991,12.005,-2,-2,-2,96.266667,80,105,7.097,7.097,7.097,0,0,0,8455,8484,0,0,0,0,0
2021-02-28T19:00:00Z,29,1.512759,1.502,1.525,11.996138,11.991,12.005,-2,-2,-2,97.655172,88,105,7.097,7.097,7.097,0,0,0,8485,8514,0,0,0,0,0
2021-02-28T20:00:00Z,30,1.5194,1.513,1.537,11.9923,11.987,12.001,-2,-2,-2,98.433333,80,105,7.097,7.097,7.097,0,0,0,8515,8544,0,0,0,0,0
2021-02-28T21:00:00Z,30,1.5262,1.513,1.537,11.989533,11.982,11.996,-1.5,-2,0,101.333333,88,113,7.097,7.097,7.097,0,0,0,8545,8574,0,0,0,0,0
2021-02-28T22:00:00Z,30,1.586367,1.513,2.157,11.988733,11.982,11.996,-2,-2,-2,102.033333,88,113,7.097,7.097,7.097,0,0,0,8575,8604,0,0,0,0,0
2021-02-28T23:00:00Z,30,10.269633,2.332,14.103,11.9437,11.845,11.991,-30.388889,-63,-8,74.133333,14,113,7.097,7.097,7.097,0,0,0,8605,8634,0,0,0,0,0
2021-03-01T00:00:00Z,28,13.946929,13.354,14.536,11.983036,11.963,12.001,-1.64,-9,2,87.714286,72,105,7.097,7.097,7.097,0,0,0,8635,8663,0,0,0,0,0
2021-03-01T01:00:00Z,30,13.919133,13.845,14.044,12.017867,11.982,12.1,8.333333,0,31,84.5,72,105,7.097,7.097,7.097,0,0,0,8664,8693,0,0,0,0,0
2021-03-01T02:00:00Z,30,13.715033,13.6,14.465,12.2266,12.114,12.294,50.5,33,64,120.566667,105,138,7.097,7.097,7.097,0,0,0,8694,8723,0,0,0,0,0
2021-03-01T03:00:00Z,22,13.732409,13.576,14.302,12.240955,12.166,12.318,36.227273,15,60,93.272727,55,122,7.097,7.097,7.097,0,0,0,8724,8752,0,0,0,0,0
2021-03-01T04:00:00Z,30,13.7338,13.693,13.775,12.184767,12.152,12.218,23.833333,15,37,76.766667,55,88,7.097,7.097,7.097,0,0,0,8753,8782,0,0,0,0,0
2021-03-01T05:00:00Z,29,13.716172,13.541,13.822,12.202793,12.114,12.36,28.964286,-3,80,73.862069,30,122,7.097,7.097,7.097,0,0,0,8783,8811,0,0,0,0,0
2021-03-01T06:00:00Z,30,13.6373,13.541,14.278,12.307,12.199,12.365,49,15,73,90.3,47,122,7.097,7.097,7.097,0,0,0,8812,8841,0,0,0,0,0
2021-03-01T07:00:00Z,30,13.785167,13.623,14.372,12.198733,12.147,12.28,20.566667,5,45,50.066667,30,80,7.097,7.097,7.097,0,0,0,8842,8871,0,0,0,0,0
2021-03-01T08:00:00Z,29,13.849379,13.775,14.43,12.110655,12.072,12.143,3.259259,-3,11,28.310345,14,39,7.097,7.097,7.097,0,0,0,8872,8901,0,0,0,0,0
2021-03-01T09:00:00Z,30,13.5192,8.054,13.915,12.0472,12.02,12.076,-8.655172,-16,-2,18.166667,5,30,7.097,7.097,7.097,0,0,0,8902,8931,0,0,0,0,0
2021-03-01T10:00:00Z,30,9.068133,2.742,13.951,12.006433,11.982,12.024,-13.533333,-25,-4,27,-2,64,7.097,7.097,7.097,0,0,0,8932,8961,0,0,0,0,0
2021-03-01T11:00:00Z,30,1.773933,1.49,2.988,12.005,11.991,12.02,-5.033333,-6,-4,55.766667,47,64,7.097,7.097,7.097,0,0,0,8962,8991,0,0,0,0,0
2021-03-01T12:00:00Z,27,1.515778,1.502,1.537,11.993,11.982,12.005,-4.814815,-6,-4,55.888889,47,64,7.097,7.097,7.097,0,0,0,8992,9020,0,0,0,0,0
2021-03-01T13:00:00Z,30,1.5306,1.525,1.537,11.985067,11.977,11.991,-4.2,-5,-4,63.5,55,72,7.097,7.097,7.097,0,0,0,9021,9050,0,0,0,0,0
2021-03-01T14:00:00Z,30,1.545233,1.525,1.56,11.9815,11.972,11.987,-3.433333,-4,-3,71.466667,64,80,7.097,7.097,7.097,0,0,0,9051,9080,0,0,0,0,0
2021-03-01T15:00:00Z,29,1.558241,1.549,1.572,11.976655,11.972,11.982,-3.172414,-4,-2,74.758621,64,88,7.097,7.097,7.097,0,0,0,9081,9110,0,0,0,0,0
2021-03-01T16:00:00Z,30,1.557167,1.549,1.572,11.974367,11.968,11.977,-2.7,-4,-2,80,64,88,7.097,7.097,7.097,0,0,0,9111,9140,0,0,0,0,0
2021-03-01T17:00:00Z,28,1.563,1.56,1.572,11.971071,11.963,11.977,-2.642857,-3,-2,82.285714,72,88,7.097,7.097,7.097,0,0,0,9141,9169,0,0,0,0,0
2021-03-01T18:00:00Z,30,1.5688,1.56,1.584,11.968833,11.963,11.977,-2.266667,-4,-2,84.6,64,97,7.097,7.097,7.097,0,0,0,9170,9199,0,0,0,0,0
2021-03-01T19:00:00Z,30,1.5736,1.56,1.584,11.965433,11.958,11.972,-2.068966,-3,-2,86.5,72,97,7.097,7.097,7.097,0,0,0,9200,9229,0,0,0,0,0
2021-03-01T20:00:00Z,30,1.581133,1.56,1.595,11.963,11.958,11.968,-2.038462,-3,-2,88.533333,72,97,7.097,7.097,7.097,0,0,0,9230,9259,0,0,0,0,0
2021-03-01T21:00:00Z,29,1.591241,1.584,1.607,11.960069,11.953,11.963,-2,-2,-2,85.827586,72,97,7.097,7.097,7.097,0,0,0,9260,9289,0,0,0,0,0
2021-03-01T22:00:00Z,30,1.6979,1.584,2.66,11.957,11.953,11.963,-2,-2,-2,91.033333,80,105,7.097,7.097,7.097,0,0,0,9290,9319,0,0,0,0,0
2021-03-01T23:00:00Z,29,11.227241,2.871,14.138,11.906172,11.811,11.958,-22,-62,0,63.344828,5,97,7.097,7.097,7.097,0,0,0,9320,9348,0,0,0,0,0
2021-03-02T00:00:00Z,30,13.986033,13.939,14.032,11.957,11.916,11.991,-0.7,-12,11,84.3,55,97,7.097,7.097,7.097,0,0,0,9349,9378,0,0,0,0,0
2021-03-02T01:00:00Z,30,13.8923,13.822,13.939,12.048333,11.996,12.119,21.3,8,42,110.8,80,147,7.097,7.097,7.097,0,0,0,9379,9408,0,0,0,0,0
2021-03-02T02:00:00Z,29,13.835552,13.775,14.454,12.121345,12.058,12.147,32.931034,23,41,120.827586,105,138,7.097,7.097,7.097,0,0,0,9409,9438,0,0,0,0,0
2021-03-02T03:00:00Z,30,13.775133,13.67,14.419,12.171267,12.128,12.251,37.133333,23,54,114.2,88,138,7.097,7.097,7.097,0,0,0,9439,9468,0,0,0,0,0
2021-03-02T04:00:00Z,30,13.777367,13.67,14.372,12.186233,12.124,12.242,33.633333,12,53,106.633333,72,138,7.097,7.097,7.097,0,0,0,9469,9498,0,0,0,0,0
2021-03-02T05:00:00Z,28,13.754536,13.658,14.395,12.210143,12.143,12.256,36.5,14,50,104.75,64,130,7.097,7.097,7.097,0,0,0,9499,9527,0,0,0,0,0
2021-03-02T06:00:00Z,30,13.708333,13.658,13.74,12.209233,12.176,12.256,34.166667,24,50,97.2,80,130,7.097,7.097,7.097,0,0,0,9528,9557,0,0,0,0,0
2021-03-02T07:00:00Z,30,13.782467,13.681,14.419,12.1606,12.114,12.242,21.733333,5,48,74.966667,55,122,7.097,7.097,7.097,0,0,0,9558,9587,0,0,0,0,0
2021-03-02T08:00:00Z,30,13.883467,13.787,14.5,12.077567,12.043,12.138,4.413793,0,16,44.866667,30,72,7.097,7.097,7.097,0,0,0,9588,9617,0,0,0,0,0
2021-03-02T09:00:00Z,30,13.922,13.892,13.962,12.0086,11.972,12.039,-7.821429,-16,-2,30.833333,22,47,7.097,7.097,7.097,0,0,0,9618,9647,0,0,0,0,0
2021-03-02T10:00:00Z,30,10.5634,2.859,14.021,11.960533,11.935,11.977,-13.166667,-24,-3,48.133333,22,80,7.097,7.097,7.097,0,0,0,9648,9677,0,0,0,0,0
2021-03-02T11:00:00Z,28,1.784643,1.572,2.812,11.966286,11.958,11.972,-2.714286,-4,-2,76.857143,64,88,7.097,7.097,7.097,0,0,0,9678,9706,0,0,0,0,0
2021-03-02T12:00:00Z,30,1.601533,1.584,1.619,11.957667,11.953,11.963,-2.034483,-3,-2,89.9,80,97,7.097,7.097,7.097,0,0,0,9707,9736,0,0,0,0,0
2021-03-02T13:00:00Z,30,1.6183,1.607,1.63,11.950567,11.944,11.958,-2.533333,-3,-2,78.933333,64,88,7.097,7.097,7.097,0,0,0,9737,9766,0,0,0,0,0
2021-03-02T14:00:00Z,29,1.621897,1.595,1.642,11.945379,11.935,11.953,-3,-4,-2,75.862069,64,88,7.097,7.097,7.097,0,0,0,9767,9796,0,0,0,0,0
2021-03-02T15:00:00Z,26,1.631962,1.619,1.642,11.940654,11.93,11.949,-2.961538,-3,-2,75.692308,64,88,7.097,7.097,7.097,0,0,0,9797,9825,0,0,0,0,0
2021-03-02T16:00:00Z,29,1.633414,1.619,1.654,11.939586,11.93,11.944,-2.827586,-3,-2,79.172414,64,88,7.097,7.097,7.097,0,0,0,9826,9855,0,0,0,0,0
2021-03-02T17:00:00Z,30,1.6436,1.63,1.654,11.936167,11.93,11.944,-2.633333,-4,-2,79.5,64,97,7.097,7.097,7.097,0,0,0,9856,9885,0,0,0,0,0
2021-03-02T18:00:00Z,30,1.6492,1.63,1.666,11.9346,11.925,11.944,-2.3,-3,0,84.3,80,97,7.097,7.097,7.097,0,0,0,9886,9915,0,0,0,0,0
2021-03-02T19:00:00Z,26,1.645231,1.63,1.666,11.936077,11.93,11.944,0,0,0,75.692308,64,88,7.097,7.097,7.097,0,0,0,9916,9944,0,0,0,0,0
2021-03-02T20:00:00Z,29,1.654828,1.642,1.666,11.931655,11.925,11.939,-0.181818,-2,0,73.655172,64,88,7.097,7.097,7.097,0,0,0,9945,9974,0,0,0,0,0
2021-03-02T21:00:00Z,30,1.6595,1.642,1.689,11.930167,11.92,11.935,0,0,0,77.866667,72,88,7.097,7.097,7.097,0,0,0,9975,10004,0,0,0,0,0
2021-03-02T22:00:00Z,30,1.763967,1.654,2.683,11.9265,11.92,11.935,0,0,0,82.466667,64,97,7.097,7.097,7.097,0,0,0,10005,10034,0,0,0,0,0
2021-03-02T23:00:00Z,30,10.752567,2.894,14.185,11.878833,11.783,11.93,-17.448276,-62,0,62.633333,22,88,7.097,7.097,7.097,0,0,0,10035,10064,0,0,0,0,0
2021-03-03T00:00:00Z,29,14.072345,13.997,14.641,11.926621,11.892,11.953,1.517241,-8,9,89.551724,55,113,7.097,7.097,7.097,0,0,0,10065,10094,0,0,0,0,0
2021-03-03T01:00:00Z,29,13.994172,13.974,14.021,11.956552,11.935,11.968,10,4,13,95.275862,80,105,7.097,7.097,7.097,0,0,0,10095,10123,0,0,0,0,0
2021-03-03T02:00:00Z,30,13.950333,13.927,14.009,11.988767,11.949,12.01,16.633333,1,23,90.266667,72,105,7.097,7.097,7.097,0,0,0,10124,10153,0,0,0,0,0
2021-03-03T03:00:00Z,30,13.957633,13.927,14.594,12.001633,11.987,12.015,17.266667,15,19,79.466667,72,88,7.097,7.097,7.097,0,0,0,10154,10183,0,0,0,0,0
2021-03-03T04:00:00Z,30,13.915767,13.857,13.939,12.024567,11.996,12.1,20.2,15,39,71.7,55,88,7.097,7.097,7.097,0,0,0,10184,10213,0,0,0,0,0
2021-03-03T05:00:00Z,29,13.87031,13.798,14.465,12.099759,12.024,12.143,28.827586,1,54,71.103448,39,97,7.097,7.097,7.097,0,0,0,10214,10242,0,0,0,0,0
2021-03-03T06:00:00Z,30,13.854567,13.752,14.477,12.1087,12.015,12.181,29.310345,5,58,64.566667,39,105,7.097,7.097,7.097,0,0,0,10243,10272,0,0,0,0,0
2021-03-03T07:00:00Z,30,13.8356,13.775,13.88,12.107767,12.072,12.157,22.733333,11,42,54.2,39,72,7.097,7.097,7.097,0,0,0,10273,10302,0,0,0,0,0
2021-03-03T08:00:00Z,30,13.9006,12.348,14.536,12.053667,11.996,12.133,10.758621,-5,38,39.133333,22,64,7.097,7.097,7.097,0,0,0,10303,10332,0,0,0,0,0
2021-03-03T09:00:00Z,30,13.615967,4.357,14.009,12.002733,11.944,12.058,3.107143,-12,20,31.4,14,55,7.097,7.097,7.097,0,0,0,10333,10362,0,0,0,0,0
2021-03-03T10:00:00Z,30,11.015767,2.988,14.091,11.906233,11.868,11.944,-16.8,-59,-6,21,-2,47,7.097,7.097,7.097,0,0,0,10363,10392,0,0,0,0,0
2021-03-03T11:00:00Z,28,1.950143,1.689,3.151,11.913214,11.906,11.92,-5.892857,-7,-5,46.107143,30,55,7.097,7.097,7.097,0,0,0,10393,10421,0,0,0,0,0
2021-03-03T12:00:00Z,30,1.691367,1.677,1.712,11.9138,11.906,11.92,-3.166667,-4,-3,44.566667,30,55,7.097,7.097,7.097,0,0,0,10422,10451,0,0,0,0,0
2021-03-03T13:00:00Z,30,1.696133,1.677,1.712,11.910633,11.906,11.92,-2.6,-3,-2,47.533333,39,55,7.097,7.097,7.097,0,0,0,10452,10481,0,0,0,0,0
2021-03-03T14:00:00Z,29,1.70869,1.701,1.724,11.905828,11.901,11.911,-2.482759,-3,-2,49.758621,39,55,7.097,7.097,7.097,0,0,0,10482,10510,0,0,0,0,0
2021-03-03T15:00:00Z,29,1.721931,1.712,1.736,11.902379,11.897,11.906,-2.206897,-3,-2,50.655172,39,64,7.097,7.097,7.097,0,0,0,10511,10539,0,0,0,0,0
2021-03-03T16:00:00Z,30,1.722067,1.701,1.736,11.900167,11.892,11.906,-2.166667,-3,-2,55.133333,39,72,7.097,7.097,7.097,0,0,0,10541,10570,0,0,0,0,0
2021-03-03T17:00:00Z,30,1.7256,1.712,1.736,11.897667,11.892,11.901,-2,-2,-2,59.766667,47,72,7.097,7.097,7.097,0,0,0,10571,10600,0,0,0,0,0
2021-03-03T18:00:00Z,30,1.734233,1.724,1.747,11.895267,11.892,11.901,-2,-2,-2,62.966667,55,72,7.097,7.097,7.097,0,0,0,10601,10630,0,0,0,0,0
2021-03-03T19:00:00Z,30,1.739667,1.724,1.759,11.8928,11.882,11.901,-2,-2,-2,66.266667,55,80,7.097,7.097,7.097,0,0,0,10631,10660,0,0,0,0,0
2021-03-03T20:00:00Z,28,1.765857,1.747,1.771,11.892893,11.887,11.897,0,0,0,71.964286,55,80,7.097,7.097,7.097,0,0,0,10661,10689,0,0,0,0,0
2021-03-03T21:00:00Z,30,1.775367,1.759,1.794,11.888833,11.882,11.897,0,0,0,75.466667,64,88,7.097,7.097,7.097,0,0,0,10690,10719,0,0,0,0,0
2021-03-03T22:00:00Z,30,1.855633,1.771,2.414,11.883,11.878,11.892,-0.142857,-2,0,73.566667,55,88,7.097,7.097,7.097,0,0,0,10720,10749,0,0,0,0,0
2021-03-03T23:00:00Z,29,11.027172,2.59,14.231,11.836517,11.736,11.887,-18.576923,-59,0,53.758621,5,88,7.097,7.097,7.097,0,0,0,10750,10779,0,0,0,0,0
2021-03-04T00:00:00Z,30,14.0844,13.997,14.653,11.8991,11.859,11.953,4.142857,-10,18,69.1,47,88,7.097,7.097,7.097,0,0,0,10780,10809,0,0,0,0,0
2021-03-04T01:00:00Z,30,13.965433,13.904,14.606,11.996433,11.963,12.034,22.866667,16,32,86.3,72,105,7.097,7.097,7.097,0,0,0,10810,10839,0,0,0,0,0
2021-03-04T02:00:00Z,30,13.945433,13.904,14.606,12.018433,12.001,12.043,22.233333,19,27,79.2,72,88,7.097,7.097,7.097,0,0,0,10840,10869,0,0,0,0,0
2021-03-04T03:00:00Z,29,13.897345,13.892,13.915,12.051931,12.043,12.062,25.103448,22,28,74.758621,64,88,7.097,7.097,7.097,0,0,0,10870,10898,0,0,0,0,0
2021-03-04T04:00:00Z,30,13.949633,13.869,14.536,12.066033,12.053,12.091,24.566667,20,31,68.1,47,80,7.097,7.097,7.097,0,0,0,10899,10928,0,0,0,0,0
2021-03-04T05:00:00Z,30,13.919133,13.892,14.454,12.0452,12.039,12.053,18.2,17,21,51.3,39,64,7.097,7.097,7.097,0,0,0,10929,10958,0,0,0,0,0
2021-03-04T06:00:00Z,29,13.908931,13.857,14.536,12.060655,12.048,12.1,20.793103,16,30,49.793103,39,64,7.097,7.097,7.097,0,0,0,10959,10988,0,0,0,0,0
2021-03-04T07:00:00Z,30,13.9003,13.869,13.927,12.0452,12.01,12.086,15.9,7,30,38.233333,22,47,7.097,7.097,7.097,0,0,0,10989,11018,0,0,0,0,0
2021-03-04T08:00:00Z,28,13.988643,13.927,14.594,11.97775,11.949,12.015,3.111111,0,9,19.964286,5,39,7.097,7.097,7.097,0,0,0,11019,11047,0,0,0,0,0
2021-03-04T09:00:00Z,30,14.0515,13.997,14.091,11.9067,11.868,11.949,-8.892857,-14,-2,11.033333,-2,22,7.097,7.097,7.097,0,0,0,11048,11077,0,0,0,0,0
2021-03-04T10:00:00Z,30,11.495133,3.058,14.138,11.851867,11.821,11.878,-14.066667,-22,-2,36.7,14,80,7.097,7.097,7.097,0,0,0,11078,11107,0,0,0,0,0
2021-03-04T11:00:00Z,30,2.059233,1.759,3.526,11.875733,11.868,11.882,-1.833333,-3,0,71.633333,55,88,7.097,7.097,7.097,0,0,0,11108,11137,0,0,0,0,0
2021-03-04T12:00:00Z,30,1.787767,1.783,1.794,11.871033,11.864,11.873,-2.034483,-3,-2,58.933333,47,64,7.097,7.097,7.097,0,0,0,11138,11167,0,0,0,0,0
2021-03-04T13:00:00Z,29,1.795069,1.783,1.818,11.86869,11.864,11.873,-2.130435,-3,-2,60.862069,47,72,7.097,7.097,7.097,0,0,0,11168,11196,0,0,0,0,0
2021-03-04T14:00:00Z,29,1.812483,1.794,1.829,11.866138,11.859,11.868,0,0,0,84.862069,72,97,7.097,7.097,7.097,0,0,0,11198,11226,0,0,0,0,0
2021-03-04T15:00:00Z,30,1.811933,1.794,1.829,11.863633,11.854,11.868,0,0,0,77.333333,64,88,7.097,7.097,7.097,0,0,0,11227,11256,0,0,0,0,0
2021-03-04T16:00:00Z,30,1.814267,1.806,1.841,11.859133,11.849,11.868,0,0,0,71.166667,55,80,7.097,7.097,7.097,0,0,0,11257,11286,0,0,0,0,0
2021-03-04T17:00:00Z,30,1.819333,1.806,1.841,11.857,11.849,11.864,-0.666667,-2,0,70.366667,55,80,7.097,7.097,7.097,0,0,0,11287,11316,0,0,0,0,0
2021-03-04T18:00:00Z,30,1.8255,1.806,1.841,11.8552,11.845,11.859,-0.222222,-2,0,73.566667,55,80,7.097,7.097,7.097,0,0,0,11317,11346,0,0,0,0,0
2021-03-04T19:00:00Z,30,1.8328,1.818,1.853,11.851333,11.845,11.859,0,0,0,76.8,64,88,7.097,7.097,7.097,0,0,0,11347,11376,0,0,0,0,0
2021-03-04T20:00:00Z,29,1.836034,1.829,1.853,11.850586,11.845,11.859,0,0,0,78.896552,72,88,7.097,7.097,7.097,0,0,0,11377,11405,0,0,0,0,0
2021-03-04T21:00:00Z,30,1.8422,1.829,1.853,11.847133,11.84,11.854,0,0,0,80.8,72,88,7.097,7.097,7.097,0,0,0,11406,11435,0,0,0,0,0
2021-03-04T22:00:00Z,30,1.930733,1.829,2.566,11.842933,11.835,11.849,0,0,0,81.933333,72,97,7.097,7.097,7.097,0,0,0,11436,11465,0,0,0,0,0
2021-03-04T23:00:00Z,30,9.891667,2.789,14.278,11.809833,11.698,11.845,-12.931034,-60,0,69.033333,14,88,7.097,7.097,7.097,0,0,0,11466,11495,0,0,0,0,0
2021-03-05T00:00:00Z,29,14.109931,14.091,14.126,11.847414,11.826,11.864,2.038462,-5,6,75.586207,64,88,7.097,7.097,7.097,0,0,0,11496,11525,0,0,0,0,0
2021-03-05T01:00:00Z,30,14.098533,14.079,14.114,11.861533,11.84,11.873,5.1,1,7,72.533333,64,80,7.097,7.097,7.097,0,0,0,11526,11555,0,0,0,0,0
2021-03-05T02:00:00Z,30,14.099533,14.068,14.699,11.881467,11.873,11.897,9.4,6,11,71.7,55,80,7.097,7.097,7.097,0,0,0,11556,11585,0,0,0,0,0
2021-03-05T03:00:00Z,29,14.090862,14.056,14.688,11.893103,11.887,11.901,11.689655,9,13,64.034483,55,72,7.097,7.097,7.097,0,0,0,11586,11614,0,0,0,0,0
2021-03-05T04:00:00Z,30,14.1096,14.056,14.699,11.893267,11.882,11.901,10.933333,9,13,54.666667,47,64,7.097,7.097,7.097,0,0,0,11615,11644,0,0,0,0,0
2021-03-05T05:00:00Z,30,14.112833,14.068,14.688,11.885233,11.878,11.892,8.6,7,10,44.533333,30,55,7.097,7.097,7.097,0,0,0,11645,11674,0,0,0,0,0
2021-03-05T06:00:00Z,30,14.096033,14.068,14.699,11.8875,11.882,11.897,9.1,6,11,40.466667,22,47,7.097,7.097,7.097,0,0,0,11675,11704,0,0,0,0,0
2021-03-05T07:00:00Z,30,14.0934,14.044,14.711,11.888567,11.864,11.911,9.033333,2,16,33.733333,14,47,7.097,7.097,7.097,0,0,0,11705,11734,0,0,0,0,0
2021-03-05T08:00:00Z,30,14.1276,14.091,14.699,11.849767,11.83,11.864,0.153846,-3,4,22.233333,5,30,7.097,7.097,7.097,0,0,0,11735,11764,0,0,0,0,0
2021-03-05T09:00:00Z,30,14.1404,14.114,14.173,11.821667,11.802,11.835,-9.433333,-15,-3,17.366667,5,30,7.097,7.097,7.097,0,0,0,11765,11794,0,0,0,0,0
2021-03-05T10:00:00Z,30,13.893433,5.047,14.29,11.775267,11.684,11.807,-25.466667,-64,-7,0.933333,-43,22,7.097,7.097,7.097,0,0,0,11795,11824,0,0,0,0,0
2021-03-05T11:00:00Z,29,2.530276,1.888,14.29,11.819759,11.684,11.83,-6.142857,-64,0,59.034483,-35,97,7.097,7.097,7.097,0,0,0,11825,11853,0,0,0,0,0
2021-03-05T12:00:00Z,30,1.904033,1.9,1.911,11.823633,11.821,11.83,-1.111111,-2,0,73.566667,55,88,7.097,7.097,7.097,0,0,0,11854,11883,0,0,0,0,0
2021-03-05T13:00:00Z,29,1.908,1.9,1.923,11.819793,11.811,11.826,-2,-2,-2,64.37931,55,72,7.097,7.097,7.097,0,0,0,11884,11913,0,0,0,0,0
2021-03-05T14:00:00Z,28,1.910393,1.9,1.923,11.817607,11.811,11.821,-2,-2,-2,65.285714,55,80,7.097,7.097,7.097,0,0,0,11914,11942,0,0,0,0,0
2021-03-05T15:00:00Z,30,1.9162,1.911,1.923,11.814867,11.807,11.821,-2,-2,-2,64.933333,55,72,7.097,7.097,7.097,0,0,0,11943,11972,0,0,0,0,0
2021-03-05T16:00:00Z,30,1.9242,1.911,1.935,11.810767,11.807,11.816,-2,-2,-2,67.6,55,80,7.097,7.097,7.097,0,0,0,11973,12002,0,0,0,0,0
2021-03-05T17:00:00Z,30,1.929,1.923,1.935,11.808367,11.802,11.816,-2,-2,-2,69.8,55,80,7.097,7.097,7.097,0,0,0,12003,12032,0,0,0,0,0
2021-03-05T18:00:00Z,30,1.930167,1.923,1.946,11.807967,11.802,11.811,-0.8,-2,0,73.066667,64,88,7.097,7.097,7.097,0,0,0,12033,12062,0,0,0,0,0
2021-03-05T19:00:00Z,30,1.938267,1.923,1.958,11.805967,11.802,11.811,0,0,0,74.933333,64,88,7.097,7.097,7.097,0,0,0,12063,12092,0,0,0,0,0
2021-03-05T20:00:00Z,30,1.9409,1.935,1.958,11.803667,11.797,11.807,0,0,0,76.533333,64,88,7.097,7.097,7.097,0,0,0,12093,12122,0,0,0,0,0
2021-03-05T21:00:00Z,28,1.944929,1.935,1.958,11.800929,11.797,11.807,0,0,0,79.714286,72,88,7.097,7.097,7.097,0,0,0,12123,12151,0,0,0,0,0
2021-03-05T22:00:00Z,30,2.0273,1.946,2.637,11.800067,11.793,11.802,0,0,0,84.566667,72,97,7.097,7.097,7.097,0,0,0,12152,12181,0,0,0,0,0
2021-03-05T23:00:00Z,30,10.291567,2.871,14.313,11.753033,11.651,11.802,-16.4,-59,0,62.133333,14,88,7.097,7.097,7.097,0,0,0,12182,12211,0,0,0,0,0
2021-03-06T00:00:00Z,30,14.194667,14.149,14.758,11.7999,11.778,11.816,0.75,-7,6,77.333333,64,88,7.097,7.097,7.097,0,0,0,12212,12241,0,0,0,0,0
2021-03-06T01:00:00Z,30,14.165367,14.126,14.77,11.821133,11.802,11.835,7.8,2,12,79.466667,64,88,7.097,7.097,7.097,0,0,0,12242,12271,0,0,0,0,0
2021-03-06T02:00:00Z,30,14.129167,14.091,14.746,11.8507,11.835,11.873,16.666667,13,21,108.333333,88,130,7.097,7.097,7.097,0,0,0,12272,12301,0,0,0,0,0
2021-03-06T03:00:00Z,30,14.067567,14.044,14.091,11.896133,11.878,11.92,21.233333,19,24,105.266667,88,122,7.097,7.097,7.097,0,0,0,12302,12331,0,0,0,0,0
2021-03-06T04:00:00Z,30,14.040033,14.021,14.056,11.921067,11.911,11.93,20.5,19,22,96.133333,80,113,7.097,7.097,7.097,0,0,0,12332,12361,0,0,0,0,0
2021-03-06T05:00:00Z,29,14.092897,14.009,14.676,11.932931,11.92,11.939,19.827586,18,23,89.068966,80,113,7.097,7.097,7.097,0,0,0,12362,12390,0,0,0,0,0
2021-03-06T06:00:00Z,30,14.098733,13.997,14.664,11.9453,11.935,11.953,19.2,18,21,72.266667,64,88,7.097,7.097,7.097,0,0,0,12391,12420,0,0,0,0,0
2021-03-06T07:00:00Z,30,14.028633,14.009,14.068,11.931267,11.892,11.953,14.7,7,19,57.5,39,72,7.097,7.097,7.097,0,0,0,12421,12450,0,0,0,0,0
2021-03-06T08:00:00Z,30,14.128,14.068,14.688,11.8531,11.816,11.897,4.035714,0,9,39.266667,22,55,7.097,7.097,7.097,0,0,0,12451,12480,0,0,0,0,0
2021-03-06T09:00:00Z,29,14.189345,14.161,14.22,11.786483,11.75,11.816,-7.607143,-15,0,23.931034,14,30,7.097,7.097,7.097,0,0,0,12481,12510,0,0,0,0,0
2021-03-06T10:00:00Z,29,14.25731,14.22,14.337,11.722897,11.632,11.764,-25.862069,-62,-13,26.793103,-18,47,7.097,7.097,7.097,0,0,0,12511,12540,0,0,0,0,0
2021-03-06T11:00:00Z,29,3.004138,1.981,14.337,11.766966,11.632,11.778,-6.413793,-62,-2,55.62069,-10,72,7.097,7.097,7.097,0,0,0,12541,12569,0,0,0,0,0
2021-03-06T12:00:00Z,30,1.988233,1.97,2.005,11.774933,11.769,11.778,-2.233333,-3,-2,56.7,47,64,7.097,7.097,7.097,0,0,0,12570,12599,0,0,0,0,0
2021-03-06T13:00:00Z,30,2.0018,1.981,2.017,11.771833,11.764,11.778,-2.433333,-3,-2,55.7,47,64,7.097,7.097,7.097,0,0,0,12600,12629,0,0,0,0,0
2021-03-06T14:00:00Z,30,2.016833,2.005,2.052,11.766667,11.759,11.774,-2.566667,-3,-2,53.8,47,64,7.097,7.097,7.097,0,0,0,12630,12659,0,0,0,0,0
2021-03-06T15:00:00Z,30,2.026733,2.017,2.052,11.764,11.759,11.769,-2.7,-3,-2,52.433333,39,64,7.097,7.097,7.097,0,0,0,12660,12689,0,0,0,0,0
2021-03-06T16:00:00Z,30,2.029367,2.017,2.04,11.760433,11.755,11.764,-2.633333,-3,-2,51.266667,30,64,7.097,7.097,7.097,0,0,0,12690,12719,0,0,0,0,0
2021-03-06T17:00:00Z,30,2.0241,2.005,2.052,11.760767,11.75,11.764,-2.233333,-3,-2,58.9,55,64,7.097,7.097,7.097,0,0,0,12720,12749,0,0,0,0,0
2021-03-06T18:00:00Z,28,2.035286,2.028,2.052,11.755679,11.745,11.759,-2.178571,-3,-2,60.714286,55,72,7.097,7.097,7.097,0,0,0,12750,12778,0,0,0,0,0
2021-03-06T19:00:00Z,30,2.040367,2.017,2.063,11.755033,11.745,11.759,-2.083333,-3,-2,64.3,47,72,7.097,7.097,7.097,0,0,0,12779,12808,0,0,0,0,0
2021-03-06T20:00:00Z,30,2.0537,2.04,2.075,11.75,11.745,11.755,-2,-2,-2,66.533333,55,80,7.097,7.097,7.097,0,0,0,12809,12838,0,0,0,0,0
2021-03-06T21:00:00Z,30,2.056667,2.04,2.063,11.748667,11.745,11.755,-2,-2,-2,69.533333,55,80,7.097,7.097,7.097,0,0,0,12839,12868,0,0,0,0,0
2021-03-06T22:00:00Z,30,2.145133,2.052,2.742,11.7446,11.741,11.75,-2,-2,-2,72,64,80,7.097,7.097,7.097,0,0,0,12869,12898,0,0,0,0,0
2021-03-06T23:00:00Z,30,11.160767,2.953,14.395,11.6961,11.589,11.745,-25.047619,-61,0,50.333333,-2,80,7.097,7.097,7.097,0,0,0,12899,12928,0,0,0,0,0
2021-03-07T00:00:00Z,30,14.241333,14.22,14.266,11.742333,11.722,11.764,-0.25,-8,5,63.533333,47,80,7.097,7.097,7.097,0,0,0,12929,12958,0,0,0,0,0
2021-03-07T01:00:00Z,30,14.199067,14.173,14.231,11.781867,11.755,11.807,9.366667,3,15,70.3,55,80,7.097,7.097,7.097,0,0,0,12959,12988,0,0,0,0,0
2021-03-07T02:00:00Z,28,14.156357,14.138,14.173,11.81375,11.797,11.821,14.678571,12,17,70.571429,64,80,7.097,7.097,7.097,0,0,0,12989,13016,0,0,0,0,0
2021-03-07T03:00:00Z,29,14.163483,14.079,14.77,11.843828,11.816,11.882,19.344828,6,27,88,72,105,7.097,7.097,7.097,0,0,0,13018,13047,0,0,0,0,0
2021-03-07T04:00:00Z,30,14.066533,14.032,14.091,11.8977,11.878,11.93,22.566667,18,34,79.033333,55,97,7.097,7.097,7.097,0,0,0,13048,13077,0,0,0,0,0
2021-03-07T05:00:00Z,29,14.042103,13.962,14.688,11.940828,11.906,11.982,25.62069,15,41,71.586207,47,88,7.097,7.097,7.097,0,0,0,13078,13107,0,0,0,0,0
2021-03-07T06:00:00Z,29,14.024862,13.904,14.653,11.948069,11.835,12.039,24.068966,-5,47,74.758621,39,105,7.097,7.097,7.097,0,0,0,13108,13136,0,0,0,0,0
2021-03-07T07:00:00Z,30,14.081667,14.056,14.103,11.879733,11.845,11.906,12.4,0,20,54.433333,39,72,7.097,7.097,7.097,0,0,0,13137,13166,0,0,0,0,0
2021-03-07T08:00:00Z,30,14.135267,14.103,14.173,11.8277,11.797,11.859,6.5,2,9,70.266667,47,88,7.097,7.097,7.097,0,0,0,13167,13196,0,0,0,0,0
2021-03-07T09:00:00Z,30,13.927633,5.246,14.266,11.754633,11.717,11.797,-3.142857,-9,2,72.766667,55,88,7.097,7.097,7.097,0,0,0,13197,13226,0,0,0,0,0
2021-03-07T10:00:00Z,30,13.934533,3.491,14.407,11.681433,11.58,11.717,-20.7,-62,-3,45.366667,-2,72,7.097,7.097,7.097,0,0,0,13227,13256,0,0,0,0,0
2021-03-07T11:00:00Z,30,3.8931,2.098,14.407,11.711,11.58,11.731,-9.344828,-63,-2,56.966667,-10,72,7.097,7.097,7.097,0,0,0,13257,13286,0,0,0,0,0
2021-03-07T12:00:00Z,29,2.11,2.098,2.122,11.727103,11.722,11.731,-0.2,-2,0,79.206897,64,97,7.097,7.097,7.097,0,0,0,13287,13315,0,0,0,0,0
2021-03-07T13:00:00Z,30,2.1128,2.098,2.122,11.724133,11.717,11.731,-2,-2,-2,73.3,55,80,7.097,7.097,7.097,0,0,0,13316,13345,0,0,0,0,0
2021-03-07T14:00:00Z,30,2.12,2.098,2.134,11.723,11.717,11.726,-2,-2,-2,75.466667,64,88,7.097,7.097,7.097,0,0,0,13346,13375,0,0,0,0,0
2021-03-07T15:00:00Z,30,2.1303,2.122,2.145,11.720067,11.712,11.726,-1,-2,0,77.066667,64,88,7.097,7.097,7.097,0,0,0,13376,13405,0,0,0,0,0
2021-03-07T16:00:00Z,30,2.136867,2.122,2.145,11.715667,11.707,11.722,-2,-2,-2,70.133333,64,80,7.097,7.097,7.097,0,0,0,13406,13435,0,0,0,0,0
2021-03-07T17:00:00Z,30,2.1391,2.122,2.157,11.712333,11.707,11.717,-2.034483,-3,-2,64.666667,55,72,7.097,7.097,7.097,0,0,0,13436,13465,0,0,0,0,0
2021-03-07T18:00:00Z,30,2.1441,2.134,2.157,11.708367,11.703,11.712,-2,-2,-2,66.333333,47,80,7.097,7.097,7.097,0,0,0,13466,13495,0,0,0,0,0
2021-03-07T19:00:00Z,30,2.153067,2.134,2.169,11.7054,11.698,11.717,-2,-2,-2,68.166667,55,80,7.097,7.097,7.097,0,0,0,13496,13525,0,0,0,0,0
2021-03-07T20:00:00Z,30,2.1546,2.145,2.169,11.703267,11.698,11.707,-2,-2,-2,71.4,55,88,7.097,7.097,7.097,0,0,0,13526,13555,0,0,0,0,0
2021-03-07T21:00:00Z,29,2.162759,2.157,2.18,11.700655,11.698,11.707,-2,-2,-2,74.206897,64,88,7.097,7.097,7.097,0,0,0,13556,13584,0,0,0,0,0
2021-03-07T22:00:00Z,29,2.238931,2.157,2.988,11.695414,11.688,11.703,-2,-2,-2,75,55,88,7.097,7.097,7.097,0,0,0,13585,13614,0,0,0,0,0
2021-03-07T23:00:00Z,30,11.178067,3.175,14.442,11.651667,11.547,11.698,-25.736842,-60,0,54.666667,5,88,7.097,7.097,7.097,0,0,0,13615,13644,0,0,0,0,0
2021-03-08T00:00:00Z,30,14.3101,14.266,14.875,11.6872,11.655,11.722,-2.068966,-12,9,82.533333,55,97,7.097,7.097,7.097,0,0,0,13645,13674,0,0,0,0,0
2021-03-08T01:00:00Z,28,14.347464,14.243,14.875,11.727357,11.703,11.745,9.392857,5,14,82.571429,72,88,7.097,7.097,7.097,0,0,0,13675,13704,0,0,0,0,0
2021-03-08T02:00:00Z,29,14.246172,14.196,14.863,11.761966,11.745,11.788,15.068966,11,18,78.344828,64,88,7.097,7.097,7.097,0,0,0,13705,13733,0,0,0,0,0
2021-03-08T03:00:00Z,30,14.183067,14.126,14.688,11.809867,11.788,11.83,19.233333,17,22,75.2,64,88,7.097,7.097,7.097,0,0,0,13734,13763,0,0,0,0,0
2021-03-08T04:00:00Z,30,14.133967,14.079,14.781,11.8534,11.83,11.878,22.366667,19,26,67.833333,55,88,7.097,7.097,7.097,0,0,0,13764,13793,0,0,0,0,0
2021-03-08T05:00:00Z,30,14.068767,14.009,14.091,11.897333,11.868,11.953,25.933333,19,38,65.4,55,80,7.097,7.097,7.097,0,0,0,13794,13823,0,0,0,0,0
2021-03-08T06:00:00Z,30,14.0614,14.009,14.091,11.903733,11.873,11.953,22.133333,14,37,51.166667,30,72,7.097,7.097,7.097,0,0,0,13824,13853,0,0,0,0,0
2021-03-08T07:00:00Z,30,14.119133,14.079,14.746,11.865633,11.826,11.887,14.933333,2,21,38.5,30,47,7.097,7.097,7.097,0,0,0,13854,13883,0,0,0,0,0
2021-03-08T08:00:00Z,30,14.174767,14.068,14.781,11.852467,11.807,11.906,11.833333,2,25,33.966667,22,47,7.097,7.097,7.097,0,0,0,13884,13913,0,0,0,0,0
2021-03-08T09:00:00Z,29,14.243483,14.161,14.781,11.75769,11.698,11.811,-3.5,-14,3,17.758621,5,30,7.097,7.097,7.097,0,0,0,13914,13942,0,0,0,0,0
2021-03-08T10:00:00Z,30,14.3321,14.278,14.454,11.645767,11.537,11.698,-25.133333,-63,-11,16.666667,-27,39,7.097,7.097,7.097,0,0,0,13943,13972,0,0,0,0,0
2021-03-08T11:00:00Z,30,3.5496,2.192,14.465,11.667433,11.532,11.688,-9.965517,-64,-2,39.933333,-35,72,7.097,7.097,7.097,0,0,0,13973,14002,0,0,0,0,0
2021-03-08T12:00:00Z,30,2.2073,2.192,2.227,11.679667,11.674,11.684,-2.344828,-3,-2,61.8,47,72,7.097,7.097,7.097,0,0,0,14003,14032,0,0,0,0,0
2021-03-08T13:00:00Z,30,2.2235,2.204,2.239,11.676367,11.67,11.679,-2.133333,-3,0,71.3,47,88,7.097,7.097,7.097,0,0,0,14033,14062,0,0,0,0,0
2021-03-08T14:00:00Z,30,2.2274,2.215,2.251,11.673467,11.67,11.679,-2.055556,-3,-2,68.366667,47,80,7.097,7.097,7.097,0,0,0,14063,14092,0,0,0,0,0
2021-03-08T15:00:00Z,29,2.236103,2.215,2.251,11.670379,11.665,11.674,-2,-2,-2,65.172414,55,80,7.097,7.097,7.097,0,0,0,14093,14121,0,0,0,0,0
2021-03-08T16:00:00Z,29,2.244759,2.239,2.262,11.667414,11.66,11.67,-2,-2,-2,64.344828,55,80,7.097,7.097,7.097,0,0,0,14122,14151,0,0,0,0,0
2021-03-08T17:00:00Z,29,2.250103,2.239,2.262,11.664655,11.66,11.67,-2.071429,-3,-2,64.37931,55,72,7.097,7.097,7.097,0,0,0,14152,14181,0,0,0,0,0
2021-03-08T18:00:00Z,29,2.257069,2.239,2.274,11.661552,11.655,11.665,-2.043478,-3,-2,68.37931,55,80,7.097,7.097,7.097,0,0,0,14182,14211,0,0,0,0,0
2021-03-08T19:00:00Z,29,2.260966,2.251,2.274,11.66,11.655,11.665,-2,-2,-2,70.344828,64,80,7.097,7.097,7.097,0,0,0,14212,14240,0,0,0,0,0
2021-03-08T20:00:00Z,30,2.2684,2.262,2.286,11.657167,11.655,11.665,-2,-2,-2,72.266667,64,80,7.097,7.097,7.097,0,0,0,14241,14270,0,0,0,0,0
2021-03-08T21:00:00Z,29,2.278103,2.262,2.297,11.654138,11.651,11.66,-2,-2,-2,74.206897,64,88,7.097,7.097,7.097,0,0,0,14271,14300,0,0,0,0,0
2021-03-08T22:00:00Z,30,2.362167,2.274,2.882,11.6503,11.641,11.655,-1.555556,-2,0,74.4,64,88,7.097,7.097,7.097,0,0,0,14301,14330,0,0,0,0,0
2021-03-08T23:00:00Z,30,10.6116,3.034,14.512,11.59,11.495,11.655,-31.15,-62,-2,52,5,88,7.097,7.097,7.097,0,0,0,14331,14360,0,0,0,0,0
2021-03-09T00:00:00Z,30,14.051533,4.871,14.898,11.635267,11.584,11.674,-2.964286,-17,9,66.1,39,88,7.097,7.097,7.097,0,0,0,14361,14390,0,0,0,0,0
2021-03-09T01:00:00Z,26,14.306115,14.196,14.933,11.701192,11.651,11.788,13.807692,3,31,82.307692,55,113,7.097,7.097,7.097,0,0,0,14391,14418,0,0,0,0,0
2021-03-09T02:00:00Z,30,14.137033,14.021,14.711,11.856,11.788,11.939,33.6,23,48,112.2,88,130,7.097,7.097,7.097,0,0,0,14420,14449,0,0,0,0,0
2021-03-09T03:00:00Z,30,14.020033,13.939,14.103,11.939267,11.849,12.001,41.766667,17,60,105.833333,88,130,7.097,7.097,7.097,0,0,0,14450,14479,0,0,0,0,0
2021-03-09T04:00:00Z,29,14.009379,13.962,14.032,11.951414,11.93,11.987,40,34,52,95.551724,80,113,7.097,7.097,7.097,0,0,0,14480,14509,0,0,0,0,0
2021-03-09T05:00:00Z,28,14.029536,13.986,14.056,11.936464,11.911,11.972,35.607143,28,48,78.071429,55,97,7.097,7.097,7.097,0,0,0,14510,14538,0,0,0,0,0
2021-03-09T06:00:00Z,28,14.088,13.986,14.676,11.913321,11.868,11.972,30.178571,19,45,66.857143,47,88,7.097,7.097,7.097,0,0,0,14539,14568,0,0,0,0,0
2021-03-09T07:00:00Z,30,14.094433,13.997,14.173,11.869533,11.807,11.963,20.6,0,43,50.6,22,80,7.097,7.097,7.097,0,0,0,14569,14598,0,0,0,0,0
2021-03-09T08:00:00Z,30,14.220433,14.079,14.84,11.779467,11.726,11.882,3,-10,26,26.933333,14,47,7.097,7.097,7.097,0,0,0,14599,14628,0,0,0,0,0
2021-03-09T09:00:00Z,29,14.261966,14.032,14.302,11.711448,11.674,11.745,-7.148148,-13,1,15.241379,-2,30,7.097,7.097,7.097,0,0,0,14629,14658,0,0,0,0,0
2021-03-09T10:00:00Z,27,13.966185,4.158,14.465,11.635185,11.523,11.679,-25.592593,-62,-5,10.185185,-18,47,7.097,7.097,7.097,0,0,0,14659,14687,0,0,0,0,0
2021-03-09T11:00:00Z,30,3.9837,2.262,14.477,11.648833,11.518,11.665,-7.2,-63,-2,49.233333,-18,64,7.097,7.097,7.097,0,0,0,14688,14717,0,0,0,0,0
2021-03-09T12:00:00Z,30,2.292967,2.274,2.309,11.6499,11.641,11.655,-2.37931,-3,-2,60.333333,47,72,7.097,7.097,7.097,0,0,0,14718,14747,0,0,0,0,0
2021-03-09T13:00:00Z,30,2.3062,2.297,2.321,11.642667,11.636,11.651,-2.125,-3,0,69.666667,47,88,7.097,7.097,7.097,0,0,0,14748,14777,0,0,0,0,0
2021-03-09T14:00:00Z,28,2.317071,2.309,2.332,11.634679,11.627,11.641,-2.047619,-3,-2,67.678571,55,80,7.097,7.097,7.097,0,0,0,14778,14806,0,0,0,0,0
2021-03-09T15:00:00Z,30,2.324233,2.309,2.332,11.628567,11.622,11.636,-2.366667,-3,-2,61.2,47,72,7.097,7.097,7.097,0,0,0,14807,14836,0,0,0,0,0
2021-03-09T16:00:00Z,30,2.3353,2.321,2.344,11.6249,11.618,11.632,-2.533333,-3,-2,58.9,47,72,7.097,7.097,7.097,0,0,0,14837,14866,0,0,0,0,0
2021-03-09T17:00:00Z,29,2.334138,2.321,2.344,11.619897,11.613,11.627,-2.724138,-4,-2,56.724138,47,64,7.097,7.097,7.097,0,0,0,14867,14896,0,0,0,0,0
2021-03-09T18:00:00Z,30,2.334833,2.321,2.344,11.618233,11.613,11.622,-2.266667,-3,-2,60.633333,47,72,7.097,7.097,7.097,0,0,0,14897,14926,0,0,0,0,0
2021-03-09T19:00:00Z,29,2.341517,2.332,2.356,11.613345,11.608,11.618,-2.103448,-3,-2,62.310345,55,72,7.097,7.097,7.097,0,0,0,14927,14955,0,0,0,0,0
2021-03-09T20:00:00Z,30,2.3536,2.332,2.368,11.609667,11.603,11.618,-2,-2,-2,66.8,55,72,7.097,7.097,7.097,0,0,0,14956,14985,0,0,0,0,0
2021-03-09T21:00:00Z,30,2.359133,2.344,2.379,11.606833,11.603,11.613,-2,-2,-2,71.2,64,80,7.097,7.097,7.097,0,0,0,14986,15015,0,0,0,0,0
2021-03-09T22:00:00Z,30,2.570467,2.356,3.853,11.6025,11.589,11.608,-2,-2,-2,73.566667,55,88,7.097,7.097,7.097,0,0,0,15016,15045,0,0,0,0,0
2021-03-09T23:00:00Z,30,12.1874,3.994,14.992,11.561833,11.452,11.603,-18.636364,-62,0,55.533333,14,80,7.097,7.097,7.097,0,0,0,15046,15075,0,0,0,0,0
2021-03-10T00:00:00Z,30,14.3936,14.348,15.004,11.621033,11.599,11.646,4.533333,-3,11,67,55,80,7.097,7.097,7.097,0,0,0,15076,15105,0,0,0,0,0
2021-03-10T01:00:00Z,29,14.377,14.337,14.992,11.637207,11.618,11.651,8.137931,4,12,65.310345,55,72,7.097,7.097,7.097,0,0,0,15106,15134,0,0,0,0,0
2021-03-10T02:00:00Z,30,14.353867,14.302,14.992,11.655567,11.641,11.688,11.5,8,17,62.966667,47,72,7.097,7.097,7.097,0,0,0,15135,15164,0,0,0,0,0
2021-03-10T03:00:00Z,30,14.268067,14.208,14.863,11.7412,11.684,11.778,21.466667,17,26,65.733333,47,72,7.097,7.097,7.097,0,0,0,15165,15194,0,0,0,0,0
2021-03-10T04:00:00Z,29,14.206414,14.173,14.231,11.780655,11.759,11.807,20.551724,17,24,58.482759,47,72,7.097,7.097,7.097,0,0,0,15195,15224,0,0,0,0,0
2021-03-10T05:00:00Z,30,14.144333,14.044,14.77,11.848767,11.802,11.93,31.433333,18,51,62.033333,47,80,7.097,7.097,7.097,0,0,0,15225,15254,0,0,0,0,0
2021-03-10T06:00:00Z,29,14.160414,14.056,14.793,11.854103,11.788,11.911,28.310345,10,41,52.724138,30,72,7.097,7.097,7.097,0,0,0,15255,15283,0,0,0,0,0
2021-03-10T07:00:00Z,29,14.145103,14.044,14.805,11.866207,11.802,11.935,28.068966,9,47,48.137931,30,72,7.097,7.097,7.097,0,0,0,15284,15313,0,0,0,0,0
2021-03-10T08:00:00Z,30,14.2364,14.114,14.863,11.786067,11.755,11.854,12.766667,5,30,40.866667,22,64,7.097,7.097,7.097,0,0,0,15314,15343,0,0,0,0,0
2021-03-10T09:00:00Z,29,14.285793,14.22,14.348,11.695517,11.641,11.774,-1.888889,-12,17,36.068966,14,55,7.097,7.097,7.097,0,0,0,15344,15373,0,0,0,0,0
2021-03-10T10:00:00Z,30,14.1156,4.942,14.571,11.5683,11.447,11.651,-27.3,-65,-6,3.633333,-43,30,7.097,7.097,7.097,0,0,0,15374,15403,0,0,0,0,0
2021-03-10T11:00:00Z,29,4.151552,2.368,14.571,11.581724,11.442,11.599,-9.551724,-65,-4,27.793103,-43,47,7.097,7.097,7.097,0,0,0,15404,15432,0,0,0,0,0
2021-03-10T12:00:00Z,30,2.396167,2.379,2.414,11.588167,11.584,11.599,-4.3,-5,-4,37.966667,30,47,7.097,7.097,7.097,0,0,0,15433,15462,0,0,0,0,0
2021-03-10T13:00:00Z,30,2.412633,2.403,2.426,11.5823,11.575,11.589,-4.166667,-6,-3,41.033333,30,47,7.097,7.097,7.097,0,0,0,15463,15492,0,0,0,0,0
2021-03-10T14:00:00Z,30,2.4232,2.414,2.438,11.578967,11.57,11.584,-3.966667,-5,-3,44.6,39,55,7.097,7.097,7.097,0,0,0,15493,15522,0,0,0,0,0
2021-03-10T15:00:00Z,30,2.431567,2.414,2.449,11.575833,11.57,11.58,-3.466667,-4,-3,49.066667,30,55,7.097,7.097,7.097,0,0,0,15523,15552,0,0,0,0,0
2021-03-10T16:00:00Z,30,2.4424,2.426,2.461,11.571167,11.565,11.575,-3.333333,-4,-3,48.066667,39,55,7.097,7.097,7.097,0,0,0,15553,15582,0,0,0,0,0
2021-03-10T17:00:00Z,30,2.4527,2.438,2.473,11.567767,11.561,11.575,-3.2,-4,-2,54.066667,47,72,7.097,7.097,7.097,0,0,0,15583,15612,0,0,0,0,0
2021-03-10T18:00:00Z,30,2.4614,2.449,2.473,11.5637,11.556,11.57,-2.866667,-3,-2,56.433333,39,64,7.097,7.097,7.097,0,0,0,15613,15642,0,0,0,0,0
2021-03-10T19:00:00Z,28,2.472571,2.461,2.485,11.559857,11.556,11.565,-2.857143,-3,-2,57.714286,47,72,7.097,7.097,7.097,0,0,0,15643,15671,0,0,0,0,0
2021-03-10T20:00:00Z,30,2.4821,2.461,2.496,11.556233,11.547,11.561,-2.433333,-3,-2,60.933333,47,72,7.097,7.097,7.097,0,0,0,15672,15701,0,0,0,0,0
2021-03-10T21:00:00Z,30,2.489767,2.473,2.508,11.551233,11.542,11.556,-2.166667,-3,-2,64.6,47,72,7.097,7.097,7.097,0,0,0,15702,15731,0,0,0,0,0
2021-03-10T22:00:00Z,30,2.642833,2.485,3.69,11.547767,11.542,11.551,-2.034483,-3,-2,67.1,55,80,7.097,7.097,7.097,0,0,0,15732,15761,0,0,0,0,0
2021-03-10T23:00:00Z,30,11.5714,3.795,14.629,11.4916,11.39,11.547,-23.666667,-61,-2,43.4,5,80,7.097,7.097,7.097,0,0,0,15762,15791,0,0,0,0,0
2021-03-11T00:00:00Z,30,14.515733,14.407,15.05,11.547467,11.513,11.599,-0.142857,-14,13,63.433333,47,80,7.097,7.097,7.097,0,0,0,15792,15821,0,0,0,0,0
2021-03-11T01:00:00Z,28,14.4165,14.266,15.05,11.604536,11.542,11.722,12.535714,0,39,69.928571,55,97,7.097,7.097,7.097,0,0,0,15823,15851,0,0,0,0,0
2021-03-11T02:00:00Z,29,14.305828,14.255,14.933,11.707724,11.66,11.731,19.896552,5,31,74.482759,64,88,7.097,7.097,7.097,0,0,0,15852,15880,0,0,0,0,0
2021-03-11T03:00:00Z,29,14.342241,14.231,14.91,11.73669,11.717,11.755,22,18,25,67.758621,55,80,7.097,7.097,7.097,0,0,0,15881,15910,0,0,0,0,0
2021-03-11T04:00:00Z,29,14.224828,14.196,14.243,11.765862,11.75,11.793,23.724138,21,29,63.482759,47,72,7.097,7.097,7.097,0,0,0,15911,15940,0,0,0,0,0
2021-03-11T05:00:00Z,30,14.258133,14.208,14.711,11.757233,11.731,11.783,19.533333,15,24,52.5,39,64,7.097,7.097,7.097,0,0,0,15941,15970,0,0,0,0,0
2021-03-11T06:00:00Z,30,14.231333,14.138,14.828,11.780467,11.722,11.826,22.866667,4,35,49.4,30,64,7.097,7.097,7.097,0,0,0,15971,16000,0,0,0,0,0
2021-03-11T07:00:00Z,30,14.246467,14.149,14.887,11.7637,11.707,11.821,16.866667,1,31,38.133333,14,64,7.097,7.097,7.097,0,0,0,16001,16030,0,0,0,0,0
2021-03-11T08:00:00Z,30,14.3317,14.278,14.922,11.6724,11.646,11.707,3.366667,0,9,21.466667,5,39,7.097,7.097,7.097,0,0,0,16031,16060,0,0,0,0,0
2021-03-11T09:00:00Z,30,14.429867,14.348,14.98,11.589967,11.542,11.636,-6.785714,-13,0,12.7,-2,22,7.097,7.097,7.097,0,0,0,16061,16090,0,0,0,0,0
2021-03-11T10:00:00Z,29,13.187655,4.286,14.641,11.504034,11.381,11.547,-19.586207,-65,-6,4.103448,-43,22,7.097,7.097,7.097,0,0,0,16091,16119,0,0,0,0,0
2021-03-11T11:00:00Z,30,4.236433,2.531,14.641,11.509867,11.376,11.528,-12.5,-66,-6,13.033333,-52,30,7.097,7.097,7.097,0,0,0,16120,16149,0,0,0,0,0
2021-03-11T12:00:00Z,30,2.5529,2.543,2.578,11.522167,11.518,11.528,-5.766667,-7,-5,26.6,14,39,7.097,7.097,7.097,0,0,0,16150,16179,0,0,0,0,0
2021-03-11T13:00:00Z,30,2.561267,2.543,2.578,11.5195,11.513,11.523,-4.866667,-6,-4,33.6,22,47,7.097,7.097,7.097,0,0,0,16180,16209,0,0,0,0,0
2021-03-11T14:00:00Z,30,2.578,2.566,2.602,11.516667,11.513,11.523,-4.4,-5,-3,39.833333,30,55,7.097,7.097,7.097,0,0,0,16210,16239,0,0,0,0,0
2021-03-11T15:00:00Z,30,2.605567,2.59,2.625,11.512133,11.509,11.518,-2.5,-4,-2,65.033333,39,80,7.097,7.097,7.097,0,0,0,16240,16269,0,0,0,0,0
2021-03-11T16:00:00Z,30,2.609367,2.602,2.625,11.508367,11.504,11.513,-2.275862,-3,-2,63.766667,55,72,7.097,7.097,7.097,0,0,0,16270,16299,0,0,0,0,0
2021-03-11T17:00:00Z,30,2.612467,2.602,2.625,11.506,11.499,11.509,-2.533333,-3,-2,59.9,47,64,7.097,7.097,7.097,0,0,0,16300,16329,0,0,0,0,0
2021-03-11T18:00:00Z,30,2.6288,2.613,2.66,11.503,11.499,11.509,-2.6,-3,-2,58.633333,47,72,7.097,7.097,7.097,0,0,0,16330,16359,0,0,0,0,0
2021-03-11T19:00:00Z,29,2.629931,2.613,2.648,11.499103,11.495,11.504,-2.62069,-3,-2,59.724138,47,72,7.097,7.097,7.097,0,0,0,16360,16388,0,0,0,0,0
2021-03-11T20:00:00Z,30,2.639567,2.637,2.648,11.4956,11.49,11.499,-2.766667,-3,-2,59,47,72,7.097,7.097,7.097,0,0,0,16389,16418,0,0,0,0,0
2021-03-11T21:00:00Z,30,2.645467,2.637,2.66,11.491,11.485,11.495,-2.6,-3,-2,58.966667,47,72,7.097,7.097,7.097,0,0,0,16419,16448,0,0,0,0,0
2021-03-11T22:00:00Z,30,2.7344,2.648,3.385,11.487333,11.48,11.495,-2.321429,-3,-2,64.066667,47,80,7.097,7.097,7.097,0,0,0,16449,16478,0,0,0,0,0
2021-03-11T23:00:00Z,30,8.841533,3.619,14.688,11.4505,11.334,11.49,-14.25,-61,-2,52.433333,-2,72,7.097,7.097,7.097,0,0,0,16479,16508,0,0,0,0,0
2021-03-12T00:00:00Z,30,14.257467,4.532,15.109,11.472533,11.419,11.532,-4.266667,-21,14,51.2,30,72,7.097,7.097,7.097,0,0,0,16509,16538,0,0,0,0,0
2021-03-12T01:00:00Z,28,14.495464,14.454,14.536,11.519929,11.49,11.556,8.285714,0,18,59.857143,47,72,7.097,7.097,7.097,0,0,0,16539,16568,0,0,0,0,0
2021-03-12T02:00:00Z,30,14.489867,14.407,15.109,11.543533,11.523,11.594,11.966667,2,23,56.633333,47,80,7.097,7.097,7.097,0,0,0,16569,16598,0,0,0,0,0
2021-03-12T03:00:00Z,27,14.534889,14.454,15.085,11.546333,11.532,11.556,12.407407,11,14,53.074074,47,64,7.097,7.097,7.097,0,0,0,16599,16627,0,0,0,0,0
2021-03-12T04:00:00Z,30,14.3718,14.266,14.465,11.625133,11.547,11.726,19.866667,11,47,54.733333,39,88,7.097,7.097,7.097,0,0,0,16628,16657,0,0,0,0,0
2021-03-12T05:00:00Z,30,14.389133,14.372,14.407,11.609333,11.599,11.636,12.033333,9,14,37.666667,22,47,7.097,7.097,7.097,0,0,0,16658,16687,0,0,0,0,0
2021-03-12T06:00:00Z,30,14.336233,14.255,14.898,11.677633,11.599,11.755,22.133333,12,38,41.766667,22,64,7.097,7.097,7.097,0,0,0,16688,16717,0,0,0,0,0
2021-03-12T07:00:00Z,30,14.4057,14.302,14.465,11.596033,11.547,11.679,5.066667,-2,17,20.666667,5,39,7.097,7.097,7.097,0,0,0,16718,16747,0,0,0,0,0
2021-03-12T08:00:00Z,30,14.523067,14.465,15.085,11.515667,11.495,11.547,0.64,-4,4,12.4,-2,22,7.097,7.097,7.097,0,0,0,16748,16777,0,0,0,0,0
2021-03-12T09:00:00Z,30,14.563967,14.536,14.606,11.464767,11.438,11.49,-7.433333,-14,-3,26.066667,5,39,7.097,7.097,7.097,0,0,0,16778,16807,0,0,0,0,0
2021-03-12T10:00:00Z,30,14.638067,14.594,14.723,11.394133,11.296,11.438,-27.833333,-65,-8,9.2,-35,39,7.097,7.097,7.097,0,0,0,16808,16837,0,0,0,0,0
2021-03-12T11:00:00Z,29,4.822241,2.695,14.734,11.429345,11.291,11.457,-11.896552,-66,-4,25.896552,-35,55,7.097,7.097,7.097,0,0,0,16838,16866,0,0,0,0,0
2021-03-12T12:00:00Z,30,2.718767,2.695,2.73,11.446167,11.442,11.452,-3.6,-5,-2,49,30,72,7.097,7.097,7.097,0,0,0,16867,16896,0,0,0,0,0
2021-03-12T13:00:00Z,30,2.733333,2.719,2.742,11.441233,11.433,11.447,-2.724138,-4,-2,60.433333,47,72,7.097,7.097,7.097,0,0,0,16897,16926,0,0,0,0,0
2021-03-12T14:00:00Z,30,2.753367,2.73,2.777,11.436267,11.428,11.442,-1.555556,-2,0,78.133333,55,97,7.097,7.097,7.097,0,0,0,16927,16956,0,0,0,0,0
2021-03-12T15:00:00Z,30,2.771833,2.754,2.789,11.4296,11.424,11.438,-2.37037,-3,-2,64.833333,47,80,7.097,7.097,7.097,0,0,0,16957,16986,0,0,0,0,0
2021-03-12T16:00:00Z,30,2.777,2.765,2.789,11.425067,11.419,11.428,-3.233333,-4,-3,55.866667,47,64,7.097,7.097,7.097,0,0,0,16987,17016,0,0,0,0,0
2021-03-12T17:00:00Z,30,2.7896,2.777,2.8,11.4209,11.414,11.428,-3.166667,-4,-2,53,39,64,7.097,7.097,7.097,0,0,0,17017,17046,0,0,0,0,0
2021-03-12T18:00:00Z,29,2.79469,2.777,2.812,11.416241,11.409,11.424,-3.034483,-4,-3,55.517241,39,64,7.097,7.097,7.097,0,0,0,17047,17076,0,0,0,0,0
2021-03-12T19:00:00Z,29,2.809931,2.8,2.836,11.410724,11.405,11.414,-3.172414,-4,-3,56.068966,47,64,7.097,7.097,7.097,0,0,0,17077,17105,0,0,0,0,0
2021-03-12T20:00:00Z,30,2.8208,2.812,2.836,11.4052,11.4,11.409,-2.966667,-4,-2,57.2,47,72,7.097,7.097,7.097,0,0,0,17106,17135,0,0,0,0,0
2021-03-12T21:00:00Z,30,2.8339,2.824,2.847,11.400167,11.39,11.405,-2.9,-4,-2,58.066667,39,64,7.097,7.097,7.097,0,0,0,17136,17165,0,0,0,0,0
2021-03-12T22:00:00Z,30,2.9178,2.836,3.444,11.393867,11.386,11.4,-2.8,-3,-2,56.633333,47,72,7.097,7.097,7.097,0,0,0,17166,17195,0,0,0,0,0
2021-03-12T23:00:00Z,30,8.1548,3.549,14.805,11.3661,11.234,11.395,-11.103448,-62,-2,52.733333,-2,72,7.097,7.097,7.097,0,0,0,17196,17225,0,0,0,0,0
2021-03-13T00:00:00Z,30,14.378067,5.304,14.711,11.3403,11.324,11.367,-17.3,-24,-3,38.333333,30,55,7.097,7.097,7.097,0,0,0,17226,17255,0,0,0,0,0
2021-03-13T01:00:00Z,30,14.6443,14.454,15.097,11.4082,11.319,11.57,0.206897,-21,38,53.9,30,97,7.097,7.097,7.097,0,0,0,17256,17285,0,0,0,0,0
2021-03-13T02:00:00Z,30,14.422067,14.302,15.027,11.6292,11.547,11.693,29.3,20,50,87.466667,64,113,7.097,7.097,7.097,0,0,0,17286,17315,0,0,0,0,0
2021-03-13T03:00:00Z,30,14.2867,14.22,14.348,11.7061,11.646,11.783,39.7,28,56,110.033333,97,130,7.097,7.097,7.097,0,0,0,17316,17345,0,0,0,0,0
2021-03-13T04:00:00Z,29,14.297586,14.266,14.383,11.691241,11.622,11.722,32.137931,14,40,98.172414,72,105,7.097,7.097,7.097,0,0,0,17346,17374,0,0,0,0,0
2021-03-13T05:00:00Z,29,14.355138,14.302,14.442,11.637724,11.565,11.679,21.931034,2,34,70.724138,47,97,7.097,7.097,7.097,0,0,0,17375,17404,0,0,0,0,0
2021-03-13T06:00:00Z,30,14.352633,14.29,14.442,11.641067,11.556,11.698,20.266667,1,34,58.133333,30,80,7.097,7.097,7.097,0,0,0,17405,17434,0,0,0,0,0
2021-03-13T07:00:00Z,29,14.441931,14.36,15.05,11.585897,11.537,11.636,13.689655,0,30,39.793103,30,55,7.097,7.097,7.097,0,0,0,17435,17464,0,0,0,0,0
2021-03-13T08:00:00Z,28,14.485036,14.419,14.559,11.53175,11.471,11.594,4.333333,-10,18,28.25,5,47,7.097,7.097,7.097,0,0,0,17465,17494,0,0,0,0,0
2021-03-13T09:00:00Z,29,14.583552,14.536,14.629,11.449793,11.409,11.495,-8.074074,-15,1,24.793103,5,39,7.097,7.097,7.097,0,0,0,17495,17523,0,0,0,0,0
2021-03-13T10:00:00Z,30,14.685367,14.629,14.816,11.348267,11.225,11.405,-27.733333,-65,-8,8.033333,-35,30,7.097,7.097,7.097,0,0,0,17524,17553,0,0,0,0,0
2021-03-13T11:00:00Z,29,5.817793,2.882,14.828,11.348966,11.211,11.376,-11.37931,-66,-3,31.862069,-43,55,7.097,7.097,7.097,0,0,0,17554,17583,0,0,0,0,0
2021-03-13T12:00:00Z,29,2.906931,2.882,2.929,11.365448,11.362,11.372,-4.034483,-5,-3,47,39,55,7.097,7.097,7.097,0,0,0,17584,17613,0,0,0,0,0
2021-03-13T13:00:00Z,30,2.920333,2.906,2.941,11.3614,11.353,11.367,-3.9,-5,-3,47.533333,39,55,7.097,7.097,7.097,0,0,0,17614,17643,0,0,0,0,0
2021-03-13T14:00:00Z,28,2.939714,2.917,2.953,11.35625,11.353,11.362,-3.892857,-4,-3,50.214286,39,64,7.097,7.097,7.097,0,0,0,17644,17672,0,0,0,0,0
2021-03-13T15:00:00Z,29,2.968207,2.941,2.999,11.352138,11.348,11.357,-3.655172,-4,-3,52.344828,39,64,7.097,7.097,7.097,0,0,0,17674,17702,0,0,0,0,0
2021-03-13T16:00:00Z,30,2.998467,2.976,3.011,11.345867,11.334,11.353,-3.566667,-4,-3,53.233333,39,64,7.097,7.097,7.097,0,0,0,17703,17732,0,0,0,0,0
2021-03-13T17:00:00Z,30,3.009,2.999,3.023,11.3377,11.324,11.343,-3.6,-4,-3,51.633333,39,64,7.097,7.097,7.097,0,0,0,17733,17762,0,0,0,0,0
2021-03-13T18:00:00Z,28,3.022893,3.011,3.034,11.3325,11.329,11.338,-3.357143,-4,-2,54,47,64,7.097,7.097,7.097,0,0,0,17763,17792,0,0,0,0,0
2021-03-13T19:00:00Z,30,3.034167,3.023,3.046,11.324333,11.319,11.334,-3.366667,-4,-3,55.866667,39,72,7.097,7.097,7.097,0,0,0,17793,17822,0,0,0,0,0
2021-03-13T20:00:00Z,29,3.045586,3.034,3.058,11.317034,11.305,11.324,-3.068966,-4,-3,56.724138,47,64,7.097,7.097,7.097,0,0,0,17823,17852,0,0,0,0,0
2021-03-13T21:00:00Z,30,3.054,3.046,3.07,11.311633,11.301,11.319,-3.033333,-4,-2,62.433333,55,72,7.097,7.097,7.097,0,0,0,17853,17882,0,0,0,0,0
2021-03-13T22:00:00Z,30,3.198833,3.058,4.099,11.304367,11.296,11.31,-2.7,-3,-2,62.933333,47,72,7.097,7.097,7.097,0,0,0,17883,17912,0,0,0,0,0
2021-03-13T23:00:00Z,29,12.444552,4.392,14.922,11.242862,11.135,11.301,-17.896552,-63,-2,42.655172,-2,72,7.097,7.097,7.097,0,0,0,17913,17941,0,0,0,0,0
2021-03-14T00:00:00Z,30,14.728267,14.582,14.805,11.3173,11.249,11.457,1.724138,-13,26,61.033333,39,97,7.097,7.097,7.097,0,0,0,17942,17971,0,0,0,0,0
2021-03-14T01:00:00Z,30,14.486067,14.419,14.571,11.539133,11.466,11.599,28.9,18,42,84.7,64,105,7.097,7.097,7.097,0,0,0,17972,18001,0,0,0,0,0
2021-03-14T02:00:00Z,30,14.430633,14.29,15.085,11.599533,11.542,11.712,32.2,17,58,83.733333,55,122,7.097,7.097,7.097,0,0,0,18002,18031,0,0,0,0,0
2021-03-14T03:00:00Z,30,14.414933,14.348,14.512,11.593533,11.513,11.655,29.8,13,46,93.7,55,122,7.097,7.097,7.097,0,0,0,18032,18061,0,0,0,0,0
2021-03-14T04:00:00Z,30,14.458567,14.395,15.062,11.5917,11.565,11.608,27.2,21,32,89.5,72,105,7.097,7.097,7.097,0,0,0,18062,18091,0,0,0,0,0
2021-03-14T05:00:00Z,30,14.424433,14.372,14.442,11.587033,11.57,11.622,25,20,31,76.8,64,88,7.097,7.097,7.097,0,0,0,18092,18121,0,0,0,0,0
2021-03-14T06:00:00Z,30,14.427867,14.348,14.512,11.582867,11.513,11.651,24.9,3,39,88.933333,55,122,7.097,7.097,7.097,0,0,0,18122,18151,0,0,0,0,0
2021-03-14T07:00:00Z,27,14.473222,14.395,14.559,11.543444,11.471,11.603,16.888889,0,30,87.777778,64,113,7.097,7.097,7.097,0,0,0,18153,18180,0,0,0,0,0
2021-03-14T08:00:00Z,30,14.5827,14.465,15.202,11.485633,11.428,11.537,8.733333,0,19,59.5,39,80,7.097,7.097,7.097,0,0,0,18181,18210,0,0,0,0,0
2021-03-14T09:00:00Z,13,14.596692,14.149,14.653,11.408,11.386,11.428,-2.545455,-6,1,39.538462,30,47,7.097,7.097,7.097,0,0,0,18211,18223,0,0,0,0,0
2021-03-14T10:00:00Z,29,14.443552,5.222,14.91,11.270379,11.14,11.334,-28.310345,-65,-7,10.586207,-43,39,7.097,7.097,7.097,0,0,0,18238,18267,0,0,0,0,0
2021-03-14T11:00:00Z,30,5.475967,3.058,14.933,11.266567,11.126,11.296,-12.166667,-66,-5,26.066667,-43,47,7.097,7.097,7.097,0,0,0,18268,18297,0,0,0,0,0
2021-03-14T12:00:00Z,30,3.077033,3.07,3.093,11.280833,11.272,11.291,-4.533333,-6,-4,46.2,39,55,7.097,7.097,7.097,0,0,0,18298,18327,0,0,0,0,0
2021-03-14T13:00:00Z,30,3.0962,3.081,3.105,11.270533,11.263,11.277,-4,-5,-3,52.166667,39,64,7.097,7.097,7.097,0,0,0,18328,18357,0,0,0,0,0
2021-03-14T14:00:00Z,29,3.120241,3.105,3.14,11.263379,11.253,11.267,-3.758621,-4,-3,53.448276,39,64,7.097,7.097,7.097,0,0,0,18358,18387,0,0,0,0,0
2021-03-14T15:00:00Z,29,3.13731,3.128,3.151,11.255103,11.249,11.263,-3.482759,-4,-3,55.137931,47,64,7.097,7.097,7.097,0,0,0,18388,18416,0,0,0,0,0
2021-03-14T16:00:00Z,30,3.159833,3.14,3.187,11.245433,11.234,11.253,-3.633333,-4,-3,56.4,47,64,7.097,7.097,7.097,0,0,0,18417,18446,0,0,0,0,0
2021-03-14T17:00:00Z,30,3.1781,3.163,3.198,11.236167,11.23,11.244,-3.266667,-4,-3,57.5,47,72,7.097,7.097,7.097,0,0,0,18447,18476,0,0,0,0,0
2021-03-14T18:00:00Z,30,3.197867,3.187,3.21,11.229067,11.225,11.234,-3.166667,-4,-2,60.033333,55,72,7.097,7.097,7.097,0,0,0,18477,18506,0,0,0,0,0
2021-03-14T19:00:00Z,30,3.217533,3.198,3.233,11.2225,11.22,11.225,-3,-4,-2,64.566667,55,72,7.097,7.097,7.097,0,0,0,18507,18536,0,0,0,0,0
2021-03-14T20:00:00Z,27,3.238407,3.222,3.257,11.215741,11.211,11.22,-2.703704,-3,-2,66.592593,55,72,7.097,7.097,7.097,0,0,0,18537,18566,0,0,0,0,0
2021-03-14T21:00:00Z,28,3.255393,3.233,3.268,11.209429,11.206,11.215,-2.5,-3,-2,71.142857,64,80,7.097,7.097,7.097,0,0,0,18567,18595,0,0,0,0,0
2021-03-14T22:00:00Z,29,3.386172,3.257,4.076,11.203931,11.201,11.211,-2.241379,-3,-2,73.37931,64,80,7.097,7.097,7.097,0,0,0,18596,18625,0,0,0,0,0
2021-03-14T23:00:00Z,30,11.328133,4.251,15.05,11.1494,11.021,11.201,-14.37931,-60,-2,57.533333,14,80,7.097,7.097,7.097,0,0,0,18626,18655,0,0,0,0,0
2021-03-15T00:00:00Z,30,14.877933,14.851,14.922,11.183167,11.149,11.211,-2.310345,-12,6,64.2,47,80,7.097,7.097,7.097,0,0,0,18656,18685,0,0,0,0,0
2021-03-15T01:00:00Z,30,14.803933,14.746,14.851,11.2537,11.211,11.31,12.933333,6,18,83.566667,72,97,7.097,7.097,7.097,0,0,0,18686,18715,0,0,0,0,0
2021-03-15T02:00:00Z,29,14.677621,14.629,14.746,11.363931,11.305,11.424,21.931034,18,26,84.551724,72,97,7.097,7.097,7.097,0,0,0,18716,18745,0,0,0,0,0
2021-03-15T03:00:00Z,29,14.598069,14.5,15.238,11.484586,11.428,11.523,31.206897,21,37,86.482759,72,97,7.097,7.097,7.097,0,0,0,18746,18774,0,0,0,0,0
2021-03-15T04:00:00Z,30,14.454867,14.395,15.085,11.5864,11.513,11.622,47.5,24,54,96.4,55,113,7.097,7.097,7.097,0,0,0,18775,18804,0,0,0,0,0
2021-03-15T05:00:00Z,30,14.4758,14.383,15.156,11.566033,11.513,11.632,41.533333,26,59,81.766667,55,105,7.097,7.097,7.097,0,0,0,18805,18834,0,0,0,0,0
2021-03-15T06:00:00Z,30,14.4985,14.395,15.132,11.5467,11.485,11.618,34.9,15,54,71.633333,47,97,7.097,7.097,7.097,0,0,0,18835,18864,0,0,0,0,0
2021-03-15T07:00:00Z,30,14.512133,14.465,15.144,11.5298,11.504,11.547,28.6,17,33,56.9,39,72,7.097,7.097,7.097,0,0,0,18865,18894,0,0,0,0,0
2021-03-15T08:00:00Z,29,14.621069,14.547,14.758,11.422517,11.362,11.495,7.965517,0,18,36.275862,14,55,7.097,7.097,7.097,0,0,0,18895,18923,0,0,0,0,0
2021-03-15T09:00:00Z,29,14.721586,14.5,14.781,11.310828,11.267,11.357,-7.964286,-17,1,16.344828,5,30,7.097,7.097,7.097,0,0,0,18925,18954,0,0,0,0,0
2021-03-15T10:00:00Z,29,14.516034,5.304,14.992,11.210759,11.078,11.263,-27.103448,-66,-7,-2,-43,14,7.097,7.097,7.097,0,0,0,18955,18983,0,0,0,0,0
2021-03-15T11:00:00Z,29,5.718586,3.233,15.004,11.190276,11.059,11.22,-15.206897,-68,-6,14.068966,-43,39,7.097,7.097,7.097,0,0,0,18984,19013,0,0,0,0,0
2021-03-15T12:00:00Z,29,3.294414,3.257,3.315,11.195552,11.182,11.206,-5.896552,-7,-4,36.896552,30,47,7.097,7.097,7.097,0,0,0,19014,19043,0,0,0,0,0
2021-03-15T13:00:00Z,30,3.334733,3.304,3.362,11.1775,11.168,11.187,-4.966667,-7,-4,43.133333,30,64,7.097,7.097,7.097,0,0,0,19044,19073,0,0,0,0,0
2021-03-15T14:00:00Z,30,3.3752,3.35,3.385,11.1633,11.154,11.173,-2.608696,-4,-2,74.066667,47,97,7.097,7.097,7.097,0,0,0,19074,19103,0,0,0,0,0
2021-03-15T15:00:00Z,30,3.4022,3.385,3.421,11.147667,11.14,11.159,-2.8,-4,-2,68.633333,55,88,7.097,7.097,7.097,0,0,0,19104,19133,0,0,0,0,0
2021-03-15T16:00:00Z,30,3.425767,3.409,3.444,11.134533,11.126,11.144,-3.266667,-4,-2,65.166667,55,72,7.097,7.097,7.097,0,0,0,19134,19163,0,0,0,0,0
2021-03-15T17:00:00Z,28,3.447357,3.432,3.467,11.122179,11.111,11.135,-3.214286,-4,-2,62.25,47,72,7.097,7.097,7.097,0,0,0,19164,19192,0,0,0,0,0
2021-03-15T18:00:00Z,28,3.470607,3.456,3.502,11.109679,11.097,11.121,-3.642857,-5,-2,61.321429,47,72,7.097,7.097,7.097,0,0,0,19193,19222,0,0,0,0,0
2021-03-15T19:00:00Z,30,3.5023,3.479,3.526,11.094767,11.088,11.107,-3.233333,-4,-2,61.466667,39,80,7.097,7.097,7.097,0,0,0,19223,19252,0,0,0,0,0
2021-03-15T20:00:00Z,30,3.534433,3.502,3.561,11.0786,11.064,11.092,-3.366667,-5,-2,62.366667,39,80,7.097,7.097,7.097,0,0,0,19253,19282,0,0,0,0,0
2021-03-15T21:00:00Z,30,3.571433,3.549,3.596,11.065733,11.055,11.073,-3.206897,-5,-2,67.766667,47,88,7.097,7.097,7.097,0,0,0,19283,19312,0,0,0,0,0
2021-03-15T22:00:00Z,30,3.812833,3.584,5.012,11.053167,11.045,11.064,-3.074074,-6,-2,73.566667,55,88,7.097,7.097,7.097,0,0,0,19313,19342,0,0,0,0,0
2021-03-15T23:00:00Z,30,13.089533,4.848,15.249,10.958167,10.846,11.05,-21.533333,-62,-2,46.133333,5,80,7.097,7.097,7.097,0,0,0,19343,19372,0,0,0,0,0
2021-03-16T00:00:00Z,30,15.0928,15.027,15.67,11.011367,10.974,11.064,-1.310345,-11,10,63.966667,30,97,7.097,7.097,7.097,0,0,0,19373,19402,0,0,0,0,0
2021-03-16T01:00:00Z,30,14.914367,14.758,15.635,11.201033,11.064,11.305,25.3,10,36,100.3,72,122,7.097,7.097,7.097,0,0,0,19403,19432,0,0,0,0,0
2021-03-16T02:00:00Z,19,14.784789,14.582,15.366,11.370684,11.272,11.466,39.315789,19,57,113.368421,88,130,7.097,7.097,7.097,0,0,0,19433,19460,0,0,0,0,0
2021-03-16T03:00:00Z,29,14.655379,14.606,15.308,11.420172,11.376,11.447,41.034483,33,48,102.448276,88,122,7.097,7.097,7.097,0,0,0,19461,19490,0,0,0,0,0
2021-03-16T04:00:00Z,30,14.623167,14.5,15.284,11.4491,11.424,11.532,44.433333,39,61,97.866667,80,122,7.097,7.097,7.097,0,0,0,19491,19520,0,0,0,0,0
2021-03-16T05:00:00Z,29,14.566724,14.512,14.699,11.482414,11.381,11.518,47.37931,21,58,91.275862,55,113,7.097,7.097,7.097,0,0,0,19521,19549,0,0,0,0,0
2021-03-16T06:00:00Z,30,14.641267,14.536,15.296,11.4515,11.395,11.509,36.7,20,51,76.533333,47,105,7.097,7.097,7.097,0,0,0,19550,19579,0,0,0,0,0
2021-03-16T07:00:00Z,30,14.6412,14.582,15.238,11.427767,11.376,11.466,29.8,17,42,65.866667,47,80,7.097,7.097,7.097,0,0,0,19580,19609,0,0,0,0,0
2021-03-16T08:00:00Z,30,14.767233,14.664,15.378,11.311533,11.244,11.367,9.8,0,20,46.7,30,64,7.097,7.097,7.097,0,0,0,19610,19639,0,0,0,0,0
2021-03-16T09:00:00Z,30,14.885033,14.816,15.425,11.194967,11.149,11.234,-4.111111,-11,2,60.6,47,72,7.097,7.097,7.097,0,0,0,19640,19669,0,0,0,0,0
2021-03-16T10:00:00Z,30,14.414233,5.07,15.132,11.082867,10.936,11.144,-21.5,-64,-4,39.9,-18,64,7.097,7.097,7.097,0,0,0,19670,19699,0,0,0,0,0
2021-03-16T11:00:00Z,30,5.9334,3.549,15.191,11.045067,10.903,11.078,-14.344828,-65,-2,48.366667,-27,88,7.097,7.097,7.097,0,0,0,19700,19729,0,0,0,0,0
2021-03-16T12:00:00Z,29,3.631103,3.584,3.666,11.047448,11.031,11.064,-2.130435,-3,0,82.37931,64,105,7.097,7.097,7.097,0,0,0,19730,19759,0,0,0,0,0
2021-03-16T13:00:00Z,28,3.720179,3.666,3.76,11.005357,10.988,11.031,-2.928571,-4,-2,72,64,80,7.097,7.097,7.097,0,0,0,19760,19788,0,0,0,0,0
2021-03-16T14:00:00Z,30,3.802067,3.76,3.853,10.962233,10.936,10.984,-2.933333,-4,-2,75.166667,55,88,7.097,7.097,7.097,0,0,0,19789,19818,0,0,0,0,0
2021-03-16T15:00:00Z,30,3.920867,3.842,4.006,10.9096,10.875,10.936,-3.133333,-4,-2,72.5,55,88,7.097,7.097,7.097,0,0,0,19819,19848,0,0,0,0,0
2021-03-16T16:00:00Z,30,4.133133,4.006,4.263,10.8195,10.761,10.879,-3.466667,-4,-3,69.533333,55,80,7.097,7.097,7.097,0,0,0,19849,19878,0,0,0,0,0
2021-03-16T17:00:00Z,30,4.448933,4.286,4.591,10.6802,10.605,10.752,-3.3,-4,-2,76.8,64,88,7.097,7.097,7.097,0,0,0,19879,19908,0,0,0,0,0
2021-03-16T18:00:00Z,30,4.759433,4.614,4.895,10.5219,10.458,10.6,-4.133333,-6,-3,74.4,64,88,7.097,7.097,7.097,0,0,0,19909,19938,0,0,0,0,0
2021-03-16T19:00:00Z,30,5.000833,4.895,5.105,10.402467,10.354,10.449,-4.833333,-6,-4,73.033333,55,80,7.097,7.097,7.097,0,0,0,19939,19968,0,0,0,0,0
2021-03-16T20:00:00Z,30,5.196167,5.117,5.269,10.3148,10.283,10.35,-5.333333,-6,-4,71.133333,55,80,7.097,7.097,7.097,0,0,0,19969,19998,0,0,0,0,0
2021-03-16T21:00:00Z,30,5.3312,5.281,5.398,10.2498,10.217,10.283,-5.466667,-6,-4,72.266667,64,80,7.097,7.097,7.097,0,0,0,19999,20028,0,0,0,0,0
2021-03-16T22:00:00Z,30,5.710267,5.398,7.083,10.191967,10.165,10.222,-5.533333,-6,-4,73.866667,64,80,7.097,7.097,7.097,0,0,0,20029,20058,0,0,0,0,0
2021-03-16T23:00:00Z,29,14.322586,7.036,16.361,9.993828,9.848,10.165,-29.724138,-67,-4,42.931034,5,80,7.097,7.097,7.097,0,0,0,20059,20087,0,0,0,0,0
2021-03-17T00:00:00Z,29,16.166586,16.01,16.7,10.071552,10.009,10.184,-2,-13,12,67.482759,55,97,7.097,7.097,7.097,0,0,0,20088,20117,0,0,0,0,0
2021-03-17T01:00:00Z,30,15.872833,15.635,16.033,10.301467,10.175,10.52,17.7,7,41,84.766667,72,105,7.097,7.097,7.097,0,0,0,20118,20147,0,0,0,0,0
2021-03-17T02:00:00Z,30,15.584667,15.448,16.15,10.6004,10.454,10.7,33.5,17,49,97.533333,72,122,7.097,7.097,7.097,0,0,0,20148,20177,0,0,0,0,0
2021-03-17T03:00:00Z,30,15.481633,15.39,16.138,10.7134,10.629,10.761,33.933333,27,47,88.233333,72,113,7.097,7.097,7.097,0,0,0,20178,20207,0,0,0,0,0
2021-03-17T04:00:00Z,30,15.338567,15.167,16.045,10.825833,10.752,10.946,33.333333,25,49,80.933333,64,105,7.097,7.097,7.097,0,0,0,20208,20237,0,0,0,0,0
2021-03-17T05:00:00Z,30,14.975033,14.816,15.542,11.135933,10.903,11.253,49.266667,25,64,90.8,55,113,7.097,7.097,7.097,0,0,0,20238,20267,0,0,0,0,0
2021-03-17T06:00:00Z,29,14.969655,14.828,15.589,11.178034,11.121,11.244,33.344828,19,48,72.448276,55,88,7.097,7.097,7.097,0,0,0,20268,20297,0,0,0,0,0
2021-03-17T07:00:00Z,29,15.004379,14.945,15.6,11.105724,11.04,11.144,20.448276,12,27,51.068966,22,72,7.097,7.097,7.097,0,0,0,20298,20326,0,0,0,0,0
2021-03-17T08:00:00Z,30,15.193867,15.062,15.869,10.932167,10.832,11.026,5.896552,0,13,37.266667,22,55,7.097,7.097,7.097,0,0,0,20327,20356,0,0,0,0,0
2021-03-17T09:00:00Z,30,15.2301,7.586,15.963,10.662267,10.482,10.818,-8.724138,-17,-2,20.4,5,39,7.097,7.097,7.097,0,0,0,20357,20386,0,0,0,0,0
2021-03-17T10:00:00Z,29,15.298103,7.399,16.162,10.296241,10.014,10.468,-28.724138,-70,-9,2.103448,-43,30,7.097,7.097,7.097,0,0,0,20387,20416,0,0,0,0,0
2021-03-17T11:00:00Z,30,6.6408,5.48,16.22,10.1612,9.976,10.189,-13.533333,-70,-9,23.566667,-43,47,7.097,7.097,7.097,0,0,0,20417,20446,0,0,0,0,0
2021-03-17T12:00:00Z,30,5.617467,5.538,5.679,10.1246,10.085,10.156,-8.266667,-9,-7,40.1,22,55,7.097,7.097,7.097,0,0,0,20447,20476,0,0,0,0,0
2021-03-17T13:00:00Z,30,5.7543,5.679,5.819,10.054533,10.023,10.085,-8.3,-9,-8,45.966667,39,64,7.097,7.097,7.097,0,0,0,20477,20506,0,0,0,0,0
2021-03-17T14:00:00Z,30,5.901333,5.831,5.971,9.9974,9.971,10.023,-8.133333,-9,-8,49.666667,39,55,7.097,7.097,7.097,0,0,0,20507,20536,0,0,0,0,0
2021-03-17T15:00:00Z,30,6.0239,5.971,6.065,9.939967,9.914,9.966,-8.066667,-9,-8,51.6,47,64,7.097,7.097,7.097,0,0,0,20537,20566,0,0,0,0,0
2021-03-17T16:00:00Z,29,6.129207,6.076,6.193,9.888897,9.862,9.914,-7.931034,-9,-7,55.758621,47,72,7.097,7.097,7.097,0,0,0,20567,20595,0,0,0,0,0
2021-03-17T17:00:00Z,30,6.2582,6.182,6.322,9.8403,9.81,9.867,-7.866667,-8,-7,62.933333,55,72,7.097,7.097,7.097,0,0,0,20596,20625,0,0,0,0,0
2021-03-17T18:00:00Z,29,6.389138,6.334,6.439,9.777862,9.749,9.81,-8.034483,-9,-7,61.103448,55,80,7.097,7.097,7.097,0,0,0,20626,20655,0,0,0,0,0
2021-03-17T19:00:00Z,30,6.514067,6.451,6.603,9.714267,9.683,9.744,-7.833333,-9,-7,66.8,55,80,7.097,7.097,7.097,0,0,0,20656,20685,0,0,0,0,0
2021-03-17T20:00:00Z,30,6.709733,6.603,6.825,9.626733,9.564,9.683,-8.1,-9,-7,66.233333,55,72,7.097,7.097,7.097,0,0,0,20686,20715,0,0,0,0,0
2021-03-17T21:00:00Z,30,7.081933,6.837,7.352,9.477267,9.38,9.564,-8.7,-10,-8,66.233333,55,80,7.097,7.097,7.097,0,0,0,20716,20745,0,0,0,0,0
2021-03-17T22:00:00Z,30,7.871167,7.363,9.423,9.281467,9.191,9.384,-9.2,-10,-9,66.866667,55,72,7.097,7.097,7.097,0,0,0,20746,20775,0,0,0,0,0
2021-03-17T23:00:00Z,29,16.543138,9.797,17.812,8.758276,8.575,9.181,-30.551724,-70,-9,37,-2,72,7.097,7.097,7.097,0,0,0,20776,20805,0,25,0,0,0
2021-03-18T00:00:00Z,30,17.758967,17.718,18.28,8.6522,8.642,8.67,-12.166667,-18,-7,48.866667,39,55,7.097,7.097,7.097,0,0,0,20806,20835,0,30,0,0,0
2021-03-18T01:00:00Z,29,17.655,17.472,17.741,8.735379,8.651,8.916,0.428571,-7,15,62.758621,55,88,7.097,7.097,7.097,0,0,0,20836,20864,0,29,0,0,0
2021-03-18T02:00:00Z,30,17.3822,16.864,18.034,9.0195,8.864,9.451,12.033333,0,44,73.366667,55,113,7.097,7.097,7.097,0,0,0,20865,20894,0,17,0,0,0
2021-03-18T03:00:00Z,30,16.410667,15.858,17.308,9.863567,9.342,10.321,41.833333,18,71,101.7,80,130,7.097,7.097,7.097,0,0,0,20895,20924,0,0,0,0,0
2021-03-18T04:00:00Z,30,15.795367,15.577,16.361,10.403167,10.189,10.61,50.066667,30,81,103.9,64,130,7.097,7.097,7.097,0,0,0,20925,20954,0,0,0,0,0
2021-03-18T05:00:00Z,30,15.6521,15.472,16.244,10.5765,10.468,10.686,50.9,28,66,99.766667,64,122,7.097,7.097,7.097,0,0,0,20955,20984,0,0,0,0,0
2021-03-18T06:00:00Z,30,15.593967,15.507,15.682,10.5677,10.463,10.657,38.2,22,54,79.8,55,113,7.097,7.097,7.097,0,0,0,20985,21014,0,0,0,0,0
2021-03-18T07:00:00Z,29,15.667552,15.565,15.799,10.489241,10.354,10.605,24.862069,4,43,64.758621,47,80,7.097,7.097,7.097,0,0,0,21015,21044,0,0,0,0,0
2021-03-18T08:00:00Z,30,15.9415,15.624,16.677,10.281733,10.127,10.52,7.592593,-6,34,42.5,22,72,7.097,7.097,7.097,0,0,0,21045,21074,0,0,0,0,0
2021-03-18T09:00:00Z,30,16.207,16.01,16.408,10.009633,9.834,10.184,-7.758621,-21,11,25.166667,14,47,7.097,7.097,7.097,0,0,0,21075,21104,0,0,0,0,0
2021-03-18T10:00:00Z,30,16.442667,8.604,17.25,9.558833,9.082,9.81,-30.633333,-74,-11,2.1,-43,22,7.097,7.097,7.097,0,0,0,21105,21134,0,0,0,0,0
2021-03-18T11:00:00Z,28,8.889071,7.679,17.344,9.166857,8.982,9.233,-17.214286,-77,-12,19.607143,-52,30,7.097,7.097,7.097,0,0,0,21135,21163,0,1,0,0,0
2021-03-18T12:00:00Z,29,8.23,7.925,8.569,8.958517,8.807,9.091,-13.068966,-15,-12,28.241379,-2,39,7.097,7.097,7.097,0,0,0,21164,21193,0,18,0,0,0
2021-03-18T13:00:00Z,29,8.879138,8.592,9.154,8.664448,8.523,8.798,-14.103448,-15,-13,29.862069,22,47,7.097,7.097,7.097,0,0,0,21194,21223,0,29,0,0,0
2021-03-18T14:00:00Z,30,9.419467,9.189,9.645,8.4126,8.315,8.519,-15.066667,-16,-14,32.5,22,39,7.097,7.097,7.097,0,0,0,21224,21253,0,30,0,0,0
2021-03-18T15:00:00Z,28,9.841821,9.657,10.008,8.191679,8.107,8.311,-15.857143,-17,-15,34.607143,22,39,7.097,7.097,7.097,0,0,0,21254,21282,0,28,0,0,0
2021-03-18T16:00:00Z,28,10.168821,10.031,10.3,8.041179,7.979,8.102,-16.428571,-17,-16,38.178571,30,47,7.097,7.097,7.097,0,0,0,21283,21312,0,28,0,0,0
2021-03-18T17:00:00Z,29,10.425655,10.3,10.534,7.919207,7.866,7.975,-17.344828,-18,-16,33.793103,22,47,7.097,7.097,7.097,0,0,0,21313,21342,0,29,0,0,0
2021-03-18T18:00:00Z,30,10.651867,10.522,10.756,7.813167,7.762,7.875,-18.066667,-19,-18,33.333333,22,47,7.097,7.097,7.097,0,0,0,21343,21372,0,30,0,0,0
2021-03-18T19:00:00Z,30,10.866767,10.768,10.944,7.719833,7.677,7.762,-18.833333,-20,-18,33,22,47,7.097,7.097,7.097,0,0,0,21373,21402,0,30,0,0,0
2021-03-18T20:00:00Z,29,11.050483,10.955,11.143,7.627069,7.587,7.672,-19.586207,-20,-19,32.965517,22,47,7.097,7.097,7.097,0,0,0,21403,21431,0,29,0,0,0
2021-03-18T21:00:00Z,30,11.233433,11.143,11.306,7.547933,7.506,7.587,-20.166667,-21,-19,31.4,14,47,7.097,7.097,7.097,0,0,0,21432,21461,0,30,0,0,0
2021-03-18T22:00:00Z,29,11.691207,11.318,13.132,7.462552,7.426,7.502,-20.586207,-21,-20,32.310345,22,39,7.097,7.097,7.097,0,0,0,21462,21491,0,29,0,0,0
2021-03-18T23:00:00Z,30,18.650467,13.085,20.374,6.949867,6.395,7.421,-58.9,-156,-21,-37.1,-317,39,7.097,7.097,7.097,0,0,0,1,21501,0,30,0,0,0
2021-03-19T00:00:00Z,30,19.424233,17.437,19.578,7.116433,7.028,7.237,-24.8,-34,-14,18.066667,5,30,7.097,7.097,7.097,0,0,0,17,46,0,30,0,0,0
2021-03-19T01:00:00Z,29,19.090931,18.9,19.309,7.424931,7.256,7.587,-6.592593,-13,0,33.862069,14,47,7.097,7.097,7.097,0,0,0,47,76,0,29,0,0,0
2021-03-19T02:00:00Z,30,18.785733,18.549,19.59,7.7412,7.591,7.913,2.517241,0,7,40.5,30,47,7.097,7.097,7.097,0,0,0,77,106,0,30,0,0,0
2021-03-19T03:00:00Z,30,18.370867,18.163,18.525,8.082467,7.937,8.287,10.466667,6,16,44.866667,39,55,7.097,7.097,7.097,0,0,0,107,136,0,30,0,0,0
2021-03-19T04:00:00Z,29,17.79469,17.297,18.174,8.662414,8.315,9.063,31.689655,17,51,61.241379,39,88,7.097,7.097,7.097,0,0,0,137,165,0,25,0,0,0
2021-03-19T05:00:00Z,30,17.522867,17.273,18.198,8.897067,8.784,9.086,25.933333,14,52,52.533333,39,105,7.097,7.097,7.097,0,0,0,166,195,0,27,0,0,0
2021-03-19T06:00:00Z,30,17.6981,17.613,18.338,8.728333,8.665,8.788,12.066667,7,18,32.3,22,47,7.097,7.097,7.097,0,0,0,196,225,0,30,0,0,0
2021-03-19T07:00:00Z,30,17.973333,17.706,18.478,8.489367,8.15,8.675,0.366667,-16,9,13.9,-10,39,7.097,7.097,7.097,0,0,0,226,255,0,30,0,0,0
2021-03-19T08:00:00Z,30,18.4484,18.092,19.017,8.059033,7.8,8.344,-10.241379,-19,4,1.166667,-10,22,7.097,7.097,7.097,0,0,0,256,285,0,30,0,0,0
2021-03-19T09:00:00Z,30,18.887967,14.828,19.414,7.486767,7.199,7.781,-28.6,-38,-20,-27.466667,-52,-10,7.097,7.097,7.097,0,0,0,286,315,0,30,0,0,0
2021-03-19T10:00:00Z,28,19.921714,19.438,20.783,6.754393,5.997,7.18,-68.678571,-135,-38,-131,-334,-35,7.097,7.097,7.097,0,0,0,1,329,0,28,0,0,0
2021-03-22T12:00:00Z,5,1.069,1.022,1.092,12.171,12.162,12.19,-4.2,-5,-4,68.8,64,72,5.7376,0.3,7.097,0,0,0,1,5,0,0,0,0,0
2021-03-22T13:00:00Z,29,1.107276,1.081,1.162,12.150241,12.128,12.166,-6.172414,-7,-5,50.62069,30,64,7.097,7.097,7.097,0,0,0,6,35,0,0,0,0,0
2021-03-22T14:00:00Z,30,1.1769,1.139,1.209,12.121,12.11,12.133,-6.566667,-7,-6,47.266667,39,55,7.097,7.097,7.097,0,0,0,36,65,0,0,0,0,0
2021-03-22T15:00:00Z,30,1.2705,1.209,1.326,12.088733,12.072,12.105,-5.4,-7,-3,57.566667,39,80,7.097,7.097,7.097,0,0,0,66,95,0,0,0,0,0
2021-03-22T16:00:00Z,29,1.386724,1.326,1.443,12.050207,12.029,12.067,-4.689655,-6,-3,67.448276,47,80,7.097,7.097,7.097,0,0,0,96,124,0,0,0,0,0
2021-03-22T17:00:00Z,30,1.470533,1.42,1.513,12.013067,11.991,12.034,-6,-7,-5,58.633333,47,72,7.097,7.097,7.097,0,0,0,125,154,0,0,0,0,0
2021-03-22T18:00:00Z,30,1.548167,1.513,1.584,11.975533,11.958,11.991,-5.8,-7,-5,61.5,55,72,7.097,7.097,7.097,0,0,0,155,184,0,0,0,0,0
2021-03-22T19:00:00Z,30,1.625433,1.584,1.666,11.941133,11.92,11.963,-4.933333,-6,-4,68.666667,55,80,7.097,7.097,7.097,0,0,0,185,214,0,0,0,0,0
2021-03-22T20:00:00Z,30,1.7279,1.677,1.783,11.8963,11.873,11.92,-4.4,-5,-4,71.966667,55,80,7.097,7.097,7.097,0,0,0,215,244,0,0,0,0,0
2021-03-22T21:00:00Z,30,1.8153,1.771,1.864,11.856867,11.84,11.878,-3.333333,-5,-2,63.6,47,88,7.097,7.097,7.097,0,0,0,245,274,0,0,0,0,0
2021-03-22T22:00:00Z,30,2.1437,1.853,3.409,11.817133,11.793,11.835,-2.866667,-3,-2,61,55,64,7.097,7.097,7.097,0,0,0,275,304,0,0,0,0,0
2021-03-22T23:00:00Z,30,10.055233,4.123,17.601,10.2229,8.788,11.793,-18.166667,-68,-2,37.466667,-18,72,7.097,7.097,7.097,0,0,0,305,334,0,1,0,0,0
2021-03-23T00:00:00Z,29,12.760793,9.703,16.677,9.598172,9.564,9.626,-10.137931,-11,-8,42.241379,30,47,7.097,7.097,7.097,0,0,0,335,364,0,0,0,0,0
2021-03-23T01:00:00Z,30,16.423567,16.291,16.934,9.8342,9.626,9.938,-0.592593,-8,5,45.633333,30,55,7.097,7.097,7.097,0,0,0,365,394,0,0,0,0,0
2021-03-23T02:00:00Z,28,16.700857,16.326,17.613,9.615393,8.822,9.905,2.821429,-49,9,29,-218,55,7.097,7.097,7.097,0,0,0,1,421,0,4,0,0,0
2021-03-23T03:00:00Z,29,14.491655,13.951,17.449,11.517655,9.001,11.977,16.724138,-46,25,45,-209,72,7.097,7.097,7.097,0,0,0,1,29,0,0,0,0,0
2021-03-23T04:00:00Z,27,13.915037,13.693,14.489,12.059148,11.972,12.223,28.703704,15,50,59.666667,39,80,7.097,7.097,7.097,0,0,0,30,59,0,0,0,0,0
2021-03-23T05:00:00Z,28,13.859464,13.74,14.477,12.11925,12.072,12.176,25.357143,11,37,51.178571,30,64,7.097,7.097,7.097,0,0,0,60,88,0,0,0,0,0
2021-03-23T06:00:00Z,30,13.823367,13.6,14.536,12.1449,12.015,12.299,26.266667,5,55,48.7,30,80,7.097,7.097,7.097,0,0,0,89,118,0,0,0,0,0
2021-03-23T07:00:00Z,30,13.919233,13.834,14.512,12.039767,11.982,12.105,9.733333,0,20,28.3,14,47,7.097,7.097,7.097,0,0,0,119,148,0,0,0,0,0
2021-03-23T08:00:00Z,30,14.007933,13.892,14.617,11.973867,11.916,12.053,7.035714,0,27,41.966667,30,64,7.097,7.097,7.097,0,0,0,149,178,0,0,0,0,0
2021-03-23T09:00:00Z,30,13.749333,4.813,14.22,11.840233,11.759,11.897,-9.8,-15,-6,20.3,5,30,7.097,7.097,7.097,0,0,0,179,208,0,0,0,0,0
2021-03-23T10:00:00Z,30,15.382267,7.785,17.542,10.2636,8.826,11.745,-35.6,-77,-13,-17.633333,-60,14,7.097,7.097,7.097,0,0,0,209,238,0,1,0,0,0
2021-03-23T11:00:00Z,30,6.7874,6.544,7.539,9.6644,9.55,9.754,-11.933333,-13,-10,26.2,5,55,7.097,7.097,7.097,0,0,0,239,268,0,0,0,0,0
2021-03-23T12:00:00Z,30,6.939567,6.884,6.977,9.5291,9.512,9.545,-11.033333,-12,-10,43.5,30,55,7.097,7.097,7.097,0,0,0,269,298,0,0,0,0,0
2021-03-23T13:00:00Z,30,7.001,6.977,7.036,9.4985,9.484,9.517,-11.366667,-12,-11,40.133333,30,55,7.097,7.097,7.097,0,0,0,299,328,0,0,0,0,0
2021-03-23T14:00:00Z,29,7.085517,7.036,7.141,9.464069,9.446,9.484,-12.137931,-13,-12,29.896552,14,39,7.097,7.097,7.097,0,0,0,329,357,0,0,0,0,0
2021-03-23T15:00:00Z,25,7.24788,7.129,7.352,9.41988,9.394,9.451,-12.44,-13,-12,29.2,14,39,7.097,7.097,7.097,0,0,0,358,387,0,0,0,0,0
2021-03-23T16:00:00Z,30,7.363033,7.34,7.457,9.371533,9.323,9.399,-12.733333,-13,-12,26.566667,14,39,7.097,7.097,7.097,0,0,0,388,417,0,0,0,0,0
2021-03-23T17:00:00Z,30,7.480933,7.375,7.562,9.297833,9.252,9.342,-13.1,-14,-13,24.933333,14,30,7.097,7.097,7.097,0,0,0,418,447,0,0,0,0,0
2021-03-23T18:00:00Z,30,7.701133,7.562,7.855,9.1974,9.124,9.252,-13.3,-14,-13,23.9,14,39,7.097,7.097,7.097,0,0,0,448,477,0,0,0,0,0
2021-03-23T19:00:00Z,27,8.101407,7.855,8.627,9.011222,8.779,9.124,-13.740741,-15,-13,26.888889,14,39,7.097,7.097,7.097,0,0,0,478,504,0,10,0,0,0
2021-03-23T23:00:00Z,2,2.432,2.321,2.543,12.8715,12.848,12.895,-4.5,-9,0,84,80,88,3.6985,0.3,7.097,1,1,1,1,2,0,0,0,0,0
2021-03-24T00:00:00Z,30,2.800033,2.414,3.081,12.8332,12.824,12.843,-10.366667,-11,-9,56.066667,47,80,7.097,7.097,7.097,1,1,1,3,32,0,0,0,0,0
2021-03-24T01:00:00Z,30,12.560233,3.046,12.956,12.858267,12.81,12.956,0.655172,-16,34,58.266667,39,97,7.097,7.097,7.097,1,1,1,33,62,0,0,0,0,0
2021-03-24T02:00:00Z,29,12.812414,12.699,13.494,12.93731,12.895,12.971,23.275862,9,42,75.827586,55,105,7.097,7.097,7.097,1,1,1,63,91,0,0,0,0,0
2021-03-24T03:00:00Z,30,12.907667,12.792,13.588,12.8659,12.833,12.947,5.966667,0,24,48.733333,39,72,7.097,7.097,7.097,1,1,1,92,121,0,0,0,0,0
2021-03-24T04:00:00Z,30,12.9437,12.886,13.6,12.837,12.814,12.857,-0.111111,-4,9,37.066667,22,47,7.097,7.097,7.097,1,1,1,122,151,0,0,0,0,0
2021-03-24T05:00:00Z,30,12.8895,12.769,13.588,12.879567,12.814,12.956,13.178571,-4,43,43.533333,22,88,7.097,7.097,7.097,1,1,1,152,181,0,0,0,0,0
2021-03-24T06:00:00Z,30,12.776633,12.64,13.518,12.967667,12.923,13.089,30.533333,13,58,55.333333,39,88,7.097,7.097,7.097,1,1,1,182,211,0,0,0,0,0
2021-03-24T07:00:00Z,30,12.8558,12.687,13.6,12.917467,12.843,13.008,18.733333,2,42,41.366667,14,72,7.097,7.097,7.097,1,1,1,212,241,0,0,0,0,0
2021-03-24T08:00:00Z,30,12.964233,12.862,13.635,12.8383,12.8,12.881,6.266667,-4,18,30.533333,14,47,7.097,7.097,7.097,1,1,1,242,271,0,0,0,0,0
2021-03-24T09:00:00Z,30,12.990833,12.898,13.038,12.7724,12.729,12.857,-12.275862,-24,11,20.166667,-2,39,7.097,7.097,7.097,1,1,1,272,301,0,0,0,0,0
2021-03-24T10:00:00Z,29,7.392621,1.045,13.05,12.751034,12.729,12.762,-16.689655,-23,-13,12.275862,-2,22,7.097,7.097,7.097,1,1,1,302,331,0,0,0,0,0
2021-03-24T11:00:00Z,30,0.1527,0,1.677,12.755533,12.748,12.762,-12.6,-14,-12,25.833333,14,39,7.097,7.097,7.097,1,1,1,332,361,0,0,0,0,0
2021-03-24T12:00:00Z,28,0,0,0,12.749929,12.744,12.758,-12.214286,-13,-12,31.107143,22,47,7.097,7.097,7.097,1,1,1,362,390,0,0,0,0,0
2021-03-24T13:00:00Z,29,0,0,0,12.743552,12.734,12.748,-12.241379,-13,-12,31.724138,14,47,7.097,7.097,7.097,1,1,1,391,419,0,0,0,0,0
2021-03-24T14:00:00Z,28,0,0,0,12.739179,12.734,12.744,-12.107143,-13,-12,32.392857,22,39,7.097,7.097,7.097,1,1,1,422,450,0,0,0,0,0
2021-03-24T15:00:00Z,28,0,0,0,12.731571,12.725,12.739,-12.071429,-13,-12,32.964286,22,47,7.097,7.097,7.097,1,1,1,451,479,0,0,0,0,0
2021-03-24T16:00:00Z,30,0,0,0,12.725333,12.715,12.729,-12.166667,-13,-12,29.966667,22,39,7.097,7.097,7.097,1,1,1,480,509,0,0,0,0,0
2021-03-24T17:00:00Z,30,0,0,0,12.720667,12.715,12.725,-11.933333,-12,-11,33.6,22,47,7.097,7.097,7.097,1,1,1,510,539,0,0,0,0,0
2021-03-24T18:00:00Z,30,0,0,0,12.715333,12.71,12.72,-11.9,-13,-11,33.866667,22,47,7.097,7.097,7.097,1,1,1,540,569,0,0,0,0,0
2021-03-24T19:00:00Z,30,0,0,0,12.711633,12.706,12.72,-11.7,-12,-11,37.9,30,47,7.097,7.097,7.097,1,1,1,570,599,0,0,0,0,0
2021-03-24T20:00:00Z,29,0,0,0,12.709207,12.701,12.715,-11.241379,-12,-11,41,30,55,7.097,7.097,7.097,1,1,1,601,629,0,0,0,0,0
2021-03-24T21:00:00Z,30,0,0,0,12.7048,12.696,12.71,-11.166667,-12,-11,45.066667,30,64,7.097,7.097,7.097,1,1,1,630,659,0,0,0,0,0
2021-03-24T22:00:00Z,30,0.3273,0,1.923,12.699967,12.691,12.71,-10.9,-11,-10,50.2,39,55,7.097,7.097,7.097,1,1,1,660,689,0,0,0,0,0
2021-03-24T23:00:00Z,30,6.1245,1.771,13.249,12.658767,12.559,12.696,-24.166667,-69,-9,28.466667,-27,55,7.097,7.097,7.097,1,1,1,690,719,0,0,0,0,0
2021-03-25T00:00:00Z,30,9.7135,2.508,13.132,12.6821,12.663,12.696,-12.4,-18,-9,49.733333,39,72,7.097,7.097,7.097,1,1,1,720,749,0,0,0,0,0
2021-03-25T01:00:00Z,29,13.072966,13.038,13.096,12.708862,12.687,12.734,-2.178571,-9,9,46.724138,39,55,7.097,7.097,7.097,1,1,1,750,778,0,0,0,0,0
2021-03-25T02:00:00Z,30,13.0165,12.933,13.061,12.753133,12.71,12.829,11.366667,0,31,72.366667,39,105,7.097,7.097,7.097,1,1,1,779,808,0,0,0,0,0
2021-03-25T03:00:00Z,29,13.071483,13.026,13.74,12.729241,12.72,12.753,6.137931,3,15,56.103448,39,72,7.097,7.097,7.097,1,1,1,809,838,0,0,0,0,0
2021-03-25T04:00:00Z,30,13.094467,12.956,13.74,12.759567,12.725,12.8,12.833333,4,26,52.833333,39,64,7.097,7.097,7.097,1,1,1,839,868,0,0,0,0,0
2021-03-25T05:00:00Z,28,13.009429,12.909,13.728,12.778857,12.734,12.838,17.892857,5,34,53.857143,39,80,7.097,7.097,7.097,1,1,1,869,897,0,0,0,0,0
2021-03-25T06:00:00Z,30,13.007433,12.944,13.073,12.7605,12.715,12.819,11.6,0,31,38.6,14,55,7.097,7.097,7.097,1,1,1,898,927,0,0,0,0,0
2021-03-25T07:00:00Z,30,13.105533,12.979,13.752,12.740067,12.701,12.781,7.866667,-6,21,29.466667,14,47,7.097,7.097,7.097,1,1,1,928,957,0,0,0,0,0
2021-03-25T08:00:00Z,30,13.104167,13.015,13.763,12.701267,12.639,12.748,-2.777778,-23,15,22.5,5,47,7.097,7.097,7.097,1,1,1,958,987,0,0,0,0,0
2021-03-25T09:00:00Z,30,13.129967,13.085,13.155,12.659,12.635,12.701,-15.6,-25,0,7.333333,-10,30,7.097,7.097,7.097,1,1,1,988,1017,0,0,0,0,0
2021-03-25T10:00:00Z,30,4.908733,1.198,13.167,12.654367,12.625,12.668,-16.333333,-26,-13,12.2,-2,30,7.097,7.097,7.097,1,1,1,1018,1047,0,0,0,0,0
2021-03-25T11:00:00Z,30,0.129767,0,0.905,12.657867,12.649,12.663,-13,-14,-12,21.433333,5,30,7.097,7.097,7.097,1,1,1,1048,1077,0,0,0,0,0
2021-03-25T12:00:00Z,30,0.017967,0.004,0.039,12.652833,12.644,12.658,-11.966667,-13,-11,33.933333,14,47,7.097,7.097,7.097,1,1,1,1078,1107,0,0,0,0,0
2021-03-25T13:00:00Z,30,0.019567,0.004,0.039,12.650133,12.639,12.658,-11.9,-12,-11,35.266667,22,47,7.097,7.097,7.097,1,1,1,1108,1137,0,0,0,0,0
2021-03-25T14:00:00Z,28,0.030714,0.016,0.051,12.644714,12.639,12.654,-11.107143,-12,-11,43.535714,30,55,7.097,7.097,7.097,1,1,1,1138,1166,0,0,0,0,0
2021-03-25T15:00:00Z,30,0.037367,0.028,0.063,12.6418,12.635,12.649,-11.4,-12,-11,39.566667,30,47,7.097,7.097,7.097,1,1,1,1167,1196,0,0,0,0,0
2021-03-25T16:00:00Z,30,0.0458,0.039,0.051,12.636533,12.63,12.639,-11.833333,-12,-11,34.266667,22,39,7.097,7.097,7.097,1,1,1,1197,1226,0,0,0,0,0
2021-03-25T17:00:00Z,29,0.051828,0.039,0.063,12.634448,12.625,12.639,-11.275862,-12,-11,41.689655,30,47,7.097,7.097,7.097,1,1,1,1227,1256,0,0,0,0,0
2021-03-25T18:00:00Z,30,0.055,0.039,0.063,12.631,12.625,12.635,-11.533333,-12,-11,39.933333,30,47,7.097,7.097,7.097,1,1,1,1257,1286,0,0,0,0,0
2021-03-25T19:00:00Z,29,0.058414,0.051,0.074,12.625897,12.616,12.635,-11.62069,-12,-11,39.37931,22,47,7.097,7.097,7.097,1,1,1,1287,1315,0,0,0,0,0
2021-03-25T20:00:00Z,30,0.064,0.051,0.074,12.623133,12.616,12.63,-11.066667,-12,-11,42.9,30,55,7.097,7.097,7.097,1,1,1,1316,1345,0,0,0,0,0
2021-03-25T21:00:00Z,29,0.069862,0.063,0.086,12.620517,12.616,12.625,-10.586207,-11,-10,52,39,64,7.097,7.097,7.097,1,1,1,1346,1375,0,0,0,0,0
2021-03-25T22:00:00Z,30,0.338733,0.074,1.736,12.615767,12.606,12.62,-10.133333,-11,-10,59.166667,47,72,7.097,7.097,7.097,1,1,1,1376,1405,0,0,0,0,0
2021-03-25T23:00:00Z,30,4.818767,1.841,13.377,12.591467,12.474,12.62,-17.533333,-68,-9,53.1,-2,72,7.097,7.097,7.097,1,1,1,1406,1435,0,0,0,0,0
2021-03-26T00:00:00Z,30,3.1171,2.648,3.491,12.607767,12.597,12.616,-10.166667,-11,-9,58.7,47,72,7.097,7.097,7.097,1,1,1,1436,1465,0,0,0,0,0
2021-03-26T01:00:00Z,30,13.213233,13.155,13.857,12.616567,12.606,12.625,-5.8,-11,-2,52.933333,47,64,7.097,7.097,7.097,1,1,1,1466,1495,0,0,0,0,0
2021-03-26T02:00:00Z,30,13.1578,13.155,13.167,12.629767,12.62,12.639,-0.913043,-3,2,51.066667,39,64,7.097,7.097,7.097,1,1,1,1496,1525,0,0,0,0,0
2021-03-26T03:00:00Z,30,13.2021,13.061,13.845,12.6553,12.635,12.72,5.866667,0,25,48.966667,30,72,7.097,7.097,7.097,1,1,1,1526,1555,0,0,0,0,0
2021-03-26T04:00:00Z,22,13.171409,13.108,13.845,12.648818,12.62,12.677,4.227273,-7,13,41.318182,22,55,7.097,7.097,7.097,1,1,1,1556,1584,0,0,0,0,0
2021-03-26T05:00:00Z,29,13.214552,13.096,13.857,12.648931,12.63,12.696,4.37931,-2,18,36.62069,22,64,7.097,7.097,7.097,1,1,1,1585,1614,0,0,0,0,0
2021-03-26T06:00:00Z,30,13.140567,13.05,13.822,12.6729,12.644,12.729,11.1,1,27,62.266667,47,80,7.097,7.097,7.097,1,1,1,1615,1644,0,0,0,0,0
2021-03-26T07:00:00Z,30,13.1104,13.096,13.132,12.679967,12.658,12.691,12,6,16,53.6,47,64,7.097,7.097,7.097,1,1,1,1645,1674,0,0,0,0,0
2021-03-26T08:00:00Z,30,13.1444,13.073,13.81,12.669533,12.644,12.71,9.766667,2,20,50.266667,30,64,7.097,7.097,7.097,1,1,1,1675,1704,0,0,0,0,0
2021-03-26T09:00:00Z,29,13.229345,13.155,13.681,12.582552,12.559,12.639,-15.896552,-25,3,24.275862,5,39,7.097,7.097,7.097,1,1,1,1706,1734,0,0,0,0,0
2021-03-26T10:00:00Z,30,2.300067,1.455,13.237,12.586433,12.559,12.592,-12.566667,-24,-12,34.866667,14,47,7.097,7.097,7.097,1,1,1,1735,1764,0,0,0,0,0
2021-03-26T11:00:00Z,29,0.289862,0.145,1.081,12.584759,12.578,12.592,-10.448276,-12,-9,57.931034,30,72,7.097,7.097,7.097,1,1,1,1765,1793,0,0,0,0,0
2021-03-26T12:00:00Z,30,0.167133,0.145,0.191,12.580467,12.573,12.587,-10.933333,-12,-10,50.266667,30,64,7.097,7.097,7.097,1,1,1,1794,1823,0,0,0,0,0
2021-03-26T13:00:00Z,29,0.182621,0.168,0.203,12.576966,12.573,12.583,-10.655172,-12,-9,52.448276,30,72,7.097,7.097,7.097,1,1,1,1824,1853,0,0,0,0,0
2021-03-26T14:00:00Z,30,0.197867,0.18,0.215,12.5729,12.564,12.583,-8.833333,-10,-8,75.733333,64,88,7.097,7.097,7.097,1,1,1,1854,1883,0,0,0,0,0
2021-03-26T15:00:00Z,30,0.2135,0.191,0.226,12.5686,12.564,12.573,-8.4,-10,-7,81.5,64,97,7.097,7.097,7.097,1,1,1,1884,1913,0,0,0,0,0
2021-03-26T16:00:00Z,29,0.212793,0.203,0.226,12.564207,12.559,12.568,-9.827586,-10,-9,63.758621,47,72,7.097,7.097,7.097,1,1,1,1914,1942,0,0,0,0,0
2021-03-26T17:00:00Z,29,0.217586,0.203,0.226,12.561,12.554,12.568,-10.241379,-11,-10,55.586207,39,64,7.097,7.097,7.097,1,1,1,1943,1972,0,0,0,0,0
2021-03-26T18:00:00Z,28,0.224893,0.215,0.238,12.558286,12.554,12.564,-10.571429,-11,-10,53.392857,47,64,7.097,7.097,7.097,1,1,1,1974,2001,0,0,0,0,0
2021-03-26T19:00:00Z,30,0.226533,0.215,0.238,12.5556,12.55,12.564,-10.666667,-11,-10,53.033333,47,72,7.097,7.097,7.097,1,1,1,2003,2032,0,0,0,0,0
2021-03-26T20:00:00Z,29,0.236759,0.226,0.25,12.552931,12.545,12.559,-10.37931,-11,-10,53.482759,47,64,7.097,7.097,7.097,1,1,1,2033,2062,0,0,0,0,0
2021-03-26T21:00:00Z,30,0.2432,0.226,0.262,12.550367,12.545,12.554,-10.4,-11,-10,53.5,47,64,7.097,7.097,7.097,1,1,1,2063,2092,0,0,0,0,0
2021-03-26T22:00:00Z,30,0.6692,0.238,2.531,12.546267,12.535,12.554,-10.4,-11,-10,53.266667,39,72,7.097,7.097,7.097,1,1,1,2093,2122,0,0,0,0,0
2021-03-26T23:00:00Z,28,5.081536,1.981,13.529,12.519393,12.403,12.545,-18.571429,-69,-8,40.571429,-18,55,7.097,7.097,7.097,1,1,1,2123,2151,0,0,0,0,0
2021-03-27T00:00:00Z,30,5.629667,2.871,13.284,12.5376,12.526,12.545,-10.7,-12,-9,48.333333,39,55,7.097,7.097,7.097,1,1,1,2152,2181,0,0,0,0,0
2021-03-27T01:00:00Z,30,13.278233,13.237,13.915,12.556367,12.54,12.568,-2.592593,-10,3,73.833333,55,88,7.097,7.097,7.097,1,1,1,2182,2211,0,0,0,0,0
2021-03-27T02:00:00Z,30,13.252567,13.202,13.915,12.578133,12.568,12.587,4.7,1,6,67.233333,47,88,7.097,7.097,7.097,1,1,1,2212,2241,0,0,0,0,0
2021-03-27T03:00:00Z,30,13.205667,13.19,13.225,12.5876,12.573,12.592,7.9,6,10,54.7,30,72,7.097,7.097,7.097,1,1,1,2242,2271,0,0,0,0,0
2021-03-27T04:00:00Z,30,13.183367,13.143,13.213,12.607067,12.583,12.654,13,2,27,51.866667,39,72,7.097,7.097,7.097,1,1,1,2272,2301,0,0,0,0,0
2021-03-27T05:00:00Z,30,13.166267,13.132,13.213,12.6249,12.578,12.658,14.933333,-2,27,50.9,30,64,7.097,7.097,7.097,1,1,1,2302,2331,0,0,0,0,0
2021-03-27T06:00:00Z,30,13.232867,13.155,13.915,12.5882,12.559,12.639,5.035714,-3,16,31.933333,5,55,7.097,7.097,7.097,1,1,1,2332,2361,0,0,0,0,0
2021-03-27T07:00:00Z,28,13.280393,13.237,13.927,12.55675,12.54,12.568,-3.538462,-8,0,19.678571,5,30,7.097,7.097,7.097,1,1,1,2362,2390,0,0,0,0,0
2021-03-27T08:00:00Z,30,13.142467,8.662,13.319,12.528933,12.512,12.559,-12.137931,-17,-3,3.9,-2,22,7.097,7.097,7.097,1,1,1,2391,2420,0,0,0,0,0
2021-03-27T09:00:00Z,30,13.3433,13.319,13.366,12.498367,12.483,12.512,-19.866667,-23,-16,24.733333,5,47,7.097,7.097,7.097,1,1,1,2421,2450,0,0,0,0,0
2021-03-27T10:00:00Z,30,8.564667,1.607,13.377,12.5057,12.479,12.526,-14.1,-25,-8,49.1,30,64,7.097,7.097,7.097,1,1,1,2451,2480,0,0,0,0,0
2021-03-27T11:00:00Z,29,0.588,0.32,1.736,12.510172,12.502,12.516,-10.517241,-11,-9,53.62069,39,72,7.097,7.097,7.097,1,1,1,2481,2510,0,0,0,0,0
2021-03-27T12:00:00Z,30,0.3634,0.355,0.379,12.505333,12.497,12.512,-10.533333,-11,-10,54.166667,39,72,7.097,7.097,7.097,1,1,1,2511,2540,0,0,0,0,0
2021-03-27T13:00:00Z,29,0.366172,0.355,0.379,12.502724,12.493,12.512,-11.034483,-12,-10,46.448276,39,55,7.097,7.097,7.097,1,1,1,2541,2570,0,0,0,0,0
2021-03-27T14:00:00Z,29,0.374,0.367,0.39,12.499,12.493,12.507,-11.241379,-12,-11,45.344828,39,55,7.097,7.097,7.097,1,1,1,2571,2599,0,0,0,0,0
2021-03-27T15:00:00Z,30,0.381133,0.367,0.39,12.495867,12.493,12.502,-11.166667,-12,-11,45.933333,39,55,7.097,7.097,7.097,1,1,1,2600,2629,0,0,0,0,0
2021-03-27T16:00:00Z,30,0.385267,0.379,0.402,12.492767,12.488,12.497,-10.966667,-11,-10,47.8,39,55,7.097,7.097,7.097,1,1,1,2630,2659,0,0,0,0,0
2021-03-27T17:00:00Z,30,0.3956,0.39,0.402,12.4885,12.483,12.493,-11,-12,-10,47.533333,39,55,7.097,7.097,7.097,1,1,1,2660,2689,0,0,0,0,0
2021-03-27T18:00:00Z,30,0.402,0.39,0.414,12.4845,12.479,12.493,-11.066667,-12,-10,48.366667,39,64,7.097,7.097,7.097,1,1,1,2690,2719,0,0,0,0,0
2021-03-27T19:00:00Z,30,0.409533,0.402,0.425,12.481533,12.474,12.488,-10.966667,-11,-10,49.166667,39,64,7.097,7.097,7.097,1,1,1,2720,2749,0,0,0,0,0
2021-03-27T20:00:00Z,30,0.415433,0.402,0.425,12.479267,12.474,12.483,-10.9,-11,-10,50.8,39,64,7.097,7.097,7.097,1,1,1,2750,2779,0,0,0,0,0
2021-03-27T21:00:00Z,29,0.421345,0.414,0.437,12.475655,12.464,12.483,-10.724138,-11,-10,52.62069,39,64,7.097,7.097,7.097,1,1,1,2780,2809,0,0,0,0,0
2021-03-27T22:00:00Z,30,0.9381,0.414,4.532,12.473967,12.464,12.488,-10.433333,-11,-10,57.266667,39,64,7.097,7.097,7.097,1,1,1,2810,2839,0,0,0,0,0
2021-03-27T23:00:00Z,30,6.246133,2.215,13.541,12.444367,12.332,12.474,-20.666667,-69,-10,41.533333,-18,64,7.097,7.097,7.097,1,1,1,2840,2869,0,0,0,0,0
2021-03-28T00:00:00Z,29,13.074207,3.573,13.939,12.468931,12.441,12.507,-9.571429,-19,4,45.344828,39,55,7.097,7.097,7.097,1,1,1,2870,2898,0,0,0,0,0
2021-03-28T01:00:00Z,30,13.3027,13.249,13.377,12.5255,12.483,12.568,8,-6,21,71.533333,47,97,7.097,7.097,7.097,1,1,1,2899,2928,0,0,0,0,0
2021-03-28T02:00:00Z,29,13.370276,13.237,13.997,12.526621,12.502,12.568,10.448276,3,25,85.482759,72,113,7.097,7.097,7.097,1,1,1,2929,2958,0,0,0,0,0
2021-03-28T03:00:00Z,30,13.232467,13.167,13.295,12.570533,12.535,12.62,20.8,10,39,87.866667,72,113,7.097,7.097,7.097,1,1,1,2959,2988,0,0,0,0,0
2021-03-28T04:00:00Z,30,13.237267,13.143,13.962,12.6051,12.554,12.649,25.6,13,40,91.433333,64,113,7.097,7.097,7.097,1,1,1,2989,3018,0,0,0,0,0
2021-03-28T05:00:00Z,29,13.212241,13.143,13.904,12.604379,12.573,12.649,21.448276,7,36,72.724138,47,88,7.097,7.097,7.097,1,1,1,3019,3048,0,0,0,0,0
2021-03-28T06:00:00Z,30,13.231733,13.178,13.915,12.586067,12.564,12.616,17.466667,8,26,76.533333,64,88,7.097,7.097,7.097,1,1,1,3049,3078,0,0,0,0,0
2021-03-28T07:00:00Z,29,13.357931,13.284,13.401,12.493103,12.469,12.531,-3.25,-7,1,38.965517,22,55,7.097,7.097,7.097,1,1,1,3079,3107,0,0,0,0,0
2021-03-28T08:00:00Z,30,13.4635,13.389,14.009,12.464133,12.445,12.479,-8.866667,-14,-4,26.9,14,47,7.097,7.097,7.097,1,1,1,3108,3137,0,0,0,0,0
2021-03-28T09:00:00Z,30,12.755,2.882,13.471,12.432567,12.422,12.45,-21.3,-58,-13,10.633333,-2,22,7.097,7.097,7.097,1,1,1,3138,3167,0,0,0,0,0
2021-03-28T10:00:00Z,30,8.003433,1.794,13.471,12.4389,12.412,12.455,-16.2,-28,-11,19.7,5,30,7.097,7.097,7.097,1,1,1,3168,3197,0,0,0,0,0
2021-03-28T11:00:00Z,29,0.70069,0.46,2.075,12.442724,12.436,12.45,-12.517241,-14,-12,27.586207,14,39,7.097,7.097,7.097,1,1,1,3198,3227,0,0,0,0,0
2021-03-28T12:00:00Z,30,0.461633,0.449,0.472,12.441333,12.436,12.445,-12.1,-13,-12,34.566667,22,47,7.097,7.097,7.097,1,1,1,3228,3257,0,0,0,0,0
2021-03-28T13:00:00Z,30,0.4653,0.449,0.484,12.4389,12.431,12.445,-11.8,-12,-11,36.133333,22,47,7.097,7.097,7.097,1,1,1,3258,3287,0,0,0,0,0
2021-03-28T14:00:00Z,30,0.483567,0.472,0.507,12.4352,12.427,12.441,-10.766667,-12,-10,52.6,30,72,7.097,7.097,7.097,1,1,1,3288,3317,0,0,0,0,0
2021-03-28T15:00:00Z,29,0.492586,0.472,0.507,12.429828,12.427,12.436,-10.724138,-11,-10,52.344828,39,64,7.097,7.097,7.097,1,1,1,3318,3346,0,0,0,0,0
2021-03-28T16:00:00Z,30,0.4958,0.484,0.507,12.4272,12.422,12.431,-11.033333,-12,-10,46.466667,39,55,7.097,7.097,7.097,1,1,1,3347,3376,0,0,0,0,0
2021-03-28T17:00:00Z,30,0.4996,0.484,0.519,12.4238,12.412,12.431,-11.066667,-12,-11,48.033333,30,55,7.097,7.097,7.097,1,1,1,3377,3406,0,0,0,0,0
2021-03-28T18:00:00Z,30,0.505667,0.496,0.531,12.422,12.417,12.427,-11.033333,-12,-10,50,39,64,7.097,7.097,7.097,1,1,1,3407,3436,0,0,0,0,0
2021-03-28T19:00:00Z,30,0.513033,0.496,0.531,12.42,12.412,12.427,-10.866667,-11,-10,50.466667,39,55,7.097,7.097,7.097,1,1,1,3437,3466,0,0,0,0,0
2021-03-28T20:00:00Z,30,0.519767,0.507,0.542,12.417167,12.412,12.422,-10.733333,-11,-10,52.933333,39,64,7.097,7.097,7.097,1,1,1,3467,3496,0,0,0,0,0
2021-03-28T21:00:00Z,30,0.523767,0.507,0.542,12.415233,12.408,12.422,-10.5,-11,-10,57.566667,39,64,7.097,7.097,7.097,1,1,1,3497,3526,0,0,0,0,0
2021-03-28T22:00:00Z,30,1.048533,0.531,4.017,12.4102,12.403,12.417,-10.7,-11,-10,52.733333,39,64,7.097,7.097,7.097,1,1,1,3527,3556,0,0,0,0,0
2021-03-28T23:00:00Z,25,5.45356,2.321,13.611,12.38488,12.275,12.412,-20.08,-70,-10,39.52,-18,64,7.097,7.097,7.097,1,1,1,3557,3586,0,0,0,0,0
2021-03-29T00:00:00Z,29,11.115207,3.128,13.506,12.411276,12.393,12.46,-9,-17,9,49.862069,39,72,7.097,7.097,7.097,1,1,1,3587,3615,0,0,0,0,0
2021-03-29T01:00:00Z,30,13.4514,13.319,14.068,12.445667,12.389,12.512,3.766667,-15,27,56.4,30,88,7.097,7.097,7.097,1,1,1,3616,3645,0,0,0,0,0
2021-03-29T02:00:00Z,30,13.3722,13.284,13.424,12.485967,12.445,12.54,14.833333,2,34,60.3,39,88,7.097,7.097,7.097,1,1,1,3646,3675,0,0,0,0,0
2021-03-29T03:00:00Z,30,13.2848,13.202,13.389,12.536933,12.474,12.583,23.966667,1,45,63.6,39,97,7.097,7.097,7.097,1,1,1,3676,3705,0,0,0,0,0
2021-03-29T04:00:00Z,29,13.279172,13.19,13.927,12.558034,12.512,12.592,25.586207,9,40,57.448276,39,80,7.097,7.097,7.097,1,1,1,3706,3735,0,0,0,0,0
2021-03-29T05:00:00Z,30,13.264967,13.178,13.962,12.567733,12.54,12.62,24.466667,13,43,49.733333,30,72,7.097,7.097,7.097,1,1,1,3736,3765,0,0,0,0,0
2021-03-29T06:00:00Z,29,13.269828,13.167,13.377,12.548931,12.493,12.62,16.103448,2,36,35.793103,14,64,7.097,7.097,7.097,1,1,1,3766,3795,0,0,0,0,0
2021-03-29T07:00:00Z,30,13.445067,13.377,14.032,12.469833,12.445,12.483,1.4,-8,6,17.6,5,30,7.097,7.097,7.097,1,1,1,3796,3825,0,0,0,0,0
2021-03-29T08:00:00Z,29,13.493034,13.424,14.056,12.417138,12.398,12.455,-10.241379,-15,2,11.551724,-2,30,7.097,7.097,7.097,1,1,1,3826,3854,0,0,0,0,0
2021-03-29T09:00:00Z,30,13.361767,9.13,13.529,12.388167,12.37,12.412,-18.433333,-26,-9,3.2,-10,14,7.097,7.097,7.097,1,1,1,3855,3884,0,0,0,0,0
2021-03-29T10:00:00Z,30,8.141133,1.958,13.541,12.3833,12.351,12.398,-17.966667,-28,-12,5.533333,-18,30,7.097,7.097,7.097,1,1,1,3885,3914,0,0,0,0,0
2021-03-29T11:00:00Z,30,0.833933,0.577,1.981,12.392733,12.384,12.403,-12.633333,-13,-12,29.166667,14,39,7.097,7.097,7.097,1,1,1,3915,3944,0,0,0,0,0
2021-03-29T12:00:00Z,30,0.5898,0.577,0.601,12.387867,12.379,12.393,-12.933333,-14,-12,24.7,14,39,7.097,7.097,7.097,1,1,1,3945,3974,0,0,0,0,0
2021-03-29T13:00:00Z,29,0.602655,0.589,0.613,12.385828,12.374,12.393,-12.068966,-13,-10,36.310345,22,55,7.097,7.097,7.097,1,1,1,3975,4004,0,0,0,0,0
2021-03-29T14:00:00Z,28,0.615286,0.601,0.624,12.383107,12.374,12.389,-9.714286,-11,-9,67.892857,55,80,7.097,7.097,7.097,1,1,1,4005,4033,0,0,0,0,0
2021-03-29T15:00:00Z,30,0.617367,0.601,0.624,12.376267,12.37,12.384,-10.666667,-11,-10,56.7,47,72,7.097,7.097,7.097,1,1,1,4034,4063,0,0,0,0,0
2021-03-29T16:00:00Z,29,0.619931,0.613,0.636,12.37269,12.365,12.379,-10.896552,-12,-10,53.241379,39,64,7.097,7.097,7.097,1,1,1,4064,4093,0,0,0,0,0
2021-03-29T17:00:00Z,30,0.622667,0.613,0.636,12.370567,12.365,12.379,-10.9,-11,-10,53.2,47,64,7.097,7.097,7.097,1,1,1,4094,4123,0,0,0,0,0
2021-03-29T18:00:00Z,30,0.6292,0.624,0.648,12.367633,12.36,12.374,-10.866667,-12,-10,52.133333,39,64,7.097,7.097,7.097,1,1,1,4124,4153,0,0,0,0,0
2021-03-29T19:00:00Z,30,0.6396,0.624,0.648,12.363233,12.356,12.37,-10.866667,-11,-10,52.2,39,64,7.097,7.097,7.097,1,1,1,4154,4183,0,0,0,0,0
2021-03-29T20:00:00Z,30,0.643867,0.636,0.659,12.361567,12.356,12.37,-10.833333,-11,-10,54.433333,39,64,7.097,7.097,7.097,1,1,1,4184,4213,0,0,0,0,0
2021-03-29T21:00:00Z,30,0.6509,0.636,0.659,12.356967,12.351,12.365,-10.866667,-11,-10,53.833333,39,64,7.097,7.097,7.097,1,1,1,4214,4243,0,0,0,0,0
2021-03-29T22:00:00Z,30,1.1101,0.636,3.07,12.3536,12.346,12.36,-10.8,-11,-10,56.033333,47,64,7.097,7.097,7.097,1,1,1,4244,4273,0,0,0,0,0
2021-03-29T23:00:00Z,30,7.756567,2.485,13.693,12.312433,12.223,12.351,-27.566667,-70,-10,30.733333,-18,55,7.097,7.097,7.097,1,1,1,4274,4303,0,0,0,0,0
2021-03-30T00:00:00Z,29,13.545,13.494,14.126,12.362138,12.346,12.393,-6.035714,-12,5,50.034483,39,55,7.097,7.097,7.097,1,1,1,4304,4332,0,0,0,0,0
2021-03-30T01:00:00Z,29,13.478069,13.366,14.103,12.443276,12.408,12.488,19.586207,11,31,69.655172,55,88,7.097,7.097,7.097,1,1,1,4333,4362,0,0,0,0,0
2021-03-30T02:00:00Z,30,13.357767,13.178,13.974,12.509433,12.455,12.616,33.933333,21,61,80.466667,64,113,7.097,7.097,7.097,1,1,1,4363,4392,0,0,0,0,0
2021-03-30T03:00:00Z,30,13.2154,13.108,13.412,12.593267,12.46,12.687,44.3,0,73,85.366667,30,122,7.097,7.097,7.097,1,1,1,4393,4422,0,0,0,0,0
2021-03-30T04:00:00Z,30,13.1717,13.085,13.892,12.6718,12.625,12.706,55.966667,46,70,91.366667,64,105,7.097,7.097,7.097,1,1,1,4423,4452,0,0,0,0,0
2021-03-30T05:00:00Z,29,13.165862,13.132,13.202,12.624207,12.587,12.663,36.241379,25,47,60.758621,47,72,7.097,7.097,7.097,1,1,1,4453,4481,0,0,0,0,0
2021-03-30T06:00:00Z,30,13.1678,13.132,13.202,12.623533,12.587,12.663,33.966667,24,45,51.233333,30,72,7.097,7.097,7.097,1,1,1,4483,4512,0,0,0,0,0
2021-03-30T07:00:00Z,29,13.279655,13.19,13.974,12.558069,12.531,12.611,17.241379,7,31,27.931034,5,47,7.097,7.097,7.097,1,1,1,4513,4541,0,0,0,0,0
2021-03-30T08:00:00Z,30,13.3784,13.272,13.447,12.482733,12.431,12.55,2.642857,-11,17,21.533333,-2,39,7.097,7.097,7.097,1,1,1,4542,4571,0,0,0,0,0
2021-03-30T09:00:00Z,30,13.492733,13.447,13.518,12.399333,12.37,12.427,-12.62069,-21,-3,25.9,5,39,7.097,7.097,7.097,1,1,1,4572,4601,0,0,0,0,0
2021-03-30T10:00:00Z,30,8.213567,1.958,13.541,12.3619,12.337,12.389,-16.5,-28,-11,22.066667,-10,55,7.097,7.097,7.097,1,1,1,4602,4631,0,0,0,0,0
2021-03-30T11:00:00Z,30,0.941933,0.659,2.426,12.359233,12.351,12.365,-9.7,-11,-9,67.133333,39,80,7.097,7.097,7.097,1,1,1,4632,4661,0,0,0,0,0
2021-03-30T12:00:00Z,30,0.6698,0.659,0.683,12.350167,12.341,12.356,-9.8,-11,-9,68.233333,55,80,7.097,7.097,7.097,1,1,1,4662,4691,0,0,0,0,0
2021-03-30T13:00:00Z,30,0.674567,0.659,0.694,12.344167,12.341,12.351,-10.7,-11,-10,52.666667,47,64,7.097,7.097,7.097,1,1,1,4692,4721,0,0,0,0,0
2021-03-30T14:00:00Z,28,0.683679,0.671,0.694,12.343179,12.337,12.346,-10.535714,-12,-9,57.107143,39,80,7.097,7.097,7.097,1,1,1,4722,4750,0,0,0,0,0
2021-03-30T15:00:00Z,30,0.6934,0.671,0.706,12.3392,12.332,12.346,-10.4,-11,-9,61.733333,39,72,7.097,7.097,7.097,1,1,1,4751,4780,0,0,0,0,0
2021-03-30T16:00:00Z,30,0.691567,0.683,0.718,12.337667,12.332,12.341,-10.933333,-11,-10,55.266667,39,64,7.097,7.097,7.097,1,1,1,4781,4810,0,0,0,0,0
2021-03-30T17:00:00Z,30,0.6938,0.683,0.706,12.335233,12.332,12.341,-11.2,-12,-11,49.433333,39,64,7.097,7.097,7.097,1,1,1,4811,4840,0,0,0,0,0
2021-03-30T18:00:00Z,30,0.7064,0.694,0.718,12.330667,12.327,12.332,-11.366667,-12,-11,47,39,55,7.097,7.097,7.097,1,1,1,4841,4870,0,0,0,0,0
2021-03-30T19:00:00Z,30,0.7148,0.706,0.73,12.326833,12.322,12.332,-11.333333,-12,-11,45.633333,30,55,7.097,7.097,7.097,1,1,1,4871,4900,0,0,0,0,0
2021-03-30T20:00:00Z,30,0.7204,0.706,0.73,12.324667,12.322,12.327,-11.233333,-12,-11,48.333333,39,55,7.097,7.097,7.097,1,1,1,4901,4930,0,0,0,0,0
2021-03-30T21:00:00Z,30,0.7283,0.718,0.741,12.3219,12.313,12.327,-11.066667,-12,-11,49.133333,30,64,7.097,7.097,7.097,1,1,1,4931,4960,0,0,0,0,0
2021-03-30T22:00:00Z,29,1.13631,0.718,2.917,12.318517,12.313,12.322,-11.137931,-12,-11,50.413793,39,64,7.097,7.097,7.097,1,1,1,4961,4989,0,0,0,0,0
2021-03-30T23:00:00Z,30,6.002,2.251,13.717,12.302167,12.199,12.341,-19.633333,-73,-3,50.166667,-18,80,7.097,7.097,7.097,0.1,0,1,4990,5019,0,0,0,0,0
2021-03-31T00:00:00Z,28,12.14,3.678,13.553,12.354607,12.327,12.417,3.038462,-7,23,79.25,55,105,7.097,7.097,7.097,0,0,0,5020,5047,0,0,0,0,0
2021-03-31T01:00:00Z,30,13.5192,13.436,14.138,12.407367,12.356,12.436,18.033333,3,32,103.533333,88,122,7.097,7.097,7.097,0,0,0,5050,5079,0,0,0,0,0
2021-03-31T02:00:00Z,30,13.4116,13.354,13.483,12.4561,12.408,12.493,30.4,16,42,106.633333,88,122,7.097,7.097,7.097,0,0,0,5080,5109,0,0,0,0,0
2021-03-31T03:00:00Z,30,13.403033,13.295,14.068,12.500867,12.455,12.526,34.366667,20,45,105.466667,80,122,7.097,7.097,7.097,0,0,0,5110,5139,0,0,0,0,0
2021-03-31T04:00:00Z,30,13.299233,13.272,13.33,12.5242,12.502,12.54,33.2,28,39,92.766667,80,113,7.097,7.097,7.097,0,0,0,5140,5169,0,0,0,0,0
2021-03-31T05:00:00Z,30,13.2634,13.225,13.307,12.547967,12.516,12.568,33.833333,25,41,87.133333,72,105,7.097,7.097,7.097,0,0,0,5170,5199,0,0,0,0,0
2021-03-31T06:00:00Z,30,13.269733,13.213,13.962,12.559333,12.545,12.578,31.9,28,38,82.766667,72,97,7.097,7.097,7.097,0,0,0,5200,5229,0,0,0,0,0
2021-03-31T07:00:00Z,30,13.273933,13.225,13.319,12.54,12.507,12.568,24.6,15,34,68.166667,55,88,7.097,7.097,7.097,0,0,0,5230,5259,0,0,0,0,0
2021-03-31T08:00:00Z,28,13.385607,13.33,13.447,12.471357,12.431,12.502,9.678571,0,18,44.857143,30,55,7.097,7.097,7.097,0,0,0,5260,5288,0,0,0,0,0
2021-03-31T09:00:00Z,30,13.290367,7.363,13.518,12.393033,12.365,12.427,-7.166667,-12,0,25.566667,14,39,7.097,7.097,7.097,0,0,0,5289,5318,0,0,0,0,0
2021-03-31T10:00:00Z,30,7.680433,2.017,13.564,12.346367,12.318,12.36,-12.633333,-24,-7,22.766667,5,39,7.097,7.097,7.097,0,0,0,5319,5348,0,0,0,0,0
2021-03-31T11:00:00Z,29,1.000207,0.648,2.262,12.345621,12.337,12.351,-6.482759,-7,-6,40.103448,30,55,7.097,7.097,7.097,0,0,0,5349,5378,0,0,0,0,0
2021-03-31T12:00:00Z,30,0.6781,0.671,0.694,12.338967,12.332,12.346,-6.1,-7,-6,43.233333,30,55,7.097,7.097,7.097,0,0,0,5379,5408,0,0,0,0,0
2021-03-31T13:00:00Z,30,0.686233,0.671,0.694,12.336,12.327,12.341,-6.1,-7,-6,46.733333,30,64,7.097,7.097,7.097,0,0,0,5409,5438,0,0,0,0,0
2021-03-31T14:00:00Z,29,0.696586,0.671,0.718,12.332828,12.327,12.341,-5.965517,-7,-5,48.37931,39,55,7.097,7.097,7.097,0,0,0,5439,5467,0,0,0,0,0
2021-03-31T15:00:00Z,30,0.7104,0.694,0.73,12.331333,12.327,12.337,-3.857143,-6,-2,69.6,47,97,7.097,7.097,7.097,0,0,0,5468,5497,0,0,0,0,0
2021-03-31T16:00:00Z,30,0.718,0.706,0.73,12.329033,12.318,12.337,-2.173913,-3,-2,90.066667,72,97,7.097,7.097,7.097,0,0,0,5498,5527,0,0,0,0,0
2021-03-31T17:00:00Z,30,0.725467,0.706,0.741,12.3239,12.318,12.327,-2.733333,-3,-2,79.466667,72,88,7.097,7.097,7.097,0,0,0,5528,5557,0,0,0,0,0
2021-03-31T18:00:00Z,29,0.727483,0.718,0.741,12.321862,12.318,12.327,-3.103448,-4,-2,77.793103,64,88,7.097,7.097,7.097,0,0,0,5558,5587,0,0,0,0,0
2021-03-31T19:00:00Z,30,0.736533,0.718,0.753,12.317967,12.313,12.327,-3.4,-4,-3,72.533333,64,88,7.097,7.097,7.097,0,0,0,5588,5617,0,0,0,0,0
2021-03-31T20:00:00Z,28,0.741607,0.73,0.753,12.316036,12.308,12.318,-3.571429,-4,-3,71.428571,64,80,7.097,7.097,7.097,0,0,0,5618,5646,0,0,0,0,0
2021-03-31T21:00:00Z,30,0.747433,0.73,0.753,12.3135,12.308,12.318,-3.366667,-4,-3,72,64,80,7.097,7.097,7.097,0,0,0,5647,5676,0,0,0,0,0
2021-03-31T22:00:00Z,30,1.206133,0.741,2.999,12.310867,12.304,12.318,-3.466667,-4,-3,72.233333,55,80,7.097,7.097,7.097,0,0,0,5677,5706,0,0,0,0,0
2021-03-31T23:00:00Z,30,5.1732,2.52,13.728,12.291667,12.181,12.318,-11.266667,-63,-2,58.5,-2,80,7.097,7.097,7.097,0,0,0,5707,5736,0,0,0,0,0
2021-04-01T00:00:00Z,30,11.925567,3.924,13.798,12.3144,12.289,12.36,-1.433333,-11,14,65.6,55,80,7.097,7.097,7.097,0,0,0,5737,5766,0,0,0,0,0
2021-04-01T01:00:00Z,30,13.510967,13.494,13.541,12.378933,12.337,12.408,17.566667,6,24,81.633333,72,105,7.097,7.097,7.097,0,0,0,5767,5796,0,0,0,0,0
2021-04-01T02:00:00Z,30,13.478667,13.436,14.103,12.424667,12.398,12.445,27.8,21,32,88.766667,80,97,7.097,7.097,7.097,0,0,0,5797,5826,0,0,0,0,0
2021-04-01T03:00:00Z,30,13.412333,13.389,13.436,12.4571,12.445,12.474,31.9,30,35,87.7,72,97,7.097,7.097,7.097,0,0,0,5827,5856,0,0,0,0,0
2021-04-01T04:00:00Z,28,13.34,13.26,14.032,12.5155,12.479,12.554,40.464286,33,50,91.321429,72,105,7.097,7.097,7.097,0,0,0,5858,5885,0,0,0,0,0
2021-04-01T05:00:00Z,30,13.3464,13.237,14.009,12.525333,12.502,12.559,33.1,27,45,78.233333,64,105,7.097,7.097,7.097,0,0,0,5886,5915,0,0,0,0,0
2021-04-01T06:00:00Z,30,13.3515,13.284,14.009,12.506867,12.488,12.526,26.3,20,32,63.733333,47,80,7.097,7.097,7.097,0,0,0,5916,5945,0,0,0,0,0
2021-04-01T07:00:00Z,30,13.465767,13.366,14.068,12.4652,12.445,12.493,15.966667,11,25,45.6,30,55,7.097,7.097,7.097,0,0,0,5946,5975,0,0,0,0,0
2021-04-01T08:00:00Z,30,13.471267,13.424,13.518,12.415867,12.379,12.45,4.965517,0,11,33.966667,22,47,7.097,7.097,7.097,0,0,0,5976,6005,0,0,0,0,0
2021-04-01T09:00:00Z,29,13.009621,3.795,13.553,12.351379,12.285,12.384,-6.555556,-12,0,27.37931,14,39,7.097,7.097,7.097,0,0,0,6006,6035,0,0,0,0,0
2021-04-01T10:00:00Z,30,8.615033,2.087,13.6,12.313867,12.289,12.337,-11.3,-23,-4,23.333333,5,39,7.097,7.097,7.097,0,0,0,6036,6065,0,0,0,0,0
2021-04-01T11:00:00Z,28,0.981071,0.741,2.332,12.312,12.304,12.322,-6.75,-7,-6,37.571429,22,47,7.097,7.097,7.097,0,0,0,6066,6093,0,0,0,0,0
2021-04-01T12:00:00Z,30,0.7558,0.73,0.776,12.306,12.299,12.318,-6.266667,-7,-6,43.766667,30,55,7.097,7.097,7.097,0,0,0,6095,6124,0,0,0,0,0
2021-04-01T13:00:00Z,30,0.761367,0.753,0.776,12.305,12.299,12.313,-6.066667,-7,-5,48.066667,39,55,7.097,7.097,7.097,0,0,0,6125,6154,0,0,0,0,0
2021-04-01T14:00:00Z,30,0.769767,0.753,0.788,12.301867,12.294,12.308,-5.8,-7,-5,48.866667,39,55,7.097,7.097,7.097,0,0,0,6155,6184,0,0,0,0,0
2021-04-01T15:00:00Z,30,0.775,0.765,0.788,12.298167,12.294,12.304,-5.766667,-6,-5,49.933333,39,55,7.097,7.097,7.097,0,0,0,6185,6214,0,0,0,0,0
2021-04-01T16:00:00Z,30,0.776133,0.765,0.788,12.296833,12.289,12.304,-5.466667,-6,-5,53.3,47,64,7.097,7.097,7.097,0,0,0,6215,6244,0,0,0,0,0
2021-04-01T17:00:00Z,30,0.7852,0.776,0.8,12.291933,12.285,12.299,-5.633333,-6,-4,49.966667,39,64,7.097,7.097,7.097,0,0,0,6245,6274,0,0,0,0,0
2021-04-01T18:00:00Z,29,0.79169,0.788,0.811,12.289931,12.285,12.294,-5.62069,-7,-4,50.068966,39,64,7.097,7.097,7.097,0,0,0,6275,6303,0,0,0,0,0
2021-04-01T19:00:00Z,29,0.797,0.788,0.811,12.287241,12.28,12.294,-5.448276,-7,-5,53.103448,47,64,7.097,7.097,7.097,0,0,0,6304,6333,0,0,0,0,0
2021-04-01T20:00:00Z,30,0.801033,0.788,0.811,12.2846,12.28,12.289,-5.3,-6,-4,52.966667,39,64,7.097,7.097,7.097,0,0,0,6334,6363,0,0,0,0,0
2021-04-01T21:00:00Z,29,0.806828,0.788,0.823,12.282862,12.275,12.289,-5.103448,-6,-4,55.413793,47,64,7.097,7.097,7.097,0,0,0,6364,6392,0,0,0,0,0
2021-04-01T22:00:00Z,30,1.436567,0.8,6.521,12.280667,12.275,12.285,-4.666667,-6,-4,57.4,47,72,7.097,7.097,7.097,0,0,0,6394,6423,0,0,0,0,0
2021-04-01T23:00:00Z,30,7.065467,2.637,14.185,12.265233,12.147,12.294,-9.9,-64,0,50.566667,-2,64,7.097,7.097,7.097,0,0,0,6424,6453,0,0,0,0,0
2021-04-02T00:00:00Z,29,13.589897,13.541,13.834,12.300724,12.27,12.332,3.071429,-8,16,58.827586,39,80,7.097,7.097,7.097,0,0,0,6454,6482,0,0,0,0,0
2021-04-02T01:00:00Z,29,13.508828,13.447,13.564,12.378172,12.318,12.431,25.034483,0,46,76.62069,47,105,7.097,7.097,7.097,0,0,0,6484,6512,0,0,0,0,0
2021-04-02T02:00:00Z,30,13.491167,13.447,13.553,12.398967,12.332,12.436,25.666667,7,39,76.866667,55,97,7.097,7.097,7.097,0,0,0,6513,6542,0,0,0,0,0
2021-04-02T03:00:00Z,29,13.508379,13.412,14.138,12.422207,12.374,12.464,28.931034,10,40,76.344828,47,97,7.097,7.097,7.097,0,0,0,6543,6572,0,0,0,0,0
2021-04-02T04:00:00Z,30,13.319667,13.26,13.424,12.517,12.455,12.55,46.733333,31,62,92.166667,72,113,7.097,7.097,7.097,0,0,0,6573,6602,0,0,0,0,0
2021-04-02T05:00:00Z,30,13.365967,13.284,14.044,12.5017,12.464,12.54,31.833333,23,43,65.2,47,88,7.097,7.097,7.097,0,0,0,6603,6632,0,0,0,0,0
2021-04-02T06:00:00Z,30,13.416167,13.377,13.459,12.456167,12.422,12.479,20.6,6,30,47.066667,39,64,7.097,7.097,7.097,0,0,0,6633,6662,0,0,0,0,0
2021-04-02T07:00:00Z,30,13.492233,13.377,14.056,12.426767,12.389,12.483,11.7,4,29,33.6,22,64,7.097,7.097,7.097,0,0,0,6663,6692,0,0,0,0,0
2021-04-02T08:00:00Z,30,13.537467,13.483,14.138,12.371133,12.337,12.403,2.714286,-7,10,29.866667,22,39,7.097,7.097,7.097,0,0,0,6693,6722,0,0,0,0,0
2021-04-02T09:00:00Z,29,13.597138,13.541,14.173,12.320862,12.294,12.341,-6.25,-13,1,15.517241,-2,30,7.097,7.097,7.097,0,0,0,6723,6751,0,0,0,0,0
2021-04-02T10:00:00Z,30,8.038167,2.145,13.635,12.2899,12.261,12.327,-11.3,-25,0,15.233333,-10,30,7.097,7.097,7.097,0,0,0,6752,6781,0,0,0,0,0
2021-04-02T11:00:00Z,29,0.993034,0.8,2.204,12.28431,12.275,12.294,-7.551724,-8,-7,29.689655,14,39,7.097,7.097,7.097,0,0,0,6782,6811,0,0,0,0,0
2021-04-02T12:00:00Z,29,0.809931,0.8,0.823,12.277586,12.27,12.28,-7.206897,-8,-7,30.275862,22,39,7.097,7.097,7.097,0,0,0,6812,6841,0,0,0,0,0
2021-04-02T13:00:00Z,30,0.815,0.811,0.835,12.276667,12.27,12.28,-7,-8,-6,36.466667,22,47,7.097,7.097,7.097,0,0,0,6842,6871,0,0,0,0,0
2021-04-02T14:00:00Z,29,0.825069,0.811,0.835,12.273276,12.27,12.28,-7,-8,-6,36.137931,30,47,7.097,7.097,7.097,0,0,0,6872,6900,0,0,0,0,0
2021-04-02T15:00:00Z,30,0.8306,0.823,0.847,12.270833,12.261,12.275,-6.9,-8,-6,36.766667,30,47,7.097,7.097,7.097,0,0,0,6901,6930,0,0,0,0,0
2021-04-02T16:00:00Z,30,0.837367,0.823,0.858,12.267733,12.261,12.275,-6.7,-7,-6,37.066667,22,47,7.097,7.097,7.097,0,0,0,6931,6960,0,0,0,0,0
2021-04-02T17:00:00Z,30,0.842133,0.823,0.858,12.267067,12.261,12.275,-6.066667,-7,-5,48.333333,39,55,7.097,7.097,7.097,0,0,0,6961,6990,0,0,0,0,0
2021-04-02T18:00:00Z,30,0.847967,0.835,0.858,12.265167,12.256,12.27,-5.266667,-6,-4,53.3,39,64,7.097,7.097,7.097,0,0,0,6991,7020,0,0,0,0,0
2021-04-02T19:00:00Z,30,0.854833,0.847,0.87,12.262333,12.256,12.266,-4.2,-6,-4,60.666667,47,72,7.097,7.097,7.097,0,0,0,7021,7050,0,0,0,0,0
2021-04-02T20:00:00Z,30,0.8629,0.847,0.882,12.259,12.251,12.266,-4.166667,-5,-4,60.966667,47,72,7.097,7.097,7.097,0,0,0,7051,7080,0,0,0,0,0
2021-04-02T21:00:00Z,28,0.871714,0.847,0.893,12.255857,12.247,12.261,-3.964286,-5,-3,64.107143,55,72,7.097,7.097,7.097,0,0,0,7081,7109,0,0,0,0,0
2021-04-02T22:00:00Z,30,2.198333,0.87,8.756,12.2541,12.247,12.261,-3.5,-4,-3,69.6,64,80,7.097,7.097,7.097,0,0,0,7110,7139,0,0,0,0,0
2021-04-02T23:00:00Z,30,5.328667,2.648,13.81,12.2292,12.119,12.256,-13.266667,-63,-3,55.433333,-2,72,7.097,7.097,7.097,0,0,0,7140,7169,0,0,0,0,0
2021-04-03T00:00:00Z,29,6.395138,3.853,14.243,12.249621,12.237,12.261,-3.448276,-6,0,66.103448,55,80,7.097,7.097,7.097,0,0,0,7170,7199,0,0,0,0,0
2021-04-03T01:00:00Z,30,13.557533,13.483,13.635,12.331,12.261,12.417,22.566667,2,50,93.9,55,138,7.097,7.097,7.097,0,0,0,7200,7229,0,0,0,0,0
2021-04-03T02:00:00Z,30,13.524267,13.401,14.185,12.3815,12.327,12.474,32.3,13,60,119.466667,88,147,7.097,7.097,7.097,0,0,0,7230,7259,0,0,0,0,0
2021-04-03T03:00:00Z,30,13.323533,13.132,14.091,12.551433,12.403,12.658,69.333333,31,99,148.266667,113,163,7.097,7.097,7.097,0,0,0,7260,7289,0,0,0,0,0
2021-04-03T04:00:00Z,30,13.299667,13.12,14.044,12.578,12.483,12.673,54.9,23,93,131.9,105,163,7.097,7.097,7.097,0,0,0,7290,7319,0,0,0,0,0
2021-04-03T05:00:00Z,28,13.302,13.19,13.986,12.542607,12.479,12.597,45,26,63,114.571429,88,138,7.097,7.097,7.097,0,0,0,7320,7348,0,0,0,0,0
2021-04-03T06:00:00Z,30,13.356933,13.213,14.009,12.522367,12.445,12.583,35.9,12,56,91.9,55,113,7.097,7.097,7.097,0,0,0,7349,7378,0,0,0,0,0
2021-04-03T07:00:00Z,30,13.3569,13.213,14.044,12.520467,12.464,12.573,36.3,20,53,96.4,72,122,7.097,7.097,7.097,0,0,0,7379,7408,0,0,0,0,0
2021-04-03T08:00:00Z,30,13.410433,13.284,13.506,12.4569,12.384,12.54,19.3,0,43,79.033333,64,105,7.097,7.097,7.097,0,0,0,7409,7438,0,0,0,0,0
2021-04-03T09:00:00Z,30,13.462267,11.552,13.564,12.352667,12.318,12.408,1.37931,-8,25,85.333333,64,122,7.097,7.097,7.097,0,0,0,7439,7468,0,0,0,0,0
2021-04-03T10:00:00Z,30,8.5393,2.075,14.068,12.328,12.28,12.403,-1.068966,-20,19,71.366667,39,105,7.097,7.097,7.097,0,0,0,7469,7498,0,0,0,0,0
2021-04-03T11:00:00Z,30,1.0193,0.765,2.426,12.3015,12.289,12.313,-3.233333,-4,-3,74.666667,64,80,7.097,7.097,7.097,0,0,0,7499,7528,0,0,0,0,0
2021-04-03T12:00:00Z,30,0.795067,0.776,0.811,12.2881,12.28,12.294,-3.533333,-4,-3,69.466667,55,80,7.097,7.097,7.097,0,0,0,7529,7558,0,0,0,0,0
2021-04-03T13:00:00Z,30,0.8128,0.788,0.835,12.2783,12.27,12.289,-3.5,-4,-3,71.2,64,80,7.097,7.097,7.097,0,0,0,7559,7588,0,0,0,0,0
2021-04-03T14:00:00Z,29,0.832069,0.811,0.858,12.270552,12.266,12.275,-3.344828,-4,-3,71.413793,55,88,7.097,7.097,7.097,0,0,0,7589,7617,0,0,0,0,0
2021-04-03T15:00:00Z,30,0.850967,0.835,0.87,12.264667,12.256,12.27,-3.233333,-4,-3,76.266667,64,88,7.097,7.097,7.097,0,0,0,7618,7647,0,0,0,0,0
2021-04-03T16:00:00Z,30,0.853667,0.835,0.87,12.2623,12.256,12.27,-3,-4,-2,79.733333,72,88,7.097,7.097,7.097,0,0,0,7648,7677,0,0,0,0,0
2021-04-03T17:00:00Z,30,0.896467,0.847,0.928,12.255,12.251,12.261,-3.266667,-4,-3,75.2,64,88,7.097,7.097,7.097,0,0,0,7678,7707,0,0,0,0,0
2021-04-03T18:00:00Z,30,0.912467,0.893,0.928,12.250133,12.242,12.256,-3.366667,-4,-3,71.2,64,80,7.097,7.097,7.097,0,0,0,7708,7737,0,0,0,0,0
2021-04-03T19:00:00Z,30,0.915933,0.905,0.928,12.2483,12.242,12.251,-3.066667,-4,-3,76.266667,64,80,7.097,7.097,7.097,0,0,0,7738,7767,0,0,0,0,0
2021-04-03T20:00:00Z,30,0.9256,0.905,0.94,12.245867,12.237,12.251,-3.066667,-4,-3,75.466667,64,80,7.097,7.097,7.097,0,0,0,7768,7797,0,0,0,0,0
2021-04-03T21:00:00Z,30,0.931033,0.917,0.94,12.243167,12.237,12.247,-2.966667,-3,-2,79.466667,72,88,7.097,7.097,7.097,0,0,0,7798,7827,0,0,0,0,0
2021-04-03T22:00:00Z,28,1.704357,0.928,4.532,12.239286,12.233,12.247,-2.964286,-4,-2,76.571429,64,88,7.097,7.097,7.097,0,0,0,7828,7856,0,0,0,0,0
2021-04-03T23:00:00Z,30,10.652,3.362,13.822,12.1971,12.105,12.242,-18.333333,-62,-3,53.633333,5,80,7.097,7.097,7.097,0,0,0,7857,7886,0,0,0,0,0
2021-04-04T00:00:00Z,30,13.691433,13.67,13.705,12.219667,12.204,12.237,-7.413793,-15,0,77.6,47,97,7.097,7.097,7.097,0,0,0,7887,7916,0,0,0,0,0
2021-04-04T01:00:00Z,30,13.599467,13.529,13.681,12.290633,12.218,12.351,16.733333,-9,42,113.633333,72,147,7.097,7.097,7.097,0,0,0,7917,7946,0,0,0,0,0
2021-04-04T02:00:00Z,30,13.5438,13.412,14.22,12.363133,12.285,12.464,35.8,9,69,135.6,97,163,7.097,7.097,7.097,0,0,0,7947,7976,0,0,0,0,0
2021-04-04T03:00:00Z,30,13.561733,13.436,13.646,12.3253,12.261,12.441,18.166667,-4,65,135.033333,113,171,7.097,7.097,7.097,0,0,0,7977,8006,0,0,0,0,0
2021-04-04T04:00:00Z,30,13.3983,9.551,13.658,12.353833,12.247,12.455,25.3,-13,64,120.3,55,163,7.097,7.097,7.097,0,0,0,8007,8036,0,0,0,0,0
2021-04-04T05:00:00Z,30,13.1661,3.339,13.693,12.305333,12.218,12.469,17.033333,-13,78,109.533333,64,180,7.097,7.097,7.097,0,0,0,8037,8066,0,0,0,0,0
2021-04-04T06:00:00Z,29,13.528103,13.447,13.646,12.360862,12.256,12.441,28.178571,-7,56,114.172414,80,147,7.097,7.097,7.097,0,0,0,8067,8096,0,0,0,0,0
2021-04-04T07:00:00Z,30,4.523833,2.297,13.646,12.2654,12.185,12.417,0.458333,-16,42,107.033333,64,130,7.097,7.097,7.097,0,0,0,8097,8126,0,0,0,0,0
2021-04-04T08:00:00Z,29,13.648759,13.588,14.266,12.271207,12.256,12.294,10.655172,3,21,111.068966,80,130,7.097,7.097,7.097,0,0,0,8127,8155,0,0,0,0,0
2021-04-04T09:00:00Z,30,13.653767,13.518,14.185,12.2655,12.223,12.374,8.633333,-4,47,88.366667,64,130,7.097,7.097,7.097,0,0,0,8156,8185,0,0,0,0,0
2021-04-04T10:00:00Z,29,9.386828,2.321,13.74,12.217621,12.181,12.266,-8.55,-21,3,81.103448,55,105,7.097,7.097,7.097,0,0,0,8186,8215,0,0,0,0,0
2021-04-04T11:00:00Z,29,1.132379,0.94,2.227,12.221276,12.218,12.228,-2.16,-3,-2,92.37931,80,105,7.097,7.097,7.097,0,0,0,8216,8245,0,0,0,0,0
2021-04-04T12:00:00Z,29,0.965103,0.952,0.987,12.218103,12.209,12.228,-2.517241,-3,-2,85.068966,72,97,7.097,7.097,7.097,0,0,0,8246,8275,0,0,0,0,0
2021-04-04T13:00:00Z,27,0.967148,0.952,0.975,12.216333,12.204,12.223,-2.888889,-3,-2,79.407407,64,88,7.097,7.097,7.097,0,0,0,8276,8304,0,0,0,0,0
2021-04-04T14:00:00Z,29,0.974483,0.964,0.987,12.212138,12.204,12.218,-3.310345,-4,-3,73.37931,64,80,7.097,7.097,7.097,0,0,0,8305,8334,0,0,0,0,0
2021-04-04T15:00:00Z,26,1.011692,0.975,1.045,12.196962,12.185,12.214,-5.884615,-8,-3,45.730769,5,80,6.835577,0.3,7.097,0,0,0,1,8343,0,0,0,0,0
2021-10-30T09:00:00Z,3,0,0,0,12.951333,12.71,13.24,1240,1240,1240,144,72,213,4.831333,0.3,7.097,0.666667,0,1,1,5,0,0,3,0,0
2021-10-30T10:00:00Z,29,0,0,0,13.246793,13.24,13.254,1240,1240,1240,178.62069,155,205,7.097,7.097,7.097,1,1,1,6,35,0,0,29,0,0
2021-10-30T11:00:00Z,30,0,0,0,13.246,13.24,13.25,1240,1240,1240,149.233333,130,163,7.097,7.097,7.097,1,1,1,36,65,0,0,30,0,0
2021-10-30T12:00:00Z,30,0,0,0,13.2442,13.236,13.25,1240,1240,1240,134.6,122,155,7.097,7.097,7.097,1,1,1,66,95,0,0,30,0,0
2021-10-30T13:00:00Z,28,0,0,0,13.243071,13.236,13.245,1240,1240,1240,123.214286,105,138,7.097,7.097,7.097,1,1,1,97,124,0,0,28,0,0
2021-10-30T14:00:00Z,29,0,0,0,13.24269,13.236,13.25,1240,1240,1240,117.172414,97,130,7.097,7.097,7.097,1,1,1,125,154,0,0,29,0,0
2021-10-30T15:00:00Z,30,0,0,0,13.242333,13.24,13.25,1240,1240,1240,112.066667,105,122,7.097,7.097,7.097,1,1,1,155,184,0,0,30,0,0
2021-10-30T16:00:00Z,30,0,0,0,13.2427,13.236,13.245,1240,1240,1240,109.366667,97,122,7.097,7.097,7.097,1,1,1,185,214,0,0,30,0,0
2021-10-30T17:00:00Z,28,0,0,0,13.242821,13.236,13.25,1240,1240,1240,108.5,97,122,7.097,7.097,7.097,1,1,1,215,243,0,0,28,0,0
2021-10-30T18:00:00Z,30,0,0,0,13.240467,13.236,13.245,1240,1240,1240,107.4,88,130,7.097,7.097,7.097,1,1,1,244,273,0,0,30,0,0
2021-10-30T19:00:00Z,30,0,0,0,13.2396,13.231,13.245,1240,1240,1240,109.333333,97,130,7.097,7.097,7.097,1,1,1,274,303,0,0,30,0,0
2021-10-30T20:00:00Z,30,0,0,0,13.240833,13.236,13.245,1240,1240,1240,111.566667,97,122,7.097,7.097,7.097,1,1,1,304,333,0,0,30,0,0
2021-10-30T21:00:00Z,30,0,0,0,13.241433,13.236,13.245,1240,1240,1240,114.066667,97,122,7.097,7.097,7.097,1,1,1,334,363,0,0,30,0,0
2021-10-30T22:00:00Z,30,0,0,0,13.241133,13.236,13.245,1240,1240,1240,111.566667,105,122,7.097,7.097,7.097,1,1,1,364,393,0,0,30,0,0
2021-10-30T23:00:00Z,30,0,0,0,13.2418,13.236,13.25,1240,1240,1240,110.4,97,122,7.097,7.097,7.097,1,1,1,394,423,0,0,30,0,0
2021-10-31T00:00:00Z,30,0,0,0,13.239133,13.231,13.245,1240,1240,1240,91.533333,64,113,7.097,7.097,7.097,1,1,1,424,453,0,0,30,0,0
2021-10-31T01:00:00Z,30,0,0,0,13.2392,13.236,13.245,1240,1240,1240,86.1,72,105,7.097,7.097,7.097,1,1,1,454,483,0,0,30,0,0
2021-10-31T02:00:00Z,29,0,0,0,13.240034,13.231,13.245,1240,1240,1240,80.586207,72,97,7.097,7.097,7.097,1,1,1,484,512,0,0,29,0,0
2021-10-31T03:00:00Z,30,0,0,0,13.241167,13.236,13.245,1240,1240,1240,108.866667,72,130,7.097,7.097,7.097,1,1,1,513,542,0,0,30,0,0
2021-10-31T04:00:00Z,30,0,0,0,13.239767,13.236,13.245,1240,1240,1240,112.466667,97,130,7.097,7.097,7.097,1,1,1,543,572,0,0,30,0,0
2021-10-31T05:00:00Z,30,0,0,0,13.2424,13.236,13.245,1240,1240,1240,126.2,113,138,7.097,7.097,7.097,1,1,1,573,602,0,0,30,0,0
2021-10-31T06:00:00Z,30,0,0,0,13.242433,13.236,13.25,1240,1240,1240,108,88,122,7.097,7.097,7.097,1,1,1,603,632,0,0,30,0,0
2021-10-31T07:00:00Z,30,0,0,0,13.240267,13.236,13.245,1240,1240,1240,125.8,105,138,7.097,7.097,7.097,1,1,1,633,662,0,0,30,0,0
2021-10-31T08:00:00Z,30,0,0,0,13.243167,13.24,13.25,1240,1240,1240,136.866667,122,147,7.097,7.097,7.097,1,1,1,663,692,0,0,30,0,0
2021-10-31T09:00:00Z,29,0,0,0,13.242483,13.236,13.245,1240,1240,1240,140.068966,130,147,7.097,7.097,7.097,1,1,1,694,722,0,0,29,0,0
2021-10-31T10:00:00Z,29,0,0,0,13.241724,13.24,13.245,1240,1240,1240,139.103448,122,147,7.097,7.097,7.097,1,1,1,723,751,0,0,29,0,0
2021-10-31T11:00:00Z,30,0,0,0,13.241633,13.236,13.245,1240,1240,1240,143.666667,130,155,7.097,7.097,7.097,1,1,1,752,781,0,0,30,0,0
2021-10-31T12:00:00Z,30,0,0,0,13.241033,13.236,13.245,1240,1240,1240,142.166667,130,155,7.097,7.097,7.097,1,1,1,782,811,0,0,30,0,0
2021-10-31T13:00:00Z,30,0,0,0,13.2419,13.236,13.245,1240,1240,1240,145.033333,138,155,7.097,7.097,7.097,1,1,1,812,841,0,0,30,0,0
2021-10-31T14:00:00Z,30,0,0,0,13.2419,13.236,13.245,1240,1240,1240,145.633333,138,155,7.097,7.097,7.097,1,1,1,842,871,0,0,30,0,0
2021-10-31T15:00:00Z,30,0,0,0,13.240367,13.236,13.245,1240,1240,1240,145.1,130,155,7.097,7.097,7.097,1,1,1,872,901,0,0,30,0,0
2021-10-31T16:00:00Z,28,0,0,0,13.239929,13.231,13.245,1240,1240,1240,125.857143,113,138,7.097,7.097,7.097,1,1,1,902,931,0,0,28,0,0
2021-10-31T17:00:00Z,27,0,0,0,13.238704,13.236,13.245,1240,1240,1240,110.407407,97,122,7.097,7.097,7.097,1,1,1,932,960,0,0,27,0,0
2021-10-31T18:00:00Z,29,0,0,0,13.237759,13.231,13.24,1240,1240,1240,101.068966,80,113,7.097,7.097,7.097,1,1,1,961,990,0,0,29,0,0
2021-10-31T19:00:00Z,30,0,0,0,13.239433,13.236,13.245,1240,1240,1240,99.3,88,113,7.097,7.097,7.097,1,1,1,991,1020,0,0,30,0,0
2021-10-31T20:00:00Z,30,0,0,0,13.2381,13.231,13.245,1240,1240,1240,95.566667,80,105,7.097,7.097,7.097,1,1,1,1021,1050,0,0,30,0,0
2021-10-31T21:00:00Z,30,0,0,0,13.238133,13.231,13.245,1240,1240,1240,94.133333,80,113,7.097,7.097,7.097,1,1,1,1051,1080,0,0,30,0,0
2021-10-31T22:00:00Z,30,0,0,0,13.240233,13.236,13.245,1240,1240,1240,93.666667,80,105,7.097,7.097,7.097,1,1,1,1081,1110,0,0,30,0,0
2021-10-31T23:00:00Z,29,0,0,0,13.238897,13.231,13.245,1240,1240,1240,91.793103,72,97,7.097,7.097,7.097,1,1,1,1111,1140,0,0,29,0,0
2021-11-01T00:00:00Z,29,0,0,0,13.236586,13.226,13.245,1240,1240,1240,77.206897,47,105,7.097,7.097,7.097,1,1,1,1141,1169,0,0,29,0,0
2021-11-01T01:00:00Z,28,0,0,0,13.234714,13.226,13.24,1240,1240,1240,66.428571,39,88,7.097,7.097,7.097,1,1,1,1170,1199,0,0,28,0,0
2021-11-01T02:00:00Z,23,0,0,0,13.235261,13.231,13.24,1240,1240,1240,64.086957,55,72,7.097,7.097,7.097,1,1,1,1200,1223,0,0,23,0,0
