ts,n_samples,solar_v_avg,solar_v_min,solar_v_max,solar2_v_avg,solar2_v_min,solar2_v_max,battery_v_avg,battery_v_min,battery_v_max,current_a_avg,current_a_min,current_a_max,power_w_avg,power_w_min,power_w_max,load_v_avg,load_v_min,load_v_max,wind_v_avg,wind_v_min,wind_v_max,temp_c_avg,temp_c_min,temp_c_max,lipo_v_avg,lipo_v_min,lipo_v_max,boot_count_min,boot_count_max,solar_v_n_oor,solar2_v_n_oor,battery_v_n_oor,current_a_n_oor,power_w_n_oor,load_v_n_oor,wind_v_n_oor,temp_c_n_oor,lipo_v_n_oor
2020-06-15T06:00:00Z,25,13.68152,13.453,14.295,4.58076,4.543,4.616,13.41744,12.844,13.566,0.79852,0.634,1.08,9.292829,7.265989,12.446244,0,0,0,9.73032,7.354,12.152,,,,4.12196,4.107,4.125,1,25,0,0,0,0,0,0,0,0,0
2020-06-15T07:00:00Z,29,13.117207,12.761,13.889,3.868517,3.411,4.506,12.841966,12.678,13.28,0.17631,0.047,0.486,1.985371,0.510401,5.516951,0,0,0,7.244103,0,12.784,,,,4.112586,4.101,4.125,26,55,0,0,0,0,0,0,0,0,0
2020-06-15T08:00:00Z,29,13.047138,12.686,13.438,3.812552,3.411,4.199,12.735172,12.611,12.821,0.121,0.06,0.141,1.342265,0.674985,1.604192,0,0,0,3.563552,0,10.926,,,,4.091241,4.085,4.101,56,84,0,0,0,0,0,0,0,0,0
2020-06-15T09:00:00Z,30,12.889,12.693,13.295,3.6046,3.402,4.034,12.650833,12.603,12.754,0.107667,0.074,0.128,1.178968,0.79839,1.395795,0,0,0,3.0814,0,11.761,,,,4.077233,4.07,4.085,85,114,0,0,0,0,0,0,0,0,0
2020-06-15T10:00:00Z,29,9.927345,2.707,13.272,3.377138,2.435,3.842,12.54669,12.46,12.656,0.076621,0.033,0.128,0.662535,0.124251,1.384371,0,0,0,0,0,0,,,,4.063069,4.056,4.07,115,143,0,0,0,0,0,0,0,0,0
2020-06-15T11:00:00Z,30,0.719733,0,3.903,0.3831,0,2.421,12.4625,12.43,12.49,0.038367,0.006,0.081,0.020199,0,0.104032,0,0,0,0,0,0,,,,4.050733,4.046,4.057,144,173,0,0,0,0,0,0,0,0,0
2020-06-15T12:00:00Z,29,0,0,0,0,0,0,12.434897,12.415,12.46,0.042241,0.013,0.067,0,0,0,0,0,0,0,0,0,,,,4.041586,4.036,4.048,174,202,0,0,0,0,0,0,0,0,0
2020-06-15T13:00:00Z,30,0,0,0,0,0,0,12.410467,12.393,12.43,0.0377,0.006,0.06,0,0,0,0,0,0,0,0,0,,,,4.032833,4.03,4.038,203,232,0,0,0,0,0,0,0,0,0
2020-06-15T14:00:00Z,29,0,0,0,0,0,0,12.419103,12.385,12.468,0.033414,0.02,0.054,0,0,0,0,0,0,0,0,0,,,,4.025862,4.022,4.03,233,261,0,0,0,0,0,0,0,0,0
2020-06-15T15:00:00Z,30,0,0,0,0,0,0,12.460433,12.453,12.468,0.033767,0.02,0.047,0,0,0,0,0,0,0,0,0,,,,4.018133,4.014,4.023,262,291,0,0,0,0,0,0,0,0,0
2020-06-15T16:00:00Z,29,0,0,0,0,0,0,12.453793,12.438,12.46,0.035345,0.027,0.047,0,0,0,0,0,0,0,0,0,,,,4.010966,4.007,4.014,292,320,0,0,0,0,0,0,0,0,0
2020-06-15T17:00:00Z,30,0,0,0,0,0,0,12.444933,12.43,12.453,0.038833,0.033,0.047,0,0,0,0,0,0,0,0,0,,,,4.005433,4.003,4.009,321,350,0,0,0,0,0,0,0,0,0
2020-06-15T18:00:00Z,28,0,0,0,0,0,0,12.443857,12.43,12.453,0.037036,0.027,0.047,0,0,0,0,0,0,0,0,0,,,,3.999429,3.998,4.003,352,379,0,0,0,0,0,0,0,0,0
2020-06-15T19:00:00Z,30,0,0,0,0,0,0,12.440267,12.43,12.445,0.039533,0.033,0.047,0,0,0,0,0,0,0,0,0,,,,3.9944,3.991,3.998,380,409,0,0,0,0,0,0,0,0,0
2020-06-15T20:00:00Z,30,0,0,0,0,0,0,12.435733,12.423,12.445,0.038867,0.027,0.047,0,0,0,0,0,0,0,0,0,,,,3.990467,3.988,3.994,410,439,0,0,0,0,0,0,0,0,0
2020-06-15T21:00:00Z,29,0,0,0,0,0,0,12.43231,12.423,12.445,0.038345,0.027,0.047,0,0,0,0,0,0,0,0,0,,,,3.987448,3.985,3.991,440,468,0,0,0,0,0,0,0,0,0
2020-06-15T22:00:00Z,30,5.8054,0,13.318,1.962267,0,4.254,12.471033,12.408,12.686,0.067233,0.033,0.168,0.491321,0,1.822271,0,0,0,0,0,0,,,,3.983833,3.982,3.986,469,498,0,0,0,0,0,0,0,0,0
2020-06-15T23:00:00Z,29,13.075862,12.784,13.671,4.350207,4.268,4.474,12.843379,12.693,12.987,0.298655,0.189,0.459,3.329706,2.05375,5.333741,0,0,0,0,0,0,,,,3.987345,3.982,4.003,499,527,0,0,0,0,0,0,0,0,0
2020-06-16T00:00:00Z,30,13.425133,13.084,14.024,4.5368,4.474,4.621,13.078933,13.002,13.303,0.578067,0.445,0.87,6.601465,4.949023,10.370748,0,0,0,0,0,0,,,,4.0241,3.999,4.056,528,557,0,0,0,0,0,0,0,0,0
2020-06-16T01:00:00Z,29,13.79269,12.641,14.521,7.683931,4.63,12.059,13.385517,12.558,13.836,1.032828,0.904,1.147,12.104991,10.354958,13.72104,2.000034,0,11.686,0,0,0,,,,4.100655,4.062,4.122,558,586,0,0,0,0,0,0,0,0,0
2020-06-16T02:00:00Z,30,13.230267,12.633,15.498,11.9993,11.848,12.155,12.823833,12.52,14.649,1.5548,1.134,2.018,17.441934,12.336956,22.250872,9.289233,0,11.851,0,0,0,,,,4.1232,4.118,4.126,587,616,0,0,0,0,0,0,0,0,0
2020-06-16T03:00:00Z,29,13.574345,12.693,18.589,11.898034,11.555,12.233,12.992448,12.483,14.664,1.697586,1.113,2.126,19.473751,14.695617,24.242608,9.332862,0,11.934,0,0,0,,,,4.126483,4.125,4.13,617,645,0,0,0,0,0,0,0,0,0
2020-06-16T04:00:00Z,30,13.277933,12.618,15.528,11.6116,11.34,12.096,12.926333,12.49,14.754,1.454033,1.12,2.045,16.369676,12.413128,22.705021,9.718033,0,11.896,0,0,0,,,,4.126133,4.125,4.13,646,675,0,0,0,0,0,0,0,0,0
2020-06-16T05:00:00Z,30,13.779133,12.641,18.13,11.6671,11.23,12.274,13.285567,12.528,14.671,1.7204,1.181,2.612,20.017261,13.366903,31.271517,8.729533,0,12.408,0,0,0,,,,4.1271,4.125,4.13,676,705,0,0,0,0,0,0,0,0,0
2020-06-16T06:00:00Z,29,14.11269,13.551,15.265,11.879103,11.637,12.091,13.783862,13.37,14.536,2.809448,2.49,3.118,33.75011,28.841948,38.922306,12.753966,12.348,13.438,0,0,0,,,,4.128655,4.126,4.131,706,734,0,0,0,5,0,0,0,0,0
2020-06-16T07:00:00Z,30,14.4195,13.37,15.596,9.2003,4.603,12.242,13.9495,12.829,14.852,1.892767,0.87,2.99,23.116948,10.729262,39.294132,6.774167,0,13.536,0,0,0,,,,4.128133,4.122,4.133,735,764,0,0,0,0,0,0,0,0,0
2020-06-16T08:00:00Z,29,14.172655,13.175,20.612,7.054345,4.483,12.132,13.486241,12.912,14.378,0.953483,0.108,2.2,11.326823,1.865927,25.988585,3.343172,0,12.302,1.960276,0,11.385,,,,4.126655,4.12,4.133,765,793,0,0,0,0,0,0,0,0,0
2020-06-16T09:00:00Z,30,13.167433,9.866,14.107,4.0874,3.246,4.483,13.109133,12.648,13.476,0.214433,0.04,0.438,2.446987,0.335444,5.047643,0,0,0,3.7849,0,12.092,,,,4.1201,4.11,4.126,794,823,0,0,0,0,0,0,0,0,0
2020-06-16T10:00:00Z,29,1.525448,0.549,4.549,1.562138,0.753,2.494,12.648655,12.618,12.678,0.052069,0.013,0.087,0.071959,0.011127,0.313199,0,0,0,0.969517,0,10.234,,,,4.101483,4.093,4.112,824,852,0,0,0,0,0,0,0,0,0
2020-06-16T11:00:00Z,30,0.306233,0,3.534,0,0,0,12.599467,12.551,12.641,0.048167,0,0.081,0.015666,0,0.201261,0,0,0,0,0,0,,,,4.0862,4.08,4.093,853,882,0,0,0,0,0,0,0,0,0
2020-06-16T12:00:00Z,29,0,0,0,0,0,0,12.563414,12.513,12.596,0.041759,0,0.087,0,0,0,0,0,0,0,0,0,,,,4.071655,4.064,4.08,883,911,0,0,0,0,0,0,0,0,0
2020-06-16T13:00:00Z,30,0,0,0,0,0,0,12.538333,12.505,12.618,0.044767,0.006,0.074,0,0,0,0,0,0,0,0,0,,,,4.058333,4.051,4.065,912,941,0,0,0,0,0,0,0,0,0
2020-06-16T14:00:00Z,29,0,0,0,0,0,0,12.616207,12.603,12.626,0.046172,0.013,0.067,0,0,0,0,0,0,0,0,0,,,,4.047138,4.041,4.052,942,970,0,0,0,0,0,0,0,0,0
2020-06-16T15:00:00Z,30,0,0,0,0,0,0,12.6042,12.588,12.618,0.0386,0.013,0.06,0,0,0,0,0,0,0,0,0,,,,4.0386,4.035,4.043,971,1000,0,0,0,0,0,0,0,0,0
2020-06-16T16:00:00Z,29,0,0,0,0,0,0,12.601483,12.588,12.611,0.038207,0.02,0.06,0,0,0,0,0,0,0,0,0,,,,4.030172,4.027,4.035,1001,1029,0,0,0,0,0,0,0,0,0
2020-06-16T17:00:00Z,30,0,0,0,0,0,0,12.595833,12.581,12.611,0.0394,0.027,0.054,0,0,0,0,0,0,0,0,0,,,,4.022967,4.019,4.028,1030,1059,0,0,0,0,0,0,0,0,0
2020-06-16T18:00:00Z,29,0,0,0,0,0,0,12.586655,12.566,12.596,0.035138,0.02,0.047,0,0,0,0,0,0,0,0,0,,,,4.015034,4.011,4.019,1060,1088,0,0,0,0,0,0,0,0,0
2020-06-16T19:00:00Z,30,0,0,0,0,0,0,12.5793,12.566,12.588,0.038167,0.027,0.047,0,0,0,0,0,0,0,0,0,,,,4.0087,4.004,4.012,1089,1118,0,0,0,0,0,0,0,0,0
2020-06-16T20:00:00Z,30,0,0,0,0,0,0,12.574,12.566,12.581,0.0407,0.033,0.047,0,0,0,0,0,0,0,0,0,,,,4.003033,3.999,4.007,1119,1148,0,0,0,0,0,0,0,0,0
2020-06-16T21:00:00Z,29,0,0,0,0,0,0,12.572207,12.566,12.581,0.040483,0.033,0.047,0,0,0,0,0,0,0,0,0,,,,3.996862,3.994,3.999,1149,1177,0,0,0,0,0,0,0,0,0
2020-06-16T22:00:00Z,30,4.959933,0,13.355,1.6566,0,4.181,12.584733,12.558,12.806,0.056967,0.027,0.128,0.331579,0,1.399821,0,0,0,0,0,0,,,,3.992933,3.988,3.996,1178,1207,0,0,0,0,0,0,0,0,0
2020-06-16T23:00:00Z,29,13.198517,12.912,13.633,4.333793,4.227,4.401,12.910931,12.821,12.987,0.200207,0.148,0.243,2.247616,1.62433,2.696304,0,0,0,0,0,0,,,,3.99231,3.988,3.999,1208,1236,0,0,0,0,0,0,0,0,0
2020-06-17T00:00:00Z,30,13.5465,13.069,14.085,4.456967,4.341,4.534,13.2208,12.994,13.408,0.527867,0.236,0.769,6.101083,2.621641,8.828197,0,0,0,0,0,0,,,,4.016867,3.998,4.036,1237,1266,0,0,0,0,0,0,0,0,0
2020-06-17T01:00:00Z,29,14.093276,12.942,15.98,7.227345,4.52,12.426,13.76569,12.829,15.22,1.23569,0.783,1.876,14.78376,9.00356,23.471424,2.461586,0,11.994,0,0,0,,,,4.091172,4.038,4.13,1267,1295,0,0,0,0,0,0,0,0,0
2020-06-17T02:00:00Z,30,13.561167,12.972,15.611,12.056933,11.747,12.238,13.211,12.731,14.829,1.907433,1.404,2.349,21.959505,17.696929,28.72181,10.845833,0,12.581,0.0178,0,0.534,,,,4.1251,4.122,4.131,1296,1325,0,0,0,0,0,0,0,0,0
2020-06-17T03:00:00Z,29,15.059379,13.701,20.048,11.830069,4.566,12.384,14.144276,13.581,15.152,2.408241,0.594,2.787,30.651056,8.492308,47.49271,12.194,0,13.588,0.479448,0,10.693,,,,4.128655,4.118,4.133,1326,1354,0,0,0,0,0,0,0,0,0
2020-06-17T04:00:00Z,30,16.1619,13.498,20.462,10.947633,4.561,12.591,14.375933,12.844,15.04,1.840033,0.33,3.429,25.163569,5.739591,50.223353,7.920333,0,13.716,0.273467,0,8.204,32.9,31.7,33.3,4.130167,4.123,4.134,1355,1384,0,0,0,7,1,0,0,0,0
2020-06-17T05:00:00Z,29,19.084138,15.491,20.89,11.953966,10.927,12.334,14.67169,14.092,15.228,1.133069,0.087,3.003,17.523739,1.526476,52.029119,2.310379,0,13.588,0.145448,0,2.481,33.524138,33.3,33.8,4.13031,4.128,4.131,1385,1413,0,0,0,1,2,0,0,0,0
2020-06-17T06:00:00Z,30,18.7095,15.566,20.702,9.9336,4.57,12.311,14.695433,14.468,15.31,0.61,0.081,3.057,8.87666,1.391183,42.12867,0,0,0,2.587267,0,12.295,33.813333,33.4,34.2,4.127533,4.12,4.13,1414,1443,0,0,0,1,0,0,0,0,0
2020-06-17T07:00:00Z,30,14.941033,13.731,19.386,4.5263,4.447,4.575,14.361333,13.618,14.837,0.594033,0.337,0.769,7.627238,4.004285,12.457444,0,0,0,4.452333,0,12.235,33.373333,33.3,33.4,4.124767,4.123,4.13,1444,1473,0,0,0,0,0,0,0,0,0
2020-06-17T08:00:00Z,29,13.746379,13.08,14.942,4.384345,3.32,4.51,13.503793,12.87,14.197,0.379069,0.25,0.68,4.957658,3.32,9.71,0,0,0,0,0,0,32.551724,31.2,33.7,4.142552,4.123,4.16,1,1482,0,0,0,0,0,0,0,0,0
2020-06-17T09:00:00Z,30,13.343333,13.06,13.93,4.382333,4.32,4.45,13.105667,12.97,13.26,0.231667,0.18,0.29,3.081667,2.39,4.02,0,0,0,0,0,0,32.636667,32.5,32.8,4.144,4.14,4.15,13,42,0,0,0,0,0,0,0,0,0
2020-06-17T10:00:00Z,30,12.949,9.66,13.66,3.814333,3.32,4.33,12.839667,12.59,13.03,0.141333,0.07,0.2,1.838,0.89,2.61,0,0,0,0,0,0,32.993333,31.7,34.2,4.118,4.08,4.14,1,63,0,0,0,0,0,0,0,0,0
2020-06-17T11:00:00Z,30,0.967667,0,7.08,0.566667,0,3.17,12.841333,12.81,12.87,0.057667,0.02,0.11,0.082667,0,0.74,0,0,0,0,0,0,33.753333,33.4,34.2,4.078,4.07,4.09,9,38,0,0,0,0,0,0,0,0,0
2020-06-17T12:00:00Z,29,0,0,0,0,0,0,12.79931,12.76,12.82,0.056552,0.02,0.09,0,0,0,0,0,0,0,0,0,33.403448,33.4,33.5,4.064138,4.06,4.07,39,67,0,0,0,0,0,0,0,0,0
2020-06-17T13:00:00Z,30,0,0,0,0,0,0,12.756333,12.72,12.78,0.049,0.02,0.09,0,0,0,0,0,0,0,0,0,33.326667,33.3,33.4,4.051333,4.05,4.06,68,97,0,0,0,0,0,0,0,0,0
2020-06-17T14:00:00Z,29,0,0,0,0,0,0,12.727586,12.69,12.82,0.054828,0.01,0.1,0,0,0,0,0,0,0,0,0,33.137931,33,33.3,4.04,4.04,4.04,98,126,0,0,0,0,0,0,0,0,0
2020-06-17T15:00:00Z,30,0,0,0,0,0,0,12.813,12.8,12.83,0.05,0.03,0.08,0,0,0,0,0,0,0,0,0,32.81,32.6,33,4.034,4.03,4.04,127,156,0,0,0,0,0,0,0,0,0
2020-06-17T16:00:00Z,29,0,0,0,0,0,0,12.807586,12.79,12.81,0.051379,0.03,0.07,0,0,0,0,0,0,0,0,0,32.486207,32.3,32.6,4.026552,4.02,4.03,157,185,0,0,0,0,0,0,0,0,0
2020-06-17T17:00:00Z,30,0,0,0,0,0,0,12.799333,12.78,12.81,0.052333,0.03,0.07,0,0,0,0,0,0,0,0,0,32.213333,32.1,32.4,4.016667,4.01,4.02,186,215,0,0,0,0,0,0,0,0,0
2020-06-17T18:00:00Z,29,0,0,0,0,0,0,12.78931,12.78,12.8,0.052414,0.04,0.06,0,0,0,0,0,0,0,0,0,32.086207,32,32.1,4.01,4.01,4.01,216,245,0,0,0,0,0,0,0,0,0
2020-06-17T19:00:00Z,29,0,0,0,0,0,0,12.778966,12.77,12.78,0.053448,0.05,0.06,0,0,0,0,0,0,0,0,0,32,32,32,4.004138,4,4.01,246,274,0,0,0,0,0,0,0,0,0
2020-06-17T20:00:00Z,30,0,0,0,0,0,0,12.773333,12.76,12.78,0.052667,0.05,0.06,0,0,0,0,0,0,0,0,0,31.873333,31.8,32,3.999667,3.99,4,275,304,0,0,0,0,0,0,0,0,0
2020-06-17T21:00:00Z,29,0,0,0,0,0,0,12.762414,12.75,12.78,0.053103,0.05,0.06,0,0,0,0,0,0,0,0,0,31.706897,31.6,31.8,3.994138,3.99,4,305,333,0,0,0,0,0,0,0,0,0
2020-06-17T22:00:00Z,30,3.834667,0,13.39,1.464333,0,3.74,12.755,12.75,12.78,0.068,0.05,0.1,0.325,0,1.39,0,0,0,0,0,0,31.59,31.5,31.9,3.99,3.99,3.99,334,363,0,0,0,0,0,0,0,0,0
2020-06-17T23:00:00Z,29,13.422414,12.86,14.02,4.153793,3.45,4.34,13.098276,12.76,13.34,0.232069,0.09,0.38,3.127586,1.23,5.13,0,0,0,0,0,0,32.068966,32,32.1,3.989655,3.98,3.99,364,392,0,0,0,0,0,0,0,0,0
2020-06-18T00:00:00Z,30,13.770333,13.36,14.41,4.502667,4.25,4.62,13.456333,13.25,13.69,0.493667,0.25,0.74,6.809333,3.31,10.15,0,0,0,2.233,0,8.39,32.1,32.1,32.1,4.016333,3.99,4.05,393,422,0,0,0,0,0,0,0,0,0
2020-06-18T01:00:00Z,27,13.992963,12.88,14.88,7.730741,4.62,12.3,13.743333,12.72,14.35,1.001481,0.75,1.31,14.041481,10.43,17.56,2.194074,0,11.95,2.952222,0,9.58,32.27037,32.1,32.7,4.099259,4.05,4.13,423,451,0,0,0,0,0,0,0,0,0
2020-06-18T02:00:00Z,30,13.67,12.9,19.83,12.117667,11.86,12.25,13.132,12.73,14.38,1.609667,1.3,1.86,22.001,17.1,27.21,11.206667,0,12.26,0.261,0,7.83,33.153333,32.7,33.4,4.128667,4.12,4.13,452,481,0,0,0,0,0,0,0,0,0
2020-06-18T03:00:00Z,29,14.342414,13.46,15.57,11.976207,11.69,12.12,13.857586,13.19,14.6,2.100345,1.71,2.36,30.220345,23.95,36.5,12.77069,12.14,13.48,0,0,0,33.613793,33.4,33.9,4.13,4.13,4.13,482,510,0,0,0,0,0,0,0,0,0
2020-06-18T04:00:00Z,30,16.148333,13.64,20.49,4.489667,0,11.97,14.405667,12.89,14.93,1.865667,0.14,2.58,29.760333,2.83,50.76,9.742333,0,13.64,0,0,0,34.233333,34,34.4,4.116333,4.1,4.13,511,540,0,0,0,0,1,0,0,0,0
2020-06-18T05:00:00Z,29,15.571724,12.96,20.18,0,0,0,14.053103,12.74,14.88,1.417586,0.12,2.71,21.799655,2.39,52.45,8.84,0,13.77,0,0,0,34.517241,34.2,34.6,4.093103,4.08,4.1,541,569,0,0,0,0,1,0,0,0,0
2020-06-18T06:00:00Z,29,15.672414,12.92,20.15,0,0,0,14.024828,12.74,14.97,1.406207,0.14,2.67,21.851724,2.86,47.15,10.163448,0,13.78,0.24,0,4.05,34.77931,34.6,35,4.076552,4.07,4.08,570,599,0,0,0,0,0,0,0,0,0
2020-06-18T07:00:00Z,29,15.509655,13.06,20.72,0,0,0,14.10931,12.84,14.82,1.49,0.17,2.41,22.728621,3.58,37.61,10.70931,0,13.64,1.751724,0,10.22,34.758621,34.6,35,4.063448,4.06,4.07,600,628,0,0,0,0,0,0,0,0,0
2020-06-18T08:00:00Z,30,13.972,12.93,20.16,0,0,0,13.351667,12.78,14.78,1.194667,0.2,1.9,16.372,3.95,26.46,8.801333,0,12.73,1.996333,0,9.48,34.69,34.6,34.9,4.050667,4.04,4.06,629,658,0,0,0,0,0,0,0,0,0
2020-06-18T09:00:00Z,29,15.780345,13.04,20.5,0,0,0,14.298966,12.85,14.91,0.599655,0.16,0.91,9.229655,3.16,14.94,0.812759,0,11.79,2.325172,0,9.75,35.017241,34.8,35.2,4.04069,4.04,4.05,659,687,0,0,0,0,0,0,0,0,0
2020-06-18T10:00:00Z,30,14.039333,13.34,15.18,0,0,0,13.708333,13.21,14.68,0.299667,0.14,0.49,4.244667,1.99,7.27,0,0,0,0.300333,0,6.04,34.98,34.9,35.2,4.032,4.03,4.04,688,717,0,0,0,0,0,0,0,0,0
2020-06-18T11:00:00Z,28,3.086786,0,13.77,0,0,0,12.884643,12.81,13.18,0.07,0.04,0.14,0.323571,0,1.91,0,0,0,0,0,0,34.721429,34.6,35,4.026071,4.02,4.03,718,746,0,0,0,0,0,0,0,0,0
2020-06-18T12:00:00Z,30,0,0,0,0,0,0,12.794,12.77,12.82,0.048667,0.02,0.07,0,0,0,0,0,0,0,0,0,34.566667,34.5,34.6,4.015,4.01,4.02,747,776,0,0,0,0,0,0,0,0,0
2020-06-18T13:00:00Z,29,0,0,0,0,0,0,12.753448,12.73,12.77,0.053103,0.03,0.07,0,0,0,0,0,0,0,0,0,34.6,34.6,34.6,4.01,4.01,4.01,777,805,0,0,0,0,0,0,0,0,0
2020-06-18T14:00:00Z,30,0,0,0,0,0,0,12.708333,12.68,12.73,0.053667,0.05,0.08,0,0,0,0,0,0,0,0,0,34.323333,34.1,34.6,4.003333,4,4.01,806,835,0,0,0,0,0,0,0,0,0
2020-06-18T15:00:00Z,29,0,0,0,0,0,0,12.816897,12.68,12.85,0.052414,0.05,0.06,0,0,0,0,0,0,0,0,0,34.203448,34.1,34.3,4,4,4,836,864,0,0,0,0,0,0,0,0,0
2020-06-18T16:00:00Z,30,0,0,0,0,0,0,12.831,12.81,12.84,0.052333,0.05,0.06,0,0,0,0,0,0,0,0,0,34.12,34,34.2,3.991667,3.99,4,865,894,0,0,0,0,0,0,0,0,0
2020-06-18T17:00:00Z,29,0,0,0,0,0,0,12.81931,12.81,12.83,0.052414,0.05,0.06,0,0,0,0,0,0,0,0,0,33.713793,33.5,33.9,3.99,3.99,3.99,895,923,0,0,0,0,0,0,0,0,0
2020-06-18T18:00:00Z,30,0,0,0,0,0,0,12.808667,12.79,12.82,0.052,0.05,0.06,0,0,0,0,0,0,0,0,0,33.493333,33.4,33.6,3.986,3.98,3.99,924,953,0,0,0,0,0,0,0,0,0
2020-06-18T19:00:00Z,30,0,0,0,0,0,0,12.800333,12.79,12.81,0.051,0.05,0.06,0,0,0,0,0,0,0,0,0,33.4,33.4,33.4,3.980333,3.98,3.99,954,983,0,0,0,0,0,0,0,0,0
2020-06-18T20:00:00Z,29,0,0,0,0,0,0,12.792069,12.78,12.81,0.051379,0.05,0.06,0,0,0,0,0,0,0,0,0,33.217241,33,33.4,3.98,3.98,3.98,984,1012,0,0,0,0,0,0,0,0,0
2020-06-18T21:00:00Z,30,0,0,0,0,0,0,12.784333,12.78,12.8,0.053,0.04,0.06,0,0,0,0,0,0,0,0,0,32.99,32.8,33.1,3.979667,3.97,3.98,1013,1042,0,0,0,0,0,0,0,0,0
2020-06-18T22:00:00Z,29,4.908966,0,13.24,0,0,0,12.784483,12.76,12.83,0.076207,0.05,0.14,0.506207,0,1.78,0,0,0,0,0,0,32.751724,32.5,33.3,3.975862,3.97,3.98,1043,1071,0,0,0,0,0,0,0,0,0
2020-06-18T23:00:00Z,30,13.295333,12.93,13.81,0,0,0,13.031333,12.83,13.14,0.216333,0.13,0.25,2.878,1.79,3.34,0,0,0,0,0,0,33.336667,33.3,33.4,3.971,3.97,3.98,1072,1101,0,0,0,0,0,0,0,0,0
2020-06-19T00:00:00Z,29,13.674483,13.23,14.14,0,0,0,13.285862,13.14,13.46,0.334483,0.25,0.44,4.582414,3.28,6.19,0,0,0,0,0,0,33.293103,33.2,33.3,3.97,3.97,3.97,1102,1130,0,0,0,0,0,0,0,0,0
2020-06-19T01:00:00Z,30,13.567333,13.22,14.12,0,0,0,13.281667,13.13,13.43,0.281,0.17,0.42,3.819333,2.21,5.87,0,0,0,0,0,0,33.263333,33.2,33.3,3.97,3.97,3.97,1131,1160,0,0,0,0,0,0,0,0,0
2020-06-19T02:00:00Z,29,13.376552,13.12,13.78,0,0,0,13.076552,13.05,13.14,0.162759,0.13,0.2,2.178621,1.72,2.61,0,0,0,0,0,0,33.231034,33.2,33.3,3.968966,3.96,3.97,1161,1189,0,0,0,0,0,0,0,0,0
2020-06-19T03:00:00Z,30,13.635667,13.22,14.48,0,0,0,13.321,13.13,13.88,0.315,0.2,0.76,4.32,2.59,10.82,0,0,0,0,0,0,33.186667,33.1,33.3,3.967,3.96,3.97,1190,1219,0,0,0,0,0,0,0,0,0
2020-06-19T04:00:00Z,29,14.414138,12.93,17.23,0,0,0,13.879655,12.78,14.72,2.054138,0.83,2.76,29.994483,10.86,42.69,12.827931,11.74,13.63,0,0,0,33.6,33.2,34.1,3.963103,3.96,3.97,1220,1248,0,0,0,0,0,0,0,0,0
2020-06-19T05:00:00Z,30,14.838667,12.93,19.5,0,0,0,13.897667,12.78,14.87,1.461667,0.58,2.73,21.707,9.29,42.73,8.837667,0,13.72,0,0,0,33.976667,33.7,34.2,3.961,3.96,3.97,1249,1278,0,0,0,0,0,0,0,0,0
2020-06-19T06:00:00Z,30,14.288,12.91,20.12,0,0,0,13.316,12.76,14.73,1.278,0.16,2.36,17.848,3.26,36.68,10.501667,0,13.64,0,0,0,34.286667,34,34.6,3.96,3.96,3.96,1279,1308,0,0,0,0,0,0,0,0,0
2020-06-19T07:00:00Z,28,13.553214,12.97,14.42,0,0,0,12.971071,12.76,13.76,1.226071,0.97,1.56,16.621786,13.21,21.3,11.026786,0,12.04,0,0,0,34.275,34,34.6,3.96,3.96,3.96,1309,1337,0,0,0,0,0,0,0,0,0
2020-06-19T08:00:00Z,30,13.592333,12.92,15.53,0,0,0,13.201,12.78,14.78,1.279333,0.7,1.56,17.319333,9.97,21.21,9.912667,0,12.03,0,0,0,34.633333,34.6,34.8,3.96,3.96,3.96,1338,1367,0,0,0,0,0,0,0,0,0
2020-06-19T09:00:00Z,29,14.640345,12.94,20.64,0,0,0,13.867241,12.81,14.91,0.522414,0.12,1.01,7.56931,2.37,15.05,1.62931,0,11.87,0.268276,0,7.78,34.637931,34.6,34.7,3.96,3.96,3.96,1368,1396,0,0,0,0,0,0,0,0,0
2020-06-19T10:00:00Z,30,13.488,13.12,14.08,0,0,0,13.265333,13.04,13.42,0.183333,0.09,0.27,2.472667,1.21,3.8,0,0,0,0,0,0,34.67,34.6,34.7,3.958667,3.95,3.96,1397,1426,0,0,0,0,0,0,0,0,0
2020-06-19T11:00:00Z,29,1.816897,0,13.09,0,0,0,12.79,12.75,13.03,0.060345,0.03,0.09,0.127931,0,0.98,0,0,0,0,0,0,34.22069,33.6,34.7,3.956207,3.95,3.96,1427,1455,0,0,0,0,0,0,0,0,0
2020-06-19T12:00:00Z,30,0,0,0,0,0,0,12.74,12.71,12.78,0.053667,0.03,0.08,0,0,0,0,0,0,0,0,0,33.86,33.6,34.2,3.951333,3.95,3.96,1456,1485,0,0,0,0,0,0,0,0,0
2020-06-19T13:00:00Z,29,0,0,0,0,0,0,12.684138,12.66,12.72,0.047586,0.02,0.07,0,0,0,0,0,0,0,0,0,34.165517,34.1,34.2,3.95069,3.95,3.96,1486,1514,0,0,0,0,0,0,0,0,0
2020-06-19T14:00:00Z,30,0,0,0,0,0,0,12.632667,12.61,12.66,0.053667,0.03,0.08,0,0,0,0,0,0,0,0,0,34.03,33.9,34.1,3.950333,3.95,3.96,1515,1544,0,0,0,0,0,0,0,0,0
2020-06-19T15:00:00Z,29,0,0,0,0,0,0,12.771724,12.63,12.79,0.047931,0.03,0.06,0,0,0,0,0,0,0,0,0,33.810345,33.7,34,3.95,3.95,3.95,1545,1574,0,0,0,0,0,0,0,0,0
2020-06-19T16:00:00Z,28,0,0,0,0,0,0,12.771786,12.75,12.78,0.050714,0.03,0.07,0,0,0,0,0,0,0,0,0,33.585714,33.5,33.7,3.95,3.95,3.95,1575,1603,0,0,0,0,0,0,0,0,0
2020-06-19T17:00:00Z,28,0,0,0,0,0,0,12.763929,12.75,12.78,0.049643,0.03,0.07,0,0,0,0,0,0,0,0,0,33.421429,33.4,33.5,3.95,3.95,3.95,1604,1633,0,0,0,0,0,0,0,0,0
2020-06-19T18:00:00Z,28,0,0,0,0,0,0,12.756429,12.74,12.77,0.05,0.04,0.06,0,0,0,0,0,0,0,0,0,33.339286,33.2,33.4,3.947857,3.94,3.95,1634,1662,0,0,0,0,0,0,0,0,0
2020-06-19T19:00:00Z,29,0,0,0,0,0,0,12.752759,12.75,12.77,0.051034,0.04,0.06,0,0,0,0,0,0,0,0,0,33.144828,33,33.3,3.941034,3.94,3.95,1663,1692,0,0,0,0,0,0,0,0,0
2020-06-19T20:00:00Z,29,0,0,0,0,0,0,12.752414,12.73,12.76,0.051034,0.04,0.06,0,0,0,0,0,0,0,0,0,32.765517,32.5,33,3.94,3.94,3.94,1693,1721,0,0,0,0,0,0,0,0,0
2020-06-19T21:00:00Z,29,0,0,0,0,0,0,12.74931,12.73,12.76,0.052069,0.04,0.06,0,0,0,0,0,0,0,0,0,32.434483,32.3,32.5,3.933448,3.93,3.94,1723,1751,0,0,0,0,0,0,0,0,0
2020-06-19T22:00:00Z,29,3.051724,0,12.82,0,0,0,12.742759,12.73,12.76,0.066207,0.05,0.12,0.271379,0,1.55,0,0,0,0,0,0,32.258621,32.1,32.5,3.93,3.93,3.93,1752,1780,0,0,0,0,0,0,0,0,0
2020-06-19T23:00:00Z,30,13.274667,12.84,13.88,0,0,0,12.964333,12.75,13.21,0.204,0.1,0.32,2.712667,1.33,4.5,0,0,0,0,0,0,33.05,32.6,33.2,3.925667,3.92,3.93,1781,1810,0,0,0,0,0,0,0,0,0
2020-06-20T00:00:00Z,29,13.565172,13.14,14.23,0,0,0,13.355172,13.06,13.56,0.401379,0.2,0.54,5.452759,2.6,7.35,0,0,0,0,0,0,33.037931,33,33.1,3.92,3.92,3.92,1811,1839,0,0,0,0,0,0,0,0,0
2020-06-20T01:00:00Z,30,13.926,13.08,14.73,0,0,0,13.597333,12.86,14.11,0.872667,0.49,1.61,12.118333,6.77,21.79,2.788667,0,12.31,0,0,0,33.196667,33,33.4,3.916667,3.91,3.92,1840,1869,0,0,0,0,0,0,0,0,0
2020-06-20T02:00:00Z,30,13.857333,12.94,15.46,0,0,0,13.395,12.8,14.71,1.376,1.05,2.1,19.067333,14.1,29.87,8.062333,0,12.59,0.660333,0,7.44,33.366667,33.3,33.4,3.91,3.91,3.91,1870,1899,0,0,0,0,0,0,0,0,0
2020-06-20T03:00:00Z,29,13.876897,12.97,14.75,0,0,0,13.471379,12.83,14.19,1.838276,1.12,2.47,25.663793,15.29,35.51,12.434138,11.8,13.14,0,0,0,33.503448,33.4,33.9,3.908966,3.9,3.91,1900,1928,0,0,0,0,0,0,0,0,0
2020-06-20T04:00:00Z,30,16.437333,13.48,20.42,0,0,0,14.216,13.19,14.84,1.817667,0.2,2.76,28.963333,4.06,55.29,13.191333,12.15,13.83,0,0,0,34.333333,33.6,34.8,3.901667,3.9,3.91,1929,1958,0,0,0,0,2,0,0,0,0
2020-06-20T05:00:00Z,29,16.632414,14.51,20.37,0,0,0,14.635172,13.7,14.84,2.201034,0.13,2.73,36.020345,2.58,54.25,13.555517,12.65,13.75,1.712414,0,10.2,34.944828,34.6,35.3,3.9,3.9,3.9,1959,1987,0,0,0,0,3,0,0,0,0
2020-06-20T06:00:00Z,27,17.471852,15.56,20.64,0,0,0,14.568889,14.09,14.8,1.81037,0.11,2.51,30.498889,2.27,49.77,13.518148,13.04,13.72,2.695185,0,9.95,35.7,35.4,36.1,3.899259,3.89,3.9,1991,2017,0,0,0,0,0,0,0,0,0
2020-06-20T07:00:00Z,29,15.562069,13.61,17.56,0,0,0,14.576552,13.45,14.77,2.028966,1.05,2.34,31.457931,18.49,36.58,13.451379,12.4,13.66,2.667586,0,11.8,36.513793,36.2,36.8,3.891379,3.89,3.9,2018,2046,0,0,0,0,0,0,0,0,0
2020-06-20T08:00:00Z,29,13.735172,13.14,14.48,0,0,0,13.308966,12.99,13.73,1.576207,1.16,1.82,21.69,15.44,25.76,12.263448,11.95,12.68,6.181724,0,12.43,36.824138,36.6,37,3.886897,3.88,3.89,2047,2076,0,0,0,0,0,0,0,0,0
2020-06-20T09:00:00Z,29,13.919655,12.94,14.66,0,0,0,13.623448,12.81,13.93,0.516552,0.3,1.33,7.077241,4.35,17.46,2.454828,0,11.93,4.292414,0,12.03,37.027586,36.9,37.1,3.88,3.88,3.88,2077,2105,0,0,0,0,0,0,0,0,0
2020-06-20T10:00:00Z,30,11.344,1,14.63,0,0,0,13.381333,12.87,13.92,0.182667,0.06,0.36,2.358,0.06,5.01,0,0,0,4.922667,0,11.59,36.956667,36.5,37.1,3.879,3.87,3.88,2106,2135,0,0,0,0,0,0,0,0,0
2020-06-20T11:00:00Z,29,0.345862,0,3.83,0,0,0,12.857586,12.84,12.89,0.057586,0.04,0.1,0.017931,0,0.2,0,0,0,4.267241,0,11.58,36.07931,35.9,36.4,3.872759,3.87,3.88,2136,2164,0,0,0,0,0,0,0,0,0
2020-06-20T12:00:00Z,30,0,0,0,0,0,0,12.806667,12.77,12.84,0.049667,0.04,0.06,0,0,0,0,0,0,0,0,0,35.85,35.8,36,3.87,3.87,3.87,2165,2194,0,0,0,0,0,0,0,0,0
2020-06-20T13:00:00Z,30,0,0,0,0,0,0,12.757,12.73,12.78,0.051333,0.03,0.06,0,0,0,0,0,0,0,0,0,35.613333,35.4,35.8,3.864,3.86,3.87,2195,2224,0,0,0,0,0,0,0,0,0
2020-06-20T14:00:00Z,29,0,0,0,0,0,0,12.762069,12.69,12.87,0.049655,0.03,0.07,0,0,0,0,0,0,0,0,0,35.172414,34.9,35.4,3.85931,3.85,3.86,2225,2253,0,0,0,0,0,0,0,0,0
2020-06-20T15:00:00Z,30,0,0,0,0,0,0,12.848,12.84,12.87,0.053333,0.03,0.07,0,0,0,0,0,0,0,0,0,34.693333,34.6,34.9,3.850333,3.85,3.86,2254,2283,0,0,0,0,0,0,0,0,0
2020-06-20T16:00:00Z,28,0,0,0,0,0,0,12.838214,12.82,12.85,0.054643,0.03,0.07,0,0,0,0,0,0,0,0,0,34.55,34.5,34.6,3.85,3.85,3.85,2284,2312,0,0,0,0,0,0,0,0,0
2020-06-20T17:00:00Z,29,0,0,0,0,0,0,12.825172,12.81,12.84,0.052414,0.03,0.07,0,0,0,0,0,0,0,0,0,34.313793,34.2,34.5,3.846552,3.84,3.85,2313,2342,0,0,0,0,0,0,0,0,0
2020-06-20T18:00:00Z,29,0,0,0,0,0,0,12.821379,12.8,12.84,0.045862,0.03,0.07,0,0,0,0,0,0,0,0,0,33.941379,33.7,34.2,3.84,3.84,3.84,2343,2371,0,0,0,0,0,0,0,0,0
2020-06-20T19:00:00Z,30,0,0,0,0,0,0,12.811333,12.8,12.82,0.05,0.03,0.06,0,0,0,0,0,0,0,0,0,33.52,33.4,33.7,3.831333,3.83,3.84,2372,2401,0,0,0,0,0,0,0,0,0
2020-06-20T20:00:00Z,29,0,0,0,0,0,0,12.800345,12.78,12.82,0.048276,0.03,0.07,0,0,0,0,0,0,0,0,0,33.372414,33.3,33.4,3.83,3.83,3.83,2402,2430,0,0,0,0,0,0,0,0,0
2020-06-20T21:00:00Z,29,0,0,0,0,0,0,12.786897,12.78,12.81,0.052759,0.03,0.07,0,0,0,0,0,0,0,0,0,33.258621,33.2,33.3,3.828621,3.82,3.83,2431,2460,0,0,0,0,0,0,0,0,0
2020-06-20T22:00:00Z,30,4.748333,0,13.36,0,0,0,12.786,12.77,12.81,0.066667,0.03,0.13,0.43,0,1.64,0,0,0,0,0,0,33.096667,33,33.3,3.821667,3.82,3.83,2461,2490,0,0,0,0,0,0,0,0,0
2020-06-20T23:00:00Z,29,13.222069,12.88,13.77,0,0,0,12.93069,12.82,13.08,0.168276,0.11,0.24,2.215172,1.42,3.26,0,0,0,0,0,0,33.4,33.4,33.4,3.82,3.82,3.82,2491,2519,0,0,0,0,0,0,0,0,0
2020-06-21T00:00:00Z,16,13.594375,13.22,14.15,0,0,0,13.264375,13.1,13.45,0.32625,0.23,0.47,4.429375,3.18,6.62,0,0,0,0,0,0,33.4,33.4,33.4,3.82,3.82,3.82,2520,2535,0,0,0,0,0,0,0,0,0
2020-06-21T07:00:00Z,16,13.5375,13.25,13.89,0,0,0,13.205625,13.16,13.26,0.15375,0.13,0.17,2.063125,1.75,2.32,0,0,0,0,0,0,34.78125,34.7,34.8,3.76,3.76,3.76,2719,2734,0,0,0,0,0,0,0,0,0
2020-06-21T08:00:00Z,30,14.124667,13.36,15.53,0,0,0,13.759,13.28,14.82,0.294667,0.19,0.46,4.176,2.47,6.7,0,0,0,0,0,0,34.78,34.7,34.9,3.758333,3.75,3.76,2735,2764,0,0,0,0,0,0,0,0,0
2020-06-21T09:00:00Z,29,15.147241,13.01,20.55,0,0,0,14.186552,12.9,14.79,0.403103,0.13,0.56,6.022759,2.71,9.74,0.814828,0,11.84,0,0,0,34.717241,34.6,34.8,3.750345,3.75,3.76,2765,2793,0,0,0,0,0,0,0,0,0
2020-06-21T10:00:00Z,29,13.325517,7.78,14.34,0,0,0,13.341724,12.9,13.78,0.164138,0.09,0.29,2.216552,0.67,4.01,0,0,0,3.777241,0,11.61,34.527586,34.2,34.6,3.75,3.75,3.75,2794,2823,0,0,0,0,0,0,0,0,0
2020-06-21T11:00:00Z,29,0.97,0,5.2,0,0,0,12.87069,12.84,12.9,0.055517,0.05,0.09,0.056552,0,0.27,0,0,0,1.676897,0,10.75,33.486207,33.3,34.2,3.745517,3.74,3.75,2824,2852,0,0,0,0,0,0,0,0,0
2020-06-21T12:00:00Z,29,0,0,0,0,0,0,12.825172,12.8,12.85,0.05069,0.03,0.06,0,0,0,0,0,0,0,0,0,33.248276,33.1,33.3,3.74,3.74,3.74,2854,2882,0,0,0,0,0,0,0,0,0
2020-06-21T13:00:00Z,30,0,0,0,0,0,0,12.784667,12.76,12.81,0.049667,0.04,0.06,0,0,0,0,0,0,0,0,0,32.973333,32.8,33.1,3.738,3.73,3.74,2883,2912,0,0,0,0,0,0,0,0,0
2020-06-21T14:00:00Z,29,0,0,0,0,0,0,12.743793,12.69,12.87,0.05069,0.04,0.06,0,0,0,0,0,0,0,0,0,32.596552,32.5,32.8,3.73069,3.73,3.74,2913,2941,0,0,0,0,0,0,0,0,0
2020-06-21T15:00:00Z,30,0,0,0,0,0,0,12.865333,12.85,12.87,0.052333,0.04,0.06,0,0,0,0,0,0,0,0,0,32.353333,32.2,32.5,3.727,3.72,3.73,2942,2971,0,0,0,0,0,0,0,0,0
2020-06-21T16:00:00Z,28,0,0,0,0,0,0,12.850357,12.84,12.87,0.0525,0.04,0.06,0,0,0,0,0,0,0,0,0,32.128571,32.1,32.2,3.72,3.72,3.72,2972,3000,0,0,0,0,0,0,0,0,0
2020-06-21T17:00:00Z,30,0,0,0,0,0,0,12.84,12.83,12.85,0.053333,0.05,0.06,0,0,0,0,0,0,0,0,0,32.07,32,32.1,3.719667,3.71,3.72,3001,3030,0,0,0,0,0,0,0,0,0
2020-06-21T18:00:00Z,27,0,0,0,0,0,0,12.833333,12.81,12.84,0.052963,0.05,0.06,0,0,0,0,0,0,0,0,0,32.003704,32,32.1,3.711852,3.71,3.72,3031,3059,0,0,0,0,0,0,0,0,0
2020-06-21T19:00:00Z,30,0,0,0,0,0,0,12.825333,12.81,12.84,0.053333,0.05,0.06,0,0,0,0,0,0,0,0,0,31.89,31.8,32,3.704667,3.7,3.71,3060,3089,0,0,0,0,0,0,0,0,0
2020-06-21T20:00:00Z,30,0,0,0,0,0,0,12.819333,12.81,12.83,0.052333,0.05,0.06,0,0,0,0,0,0,0,0,0,31.726667,31.7,31.8,3.698333,3.69,3.7,3090,3119,0,0,0,0,0,0,0,0,0
2020-06-21T21:00:00Z,28,0,0,0,0,0,0,12.815714,12.81,12.83,0.0525,0.05,0.06,0,0,0,0,0,0,0,0,0,31.635714,31.5,31.7,3.690357,3.69,3.7,3120,3148,0,0,0,0,0,0,0,0,0
2020-06-21T22:00:00Z,30,5.538667,0,13.15,0,0,0,12.813333,12.8,12.84,0.074667,0.05,0.12,0.532333,0,1.48,0,0,0,0,0,0,31.623333,31.4,32,3.685667,3.68,3.69,3149,3178,0,0,0,0,0,0,0,0,0
2020-06-21T23:00:00Z,29,13.23931,12.92,13.72,0,0,0,12.945172,12.84,13.06,0.161379,0.12,0.21,2.128966,1.56,2.73,0,0,0,0,0,0,32.086207,32,32.1,3.677586,3.67,3.68,3179,3207,0,0,0,0,0,0,0,0,0
2020-06-22T00:00:00Z,30,13.743333,13.14,14.48,0,0,0,13.446333,13,13.78,0.448,0.19,0.74,6.199667,2.51,10.64,0.395667,0,11.87,0,0,0,32.106667,32.1,32.2,3.67,3.67,3.67,3208,3237,0,0,0,0,0,0,0,0,0
2020-06-22T01:00:00Z,29,13.798966,13.05,15.31,0,0,0,13.472414,12.9,14.53,0.947241,0.31,1.41,13.088966,4.29,21.52,4.942069,0,12.11,0,0,0,32.3,32.1,32.5,3.661724,3.66,3.67,3238,3266,0,0,0,0,0,0,0,0,0
2020-06-22T02:00:00Z,30,13.878333,13.03,14.54,0,0,0,13.539,12.91,13.9,0.715667,0.52,1.65,9.903,7.42,22.79,3.183667,0,12.21,0,0,0,32.6,32.4,33,3.652,3.65,3.66,3267,3296,0,0,0,0,0,0,0,0,0
2020-06-22T03:00:00Z,29,14.009655,13.2,15.74,0,0,0,13.568621,12.87,14.97,1.574483,0.65,3.21,22.430345,8.73,47.97,7.783448,0,13.73,0,0,0,33.365517,33,33.6,3.644828,3.64,3.65,3297,3325,0,0,0,5,0,0,0,0,0
2020-06-22T04:00:00Z,30,13.934667,12.99,14.64,0,0,0,13.505,12.9,13.83,2.453333,0.57,3.37,34.459,7.44,47.56,11.266333,0,12.82,0,0,0,33.793333,33.4,34.2,3.636667,3.63,3.64,3326,3355,0,0,0,16,0,0,0,0,0
2020-06-22T05:00:00Z,29,13.865862,12.95,14.65,0,0,0,13.511379,12.87,13.87,2.238276,0.56,3.23,31.481724,7.28,45.45,12.480345,11.82,12.86,1.444828,0,13.13,34.358621,34.2,34.6,3.626207,3.62,3.63,3356,3385,0,0,0,4,0,0,0,0,0
2020-06-22T06:00:00Z,29,14.174828,13.82,14.6,0,0,0,13.724483,13.66,13.76,2.346207,2.11,2.59,33.263448,29.2,36.57,12.685862,12.62,12.73,2.115517,0,13.45,34.624138,34.6,34.7,3.619655,3.61,3.62,3386,3414,0,0,0,0,0,0,0,0,0
2020-06-22T07:00:00Z,30,13.878,13.45,14.47,0,0,0,13.501333,13.3,13.65,1.834333,1.57,2.07,25.498,21.39,29.56,12.457333,12.24,12.61,5.036,0,19.82,34.956667,34.7,35.3,3.608667,3.6,3.62,3415,3444,0,0,0,0,0,0,0,0,0
2020-06-22T08:00:00Z,29,13.400345,13.08,14,0,0,0,13.083793,12.96,13.27,1.297931,1.04,1.54,17.435862,13.77,21.48,12.033793,11.9,12.22,7.899655,0,21.85,35.410345,34.9,35.7,3.598276,3.59,3.6,3445,3473,0,0,0,0,0,0,0,0,0
2020-06-22T09:00:00Z,29,13.494483,13.02,14.13,0,0,0,13.171379,12.92,13.42,0.364483,0.16,0.99,4.910345,2.12,13.53,1.63931,0,11.9,6.146897,0,19.32,35.386207,35.1,35.8,3.585517,3.58,3.59,3475,3503,0,0,0,0,0,0,0,0,0
2020-06-22T10:00:00Z,29,13.211034,12.65,13.64,0,0,0,12.970345,12.93,13.01,0.134483,0.09,0.17,1.773103,1.09,2.35,0,0,0,4.211724,0,22.86,35.186207,34.9,35.5,3.572069,3.56,3.58,3504,3532,0,0,0,0,0,0,0,0,0
2020-06-22T11:00:00Z,29,0.855517,0,5.39,0,0,0,12.910345,12.69,13.05,-3.179655,-6.21,0.08,0.053793,0,0.4,0,0,0,1.661034,0,11.5,34.631034,34.6,34.9,3.556897,3.55,3.56,3534,3562,0,0,0,16,0,0,0,0,0
2020-06-22T12:00:00Z,29,0,0,0,0,0,0,12.515517,12.3,12.77,0.036552,0.02,0.05,0,0,0,0,0,0,0,0,0,34.6,34.6,34.6,3.53931,3.53,3.55,3563,3591,0,0,0,0,0,0,0,0,0
2020-06-22T13:00:00Z,29,0,0,0,0,0,0,12.588276,12.53,12.62,0.037586,0.03,0.05,0,0,0,0,0,0,0,0,0,34.6,34.6,34.6,3.521379,3.51,3.53,3592,3621,0,0,0,0,0,0,0,0,0
2020-06-22T14:00:00Z,29,0,0,0,0,0,0,12.57931,12.56,12.6,0.038621,0.03,0.05,0,0,0,0,0,0,0,0,0,34.417241,34.2,34.6,3.503103,3.49,3.51,3622,3650,0,0,0,0,0,0,0,0,0
2020-06-22T15:00:00Z,30,0,0,0,0,0,0,12.566333,12.55,12.58,0.033667,0.02,0.05,0,0,0,0,0,0,0,0,0,34.113333,33.9,34.2,3.481667,3.47,3.49,3651,3680,0,0,0,0,0,0,0,0,0
2020-06-22T16:00:00Z,29,0,0,0,0,0,0,12.562759,12.54,12.57,0.031724,0.03,0.04,0,0,0,0,0,0,0,0,0,33.813793,33.7,34,3.46,3.45,3.47,3681,3709,0,0,0,0,0,0,0,0,0
2020-06-22T17:00:00Z,30,0,0,0,0,0,0,12.564,12.55,12.58,0.030667,0.03,0.04,0,0,0,0,0,0,0,0,0,33.536667,33.4,33.7,3.43,3.41,3.45,3710,3739,0,0,0,0,0,0,0,0,0
2020-06-22T18:00:00Z,29,0,0,0,0,0,0,12.565517,12.54,12.57,0.027586,0.02,0.03,0,0,0,0,0,0,0,0,0,33.4,33.4,33.4,3.390345,3.37,3.41,3740,3769,0,0,0,0,0,0,0,0,0
2020-06-22T19:00:00Z,29,0,0,0,0,0,0,12.595862,12.56,12.62,0.042414,0.03,0.05,0,0,0,0,0,0,0,0,0,33.310345,33.2,33.4,3.342759,3.32,3.37,3770,3798,0,0,0,0,0,0,0,0,0
2020-06-22T20:00:00Z,29,0,0,0,0,0,0,12.876552,12.6,13.21,0.042069,0.02,0.06,0,0,0,0,0,0,0,0,0,32.741379,32.3,33.3,3.275517,3.24,3.32,3799,3828,0,0,0,0,0,0,0,0,0
2020-06-22T21:00:00Z,29,0,0,0,0,0,0,13.638621,13.25,14.06,0.041379,0.02,0.05,0,0,0,0,0,0,0,0,0,32.055172,31.7,32.3,3.186207,3.14,3.23,3829,3857,0,0,0,0,0,0,0,0,0
2020-06-22T22:00:00Z,23,5.419565,0,15.86,0.954783,0,3.74,14.577826,14.09,15.11,0.055217,0.02,0.12,0.401739,0,1.92,0,0,0,0,0,0,31.378261,31.1,31.7,3.081739,3.03,3.13,3858,3880,0,0,0,0,0,0,0,0,0
2020-06-23T02:00:00Z,22,16.524545,15.75,17.54,4.137727,3.9,4.29,16.096364,15.64,16.77,2.179545,0.64,3.37,36.159545,10.14,58.6,12.988636,0,15.45,0,0,0,31.322727,30.6,32.1,3.672727,3.6,3.74,1,22,0,0,14,8,8,0,0,0,0
2020-06-23T03:00:00Z,30,16.174,14.78,17.23,4.246667,4.11,4.34,15.561333,14.27,16.13,2.178667,0.64,3.62,35.852333,10.37,62.33,9.298333,0,15.12,0,0,0,32.06,31.3,33,3.781333,3.73,3.82,23,52,0,0,6,15,14,0,0,0,0
2020-06-23T04:00:00Z,29,15.90931,14.14,21.29,4.352759,4.18,4.45,15.035517,13.82,15.91,2.412069,0.69,3.46,38.880345,10.72,70.61,11.118621,0,14.81,0.621034,0,9.08,33.041379,31,33.8,3.843103,3.8,3.88,1,29,0,0,0,18,14,0,0,0,0
2020-06-23T05:00:00Z,29,14.771724,13.54,15.81,4.468621,4.21,4.55,14.13931,13.41,14.86,2.55,0.59,3.09,37.802759,8.88,48.04,10.718621,0,13.57,0,0,0,33.751724,32.9,34.4,3.922759,3.84,3.98,30,59,0,0,0,4,0,0,0,0,0
2020-06-23T06:00:00Z,30,13.65,12.08,15.5,4.506667,4.32,4.64,13.174333,11.9,14.6,1.609333,0.48,2.65,22.363667,5.8,36.58,6.225333,0,13.54,0,0,0,34.316667,33.5,35,3.984,3.94,4.01,60,89,0,0,0,0,0,0,0,0,0
2020-06-23T07:00:00Z,27,13.887778,13.33,14.3,4.582593,4.37,4.63,13.354074,13.08,13.6,1.574815,0.52,2.09,21.864815,7.3,28.9,10.000741,0,12.45,0,0,0,34.8,34.2,35.4,4.013333,3.98,4.03,90,118,0,0,0,0,0,0,0,0,0
2020-06-23T08:00:00Z,29,13.523103,13.05,14.43,4.617586,4.57,4.62,13.10069,12.84,13.62,1.163103,0.88,1.46,15.713103,11.98,19.35,8.617931,0,12.03,1.375862,0,8.15,35.534483,35.3,35.9,4.05069,4.03,4.07,119,147,0,0,0,0,0,0,0,0,0
2020-06-23T09:00:00Z,28,13.911071,13.05,14.51,4.571429,4.47,4.62,13.551071,12.9,13.7,0.605,0.3,0.87,8.397857,4.1,12.38,1.276071,0,12.04,3.473214,0,11.27,35.539286,35.4,35.8,4.091071,4.07,4.1,148,177,0,0,0,0,0,0,0,0,0
2020-06-23T10:00:00Z,27,13.424074,12.29,13.99,3.934815,3.4,4.47,13.182222,12.87,13.51,0.160741,0.08,0.33,2.168519,1.06,4.49,0,0,0,7.5,0,10.43,35.796296,35.6,35.9,4.089259,4.08,4.1,178,206,0,0,0,0,0,0,0,0,0
2020-06-23T11:00:00Z,30,1.161,0,8.12,0.756333,0,3.55,12.800333,12.74,12.87,0.060333,0.01,0.15,0.080667,0,0.52,0,0,0,6.583,0,11.58,35.883333,35.8,36,4.074,4.07,4.08,207,236,0,0,0,0,0,0,0,0,0
2020-06-23T12:00:00Z,29,0,0,0,0,0,0,12.727241,12.69,12.77,0.048966,0.02,0.08,0,0,0,0,0,0,0,0,0,35.906897,35.8,36,4.06069,4.05,4.07,237,266,0,0,0,0,0,0,0,0,0
2020-06-23T13:00:00Z,29,0,0,0,0,0,0,12.697586,12.67,12.72,0.053793,0.02,0.08,0,0,0,0,0,0,0,0,0,35.675862,35.4,35.8,4.05,4.04,4.06,267,295,0,0,0,0,0,0,0,0,0
2020-06-23T14:00:00Z,29,0,0,0,0,0,0,12.667586,12.64,12.75,0.045862,0.02,0.07,0,0,0,0,0,0,0,0,0,35.313793,35.1,35.5,4.041034,4.04,4.05,296,325,0,0,0,0,0,0,0,0,0
2020-06-23T15:00:00Z,29,0,0,0,0,0,0,12.746552,12.73,12.76,0.052069,0.03,0.07,0,0,0,0,0,0,0,0,0,34.906897,34.7,35.1,4.036552,4.03,4.04,326,354,0,0,0,0,0,0,0,0,0
2020-06-23T16:00:00Z,30,0,0,0,0,0,0,12.743333,12.73,12.75,0.051333,0.03,0.07,0,0,0,0,0,0,0,0,0,34.613333,34.6,34.7,4.03,4.03,4.03,355,384,0,0,0,0,0,0,0,0,0
2020-06-23T17:00:00Z,29,0,0,0,0,0,0,12.733103,12.72,12.75,0.052069,0.04,0.06,0,0,0,0,0,0,0,0,0,34.389655,34.2,34.6,4.02069,4.02,4.03,385,413,0,0,0,0,0,0,0,0,0
2020-06-23T18:00:00Z,30,0,0,0,0,0,0,12.722,12.71,12.73,0.050667,0.04,0.06,0,0,0,0,0,0,0,0,0,34.12,33.9,34.3,4.016333,4.01,4.02,414,443,0,0,0,0,0,0,0,0,0
2020-06-23T19:00:00Z,29,0,0,0,0,0,0,12.718621,12.71,12.72,0.052759,0.05,0.06,0,0,0,0,0,0,0,0,0,33.782759,33.6,34,4.01,4.01,4.01,444,473,0,0,0,0,0,0,0,0,0
2020-06-23T20:00:00Z,29,0,0,0,0,0,0,12.716207,12.7,12.72,0.052759,0.05,0.06,0,0,0,0,0,0,0,0,0,33.458621,33.4,33.7,4.005517,4,4.01,474,502,0,0,0,0,0,0,0,0,0
2020-06-23T21:00:00Z,28,0,0,0,0,0,0,12.705714,12.69,12.72,0.052143,0.05,0.06,0,0,0,0,0,0,0,0,0,33.353571,33.3,33.4,4,4,4,503,532,0,0,0,0,0,0,0,0,0
2020-06-23T22:00:00Z,29,5.166897,0,13.12,1.525172,0,3.91,12.721379,12.68,12.84,0.087241,0.05,0.2,0.647931,0,2.61,0,0,0,0,0,0,33.237931,33.1,33.3,3.999655,3.99,4,533,561,0,0,0,0,0,0,0,0,0
2020-06-23T23:00:00Z,30,13.563667,12.99,14.62,4.191333,3.44,4.43,13.252333,12.87,13.81,0.604,0.19,1.28,8.211333,2.44,16.83,2.382667,0,11.99,0,0,0,32.96,32.7,33.2,3.993,3.99,4.01,562,591,0,0,0,0,0,0,0,0,0
2020-06-24T00:00:00Z,29,13.527586,13.12,14.28,4.512414,4.44,4.61,13.098966,12.9,13.48,1.512414,1,1.9,20.471379,13.96,27.12,11.193793,0,12.31,0,0,0,33.248276,33,33.4,4.023448,4.01,4.05,592,620,0,0,0,0,0,0,0,0,0
2020-06-24T01:00:00Z,30,13.885,13.02,14.63,7.476,4.61,12.01,13.368,12.84,13.63,1.972333,1.27,2.49,27.478667,16.58,34.95,12.323,11.72,12.6,0,0,0,33.37,33.2,33.6,4.100333,4.05,4.13,621,650,0,0,0,0,0,0,0,0,0
2020-06-24T02:00:00Z,27,14.858519,13.08,19.3,10.986667,4.6,12.02,13.968889,12.93,14.63,2.320741,0.89,2.91,34.730741,11.65,45.78,12.94963,11.85,13.6,0,0,0,33.52963,33.4,33.7,4.12963,4.12,4.13,651,677,0,0,0,0,0,0,0,0,0
2020-06-24T03:00:00Z,30,14.497,12.9,16.58,10.492333,4.62,12.39,13.730333,12.75,14.68,1.922667,0.9,2.87,28.546,11.81,43.49,12.662333,11.66,13.62,0,0,0,33.956667,33.4,34.2,4.129667,4.12,4.13,680,709,0,0,0,0,0,0,0,0,0
2020-06-24T04:00:00Z,29,14.717931,13.05,21.42,8.308276,4.57,12.66,13.74931,12.86,14.79,1.441724,0.12,2.94,21.475172,2.59,49.16,8.727931,0,13.61,0,0,0,34.293103,33.8,34.6,4.127586,4.12,4.14,710,739,0,0,0,0,0,0,0,0,0
2020-06-24T05:00:00Z,27,15.071111,12.98,19.82,9.677407,4.57,12.26,13.984444,12.78,14.78,1.718889,0.71,2.71,26.461481,9.79,48.53,11.474815,0,13.63,0,0,0,34.751852,34.2,35.2,4.132963,4.12,4.14,740,768,0,0,0,0,0,0,0,0,0
2020-06-24T06:00:00Z,29,14.264483,12.51,15.75,11.460345,4.66,12.04,13.583103,12.06,14.7,2.106552,1,2.46,30.128276,13.69,38.48,10.923448,0,13.6,0,0,0,36.086207,34.8,37.4,4.131379,4.13,4.14,769,798,0,0,0,0,0,0,0,0,0
2020-06-24T07:00:00Z,29,14.146207,12.23,20.47,10.695517,4.54,12.41,13.422759,11.95,14.79,1.134138,0.4,2.11,13.958621,0,30.03,4.076207,0,12.24,4.088276,0,12.28,37.055172,36.5,37.5,4.135517,4.12,4.14,799,827,0,0,0,0,0,0,0,0,0
2020-06-24T08:00:00Z,28,13.6975,13.12,14.56,8.150357,4.48,11.95,13.246429,12.86,13.67,0.998571,0.32,1.78,13.639286,4.43,24.64,5.0725,0,12.03,0.747857,0,7.96,37.714286,37.2,37.9,4.131071,4.12,4.14,828,855,0,0,0,0,0,0,0,0,0
2020-06-24T09:00:00Z,29,13.824138,13.17,14.48,5.251724,4.46,11.56,13.520345,12.96,13.69,0.60931,0.31,1.17,8.439655,4.18,16.89,0.408966,0,11.86,2.455517,0,11.13,38,37.9,38.1,4.131034,4.13,4.14,858,886,0,0,0,0,0,0,0,0,0
2020-06-24T10:00:00Z,30,13.174,7.66,13.96,4.117,2.9,4.47,13.057333,12.76,13.32,0.188,0.04,0.34,2.513667,0.31,4.5,0,0,0,6.844333,0,11.09,38.116667,38,38.3,4.125333,4.12,4.13,887,916,0,0,0,0,0,0,0,0,0
2020-06-24T11:00:00Z,29,0.622759,0,4.68,0.35931,0,2.5,12.746552,12.7,12.78,0.033103,0.01,0.08,0.016552,-0.07,0.3,0,0,0,6.048966,0,11.96,37.417241,37.1,38.2,4.107586,4.1,4.12,917,945,0,0,0,0,2,0,0,0,0
2020-06-24T12:00:00Z,30,0,0,0,0,0,0,12.704667,12.67,12.74,0.034667,-0.01,0.1,0,0,0,0,0,0,5.218,0,11.12,37.106667,37,37.2,4.09,4.08,4.1,946,975,0,0,0,1,0,0,0,0,0
2020-06-24T13:00:00Z,28,0,0,0,0,0,0,12.676429,12.65,12.71,0.020714,0,0.06,0,0,0,0,0,0,0,0,0,36.742857,36.6,37,4.077857,4.07,4.08,976,1004,0,0,0,0,0,0,0,0,0
2020-06-24T14:00:00Z,30,0,0,0,0,0,0,12.640333,12.61,12.67,0.028,-0.01,0.05,0,0,0,0,0,0,0,0,0,36.326667,36.2,36.5,4.064667,4.06,4.07,1005,1034,0,0,0,1,0,0,0,0,0
2020-06-24T15:00:00Z,29,0,0,0,0,0,0,12.611724,12.59,12.63,0.027931,0,0.05,0,0,0,0,0,0,0,0,0,35.972414,35.8,36.2,4.052414,4.05,4.06,1035,1063,0,0,0,0,0,0,0,0,0
2020-06-24T16:00:00Z,30,0,0,0,0,0,0,12.586667,12.57,12.6,0.024333,0,0.05,0,0,0,0,0,0,0,0,0,35.7,35.5,35.8,4.043667,4.04,4.05,1064,1093,0,0,0,0,0,0,0,0,0
2020-06-24T17:00:00Z,30,0,0,0,0,0,0,12.573333,12.56,12.59,0.022333,0.01,0.04,0,0,0,0,0,0,0,0,0,35.3,35,35.5,4.037667,4.03,4.04,1094,1123,0,0,0,0,0,0,0,0,0
2020-06-24T18:00:00Z,29,0,0,0,0,0,0,12.564138,12.55,12.58,0.024828,0.01,0.04,0,0,0,0,0,0,0,0,0,34.872414,34.7,35,4.03,4.03,4.03,1124,1152,0,0,0,0,0,0,0,0,0
2020-06-24T19:00:00Z,29,0,0,0,0,0,0,12.553448,12.54,12.57,0.023793,0.01,0.03,0,0,0,0,0,0,0,0,0,34.613793,34.6,34.7,4.023103,4.02,4.03,1153,1182,0,0,0,0,0,0,0,0,0
2020-06-24T20:00:00Z,26,0,0,0,0,0,0,12.548077,12.54,12.56,0.022692,0.02,0.03,0,0,0,0,0,0,0,0,0,34.442308,34.3,34.6,4.014231,4.01,4.02,1183,1211,0,0,0,0,0,0,0,0,0
2020-06-24T21:00:00Z,29,0,0,0,0,0,0,12.544138,12.54,12.56,0.025172,0.02,0.03,0,0,0,0,0,0,0,0,0,34.093103,33.9,34.3,4.01,4.01,4.01,1212,1241,0,0,0,0,0,0,0,0,0
2020-06-24T22:00:00Z,29,4.588966,0,13.15,1.543793,0,3.83,12.543103,12.54,12.57,0.039655,0.02,0.09,0.254483,0,1.16,0,0,0,0,0,0,33.865517,33.7,34.3,4.005517,4,4.01,1242,1270,0,0,0,0,0,0,0,0,0
2020-06-24T23:00:00Z,30,13.105,12.65,13.66,4.272,3.45,4.45,12.819333,12.57,12.98,0.233667,0.08,0.45,3.062,1.03,5.83,0,0,0,0,0,0,34.376667,34.2,34.6,4.003667,4,4.01,1271,1300,0,0,0,0,0,0,0,0,0
2020-06-25T00:00:00Z,30,13.552667,13.14,14,4.463333,4.44,4.51,13.129333,12.99,13.24,0.518,0.45,0.66,7.013,5.95,9.24,0,0,0,0,0,0,34.296667,34.2,34.4,4.030333,4.01,4.04,1301,1330,0,0,0,0,0,0,0,0,0
2020-06-25T01:00:00Z,29,13.805517,13.41,14.5,6.447931,4.5,12.37,13.438966,13.01,13.64,1.088276,0.67,1.52,15.057931,9.02,20.78,0.411379,0,11.93,0,0,0,34.248276,34.1,34.5,4.09069,4.04,4.13,1331,1359,0,0,0,0,0,0,0,0,0
2020-06-25T02:00:00Z,30,13.717667,13.18,14.36,9.890667,4.5,12.61,13.296333,12.95,13.5,1.491667,0.46,2.5,20.454667,6.21,34.32,6.060667,0,12.28,1.834,0,12.45,33.963333,33.8,34.2,4.127,4.12,4.13,1360,1389,0,0,0,0,0,0,0,0,0
2020-06-25T03:00:00Z,29,14.05069,13.42,15.15,8.477241,4.53,12.6,13.553448,12.89,14.3,1.620345,0.49,3.47,23.215172,6.6,51.46,5.633793,0,13.12,4.261034,0,11.11,33.972414,33.8,34.4,4.127931,4.12,4.13,1390,1418,0,0,0,8,2,0,0,0,0
2020-06-25T04:00:00Z,30,13.924333,13.13,14.54,5.756333,4.54,11.86,13.530333,12.89,13.84,0.812333,0.49,2.7,11.293,6.59,38.48,1.216333,0,12.73,1.391667,0,9.37,34.296667,34,34.5,4.124,4.12,4.13,1419,1448,0,0,0,0,0,0,0,0,0
2020-06-25T05:00:00Z,30,13.944,13.36,14.55,4.544333,4.46,4.62,13.515333,13.26,13.75,0.549333,0.3,0.79,7.679667,3.94,11.54,0,0,0,3.003667,0,11.41,34.413333,34.3,34.5,4.127,4.12,4.13,1449,1478,0,0,0,0,0,0,0,0,0
2020-06-25T06:00:00Z,29,14.035517,13.49,14.54,4.546207,4.51,4.59,13.556552,13.03,13.73,0.596897,0.47,0.79,8.381379,6.55,11.53,0.411379,0,11.93,0,0,0,34.396552,34.2,34.5,4.125862,4.12,4.13,1479,1507,0,0,0,0,0,0,0,0,0
2020-06-25T07:00:00Z,29,13.788276,13.41,14.36,4.488966,4.45,4.53,13.450345,13.3,13.63,0.424483,0.32,0.53,5.856897,4.26,7.33,0,0,0,0,0,0,34.296552,34.2,34.4,4.126207,4.12,4.13,1508,1537,0,0,0,0,0,0,0,0,0
2020-06-25T08:00:00Z,29,13.945862,13.24,14.53,4.522759,4.49,4.57,13.57931,13.08,13.9,0.523448,0.44,0.66,7.298276,6.04,9.14,0.412069,0,11.95,0,0,0,34.3,34.2,34.4,4.125862,4.12,4.13,1538,1566,0,0,0,0,0,0,0,0,0
2020-06-25T09:00:00Z,28,13.7225,13.21,14.46,4.468214,4.39,4.51,13.396429,13.1,13.68,0.356786,0.2,0.49,4.907857,2.7,7.11,0,0,0,0,0,0,34.067857,33.8,34.3,4.125,4.12,4.13,1567,1596,0,0,0,0,0,0,0,0,0
2020-06-25T10:00:00Z,29,12.946897,8.08,13.71,3.921034,3.42,4.41,12.922414,12.76,13.1,0.117241,0.05,0.23,1.523103,0.56,2.97,0,0,0,0,0,0,33.858621,33.8,33.9,4.112759,4.1,4.12,1597,1625,0,0,0,0,0,0,0,0,0
2020-06-25T11:00:00Z,30,0.884667,0,5.89,0.515333,0,2.95,12.766667,12.73,12.8,0.029333,0,0.08,0.032,0,0.44,0,0,0,0,0,0,33.343333,33.1,33.8,4.095,4.09,4.1,1626,1655,0,0,0,0,0,0,0,0,0
2020-06-25T12:00:00Z,29,0,0,0,0,0,0,12.733448,12.7,12.75,0.023448,-0.01,0.06,0,0,0,0,0,0,0,0,0,32.989655,32.8,33.2,4.081034,4.07,4.09,1656,1684,0,0,0,1,0,0,0,0,0
2020-06-25T13:00:00Z,30,0,0,0,0,0,0,12.707,12.68,12.73,0.029333,0,0.06,0,0,0,0,0,0,0,0,0,32.68,32.5,32.9,4.067333,4.06,4.08,1685,1714,0,0,0,0,0,0,0,0,0
2020-06-25T14:00:00Z,30,0,0,0,0,0,0,12.672667,12.65,12.7,0.032333,0,0.06,0,0,0,0,0,0,0,0,0,32.486667,32.4,32.6,4.054333,4.05,4.06,1715,1744,0,0,0,0,0,0,0,0,0
2020-06-25T15:00:00Z,29,0,0,0,0,0,0,12.648966,12.63,12.67,0.027586,0,0.05,0,0,0,0,0,0,0,0,0,32.317241,32.2,32.4,4.045517,4.04,4.05,1745,1773,0,0,0,0,0,0,0,0,0
2020-06-25T16:00:00Z,29,0,0,0,0,0,0,12.622414,12.6,12.64,0.028621,0.01,0.05,0,0,0,0,0,0,0,0,0,32.137931,32.1,32.2,4.039655,4.03,4.04,1774,1803,0,0,0,0,0,0,0,0,0
2020-06-25T17:00:00Z,29,0,0,0,0,0,0,12.600345,12.59,12.62,0.025517,0.01,0.04,0,0,0,0,0,0,0,0,0,32.1,32.1,32.1,4.03,4.03,4.03,1804,1832,0,0,0,0,0,0,0,0,0
2020-06-25T18:00:00Z,30,0,0,0,0,0,0,12.584,12.57,12.6,0.025667,0.01,0.04,0,0,0,0,0,0,0,0,0,32.02,32,32.1,4.024667,4.02,4.03,1833,1862,0,0,0,0,0,0,0,0,0
2020-06-25T19:00:00Z,30,0,0,0,0,0,0,12.563333,12.55,12.58,0.025333,0.01,0.03,0,0,0,0,0,0,0,0,0,31.963333,31.9,32,4.016333,4.01,4.02,1863,1892,0,0,0,0,0,0,0,0,0
2020-06-25T20:00:00Z,29,0,0,0,0,0,0,12.543448,12.54,12.55,0.023793,0.02,0.03,0,0,0,0,0,0,0,0,0,31.844828,31.8,31.9,4.010345,4.01,4.02,1893,1921,0,0,0,0,0,0,0,0,0
2020-06-25T21:00:00Z,29,0,0,0,0,0,0,12.535172,12.52,12.54,0.027241,0.02,0.03,0,0,0,0,0,0,0,0,0,31.713793,31.7,31.8,4.007931,4,4.01,1923,1951,0,0,0,0,0,0,0,0,0
2020-06-25T22:00:00Z,28,4.8975,0,13.3,1.647857,0,3.86,12.543929,12.51,12.64,0.045714,0.02,0.1,0.341071,0,1.32,0,0,0,0,0,0,31.75,31.6,32.1,4.000357,4,4.01,1952,1980,0,0,0,0,0,0,0,0,0
2020-06-25T23:00:00Z,30,13.034,12.81,13.56,4.267,4.08,4.38,12.819,12.72,12.96,0.216333,0.11,0.41,2.810667,1.41,5.3,0,0,0,0,0,0,32.1,32.1,32.1,3.993333,3.99,4,1981,2010,0,0,0,0,0,0,0,0,0
2020-06-26T00:00:00Z,29,13.554138,13.14,14.23,4.456207,4.33,4.61,13.200345,13.01,13.42,0.582759,0.25,0.97,7.931034,3.34,13.75,0,0,0,0,0,0,32.1,32.1,32.1,4.019655,4,4.04,2011,2039,0,0,0,0,0,0,0,0,0
2020-06-26T01:00:00Z,29,13.75931,13.08,14.43,7.976207,4.48,12.21,13.291724,12.81,13.74,1.308276,0.45,1.61,17.987931,5.98,22.18,4.471379,0,11.89,0,0,0,32.248276,32.1,32.4,4.097931,4.05,4.13,2040,2069,0,0,0,0,0,0,0,0,0
2020-06-26T02:00:00Z,28,13.5325,13.09,14.28,11.948214,11.41,12.19,13.027143,12.82,13.49,1.711786,1.17,2.11,23.158929,16.02,29.82,10.178929,0,12.03,0,0,0,32.596429,32.3,33,4.125714,4.12,4.13,2070,2098,0,0,0,0,0,0,0,0,0
2020-06-26T03:00:00Z,27,13.928889,13.26,14.78,11.729259,4.63,12.2,13.425926,12.96,13.7,2.281111,0.94,2.71,31.828148,12.82,39.87,11.394815,0,12.6,0,0,0,33.181481,32.8,33.5,4.129259,4.12,4.13,2099,2128,0,0,0,0,0,0,0,0,0
2020-06-26T04:00:00Z,29,14.154483,13.2,15.05,10.535172,4.61,12.09,13.607931,13.01,13.96,2.162069,0.87,2.95,30.833793,11.96,44.34,9.944828,0,12.84,0,0,0,33.941379,33.5,34.3,4.128276,4.12,4.13,2129,2157,0,0,0,0,0,0,0,0,0
2020-06-26T05:00:00Z,29,14.694483,13.18,15.69,11.871034,11,12.11,13.975862,12.93,14.63,2.479655,1.26,2.88,36.638966,16.55,44.75,12.860345,11.86,13.49,0,0,0,34.62069,34.2,35.1,4.13,4.13,4.13,2158,2187,0,0,0,0,0,0,0,0,0
2020-06-26T06:00:00Z,29,14.708966,13.36,19.83,11.468966,4.6,11.96,13.87069,13.04,14.75,2.063448,0.86,2.66,30.512759,12.21,41.64,11.866207,0,13.49,0,0,0,35.586207,35.3,35.9,4.129655,4.12,4.13,2188,2216,0,0,0,0,0,0,0,0,0
2020-06-26T07:00:00Z,30,14.408,13.12,16.14,10.711667,4.57,12.21,13.799,12.84,14.91,1.784667,0.7,2.49,25.996,9.65,39.01,10.978667,0,13.51,2.263667,0,11.63,36.036667,35.8,36.3,4.129333,4.12,4.14,2217,2246,0,0,0,0,0,0,0,0,0
2020-06-26T08:00:00Z,30,14.336667,13.03,20.68,11.884333,11.62,12.08,13.257,12.79,14.94,1.271333,0.1,1.56,17.632667,2.03,21.44,8.277667,0,12.23,4.831333,0,12.04,36.453333,36.2,36.7,4.13,4.13,4.13,2247,2276,0,0,0,0,0,0,0,0,0
2020-06-26T09:00:00Z,29,14.245517,13.08,19.73,6.971034,4.44,11.67,13.561379,12.87,14.84,0.749655,0.27,1.06,10.684483,3.63,17.33,3.281724,0,11.96,3.58,0,11.88,36.144828,35.7,36.7,4.126897,4.12,4.13,2277,2305,0,0,0,0,0,0,0,0,0
2020-06-26T10:00:00Z,30,11.356333,2.1,13.73,3.674333,2,4.43,12.911,12.76,13.18,0.111667,0.02,0.25,1.388667,0.06,3.29,0,0,0,1.714333,0,10.94,35.456667,35,35.7,4.116667,4.11,4.12,2306,2335,0,0,0,0,0,0,0,0,0
2020-06-26T11:00:00Z,28,0.752857,0,3.57,0.469286,0,1.95,12.764286,12.74,12.8,0.032857,0,0.06,0.025714,0,0.2,0,0,0,1.034286,0,9.35,34.653571,34.6,34.9,4.096786,4.09,4.11,2336,2364,0,0,0,0,0,0,0,0,0
2020-06-26T12:00:00Z,30,0,0,0,0,0,0,12.732667,12.7,12.76,0.026333,0,0.06,0,0,0,0,0,0,0,0,0,34.616667,34.6,34.7,4.083667,4.08,4.09,2365,2394,0,0,0,0,0,0,0,0,0
2020-06-26T13:00:00Z,27,0,0,0,0,0,0,12.698889,12.67,12.73,0.027778,-0.05,0.06,0,0,0,0,0,0,3.128148,0,10,34.507407,34.3,34.6,4.07,4.06,4.08,2395,2423,0,0,0,4,0,0,0,0,0
2020-06-26T14:00:00Z,28,0,0,0,0,0,0,12.676071,12.66,12.7,0.027857,0,0.06,0,0,0,0,0,0,3.673571,0,9.63,34.121429,33.8,34.3,4.056429,4.05,4.06,2424,2453,0,0,0,0,0,0,0,0,0
2020-06-26T15:00:00Z,29,0,0,0,0,0,0,12.651379,12.63,12.66,0.032069,0,0.05,0,0,0,0,0,0,1.907931,0,10.37,33.841379,33.8,33.9,4.046207,4.04,4.05,2454,2482,0,0,0,0,0,0,0,0,0
2020-06-26T16:00:00Z,30,0,0,0,0,0,0,12.624,12.61,12.65,0.024333,0.01,0.05,0,0,0,0,0,0,0,0,0,33.616667,33.4,33.8,4.039667,4.03,4.04,2483,2512,0,0,0,0,0,0,0,0,0
2020-06-26T17:00:00Z,30,0,0,0,0,0,0,12.606,12.59,12.63,0.024,0.01,0.05,0,0,0,0,0,0,0,0,0,33.4,33.3,33.5,4.031,4.03,4.04,2513,2542,0,0,0,0,0,0,0,0,0
2020-06-26T18:00:00Z,28,0,0,0,0,0,0,12.588214,12.57,12.6,0.025,0.01,0.04,0,0,0,0,0,0,0,0,0,33.267857,33.2,33.4,4.025357,4.02,4.03,2543,2571,0,0,0,0,0,0,0,0,0
2020-06-26T19:00:00Z,30,0,0,0,0,0,0,12.569667,12.55,12.59,0.023333,0.02,0.03,0,0,0,0,0,0,0,0,0,32.983333,32.8,33.2,4.017333,4.01,4.02,2572,2601,0,0,0,0,0,0,0,0,0
2020-06-26T20:00:00Z,29,0,0,0,0,0,0,12.55,12.54,12.57,0.024138,0.02,0.03,0,0,0,0,0,0,0,0,0,32.57931,32.5,32.7,4.01,4.01,4.01,2602,2630,0,0,0,0,0,0,0,0,0
2020-06-26T21:00:00Z,28,0,0,0,0,0,0,12.538214,12.53,12.55,0.026786,0.02,0.03,0,0,0,0,0,0,0,0,0,32.378571,32.3,32.5,4.006071,4,4.01,2631,2660,0,0,0,0,0,0,0,0,0
2020-06-26T22:00:00Z,29,4.415172,0,13.11,1.443448,0,3.81,12.534828,12.52,12.6,0.03931,0.02,0.09,0.254483,0,1.11,0,0,0,0,0,0,32.282759,32.1,32.9,4,4,4,2661,2689,0,0,0,0,0,0,0,0,0
2020-06-26T23:00:00Z,30,13.120333,12.72,13.63,4.332667,3.87,4.47,12.824333,12.63,12.97,0.239333,0.08,0.44,3.142667,1.03,5.76,0,0,0,0.352,0,8.14,32.98,32.9,33,4.002,3.99,4.02,2690,2719,0,0,0,0,0,0,0,0,0
2020-06-27T00:00:00Z,29,13.681034,13.11,14.3,4.583793,4.48,4.68,13.273793,13,13.52,0.77,0.45,1.19,10.587586,5.91,16.47,0,0,0,8.234828,0,12.76,32.97931,32.9,33,4.053448,4.02,4.09,2720,2748,0,0,0,0,0,0,0,0,0
2020-06-27T01:00:00Z,30,13.731333,13.14,14.36,8.83,4.57,12.53,13.334667,12.86,13.57,1.067,0.69,1.87,14.644333,9.43,25.55,1.576667,0,11.9,6.93,0,12.46,33.026667,32.8,33.2,4.115667,4.09,4.13,2749,2778,0,0,0,0,0,0,0,0,0
2020-06-27T02:00:00Z,30,13.759,13.08,14.47,11.797,4.61,12.66,13.257333,12.82,13.58,1.304333,0.8,2.16,17.909,11.09,29.32,5.138667,0,12.08,4.193667,0,11.32,33.273333,33.1,33.4,4.128,4.12,4.13,2779,2808,0,0,0,0,0,0,0,0,0
2020-06-27T03:00:00Z,28,13.888929,13.13,14.94,11.343929,4.61,12.82,13.310714,12.9,14.02,1.748929,0.82,3.24,24.454286,11.42,47.24,9.112857,0,12.93,3.876786,0,12.37,33.371429,33.2,33.5,4.128929,4.12,4.13,2809,2837,0,0,0,2,0,0,0,0,0
2020-06-27T04:00:00Z,29,14.826897,13.43,15.78,12.194483,10.87,12.75,14.066552,13.19,14.66,2.778276,1.19,3.38,41.345172,16.01,50.93,12.947241,12.12,13.49,1.666897,0,8.8,33.689655,33.4,33.9,4.13,4.13,4.13,2838,2867,0,0,0,8,1,0,0,0,0
2020-06-27T05:00:00Z,28,15.090357,13.26,21.31,9.1825,4.55,12.74,14.053929,12.9,14.69,1.753571,0.08,2.91,26.827857,1.73,45.83,9.356786,0,13.52,0.255357,0,4.32,34.032143,33.7,34.6,4.126071,4.12,4.13,2868,2896,0,0,0,0,0,0,0,0,0
2020-06-27T06:00:00Z,29,16.148276,14.78,20.56,11.906207,11.72,12.08,14.572759,14.12,14.72,2.368276,0.57,2.6,37.944828,11,50.98,13.456897,13.08,13.59,0.037931,0,1.1,35.048276,34.6,35.8,4.13,4.13,4.13,2897,2926,0,0,0,0,1,0,0,0,0
2020-06-27T07:00:00Z,29,14.744138,13.3,15.87,11.795862,11.12,11.95,14.077241,13.03,14.66,2.095862,1.12,2.49,31.104483,15.16,39.49,12.534138,0,13.52,0.35069,0,10.17,35.741379,35.5,35.9,4.13,4.13,4.13,2927,2955,0,0,0,0,0,0,0,0,0
2020-06-27T08:00:00Z,30,14.274333,13.03,20.12,7.077333,4.55,11.57,13.583667,12.8,14.84,0.866,0.57,1.21,12.267,8.02,15.87,3.574,0,12.11,0,0,0,35.856667,35.8,36.1,4.129,4.12,4.14,2956,2985,0,0,0,0,0,0,0,0,0
2020-06-27T09:00:00Z,30,13.97,13.51,14.57,4.513667,4.48,4.55,13.627333,13.35,14.41,0.476333,0.41,0.62,6.657,5.54,9.02,0,0,0,0,0,0,36.273333,35.9,36.6,4.126667,4.12,4.13,2986,3015,0,0,0,0,0,0,0,0,0
2020-06-27T10:00:00Z,29,13.52,12.93,14.3,4.224828,3.43,4.49,13.163103,12.83,13.61,0.217586,0.06,0.43,2.957931,0.82,5.89,0,0,0,0,0,0,36.751724,36.5,37.1,4.123103,4.12,4.13,3016,3044,0,0,0,0,0,0,0,0,0
2020-06-27T11:00:00Z,30,1.194333,0,11.84,0.648,0,3.83,12.821667,12.8,12.85,0.031333,-0.02,0.12,0.056,-0.02,0.5,0,0,0,8.711333,0,13.24,35.706667,35,37.1,4.107333,4.1,4.12,3045,3074,0,0,0,6,1,0,0,0,0
2020-06-27T12:00:00Z,29,0,0,0,0,0,0,12.781379,12.75,12.81,0.026552,-0.02,0.06,0,0,0,0,0,0,5.042069,0,11.3,34.986207,34.9,35,4.08931,4.08,4.1,3075,3103,0,0,0,4,0,0,0,0,0
2020-06-27T13:00:00Z,30,0,0,0,0,0,0,12.745667,12.72,12.78,0.026333,-0.02,0.06,0,0,0,0,0,0,3.82,0,8.36,34.886667,34.7,35,4.074667,4.07,4.08,3104,3133,0,0,0,4,0,0,0,0,0
2020-06-27T14:00:00Z,29,0,0,0,0,0,0,12.721034,12.69,12.75,0.022069,-0.01,0.05,0,0,0,0,0,0,1.087241,0,8.11,34.693103,34.6,34.8,4.062069,4.06,4.07,3134,3162,0,0,0,2,0,0,0,0,0
2020-06-27T15:00:00Z,30,0,0,0,0,0,0,12.690333,12.66,12.72,0.025,0,0.05,0,0,0,0,0,0,0,0,0,34.65,34.5,34.8,4.050333,4.04,4.06,3163,3192,0,0,0,0,0,0,0,0,0
2020-06-27T16:00:00Z,27,0,0,0,0,0,0,12.665926,12.65,12.69,0.03,0.01,0.05,0,0,0,0,0,0,0.708889,0,8.14,34.214815,34,34.5,4.04037,4.04,4.05,3193,3221,0,0,0,0,0,0,0,0,0
2020-06-27T17:00:00Z,30,0,0,0,0,0,0,12.643333,12.63,12.66,0.022667,0.01,0.04,0,0,0,0,0,0,0.439667,0,7.39,33.786667,33.6,34,4.034667,4.03,4.04,3222,3251,0,0,0,0,0,0,0,0,0
2020-06-27T18:00:00Z,29,0,0,0,0,0,0,12.623793,12.61,12.63,0.024828,0.01,0.04,0,0,0,0,0,0,0,0,0,33.455172,33.4,33.6,4.028276,4.02,4.03,3253,3281,0,0,0,0,0,0,0,0,0
2020-06-27T19:00:00Z,29,0,0,0,0,0,0,12.605862,12.6,12.62,0.025862,0.01,0.04,0,0,0,0,0,0,0,0,0,33.344828,33.3,33.4,4.02,4.02,4.02,3282,3310,0,0,0,0,0,0,0,0,0
2020-06-27T20:00:00Z,30,0,0,0,0,0,0,12.584667,12.57,12.6,0.024667,0.02,0.03,0,0,0,0,0,0,0,0,0,33.16,33,33.3,4.010667,4.01,4.02,3311,3340,0,0,0,0,0,0,0,0,0
2020-06-27T21:00:00Z,29,0,0,0,0,0,0,12.57069,12.56,12.58,0.025517,0.02,0.03,0,0,0,0,0,0,0,0,0,32.824138,32.6,33,4.009655,4,4.01,3341,3369,0,0,0,0,0,0,0,0,0
2020-06-27T22:00:00Z,30,1.196667,0,5.03,0.610667,0,2.49,12.555,12.54,12.57,0.03,0.02,0.05,0.039667,0,0.14,0,0,0,0,0,0,32.526667,32.5,32.6,4.001333,4,4.01,3370,3399,0,0,0,0,0,0,0,0,0
2020-06-27T23:00:00Z,29,11.655517,4.31,13.33,3.58069,2.65,4.07,12.573103,12.54,12.69,0.06931,0.04,0.12,0.832414,0.2,1.53,0,0,0,0,0,0,33.124138,32.6,33.3,3.998621,3.99,4,3400,3428,0,0,0,0,0,0,0,0,0
2020-06-28T00:00:00Z,30,13.156667,12.84,13.6,4.250667,4.12,4.33,12.823333,12.75,12.91,0.206667,0.12,0.31,2.719333,1.62,4.09,0,0,0,0,0,0,33.136667,33,33.2,3.99,3.99,3.99,3429,3458,0,0,0,0,0,0,0,0,0
2020-06-28T01:00:00Z,30,13.439667,13.02,14.06,4.381333,4.33,4.46,13.097,12.91,13.3,0.464667,0.32,0.68,6.255667,4.14,9.52,0,0,0,0,0,0,33.006667,32.9,33.1,4.002,3.99,4.01,3459,3488,0,0,0,0,0,0,0,0,0
2020-06-28T02:00:00Z,29,13.875172,13.49,14.51,4.53069,4.46,4.62,13.454138,13.32,13.66,0.932759,0.7,1.21,12.966552,9.54,16.95,0,0,0,1.529655,0,11,32.906897,32.8,33,4.037241,4.01,4.07,3489,3517,0,0,0,0,0,0,0,0,0
2020-06-28T03:00:00Z,30,13.507,13.08,14.35,9.783333,4.63,12.49,13.040333,12.82,13.74,1.572,1.24,1.77,21.236667,16.84,24.48,9.87,0,12.01,8.777,0,12.58,33.06,32.8,33.2,4.112667,4.07,4.13,3518,3547,0,0,0,0,0,0,0,0,0
2020-06-28T04:00:00Z,29,13.668276,13.09,14.41,12.341724,11.8,12.64,13.188966,12.87,13.51,1.978621,1.23,2.52,27.083103,17.36,36.12,11.251034,0,12.35,5.963448,0,12.02,33.196552,33,33.3,4.128276,4.12,4.13,3548,3576,0,0,0,0,0,0,0,0,0
2020-06-28T05:00:00Z,30,13.926333,13.12,14.7,12.316667,11.99,12.51,13.375333,12.87,13.61,2.274,1.49,2.62,31.730667,19.58,38.47,12.276,11.78,12.52,6.645,0,12.28,33.346667,33.2,33.4,4.13,4.13,4.13,3577,3606,0,0,0,0,0,0,0,0,0
2020-06-28T06:00:00Z,28,13.771786,13.27,14.41,8.550714,4.4,12.25,13.287857,12.87,13.82,1.215714,0.24,2.16,16.831786,3.29,31.02,5.609643,0,12.29,8.988214,0,13.3,33.553571,33.4,33.8,4.125357,4.12,4.13,3607,3635,0,0,0,0,0,0,0,0,0
2020-06-28T07:00:00Z,30,13.940333,13.14,14.57,6.038333,4.54,11.84,13.482333,12.96,13.76,0.885333,0.59,1.12,12.332,8,15.96,2.800667,0,12.11,6.065,0,12.68,33.556667,33.4,33.8,4.125333,4.12,4.13,3636,3665,0,0,0,0,0,0,0,0,0
2020-06-28T08:00:00Z,30,13.323,10.11,14.51,7.043333,3.5,12.62,13.206667,12.78,14.05,0.867667,0,2.15,11.796333,0,29.37,4.383,0,12.17,3.374333,0,13.67,33.913333,33.6,34.2,4.123,4.11,4.13,3666,3695,0,0,0,0,0,0,0,0,0
2020-06-28T09:00:00Z,28,6.405,1.17,13.2,2.906071,1.44,3.85,12.756071,12.72,12.81,0.048214,0.01,0.1,0.312857,0.01,0.96,0,0,0,2.5225,0,12.17,33.428571,33.3,33.6,4.102143,4.09,4.11,3696,3723,0,0,0,0,0,0,0,0,0
2020-06-28T10:00:00Z,30,2.324667,0.43,4.53,0.99,0,2.13,12.704333,12.66,12.75,0.035667,-0.01,0.06,0.081333,-0.02,0.27,0,0,0,1.586667,0,11.29,33.17,33,33.3,4.085333,4.08,4.09,3725,3754,0,0,0,2,2,0,0,0,0
2020-06-28T11:00:00Z,29,0.211379,0,2.55,0,0,0,12.668276,12.65,12.69,0.025862,0,0.06,0.006897,0,0.09,0,0,0,0,0,0,32.751724,32.5,33,4.073103,4.07,4.08,3755,3783,0,0,0,0,0,0,0,0,0
2020-06-28T12:00:00Z,30,0,0,0,0,0,0,12.640667,12.61,12.67,0.031667,0,0.06,0,0,0,0,0,0,1.511,0,12.42,32.42,32.2,32.6,4.058333,4.05,4.07,3784,3813,0,0,0,0,0,0,0,0,0
2020-06-28T13:00:00Z,28,0,0,0,0,0,0,12.611786,12.59,12.63,0.031786,0,0.06,0,0,0,0,0,0,0,0,0,32.142857,32.1,32.2,4.049286,4.04,4.05,3814,3842,0,0,0,0,0,0,0,0,0
2020-06-28T14:00:00Z,30,0,0,0,0,0,0,12.593,12.57,12.61,0.031333,0.01,0.05,0,0,0,0,0,0,0,0,0,32.036667,32,32.1,4.04,4.04,4.04,3843,3872,0,0,0,0,0,0,0,0,0
2020-06-28T15:00:00Z,30,0,0,0,0,0,0,12.562667,12.54,12.58,0.027333,0.01,0.05,0,0,0,0,0,0,0,0,0,31.92,31.8,32,4.030667,4.03,4.04,3873,3902,0,0,0,0,0,0,0,0,0
2020-06-28T16:00:00Z,29,0,0,0,0,0,0,12.537241,12.52,12.55,0.022759,0.01,0.03,0,0,0,0,0,0,0,0,0,31.7,31.6,31.8,4.027586,4.02,4.03,3903,3931,0,0,0,0,0,0,0,0,0
2020-06-28T17:00:00Z,29,0,0,0,0,0,0,12.527586,12.52,12.54,0.023448,0.01,0.03,0,0,0,0,0,0,0,0,0,31.5,31.4,31.6,4.018276,4.01,4.02,3932,3961,0,0,0,0,0,0,0,0,0
2020-06-28T18:00:00Z,27,0,0,0,0,0,0,12.517037,12.51,12.53,0.024074,0.02,0.03,0,0,0,0,0,0,0,0,0,31.314815,31.2,31.4,4.01,4.01,4.01,3962,3990,0,0,0,0,0,0,0,0,0
2020-06-28T19:00:00Z,29,0,0,0,0,0,0,12.513793,12.51,12.53,0.025172,0.02,0.03,0,0,0,0,0,0,0,0,0,31.155172,31,31.3,4.007586,4,4.01,3991,4020,0,0,0,0,0,0,0,0,0
2020-06-28T20:00:00Z,29,0,0,0,0,0,0,12.508276,12.5,12.51,0.026552,0.02,0.03,0,0,0,0,0,0,0,0,0,31.003448,30.9,31.1,4,4,4,4021,4049,0,0,0,0,0,0,0,0,0
2020-06-28T21:00:00Z,30,0,0,0,0,0,0,12.503333,12.48,12.51,0.027,0.02,0.03,0,0,0,0,0,0,0,0,0,30.9,30.9,30.9,3.999,3.99,4,4050,4079,0,0,0,0,0,0,0,0,0
2020-06-28T22:00:00Z,29,3.616897,0,12.75,1.216897,0,3.88,12.497931,12.48,12.54,0.034828,0.02,0.06,0.168966,0,0.73,0,0,0,0,0,0,30.87931,30.8,31.3,3.991034,3.99,4,4080,4108,0,0,0,0,0,0,0,0,0
2020-06-28T23:00:00Z,30,13.054667,12.59,13.55,4.1,3.45,4.33,12.712667,12.51,12.84,0.184333,0.06,0.31,2.411667,0.75,4.15,0,0,0,0,0,0,31.473333,31.3,31.6,3.99,3.99,3.99,4109,4138,0,0,0,0,0,0,0,0,0
2020-06-29T00:00:00Z,29,13.49,12.97,13.94,4.38069,4.33,4.45,13.007931,12.84,13.19,0.427931,0.32,0.6,5.782759,4.24,8.31,0,0,0,0,0,0,31.462069,31.4,31.5,3.997241,3.99,4.01,4139,4168,0,0,0,0,0,0,0,0,0
2020-06-29T01:00:00Z,29,13.609655,13.32,14.15,4.48069,4.41,4.53,13.277931,13.16,13.37,0.714483,0.48,0.9,9.732759,6.47,12.16,0,0,0,0,0,0,31.527586,31.4,31.6,4.028276,4.01,4.04,4169,4197,0,0,0,0,0,0,0,0,0
2020-06-29T02:00:00Z,30,13.945333,13.45,14.54,4.845333,4.45,11.77,13.489333,13.23,13.66,1.04,0.61,1.26,14.521333,8.49,17.89,0,0,0,0,0,0,31.603333,31.5,31.8,4.078667,4.04,4.13,4198,4227,0,0,0,0,0,0,0,0,0
2020-06-29T03:00:00Z,29,13.674483,13.13,14.39,11.075172,4.5,12.45,13.164483,12.8,13.87,1.538621,0.47,3.27,21.122759,6.33,47.08,7.836552,0,12.78,0,0,0,31.903448,31.7,32,4.124138,4.11,4.13,4228,4256,0,0,0,1,0,0,0,0,0
2020-06-29T04:00:00Z,30,13.571667,12.9,14.97,8.066667,3.42,12.54,13.110667,12.81,13.85,1.132667,0.05,3.12,15.849333,0.67,46.64,5.678667,0,12.71,5.732667,0,13.39,32.043333,31.8,32.2,4.119,4.1,4.13,4257,4286,0,0,0,2,0,0,0,0,0
2020-06-29T05:00:00Z,27,13.232963,12.99,13.67,4.397037,4.32,4.44,12.937037,12.9,12.97,0.221111,0.12,0.28,2.925185,1.57,3.87,0,0,0,7.952963,0,13.3,31.896296,31.8,32,4.1,4.1,4.1,4287,4315,0,0,0,0,0,0,0,0,0
2020-06-29T06:00:00Z,30,13.227,13.08,13.72,4.455667,4.44,4.46,12.995,12.97,13.02,0.310333,0.29,0.32,4.096333,3.78,4.36,0,0,0,0,0,0,32,32,32,4.106,4.1,4.11,4316,4345,0,0,0,0,0,0,0,0,0
2020-06-29T07:00:00Z,30,13.153,12.94,13.66,4.402,4.34,4.44,12.912667,12.85,12.98,0.229333,0.16,0.28,3.012333,2.02,3.72,0,0,0,1.578667,0,8.16,32,32,32,4.108,4.1,4.11,4346,4375,0,0,0,0,0,0,0,0,0
2020-06-29T08:00:00Z,29,13.184138,12.91,13.51,4.323103,4.32,4.34,12.838276,12.83,12.84,0.153448,0.14,0.16,2.004138,1.86,2.11,0,0,0,0,0,0,31.913793,31.8,32,4.092759,4.09,4.1,4376,4404,0,0,0,0,0,0,0,0,0
2020-06-29T09:00:00Z,29,13.055862,12.87,13.45,4.242069,4.04,4.31,12.815172,12.78,12.84,0.134828,0.12,0.15,1.764138,1.54,1.94,0,0,0,0,0,0,31.789655,31.7,31.9,4.077931,4.07,4.09,4405,4434,0,0,0,0,0,0,0,0,0
2020-06-29T10:00:00Z,29,12.454828,6.17,13.4,3.646207,2.95,3.98,12.662414,12.59,12.78,0.082414,0.03,0.14,1.038276,0.32,1.85,0,0,0,0,0,0,31.789655,31.7,31.9,4.065862,4.06,4.07,4435,4463,0,0,0,0,0,0,0,0,0
2020-06-29T11:00:00Z,30,0.880333,0,4.35,0.498333,0,2.61,12.586333,12.57,12.61,0.037333,0,0.08,0.041667,0,0.33,0,0,0,0,0,0,31.016667,30.8,31.7,4.054,4.05,4.06,4464,4493,0,0,0,0,0,0,0,0,0
2020-06-29T12:00:00Z,28,0,0,0,0,0,0,12.556429,12.54,12.57,0.029643,0.01,0.05,0,0,0,0,0,0,0,0,0,30.725,30.7,30.8,4.043214,4.04,4.05,4494,4522,0,0,0,0,0,0,0,0,0
2020-06-29T13:00:00Z,30,0,0,0,0,0,0,12.531,12.5,12.55,0.030333,0.01,0.05,0,0,0,0,0,0,0,0,0,30.656667,30.6,30.7,4.036667,4.03,4.04,4523,4552,0,0,0,0,0,0,0,0,0
2020-06-29T14:00:00Z,30,0,0,0,0,0,0,12.505,12.49,12.52,0.026,0.01,0.04,0,0,0,0,0,0,0,0,0,30.54,30.5,30.6,4.029333,4.02,4.03,4553,4582,0,0,0,0,0,0,0,0,0
2020-06-29T15:00:00Z,29,0,0,0,0,0,0,12.483103,12.47,12.5,0.026207,0.02,0.04,0,0,0,0,0,0,0,0,0,30.462069,30.4,30.5,4.022414,4.02,4.03,4583,4611,0,0,0,0,0,0,0,0,0
2020-06-29T16:00:00Z,29,0,0,0,0,0,0,12.471034,12.47,12.48,0.024138,0.02,0.03,0,0,0,0,0,0,0,0,0,30.296552,30.2,30.4,4.014138,4.01,4.02,4612,4641,0,0,0,0,0,0,0,0,0
2020-06-29T17:00:00Z,29,0,0,0,0,0,0,12.467586,12.46,12.48,0.024828,0.02,0.03,0,0,0,0,0,0,0,0,0,30.203448,30.1,30.3,4.01,4.01,4.01,4642,4670,0,0,0,0,0,0,0,0,0
2020-06-29T18:00:00Z,30,0,0,0,0,0,0,12.458333,12.45,12.47,0.025333,0.02,0.03,0,0,0,0,0,0,0,0,0,30.126667,30.1,30.2,4.003333,4,4.01,4671,4700,0,0,0,0,0,0,0,0,0
2020-06-29T19:00:00Z,29,0,0,0,0,0,0,12.452414,12.44,12.46,0.024483,0.02,0.03,0,0,0,0,0,0,0,0,0,30.086207,30,30.1,4,4,4,4701,4729,0,0,0,0,0,0,0,0,0
2020-06-29T20:00:00Z,30,0,0,0,0,0,0,12.448333,12.44,12.46,0.027,0.02,0.03,0,0,0,0,0,0,0,0,0,29.96,29.9,30,3.995,3.99,4,4730,4759,0,0,0,0,0,0,0,0,0
2020-06-29T21:00:00Z,28,0,0,0,0,0,0,12.445357,12.43,12.46,0.026429,0.02,0.03,0,0,0,0,0,0,0,0,0,29.889286,29.8,30,3.99,3.99,3.99,4760,4789,0,0,0,0,0,0,0,0,0
2020-06-29T22:00:00Z,29,2.571379,0,12.52,1.003448,0,3.82,12.438276,12.42,12.45,0.033103,0.02,0.06,0.109655,0,0.71,0,0,0,0,0,0,29.862069,29.8,30.1,3.99,3.99,3.99,4790,4818,0,0,0,0,0,0,0,0,0
2020-06-29T23:00:00Z,30,12.933333,12.51,13.56,4.128333,3.43,4.35,12.658333,12.42,12.85,0.199,0.05,0.38,2.588667,0.57,4.95,0,0,0,0,0,0,30.6,30.3,30.7,3.985333,3.98,3.99,4819,4848,0,0,0,0,0,0,0,0,0
2020-06-30T00:00:00Z,29,13.494483,13.01,14.04,4.473103,4.36,4.57,13.123793,12.87,13.26,0.652759,0.41,0.86,8.809655,5.35,11.63,0,0,0,0,0,0,30.703448,30.6,30.8,4.006207,3.99,4.03,4849,4877,0,0,0,0,0,0,0,0,0
2020-06-30T01:00:00Z,30,13.841667,13.45,14.6,6.355333,4.54,12.39,13.419667,13.24,13.65,1.200667,0.8,1.72,16.661,11.01,24.16,0,0,0,0,0,0,30.863333,30.8,31,4.08,4.03,4.14,4878,4907,0,0,0,0,0,0,0,0,0
2020-06-30T02:00:00Z,29,13.730345,13.09,14.47,12.285862,11.73,12.77,13.174483,12.84,13.54,1.745172,1.09,2.44,23.988621,14.75,34.59,7.837931,0,12.14,1.244828,0,11.65,31.117241,31,31.3,4.121379,4.12,4.13,4908,4936,0,0,0,0,0,0,0,0,0
2020-06-30T03:00:00Z,30,14.032667,13.14,15.95,11.346333,4.58,12.79,13.378667,12.88,14.77,2.086333,0.71,2.95,29.483667,9.54,42.65,9.787667,0,12.57,5.335333,0,12.54,31.443333,31.2,31.7,4.128333,4.12,4.13,4937,4966,0,0,0,0,0,0,0,0,0
2020-06-30T04:00:00Z,30,14.114333,13.19,15.11,10.125333,4.56,13.04,13.556,12.99,14.14,2.058667,0.62,3.29,29.442,8.84,48.48,9.165333,0,13.04,7.157333,0,12.98,31.786667,31.4,32.1,4.127333,4.12,4.14,4967,4996,0,0,0,3,0,0,0,0,0
2020-06-30T05:00:00Z,29,14.083793,13.18,16.12,8.548966,4.39,12.88,13.596552,12.83,14.66,1.591379,0.16,3.67,23.414828,2.14,58.51,6.58069,0,13.48,8.595172,0,13.14,32.051724,32,32.1,4.125517,4.11,4.13,4997,5025,0,0,0,7,5,0,0,0,0
2020-06-30T06:00:00Z,30,13.732,13.13,14.6,7.083,4.43,12.84,13.274333,12.9,14.12,0.865667,0.24,3.13,12.126667,3.2,45.71,3.701333,0,12.98,3.059,0,10.6,32.153333,32.1,32.4,4.124,4.12,4.14,5026,5055,0,0,0,1,0,0,0,0,0
2020-06-30T07:00:00Z,29,13.424483,13.19,13.84,4.467241,4.46,4.47,13.091724,13.08,13.12,0.312069,0.29,0.34,4.177931,3.89,4.56,0,0,0,0,0,0,32.641379,32.5,32.8,4.122069,4.12,4.13,5056,5084,0,0,0,0,0,0,0,0,0
2020-06-30T08:00:00Z,30,13.358,13.08,13.75,4.452333,4.41,4.46,13.043,12.98,13.08,0.272667,0.22,0.3,3.638667,2.88,4.06,0,0,0,0.225667,0,6.37,32.866667,32.8,32.9,4.122333,4.12,4.13,5085,5114,0,0,0,0,0,0,0,0,0
2020-06-30T09:00:00Z,30,13.263333,12.98,13.65,4.344,4.3,4.41,12.922667,12.88,12.97,0.157333,0.12,0.22,2.079667,1.64,2.87,0,0,0,0,0,0,32.82,32.7,33,4.114,4.1,4.12,5115,5144,0,0,0,0,0,0,0,0,0
2020-06-30T10:00:00Z,29,13.029655,11.54,13.53,3.872759,3.42,4.3,12.788966,12.66,12.89,0.095172,0.02,0.13,1.240345,0.27,1.72,0,0,0,0,0,0,32.672414,32.6,32.8,4.094483,4.09,4.1,5145,5173,0,0,0,0,0,0,0,0,0
2020-06-30T11:00:00Z,30,1.01,0,7.57,0.573667,0,3.29,12.661,12.63,12.69,0.035667,0,0.07,0.04,0,0.34,0,0,0,0,0,0,31.983333,31.7,32.6,4.082,4.07,4.09,5174,5203,0,0,0,0,0,0,0,0,0
2020-06-30T12:00:00Z,29,0,0,0,0,0,0,12.64069,12.61,12.67,0.028276,0,0.06,0,0,0,0,0,0,0,0,0,31.586207,31.5,31.7,4.066207,4.06,4.08,5204,5232,0,0,0,0,0,0,0,0,0
2020-06-30T13:00:00Z,30,0,0,0,0,0,0,12.614333,12.59,12.63,0.028667,-0.01,0.06,0,0,0,0,0,0,0,0,0,31.36,31.3,31.5,4.055,4.05,4.06,5233,5262,0,0,0,1,0,0,0,0,0
2020-06-30T14:00:00Z,29,0,0,0,0,0,0,12.597241,12.57,12.62,0.027241,0,0.05,0,0,0,0,0,0,0,0,0,31.165517,31,31.3,4.044483,4.04,4.05,5263,5291,0,0,0,0,0,0,0,0,0
2020-06-30T15:00:00Z,30,0,0,0,0,0,0,12.573,12.56,12.6,0.029333,0.01,0.05,0,0,0,0,0,0,0,0,0,30.933333,30.9,31,4.039,4.03,4.04,5292,5321,0,0,0,0,0,0,0,0,0
2020-06-30T16:00:00Z,30,0,0,0,0,0,0,12.557333,12.54,12.57,0.026667,0.01,0.05,0,0,0,0,0,0,0,0,0,30.81,30.7,30.9,4.03,4.03,4.03,5322,5351,0,0,0,0,0,0,0,0,0
2020-06-30T17:00:00Z,29,0,0,0,0,0,0,12.54069,12.53,12.56,0.026207,0.02,0.04,0,0,0,0,0,0,0,0,0,30.693103,30.6,30.8,4.023793,4.02,4.03,5352,5380,0,0,0,0,0,0,0,0,0
2020-06-30T18:00:00Z,30,0,0,0,0,0,0,12.531667,12.52,12.54,0.024,0.02,0.04,0,0,0,0,0,0,0,0,0,30.54,30.5,30.6,4.013,4.01,4.02,5381,5410,0,0,0,0,0,0,0,0,0
2020-06-30T19:00:00Z,29,0,0,0,0,0,0,12.511379,12.5,12.53,0.022759,0.01,0.03,0,0,0,0,0,0,0,0,0,30.451724,30.4,30.5,4.01,4.01,4.01,5411,5439,0,0,0,0,0,0,0,0,0
2020-06-30T20:00:00Z,30,0,0,0,0,0,0,12.502667,12.49,12.52,0.026333,0.02,0.03,0,0,0,0,0,0,0,0,0,30.276667,30.2,30.4,4.002667,4,4.01,5440,5469,0,0,0,0,0,0,0,0,0
2020-06-30T21:00:00Z,29,0,0,0,0,0,0,12.483103,12.47,12.5,0.026897,0.02,0.03,0,0,0,0,0,0,0,0,0,30.113793,30.1,30.2,4,4,4,5470,5498,0,0,0,0,0,0,0,0,0
2020-06-30T22:00:00Z,30,3.309333,0,13.05,1.297667,0,3.86,12.467667,12.45,12.48,0.034667,0.02,0.08,0.158333,0,0.98,0,0,0,0,0,0,30.143333,30,30.5,3.995667,3.99,4,5499,5528,0,0,0,0,0,0,0,0,0
2020-06-30T23:00:00Z,30,12.881667,12.56,13.47,3.880667,3.42,4.33,12.630667,12.48,12.82,0.158333,0.05,0.31,2.043333,0.67,4.03,0,0,0,0,0,0,30.816667,30.6,30.9,3.99,3.99,3.99,5529,5558,0,0,0,0,0,0,0,0,0
2020-07-01T00:00:00Z,29,13.367586,12.94,13.87,4.388621,4.33,4.43,13.006897,12.83,13.11,0.455172,0.32,0.56,6.080345,4.19,7.45,0,0,0,0,0,0,30.87931,30.8,30.9,4,3.99,4.01,5559,5587,0,0,0,0,0,0,0,0,0
2020-07-01T01:00:00Z,30,13.661,13.29,14.17,4.463333,4.42,4.54,13.217,13.11,13.34,0.677,0.51,0.93,9.268,6.77,13.12,0,0,0,2.025667,0,11.05,30.9,30.9,30.9,4.023,4.01,4.04,5588,5617,0,0,0,0,0,0,0,0,0
2020-07-01T02:00:00Z,28,13.806071,13.2,14.51,6.533929,4.55,12.48,13.307143,12.89,13.67,1.320357,0.87,2.16,18.1775,11.76,29.13,3.854286,0,12.11,4.283571,0,12.22,31.139286,30.9,31.7,4.0825,4.04,4.14,5618,5646,0,0,0,0,0,0,0,0,0
2020-07-01T03:00:00Z,30,13.79,13.08,14.47,12.046333,11.83,12.31,13.342,12.86,13.59,1.277333,1.1,1.67,17.627,15.27,23.09,3.553,0,11.91,8.859,0,12.74,31.713333,31.6,31.8,4.121,4.12,4.13,5647,5676,0,0,0,0,0,0,0,0,0
2020-07-01T04:00:00Z,29,13.914138,13.14,15.31,11.986897,4.65,12.8,13.27069,12.87,14.18,1.788621,1,3.21,25.015862,13.3,49.19,8.768621,0,13.03,6.751724,0,12.84,31.968966,31.7,32.3,4.129655,4.12,4.13,5677,5705,0,0,0,2,0,0,0,0,0
2020-07-01T05:00:00Z,30,14.045667,13.04,15.78,12.036,11.35,12.66,13.425667,12.77,14.63,2.069,1.06,3.37,29.497667,14.39,53.2,11.506667,0,13.5,3.993,0,12.12,32.553333,32.3,32.8,4.13,4.13,4.13,5706,5735,0,0,0,4,2,0,0,0,0
2020-07-01T06:00:00Z,30,14.042667,13.13,17.42,10.998667,4.56,12.6,13.424667,12.8,14.7,1.644333,0.65,3.41,23.393,9.27,58.2,8.518333,0,13.54,3.458,0,11.26,32.563333,32.3,32.8,4.128667,4.12,4.13,5736,5765,0,0,0,2,2,0,0,0,0
2020-07-01T07:00:00Z,29,13.588966,13.17,14.21,4.487241,4.43,4.59,13.240345,13.06,13.52,0.418276,0.25,0.75,5.697931,3.5,10.58,0,0,0,6.38069,0,14.24,32.372414,32.1,32.8,4.124138,4.12,4.13,5766,5794,0,0,0,0,0,0,0,0,0
2020-07-01T08:00:00Z,28,13.593929,13.08,13.9,4.472857,4.41,4.51,13.097143,12.97,13.17,0.317857,0.2,0.42,4.326786,2.64,5.64,0,0,0,4.859286,0,10.96,32.571429,32.4,32.8,4.125357,4.12,4.13,5796,5824,0,0,0,0,0,0,0,0,0
2020-07-01T09:00:00Z,29,13.118276,12.78,13.6,3.825172,3.43,4.4,12.81069,12.69,12.96,0.113793,0.05,0.19,1.48069,0.66,2.49,0,0,0,1.92069,0,8.68,32.686207,32.5,32.9,4.112759,4.1,4.12,5825,5853,0,0,0,0,0,0,0,0,0
2020-07-01T10:00:00Z,30,13.081667,12.77,13.4,3.569333,3.42,4.07,12.723,12.67,12.76,0.085667,0.05,0.11,1.11,0.61,1.47,0,0,0,0,0,0,32.493333,32.4,32.6,4.094333,4.09,4.1,5854,5883,0,0,0,0,0,0,0,0,0
2020-07-01T11:00:00Z,29,4.588966,0,13.32,1.424483,0,4.05,12.652414,12.61,12.72,0.043448,-0.01,0.11,0.332414,-0.01,1.46,0,0,0,0,0,0,32.062069,31.6,32.5,4.078621,4.07,4.09,5884,5912,0,0,0,3,1,0,0,0,0
2020-07-01T12:00:00Z,30,0,0,0,0,0,0,12.614,12.59,12.63,0.032667,-0.01,0.06,0,0,0,0,0,0,0,0,0,31.41,31.3,31.6,4.065333,4.06,4.07,5913,5942,0,0,0,1,0,0,0,0,0
2020-07-01T13:00:00Z,29,0,0,0,0,0,0,12.591724,12.56,12.62,0.024483,0,0.05,0,0,0,0,0,0,0,0,0,31.213793,31.1,31.3,4.053448,4.05,4.06,5943,5971,0,0,0,0,0,0,0,0,0
2020-07-01T14:00:00Z,30,0,0,0,0,0,0,12.574667,12.54,12.6,0.032333,0.01,0.06,0,0,0,0,0,0,0,0,0,30.976667,30.9,31.1,4.043667,4.04,4.05,5972,6001,0,0,0,0,0,0,0,0,0
2020-07-01T15:00:00Z,30,0,0,0,0,0,0,12.553333,12.53,12.57,0.026667,0.01,0.05,0,0,0,0,0,0,0,0,0,30.836667,30.7,30.9,4.037333,4.03,4.04,6002,6031,0,0,0,0,0,0,0,0,0
2020-07-01T16:00:00Z,29,0,0,0,0,0,0,12.534483,12.51,12.55,0.026207,0.01,0.04,0,0,0,0,0,0,0,0,0,30.668966,30.6,30.8,4.03,4.03,4.03,6032,6060,0,0,0,0,0,0,0,0,0
2020-07-01T17:00:00Z,30,0,0,0,0,0,0,12.515333,12.51,12.53,0.026333,0.01,0.05,0,0,0,0,0,0,0,0,0,30.523333,30.4,30.6,4.021667,4.02,4.03,6061,6090,0,0,0,0,0,0,0,0,0
2020-07-01T18:00:00Z,29,0,0,0,0,0,0,12.496552,12.48,12.51,0.024138,0.02,0.04,0,0,0,0,0,0,0,0,0,30.372414,30.3,30.5,4.013448,4.01,4.02,6091,6119,0,0,0,0,0,0,0,0,0
2020-07-01T19:00:00Z,30,0,0,0,0,0,0,12.473333,12.47,12.49,0.025,0.02,0.04,0,0,0,0,0,0,2.503333,0,8.02,30.156667,30.1,30.3,4.01,4.01,4.01,6120,6149,0,0,0,0,0,0,0,0,0
2020-07-01T20:00:00Z,29,0,0,0,0,0,0,12.462759,12.45,12.47,0.026897,0.02,0.03,0,0,0,0,0,0,1.071724,0,7.99,30.044828,29.9,30.1,4.003793,4,4.01,6150,6179,0,0,0,0,0,0,0,0,0
2020-07-01T21:00:00Z,29,0,0,0,0,0,0,12.452069,12.45,12.46,0.026552,0.02,0.03,0,0,0,0,0,0,0.098621,0,2.86,29.848276,29.7,30,4,4,4,6180,6208,0,0,0,0,0,0,0,0,0
2020-07-01T22:00:00Z,30,3.604,0,13.04,1.319667,0,4.02,12.448,12.43,12.47,0.035333,-0.01,0.06,0.175333,-0.01,0.82,0,0,0,4.141667,0,12.21,29.806667,29.7,30.4,3.994333,3.99,4,6209,6238,0,0,0,1,1,0,0,0,0
2020-07-01T23:00:00Z,29,13.047586,12.53,13.46,4.178276,3.45,4.44,12.687241,12.45,12.81,0.187931,0.06,0.31,2.441724,0.75,4.03,0,0,0,0.113448,0,3.29,30.482759,30.4,30.5,3.99069,3.99,4,6239,6267,0,0,0,0,0,0,0,0,0
2020-07-02T00:00:00Z,30,13.403667,12.81,14.04,4.486667,4.27,4.61,13.039,12.72,13.28,0.552333,0.19,0.91,7.442667,2.45,12.74,0,0,0,3.880333,0,10.57,30.573333,30.5,30.7,4.024,3.99,4.04,6268,6297,0,0,0,0,0,0,0,0,0
2020-07-02T01:00:00Z,29,13.864828,13.15,14.69,8.56069,4.52,12.63,13.322069,12.83,13.72,1.341034,0.66,1.82,18.597586,8.83,24.58,2.442414,0,11.92,3.793448,0,9.43,30.831034,30.6,31.2,4.101379,4.04,4.14,6298,6326,0,0,0,0,0,0,0,0,0
2020-07-02T02:00:00Z,30,13.635667,13.12,14.36,12.263333,11.87,12.7,13.030667,12.84,13.51,1.754333,1.26,2.37,23.976333,16.56,33.91,10.708,0,12.14,3.991667,0,10.88,31.236667,31.1,31.4,4.123667,4.12,4.13,6327,6356,0,0,0,0,0,0,0,0,0
2020-07-02T03:00:00Z,30,14.158667,13.69,14.69,12.435,12.25,12.61,13.392667,13.05,13.59,2.423333,1.77,2.6,34.315333,24.86,37.92,12.287,11.97,12.5,6.592667,0,12.08,31.383333,31.2,31.6,4.13,4.13,4.13,6357,6386,0,0,0,0,0,0,0,0,0
2020-07-02T04:00:00Z,29,14.541724,13.12,21.09,11.511379,4.55,12.81,13.666207,12.88,14.82,2.132759,0.57,3.18,31.336207,7.54,53.71,9.481379,0,13.43,6.369655,0,12.62,31.734483,31.5,31.9,4.128966,4.12,4.13,6387,6415,0,0,0,2,1,0,0,0,0
2020-07-02T05:00:00Z,30,14.328333,13.26,15.75,9.960667,4.6,12.77,13.708667,12.97,14.64,1.797667,0.77,2.93,26.104333,10.63,44.34,8.451,0,13.48,7.538,0,11.73,31.986667,31.7,32.1,4.127,4.12,4.13,6416,6445,0,0,0,0,0,0,0,0,0
2020-07-02T06:00:00Z,29,14.279655,13.23,18.69,7.968276,4.47,12.59,13.614138,13.01,14.64,1.38931,0.32,2.93,20.476552,4.24,53.46,6.534828,0,13.51,5.206552,0,11.64,32.258621,32.2,32.4,4.130345,4.12,4.14,6446,6474,0,0,0,0,1,0,0,0,0
2020-07-02T07:00:00Z,30,13.865667,13.28,14.69,8.063333,4.51,12.56,13.489667,12.98,14.43,1.239333,0.41,2.43,17.303,5.45,34.3,5.748667,0,12.72,4.713,0,11.51,32.806667,32.3,33.3,4.13,4.12,4.14,6475,6504,0,0,0,0,0,0,0,0,0
2020-07-02T08:00:00Z,29,14.166552,13.24,20.07,7.751724,4.5,11.99,13.506897,12.83,14.72,0.938621,0.39,1.59,13.376552,5.27,22.3,4.1,0,11.99,1.065517,0,7.91,33.455172,32.9,34.2,4.133793,4.12,4.14,6505,6533,0,0,0,0,0,0,0,0,0
2020-07-02T09:00:00Z,28,10.131071,0.35,14.48,4.187143,0,11.42,13.136071,12.74,13.9,0.386071,-0.02,1.17,5.160357,-0.1,15.37,0.856071,0,12.15,6.154643,0,12.88,33.535714,32.5,34.2,4.121429,4.11,4.14,6534,6563,0,0,0,1,1,0,0,0,0
2020-07-02T10:00:00Z,27,4.68,2.32,9.69,2.963704,2.25,3.8,12.724074,12.69,12.75,0.044074,-0.05,0.1,0.197778,-0.23,0.47,0,0,0,8.758148,0,12.99,32.548148,32.4,32.8,4.101111,4.09,4.11,6564,6592,0,0,0,1,1,0,0,0,0
2020-07-02T11:00:00Z,30,0.447667,0,3.35,0.331333,0,2.14,12.685667,12.65,12.72,0.030667,0,0.06,0.017333,0,0.21,0,0,0,1.003333,0,10.83,32.253333,32.1,32.6,4.084333,4.08,4.09,6593,6622,0,0,0,0,0,0,0,0,0
2020-07-02T12:00:00Z,28,0,0,0,0,0,0,12.656071,12.63,12.69,0.0275,-0.06,0.13,0,0,0,0,0,0,8.557857,0,13.48,31.989286,31.9,32.1,4.070357,4.06,4.08,6623,6652,0,0,0,6,0,0,0,0,0
2020-07-02T13:00:00Z,28,0,0,0,0,0,0,12.630714,12.6,12.66,0.023929,-0.01,0.05,0,0,0,0,0,0,1.451071,0,9.75,31.778571,31.7,31.9,4.0575,4.05,4.06,6653,6681,0,0,0,1,0,0,0,0,0
2020-07-02T14:00:00Z,30,0,0,0,0,0,0,12.608667,12.59,12.63,0.026,-0.02,0.06,0,0,0,0,0,0,2.569667,0,7.93,31.526667,31.3,31.7,4.047667,4.04,4.05,6682,6711,0,0,0,2,0,0,0,0,0
2020-07-02T15:00:00Z,29,0,0,0,0,0,0,12.596897,12.57,12.61,0.03,0.01,0.05,0,0,0,0,0,0,0,0,0,31.244828,31.1,31.3,4.039655,4.03,4.04,6712,6740,0,0,0,0,0,0,0,0,0
2020-07-02T16:00:00Z,30,0,0,0,0,0,0,12.575333,12.56,12.6,0.024333,0.01,0.04,0,0,0,0,0,0,0,0,0,30.973333,30.9,31.1,4.03,4.03,4.03,6741,6770,0,0,0,0,0,0,0,0,0
2020-07-02T17:00:00Z,28,0,0,0,0,0,0,12.561786,12.55,12.57,0.026786,0.01,0.05,0,0,0,0,0,0,0,0,0,30.807143,30.7,30.9,4.026071,4.02,4.03,6771,6799,0,0,0,0,0,0,0,0,0
2020-07-02T18:00:00Z,30,0,0,0,0,0,0,12.544333,12.54,12.56,0.024667,0.01,0.04,0,0,0,0,0,0,0,0,0,30.633333,30.5,30.7,4.015667,4.01,4.02,6800,6829,0,0,0,0,0,0,0,0,0
2020-07-02T19:00:00Z,29,0,0,0,0,0,0,12.537241,12.52,12.55,0.024138,0.01,0.03,0,0,0,0,0,0,0,0,0,30.486207,30.4,30.5,4.01,4.01,4.01,6830,6858,0,0,0,0,0,0,0,0,0
2020-07-02T20:00:00Z,30,0,0,0,0,0,0,12.517333,12.51,12.53,0.027333,0.02,0.03,0,0,0,0,0,0,0,0,0,30.32,30.2,30.5,4.005667,4,4.01,6859,6888,0,0,0,0,0,0,0,0,0
2020-07-02T21:00:00Z,28,0,0,0,0,0,0,12.508571,12.5,12.52,0.027143,0.02,0.03,0,0,0,0,0,0,0,0,0,30.128571,30.1,30.2,4,4,4,6889,6916,0,0,0,0,0,0,0,0,0
2020-07-02T22:00:00Z,25,2.6932,0,12.56,0.9432,0,3.82,12.4844,12.47,12.5,0.0332,0.02,0.06,0.1244,0,0.79,0,0,0,0,0,0,30.152,30,30.5,3.9948,3.99,4,6920,6947,0,0,0,0,0,0,0,0,0
2020-07-02T23:00:00Z,29,11.937241,3.07,13.25,3.580345,2.46,4.19,12.513448,12.46,12.72,0.074828,0.03,0.15,0.895517,0.12,1.92,0,0,0,0.207931,0,6.03,30.693103,30.5,30.8,3.99,3.99,3.99,6948,6976,0,0,0,0,0,0,0,0,0
2020-07-03T00:00:00Z,30,13.076,12.58,13.61,4.195333,3.43,4.39,12.772667,12.52,13.01,0.26,0.09,0.48,3.397333,1.16,6.31,0,0,0,1.630333,0,10.56,30.69,30.6,30.8,3.989333,3.98,3.99,6977,7006,0,0,0,0,0,0,0,0,0
2020-07-03T01:00:00Z,29,13.5,13.14,14.04,4.41069,4.36,4.45,13.166207,13,13.27,0.566552,0.38,0.69,7.663448,5.02,9.67,0,0,0,8.376897,0,12.63,30.613793,30.5,30.7,3.999655,3.99,4.01,7007,7035,0,0,0,0,0,0,0,0,0
2020-07-03T02:00:00Z,29,13.816897,13.43,14.28,4.516897,4.43,4.58,13.357931,13.23,13.49,0.872069,0.62,1.04,12.041379,8.68,14.29,0,0,0,5.654138,0,11.69,30.603448,30.5,30.7,4.034483,4.01,4.06,7036,7065,0,0,0,0,0,0,0,0,0
2020-07-03T03:00:00Z,26,13.768077,13.14,14.53,9.13,4.59,12.65,13.288846,12.86,13.69,1.515385,1.06,2.1,20.837692,14.57,28.84,6.422692,0,12.18,8.512692,0.22,13.43,30.803846,30.6,31,4.105769,4.06,4.14,7066,7094,0,0,0,0,0,0,0,0,0
2020-07-03T04:00:00Z,28,13.930357,13.24,14.65,10.523571,4.61,12.33,13.426071,12.86,13.69,1.231429,0.84,1.58,17.123929,11.73,21.68,2.544643,0,11.99,8.653571,0,12.72,30.935714,30.9,31,4.121786,4.12,4.13,7095,7124,0,0,0,0,0,0,0,0,0
2020-07-03T05:00:00Z,26,14.087692,13.72,14.65,4.616154,4.58,4.63,13.626923,13.21,13.78,0.878077,0.74,0.96,12.372308,10.42,13.56,0.463462,0,12.05,5.054231,0,11.88,31.080769,30.9,31.2,4.121154,4.12,4.13,7125,7153,0,0,0,0,0,0,0,0,0
2020-07-03T06:00:00Z,29,14.394138,13.09,20.25,9.437586,4.61,12.13,13.645172,12.86,14.65,1.002069,0.26,1.2,14.271034,5.26,18.65,3.273103,0,11.99,8.217586,0,12.03,31.348276,31.1,31.6,4.127931,4.12,4.13,7154,7183,0,0,0,0,0,0,0,0,0
2020-07-03T07:00:00Z,24,14.100833,13.16,15.6,6.12375,4.61,12.1,13.616667,12.95,14.65,0.92,0.8,1.15,12.974583,11.35,17.98,2.985833,0,12.05,2.927083,0,11.78,31.495833,31.4,31.7,4.122917,4.12,4.13,7184,7212,0,0,0,0,0,0,0,0,0
2020-07-03T08:00:00Z,30,14.307,13.27,18.4,4.587333,4.55,4.64,13.712333,13.05,14.87,0.734333,0.6,0.99,10.537667,8.7,17.77,1.198333,0,12,0.648667,0,10.75,31.523333,31.4,31.6,4.121667,4.12,4.13,7213,7242,0,0,0,0,0,0,0,0,0
2020-07-03T09:00:00Z,27,13.687778,13.3,14.43,4.513704,4.47,4.55,13.44,13.16,13.65,0.453333,0.3,0.6,6.203333,3.92,8.23,0,0,0,0,0,0,31.662963,31.6,31.7,4.121111,4.12,4.13,7243,7271,0,0,0,0,0,0,0,0,0
2020-07-03T10:00:00Z,29,13.187241,12.81,13.68,4.048276,3.43,4.47,12.922414,12.72,13.15,0.148621,0.03,0.29,1.957586,0.36,3.83,0,0,0,0,0,0,31.772414,31.7,31.9,4.115172,4.11,4.12,7272,7301,0,0,0,0,0,0,0,0,0
2020-07-03T11:00:00Z,29,1.941379,0,13.17,0.841724,0,3.85,12.69931,12.67,12.74,0.038966,0.01,0.06,0.072069,0,0.49,0,0,0,0,0,0,31.210345,30.8,31.9,4.097586,4.09,4.11,7302,7330,0,0,0,0,0,0,0,0,0
2020-07-03T12:00:00Z,30,0,0,0,0,0,0,12.667333,12.64,12.71,0.032333,0,0.06,0,0,0,0,0,0,0,0,0,30.816667,30.8,30.9,4.082333,4.07,4.09,7331,7360,0,0,0,0,0,0,0,0,0
2020-07-03T13:00:00Z,30,0,0,0,0,0,0,12.646667,12.61,12.68,0.019667,-0.01,0.06,0,0,0,0,0,0,0,0,0,30.706667,30.7,30.8,4.067,4.06,4.07,7361,7390,0,0,0,2,0,0,0,0,0
2020-07-03T14:00:00Z,28,0,0,0,0,0,0,12.617857,12.59,12.64,0.034643,0,0.06,0,0,0,0,0,0,0,0,0,30.553571,30.5,30.7,4.055357,4.05,4.06,7391,7419,0,0,0,0,0,0,0,0,0
2020-07-03T15:00:00Z,30,0,0,0,0,0,0,12.601333,12.58,12.62,0.031333,0.01,0.06,0,0,0,0,0,0,0,0,0,30.443333,30.3,30.5,4.045,4.04,4.05,7420,7449,0,0,0,0,0,0,0,0,0
2020-07-03T16:00:00Z,29,0,0,0,0,0,0,12.578621,12.57,12.6,0.027586,0.01,0.05,0,0,0,0,0,0,0,0,0,30.234483,30.1,30.4,4.038276,4.03,4.04,7450,7478,0,0,0,0,0,0,0,0,0
2020-07-03T17:00:00Z,30,0,0,0,0,0,0,12.566333,12.55,12.58,0.029333,0.01,0.05,0,0,0,0,0,0,0,0,0,30.09,30,30.1,4.03,4.03,4.03,7479,7508,0,0,0,0,0,0,0,0,0
2020-07-03T18:00:00Z,29,0,0,0,0,0,0,12.549655,12.54,12.57,0.025862,0.01,0.04,0,0,0,0,0,0,0,0,0,29.934483,29.8,30,4.022414,4.02,4.03,7509,7537,0,0,0,0,0,0,0,0,0
2020-07-03T19:00:00Z,30,0,0,0,0,0,0,12.538333,12.52,12.55,0.025,0.02,0.04,0,0,0,0,0,0,0,0,0,29.763333,29.7,29.9,4.013333,4.01,4.02,7538,7567,0,0,0,0,0,0,0,0,0
2020-07-03T20:00:00Z,29,0,0,0,0,0,0,12.520345,12.5,12.54,0.023103,0.02,0.03,0,0,0,0,0,0,0,0,0,29.696552,29.6,29.7,4.009655,4,4.01,7568,7597,0,0,0,0,0,0,0,0,0
2020-07-03T21:00:00Z,29,0,0,0,0,0,0,12.501379,12.47,12.51,0.025862,0.02,0.03,0,0,0,0,0,0,0,0,0,29.596552,29.5,29.7,4.002069,4,4.01,7598,7626,0,0,0,0,0,0,0,0,0
2020-07-03T22:00:00Z,30,5.491333,0,13.08,1.839333,0,3.98,12.479667,12.47,12.52,0.040333,0.02,0.08,0.284333,0,1.02,0,0,0,0,0,0,29.7,29.5,30.2,4,4,4,7627,7656,0,0,0,0,0,0,0,0,0
2020-07-03T23:00:00Z,29,12.941724,12.56,13.46,4.036207,3.42,4.3,12.663793,12.48,12.77,0.161379,0.06,0.25,2.099655,0.71,3.27,0,0,0,1.525172,0,11.3,30.262069,30.2,30.5,3.991724,3.99,4,7657,7685,0,0,0,0,0,0,0,0,0
2020-07-04T00:00:00Z,30,13.432667,12.92,14.02,4.407333,4.31,4.45,13.079333,12.79,13.24,0.511,0.27,0.64,6.868333,3.46,8.64,0,0,0,5.379333,0,12.22,30.256667,30.1,30.4,4.003667,3.99,4.01,7686,7715,0,0,0,0,0,0,0,0,0
2020-07-04T01:00:00Z,28,13.802857,13.36,14.56,4.590357,4.45,4.72,13.41,13.05,13.7,1.058929,0.62,2.14,14.690357,8.38,30.77,1.297857,0,12.21,2.630714,0,11.64,30.432143,30.3,30.5,4.063214,4.01,4.11,7716,7744,0,0,0,0,0,0,0,0,0
2020-07-04T02:00:00Z,30,13.910667,13.21,14.57,11.837333,4.64,12.82,13.300333,12.86,13.88,1.837333,0.93,2.71,25.592,13.24,38.28,8.060333,0,12.47,2.342667,0,9.26,30.68,30.5,30.8,4.122333,4.11,4.13,7745,7774,0,0,0,0,0,0,0,0,0
2020-07-04T03:00:00Z,30,13.717,13.13,14.9,12.083667,11.82,12.28,13.194,12.83,14,1.567,1.38,2.16,21.493333,18.3,29.61,8.729667,0,12.17,1.516667,0,8.75,30.833333,30.7,30.9,4.129,4.12,4.13,7775,7804,0,0,0,0,0,0,0,0,0
2020-07-04T04:00:00Z,29,13.84931,13.14,15.42,12.061724,11.94,12.19,13.314483,12.83,14.49,1.560345,1.51,1.61,21.614828,20.04,24,7.734138,0,11.89,1.063793,0,10.78,31.448276,30.9,32,4.12931,4.12,4.13,7805,7833,0,0,0,0,0,0,0,0,0
2020-07-04T05:00:00Z,30,13.928333,13.13,20.18,12.117,12.03,12.22,13.055333,12.81,14.68,1.614667,0.77,1.79,22.310333,15.54,28.34,10.636,0,12.02,1.529333,0,8.78,32.046667,31.9,32.1,4.13,4.13,4.13,7834,7863,0,0,0,0,0,0,0,0,0
2020-07-04T06:00:00Z,29,13.802759,13.12,15.62,11.998276,11.79,12.39,13.253448,12.82,14.63,1.647931,1.38,2.5,22.745517,18.52,35.45,9.89069,0,12.6,1.027241,0,8.13,32.3,32.1,32.5,4.13,4.13,4.13,7864,7892,0,0,0,0,0,0,0,0,0
2020-07-04T07:00:00Z,28,14.111071,13.18,19.84,11.943214,11.35,12.52,13.387143,12.86,14.62,1.655357,1.04,2.52,23.302857,13.8,36.03,8.604286,0,12.75,0.657143,0,8.18,32.903571,32.5,33.1,4.13,4.13,4.13,7893,7922,0,0,0,0,0,0,0,0,0
2020-07-04T08:00:00Z,29,14.447931,13.13,21.05,10.152759,4.55,12.29,13.557931,12.82,14.72,1.314138,0.56,2.18,18.98931,7.74,30.29,6.167241,0,12.38,1.35931,0,10.8,33.227586,33,33.4,4.12931,4.12,4.14,7923,7951,0,0,0,0,0,0,0,0,0
2020-07-04T09:00:00Z,29,14.883448,13.13,20.46,7.542069,4.56,12.1,13.853103,12.79,14.72,0.864483,0.17,1.46,12.599655,3.42,23.01,2.455172,0,12,2.41931,0,11.9,33.337931,33.2,33.4,4.127241,4.12,4.14,7952,7981,0,0,0,0,0,0,0,0,0
2020-07-04T10:00:00Z,28,13.523571,12.97,14.3,4.418214,3.75,4.54,13.141071,12.85,13.54,0.295357,0.1,0.56,4.002857,1.35,8.02,0,0,0,2.016071,0,10.92,33.357143,33.3,33.4,4.120714,4.12,4.13,7982,8010,0,0,0,0,0,0,0,0,0
2020-07-04T11:00:00Z,29,3.085517,0,13.08,1.128276,0,3.93,12.688276,12.63,12.75,0.036207,0,0.07,0.162414,0,0.88,0,0,0,0.705862,0,8.13,32.886207,32.4,33.4,4.107241,4.1,4.12,8012,8040,0,0,0,0,0,0,0,0,0
2020-07-04T12:00:00Z,29,0,0,0,0,0,0,12.641724,12.61,12.68,0.025517,-0.01,0.06,0,0,0,0,0,0,0.538966,0,7.87,32.358621,32.3,32.5,4.088621,4.08,4.1,8041,8069,0,0,0,1,0,0,0,0,0
2020-07-04T13:00:00Z,30,0,0,0,0,0,0,12.614333,12.59,12.64,0.024333,-0.01,0.06,0,0,0,0,0,0,0,0,0,32.256667,32.1,32.4,4.075333,4.07,4.08,8070,8099,0,0,0,2,0,0,0,0,0
2020-07-04T14:00:00Z,29,0,0,0,0,0,0,12.592414,12.57,12.61,0.026552,0,0.06,0,0,0,0,0,0,0,0,0,32.103448,32.1,32.2,4.06,4.05,4.07,8100,8128,0,0,0,0,0,0,0,0,0
2020-07-04T15:00:00Z,30,0,0,0,0,0,0,12.574,12.55,12.6,0.027333,0.01,0.05,0,0,0,0,0,0,0,0,0,32.046667,32,32.1,4.048333,4.04,4.05,8129,8158,0,0,0,0,0,0,0,0,0
2020-07-04T16:00:00Z,29,0,0,0,0,0,0,12.554828,12.54,12.57,0.031034,0.01,0.05,0,0,0,0,0,0,0,0,0,31.931034,31.9,32,4.04,4.04,4.04,8159,8187,0,0,0,0,0,0,0,0,0
2020-07-04T17:00:00Z,30,0,0,0,0,0,0,12.537,12.52,12.56,0.026667,0.01,0.05,0,0,0,0,0,0,0,0,0,31.733333,31.7,31.8,4.031333,4.03,4.04,8188,8217,0,0,0,0,0,0,0,0,0
2020-07-04T18:00:00Z,28,0,0,0,0,0,0,12.515357,12.5,12.53,0.025,0.01,0.04,0,0,0,0,0,0,0,0,0,31.510714,31.3,31.7,4.026071,4.02,4.03,8218,8246,0,0,0,0,0,0,0,0,0
2020-07-04T19:00:00Z,30,0,0,0,0,0,0,12.501,12.48,12.52,0.023333,0.02,0.04,0,0,0,0,0,0,0,0,0,31.28,31.2,31.4,4.016333,4.01,4.02,8247,8276,0,0,0,0,0,0,0,0,0
2020-07-04T20:00:00Z,30,0,0,0,0,0,0,12.476667,12.47,12.5,0.022333,0.02,0.03,0,0,0,0,0,0,0,0,0,31.016667,30.9,31.2,4.01,4.01,4.01,8277,8306,0,0,0,0,0,0,0,0,0
2020-07-04T21:00:00Z,29,0,0,0,0,0,0,12.464828,12.45,12.47,0.025517,0.02,0.04,0,0,0,0,0,0,0,0,0,30.862069,30.8,30.9,4.004828,4,4.01,8307,8335,0,0,0,0,0,0,0,0,0
2020-07-04T22:00:00Z,30,4.119333,0,12.96,1.425667,0,3.8,12.464,12.45,12.49,0.037333,0.02,0.07,0.217667,0,0.89,0,0,0,0,0,0,30.79,30.7,31.2,4,4,4,8336,8365,0,0,0,0,0,0,0,0,0
2020-07-04T23:00:00Z,29,12.878621,12.57,13.47,4.104828,3.43,4.45,12.658966,12.47,12.8,0.161034,0.06,0.31,2.071034,0.79,3.95,0,0,0,0,0,0,31.331034,31.3,31.4,3.997241,3.99,4.01,8366,8394,0,0,0,0,0,0,0,0,0
2020-07-05T00:00:00Z,29,13.492759,12.92,14.17,4.545862,4.46,4.64,13.073448,12.81,13.32,0.604828,0.33,0.93,8.192759,4.26,13.2,0,0,0,0,0,0,31.417241,31.3,31.5,4.038621,4.01,4.08,8395,8424,0,0,0,0,0,0,0,0,0
2020-07-05T01:00:00Z,29,13.824138,13.32,14.55,9.183793,4.58,12.07,13.33931,12.93,13.58,1.194828,0.62,1.56,16.547586,8.36,22.74,1.635862,0,11.92,0,0,0,31.696552,31.5,31.9,4.111724,4.08,4.13,8425,8453,0,0,0,0,0,0,0,0,0
2020-07-05T02:00:00Z,30,13.647667,13.22,14.43,11.15,4.61,12.15,13.171333,12.86,13.8,1.553667,0.77,2.02,21.225,10.48,28.6,7.533667,0,12.05,0,0,0,32.173333,31.9,32.4,4.128,4.12,4.13,8454,8483,0,0,0,0,0,0,0,0,0
2020-07-05T03:00:00Z,30,13.676,13.14,14.63,10.897,4.58,12.13,13.211333,12.84,13.93,1.462667,0.71,2.31,20.044333,9.74,33.8,7.162,0,12.42,0,0,0,32.883333,32.3,33.3,4.129333,4.12,4.13,8484,8513,0,0,0,0,0,0,0,0,0
2020-07-05T04:00:00Z,29,13.631724,13.18,14.48,4.78,4.48,11.65,13.314483,12.91,13.6,0.582759,0.41,1.14,7.957586,5.4,15.03,0.408276,0,11.84,0.78069,0,11,32.931034,32.5,33.2,4.123448,4.12,4.13,8514,8542,0,0,0,0,0,0,0,0,0
2020-07-05T05:00:00Z,29,14.856552,13.14,20.97,9.474138,4.52,13.27,13.683448,12.86,14.76,1.44,0.09,3.5,22.045172,1.8,68.54,7.030345,0,13.6,0.996207,0,9.14,32.951724,32.4,33.4,4.135172,4.12,4.14,8543,8572,0,0,0,4,3,0,0,0,0
2020-07-05T06:00:00Z,29,14.73069,13.18,18.46,9.686552,4.58,12.94,13.983103,12.88,14.78,1.33069,0.76,2.73,19.594138,10.88,41.32,5.578621,0,13.48,0.421724,0,6.24,33.244828,33,33.4,4.134483,4.12,4.14,8573,8601,0,0,0,0,0,0,0,0,0
2020-07-05T07:00:00Z,30,13.283,12.88,14.22,4.186667,3.42,4.5,12.968,12.8,13.46,0.19,0.1,0.52,2.537333,1.26,7.32,0,0,0,6.493,0,12.05,32.616667,31.8,33.4,4.11,4.1,4.12,8602,8631,0,0,0,0,0,0,0,0,0
2020-07-05T08:00:00Z,29,13.096207,12.79,13.6,3.903448,3.44,4.33,12.815172,12.69,12.93,0.128966,0.05,0.18,1.686207,0.59,2.43,0,0,0,0,0,0,32.444828,32.1,33,4.091379,4.09,4.1,8632,8660,0,0,0,0,0,0,0,0,0
2020-07-05T09:00:00Z,30,12.849,11.99,13.32,3.701333,3.43,4.01,12.673333,12.63,12.72,0.069,0.03,0.1,0.877,0.36,1.3,0,0,0,0,0,0,32.91,32.5,33.2,4.078667,4.07,4.09,8661,8690,0,0,0,0,0,0,0,0,0
2020-07-05T10:00:00Z,30,3.833667,1.07,8.93,2.473333,1.28,3.53,12.628667,12.6,12.66,0.028,0.01,0.07,0.107,0.01,0.49,0,0,0,0,0,0,32.09,31.8,32.5,4.065333,4.06,4.07,8691,8720,0,0,0,0,0,0,0,0,0
2020-07-05T11:00:00Z,29,0.453448,0,3.92,0.12931,0,1.12,12.600345,12.58,12.62,0.027931,-0.02,0.06,0.018966,0,0.19,0,0,0,4.049655,0,11.36,31.658621,31.5,31.8,4.052069,4.05,4.06,8721,8749,0,0,0,1,0,0,0,0,0
2020-07-05T12:00:00Z,30,0,0,0,0,0,0,12.577,12.56,12.59,0.035,0,0.05,0,0,0,0,0,0,0.882,0,9.64,31.376667,31.3,31.6,4.042667,4.04,4.05,8750,8779,0,0,0,0,0,0,0,0,0
2020-07-05T13:00:00Z,29,0,0,0,0,0,0,12.558966,12.54,12.57,0.028966,0.01,0.05,0,0,0,0,0,0,0,0,0,31.17931,31,31.3,4.035862,4.03,4.04,8780,8808,0,0,0,0,0,0,0,0,0
2020-07-05T14:00:00Z,30,0,0,0,0,0,0,12.541667,12.53,12.56,0.026,0.01,0.04,0,0,0,0,0,0,0,0,0,30.966667,30.9,31.1,4.028333,4.02,4.03,8809,8838,0,0,0,0,0,0,0,0,0
2020-07-05T15:00:00Z,30,0,0,0,0,0,0,12.525,12.51,12.54,0.024667,0.01,0.04,0,0,0,0,0,0,0.227333,0,6.82,30.836667,30.8,30.9,4.02,4.02,4.02,8839,8868,0,0,0,0,0,0,0,0,0
2020-07-05T16:00:00Z,28,0,0,0,0,0,0,12.504643,12.48,12.52,0.023929,0.01,0.03,0,0,0,0,0,0,0,0,0,30.732143,30.7,30.8,4.010714,4.01,4.02,8869,8897,0,0,0,0,0,0,0,0,0
2020-07-05T17:00:00Z,30,0,0,0,0,0,0,12.488333,12.47,12.51,0.024333,0.02,0.03,0,0,0,0,0,0,0,0,0,30.626667,30.5,30.7,4.008667,4,4.01,8898,8927,0,0,0,0,0,0,0,0,0
2020-07-05T18:00:00Z,27,0,0,0,0,0,0,12.47037,12.46,12.49,0.027407,0.02,0.03,0,0,0,0,0,0,0,0,0,30.496296,30.4,30.5,4.00037,4,4.01,8928,8956,0,0,0,0,0,0,0,0,0
2020-07-05T19:00:00Z,30,0,0,0,0,0,0,12.460667,12.45,12.47,0.026,0.02,0.03,0,0,0,0,0,0,0,0,0,30.356667,30.3,30.5,3.997333,3.99,4,8957,8986,0,0,0,0,0,0,0,0,0
2020-07-05T20:00:00Z,29,0,0,0,0,0,0,12.452759,12.44,12.47,0.027241,0.02,0.03,0,0,0,0,0,0,0,0,0,30.213793,30.1,30.3,3.99,3.99,3.99,8987,9015,0,0,0,0,0,0,0,0,0
2020-07-05T21:00:00Z,30,0,0,0,0,0,0,12.446667,12.43,12.45,0.025667,0.02,0.03,0,0,0,0,0,0,0,0,0,30.103333,30.1,30.2,3.99,3.99,3.99,9016,9045,0,0,0,0,0,0,0,0,0
2020-07-05T22:00:00Z,29,2.871034,0,13.04,1.181379,0,3.87,12.441379,12.43,12.46,0.033103,0.02,0.05,0.126552,0,0.68,0,0,0,0,0,0,30.117241,30,30.5,3.986552,3.98,3.99,9046,9074,0,0,0,0,0,0,0,0,0
2020-07-05T23:00:00Z,30,13.032667,12.55,13.63,4.113,3.42,4.42,12.666333,12.47,12.87,0.212,0.08,0.43,2.757667,0.94,5.83,0,0,0,0,0,0,30.756667,30.5,30.8,3.984333,3.98,3.99,9075,9104,0,0,0,0,0,0,0,0,0
2020-07-06T00:00:00Z,29,13.507931,13.04,14.18,4.463793,4.37,4.62,13.13,12.88,13.45,0.671379,0.38,1.24,9.110345,5.09,17.03,0,0,0,0,0,0,30.827586,30.7,30.9,4.004138,3.99,4.04,9105,9133,0,0,0,0,0,0,0,0,0
2020-07-06T01:00:00Z,30,13.647,13.1,14.48,4.511,4.39,4.66,13.232333,12.99,13.6,0.758667,0.34,1.53,10.424333,4.47,21.39,0,0,0,0,0,0,30.956667,30.9,31,4.051667,4.04,4.06,9134,9163,0,0,0,0,0,0,0,0,0
2020-07-06T02:00:00Z,29,13.565517,13.26,14.18,4.515517,4.46,4.59,13.208966,13.09,13.38,0.653103,0.48,0.95,8.871034,6.38,12.98,0,0,0,0.735862,0,8.25,30.968966,30.9,31.1,4.074483,4.05,4.1,9164,9193,0,0,0,0,0,0,0,0,0
2020-07-06T03:00:00Z,29,12.984828,12.75,13.46,3.807931,3.39,4.47,12.748276,12.64,13.08,0.126897,0.08,0.39,1.636552,1,5.21,0,0,0,5.683793,0,13.07,31.048276,30.9,31.3,4.081379,4.07,4.09,9194,9222,0,0,0,0,0,0,0,0,0
2020-07-06T04:00:00Z,30,13.189333,12.81,13.93,4.281333,3.92,4.5,12.846667,12.72,13.14,0.28,0.1,0.61,3.721,1.39,8.54,0,0,0,0,0,0,31.04,30.9,31.2,4.068,4.06,4.08,9223,9252,0,0,0,0,0,0,0,0,0
2020-07-06T05:00:00Z,29,13.714483,13.21,14.31,8.757931,4.51,12.46,13.309655,12.86,13.55,1.117586,0.65,1.65,15.336207,8.73,23.01,2.038621,0,11.91,0,0,0,31.313793,31.2,31.4,4.112414,4.08,4.13,9253,9281,0,0,0,0,0,0,0,0,0
2020-07-06T06:00:00Z,30,13.593333,13.17,14.52,11.489667,4.56,12.56,13.165333,12.85,13.94,1.447333,0.65,1.96,19.674667,8.84,27.3,7.118333,0,12.02,3.313667,0,12.48,31.45,31.3,31.7,4.127,4.12,4.13,9282,9311,0,0,0,0,0,0,0,0,0
2020-07-06T07:00:00Z,30,14.164333,13.3,15.84,12.37,11.74,12.76,13.519333,12.87,14.64,2.158333,1.19,3.2,30.94,15.94,50.4,11.172333,0,13.51,5.88,0,12.12,32.003333,31.7,32.1,4.13,4.13,4.13,9312,9341,0,0,0,4,2,0,0,0,0
2020-07-06T08:00:00Z,29,13.992759,13.27,15.68,11.225517,4.47,12.56,13.332069,12.87,14.78,1.588621,0.39,2.25,22.253103,5.16,32.44,8.275862,0,12.31,8.238966,0,11.96,32.013793,31.8,32.1,4.128621,4.12,4.13,9342,9370,0,0,0,0,0,0,0,0,0
2020-07-06T09:00:00Z,27,14.029259,13.14,20.46,7.04,4.41,12.32,13.407037,12.86,14.65,0.816667,0.24,1.49,11.556296,3.13,24.98,2.628889,0,11.89,2.785185,0,12.01,32.103704,32,32.2,4.122963,4.11,4.13,9371,9400,0,0,0,0,0,0,0,0,0
2020-07-06T10:00:00Z,29,12.90069,8.39,14.27,3.993448,3.31,4.55,12.884828,12.65,13.49,0.153103,0.03,0.6,2.038966,0.34,8.59,0,0,0,9.635172,0,12.28,32.017241,31.9,32.1,4.113103,4.1,4.12,9401,9429,0,0,0,0,0,0,0,0,0
2020-07-06T11:00:00Z,29,1.312414,0,7,0.736552,0,2.96,12.633448,12.61,12.66,0.043448,-0.01,0.09,0.067931,-0.02,0.44,0,0,0,5.418966,0,11.36,31.382759,31.1,32,4.094138,4.09,4.1,9430,9459,0,0,0,1,1,0,0,0,0
2020-07-06T12:00:00Z,29,0,0,0,0,0,0,12.605862,12.57,12.64,0.027931,-0.02,0.07,0,0,0,0,0,0,1.519655,0,10.11,31.037931,31,31.1,4.077931,4.07,4.09,9460,9488,0,0,0,2,0,0,0,0,0
2020-07-06T13:00:00Z,30,0,0,0,0,0,0,12.583333,12.56,12.61,0.033667,-0.01,0.06,0,0,0,0,0,0,0,0,0,30.943333,30.9,31,4.064667,4.06,4.07,9489,9518,0,0,0,1,0,0,0,0,0
2020-07-06T14:00:00Z,30,0,0,0,0,0,0,12.565667,12.54,12.59,0.032667,0,0.06,0,0,0,0,0,0,0,0,0,30.893333,30.8,30.9,4.053,4.05,4.06,9519,9548,0,0,0,0,0,0,0,0,0
2020-07-06T15:00:00Z,29,0,0,0,0,0,0,12.545517,12.53,12.57,0.035172,0.01,0.05,0,0,0,0,0,0,0,0,0,30.77931,30.7,30.8,4.041379,4.04,4.05,9549,9577,0,0,0,0,0,0,0,0,0
2020-07-06T16:00:00Z,30,0,0,0,0,0,0,12.524667,12.51,12.54,0.029667,0.01,0.05,0,0,0,0,0,0,0,0,0,30.683333,30.6,30.7,4.034333,4.03,4.04,9578,9607,0,0,0,0,0,0,0,0,0
2020-07-06T17:00:00Z,29,0,0,0,0,0,0,12.51,12.49,12.52,0.028621,0.01,0.05,0,0,0,0,0,0,0,0,0,30.575862,30.5,30.7,4.027931,4.02,4.03,9608,9636,0,0,0,0,0,0,0,0,0
2020-07-06T18:00:00Z,30,0,0,0,0,0,0,12.493,12.47,12.51,0.023333,0.01,0.04,0,0,0,0,0,0,0,0,0,30.5,30.5,30.5,4.02,4.01,4.03,9637,9666,0,0,0,0,0,0,0,0,0
2020-07-06T19:00:00Z,29,0,0,0,0,0,0,12.475517,12.47,12.49,0.025862,0.01,0.03,0,0,0,0,0,0,0,0,0,30.396552,30.3,30.5,4.010345,4.01,4.02,9667,9695,0,0,0,0,0,0,0,0,0
2020-07-06T20:00:00Z,30,0,0,0,0,0,0,12.460333,12.45,12.47,0.023667,0.02,0.03,0,0,0,0,0,0,0,0,0,30.24,30.2,30.3,4.008667,4,4.01,9696,9725,0,0,0,0,0,0,0,0,0
2020-07-06T21:00:00Z,29,0,0,0,0,0,0,12.447931,12.44,12.45,0.027241,0.02,0.03,0,0,0,0,0,0,0,0,0,30.137931,30.1,30.2,4.000345,4,4.01,9726,9754,0,0,0,0,0,0,0,0,0
2020-07-06T22:00:00Z,30,3.855667,0,13.11,1.492,0,3.89,12.438667,12.42,12.55,0.04,0.02,0.12,0.229,0,1.53,0,0,0,0,0,0,30.206667,30.1,30.7,3.998,3.99,4,9755,9784,0,0,0,0,0,0,0,0,0
2020-07-06T23:00:00Z,30,12.930667,12.53,13.42,4.176667,3.44,4.43,12.646,12.43,12.73,0.152667,0.08,0.26,1.965667,0.97,3.34,0,0,0,0,0,0,30.813333,30.6,30.9,3.991333,3.99,4,9785,9814,0,0,0,0,0,0,0,0,0
2020-07-07T00:00:00Z,29,13.388621,12.83,14.27,4.443448,4.29,4.63,12.981034,12.72,13.39,0.544138,0.19,1.23,7.394483,2.45,17.12,0,0,0,0,0,0,30.896552,30.8,30.9,4.014138,4,4.05,9815,9843,0,0,0,0,0,0,0,0,0
2020-07-07T01:00:00Z,30,13.789,13.13,14.78,4.995333,4.39,11.71,13.198667,13,13.74,0.922667,0.34,2.04,12.889667,4.68,29.06,1.603333,0,12.11,0,0,0,30.966667,30.9,31.3,4.066667,4.04,4.14,9844,9873,0,0,0,0,0,0,0,0,0
2020-07-07T02:00:00Z,28,13.753929,13.1,14.82,8.723929,4.4,13.08,13.163929,12.85,14.36,1.353929,0.25,2.59,18.825357,3.45,37.98,5.579643,0,12.29,4.318214,0,12.33,31.253571,31.1,31.4,4.117143,4.09,4.14,9874,9902,0,0,0,0,0,0,0,0,0
2020-07-07T03:00:00Z,30,13.770333,13.26,15.03,6.856333,4.51,12.96,13.252,12.85,13.75,1.002333,0.45,3,13.947667,5.9,45.08,2.815667,0,12.52,8.314333,0,12.35,31.466667,31.2,31.7,4.127,4.12,4.14,9903,9932,0,0,0,0,0,0,0,0,0
2020-07-07T04:00:00Z,27,14.69037,13.24,21.44,9.451852,4.55,13.05,13.666667,13.01,14.55,1.678889,0.17,3.37,24.463333,3.58,50.64,7.581481,0,13.45,7.137407,0,12.34,32.077778,31.7,32.2,4.128148,4.12,4.14,9933,9961,0,0,0,5,1,0,0,0,0
2020-07-07T05:00:00Z,30,15.596667,13.19,20.09,10.651667,4.48,13.22,14.243667,13.01,14.93,2.1,0.4,3.15,32.982333,5.44,49.72,10.586667,0,13.56,7.260667,0,12.75,32.496667,32,33.1,4.137,4.12,4.14,9962,9991,0,0,0,10,0,0,0,0,0
2020-07-07T06:00:00Z,30,16.234333,13.32,20.84,12.045333,4.62,12.64,14.480667,13.12,14.93,2.470667,0.16,3.05,39.662667,3.25,56.23,12.895667,0,13.6,6.182667,0,12.28,33.286667,32.9,33.7,4.138333,4.13,4.14,9992,10021,0,0,0,2,1,0,0,0,0
2020-07-07T07:00:00Z,29,15.257241,13.49,20.96,12.076207,4.54,12.67,14.096897,13.34,14.66,2.058621,0.14,2.73,30.782069,3.02,42.18,11.173793,0,13.51,9.145517,0,12.64,33.306897,33,33.6,4.137931,4.12,4.14,10022,10050,0,0,0,0,0,0,0,0,0
2020-07-07T08:00:00Z,30,13.859,13.08,18.66,12.194667,12.03,12.34,13.188333,12.82,14.75,1.742667,1.44,2.05,24.151,19.55,29.38,11.646,0,12.36,8.769333,0,12.91,33.46,33.2,33.8,4.131333,4.13,4.14,10051,10080,0,0,0,0,0,0,0,0,0
2020-07-07T09:00:00Z,29,15.105517,13.24,20.72,8.596552,4.48,12.1,13.903103,12.92,14.85,0.904138,0.13,1.43,13.244483,2.74,20.51,2.88,0,12.05,10.641724,4.25,12.53,33.5,33.4,33.6,4.126207,4.12,4.13,10081,10109,0,0,0,0,0,0,0,0,0
2020-07-07T10:00:00Z,29,13.566897,12.86,14.5,4.368276,3.43,4.55,13.255517,12.78,13.72,0.334483,0.08,0.61,4.603448,0.96,8.8,0,0,0,8.250345,0,12.15,33.475862,33.4,33.7,4.125172,4.12,4.13,10110,10139,0,0,0,0,0,0,0,0,0
2020-07-07T11:00:00Z,30,2.462667,0,13.31,1.056333,0,3.78,12.721667,12.69,12.78,0.037,0,0.08,0.111667,0,1.04,0,0,0,4.392,0,11.2,32.97,32.6,33.4,4.107,4.1,4.12,10140,10169,0,0,0,0,0,0,0,0,0
2020-07-07T12:00:00Z,29,0,0,0,0,0,0,12.683793,12.65,12.72,0.027931,-0.01,0.06,0,0,0,0,0,0,1.998966,0,9.39,32.613793,32.4,32.7,4.09,4.08,4.1,10170,10198,0,0,0,2,0,0,0,0,0
2020-07-07T13:00:00Z,29,0,0,0,0,0,0,12.651724,12.62,12.69,0.026897,0,0.06,0,0,0,0,0,0,0,0,0,32.531034,32.4,32.7,4.075862,4.07,4.08,10199,10228,0,0,0,0,0,0,0,0,0
2020-07-07T14:00:00Z,29,0,0,0,0,0,0,12.622069,12.59,12.64,0.026897,-0.01,0.06,0,0,0,0,0,0,0,0,0,32.551724,32.5,32.7,4.062069,4.05,4.07,10229,10257,0,0,0,2,0,0,0,0,0
2020-07-07T15:00:00Z,30,0,0,0,0,0,0,12.604333,12.59,12.63,0.031667,0,0.06,0,0,0,0,0,0,0,0,0,32.28,32.1,32.5,4.049,4.04,4.06,10258,10287,0,0,0,0,0,0,0,0,0
2020-07-07T16:00:00Z,29,0,0,0,0,0,0,12.590345,12.57,12.61,0.029655,0.01,0.05,0,0,0,0,0,0,0,0,0,32.086207,32,32.1,4.040345,4.04,4.05,10288,10316,0,0,0,0,0,0,0,0,0
2020-07-07T17:00:00Z,30,0,0,0,0,0,0,12.570667,12.56,12.59,0.023667,0.01,0.04,0,0,0,0,0,0,0,0,0,31.95,31.9,32,4.032333,4.03,4.04,10317,10346,0,0,0,0,0,0,0,0,0
2020-07-07T18:00:00Z,30,0,0,0,0,0,0,12.559,12.54,12.57,0.024333,0.01,0.04,0,0,0,0,0,0,0,0,0,31.743333,31.7,31.9,4.026333,4.02,4.03,10347,10376,0,0,0,0,0,0,0,0,0
2020-07-07T19:00:00Z,29,0,0,0,0,0,0,12.542069,12.53,12.57,0.022759,0.01,0.04,0,0,0,0,0,0,0,0,0,31.596552,31.5,31.7,4.016897,4.01,4.02,10377,10405,0,0,0,0,0,0,0,0,0
2020-07-07T20:00:00Z,30,0,0,0,0,0,0,12.529333,12.51,12.54,0.023333,0.02,0.03,0,0,0,0,0,0,0,0,0,31.403333,31.3,31.5,4.01,4.01,4.01,10406,10435,0,0,0,0,0,0,0,0,0
2020-07-07T21:00:00Z,29,0,0,0,0,0,0,12.513793,12.5,12.52,0.024138,0.02,0.03,0,0,0,0,0,0,0,0,0,31.282759,31.2,31.3,4.005517,4,4.01,10436,10464,0,0,0,0,0,0,0,0,0
2020-07-07T22:00:00Z,30,4.032667,0,13.15,1.409,0,3.84,12.509333,12.49,12.55,0.036333,0.02,0.08,0.212667,0,1.05,0,0,0,0,0,0,31.21,31.1,31.6,4,4,4,10465,10494,0,0,0,0,0,0,0,0,0
2020-07-07T23:00:00Z,29,13.056552,12.68,13.61,4.271034,3.47,4.41,12.79,12.54,12.97,0.233103,0.08,0.46,3.051724,1.03,6.06,0,0,0,0,0,0,31.827586,31.7,32,3.997931,3.99,4.01,10495,10523,0,0,0,0,0,0,0,0,0
2020-07-08T00:00:00Z,30,13.563333,13.12,14.09,4.466667,4.41,4.54,13.147,13,13.32,0.58,0.47,0.82,7.856333,6.19,11.58,0,0,0,0,0,0,31.9,31.8,32,4.027333,4.01,4.04,10524,10553,0,0,0,0,0,0,0,0,0
2020-07-08T01:00:00Z,30,13.892667,13.36,14.53,7.050333,4.53,12.25,13.376,12.88,13.73,1.218667,0.72,1.97,16.961667,10.12,27.62,2.385,0,11.99,0,0,0,32,31.8,32.3,4.089667,4.04,4.13,10554,10583,0,0,0,0,0,0,0,0,0
2020-07-08T02:00:00Z,29,13.777931,13.09,14.95,11.898966,11.15,12.27,13.175862,12.84,14.01,1.887241,1.07,3.2,26.14069,14.46,46.41,10.798621,0,12.87,0,0,0,32.465517,32.3,32.6,4.127241,4.12,4.13,10584,10612,0,0,0,2,0,0,0,0,0
2020-07-08T03:00:00Z,30,13.993667,13.43,15.15,8.997333,4.53,12.55,13.519333,13.03,14.16,1.681333,0.56,2.99,23.613333,7.8,44.79,6.597333,0,12.86,0,0,0,32.793333,32.4,33,4.127333,4.12,4.13,10613,10642,0,0,0,0,0,0,0,0,0
2020-07-08T04:00:00Z,29,13.674828,13.33,14.05,4.487931,4.47,4.52,13.262414,13.19,13.34,0.461034,0.4,0.53,6.294483,5.4,7.31,0,0,0,0.152069,0,4.41,32.57931,32.3,33,4.127931,4.12,4.13,10643,10671,0,0,0,0,0,0,0,0,0
2020-07-08T05:00:00Z,30,13.264667,12.95,14.1,4.343,4.1,4.53,12.980667,12.86,13.34,0.221333,0.12,0.54,2.944,1.57,7.58,0,0,0,4.378,0,11.14,32.333333,32.1,32.5,4.117333,4.1,4.13,10672,10701,0,0,0,0,0,0,0,0,0
2020-07-08T06:00:00Z,30,13.395,12.77,13.93,4.375,3.42,4.51,12.981,12.68,13.22,0.285333,-0.02,0.52,3.818333,-0.3,7.12,0,0,0,1.989333,0,11.69,32.396667,32.2,32.5,4.109667,4.1,4.11,10702,10731,0,0,0,1,1,0,0,0,0
2020-07-08T07:00:00Z,29,13.261379,12.93,13.6,4.365862,4.32,4.4,12.866897,12.84,12.92,0.195517,0.14,0.24,2.597241,1.9,3.22,0,0,0,0,0,0,32.344828,32.2,32.5,4.102414,4.1,4.11,10732,10760,0,0,0,0,0,0,0,0,0
2020-07-08T08:00:00Z,30,13.691,13.05,14.42,4.544,4.42,4.59,13.375,12.9,13.66,0.582667,0.25,0.72,8.006667,3.38,10.18,0,0,0,0,0,0,32.106667,32.1,32.2,4.117,4.1,4.13,10761,10790,0,0,0,0,0,0,0,0,0
2020-07-08T09:00:00Z,29,14.059655,13.38,14.78,4.552414,4.47,4.61,13.572414,13.18,13.99,0.598276,0.32,0.78,8.422069,4.33,11.45,0,0,0,0,0,0,32.124138,32.1,32.2,4.125172,4.12,4.13,10791,10819,0,0,0,0,0,0,0,0,0
2020-07-08T10:00:00Z,30,13.272667,12.8,13.84,4.123667,3.42,4.47,12.913667,12.68,13.16,0.175333,0.05,0.32,2.339,0.69,4.22,0,0,0,0,0,0,32.1,32.1,32.1,4.116333,4.11,4.13,10820,10849,0,0,0,0,0,0,0,0,0
2020-07-08T11:00:00Z,29,2.146207,0,13.18,0.891379,0,3.85,12.63931,12.6,12.69,0.036207,-0.01,0.08,0.124828,0,0.99,0,0,0,0,0,0,31.648276,31.3,32.1,4.098621,4.09,4.11,10850,10878,0,0,0,2,0,0,0,0,0
2020-07-08T12:00:00Z,30,0,0,0,0,0,0,12.604333,12.58,12.63,0.029333,-0.01,0.06,0,0,0,0,0,0,0,0,0,31.226667,31.1,31.3,4.082,4.07,4.09,10879,10908,0,0,0,1,0,0,0,0,0
2020-07-08T13:00:00Z,29,0,0,0,0,0,0,12.583793,12.56,12.6,0.027586,0,0.06,0,0,0,0,0,0,0,0,0,31.065517,31,31.2,4.067586,4.06,4.08,10909,10937,0,0,0,0,0,0,0,0,0
2020-07-08T14:00:00Z,30,0,0,0,0,0,0,12.563667,12.54,12.58,0.030667,0,0.05,0,0,0,0,0,0,0,0,0,30.92,30.9,31,4.053667,4.05,4.06,10938,10967,0,0,0,0,0,0,0,0,0
2020-07-08T15:00:00Z,30,0,0,0,0,0,0,12.547,12.52,12.57,0.028333,0,0.05,0,0,0,0,0,0,0,0,0,30.846667,30.7,30.9,4.045,4.04,4.05,10968,10997,0,0,0,0,0,0,0,0,0
2020-07-08T16:00:00Z,29,0,0,0,0,0,0,12.533793,12.51,12.55,0.031034,0.01,0.05,0,0,0,0,0,0,0,0,0,30.682759,30.6,30.8,4.036552,4.03,4.04,10998,11026,0,0,0,0,0,0,0,0,0
2020-07-08T17:00:00Z,30,0,0,0,0,0,0,12.517,12.5,12.54,0.028,0.01,0.05,0,0,0,0,0,0,0,0,0,30.533333,30.5,30.6,4.029667,4.02,4.03,11027,11056,0,0,0,0,0,0,0,0,0
2020-07-08T18:00:00Z,27,0,0,0,0,0,0,12.496667,12.47,12.51,0.025556,0.01,0.04,0,0,0,0,0,0,0,0,0,30.466667,30.3,30.5,4.01963,4.01,4.02,11057,11085,0,0,0,0,0,0,0,0,0
2020-07-08T19:00:00Z,29,0,0,0,0,0,0,12.479655,12.47,12.5,0.024138,0.02,0.04,0,0,0,0,0,0,0,0,0,30.255172,30.1,30.4,4.010345,4.01,4.02,11086,11115,0,0,0,0,0,0,0,0,0
2020-07-08T20:00:00Z,29,0,0,0,0,0,0,12.471034,12.46,12.48,0.024483,0.02,0.03,0,0,0,0,0,0,0,0,0,30.124138,30.1,30.2,4.007586,4,4.01,11116,11144,0,0,0,0,0,0,0,0,0
2020-07-08T21:00:00Z,30,0,0,0,0,0,0,12.468,12.45,12.47,0.027667,0.02,0.04,0,0,0,0,0,0,0,0,0,30.026667,29.9,30.1,4,4,4,11145,11174,0,0,0,0,0,0,0,0,0
2020-07-08T22:00:00Z,29,4.05931,0,13.12,1.339655,0,3.91,12.460345,12.45,12.5,0.03931,0.02,0.09,0.24,0,1.16,0,0,0,0,0,0,30,29.9,30.5,3.997931,3.99,4,11175,11203,0,0,0,0,0,0,0,0,0
2020-07-08T23:00:00Z,30,13.098333,12.65,13.54,4.317,3.89,4.42,12.752667,12.58,12.86,0.232,0.1,0.36,3.034667,1.24,4.64,0,0,0,0,0,0,30.626667,30.4,30.8,3.995333,3.99,4.01,11204,11233,0,0,0,0,0,0,0,0,0
2020-07-09T00:00:00Z,28,13.69,13,14.14,4.507857,4.41,4.59,13.135357,12.87,13.32,0.639643,0.36,0.89,8.802143,4.83,12.6,0,0,0,0,0,0,30.735714,30.7,30.8,4.027857,4.01,4.05,11234,11262,0,0,0,0,0,0,0,0,0
2020-07-09T01:00:00Z,30,13.727667,13.2,14.37,7.803667,4.54,12.44,13.299667,12.87,13.57,1.126667,0.69,1.73,15.472333,9.23,23.64,1.972667,0,11.93,0,0,0,30.843333,30.7,31,4.096,4.05,4.12,11263,11292,0,0,0,0,0,0,0,0,0
2020-07-09T02:00:00Z,29,13.520345,13.12,13.99,12.11931,11.97,12.27,13.01,12.84,13.6,1.846552,1.6,2.04,24.966207,21.65,27.62,11.501379,0,12.03,0,0,0,31.131034,30.9,31.3,4.122759,4.12,4.13,11293,11321,0,0,0,0,0,0,0,0,0
2020-07-09T03:00:00Z,29,13.969655,13.44,14.54,12.065517,11.92,12.26,13.373103,13.12,13.6,2.328966,2.04,2.55,32.55931,27.45,35.67,12.284483,12.05,12.53,0,0,0,31.510345,31.3,31.7,4.13,4.13,4.13,11322,11351,0,0,0,0,0,0,0,0,0
2020-07-09T04:00:00Z,30,14.659667,13.92,15.67,11.925333,11.75,12.07,14.049333,13.54,14.66,2.570667,2.4,2.69,37.689,34.37,41.64,12.944333,12.48,13.52,0,0,0,32.136667,31.7,33,4.13,4.13,4.13,11352,11381,0,0,0,0,0,0,0,0,0
2020-07-09T05:00:00Z,28,16.302143,13.84,20.57,10.443929,4.61,12.61,14.393571,13.05,14.81,1.8025,0.25,2.67,29.221786,5.15,52.17,9.964643,0,13.54,0.008929,0,0.25,33.207143,32.9,33.4,4.128214,4.12,4.13,11382,11410,0,0,0,0,1,0,0,0,0
2020-07-09T06:00:00Z,30,15.316333,13.42,19.57,10.862333,4.61,12.33,14.293333,13.13,14.8,2.021,0.35,2.77,31.007667,6.79,43.75,11.018333,0,13.58,0,0,0,33.873333,33.4,34.4,4.128667,4.12,4.13,11411,11440,0,0,0,0,0,0,0,0,0
2020-07-09T07:00:00Z,29,14.685517,13.38,15.75,11.488621,4.67,11.99,14.064483,13.08,14.85,2.077586,1,2.37,30.554138,15.68,37.17,12.49,0,13.49,0,0,0,34.658621,34.5,34.8,4.130345,4.13,4.14,11441,11469,0,0,0,0,0,0,0,0,0
2020-07-09T08:00:00Z,30,14.272,13.1,20.46,11.621667,11.49,11.76,13.311,12.83,14.69,1.539667,0.06,1.94,21.509333,1.17,28.17,10.015333,0,12.42,0,0,0,34.77,34.4,35.2,4.130333,4.13,4.14,11470,11499,0,0,0,0,0,0,0,0,0
2020-07-09T09:00:00Z,27,14.185556,13.16,20.36,5.743333,4.42,11.34,13.43,12.93,14.83,0.503704,0.24,1.16,7.44,3.12,21.8,0.880741,0,11.98,0,0,0,34.944444,34.8,35,4.123704,4.12,4.13,11500,11528,0,0,0,0,0,0,0,0,0
2020-07-09T10:00:00Z,29,13.279655,12.84,13.9,4.137586,3.42,4.46,12.950345,12.73,13.2,0.182414,0.06,0.3,2.441034,0.76,3.99,0,0,0,0,0,0,34.9,34.7,35,4.118966,4.11,4.13,11529,11558,0,0,0,0,0,0,0,0,0
2020-07-09T11:00:00Z,30,2.853,0,13.24,1.023,0,3.82,12.700667,12.67,12.75,0.037,-0.01,0.09,0.169667,0,1.22,0,0,0,0,0,0,34.626667,34.4,35,4.101,4.09,4.11,11559,11588,0,0,0,3,0,0,0,0,0
2020-07-09T12:00:00Z,29,0,0,0,0,0,0,12.669655,12.63,12.71,0.03069,-0.01,0.06,0,0,0,0,0,0,0,0,0,34.131034,34,34.4,4.084483,4.08,4.09,11589,11617,0,0,0,1,0,0,0,0,0
2020-07-09T13:00:00Z,30,0,0,0,0,0,0,12.637667,12.61,12.66,0.024,-0.01,0.06,0,0,0,0,0,0,0,0,0,33.86,33.8,34.1,4.070333,4.06,4.08,11618,11647,0,0,0,5,0,0,0,0,0
2020-07-09T14:00:00Z,29,0,0,0,0,0,0,12.614138,12.6,12.64,0.027931,-0.01,0.05,0,0,0,0,0,0,0.01,0,0.29,33.6,33.5,33.7,4.056552,4.05,4.06,11648,11676,0,0,0,2,0,0,0,0,0
2020-07-09T15:00:00Z,30,0,0,0,0,0,0,12.600333,12.58,12.62,0.03,-0.01,0.08,0,0,0,0,0,0,4.954,0,10.5,33.323333,33,33.6,4.045333,4.04,4.05,11677,11706,0,0,0,3,0,0,0,0,0
2020-07-09T16:00:00Z,29,0,0,0,0,0,0,12.578276,12.56,12.6,0.025517,0.01,0.05,0,0,0,0,0,0,0.023793,0,0.69,32.803448,32.6,33.1,4.038621,4.03,4.04,11707,11735,0,0,0,0,0,0,0,0,0
2020-07-09T17:00:00Z,30,0,0,0,0,0,0,12.565,12.54,12.58,0.026667,0.01,0.05,0,0,0,0,0,0,0,0,0,32.456667,32.4,32.5,4.03,4.03,4.03,11736,11765,0,0,0,0,0,0,0,0,0
2020-07-09T18:00:00Z,29,0,0,0,0,0,0,12.549655,12.54,12.57,0.025517,0.01,0.04,0,0,0,0,0,0,0,0,0,32.162069,32.1,32.3,4.022414,4.02,4.03,11766,11794,0,0,0,0,0,0,0,0,0
2020-07-09T19:00:00Z,30,0,0,0,0,0,0,12.536333,12.53,12.54,0.023667,0.01,0.03,0,0,0,0,0,0,0,0,0,32.09,32,32.1,4.014333,4.01,4.02,11795,11824,0,0,0,0,0,0,0,0,0
2020-07-09T20:00:00Z,30,0,0,0,0,0,0,12.521667,12.51,12.54,0.024333,0.02,0.03,0,0,0,0,0,0,0,0,0,31.993333,31.9,32,4.01,4.01,4.01,11825,11854,0,0,0,0,0,0,0,0,0
2020-07-09T21:00:00Z,29,0,0,0,0,0,0,12.511034,12.5,12.52,0.025517,0.02,0.04,0,0,0,0,0,0,0,0,0,31.841379,31.7,31.9,4.003448,4,4.01,11855,11883,0,0,0,0,0,0,0,0,0
2020-07-09T22:00:00Z,30,3.718,0,12.62,1.307,0,3.85,12.502333,12.48,12.54,0.036667,0.02,0.08,0.197333,0,0.95,0,0,0,0,0,0,31.756667,31.7,32,3.999667,3.99,4,11884,11913,0,0,0,0,0,0,0,0,0
2020-07-09T23:00:00Z,29,12.924828,12.58,13.43,4.157586,3.47,4.33,12.718621,12.52,12.84,0.165172,0.08,0.32,2.142414,1.02,4.19,0,0,0,0,0,0,32.1,32.1,32.1,3.99,3.99,3.99,11914,11942,0,0,0,0,0,0,0,0,0
2020-07-10T00:00:00Z,29,13.545862,13.02,14.13,4.514138,4.39,4.62,13.135862,12.9,13.33,0.632414,0.42,0.9,8.592069,5.41,12.76,0,0,0,0,0,0,32.1,32.1,32.1,4.023103,4,4.05,11943,11972,0,0,0,0,0,0,0,0,0
2020-07-10T01:00:00Z,29,13.818276,13.2,14.5,7.435517,4.56,12.12,13.396207,12.89,13.6,1.196207,0.62,1.59,16.519655,8.44,22.05,2.047586,0,12.02,0,0,0,32.234483,32.1,32.5,4.103448,4.06,4.13,11973,12001,0,0,0,0,0,0,0,0,0
2020-07-10T02:00:00Z,29,13.697586,13.14,14.37,11.230345,4.58,12.28,13.231724,12.86,13.54,1.750345,0.67,2.45,24.02069,9.35,34.18,9.165172,0,12.39,0,0,0,32.634483,32.3,33.3,4.128966,4.12,4.13,12002,12031,0,0,0,0,0,0,0,0,0
2020-07-10T03:00:00Z,29,14.382759,13.1,19.33,9.793793,4.57,12.56,13.586552,12.84,14.48,1.818966,0.62,2.75,26.207931,8.7,41.67,8.188276,0,12.99,0.346552,0,7.58,33.127586,32.8,33.4,4.127586,4.12,4.14,12032,12060,0,0,0,0,0,0,0,0,0
2020-07-10T04:00:00Z,30,16.419,13.32,20.66,10.036333,4.61,12.61,14.227333,13.1,14.98,1.477333,0.19,2.8,23.607667,3.82,50.48,11.257667,0,14.31,0.859333,0,10.05,33.6,33.4,34,4.127667,4.12,4.13,12061,12090,0,0,0,0,1,0,0,0,0
2020-07-10T05:00:00Z,29,18.85069,15.59,20.51,11.76069,10.89,12.21,14.713448,14.45,15.07,0.947586,0.06,2.59,17.114483,1.14,52.19,14.006897,13.77,14.34,1.263793,0,9.35,34.465517,33.9,34.7,4.130345,4.13,4.14,12091,12120,0,0,0,0,1,0,0,0,0
2020-07-10T06:00:00Z,29,18.046552,15.63,21.11,9.161724,4.58,12.61,14.700345,14.47,14.93,0.627241,0.06,1.65,10.321034,1.26,26.3,14.001034,13.8,14.19,3.387586,0,12.09,34.717241,34.6,35,4.12931,4.12,4.14,12121,12149,0,0,0,0,0,0,0,0,0
2020-07-10T07:00:00Z,29,17.042759,14.54,20.92,8.213103,4.55,12.31,14.652414,14.33,14.87,0.811034,0.07,1.87,13.678276,1.44,36.18,14.004483,13.71,14.2,11.821379,1.65,13.43,34.468966,34.2,35,4.128621,4.12,4.13,12150,12179,0,0,0,0,0,0,0,0,0
2020-07-10T08:00:00Z,28,14.301429,13.66,15.57,4.521071,4.49,4.56,13.8325,13.54,14.77,0.517143,0.42,0.68,7.413214,5.77,10.54,13.203214,12.9,14.11,8.233571,0,12.13,34.589286,34.4,34.7,4.129643,4.12,4.13,12180,12208,0,0,0,0,0,0,0,0,0
2020-07-10T09:00:00Z,29,13.564138,13.21,14.18,4.453448,4.41,4.49,13.3,13.08,13.54,0.326552,0.22,0.43,4.429655,2.9,5.93,12.673793,12.46,12.9,7.731034,0,12.21,34.603448,34.6,34.7,4.128276,4.12,4.13,12209,12238,0,0,0,0,0,0,0,0,0
2020-07-10T10:00:00Z,29,13.202414,12.87,13.77,4.025172,3.41,4.4,12.946897,12.75,13.08,0.140345,0.02,0.23,1.853103,0.3,3.1,12.319655,12.14,12.45,1.365517,0,10.2,34.603448,34.6,34.7,4.114138,4.1,4.12,12239,12267,0,0,0,0,0,0,0,0,0
2020-07-10T11:00:00Z,30,1.68,0,12.87,0.818667,0,3.79,12.75,12.72,12.78,0.037333,0,0.08,0.068,0,0.89,12.131667,12.1,12.17,4.756667,0,11.01,33.9,33.5,34.6,4.096,4.09,4.11,12268,12297,0,0,0,0,0,0,0,0,0
2020-07-10T12:00:00Z,28,0,0,0,0,0,0,12.713571,12.68,12.75,0.028929,-0.01,0.06,0,0,0,12.089643,12.06,12.12,0,0,0,33.517857,33.4,33.6,4.080357,4.07,4.09,12298,12326,0,0,0,3,0,0,0,0,0
2020-07-10T13:00:00Z,30,0,0,0,0,0,0,12.679,12.65,12.72,0.035,0,0.06,0,0,0,12.059333,12.04,12.08,0,0,0,33.373333,33.3,33.4,4.065,4.06,4.07,12327,12356,0,0,0,0,0,0,0,0,0
2020-07-10T14:00:00Z,29,0,0,0,0,0,0,12.651379,12.63,12.67,0.036207,0,0.06,0,0,0,12.030345,12,12.05,0,0,0,33.22069,33.1,33.3,4.053448,4.05,4.06,12357,12385,0,0,0,0,0,0,0,0,0
2020-07-10T15:00:00Z,30,0,0,0,0,0,0,12.631,12.61,12.66,0.03,0.01,0.05,0,0,0,12.009333,11.99,12.02,0,0,0,32.95,32.8,33.1,4.043,4.04,4.05,12386,12415,0,0,0,0,0,0,0,0,0
2020-07-10T16:00:00Z,29,0,0,0,0,0,0,12.610345,12.6,12.63,0.030345,0.01,0.05,0,0,0,11.990345,11.97,12,0,0,0,32.555172,32.4,32.8,4.036552,4.03,4.04,12416,12444,0,0,0,0,0,0,0,0,0
2020-07-10T17:00:00Z,30,0,0,0,0,0,0,12.596333,12.58,12.61,0.027667,0.01,0.04,0,0,0,11.972667,11.96,11.99,0,0,0,32.323333,32.2,32.5,4.029,4.02,4.03,12445,12474,0,0,0,0,0,0,0,0,0
2020-07-10T18:00:00Z,30,0,0,0,0,0,0,12.58,12.57,12.6,0.025667,0.02,0.04,0,0,0,11.959333,11.95,11.97,0,0,0,32.136667,32.1,32.2,4.02,4.01,4.03,12475,12504,0,0,0,0,0,0,0,0,0
2020-07-10T19:00:00Z,29,0,0,0,0,0,0,12.567586,12.56,12.57,0.023103,0.02,0.03,0,0,0,11.941379,11.93,11.95,0,0,0,32.089655,32,32.1,4.01,4.01,4.01,12505,12533,0,0,0,0,0,0,0,0,0
2020-07-10T20:00:00Z,30,0,0,0,0,0,0,12.548,12.54,12.57,0.024,0.02,0.03,0,0,0,11.929333,11.92,11.93,0,0,0,31.996667,31.9,32,4.008667,4,4.01,12534,12563,0,0,0,0,0,0,0,0,0
2020-07-10T21:00:00Z,29,0,0,0,0,0,0,12.535862,12.52,12.54,0.027931,0.02,0.04,0,0,0,11.917931,11.9,11.93,0,0,0,31.910345,31.8,32,4.001034,4,4.01,12564,12592,0,0,0,0,0,0,0,0,0
2020-07-10T22:00:00Z,30,4.392667,0,13.14,1.408333,0,3.81,12.527333,12.51,12.62,0.041333,0.02,0.08,0.270667,0,1.04,11.906667,11.89,11.99,0,0,0,31.833333,31.7,32.1,3.998667,3.99,4,12593,12622,0,0,0,0,0,0,0,0,0
2020-07-10T23:00:00Z,30,13.112,12.72,13.54,4.295,3.9,4.46,12.785,12.63,12.86,0.204,0.08,0.33,2.665333,0.95,4.3,12.151,12.01,12.24,0,0,0,32.113333,32.1,32.2,3.992667,3.99,4.01,12623,12652,0,0,0,0,0,0,0,0,0
2020-07-11T00:00:00Z,29,13.467586,13,14.13,4.508276,4.37,4.62,13.140345,12.88,13.44,0.605517,0.29,1.04,8.166897,3.76,14.15,12.504483,12.26,12.81,0,0,0,32.255172,32.2,32.4,4.03069,4.01,4.05,12653,12681,0,0,0,0,0,0,0,0,0
2020-07-11T01:00:00Z,30,13.969,13.24,14.77,6.800333,4.46,12.53,13.503667,13.1,14.06,1.073667,0.32,1.9,15.126333,4.48,28.12,12.870333,12.47,13.39,0,0,0,32.35,32.2,32.5,4.099667,4.06,4.13,12682,12711,0,0,0,0,0,0,0,0,0
2020-07-11T02:00:00Z,29,15.248621,13.46,20.41,10.955172,4.55,12.32,14.28069,13.31,14.75,1.64,0.13,2.22,25.017931,2.71,37.65,13.615517,12.66,14.06,0,0,0,32.982759,32.5,33.3,4.128621,4.12,4.13,12712,12740,0,0,0,0,0,0,0,0,0
2020-07-11T03:00:00Z,30,17.439667,13.72,21.42,9.879667,4.54,12.77,14.549333,13.57,14.99,1.024667,0.07,2.53,17.301333,1.38,50.37,13.903667,12.94,14.33,0,0,0,33.39,33.3,33.5,4.128667,4.12,4.14,12741,12770,0,0,0,0,1,0,0,0,0
2020-07-11T04:00:00Z,29,17.49,13.84,20.99,8.432414,4.54,12.67,14.663448,13.69,15.12,0.821379,0.06,2.77,13.564828,1.18,45.42,14.001379,13.07,14.48,0,0,0,33.727586,33.4,34.2,4.129655,4.12,4.14,12771,12799,0,0,0,0,0,0,0,0,0
2020-07-11T05:00:00Z,30,18.877,15.59,20.9,10.781667,4.62,12.53,14.656333,14.49,15.17,0.452333,0.06,2.35,7.735667,1.19,38.65,13.975,13.81,14.35,0.295,0,5.02,34.453333,34.2,34.6,4.131667,4.12,4.14,12800,12829,0,0,0,0,0,0,0,0,0
2020-07-11T06:00:00Z,29,19.258276,15.57,20.78,11.704828,4.65,12.31,14.653448,14.49,14.91,0.539655,0.06,1.87,9.895862,1.18,37.97,13.972759,13.84,14.31,4.687931,0,12.01,34.789655,34.6,35,4.13,4.13,4.13,12830,12859,0,0,0,0,0,0,0,0,0
2020-07-11T07:00:00Z,29,19.636552,15.99,20.99,12.255172,12,12.37,14.661034,14.48,15,0.681034,0.02,2.18,12.288621,0.48,44.58,14.004828,13.81,14.39,8.241034,0,12.34,35.417241,35.1,35.7,4.13,4.13,4.13,12860,12888,0,0,0,0,0,0,0,0,0
2020-07-11T08:00:00Z,30,19.902333,15.84,21,12.135,11.9,12.4,14.600333,14.45,14.89,0.539667,0.06,1.72,10.285333,1.19,33.56,13.967333,13.84,14.18,7.467333,0,12.29,35.863333,35.7,36,4.13,4.13,4.13,12889,12918,0,0,0,0,0,0,0,0,0
2020-07-11T09:00:00Z,29,15.675172,13.72,20.82,5.555517,4.47,11.95,14.478276,13.5,14.88,0.593103,0.21,1.13,9.255862,4.3,17.86,13.821724,12.87,14.22,8.95931,0,12.34,35.927586,35.9,36.1,4.125517,4.12,4.13,12919,12947,0,0,0,0,0,0,0,0,0
2020-07-11T10:00:00Z,30,13.403,12.94,14.05,4.252,3.41,4.47,13.132333,12.87,13.42,0.201333,0.04,0.37,2.711333,0.54,5.01,12.512,12.25,12.81,10.646333,0,12.58,35.91,35.8,36.1,4.124,4.12,4.13,12948,12977,0,0,0,0,0,0,0,0,0
2020-07-11T11:00:00Z,29,2.421034,0,13.39,0.964483,0,3.81,12.815517,12.78,12.87,0.035172,-0.01,0.08,0.138966,0,0.97,12.197241,12.14,12.24,5.044828,0,11.07,35.4,34.9,36,4.105862,4.09,4.12,12978,13006,0,0,0,1,0,0,0,0,0
2020-07-11T12:00:00Z,30,0,0,0,0,0,0,12.775333,12.73,12.81,0.026333,-0.01,0.05,0,0,0,12.151,12.12,12.2,0,0,0,34.843333,34.8,34.9,4.085333,4.08,4.09,13007,13036,0,0,0,1,0,0,0,0,0
2020-07-11T13:00:00Z,30,0,0,0,0,0,0,12.735,12.71,12.76,0.035,-0.01,0.06,0,0,0,12.119667,12.08,12.14,0,0,0,34.646667,34.6,34.8,4.073333,4.06,4.08,13037,13066,0,0,0,1,0,0,0,0,0
2020-07-11T14:00:00Z,29,0,0,0,0,0,0,12.703103,12.68,12.74,0.025172,-0.01,0.06,0,0,0,12.086552,12.06,12.11,0,0,0,34.568966,34.5,34.6,4.056897,4.05,4.06,13067,13095,0,0,0,3,0,0,0,0,0
2020-07-11T15:00:00Z,30,0,0,0,0,0,0,12.677,12.66,12.7,0.030667,0,0.05,0,0,0,12.057,12.04,12.08,0,0,0,34.27,34.1,34.5,4.046,4.04,4.05,13096,13125,0,0,0,0,0,0,0,0,0
2020-07-11T16:00:00Z,29,0,0,0,0,0,0,12.655517,12.64,12.68,0.029655,0.01,0.05,0,0,0,12.039655,12.02,12.05,0,0,0,33.917241,33.8,34.1,4.038621,4.03,4.04,13126,13154,0,0,0,0,0,0,0,0,0
2020-07-11T17:00:00Z,30,0,0,0,0,0,0,12.639,12.62,12.66,0.029333,0.02,0.05,0,0,0,12.023,12.01,12.04,0,0,0,33.593333,33.4,33.8,4.030333,4.03,4.04,13155,13184,0,0,0,0,0,0,0,0,0
2020-07-11T18:00:00Z,29,0,0,0,0,0,0,12.621379,12.6,12.63,0.025172,0.01,0.04,0,0,0,12.002069,11.99,12.02,0,0,0,33.396552,33.3,33.4,4.022069,4.02,4.03,13185,13213,0,0,0,0,0,0,0,0,0
2020-07-11T19:00:00Z,30,0,0,0,0,0,0,12.601333,12.58,12.62,0.025333,0.02,0.03,0,0,0,11.983333,11.96,12,0,0,0,33.266667,33.2,33.3,4.014333,4.01,4.02,13214,13243,0,0,0,0,0,0,0,0,0
2020-07-11T20:00:00Z,29,0,0,0,0,0,0,12.584828,12.57,12.6,0.026897,0.02,0.03,0,0,0,11.969655,11.96,11.99,0,0,0,32.993103,32.8,33.2,4.01,4.01,4.01,13244,13272,0,0,0,0,0,0,0,0,0
2020-07-11T21:00:00Z,29,0,0,0,0,0,0,12.573448,12.56,12.59,0.027931,0.02,0.03,0,0,0,11.957241,11.94,11.97,0,0,0,32.572414,32.5,32.7,4.002069,4,4.01,13273,13302,0,0,0,0,0,0,0,0,0
2020-07-11T22:00:00Z,30,4.012,0,12.86,1.359333,0,3.93,12.557667,12.54,12.58,0.039,0.02,0.09,0.219333,0,1.1,11.936667,11.91,11.96,0,0,0,32.446667,32.3,33,4,4,4,13303,13332,0,0,0,0,0,0,0,0,0
2020-07-11T23:00:00Z,28,13.043929,12.63,13.54,4.278929,3.52,4.44,12.79,12.57,12.85,0.169643,0.07,0.28,2.193571,0.87,3.68,12.153571,11.96,12.23,0,0,0,33.142857,33,33.2,3.997143,3.99,4.01,13333,13361,0,0,0,0,0,0,0,0,0
2020-07-12T00:00:00Z,30,13.439667,12.97,14.23,4.512333,4.36,4.64,13.114,12.86,13.48,0.563667,0.24,1.02,7.631333,3.22,14.53,12.483333,12.23,12.84,0,0,0,33.053333,33,33.1,4.031,4.01,4.07,13362,13391,0,0,0,0,0,0,0,0,0
2020-07-12T01:00:00Z,29,14.215862,13.49,14.95,8.781034,4.53,12.46,13.661724,13.3,14.06,1.316552,0.52,1.78,18.822414,7.25,26.14,13.022414,12.64,13.38,0,0,0,33.203448,33,33.3,4.115862,4.08,4.13,13392,13420,0,0,0,0,0,0,0,0,0
2020-07-12T02:00:00Z,30,16.478667,13.79,20.61,11.8,4.53,12.39,14.436667,13.63,14.84,1.55,0.14,2.27,24.586667,2.82,44.69,13.787667,13,14.25,0.448,0,7.66,33.39,33.3,33.5,4.129,4.12,4.13,13421,13450,0,0,0,0,0,0,0,0,0
2020-07-12T03:00:00Z,29,18.415172,13.86,20.88,11.004828,4.53,12.42,14.538621,13.7,15,1.036552,0.06,2.59,18.911379,1.3,53.15,13.89069,13.07,14.39,0.897586,0,10.7,33.837931,33.4,34.2,4.128966,4.12,4.14,13451,13479,0,0,0,0,3,0,0,0,0
2020-07-12T04:00:00Z,30,17.774667,14.5,21.55,9.340333,4.54,12.88,14.716333,14.29,15.16,0.740667,0.06,2.52,12.256333,1.3,41.59,14.02,13.67,14.35,1.139333,0,11.37,34.203333,33.8,34.6,4.132,4.12,4.14,13480,13509,0,0,0,0,0,0,0,0,0
2020-07-12T05:00:00Z,30,17.543333,14.19,21.23,7.740667,4.51,12.57,14.727333,14.04,15.3,0.696333,0.06,2.79,11.765667,1.25,53.85,14.072,13.42,14.62,0,0,0,34.7,34.6,35,4.133,4.12,4.14,13510,13539,0,0,0,0,1,0,0,0,0
2020-07-12T06:00:00Z,29,17.607586,14.14,21.1,7.582414,4.5,12.44,14.551034,13.8,15.06,0.48,0.06,2.66,7.881034,1.16,43.18,13.903448,13.16,14.37,0,0,0,35.251724,34.9,35.8,4.134483,4.13,4.14,13540,13568,0,0,0,0,0,0,0,0,0
2020-07-12T07:00:00Z,30,16.908333,13.81,20.86,7.484,4.48,12.41,14.416,13.64,14.91,0.475,0.05,1.26,7.753333,1.04,21.02,13.743667,13.02,14.21,0.675,0,7.97,35.676667,35.4,35.9,4.133667,4.12,4.14,13569,13598,0,0,0,0,0,0,0,0,0
2020-07-12T08:00:00Z,29,17.062414,13.57,21.24,7.847931,4.46,12.41,14.331034,13.46,14.93,0.505517,0.06,1.75,8.46,1.34,34.82,13.674138,12.84,14.25,5.483103,0,11.66,35.931034,35.7,36.2,4.134138,4.12,4.14,13599,13627,0,0,0,0,0,0,0,0,0
2020-07-12T09:00:00Z,30,14.438333,13.26,20.48,4.718,4.41,11.72,13.620667,13.16,14.89,0.377,0.09,1.04,5.598667,1.88,19.31,12.994333,12.55,14.23,9.903333,0.11,12.32,35.63,35.3,36.3,4.129,4.12,4.14,13628,13657,0,0,0,0,0,0,0,0,0
2020-07-12T10:00:00Z,29,10.675517,1.97,13.78,3.625862,1.86,4.41,12.968621,12.82,13.14,0.113793,0,0.24,1.413448,0,3.22,12.35069,12.2,12.52,7.904138,0,12.57,35.510345,34.9,35.8,4.116552,4.1,4.13,13658,13686,0,0,0,0,0,0,0,0,0
2020-07-12T11:00:00Z,30,0.761667,0,3.82,0.44,0,2.11,12.810333,12.77,12.84,0.037,-0.02,0.06,0.032667,0,0.2,12.193333,12.15,12.23,7.338,0,11.76,34.463333,34.1,34.9,4.097333,4.09,4.11,13687,13716,0,0,0,2,0,0,0,0,0
2020-07-12T12:00:00Z,30,0,0,0,0,0,0,12.767667,12.74,12.79,0.027333,-0.05,0.08,0,0,0,12.145,12.11,12.18,2.410333,0,11.06,34.01,33.8,34.2,4.082667,4.08,4.09,13717,13746,0,0,0,1,0,0,0,0,0
2020-07-12T13:00:00Z,29,0,0,0,0,0,0,12.737241,12.72,12.77,0.03069,-0.01,0.07,0,0,0,12.112069,12.09,12.14,2.128966,0,11.01,33.717241,33.6,33.8,4.067241,4.06,4.08,13747,13775,0,0,0,3,0,0,0,0,0
2020-07-12T14:00:00Z,30,0,0,0,0,0,0,12.707667,12.68,12.73,0.030667,0,0.05,0,0,0,12.083333,12.07,12.11,0,0,0,33.566667,33.5,33.6,4.054667,4.05,4.06,13776,13805,0,0,0,0,0,0,0,0,0
2020-07-12T15:00:00Z,29,0,0,0,0,0,0,12.682069,12.66,12.71,0.028276,0.01,0.05,0,0,0,12.06,12.05,12.08,0,0,0,33.413793,33.4,33.5,4.044483,4.04,4.05,13806,13834,0,0,0,0,0,0,0,0,0
2020-07-12T16:00:00Z,30,0,0,0,0,0,0,12.657667,12.63,12.68,0.026667,0.01,0.05,0,0,0,12.038667,12.02,12.05,0,0,0,33.18,33,33.4,4.037,4.03,4.04,13835,13864,0,0,0,0,0,0,0,0,0
2020-07-12T17:00:00Z,30,0,0,0,0,0,0,12.641667,12.63,12.66,0.024667,0.01,0.05,0,0,0,12.020333,12,12.03,0,0,0,32.806667,32.6,33,4.029333,4.02,4.03,13865,13894,0,0,0,0,0,0,0,0,0
2020-07-12T18:00:00Z,29,0,0,0,0,0,0,12.622069,12.6,12.63,0.025517,0.01,0.04,0,0,0,11.998621,11.99,12.02,0,0,0,32.537931,32.4,32.7,4.021379,4.02,4.03,13895,13923,0,0,0,0,0,0,0,0,0
2020-07-12T19:00:00Z,30,0,0,0,0,0,0,12.602,12.59,12.62,0.024667,0.02,0.04,0,0,0,11.98,11.96,11.99,0,0,0,32.316667,32.2,32.5,4.011333,4.01,4.02,13924,13953,0,0,0,0,0,0,0,0,0
2020-07-12T20:00:00Z,29,0,0,0,0,0,0,12.587586,12.57,12.6,0.026207,0.02,0.03,0,0,0,11.967241,11.96,11.98,0,0,0,32.106897,32.1,32.2,4.008966,4,4.01,13954,13982,0,0,0,0,0,0,0,0,0
2020-07-12T21:00:00Z,29,0,0,0,0,0,0,12.56931,12.56,12.58,0.027241,0.02,0.03,0,0,0,11.94931,11.93,11.96,0,0,0,32.062069,32,32.1,4.00069,4,4.01,13983,14012,0,0,0,0,0,0,0,0,0
2020-07-12T22:00:00Z,29,4.121034,0,12.86,1.554828,0,3.89,12.564483,12.54,12.65,0.04069,0.02,0.09,0.232069,0,1.17,11.942759,11.92,12.02,0,0,0,32.031034,32,32.2,3.99931,3.99,4,14013,14041,0,0,0,0,0,0,0,0,0
2020-07-12T23:00:00Z,30,12.928333,12.72,13.49,4.291,3.59,4.42,12.786667,12.63,12.84,0.157,0.09,0.27,2.029333,1.17,3.45,12.142333,12.01,12.21,0,0,0,32.373333,32.2,32.5,3.995667,3.99,4.01,14042,14071,0,0,0,0,0,0,0,0,0
2020-07-13T00:00:00Z,30,13.547333,12.92,14.19,4.518667,4.29,4.64,13.151333,12.83,13.5,0.611333,0.2,1.02,8.354,2.55,14.3,12.516,12.19,12.85,0,0,0,32.45,32.3,32.5,4.031667,4,4.07,14072,14101,0,0,0,0,0,0,0,0,0
2020-07-13T01:00:00Z,29,14.160345,13.46,15.09,8.248276,4.49,12.53,13.655517,13.27,14.03,1.308966,0.46,2.01,18.713103,6.38,29,13.017241,12.63,13.43,0,0,0,32.610345,32.5,32.8,4.113448,4.08,4.13,14102,14130,0,0,0,0,0,0,0,0,0
2020-07-13T02:00:00Z,30,15.303333,13.78,20.28,10.329,4.61,12.53,14.126667,13.57,14.81,1.347667,0.21,2.54,20.356667,4.34,43.23,13.466,12.93,14.08,0.496333,0,7.5,33.026667,32.5,33.3,4.128,4.12,4.13,14131,14160,0,0,0,0,0,0,0,0,0
2020-07-13T03:00:00Z,29,17.347931,13.87,21.42,9.234828,4.54,12.7,14.356897,13.67,14.89,0.910345,0.1,2.51,15.875172,2.05,48.81,13.728966,13.05,14.3,1.83931,0,10.62,33.431034,33.3,33.6,4.13069,4.12,4.14,14161,14189,0,0,0,0,0,0,0,0,0
2020-07-13T04:00:00Z,30,19.109667,15.63,20.81,10.844333,4.58,12.59,14.673333,14.48,15.14,0.508333,0.06,2.15,9.151333,1.16,43.94,14.000333,13.81,14.31,2.81,0,11.84,34.203333,33.7,34.5,4.13,4.12,4.14,14190,14219,0,0,0,0,0,0,0,0,0
2020-07-13T05:00:00Z,29,18.265172,14.84,21.66,8.05931,4.53,12.93,14.688621,14.3,15.09,0.647586,0.06,2.8,11.460345,1.3,54.74,14.054483,13.68,14.46,0,0,0,34.517241,34.3,34.6,4.131724,4.12,4.14,14220,14248,0,0,0,0,1,0,0,0,0
2020-07-13T06:00:00Z,29,16.299655,13.36,21.72,7.255172,4.42,12.91,14.235172,13.27,15.06,0.568276,-0.01,2.5,9.51931,-0.11,51.56,13.588621,12.63,14.51,7.036897,0,13.48,34.741379,34.6,34.9,4.128966,4.12,4.14,14249,14278,0,0,0,1,2,0,0,0,0
2020-07-13T07:00:00Z,30,14.130667,13.27,15.69,4.454333,4.34,4.55,13.722667,13.13,14.82,0.360667,0.19,0.6,5.182333,2.53,9.38,13.089667,12.51,14.14,7.438,0,13.19,34.766667,34.7,34.9,4.125,4.12,4.13,14279,14308,0,0,0,0,0,0,0,0,0
2020-07-13T08:00:00Z,29,13.477586,13.17,13.84,4.301724,4.06,4.41,13.101034,13.08,13.15,0.186207,0.14,0.27,2.496207,1.89,3.53,12.484483,12.45,12.54,0,0,0,34.7,34.6,34.8,4.106207,4.1,4.12,14309,14337,0,0,0,0,0,0,0,0,0
2020-07-13T09:00:00Z,30,13.517667,13.27,13.95,4.439,4.41,4.46,13.216667,13.14,13.27,0.304667,0.26,0.34,4.099333,3.45,4.6,12.589,12.51,12.63,0,0,0,34.613333,34.6,34.7,4.107333,4.1,4.11,14338,14367,0,0,0,0,0,0,0,0,0
2020-07-13T10:00:00Z,29,13.270345,12.89,13.81,4.032759,3.45,4.41,12.973793,12.8,13.12,0.136552,0.03,0.24,1.813103,0.37,3.25,12.34931,12.18,12.51,1.20069,0,10.65,34.6,34.6,34.6,4.103103,4.09,4.11,14368,14396,0,0,0,0,0,0,0,0,0
2020-07-13T11:00:00Z,30,1.311333,0,10.1,0.578333,0,3.19,12.792667,12.77,12.83,0.037333,0,0.08,0.049667,0,0.33,12.171333,12.14,12.2,0,0,0,33.75,33.4,34.6,4.085,4.08,4.09,14397,14426,0,0,0,0,0,0,0,0,0
2020-07-13T12:00:00Z,29,0,0,0,0,0,0,12.76069,12.73,12.79,0.025862,-0.01,0.06,0,0,0,12.130345,12.11,12.16,0,0,0,33.296552,33.2,33.4,4.072069,4.06,4.08,14427,14455,0,0,0,1,0,0,0,0,0
2020-07-13T13:00:00Z,30,0,0,0,0,0,0,12.725667,12.69,12.75,0.032333,0.01,0.06,0,0,0,12.101667,12.08,12.13,0,0,0,33.006667,32.8,33.2,4.057,4.05,4.06,14456,14485,0,0,0,0,0,0,0,0,0
2020-07-13T14:00:00Z,30,0,0,0,0,0,0,12.697333,12.68,12.72,0.029,0,0.05,0,0,0,12.073667,12.06,12.09,0,0,0,32.586667,32.4,32.8,4.045667,4.04,4.05,14486,14515,0,0,0,0,0,0,0,0,0
2020-07-13T15:00:00Z,29,0,0,0,0,0,0,12.678966,12.66,12.7,0.033103,0.01,0.05,0,0,0,12.053793,12.05,12.07,0,0,0,32.275862,32.1,32.4,4.038621,4.03,4.04,14516,14544,0,0,0,0,0,0,0,0,0
2020-07-13T16:00:00Z,30,0,0,0,0,0,0,12.656667,12.63,12.67,0.028333,0.01,0.05,0,0,0,12.032,12.02,12.05,0,0,0,32.1,32.1,32.1,4.03,4.03,4.03,14545,14574,0,0,0,0,0,0,0,0,0
2020-07-13T17:00:00Z,29,0,0,0,0,0,0,12.631379,12.62,12.65,0.023103,0.01,0.04,0,0,0,12.012759,11.99,12.02,0,0,0,32.013793,31.9,32.1,4.021724,4.02,4.03,14575,14603,0,0,0,0,0,0,0,0,0
2020-07-13T18:00:00Z,30,0,0,0,0,0,0,12.611333,12.6,12.63,0.024333,0.02,0.03,0,0,0,11.991667,11.98,12.01,0,0,0,31.863333,31.7,32,4.012333,4.01,4.02,14604,14633,0,0,0,0,0,0,0,0,0
2020-07-13T19:00:00Z,29,0,0,0,0,0,0,12.592069,12.57,12.61,0.027586,0.02,0.04,0,0,0,11.972414,11.96,11.98,0,0,0,31.682759,31.6,31.7,4.009655,4,4.01,14634,14662,0,0,0,0,0,0,0,0,0
2020-07-13T20:00:00Z,30,0,0,0,0,0,0,12.573667,12.56,12.59,0.029333,0.02,0.04,0,0,0,11.952,11.93,11.97,0,0,0,31.48,31.3,31.6,4.001667,4,4.01,14663,14692,0,0,0,0,0,0,0,0,0
2020-07-13T21:00:00Z,30,0,0,0,0,0,0,12.555333,12.54,12.57,0.027667,0.02,0.03,0,0,0,11.934,11.91,11.96,0,0,0,31.3,31.2,31.4,3.999667,3.99,4,14693,14722,0,0,0,0,0,0,0,0,0
2020-07-13T22:00:00Z,29,3.711034,0,12.96,1.443448,0,3.84,12.54931,12.54,12.58,0.035862,0.02,0.07,0.182759,0,0.87,11.928276,11.91,11.95,0,0,0,31.244828,31.1,31.7,3.992759,3.99,4,14723,14751,0,0,0,0,0,0,0,0,0
2020-07-13T23:00:00Z,30,13.074667,12.63,13.48,4.132667,3.42,4.44,12.74,12.55,12.85,0.145667,0.06,0.28,1.897667,0.8,3.66,12.103333,11.93,12.22,0,0,0,31.916667,31.7,32,3.993,3.99,4.01,14752,14781,0,0,0,0,0,0,0,0,0
2020-07-14T00:00:00Z,29,13.444828,13.02,14.06,4.498276,4.32,4.62,13.108276,12.86,13.43,0.526207,0.22,0.98,7.105517,2.87,13.42,12.477241,12.23,12.79,0.070345,0,2.04,31.910345,31.8,32,4.026207,4.01,4.06,14782,14810,0,0,0,0,0,0,0,0,0
2020-07-14T01:00:00Z,30,14.003667,13.47,14.66,8.385,4.5,12.2,13.582333,13.32,13.82,1.245333,0.55,1.6,17.485667,7.41,22.64,12.944333,12.68,13.2,0.739333,0,9.92,31.993333,31.9,32.1,4.104333,4.05,4.13,14811,14840,0,0,0,0,0,0,0,0,0
2020-07-14T02:00:00Z,30,15.504,14.21,20.69,12.159333,12.05,12.29,14.381333,13.88,14.78,1.842667,1.54,2.15,28.669667,23.19,41.46,13.722333,13.21,14.08,0,0,0,32.223333,32.1,32.5,4.128,4.12,4.13,14841,14870,0,0,0,0,0,0,0,0,0
2020-07-14T03:00:00Z,29,19.182414,15.72,20.78,12.086897,11.95,12.3,14.640345,14.37,15,0.999655,0.05,2.29,17.97,1.07,44.5,14.012759,13.75,14.33,0.515172,0,6.1,32.937931,32.5,33.3,4.13,4.13,4.13,14871,14899,0,0,0,0,0,0,0,0,0
2020-07-14T04:00:00Z,30,19.123,15.81,20.78,11.454667,4.58,12.23,14.712,14.44,15.12,0.795333,0.06,2.6,14.171667,1.18,48.53,14.050333,13.82,14.5,0.419667,0,8.76,33.363333,33.2,33.5,4.129333,4.12,4.13,14900,14929,0,0,0,0,0,0,0,0,0
2020-07-14T05:00:00Z,29,19.394828,15.73,21.04,10.511379,4.62,12.49,14.714483,14.48,15.3,0.583103,0.06,2.9,10.403793,1.15,48.08,14.067586,13.8,14.66,0,0,0,33.762069,33.5,34.1,4.127931,4.12,4.13,14930,14958,0,0,0,0,0,0,0,0,0
2020-07-14T06:00:00Z,30,18.332,15.61,21.26,8.529333,4.56,12.58,14.753667,14.49,15.09,0.661667,0.06,2.5,11.814333,1.17,50.98,14.111667,13.81,14.64,0,0,0,34.33,33.9,34.6,4.127333,4.12,4.14,14959,14988,0,0,0,0,1,0,0,0,0
2020-07-14T07:00:00Z,28,18.266071,15.58,20.94,8.2,4.54,12.27,14.719643,14.47,14.93,0.516429,0.06,1.5,9.007143,1.15,25.63,14.070357,13.87,14.27,0,0,0,34.692857,34.5,35,4.129286,4.12,4.14,14989,15017,0,0,0,0,0,0,0,0,0
2020-07-14T08:00:00Z,30,18.262333,15.54,20.54,9.289667,4.53,11.88,14.692333,14.5,15,0.549,0.06,1.75,9.6,1.27,32.41,14.041,13.83,14.31,0,0,0,35.266667,35,35.4,4.128667,4.12,4.14,15018,15047,0,0,0,0,0,0,0,0,0
2020-07-14T09:00:00Z,29,14.625172,13.3,19.84,4.492414,4.41,4.58,14.016552,13.2,14.81,0.409655,0.22,0.6,6.067241,2.93,11.83,13.378621,12.58,14.16,0,0,0,35.441379,35.3,35.5,4.125862,4.12,4.13,15048,15076,0,0,0,0,0,0,0,0,0
2020-07-14T10:00:00Z,30,13.332667,12.94,13.87,3.997,3.43,4.4,13.022333,12.87,13.19,0.117667,0.03,0.21,1.562333,0.46,2.97,12.396667,12.22,12.57,0,0,0,35.67,35.5,35.8,4.113,4.1,4.12,15077,15106,0,0,0,0,0,0,0,0,0
2020-07-14T11:00:00Z,29,1.988621,0,13.21,0.799655,0,3.81,12.822759,12.79,12.86,0.034138,-0.03,0.1,0.101034,0,0.99,12.204828,12.16,12.24,7.03069,0,11.73,35.282759,34.9,35.8,4.095517,4.09,4.1,15107,15135,0,0,0,1,0,0,0,0,0
2020-07-14T12:00:00Z,30,0,0,0,0,0,0,12.784,12.75,12.82,0.027333,-0.03,0.09,0,0,0,12.163333,12.14,12.19,9.669,6.9,11.47,34.953333,34.9,35,4.080667,4.07,4.09,15136,15165,0,0,0,7,0,0,0,0,0
2020-07-14T13:00:00Z,30,0,0,0,0,0,0,12.747667,12.72,12.77,0.039333,-0.03,0.14,0,0,0,12.128333,12.11,12.16,8.133333,0,11.6,34.816667,34.7,34.9,4.065667,4.06,4.07,15166,15195,0,0,0,2,0,0,0,0,0
2020-07-14T14:00:00Z,29,0,0,0,0,0,0,12.724138,12.7,12.75,0.034483,-0.02,0.09,0,0,0,12.09931,12.08,12.12,6.239655,0,12.96,34.513793,34.2,34.7,4.052759,4.05,4.06,15196,15224,0,0,0,1,0,0,0,0,0
2020-07-14T15:00:00Z,26,0,0,0,0,0,0,12.697692,12.67,12.72,0.029231,-0.01,0.08,0,0,0,12.076923,12.06,12.09,4.274615,0,11.99,34.196154,34.1,34.2,4.043846,4.04,4.05,15225,15253,0,0,0,1,0,0,0,0,0
2020-07-14T16:00:00Z,30,0,0,0,0,0,0,12.673,12.66,12.69,0.026,0.01,0.04,0,0,0,12.054,12.04,12.07,0.524,0,8.64,33.943333,33.8,34.1,4.033333,4.03,4.04,15254,15283,0,0,0,0,0,0,0,0,0
2020-07-14T17:00:00Z,26,0,0,0,0,0,0,12.656538,12.64,12.67,0.026154,0.02,0.04,0,0,0,12.035385,12.02,12.05,2.691154,0,11.84,33.45,33.3,33.7,4.022692,4.02,4.03,15284,15312,0,0,0,0,0,0,0,0,0
2020-07-14T18:00:00Z,30,0,0,0,0,0,0,12.636333,12.63,12.65,0.025,0.01,0.03,0,0,0,12.016667,11.99,12.03,0,0,0,33.226667,33,33.4,4.016333,4.01,4.02,15313,15342,0,0,0,0,0,0,0,0,0
2020-07-14T19:00:00Z,25,0,0,0,0,0,0,12.6228,12.61,12.63,0.0284,0.02,0.04,0,0,0,11.9996,11.99,12.01,0,0,0,32.764,32.5,33,4.01,4.01,4.01,15343,15371,0,0,0,0,0,0,0,0,0
2020-07-14T20:00:00Z,30,0,0,0,0,0,0,12.603333,12.59,12.62,0.027333,0.02,0.03,0,0,0,11.985,11.96,12,0,0,0,32.353333,32.2,32.5,4.004,4,4.01,15372,15401,0,0,0,0,0,0,0,0,0
2020-07-14T21:00:00Z,29,0,0,0,0,0,0,12.587241,12.57,12.6,0.028621,0.02,0.04,0,0,0,11.965517,11.95,11.99,0,0,0,32.093103,32,32.2,4,4,4,15402,15430,0,0,0,0,0,0,0,0,0
2020-07-14T22:00:00Z,30,2.086667,0,12.63,0.774,0,3.82,12.57,12.55,12.58,0.032,0.02,0.06,0.086667,0,0.66,11.952333,11.93,11.96,0,0,0,31.993333,31.9,32.1,3.993333,3.99,4,15431,15460,0,0,0,0,0,0,0,0,0
2020-07-14T23:00:00Z,30,13.038667,12.62,13.58,4.017,3.42,4.32,12.742667,12.56,12.92,0.164,0.05,0.31,2.145,0.58,4.06,12.111333,11.93,12.29,0,0,0,32.26,32.1,32.4,3.99,3.99,3.99,15461,15490,0,0,0,0,0,0,0,0,0
2020-07-15T00:00:00Z,29,13.724483,13.08,14.5,4.478276,4.33,4.64,13.306552,12.93,13.72,0.762069,0.32,1.43,10.556897,4.34,20.09,12.674483,12.31,13.08,0,0,0,32.237931,32.2,32.3,4.012759,3.99,4.06,15491,15519,0,0,0,0,0,0,0,0,0
2020-07-15T01:00:00Z,30,13.999,13.62,14.7,6.246333,4.56,11.57,13.598333,13.43,13.87,1.078333,0.91,1.57,15.138333,12.52,23.06,12.960333,12.78,13.23,0,0,0,32.35,32.3,32.5,4.1,4.06,4.13,15520,15549,0,0,0,0,0,0,0,0,0
2020-07-15T02:00:00Z,29,14.62069,13.69,19.72,11.822069,11.54,12.26,13.954828,13.48,14.82,1.398276,0.95,2.6,20.900345,13,51.24,13.328621,12.87,14.19,0,0,0,32.52069,32.4,32.8,4.126207,4.12,4.13,15550,15578,0,0,0,0,1,0,0,0,0
2020-07-15T03:00:00Z,30,17.994,15.64,20.69,11.929,11.43,12.27,14.642333,14.39,15.01,1.05,0.09,3.13,17.844333,1.72,62.03,13.970333,13.69,14.36,0,0,0,33.19,32.9,33.3,4.13,4.13,4.13,15579,15608,0,0,0,1,1,0,0,0,0
2020-07-15T04:00:00Z,29,19.584483,15.9,20.77,12.088621,11.86,12.48,14.648276,14.48,15.11,0.654138,0.07,2.37,11.781724,1.41,46.98,13.99069,13.82,14.37,0,0,0,33.413793,33.3,33.6,4.13,4.13,4.13,15609,15637,0,0,0,0,0,0,0,0,0
2020-07-15T05:00:00Z,30,19.169667,15.9,20.74,11.914667,11.37,12.23,14.686333,14.47,15.23,0.609667,0.06,2.92,10.356333,1.16,47.9,14.004333,13.83,14.54,0,0,0,33.85,33.6,34.1,4.13,4.13,4.13,15638,15667,0,0,0,0,0,0,0,0,0
2020-07-15T06:00:00Z,30,19.579333,15.84,20.84,11.842667,11.26,12.24,14.613667,14.47,15.21,0.460667,0.05,3.12,8.261333,1.07,62.95,13.956333,13.81,14.48,1.443333,0,11.19,34.396667,34.2,34.6,4.13,4.13,4.13,15668,15697,0,0,0,1,1,0,0,0,0
2020-07-15T07:00:00Z,29,20.043103,15.71,20.96,11.741034,11.49,12.15,14.575862,14.51,14.78,0.356207,0.06,1.38,6.852069,1.31,26.27,13.922069,13.84,14.18,1.609655,0,8.41,34.668966,34.6,34.8,4.13,4.13,4.13,15698,15726,0,0,0,0,0,0,0,0,0
2020-07-15T08:00:00Z,30,18.352333,15.58,20.65,5.728667,4.54,11.57,14.749333,14.54,14.85,0.438,0.07,0.86,7.684333,1.42,17.6,14.078,13.86,14.18,0,0,0,34.893333,34.8,35,4.126333,4.12,4.13,15727,15756,0,0,0,0,0,0,0,0,0
2020-07-15T09:00:00Z,29,15.671379,14.15,20.48,4.531724,4.47,4.61,14.623448,13.66,14.82,0.496552,0.14,0.68,7.728276,2.83,10.68,13.967931,13.04,14.16,0.16,0,4.64,35.068966,35,35.2,4.13,4.13,4.13,15757,15785,0,0,0,0,0,0,0,0,0
2020-07-15T10:00:00Z,30,13.870667,12.96,16.7,4.153,3.42,4.54,13.504,12.89,14.82,0.248333,0.05,0.58,3.579,0.67,9.67,12.876,12.27,14.16,0,0,0,35.203333,35.1,35.3,4.122,4.11,4.13,15786,15815,0,0,0,0,0,0,0,0,0
2020-07-15T11:00:00Z,29,2.754138,0,13.45,0.977241,0,3.81,12.842414,12.81,12.88,0.040345,-0.01,0.09,0.15931,0,1.14,12.227931,12.19,12.27,0,0,0,34.786207,34.5,35.3,4.102759,4.09,4.11,15816,15844,0,0,0,1,0,0,0,0,0
2020-07-15T13:00:00Z,4,0,0,0,0,0,0,12.7725,12.76,12.78,0.03,0.02,0.04,0,0,0,12.1475,12.14,12.16,0,0,0,34.2,34.2,34.2,4.035,4.03,4.04,15887,15897,0,0,0,0,0,0,0,0,0
2020-07-15T14:00:00Z,2,0,0,0,0,0,0,12.745,12.74,12.75,0.025,0.02,0.03,0,0,0,12.115,12.11,12.12,0,0,0,33.95,33.9,34,4.02,4.02,4.02,15915,15919,0,0,0,0,0,0,0,0,0
2020-07-15T15:00:00Z,1,0,0,0,0,0,0,12.73,12.73,12.73,0.03,0.03,0.03,0,0,0,12.11,12.11,12.11,0,0,0,33.8,33.8,33.8,4.01,4.01,4.01,15935,15935,0,0,0,0,0,0,0,0,0
2020-07-15T16:00:00Z,4,0,0,0,4.875,0,19.5,12.695,12.69,12.7,0.03,0.03,0.03,0,0,0,9.055,0,12.08,0,0,0,33.433333,33.4,33.5,4.7025,3.99,6.84,1,15976,0,1,0,0,0,0,0,0,1
2020-07-15T17:00:00Z,2,0,0,0,19.5,19.5,19.5,12.695,12.69,12.7,0.03,0.03,0.03,0,0,0,0,0,0,0,0,0,,,,6.84,6.84,6.84,2,17,0,2,0,0,0,0,0,0,2
2020-07-15T18:00:00Z,1,0,0,0,19.5,19.5,19.5,12.67,12.67,12.67,0.03,0.03,0.03,0,0,0,0,0,0,0,0,0,,,,6.84,6.84,6.84,48,48,0,1,0,0,0,0,0,0,1
2020-07-15T19:00:00Z,1,0,0,0,19.5,19.5,19.5,12.66,12.66,12.66,0.03,0.03,0.03,0,0,0,0,0,0,0,0,0,,,,6.84,6.84,6.84,55,55,0,1,0,0,0,0,0,0,1
2020-07-15T20:00:00Z,1,0,0,0,19.5,19.5,19.5,12.63,12.63,12.63,0.02,0.02,0.02,0,0,0,0,0,0,0,0,0,,,,6.84,6.84,6.84,100,100,0,1,0,0,0,0,0,0,1
2020-07-15T22:00:00Z,3,2.623333,0,7.87,19.5,19.5,19.5,12.6,12.58,12.61,0.036667,0.03,0.05,0.12,0,0.36,0,0,0,0,0,0,,,,6.84,6.84,6.84,136,160,0,3,0,0,0,0,0,0,3
2020-07-16T00:00:00Z,1,13.93,13.93,13.93,19.5,19.5,19.5,13.36,13.36,13.36,0.49,0.49,0.49,6.77,6.77,6.77,0,0,0,0,0,0,,,,6.84,6.84,6.84,195,195,0,1,0,0,0,0,0,0,1
2020-07-16T01:00:00Z,29,13.837586,13.33,14.84,19.5,19.5,19.5,13.458621,13.27,13.97,0.756207,0.25,2.04,10.614138,3.39,29.36,0,0,0,0,0,0,,,,6.84,6.84,6.84,215,243,0,29,0,0,0,0,0,0,29
2020-07-16T02:00:00Z,30,13.602667,13.32,13.96,19.5,19.5,19.5,13.258333,13.23,13.29,0.32,0.25,0.38,4.348333,3.3,5.02,0,0,0,0,0,0,,,,6.84,6.84,6.84,244,273,0,30,0,0,0,0,0,0,30
2020-07-16T03:00:00Z,30,13.897667,13.34,14.62,19.5,19.5,19.5,13.482,13.24,13.85,0.729333,0.36,1.3,10.172667,4.86,18.3,0,0,0,0,0,0,,,,6.84,6.84,6.84,274,303,0,30,0,0,0,0,0,0,30
2020-07-16T04:00:00Z,29,16.257586,14.08,20.89,19.5,19.5,19.5,14.541724,13.83,15.04,1.665172,0.08,2.69,26.412414,1.69,43.62,0,0,0,0,0,0,,,,6.84,6.84,6.84,304,332,0,29,0,0,0,0,0,0,29
2020-07-16T05:00:00Z,29,19.041034,15.73,20.97,19.5,19.5,19.5,14.645172,14.4,14.98,0.863448,0.06,2.55,15.353448,1.17,52.91,0,0,0,0,0,0,,,,6.84,6.84,6.84,333,362,0,29,0,0,1,0,0,0,29
2020-07-16T06:00:00Z,28,20.184286,16,21.02,19.5,19.5,19.5,14.610357,14.47,15.03,0.527857,0.06,2.3,10.100357,1.19,48.42,0,0,0,0,0,0,,,,6.84,6.84,6.84,363,391,0,28,0,0,0,0,0,0,28
2020-07-16T07:00:00Z,29,19.69931,15.92,20.92,19.5,19.5,19.5,14.662759,14.48,15.12,0.496552,0.06,1.99,8.798966,1.19,31.9,0,0,0,0,0,0,,,,6.84,6.84,6.84,393,421,0,29,0,0,0,0,0,0,29
2020-07-16T08:00:00Z,28,19.55,15.94,20.95,19.5,19.5,19.5,14.681429,14.51,14.93,0.678214,0.07,1.91,12.576071,1.43,39.2,0,0,0,0,0,0,,,,6.84,6.84,6.84,422,450,0,28,0,0,0,0,0,0,28
2020-07-16T09:00:00Z,30,18.896667,14.44,20.95,19.5,19.5,19.5,14.638667,13.93,14.88,0.508333,0.07,1.24,9.325,1.44,23.23,0,0,0,0,0,0,,,,6.84,6.84,6.84,451,480,0,30,0,0,0,0,0,0,30
2020-07-16T10:00:00Z,30,13.175667,12.21,13.9,19.5,19.5,19.5,12.99,12.85,13.43,0.089333,-0.02,0.24,1.175333,-0.22,3.21,0,0,0,0,0,0,,,,6.84,6.84,6.84,481,510,0,30,0,1,1,0,0,0,30
2020-07-16T11:00:00Z,29,1.574138,0,10.27,19.5,19.5,19.5,12.838276,12.81,12.88,0.041724,0.01,0.08,0.080345,0,0.47,0,0,0,0,0,0,,,,6.84,6.84,6.84,511,539,0,29,0,0,0,0,0,0,29
2020-07-16T12:00:00Z,30,0,0,0,19.5,19.5,19.5,12.785667,12.75,12.81,0.031,-0.01,0.06,0,0,0,0,0,0,0,0,0,,,,6.84,6.84,6.84,540,569,0,30,0,2,0,0,0,0,30
2020-07-16T13:00:00Z,29,0,0,0,19.5,19.5,19.5,12.762414,12.73,12.79,0.026897,0,0.06,0,0,0,0,0,0,0,0,0,,,,6.84,6.84,6.84,570,598,0,29,0,0,0,0,0,0,29
2020-07-16T14:00:00Z,30,0,0,0,19.5,19.5,19.5,12.732667,12.7,12.75,0.026,0.01,0.06,0,0,0,0,0,0,0,0,0,,,,6.84,6.84,6.84,599,628,0,30,0,0,0,0,0,0,30
2020-07-16T15:00:00Z,29,0,0,0,19.5,19.5,19.5,12.7,12.69,12.72,0.027241,0.01,0.05,0,0,0,0,0,0,0,0,0,,,,6.84,6.84,6.84,629,657,0,29,0,0,0,0,0,0,29
2020-07-16T16:00:00Z,30,0,0,0,19.5,19.5,19.5,12.676,12.66,12.69,0.027333,0.02,0.05,0,0,0,0,0,0,0,0,0,,,,6.84,6.84,6.84,658,687,0,30,0,0,0,0,0,0,30
2020-07-16T17:00:00Z,30,0,0,0,19.5,19.5,19.5,12.657667,12.64,12.68,0.026333,0.01,0.04,0,0,0,0,0,0,0,0,0,,,,6.84,6.84,6.84,688,717,0,30,0,0,0,0,0,0,30
2020-07-16T18:00:00Z,29,0,0,0,19.5,19.5,19.5,12.637241,12.63,12.65,0.026207,0.02,0.04,0,0,0,0,0,0,0,0,0,,,,6.84,6.84,6.84,718,746,0,29,0,0,0,0,0,0,29
2020-07-16T19:00:00Z,30,0,0,0,19.5,19.5,19.5,12.623333,12.61,12.63,0.025667,0.02,0.03,0,0,0,0,0,0,0,0,0,,,,6.84,6.84,6.84,747,776,0,30,0,0,0,0,0,0,30
2020-07-16T20:00:00Z,29,0,0,0,19.5,19.5,19.5,12.603793,12.59,12.62,0.027586,0.02,0.04,0,0,0,0,0,0,0,0,0,,,,6.84,6.84,6.84,777,805,0,29,0,0,0,0,0,0,29
2020-07-16T21:00:00Z,30,0,0,0,19.5,19.5,19.5,12.587,12.57,12.6,0.028,0.02,0.03,0,0,0,0,0,0,0,0,0,,,,6.84,6.84,6.84,806,835,0,30,0,0,0,0,0,0,30
2020-07-16T22:00:00Z,29,3.036207,0,12.66,19.5,19.5,19.5,12.574483,12.57,12.59,0.034138,0.02,0.06,0.138966,0,0.72,0,0,0,0,0,0,,,,6.84,6.84,6.84,836,864,0,29,0,0,0,0,0,0,29
2020-07-16T23:00:00Z,30,13.076,12.66,13.51,19.5,19.5,19.5,12.803667,12.58,12.89,0.157333,0.05,0.28,2.055,0.58,3.67,0,0,0,0,0,0,,,,6.84,6.84,6.84,865,894,0,30,0,0,0,0,0,0,30
2020-07-17T00:00:00Z,30,13.467333,13.01,14.42,19.5,19.5,19.5,13.083667,12.9,13.53,0.455667,0.19,1.1,6.189,2.42,15.93,0,0,0,0,0,0,,,,6.84,6.84,6.84,895,924,0,30,0,0,0,0,0,0,30
2020-07-17T01:00:00Z,29,13.846207,13.11,14.92,19.5,19.5,19.5,13.384828,13.02,13.93,0.841034,0.23,1.93,11.941379,3.03,27.47,0,0,0,0,0,0,,,,6.84,6.84,6.84,925,953,0,29,0,0,0,0,0,0,29
2020-07-17T02:00:00Z,29,14.062414,13.18,15.15,19.5,19.5,19.5,13.53931,13.07,14.61,1.016552,0.21,2.69,14.726897,2.82,40.65,0,0,0,0,0,0,,,,6.84,6.84,6.84,954,983,0,29,0,0,0,0,0,0,29
2020-07-17T03:00:00Z,29,15.573448,13.72,21,19.5,19.5,19.5,14.044483,13.54,14.86,1.307586,0.08,2.84,20.776207,1.57,56.39,0,0,0,0,0,0,,,,6.84,6.84,6.84,984,1012,0,29,0,0,2,0,0,0,29
2020-07-17T04:00:00Z,30,18.775,14.24,20.63,19.5,19.5,19.5,14.547,14.05,14.94,0.925333,0.06,2.67,17.053333,1.29,54.53,0,0,0,0,0,0,,,,6.84,6.84,6.84,1013,1042,0,30,0,0,4,0,0,0,30
2020-07-17T05:00:00Z,30,19.004333,15.62,20.85,19.5,19.5,19.5,14.669667,14.42,15.03,0.487,0.05,2.68,8.513667,1.06,43.63,0,0,0,0,0,0,,,,6.84,6.84,6.84,1043,1072,0,30,0,0,0,0,0,0,30
2020-07-17T06:00:00Z,27,19.074074,14.33,20.8,19.5,19.5,19.5,14.642963,14.18,15.15,0.562593,0.05,2.43,9.945185,1.06,39.39,0,0,0,0,0,0,,,,6.84,6.84,6.84,1073,1101,0,27,0,0,0,0,0,0,27
2020-07-17T07:00:00Z,30,19.869333,16.08,20.7,19.5,19.5,19.5,14.652333,14.49,15.12,0.525333,0.05,2.2,9.713667,1.07,44.88,0,0,0,0,0,0,,,,6.84,6.84,6.84,1102,1131,0,30,0,0,0,0,0,0,30
2020-07-17T08:00:00Z,29,18.958966,15.61,20.74,19.5,19.5,19.5,14.675517,14.47,14.93,0.618276,0.06,1.99,10.680345,1.18,31.76,0,0,0,0,0,0,,,,6.84,6.84,6.84,1132,1160,0,29,0,0,0,0,0,0,29
2020-07-17T09:00:00Z,30,14.321667,13.23,20.54,19.5,19.5,19.5,13.709,13.12,14.83,0.316333,0.1,0.67,4.635333,2.11,13.66,0,0,0,0,0,0,,,,6.84,6.84,6.84,1161,1190,0,30,0,0,0,0,0,0,30
2020-07-17T10:00:00Z,29,13.252414,12.93,13.8,19.5,19.5,19.5,13.018621,12.87,13.13,0.131724,0.02,0.19,1.750345,0.31,2.53,0,0,0,0,0,0,,,,6.84,6.84,6.84,1191,1219,0,29,0,0,0,0,0,0,29
2020-07-17T11:00:00Z,29,2.043448,0,12.91,19.5,19.5,19.5,12.833793,12.81,12.87,0.031379,0,0.07,0.094138,0,0.65,0,0,0,0,0,0,,,,6.84,6.84,6.84,1220,1249,0,29,0,0,0,0,0,0,29
2020-07-17T12:00:00Z,29,0,0,0,19.5,19.5,19.5,12.796207,12.76,12.82,0.022069,-0.01,0.06,0,0,0,0,0,0,0,0,0,,,,6.84,6.84,6.84,1250,1278,0,29,0,3,0,0,0,0,29
2020-07-17T13:00:00Z,30,0,0,0,19.5,19.5,19.5,12.765,12.74,12.8,0.033,0,0.06,0,0,0,0,0,0,0,0,0,,,,6.84,6.84,6.84,1279,1308,0,30,0,0,0,0,0,0,30
2020-07-17T14:00:00Z,29,0,0,0,19.5,19.5,19.5,12.735172,12.72,12.76,0.025517,-0.01,0.06,0,0,0,0,0,0,0,0,0,,,,6.84,6.84,6.84,1309,1337,0,29,0,1,0,0,0,0,29
2020-07-17T15:00:00Z,30,0,0,0,19.5,19.5,19.5,12.711333,12.69,12.73,0.029333,0.01,0.05,0,0,0,0,0,0,0,0,0,,,,6.84,6.84,6.84,1338,1367,0,30,0,0,0,0,0,0,30
2020-07-17T16:00:00Z,30,0,0,0,19.5,19.5,19.5,12.690667,12.68,12.71,0.028667,0.01,0.05,0,0,0,0,0,0,0,0,0,,,,6.84,6.84,6.84,1368,1397,0,30,0,0,0,0,0,0,30
2020-07-17T17:00:00Z,28,0,0,0,19.5,19.5,19.5,12.673571,12.65,12.69,0.028214,0.01,0.04,0,0,0,0,0,0,0,0,0,,,,6.84,6.84,6.84,1398,1426,0,28,0,0,0,0,0,0,28
2020-07-17T18:00:00Z,30,0,0,0,19.5,19.5,19.5,12.654667,12.64,12.67,0.024667,0.02,0.04,0,0,0,0,0,0,0,0,0,,,,6.84,6.84,6.84,1427,1456,0,30,0,0,0,0,0,0,30
2020-07-17T19:00:00Z,29,0,0,0,19.5,19.5,19.5,12.634483,12.63,12.65,0.023793,0.02,0.04,0,0,0,0,0,0,0,0,0,,,,6.84,6.84,6.84,1457,1485,0,29,0,0,0,0,0,0,29
2020-07-17T20:00:00Z,30,0,0,0,19.5,19.5,19.5,12.618667,12.6,12.63,0.027333,0.02,0.03,0,0,0,0,0,0,0,0,0,,,,6.84,6.84,6.84,1486,1515,0,30,0,0,0,0,0,0,30
2020-07-17T21:00:00Z,29,0,0,0,19.5,19.5,19.5,12.598966,12.59,12.61,0.027241,0.02,0.03,0,0,0,0,0,0,0,0,0,,,,6.84,6.84,6.84,1516,1544,0,29,0,0,0,0,0,0,29
2020-07-17T22:00:00Z,30,3.646,0,13.21,19.5,19.5,19.5,12.589333,12.58,12.61,0.040333,0.02,0.08,0.221667,0,1.07,0,0,0,0,0,0,,,,6.84,6.84,6.84,1545,1574,0,30,0,0,0,0,0,0,30
2020-07-17T23:00:00Z,30,12.999667,12.68,13.54,19.5,19.5,19.5,12.784667,12.6,12.85,0.138333,0.05,0.25,1.797333,0.58,3.24,0,0,0,0,0,0,,,,6.84,6.84,6.84,1575,1604,0,30,0,0,0,0,0,0,30
2020-07-18T00:00:00Z,28,13.543571,12.97,14.4,19.5,19.5,19.5,13.175,12.87,13.53,0.611786,0.26,1.08,8.347857,3.37,15.25,0,0,0,0,0,0,,,,6.84,6.84,6.84,1605,1633,0,28,0,0,0,0,0,0,28
2020-07-18T01:00:00Z,30,14.071,13.45,14.9,19.5,19.5,19.5,13.604,13.28,14.05,1.239667,0.44,2.08,17.576333,6.17,30.02,0,0,0,0,0,0,,,,6.84,6.84,6.84,1634,1663,0,30,0,0,0,0,0,0,30
2020-07-18T02:00:00Z,29,14.194483,13.48,19.39,19.5,19.5,19.5,13.644828,13.33,14.65,0.984483,0.43,2.5,14.623448,6,48.48,0,0,0,0,0,0,,,,6.84,6.84,6.84,1664,1692,0,29,0,0,0,0,0,0,29
2020-07-18T03:00:00Z,30,17.546,13.86,21.44,19.5,19.5,19.5,14.367,13.7,14.81,1.323667,0.06,2.6,23.055333,1.3,52.36,0,0,0,0,0,0,,,,6.84,6.84,6.84,1693,1722,0,30,0,0,2,0,0,0,30
2020-07-18T04:00:00Z,29,18.378966,14.12,20.92,19.5,19.5,19.5,14.555172,13.94,15.04,0.895172,0.07,2.68,16.15931,1.4,55.14,0,0,0,0,0,0,,,,6.84,6.84,6.84,1723,1751,0,29,0,0,2,0,0,0,29
2020-07-18T05:00:00Z,30,19.475,16.26,20.45,19.5,19.5,19.5,14.66,14.46,15.1,0.641667,0.06,2.64,11.536667,1.15,43.12,0,0,0,0,0,0,,,,6.84,6.84,6.84,1752,1781,0,30,0,0,0,0,0,0,30
2020-07-18T06:00:00Z,30,19.266667,15.57,21.2,19.5,19.5,19.5,14.655333,14.48,14.95,0.624333,0.03,2.56,11.521667,0.69,51.71,0,0,0,0,0,0,,,,6.84,6.84,6.84,1782,1811,0,30,0,0,1,0,0,0,30
2020-07-18T07:00:00Z,28,19.233929,15.62,21.15,19.5,19.5,19.5,14.634643,14.45,14.83,0.367857,0.03,1.31,6.76,0.58,26.09,0,0,0,0,0,0,,,,6.84,6.84,6.84,1812,1840,0,28,0,0,0,0,0,0,28
2020-07-18T08:00:00Z,30,18.178667,13.69,21.17,19.5,19.5,19.5,14.465,13.3,14.84,0.500667,0.07,1.59,8.980667,1.44,33.38,0,0,0,0,0,0,,,,6.84,6.84,6.84,1841,1870,0,30,0,0,0,0,0,0,30
2020-07-18T09:00:00Z,29,13.836897,13,15.87,19.5,19.5,19.5,13.515517,12.91,14.82,0.322414,0.06,0.72,4.59931,0.77,10.24,0,0,0,0,0,0,,,,6.84,6.84,6.84,1871,1899,0,29,0,0,0,0,0,0,29
2020-07-18T10:00:00Z,30,13.904,12.94,16.02,19.5,19.5,19.5,13.479333,12.86,14.83,0.252,0.03,0.66,3.673,0.44,10.32,0,0,0,0,0,0,,,,6.84,6.84,6.84,1900,1929,0,30,0,0,0,0,0,0,30
2020-07-18T11:00:00Z,29,2.807241,0,13.43,19.5,19.5,19.5,12.838276,12.8,12.87,0.032069,0.01,0.06,0.094828,0,0.52,0,0,0,0,0,0,,,,6.84,6.84,6.84,1930,1958,0,29,0,0,0,0,0,0,29
2020-07-18T12:00:00Z,30,0,0,0,19.5,19.5,19.5,12.798667,12.77,12.83,0.026333,-0.01,0.06,0,0,0,0,0,0,0,0,0,,,,6.84,6.84,6.84,1959,1988,0,30,0,1,0,0,0,0,30
2020-07-18T13:00:00Z,29,0,0,0,19.5,19.5,19.5,12.766897,12.73,12.8,0.024828,-0.01,0.06,0,0,0,0,0,0,0,0,0,,,,6.84,6.84,6.84,1989,2017,0,29,0,4,0,0,0,0,29
2020-07-18T14:00:00Z,30,0,0,0,19.5,19.5,19.5,12.737667,12.72,12.76,0.029333,0,0.06,0,0,0,0,0,0,0,0,0,,,,6.84,6.84,6.84,2018,2047,0,30,0,0,0,0,0,0,30
2020-07-18T15:00:00Z,30,0,0,0,19.5,19.5,19.5,12.716333,12.69,12.74,0.034,0,0.05,0,0,0,0,0,0,0,0,0,,,,6.84,6.84,6.84,2048,2077,0,30,0,0,0,0,0,0,30
2020-07-18T16:00:00Z,29,0,0,0,19.5,19.5,19.5,12.697586,12.68,12.72,0.028621,0.01,0.05,0,0,0,0,0,0,0,0,0,,,,6.84,6.84,6.84,2078,2106,0,29,0,0,0,0,0,0,29
2020-07-18T17:00:00Z,30,0,0,0,19.5,19.5,19.5,12.679,12.66,12.69,0.029667,0.01,0.05,0,0,0,0,0,0,0,0,0,,,,6.84,6.84,6.84,2107,2136,0,30,0,0,0,0,0,0,30
2020-07-18T18:00:00Z,29,0,0,0,19.5,19.5,19.5,12.660345,12.64,12.67,0.026552,0.01,0.04,0,0,0,0,0,0,0,0,0,,,,6.84,6.84,6.84,2137,2165,0,29,0,0,0,0,0,0,29
2020-07-18T19:00:00Z,30,0,0,0,19.5,19.5,19.5,12.649667,12.63,12.66,0.024667,0.02,0.03,0,0,0,0,0,0,0,0,0,,,,6.84,6.84,6.84,2166,2195,0,30,0,0,0,0,0,0,30
2020-07-18T20:00:00Z,29,0,0,0,19.5,19.5,19.5,12.631034,12.61,12.64,0.025862,0.02,0.03,0,0,0,0,0,0,0,0,0,,,,6.84,6.84,6.84,2196,2224,0,29,0,0,0,0,0,0,29
2020-07-18T21:00:00Z,29,0,0,0,19.5,19.5,19.5,12.616552,12.6,12.63,0.028276,0.02,0.03,0,0,0,0,0,0,0,0,0,,,,6.84,6.84,6.84,2225,2254,0,29,0,0,0,0,0,0,29
2020-07-18T22:00:00Z,30,3.540667,0,12.72,19.5,19.5,19.5,12.602333,12.59,12.63,0.036667,0.02,0.08,0.188667,0,1.03,0,0,0,0,0,0,,,,6.84,6.84,6.84,2255,2284,0,30,0,0,0,0,0,0,30
2020-07-18T23:00:00Z,29,13.191034,12.78,13.64,19.5,19.5,19.5,12.854828,12.69,12.93,0.187586,0.08,0.3,2.471034,1.03,4.11,0,0,0,0,0,0,,,,6.84,6.84,6.84,2285,2313,0,29,0,0,0,0,0,0,29
2020-07-19T00:00:00Z,30,13.517667,13.06,14.12,19.5,19.5,19.5,13.176333,12.93,13.46,0.557667,0.31,0.93,7.560333,4.17,12.75,0,0,0,0,0,0,,,,6.84,6.84,6.84,2314,2343,0,30,0,0,0,0,0,0,30
2020-07-19T01:00:00Z,29,14.037586,13.43,14.86,19.5,19.5,19.5,13.595172,13.3,13.84,1.202414,0.5,1.74,16.946897,6.67,25.45,0,0,0,0,0,0,,,,6.84,6.84,6.84,2344,2372,0,29,0,0,0,0,0,0,29
2020-07-19T02:00:00Z,30,15.428333,13.44,20.55,19.5,19.5,19.5,14.233,13.3,14.75,1.645,0.43,2.2,25.425333,5.98,43.9,0,0,0,0,0,0,,,,6.84,6.84,6.84,2373,2402,0,30,0,0,0,0,0,0,30
2020-07-19T03:00:00Z,29,18.22,15.35,20.43,19.5,19.5,19.5,14.670345,14.34,15,1.336552,0.06,2.41,23.677241,1.27,48.18,0,0,0,0,0,0,,,,6.84,6.84,6.84,2403,2431,0,29,0,0,0,0,0,0,29
2020-07-19T04:00:00Z,30,18.843333,15.57,20.77,19.5,19.5,19.5,14.702333,14.48,15.19,0.844,0.06,2.54,15.205,1.15,50.37,0,0,0,0,0,0,,,,6.84,6.84,6.84,2432,2461,0,30,0,0,1,0,0,0,30
2020-07-19T05:00:00Z,30,19.377667,15.69,21.11,19.5,19.5,19.5,14.679333,14.49,15.27,0.499333,0.05,2.69,9.182333,1.02,53.95,0,0,0,0,0,0,,,,6.84,6.84,6.84,2462,2491,0,30,0,0,1,0,0,0,30
2020-07-19T06:00:00Z,29,19.027241,15.66,20.91,19.5,19.5,19.5,14.695172,14.49,14.91,0.478276,0.06,1.74,8.738966,1.18,34.23,0,0,0,0,0,0,,,,6.84,6.84,6.84,2492,2520,0,29,0,0,0,0,0,0,29
2020-07-19T07:00:00Z,30,19.07,15.63,20.48,19.5,19.5,19.5,14.667,14.49,15,0.382,0.06,2.08,6.651667,1.15,33.63,0,0,0,0,0,0,,,,6.84,6.84,6.84,2521,2550,0,30,0,0,0,0,0,0,30
2020-07-19T08:00:00Z,29,15.733103,13.66,19.98,19.5,19.5,19.5,14.527241,13.54,14.83,0.460345,0.12,0.61,7.185172,2.42,10.91,0,0,0,0,0,0,,,,6.84,6.84,6.84,2551,2579,0,29,0,0,0,0,0,0,29
2020-07-19T09:00:00Z,30,16.911333,14.23,20.72,19.5,19.5,19.5,14.657,14.07,14.89,0.456667,0.09,0.94,7.609333,1.88,18.11,0,0,0,0,0,0,,,,6.84,6.84,6.84,2580,2609,0,30,0,0,0,0,0,0,30
2020-07-19T10:00:00Z,29,13.684138,13.04,14.54,19.5,19.5,19.5,13.367241,12.96,14.39,0.246207,0.11,0.44,3.390345,1.43,6.39,0,0,0,0,0,0,,,,6.84,6.84,6.84,2610,2638,0,29,0,0,0,0,0,0,29
2020-07-19T11:00:00Z,30,3.1,0,13.45,19.5,19.5,19.5,12.853667,12.81,12.93,0.033667,-0.02,0.13,0.156667,-0.07,1.73,0,0,0,0,0,0,,,,6.84,6.84,6.84,2639,2668,0,30,0,4,4,0,0,0,30
2020-07-19T12:00:00Z,30,0,0,0,19.5,19.5,19.5,12.815,12.78,12.85,0.020333,-0.05,0.06,0,0,0,0,0,0,0,0,0,,,,6.84,6.84,6.84,2669,2698,0,30,0,6,0,0,0,0,30
2020-07-19T13:00:00Z,29,0,0,0,19.5,19.5,19.5,12.782069,12.74,12.81,0.030345,-0.02,0.08,0,0,0,0,0,0,0,0,0,,,,6.84,6.84,6.84,2699,2727,0,29,0,1,0,0,0,0,29
2020-07-19T14:00:00Z,30,0,0,0,19.5,19.5,19.5,12.761667,12.72,12.78,0.019667,-0.01,0.06,0,0,0,0,0,0,0,0,0,,,,6.84,6.84,6.84,2728,2757,0,30,0,3,0,0,0,0,30
2020-07-19T15:00:00Z,29,0,0,0,19.5,19.5,19.5,12.73069,12.72,12.75,0.03069,0,0.06,0,0,0,0,0,0,0,0,0,,,,6.84,6.84,6.84,2758,2786,0,29,0,0,0,0,0,0,29
2020-07-19T16:00:00Z,30,0,0,0,19.5,19.5,19.5,12.709333,12.69,12.73,0.033,0,0.05,0,0,0,0,0,0,0,0,0,,,,6.84,6.84,6.84,2787,2816,0,30,0,0,0,0,0,0,30
2020-07-19T17:00:00Z,30,0,0,0,19.5,19.5,19.5,12.691667,12.67,12.71,0.023333,0.01,0.05,0,0,0,0,0,0,0,0,0,,,,6.84,6.84,6.84,2817,2846,0,30,0,0,0,0,0,0,30
2020-07-19T18:00:00Z,29,0,0,0,19.5,19.5,19.5,12.673103,12.66,12.69,0.025517,0.01,0.05,0,0,0,0,0,0,0,0,0,,,,6.84,6.84,6.84,2847,2875,0,29,0,0,0,0,0,0,29
2020-07-19T19:00:00Z,30,0,0,0,19.5,19.5,19.5,12.658667,12.65,12.67,0.025333,0.02,0.04,0,0,0,0,0,0,0,0,0,,,,6.84,6.84,6.84,2876,2905,0,30,0,0,0,0,0,0,30
2020-07-19T20:00:00Z,29,0,0,0,19.5,19.5,19.5,12.644828,12.63,12.66,0.024138,0.02,0.03,0,0,0,0,0,0,0,0,0,,,,6.84,6.84,6.84,2906,2934,0,29,0,0,0,0,0,0,29
2020-07-19T21:00:00Z,29,0,0,0,19.5,19.5,19.5,12.627586,12.61,12.64,0.027586,0.02,0.04,0,0,0,0,0,0,0,0,0,,,,6.84,6.84,6.84,2935,2964,0,29,0,0,0,0,0,0,29
2020-07-19T22:00:00Z,29,3.52,0,13.21,19.5,19.5,19.5,12.612414,12.59,12.65,0.036897,0.02,0.08,0.176207,0,1.03,0,0,0,0,0,0,,,,6.84,6.84,6.84,2965,2993,0,29,0,0,0,0,0,0,29
2020-07-19T23:00:00Z,30,13.114333,12.73,13.79,19.5,19.5,19.5,12.849,12.63,13.05,0.194333,0.06,0.45,2.561333,0.75,6.14,0,0,0,0,0,0,,,,6.84,6.84,6.84,2994,3023,0,30,0,0,0,0,0,0,30
2020-07-20T00:00:00Z,30,13.626,13.18,14.21,19.5,19.5,19.5,13.23,13.06,13.39,0.553333,0.39,0.8,7.559,5.1,11.35,0,0,0,0,0,0,,,,6.84,6.84,6.84,3024,3053,0,30,0,0,0,0,0,0,30
2020-07-20T01:00:00Z,29,13.966552,13.4,14.81,19.5,19.5,19.5,13.484483,13.22,13.82,0.96069,0.47,1.57,13.503793,6.62,23.32,0,0,0,0,0,0,,,,6.84,6.84,6.84,3054,3082,0,29,0,0,0,0,0,0,29
2020-07-20T02:00:00Z,29,14.903448,13.65,16.55,19.5,19.5,19.5,14.14,13.42,14.65,1.693103,0.99,2.08,25.367586,13.51,32.71,0,0,0,0,0,0,,,,6.84,6.84,6.84,3083,3112,0,29,0,0,0,0,0,0,29
2020-07-20T03:00:00Z,29,16.519655,14.04,20.96,19.5,19.5,19.5,14.345172,13.81,14.94,0.956552,0.08,2.55,15.568966,1.57,49.61,0,0,0,0,0,0,,,,6.84,6.84,6.84,3113,3141,0,29,0,0,0,0,0,0,29
2020-07-20T04:00:00Z,30,17.808,14.72,21.41,19.5,19.5,19.5,14.687667,14.48,15,0.69,0.06,2.44,11.651667,1.25,45.76,0,0,0,0,0,0,,,,6.84,6.84,6.84,3142,3171,0,30,0,0,0,0,0,0,30
2020-07-20T05:00:00Z,29,18.987586,15.68,20.9,19.5,19.5,19.5,14.651724,14.48,15,0.472069,0.06,2.66,8.416207,1.16,53.97,0,0,0,0,0,0,,,,6.84,6.84,6.84,3172,3200,0,29,0,0,1,0,0,0,29
2020-07-20T06:00:00Z,30,17.134667,13.32,20.35,19.5,19.5,19.5,14.338,13.23,14.9,0.388333,0.05,1,6.566,1.04,20.12,0,0,0,0,0,0,,,,6.84,6.84,6.84,3201,3230,0,30,0,0,0,0,0,0,30
2020-07-20T07:00:00Z,29,13.437241,13.06,13.95,19.5,19.5,19.5,13.112759,12.99,13.24,0.177241,0.12,0.31,2.365172,1.5,4.27,0,0,0,0,0,0,,,,6.84,6.84,6.84,3231,3259,0,29,0,0,0,0,0,0,29
2020-07-20T08:00:00Z,30,13.940667,13.43,14.54,19.5,19.5,19.5,13.614333,13.28,13.77,0.434333,0.33,0.49,6.052,4.62,6.98,0,0,0,0,0,0,,,,6.84,6.84,6.84,3260,3289,0,30,0,0,0,0,0,0,30
2020-07-20T09:00:00Z,30,13.769333,13.48,14.22,19.5,19.5,19.5,13.470667,13.36,13.55,0.348,0.32,0.41,4.793,4.29,5.83,0,0,0,0,0,0,,,,6.84,6.84,6.84,3290,3319,0,30,0,0,0,0,0,0,30
2020-07-20T10:00:00Z,29,12.628966,5.71,14.03,19.5,19.5,19.5,12.997241,12.81,13.35,0.147586,0.03,0.35,1.94931,0.19,4.95,0,0,0,0,0,0,,,,6.84,6.84,6.84,3320,3348,0,29,0,0,0,0,0,0,29
2020-07-20T11:00:00Z,30,0.685333,0,3.98,19.5,19.5,19.5,12.815333,12.78,12.84,0.030333,-0.01,0.07,0.025,0,0.27,0,0,0,0,0,0,,,,6.84,6.84,6.84,3349,3378,0,30,0,1,0,0,0,0,30
2020-07-20T12:00:00Z,29,0,0,0,19.5,19.5,19.5,12.788621,12.77,12.81,0.021379,0,0.05,0,0,0,0,0,0,0,0,0,,,,6.84,6.84,6.84,3379,3407,0,29,0,0,0,0,0,0,29
2020-07-20T13:00:00Z,30,0,0,0,19.5,19.5,19.5,12.760333,12.74,12.78,0.026667,-0.01,0.06,0,0,0,0,0,0,0,0,0,,,,6.84,6.84,6.84,3408,3437,0,30,0,3,0,0,0,0,30
2020-07-20T14:00:00Z,29,0,0,0,19.5,19.5,19.5,12.736552,12.72,12.76,0.023103,0,0.06,0,0,0,0,0,0,0,0,0,,,,6.84,6.84,6.84,3438,3466,0,29,0,0,0,0,0,0,29
2020-07-20T15:00:00Z,30,0,0,0,19.5,19.5,19.5,12.719333,12.69,12.75,0.033667,0.01,0.05,0,0,0,0,0,0,0,0,0,,,,6.84,6.84,6.84,3467,3496,0,30,0,0,0,0,0,0,30
2020-07-20T16:00:00Z,30,0,0,0,19.5,19.5,19.5,12.7,12.69,12.72,0.03,0.01,0.05,0,0,0,0,0,0,0,0,0,,,,6.84,6.84,6.84,3497,3526,0,30,0,0,0,0,0,0,30
2020-07-20T17:00:00Z,29,0,0,0,19.5,19.5,19.5,12.682414,12.66,12.71,0.024138,0.01,0.05,0,0,0,0,0,0,0,0,0,,,,6.84,6.84,6.84,3527,3555,0,29,0,0,0,0,0,0,29
2020-07-20T18:00:00Z,30,0,0,0,19.5,19.5,19.5,12.664333,12.65,12.69,0.025333,0.01,0.03,0,0,0,0,0,0,0,0,0,,,,6.84,6.84,6.84,3556,3585,0,30,0,0,0,0,0,0,30
2020-07-20T19:00:00Z,29,0,0,0,19.5,19.5,19.5,12.653103,12.64,12.66,0.023448,0.02,0.03,0,0,0,0,0,0,0,0,0,,,,6.84,6.84,6.84,3586,3614,0,29,0,0,0,0,0,0,29
2020-07-20T20:00:00Z,30,0,0,0,19.5,19.5,19.5,12.632,12.62,12.65,0.026,0.02,0.03,0,0,0,0,0,0,0,0,0,,,,6.84,6.84,6.84,3615,3644,0,30,0,0,0,0,0,0,30
2020-07-20T21:00:00Z,29,0,0,0,19.5,19.5,19.5,12.617241,12.6,12.63,0.027931,0.02,0.04,0,0,0,0,0,0,0,0,0,,,,6.84,6.84,6.84,3645,3673,0,29,0,0,0,0,0,0,29
2020-07-20T22:00:00Z,30,2.621,0,13.22,19.5,19.5,19.5,12.601333,12.59,12.62,0.033333,0.02,0.08,0.126667,0,0.99,0,0,0,0,0,0,,,,6.84,6.84,6.84,3674,3703,0,30,0,0,0,0,0,0,30
2020-07-20T23:00:00Z,30,13.104667,12.7,13.63,19.5,19.5,19.5,12.829,12.61,12.93,0.182333,0.08,0.28,2.386667,0.95,3.86,0,0,0,0,0,0,,,,6.84,6.84,6.84,3704,3733,0,30,0,0,0,0,0,0,30
2020-07-21T00:00:00Z,29,13.534828,13.07,14.21,19.5,19.5,19.5,13.25931,12.95,13.59,0.633793,0.3,1.14,8.626552,3.86,15.9,0,0,0,0,0,0,,,,6.84,6.84,6.84,3734,3762,0,29,0,0,0,0,0,0,29
2020-07-21T01:00:00Z,30,14.257,13.78,14.87,19.5,19.5,19.5,13.658667,13.52,13.87,1.249333,0.89,1.73,17.867667,12.57,25.73,0,0,0,0,0,0,,,,6.84,6.84,6.84,3763,3792,0,30,0,0,0,0,0,0,30
2020-07-21T02:00:00Z,29,14.630345,13.85,17.51,19.5,19.5,19.5,13.954483,13.56,14.67,1.303103,0.8,2.03,19.291034,11.83,35.48,0,0,0,0,0,0,,,,6.84,6.84,6.84,3793,3821,0,29,0,0,0,0,0,0,29
2020-07-21T03:00:00Z,30,14.582,13.8,18.49,19.5,19.5,19.5,13.984667,13.63,14.67,0.816,0.54,1.41,11.942667,8.06,22.13,0,0,0,0,0,0,,,,6.84,6.84,6.84,3822,3851,0,30,0,0,0,0,0,0,30
2020-07-21T04:00:00Z,29,17.617931,15.57,20.93,19.5,19.5,19.5,14.690345,14.46,14.87,0.748966,0.09,1.39,12.28931,1.79,21.68,0,0,0,0,0,0,,,,6.84,6.84,6.84,3852,3880,0,29,0,0,0,0,0,0,29
2020-07-21T05:00:00Z,30,19.355333,15.81,20.95,19.5,19.5,19.5,14.631,14.5,14.87,0.578667,0.06,1.41,10.449,1.31,26.4,0,0,0,0,0,0,,,,6.84,6.84,6.84,3881,3910,0,30,0,0,0,0,0,0,30
2020-07-21T06:00:00Z,30,19.569,15.79,20.89,19.5,19.5,19.5,14.675667,14.47,15.24,0.449,0.06,2.74,7.995,1.26,46.51,0,0,0,0,0,0,,,,6.84,6.84,6.84,3911,3940,0,30,0,0,0,0,0,0,30
2020-07-21T07:00:00Z,29,18.834138,15.73,21.01,19.5,19.5,19.5,14.722759,14.47,15.03,0.535862,0.06,2.18,9.16931,1.31,36.55,0,0,0,0,0,0,,,,6.84,6.84,6.84,3941,3969,0,29,0,0,0,0,0,0,29
2020-07-21T08:00:00Z,30,15.301,13.68,20.48,19.5,19.5,19.5,14.126,13.47,14.87,0.380333,0.09,0.58,5.734667,1.76,10.86,0,0,0,0,0,0,,,,6.84,6.84,6.84,3970,3999,0,30,0,0,0,0,0,0,30
2020-07-21T09:00:00Z,29,13.530345,13.23,14.02,19.5,19.5,19.5,13.223793,13.12,13.45,0.244138,0.21,0.31,3.286552,2.75,4.23,0,0,0,0,0,0,,,,6.84,6.84,6.84,4000,4028,0,29,0,0,0,0,0,0,29
2020-07-21T10:00:00Z,30,13.330333,12.92,13.8,19.5,19.5,19.5,13.016667,12.84,13.12,0.144667,0.03,0.21,1.932333,0.44,2.83,0,0,0,0,0,0,,,,6.84,6.84,6.84,4029,4058,0,30,0,0,0,0,0,0,30
2020-07-21T11:00:00Z,29,2.211034,0,13.11,19.5,19.5,19.5,12.817586,12.79,12.85,0.034138,-0.01,0.09,0.128966,0,1.11,0,0,0,0,0,0,,,,6.84,6.84,6.84,4059,4087,0,29,0,1,0,0,0,0,29
2020-07-21T12:00:00Z,30,0,0,0,19.5,19.5,19.5,12.792667,12.77,12.82,0.026,-0.01,0.06,0,0,0,0,0,0,0,0,0,,,,6.84,6.84,6.84,4088,4117,0,30,0,2,0,0,0,0,30
2020-07-21T13:00:00Z,30,0,0,0,19.5,19.5,19.5,12.766667,12.74,12.79,0.027333,0,0.06,0,0,0,0,0,0,0,0,0,,,,6.84,6.84,6.84,4118,4147,0,30,0,0,0,0,0,0,30
2020-07-21T14:00:00Z,26,0,0,0,19.5,19.5,19.5,12.741923,12.72,12.76,0.033077,0,0.06,0,0,0,0,0,0,0,0,0,,,,6.84,6.84,6.84,4148,4176,0,26,0,0,0,0,0,0,26
2020-07-21T15:00:00Z,30,0,0,0,19.5,19.5,19.5,12.727,12.7,12.75,0.035,0.01,0.05,0,0,0,0,0,0,0,0,0,,,,6.84,6.84,6.84,4177,4206,0,30,0,0,0,0,0,0,30
2020-07-21T16:00:00Z,29,0,0,0,19.5,19.5,19.5,12.709655,12.69,12.73,0.023793,0.01,0.05,0,0,0,0,0,0,0,0,0,,,,6.84,6.84,6.84,4207,4235,0,29,0,0,0,0,0,0,29
2020-07-21T17:00:00Z,30,0,0,0,19.5,19.5,19.5,12.693667,12.68,12.71,0.028,0.02,0.05,0,0,0,0,0,0,0,0,0,,,,6.84,6.84,6.84,4236,4265,0,30,0,0,0,0,0,0,30
2020-07-21T18:00:00Z,29,0,0,0,19.5,19.5,19.5,12.682069,12.67,12.69,0.025172,0.02,0.04,0,0,0,0,0,0,0,0,0,,,,6.84,6.84,6.84,4266,4294,0,29,0,0,0,0,0,0,29
2020-07-21T19:00:00Z,30,0,0,0,19.5,19.5,19.5,12.662333,12.65,12.68,0.025,0.02,0.03,0,0,0,0,0,0,0,0,0,,,,6.84,6.84,6.84,4295,4324,0,30,0,0,0,0,0,0,30
2020-07-21T20:00:00Z,29,0,0,0,19.5,19.5,19.5,12.647241,12.63,12.66,0.027586,0.02,0.03,0,0,0,0,0,0,0,0,0,,,,6.84,6.84,6.84,4325,4354,0,29,0,0,0,0,0,0,29
2020-07-21T21:00:00Z,29,0,0,0,19.5,19.5,19.5,12.628276,12.61,12.64,0.027586,0.02,0.03,0,0,0,0,0,0,0,0,0,,,,6.84,6.84,6.84,4355,4383,0,29,0,0,0,0,0,0,29
2020-07-21T22:00:00Z,30,3.672,0,13.25,19.5,19.5,19.5,12.620333,12.6,12.68,0.037333,0.02,0.07,0.186667,0,0.91,0,0,0,0,0,0,,,,6.84,6.84,6.84,4384,4413,0,30,0,0,0,0,0,0,30
2020-07-21T23:00:00Z,29,13.144483,12.83,13.57,19.5,19.5,19.5,12.836207,12.75,12.89,0.131724,0.06,0.24,1.723793,0.81,3.3,0,0,0,0,0,0,,,,6.84,6.84,6.84,4414,4442,0,29,0,0,0,0,0,0,29
2020-07-22T00:00:00Z,30,13.614,13,14.35,19.5,19.5,19.5,13.206667,12.89,13.5,0.579333,0.25,0.94,7.946,3.22,13.44,0,0,0,0,0,0,,,,6.84,6.84,6.84,4443,4472,0,30,0,0,0,0,0,0,30
2020-07-22T01:00:00Z,29,14.232759,13.75,14.91,19.5,19.5,19.5,13.668276,13.52,13.92,1.334483,0.98,1.73,19.068966,13.53,25.72,0,0,0,0,0,0,,,,6.84,6.84,6.84,4473,4501,0,29,0,0,0,0,0,0,29
2020-07-22T02:00:00Z,30,15.896333,14.23,20.48,19.5,19.5,19.5,14.417,13.91,14.88,1.657667,0.08,2.53,25.568333,1.53,40.77,0,0,0,0,0,0,,,,6.84,6.84,6.84,4502,4531,0,30,0,0,0,0,0,0,30
2020-07-22T03:00:00Z,30,17.279333,14.08,20.57,19.5,19.5,19.5,14.559333,13.81,15.03,1.081667,0.06,2.5,18.074667,1.27,48.81,0,0,0,0,0,0,,,,6.84,6.84,6.84,4532,4561,0,30,0,0,0,0,0,0,30
2020-07-22T04:00:00Z,29,17.828621,14.2,20.93,19.5,19.5,19.5,14.629655,14.02,15.18,0.724483,0.06,2.98,12.04,1.13,50.86,0,0,0,0,0,0,,,,6.84,6.84,6.84,4562,4590,0,29,0,0,1,0,0,0,29
2020-07-22T05:00:00Z,30,18.453,14.96,21.18,19.5,19.5,19.5,14.703,14.48,15.12,0.457667,0.05,2.79,7.834,1.1,46.07,0,0,0,0,0,0,,,,6.84,6.84,6.84,4591,4620,0,30,0,0,0,0,0,0,30
2020-07-22T06:00:00Z,29,19.326207,16.26,20.39,19.5,19.5,19.5,14.676897,14.5,15.12,0.584483,0.06,2.54,10.153448,1.14,41.38,0,0,0,0,0,0,,,,6.84,6.84,6.84,4621,4649,0,29,0,0,0,0,0,0,29
2020-07-22T07:00:00Z,30,19.751333,16.11,20.56,19.5,19.5,19.5,14.67,14.48,15,0.556333,0.06,2.29,10.54,1.17,45.78,0,0,0,0,0,0,,,,6.84,6.84,6.84,4650,4679,0,30,0,0,0,0,0,0,30
2020-07-22T08:00:00Z,29,19.365517,16.03,20.66,19.5,19.5,19.5,14.653103,14.48,14.99,0.496552,0.05,1.83,8.848966,1.07,29.42,0,0,0,0,0,0,,,,6.84,6.84,6.84,4680,4708,0,29,0,0,0,0,0,0,29
2020-07-22T09:00:00Z,30,18.607333,15.67,20.69,19.5,19.5,19.5,14.717,14.5,14.9,0.534,0.05,1.27,9.179667,1.07,20.75,0,0,0,0,0,0,,,,6.84,6.84,6.84,4709,4738,0,30,0,0,0,0,0,0,30
2020-07-22T10:00:00Z,30,15.309,12.98,20.43,19.5,19.5,19.5,13.962667,12.89,14.82,0.31,0.05,0.74,5.005,0.67,15.02,0,0,0,0,0,0,,,,6.84,6.84,6.84,4739,4768,0,30,0,0,0,0,0,0,30
2020-07-22T11:00:00Z,29,2.626897,0,13.42,19.5,19.5,19.5,12.840345,12.81,12.88,0.04,0.01,0.09,0.125862,0,1,0,0,0,0,0,0,,,,6.84,6.84,6.84,4769,4797,0,29,0,0,0,0,0,0,29
2020-07-22T12:00:00Z,30,0,0,0,19.5,19.5,19.5,12.812667,12.78,12.85,0.030667,-0.01,0.06,0,0,0,0,0,0,0,0,0,,,,6.84,6.84,6.84,4798,4827,0,30,0,1,0,0,0,0,30
2020-07-22T13:00:00Z,29,0,0,0,19.5,19.5,19.5,12.79069,12.76,12.81,0.024828,-0.01,0.06,0,0,0,0,0,0,0,0,0,,,,6.84,6.84,6.84,4828,4856,0,29,0,2,0,0,0,0,29
2020-07-22T14:00:00Z,30,0,0,0,19.5,19.5,19.5,12.755333,12.74,12.78,0.034,0,0.06,0,0,0,0,0,0,0,0,0,,,,6.84,6.84,6.84,4857,4886,0,30,0,0,0,0,0,0,30
2020-07-22T15:00:00Z,29,0,0,0,19.5,19.5,19.5,12.744483,12.72,12.77,0.033448,0.01,0.05,0,0,0,0,0,0,0,0,0,,,,6.84,6.84,6.84,4887,4915,0,29,0,0,0,0,0,0,29
2020-07-22T16:00:00Z,30,0,0,0,19.5,19.5,19.5,12.719,12.71,12.74,0.027,0.01,0.05,0,0,0,0,0,0,0,0,0,,,,6.84,6.84,6.84,4916,4945,0,30,0,0,0,0,0,0,30
2020-07-22T17:00:00Z,30,0,0,0,19.5,19.5,19.5,12.706667,12.69,12.72,0.025333,0.01,0.05,0,0,0,0,0,0,0,0,0,,,,6.84,6.84,6.84,4946,4975,0,30,0,0,0,0,0,0,30
2020-07-22T18:00:00Z,29,0,0,0,19.5,19.5,19.5,12.68931,12.67,12.7,0.025517,0.01,0.04,0,0,0,0,0,0,0,0,0,,,,6.84,6.84,6.84,4976,5004,0,29,0,0,0,0,0,0,29
2020-07-22T19:00:00Z,30,0,0,0,19.5,19.5,19.5,12.676,12.66,12.69,0.024333,0.02,0.03,0,0,0,0,0,0,0,0,0,,,,6.84,6.84,6.84,5005,5034,0,30,0,0,0,0,0,0,30
2020-07-22T20:00:00Z,29,0,0,0,19.5,19.5,19.5,12.66069,12.65,12.67,0.028276,0.02,0.04,0,0,0,0,0,0,0,0,0,,,,6.84,6.84,6.84,5035,5063,0,29,0,0,0,0,0,0,29
2020-07-22T21:00:00Z,30,0,0,0,19.5,19.5,19.5,12.648333,12.63,12.66,0.026333,0.02,0.03,0,0,0,0,0,0,0,0,0,,,,6.84,6.84,6.84,5064,5093,0,30,0,0,0,0,0,0,30
2020-07-22T22:00:00Z,29,3.170345,0,12.81,19.5,19.5,19.5,12.629655,12.62,12.64,0.034828,0.02,0.06,0.144828,0,0.68,0,0,0,0,0,0,,,,6.84,6.84,6.84,5094,5122,0,29,0,0,0,0,0,0,29
2020-07-22T23:00:00Z,30,13.097667,12.72,13.64,19.5,19.5,19.5,12.808667,12.63,12.94,0.139667,0.06,0.29,1.823667,0.75,3.94,0,0,0,0,0,0,,,,6.84,6.84,6.84,5123,5152,0,30,0,0,0,0,0,0,30
2020-07-23T00:00:00Z,28,13.552143,13.07,14.22,19.5,19.5,19.5,13.17,12.95,13.44,0.517857,0.31,0.86,7.040714,4,11.76,0,0,0,0,0,0,,,,6.84,6.84,6.84,5153,5181,0,28,0,0,0,0,0,0,28
2020-07-23T01:00:00Z,30,14.057667,13.41,14.82,19.5,19.5,19.5,13.546333,13.27,13.8,1.079,0.45,1.75,15.284667,5.97,25.88,0,0,0,0,0,0,,,,6.84,6.84,6.84,5182,5211,0,30,0,0,0,0,0,0,30
2020-07-23T02:00:00Z,30,14.556,13.6,15.77,19.5,19.5,19.5,13.978,13.44,14.65,1.433,0.66,2.33,21.201333,8.98,35.86,0,0,0,0,0,0,,,,6.84,6.84,6.84,5212,5241,0,30,0,0,0,0,0,0,30
2020-07-23T03:00:00Z,29,17.651724,14.23,20.51,19.5,19.5,19.5,14.533793,14.02,14.98,1.045517,0.08,2.56,17.703793,1.52,52.46,0,0,0,0,0,0,,,,6.84,6.84,6.84,5242,5270,0,29,0,0,1,0,0,0,29
2020-07-23T04:00:00Z,30,18.973333,16.11,20.1,19.5,19.5,19.5,14.679,14.47,15.12,0.729333,0.06,2.47,12.767,1.13,41.36,0,0,0,0,0,0,,,,6.84,6.84,6.84,5271,5300,0,30,0,0,0,0,0,0,30
2020-07-23T05:00:00Z,29,18.408276,15.69,20.88,19.5,19.5,19.5,14.726207,14.48,15.17,0.692759,0.06,2.51,11.966552,1.14,41.08,0,0,0,0,0,0,,,,6.84,6.84,6.84,5301,5329,0,29,0,0,0,0,0,0,29
2020-07-23T06:00:00Z,30,18.318333,15.64,20.33,19.5,19.5,19.5,14.692,14.48,15.17,0.446,0.05,2.41,7.458,1.04,39.41,0,0,0,0,0,0,,,,6.84,6.84,6.84,5330,5359,0,30,0,0,0,0,0,0,30
2020-07-23T07:00:00Z,29,18.516552,15.57,21.4,19.5,19.5,19.5,14.728621,14.5,15.03,0.649655,0.05,2.03,11.437241,1.11,36.62,0,0,0,0,0,0,,,,6.84,6.84,6.84,5360,5388,0,29,0,0,0,0,0,0,29
2020-07-23T08:00:00Z,30,19.169333,16,20.45,19.5,19.5,19.5,14.668667,14.48,15,0.596667,0.06,1.93,10.803,1.16,36.19,0,0,0,0,0,0,,,,6.84,6.84,6.84,5389,5418,0,30,0,0,0,0,0,0,30
2020-07-23T09:00:00Z,29,14.402069,13.21,20.15,19.5,19.5,19.5,13.592414,13.1,14.89,0.381724,0.06,1.54,5.868276,1.27,30.96,0,0,0,0,0,0,,,,6.84,6.84,6.84,5419,5448,0,29,0,0,0,0,0,0,29
2020-07-23T10:00:00Z,29,5.475517,0.34,13.52,19.5,19.5,19.5,12.861724,12.81,13.11,0.056552,-0.02,0.17,0.52069,-0.02,2.3,0,0,0,0,0,0,,,,6.84,6.84,6.84,5449,5477,0,29,0,2,1,0,0,0,29
2020-07-23T11:00:00Z,30,0.393,0,3.83,19.5,19.5,19.5,12.808667,12.78,12.84,0.031333,-0.01,0.08,0.016333,0,0.29,0,0,0,0,0,0,,,,6.84,6.84,6.84,5478,5507,0,30,0,4,0,0,0,0,30
2020-07-23T12:00:00Z,27,0,0,0,19.5,19.5,19.5,12.782222,12.75,12.81,0.031111,-0.01,0.07,0,0,0,0,0,0,0,0,0,,,,6.84,6.84,6.84,5508,5536,0,27,0,3,0,0,0,0,27
2020-07-23T13:00:00Z,30,0,0,0,19.5,19.5,19.5,12.761333,12.74,12.78,0.029333,-0.01,0.06,0,0,0,0,0,0,0,0,0,,,,6.84,6.84,6.84,5537,5566,0,30,0,2,0,0,0,0,30
2020-07-23T14:00:00Z,30,0,0,0,19.5,19.5,19.5,12.743333,12.72,12.77,0.027333,0,0.06,0,0,0,0,0,0,0,0,0,,,,6.84,6.84,6.84,5567,5596,0,30,0,0,0,0,0,0,30
2020-07-23T15:00:00Z,29,0,0,0,19.5,19.5,19.5,12.722414,12.7,12.74,0.027931,0,0.05,0,0,0,0,0,0,0,0,0,,,,6.84,6.84,6.84,5597,5625,0,29,0,0,0,0,0,0,29
2020-07-23T16:00:00Z,30,0,0,0,19.5,19.5,19.5,12.706333,12.69,12.72,0.028667,0.02,0.05,0,0,0,0,0,0,0,0,0,,,,6.84,6.84,6.84,5626,5655,0,30,0,0,0,0,0,0,30
2020-07-23T17:00:00Z,29,0,0,0,19.5,19.5,19.5,12.68931,12.68,12.7,0.026207,0.02,0.04,0,0,0,0,0,0,0,0,0,,,,6.84,6.84,6.84,5656,5684,0,29,0,0,0,0,0,0,29
2020-07-23T18:00:00Z,30,0,0,0,19.5,19.5,19.5,12.678333,12.66,12.69,0.026,0.02,0.04,0,0,0,0,0,0,0,0,0,,,,6.84,6.84,6.84,5685,5714,0,30,0,0,0,0,0,0,30
2020-07-23T19:00:00Z,30,0,0,0,19.5,19.5,19.5,12.662333,12.65,12.68,0.027667,0.02,0.03,0,0,0,0,0,0,0,0,0,,,,6.84,6.84,6.84,5715,5744,0,30,0,0,0,0,0,0,30
2020-07-23T20:00:00Z,29,0,0,0,19.5,19.5,19.5,12.644828,12.63,12.66,0.027586,0.02,0.03,0,0,0,0,0,0,0,0,0,,,,6.84,6.84,6.84,5745,5773,0,29,0,0,0,0,0,0,29
2020-07-23T21:00:00Z,30,0,0,0,19.5,19.5,19.5,12.628333,12.62,12.63,0.028333,0.02,0.04,0,0,0,0,0,0,0,0,0,,,,6.84,6.84,6.84,5774,5803,0,30,0,0,0,0,0,0,30
2020-07-23T22:00:00Z,29,1.322414,0,6.37,19.5,19.5,19.5,12.617241,12.6,12.63,0.03069,0.02,0.06,0.049655,0,0.36,0,0,0,0,0,0,,,,6.84,6.84,6.84,5804,5832,0,29,0,0,0,0,0,0,29
2020-07-23T23:00:00Z,30,12.761,8.39,13.55,19.5,19.5,19.5,12.703,12.6,12.87,0.096667,0.03,0.18,1.247667,0.43,2.32,0,0,0,0,0,0,,,,6.84,6.84,6.84,5833,5862,0,30,0,0,0,0,0,0,30
2020-07-24T00:00:00Z,29,13.345517,12.97,13.78,19.5,19.5,19.5,12.946552,12.86,13.04,0.272069,0.18,0.36,3.608276,2.41,4.93,0,0,0,0,0,0,,,,6.84,6.84,6.84,5863,5891,0,29,0,0,0,0,0,0,29
2020-07-24T01:00:00Z,30,13.777333,13.18,14.26,19.5,19.5,19.5,13.365333,13.06,13.45,0.628333,0.36,0.74,8.665333,4.72,10.56,0,0,0,0,0,0,,,,6.84,6.84,6.84,5892,5921,0,30,0,0,0,0,0,0,30
2020-07-24T02:00:00Z,30,14.328333,13.6,15.73,19.5,19.5,19.5,13.832333,13.43,14.6,1.473333,0.69,2.65,21.48,9.37,41.66,0,0,0,0,0,0,,,,6.84,6.84,6.84,5922,5951,0,30,0,0,0,0,0,0,30
2020-07-24T03:00:00Z,29,17.136207,14.27,20.53,19.5,19.5,19.5,14.535517,13.9,14.89,1.685172,0.12,3.1,27.368276,2.36,54.83,0,0,0,0,0,0,,,,6.84,6.84,6.84,5952,5980,0,29,0,3,1,0,0,0,29
2020-07-24T04:00:00Z,29,18.843103,15.99,20.69,19.5,19.5,19.5,14.708966,14.39,15.12,1.037931,0.07,2.5,18.372759,1.38,42.99,0,0,0,0,0,0,,,,6.84,6.84,6.84,5981,6010,0,29,0,0,0,0,0,0,29
2020-07-24T05:00:00Z,29,19.045862,15.77,20.9,19.5,19.5,19.5,14.67,14.48,15.03,0.622414,0.06,1.95,11.083448,1.15,39.39,0,0,0,0,0,0,,,,6.84,6.84,6.84,6011,6039,0,29,0,0,0,0,0,0,29
2020-07-24T06:00:00Z,30,19.012333,15.64,20.69,19.5,19.5,19.5,14.696333,14.51,14.97,0.418,0.06,1.1,7.594,1.16,22.28,0,0,0,0,0,0,,,,6.84,6.84,6.84,6040,6069,0,30,0,0,0,0,0,0,30
2020-07-24T07:00:00Z,28,17.470357,13.54,20.99,19.5,19.5,19.5,14.542857,13.43,15.06,0.465714,0.06,2.32,7.907857,1.15,37.56,0,0,0,0,0,0,,,,6.84,6.84,6.84,6070,6098,0,28,0,0,0,0,0,0,28
2020-07-24T08:00:00Z,30,13.401,12.96,14,19.5,19.5,19.5,13.026667,12.89,13.32,0.127,0.03,0.21,1.703333,0.46,2.91,0,0,0,0,0,0,,,,6.84,6.84,6.84,6099,6128,0,30,0,0,0,0,0,0,30
2020-07-24T09:00:00Z,29,7.911379,2.36,13.75,19.5,19.5,19.5,12.885172,12.81,13.09,0.077931,0.02,0.2,0.742414,0.06,2.59,0,0,0,0,0,0,,,,6.84,6.84,6.84,6129,6157,0,29,0,0,0,0,0,0,29
2020-07-24T10:00:00Z,30,2.339667,0.91,3.28,19.5,19.5,19.5,12.806,12.78,12.83,0.036667,0,0.09,0.088667,0,0.27,0,0,0,0,0,0,,,,6.84,6.84,6.84,6158,6187,0,30,0,0,0,0,0,0,30
2020-07-24T11:00:00Z,30,0.336333,0,3.67,19.5,19.5,19.5,12.785333,12.76,12.81,0.020667,0,0.06,0.004667,0,0.06,0,0,0,0,0,0,,,,6.84,6.84,6.84,6188,6217,0,30,0,0,0,0,0,0,30
2020-07-24T12:00:00Z,29,0,0,0,19.5,19.5,19.5,12.758966,12.74,12.78,0.030345,0,0.06,0,0,0,0,0,0,0,0,0,,,,6.84,6.84,6.84,6218,6246,0,29,0,0,0,0,0,0,29
2020-07-24T13:00:00Z,30,0,0,0,19.5,19.5,19.5,12.741667,12.72,12.75,0.031667,0.01,0.05,0,0,0,0,0,0,0,0,0,,,,6.84,6.84,6.84,6247,6276,0,30,0,0,0,0,0,0,30
2020-07-24T14:00:00Z,29,0,0,0,19.5,19.5,19.5,12.722069,12.7,12.74,0.027586,0.01,0.05,0,0,0,0,0,0,0,0,0,,,,6.84,6.84,6.84,6277,6305,0,29,0,0,0,0,0,0,29
2020-07-24T15:00:00Z,29,0,0,0,19.5,19.5,19.5,12.705172,12.69,12.72,0.028276,0.01,0.04,0,0,0,0,0,0,0,0,0,,,,6.84,6.84,6.84,6307,6335,0,29,0,0,0,0,0,0,29
2020-07-24T16:00:00Z,29,0,0,0,19.5,19.5,19.5,12.689655,12.68,12.7,0.024483,0.02,0.03,0,0,0,0,0,0,0,0,0,,,,6.84,6.84,6.84,6336,6364,0,29,0,0,0,0,0,0,29
2020-07-24T17:00:00Z,29,0,0,0,19.5,19.5,19.5,12.677241,12.66,12.69,0.027241,0.02,0.03,0,0,0,0,0,0,0,0,0,,,,6.84,6.84,6.84,6365,6394,0,29,0,0,0,0,0,0,29
2020-07-24T18:00:00Z,29,0,0,0,19.5,19.5,19.5,12.66,12.64,12.67,0.028276,0.02,0.04,0,0,0,0,0,0,0,0,0,,,,6.84,6.84,6.84,6395,6423,0,29,0,0,0,0,0,0,29
2020-07-24T19:00:00Z,30,0,0,0,19.5,19.5,19.5,12.641667,12.63,12.65,0.027667,0.02,0.03,0,0,0,0,0,0,0,0,0,,,,6.84,6.84,6.84,6424,6453,0,30,0,0,0,0,0,0,30
2020-07-24T20:00:00Z,27,0,0,0,19.5,19.5,19.5,12.625556,12.61,12.64,0.028519,0.02,0.03,0,0,0,0,0,0,0,0,0,,,,6.84,6.84,6.84,6454,6483,0,27,0,0,0,0,0,0,27
2020-07-24T21:00:00Z,29,0,0,0,19.5,19.5,19.5,12.606897,12.6,12.63,0.027586,0.02,0.03,0,0,0,0,0,0,0,0,0,,,,6.84,6.84,6.84,6484,6512,0,29,0,0,0,0,0,0,29
2020-07-24T22:00:00Z,30,3.076,0,12.69,19.5,19.5,19.5,12.597,12.58,12.63,0.035667,0.02,0.06,0.15,0,0.8,0,0,0,0,0,0,,,,6.84,6.84,6.84,6513,6542,0,30,0,0,0,0,0,0,30
2020-07-24T23:00:00Z,29,13.166552,12.72,13.69,19.5,19.5,19.5,12.821034,12.63,13.01,0.188966,0.06,0.35,2.485172,0.75,4.63,0,0,0,0,0,0,,,,6.84,6.84,6.84,6543,6571,0,29,0,0,0,0,0,0,29
2020-07-25T00:00:00Z,30,13.595,13.13,14.3,19.5,19.5,19.5,13.289,13.02,13.48,0.579,0.33,0.87,7.910333,4.33,11.99,0,0,0,0,0,0,,,,6.84,6.84,6.84,6572,6601,0,30,0,0,0,0,0,0,30
2020-07-25T01:00:00Z,29,14.211034,13.69,14.76,19.5,19.5,19.5,13.72069,13.48,13.89,1.284138,0.86,1.48,18.271724,11.72,21.35,0,0,0,0,0,0,,,,6.84,6.84,6.84,6602,6630,0,29,0,0,0,0,0,0,29
2020-07-25T02:00:00Z,30,15.086,14.24,16.08,19.5,19.5,19.5,14.335667,13.84,14.81,1.914667,1.27,2.25,28.928,19.11,35.67,0,0,0,0,0,0,,,,6.84,6.84,6.84,6631,6660,0,30,0,0,0,0,0,0,30
2020-07-25T03:00:00Z,30,18.268,14.87,20.82,19.5,19.5,19.5,14.671667,14.35,15,1.267,0.08,2.61,22.205667,1.63,48.86,0,0,0,0,0,0,,,,6.84,6.84,6.84,6661,6690,0,30,0,0,0,0,0,0,30
2020-07-25T04:00:00Z,29,19.522759,15.72,20.66,19.5,19.5,19.5,14.665517,14.48,15.08,0.637586,0.06,2.59,12.358276,1.26,53.56,0,0,0,0,0,0,,,,6.84,6.84,6.84,6691,6719,0,29,0,0,3,0,0,0,29
2020-07-25T05:00:00Z,30,18.825667,15.64,21.39,19.5,19.5,19.5,14.758333,14.49,15.12,0.831,0.06,2.65,15.762333,1.32,53.86,0,0,0,0,0,0,,,,6.84,6.84,6.84,6720,6749,0,30,0,0,3,0,0,0,30
2020-07-25T06:00:00Z,29,19.45069,15.84,20.66,19.5,19.5,19.5,14.666552,14.49,15.15,0.588621,0.06,2.43,10.806552,1.15,49.36,0,0,0,0,0,0,,,,6.84,6.84,6.84,6750,6778,0,29,0,0,0,0,0,0,29
2020-07-25T07:00:00Z,30,18.733667,15.64,21.27,19.5,19.5,19.5,14.731,14.48,14.9,0.420333,0.06,1.12,7.457667,1.19,22.95,0,0,0,0,0,0,,,,6.84,6.84,6.84,6779,6808,0,30,0,0,0,0,0,0,30
2020-07-25T08:00:00Z,29,19.977931,15.72,20.88,19.5,19.5,19.5,14.638966,14.49,15,0.526207,0.05,1.86,10.263448,1.08,31.65,0,0,0,0,0,0,,,,6.84,6.84,6.84,6809,6837,0,29,0,0,0,0,0,0,29
2020-07-25T09:00:00Z,30,18.249,15.7,20.84,19.5,19.5,19.5,14.807,14.54,14.94,0.653,0.07,1.31,11.415333,1.43,21.13,0,0,0,0,0,0,,,,6.84,6.84,6.84,6838,6867,0,30,0,0,0,0,0,0,30
2020-07-25T10:00:00Z,30,14.198667,12.99,20.58,19.5,19.5,19.5,13.517,12.87,14.87,0.239,0.05,0.65,3.595,0.61,11.2,0,0,0,0,0,0,,,,6.84,6.84,6.84,6868,6897,0,30,0,0,0,0,0,0,30
2020-07-25T11:00:00Z,29,2.01931,0,12.95,19.5,19.5,19.5,12.840345,12.8,12.87,0.035862,-0.01,0.1,0.065172,-0.01,0.6,0,0,0,0,0,0,,,,6.84,6.84,6.84,6898,6926,0,29,0,3,1,0,0,0,29
2020-07-25T12:00:00Z,30,0,0,0,19.5,19.5,19.5,12.822,12.79,12.85,0.018333,-0.03,0.06,0,0,0,0,0,0,0,0,0,,,,6.84,6.84,6.84,6927,6956,0,30,0,3,0,0,0,0,30
2020-07-25T13:00:00Z,29,0,0,0,19.5,19.5,19.5,12.792414,12.78,12.82,0.024483,0,0.06,0,0,0,0,0,0,0,0,0,,,,6.84,6.84,6.84,6957,6985,0,29,0,0,0,0,0,0,29
2020-07-25T14:00:00Z,30,0,0,0,19.5,19.5,19.5,12.773667,12.75,12.81,0.029,0,0.05,0,0,0,0,0,0,0,0,0,,,,6.84,6.84,6.84,6986,7015,0,30,0,0,0,0,0,0,30
2020-07-25T15:00:00Z,29,0,0,0,19.5,19.5,19.5,12.754828,12.74,12.77,0.037241,0,0.05,0,0,0,0,0,0,0,0,0,,,,6.84,6.84,6.84,7016,7044,0,29,0,0,0,0,0,0,29
2020-07-25T16:00:00Z,30,0,0,0,19.5,19.5,19.5,12.737333,12.72,12.75,0.028333,0.01,0.05,0,0,0,0,0,0,0,0,0,,,,6.84,6.84,6.84,7045,7074,0,30,0,0,0,0,0,0,30
2020-07-25T17:00:00Z,29,0,0,0,19.5,19.5,19.5,12.722414,12.71,12.74,0.027586,0.01,0.04,0,0,0,0,0,0,0,0,0,,,,6.84,6.84,6.84,7075,7104,0,29,0,0,0,0,0,0,29
2020-07-25T18:00:00Z,29,0,0,0,19.5,19.5,19.5,12.708621,12.69,12.72,0.026207,0.02,0.03,0,0,0,0,0,0,0,0,0,,,,6.84,6.84,6.84,7105,7133,0,29,0,0,0,0,0,0,29
2020-07-25T19:00:00Z,30,0,0,0,19.5,19.5,19.5,12.69,12.68,12.71,0.023667,0.02,0.04,0,0,0,0,0,0,0,0,0,,,,6.84,6.84,6.84,7134,7163,0,30,0,0,0,0,0,0,30
2020-07-25T20:00:00Z,29,0,0,0,19.5,19.5,19.5,12.678966,12.66,12.69,0.027241,0.02,0.04,0,0,0,0,0,0,0,0,0,,,,6.84,6.84,6.84,7164,7192,0,29,0,0,0,0,0,0,29
2020-07-25T21:00:00Z,30,0,0,0,19.5,19.5,19.5,12.660333,12.65,12.67,0.027333,0.02,0.03,0,0,0,0,0,0,0,0,0,,,,6.84,6.84,6.84,7193,7222,0,30,0,0,0,0,0,0,30
2020-07-25T22:00:00Z,28,1.836071,0,11.36,19.5,19.5,19.5,12.645714,12.63,12.66,0.032857,0.02,0.05,0.076786,0,0.52,0,0,0,0,0,0,,,,6.84,6.84,6.84,7223,7251,0,28,0,0,0,0,0,0,28
2020-07-25T23:00:00Z,30,13.282,12.73,13.84,19.5,19.5,19.5,12.939,12.64,13.18,0.262,0.05,0.47,3.489333,0.6,6.23,0,0,0,0,0,0,,,,6.84,6.84,6.84,7252,7281,0,30,0,0,0,0,0,0,30
2020-07-26T00:00:00Z,30,13.762,13.35,14.53,19.5,19.5,19.5,13.378333,13.2,13.63,0.689667,0.32,1.19,9.525333,4.43,16.74,0,0,0,0,0,0,,,,6.84,6.84,6.84,7282,7311,0,30,0,0,0,0,0,0,30
2020-07-26T01:00:00Z,29,14.059655,13.57,14.75,19.5,19.5,19.5,13.571034,13.4,13.81,0.938966,0.63,1.5,13.264138,8.65,22.06,0,0,0,0,0,0,,,,6.84,6.84,6.84,7312,7340,0,29,0,0,0,0,0,0,29
2020-07-26T02:00:00Z,30,15.564,13.87,20.65,19.5,19.5,19.5,14.086667,13.63,14.88,1.612667,0.23,2.85,25.826667,4.73,56.79,0,0,0,0,0,0,,,,6.84,6.84,6.84,7341,7370,0,30,0,0,3,0,0,0,30
2020-07-26T03:00:00Z,29,17.982759,14.21,21.15,19.5,19.5,19.5,14.555517,14.01,15.02,1.067586,0.07,2.69,18.07069,1.42,53.27,0,0,0,0,0,0,,,,6.84,6.84,6.84,7371,7399,0,29,0,0,1,0,0,0,29
2020-07-26T04:00:00Z,30,19.124,15.62,21.39,19.5,19.5,19.5,14.723333,14.48,15.15,0.791667,0.06,2.92,14.309667,1.29,53.78,0,0,0,0,0,0,,,,6.84,6.84,6.84,7400,7429,0,30,0,0,1,0,0,0,30
2020-07-26T05:00:00Z,29,19.348966,15.75,21.3,19.5,19.5,19.5,14.696207,14.46,15.24,0.81931,0.06,3.21,14.986897,1.17,68.03,0,0,0,0,0,0,,,,6.84,6.84,6.84,7430,7458,0,29,0,2,3,0,0,0,29
2020-07-26T06:00:00Z,30,19.761667,16.32,20.82,19.5,19.5,19.5,14.714333,14.51,15.23,0.505333,0.05,2.56,8.920667,1.07,41.84,0,0,0,0,0,0,,,,6.84,6.84,6.84,7459,7488,0,30,0,0,0,0,0,0,30
2020-07-26T07:00:00Z,30,20.176333,16.14,20.93,19.5,19.5,19.5,14.616667,14.48,15.02,0.452667,0.03,2.36,8.627333,0.58,49.45,0,0,0,0,0,0,,,,6.84,6.84,6.84,7489,7518,0,30,0,0,0,0,0,0,30
2020-07-26T08:00:00Z,29,19.618966,16,20.8,19.5,19.5,19.5,14.641379,14.48,14.99,0.445517,0.05,1.86,7.987241,1.08,29.97,0,0,0,0,0,0,,,,6.84,6.84,6.84,7519,7547,0,29,0,0,0,0,0,0,29
2020-07-26T09:00:00Z,30,18.086667,13.38,20.77,19.5,19.5,19.5,14.502,13.29,14.96,0.432667,0.06,1.48,7.591667,1.3,30.43,0,0,0,0,0,0,,,,6.84,6.84,6.84,7548,7577,0,30,0,0,0,0,0,0,30
2020-07-26T10:00:00Z,28,13.101071,9.48,13.84,19.5,19.5,19.5,13.010357,12.81,13.21,0.146429,0.02,0.22,1.921429,0.22,2.9,0,0,0,0,0,0,,,,6.84,6.84,6.84,7578,7606,0,28,0,0,0,0,0,0,28
2020-07-26T11:00:00Z,30,1.010333,0,6.53,19.5,19.5,19.5,12.820667,12.79,12.85,0.029333,-0.03,0.08,0.041333,-0.02,0.25,0,0,0,0,0,0,,,,6.84,6.84,6.84,7607,7636,0,30,0,5,3,0,0,0,30
2020-07-26T12:00:00Z,29,0,0,0,19.5,19.5,19.5,12.792414,12.77,12.82,0.027241,-0.01,0.08,0,0,0,0,0,0,0,0,0,,,,6.84,6.84,6.84,7637,7665,0,29,0,4,0,0,0,0,29
2020-07-26T13:00:00Z,30,0,0,0,19.5,19.5,19.5,12.773,12.75,12.8,0.026667,-0.01,0.06,0,0,0,0,0,0,0,0,0,,,,6.84,6.84,6.84,7666,7695,0,30,0,1,0,0,0,0,30
2020-07-26T14:00:00Z,30,0,0,0,19.5,19.5,19.5,12.756,12.72,12.78,0.025667,0,0.05,0,0,0,0,0,0,0,0,0,,,,6.84,6.84,6.84,7696,7725,0,30,0,0,0,0,0,0,30
2020-07-26T15:00:00Z,29,0,0,0,19.5,19.5,19.5,12.734138,12.72,12.75,0.027931,0,0.05,0,0,0,0,0,0,0,0,0,,,,6.84,6.84,6.84,7726,7754,0,29,0,0,0,0,0,0,29
2020-07-26T16:00:00Z,29,0,0,0,19.5,19.5,19.5,12.722069,12.71,12.74,0.027241,0.01,0.05,0,0,0,0,0,0,0,0,0,,,,6.84,6.84,6.84,7755,7784,0,29,0,0,0,0,0,0,29
2020-07-26T17:00:00Z,29,0,0,0,19.5,19.5,19.5,12.70069,12.69,12.72,0.025172,0.01,0.05,0,0,0,0,0,0,0,0,0,,,,6.84,6.84,6.84,7785,7813,0,29,0,0,0,0,0,0,29
2020-07-26T18:00:00Z,30,0,0,0,19.5,19.5,19.5,12.689333,12.67,12.7,0.023,0.01,0.03,0,0,0,0,0,0,0,0,0,,,,6.84,6.84,6.84,7814,7843,0,30,0,0,0,0,0,0,30
2020-07-26T19:00:00Z,29,0,0,0,19.5,19.5,19.5,12.678966,12.66,12.69,0.025172,0.02,0.03,0,0,0,0,0,0,0,0,0,,,,6.84,6.84,6.84,7844,7872,0,29,0,0,0,0,0,0,29
2020-07-26T20:00:00Z,30,0,0,0,19.5,19.5,19.5,12.659,12.64,12.67,0.027333,0.02,0.03,0,0,0,0,0,0,0,0,0,,,,6.84,6.84,6.84,7873,7902,0,30,0,0,0,0,0,0,30
2020-07-26T21:00:00Z,30,0,0,0,19.5,19.5,19.5,12.643667,12.63,12.66,0.028,0.02,0.03,0,0,0,0,0,0,0,0,0,,,,6.84,6.84,6.84,7903,7932,0,30,0,0,0,0,0,0,30
2020-07-26T22:00:00Z,29,3.842069,0,13.25,19.5,19.5,19.5,12.633448,12.62,12.66,0.037931,0.02,0.08,0.207241,0,1.03,0,0,0,0,0,0,,,,6.84,6.84,6.84,7933,7961,0,29,0,0,0,0,0,0,29
2020-07-26T23:00:00Z,30,13.134667,12.74,13.58,19.5,19.5,19.5,12.814,12.65,12.96,0.157667,0.06,0.29,2.064667,0.8,3.78,0,0,0,0,0,0,,,,6.84,6.84,6.84,7962,7991,0,30,0,0,0,0,0,0,30
2020-07-27T00:00:00Z,29,13.728276,13.08,14.75,19.5,19.5,19.5,13.31069,12.97,13.78,0.68931,0.3,1.5,9.644483,3.86,22.12,0,0,0,0,0,0,,,,6.84,6.84,6.84,7992,8020,0,29,0,0,0,0,0,0,29
2020-07-27T01:00:00Z,30,14.257667,13.42,15,19.5,19.5,19.5,13.723667,13.31,13.99,1.336667,0.32,1.79,19.157667,4.35,26.9,0,0,0,0,0,0,,,,6.84,6.84,6.84,8021,8050,0,30,0,0,0,0,0,0,30
2020-07-27T02:00:00Z,29,16.712759,13.99,20.41,19.5,19.5,19.5,14.405172,13.57,14.77,1.70069,0.07,2.25,27.932414,1.41,45.69,0,0,0,0,0,0,,,,6.84,6.84,6.84,8051,8079,0,29,0,0,0,0,0,0,29
2020-07-27T03:00:00Z,30,19.067667,16.05,20.69,19.5,19.5,19.5,14.658667,14.32,15.03,0.880667,0.06,2.5,15.83,1.28,49.75,0,0,0,0,0,0,,,,6.84,6.84,6.84,8080,8109,0,30,0,0,0,0,0,0,30
2020-07-27T04:00:00Z,30,19.529333,16.25,20.23,19.5,19.5,19.5,14.635333,14.49,15.12,0.567667,0.06,2.51,10.598667,1.15,48.15,0,0,0,0,0,0,,,,6.84,6.84,6.84,8110,8139,0,30,0,0,0,0,0,0,30
2020-07-27T05:00:00Z,28,19.694643,17.11,20.27,19.5,19.5,19.5,14.622857,14.49,14.94,0.187143,0.06,1.26,3.478929,1.14,21.49,0,0,0,0,0,0,,,,6.84,6.84,6.84,8140,8168,0,28,0,0,0,0,0,0,28
2020-07-27T06:00:00Z,30,19.777,16.51,20.24,19.5,19.5,19.5,14.633667,14.48,15.15,0.359667,0.05,2.51,6.806667,1.03,50.19,0,0,0,0,0,0,,,,6.84,6.84,6.84,8169,8198,0,30,0,0,1,0,0,0,30
2020-07-27T07:00:00Z,29,19.3,16.06,20.34,19.5,19.5,19.5,14.642069,14.49,15.01,0.557241,0.05,2.12,9.83931,1.04,40.14,0,0,0,0,0,0,,,,6.84,6.84,6.84,8199,8227,0,29,0,0,0,0,0,0,29
2020-07-27T08:00:00Z,29,19.211724,15.75,20.48,19.5,19.5,19.5,14.643793,14.51,14.96,0.542069,0.05,1.91,9.624483,1.06,37.37,0,0,0,0,0,0,,,,6.84,6.84,6.84,8228,8257,0,29,0,0,0,0,0,0,29
2020-07-27T09:00:00Z,29,18.724138,15.67,20.77,19.5,19.5,19.5,14.737586,14.49,14.9,0.430345,0.04,1.2,7.475517,0.82,18.86,0,0,0,0,0,0,,,,6.84,6.84,6.84,8258,8286,0,29,0,0,0,0,0,0,29
2020-07-27T10:00:00Z,29,14.263448,12.94,19.69,19.5,19.5,19.5,13.537241,12.83,14.83,0.24,0.01,0.62,3.708966,0.07,11.75,0,0,0,0,0,0,,,,6.84,6.84,6.84,8287,8316,0,29,0,0,0,0,0,0,29
2020-07-27T11:00:00Z,30,1.863667,0,13.2,19.5,19.5,19.5,12.827667,12.79,12.87,0.032667,-0.02,0.1,0.068333,-0.03,0.53,0,0,0,0,0,0,,,,6.84,6.84,6.84,8317,8346,0,30,0,3,1,0,0,0,30
2020-07-27T12:00:00Z,29,0,0,0,19.5,19.5,19.5,12.808276,12.78,12.84,0.024483,-0.01,0.08,0,0,0,0,0,0,0,0,0,,,,6.84,6.84,6.84,8347,8375,0,29,0,1,0,0,0,0,29
2020-07-27T13:00:00Z,30,0,0,0,19.5,19.5,19.5,12.777667,12.75,12.81,0.027333,-0.02,0.06,0,0,0,0,0,0,0,0,0,,,,6.84,6.84,6.84,8376,8405,0,30,0,3,0,0,0,0,30
2020-07-27T14:00:00Z,29,0,0,0,19.5,19.5,19.5,12.76069,12.75,12.78,0.03069,-0.01,0.06,0,0,0,0,0,0,0,0,0,,,,6.84,6.84,6.84,8406,8434,0,29,0,1,0,0,0,0,29
2020-07-27T15:00:00Z,30,0,0,0,19.5,19.5,19.5,12.740333,12.72,12.76,0.031,0,0.1,0,0,0,0,0,0,0,0,0,,,,6.84,6.84,6.84,8435,8464,0,30,0,0,0,0,0,0,30
2020-07-27T16:00:00Z,29,0,0,0,19.5,19.5,19.5,12.724138,12.7,12.75,0.025172,0.01,0.05,0,0,0,0,0,0,0,0,0,,,,6.84,6.84,6.84,8465,8493,0,29,0,0,0,0,0,0,29
2020-07-27T17:00:00Z,30,0,0,0,19.5,19.5,19.5,12.711333,12.7,12.72,0.026333,0.01,0.04,0,0,0,0,0,0,0,0,0,,,,6.84,6.84,6.84,8494,8523,0,30,0,0,0,0,0,0,30
2020-07-27T18:00:00Z,30,0,0,0,19.5,19.5,19.5,12.694,12.69,12.71,0.024667,0.02,0.04,0,0,0,0,0,0,0,0,0,,,,6.84,6.84,6.84,8524,8553,0,30,0,0,0,0,0,0,30
2020-07-27T19:00:00Z,29,0,0,0,19.5,19.5,19.5,12.683103,12.67,12.69,0.026207,0.02,0.03,0,0,0,0,0,0,0,0,0,,,,6.84,6.84,6.84,8554,8582,0,29,0,0,0,0,0,0,29
2020-07-27T20:00:00Z,30,0,0,0,19.5,19.5,19.5,12.663333,12.65,12.68,0.027333,0.02,0.04,0,0,0,0,0,0,0,0,0,,,,6.84,6.84,6.84,8583,8612,0,30,0,0,0,0,0,0,30
2020-07-27T21:00:00Z,29,0,0,0,19.5,19.5,19.5,12.648276,12.63,12.66,0.028621,0.02,0.04,0,0,0,0,0,0,0,0,0,,,,6.84,6.84,6.84,8613,8641,0,29,0,0,0,0,0,0,29
2020-07-27T22:00:00Z,30,4.067333,0,12.84,19.5,19.5,19.5,12.635333,12.62,12.67,0.038333,0.02,0.08,0.228667,0,1.03,0,0,0,0,0,0,,,,6.84,6.84,6.84,8642,8671,0,30,0,0,0,0,0,0,30
2020-07-27T23:00:00Z,29,13.157241,12.72,13.63,19.5,19.5,19.5,12.856552,12.65,12.95,0.162414,0.08,0.27,2.122069,0.95,3.62,0,0,0,0,0,0,,,,6.84,6.84,6.84,8672,8700,0,29,0,0,0,0,0,0,29
2020-07-28T00:00:00Z,30,13.594333,13.07,14.33,19.5,19.5,19.5,13.246333,12.96,13.57,0.609333,0.28,1.09,8.331,3.62,15.2,0,0,0,0,0,0,,,,6.84,6.84,6.84,8701,8730,0,30,0,0,0,0,0,0,30
2020-07-28T01:00:00Z,30,14.057667,13.44,14.77,19.5,19.5,19.5,13.596667,13.32,13.84,1.215,0.42,1.76,17.148,5.67,25.08,0,0,0,0,0,0,,,,6.84,6.84,6.84,8731,8760,0,30,0,0,0,0,0,0,30
2020-07-28T02:00:00Z,29,14.382759,13.64,15.76,19.5,19.5,19.5,13.893793,13.45,14.75,1.322414,0.53,2.56,19.415517,7.59,39.2,0,0,0,0,0,0,,,,6.84,6.84,6.84,8761,8789,0,29,0,0,0,0,0,0,29
2020-07-28T03:00:00Z,30,17.325333,14.27,20.84,19.5,19.5,19.5,14.576,13.93,14.97,1.094667,0.07,2.45,17.991333,1.44,39.08,0,0,0,0,0,0,,,,6.84,6.84,6.84,8790,8819,0,30,0,0,0,0,0,0,30
2020-07-28T04:00:00Z,29,19.263793,15.63,20.73,19.5,19.5,19.5,14.622759,14.45,15.09,0.786552,0.05,2.64,14.637586,1.07,49.2,0,0,0,0,0,0,,,,6.84,6.84,6.84,8820,8848,0,29,0,0,0,0,0,0,29
2020-07-28T05:00:00Z,30,19.260333,16.26,20.18,19.5,19.5,19.5,14.687667,14.47,15.14,0.699333,0.06,2.31,12.907667,1.14,44.06,0,0,0,0,0,0,,,,6.84,6.84,6.84,8849,8878,0,30,0,0,0,0,0,0,30
2020-07-28T06:00:00Z,29,19.002069,15.68,20.68,19.5,19.5,19.5,14.68069,14.48,15,0.571724,0.06,2.04,10.256552,1.17,40.11,0,0,0,0,0,0,,,,6.84,6.84,6.84,8879,8907,0,29,0,0,0,0,0,0,29
2020-07-28T07:00:00Z,30,19.760333,15.73,21.11,19.5,19.5,19.5,14.673667,14.52,14.94,0.387,0.03,1.76,7.219,0.57,29.81,0,0,0,0,0,0,,,,6.84,6.84,6.84,8908,8937,0,30,0,0,0,0,0,0,30
2020-07-28T08:00:00Z,29,19.548966,15.83,20.75,19.5,19.5,19.5,14.628621,14.5,14.96,0.389655,0.06,1.7,6.797241,1.17,27.06,0,0,0,0,0,0,,,,6.84,6.84,6.84,8938,8967,0,29,0,0,0,0,0,0,29
2020-07-28T09:00:00Z,28,18.292857,15.6,20.67,19.5,19.5,19.5,14.778571,14.51,14.93,0.409643,0.05,0.82,7.195357,1.07,15.68,0,0,0,0,0,0,,,,6.84,6.84,6.84,8968,8996,0,28,0,0,0,0,0,0,28
2020-07-28T10:00:00Z,30,13.909333,12.91,15.33,19.5,19.5,19.5,13.546667,12.82,14.74,0.241333,0.02,0.47,3.477,0.3,7.1,0,0,0,0,0,0,,,,6.84,6.84,6.84,8997,9026,0,30,0,0,0,0,0,0,30
2020-07-28T11:00:00Z,29,1.988966,0,13.27,19.5,19.5,19.5,12.81931,12.78,12.84,0.030345,-0.01,0.06,0.065862,-0.01,0.55,0,0,0,0,0,0,,,,6.84,6.84,6.84,9027,9055,0,29,0,1,1,0,0,0,29
2020-07-28T12:00:00Z,30,0,0,0,19.5,19.5,19.5,12.797667,12.77,12.83,0.027,-0.01,0.06,0,0,0,0,0,0,0,0,0,,,,6.84,6.84,6.84,9056,9085,0,30,0,4,0,0,0,0,30
2020-07-28T13:00:00Z,28,0,0,0,19.5,19.5,19.5,12.776786,12.76,12.8,0.028929,-0.06,0.13,0,0,0,0,0,0,0,0,0,,,,6.84,6.84,6.84,9086,9114,0,28,0,3,0,0,0,0,28
2020-07-28T14:00:00Z,30,0,0,0,19.5,19.5,19.5,12.764333,12.74,12.78,0.028,-0.02,0.07,0,0,0,0,0,0,0,0,0,,,,6.84,6.84,6.84,9115,9144,0,30,0,4,0,0,0,0,30
2020-07-28T15:00:00Z,29,0,0,0,19.5,19.5,19.5,12.740345,12.72,12.76,0.035517,-0.01,0.09,0,0,0,0,0,0,0,0,0,,,,6.84,6.84,6.84,9145,9173,0,29,0,1,0,0,0,0,29
2020-07-28T16:00:00Z,30,0,0,0,19.5,19.5,19.5,12.724,12.71,12.74,0.027333,-0.01,0.05,0,0,0,0,0,0,0,0,0,,,,6.84,6.84,6.84,9174,9203,0,30,0,1,0,0,0,0,30
2020-07-28T17:00:00Z,29,0,0,0,19.5,19.5,19.5,12.716207,12.7,12.72,0.027241,0.02,0.04,0,0,0,0,0,0,0,0,0,,,,6.84,6.84,6.84,9204,9232,0,29,0,0,0,0,0,0,29
2020-07-28T18:00:00Z,30,0,0,0,19.5,19.5,19.5,12.698333,12.69,12.72,0.025333,0.01,0.04,0,0,0,0,0,0,0,0,0,,,,6.84,6.84,6.84,9233,9262,0,30,0,0,0,0,0,0,30
2020-07-28T19:00:00Z,30,0,0,0,19.5,19.5,19.5,12.685333,12.67,12.69,0.025,0.02,0.03,0,0,0,0,0,0,0,0,0,,,,6.84,6.84,6.84,9263,9292,0,30,0,0,0,0,0,0,30
2020-07-28T20:00:00Z,29,0,0,0,19.5,19.5,19.5,12.668966,12.66,12.68,0.027586,0.02,0.03,0,0,0,0,0,0,0,0,0,,,,6.84,6.84,6.84,9293,9321,0,29,0,0,0,0,0,0,29
2020-07-28T21:00:00Z,30,0,0,0,19.5,19.5,19.5,12.655667,12.64,12.66,0.026667,0.02,0.04,0,0,0,0,0,0,0,0,0,,,,6.84,6.84,6.84,9322,9351,0,30,0,0,0,0,0,0,30
2020-07-28T22:00:00Z,29,3.179655,0,12.75,19.5,19.5,19.5,12.637931,12.63,12.66,0.036207,0.02,0.08,0.161379,0,0.95,0,0,0,0,0,0,,,,6.84,6.84,6.84,9352,9380,0,29,0,0,0,0,0,0,29
2020-07-28T23:00:00Z,30,13.151333,12.74,13.6,19.5,19.5,19.5,12.828333,12.63,12.96,0.15,0.08,0.28,1.970333,0.96,3.75,0,0,0,0,0,0,,,,6.84,6.84,6.84,9381,9410,0,30,0,0,0,0,0,0,30
2020-07-29T00:00:00Z,30,13.664,13.07,14.4,19.5,19.5,19.5,13.291,12.96,13.54,0.64,0.29,0.98,8.803667,3.78,13.91,0,0,0,0,0,0,,,,6.84,6.84,6.84,9411,9440,0,30,0,0,0,0,0,0,30
2020-07-29T01:00:00Z,29,14.226207,13.74,14.75,19.5,19.5,19.5,13.642759,13.48,13.83,1.277931,0.97,1.67,18.205862,13.29,23.69,0,0,0,0,0,0,,,,6.84,6.84,6.84,9441,9469,0,29,0,0,0,0,0,0,29
2020-07-29T02:00:00Z,30,15.658,14.17,20.86,19.5,19.5,19.5,14.298333,13.84,14.75,1.759,0.08,2.18,27.077333,1.69,44.27,0,0,0,0,0,0,,,,6.84,6.84,6.84,9470,9499,0,30,0,0,0,0,0,0,30
2020-07-29T03:00:00Z,29,18.956207,14.66,21.18,19.5,19.5,19.5,14.652414,14.4,15.03,0.97,0.07,2.46,17.235862,1.44,49.27,0,0,0,0,0,0,,,,6.84,6.84,6.84,9500,9528,0,29,0,0,0,0,0,0,29
2020-07-29T04:00:00Z,30,19.462,15.84,21.48,19.5,19.5,19.5,14.692667,14.49,15.16,0.778667,0.05,2.98,14.344333,1.08,63.33,0,0,0,0,0,0,,,,6.84,6.84,6.84,9529,9558,0,30,0,0,2,0,0,0,30
2020-07-29T05:00:00Z,29,19.903793,15.72,21.11,19.5,19.5,19.5,14.664138,14.51,15.15,0.474483,0.05,2.65,8.650345,1.07,53.42,0,0,0,0,0,0,,,,6.84,6.84,6.84,9559,9587,0,29,0,0,1,0,0,0,29
2020-07-29T06:00:00Z,30,19.634,15.75,21.2,19.5,19.5,19.5,14.724,14.49,15.21,0.616333,0.06,2.62,10.482667,1.19,42.94,0,0,0,0,0,0,,,,6.84,6.84,6.84,9588,9617,0,30,0,0,0,0,0,0,30
2020-07-29T07:00:00Z,27,19.667778,16.2,20.78,19.5,19.5,19.5,14.700741,14.52,15.06,0.68963,0.06,2.33,13.057778,1.17,43.38,0,0,0,0,0,0,,,,6.84,6.84,6.84,9618,9646,0,27,0,0,0,0,0,0,27
2020-07-29T08:00:00Z,30,18.836,15.67,20.83,19.5,19.5,19.5,14.707,14.5,15,0.574333,0.06,1.97,9.962,1.16,33.64,0,0,0,0,0,0,,,,6.84,6.84,6.84,9647,9676,0,30,0,0,0,0,0,0,30
2020-07-29T09:00:00Z,29,17.616207,14.66,20.56,19.5,19.5,19.5,14.721034,14.12,14.87,0.472414,0.08,1.21,7.988966,1.54,20.53,0,0,0,0,0,0,,,,6.84,6.84,6.84,9677,9705,0,29,0,0,0,0,0,0,29
2020-07-29T10:00:00Z,30,13.635667,12.94,14.99,19.5,19.5,19.5,13.324333,12.85,14.23,0.249667,0.09,0.42,3.429667,1.11,6.23,0,0,0,0,0,0,,,,6.84,6.84,6.84,9706,9735,0,30,0,0,0,0,0,0,30
2020-07-29T11:00:00Z,29,2.218966,0,13.12,19.5,19.5,19.5,12.823448,12.79,12.87,0.031724,-0.05,0.09,0.135172,0,1.06,0,0,0,0,0,0,,,,6.84,6.84,6.84,9736,9764,0,29,0,2,0,0,0,0,29
2020-07-29T12:00:00Z,28,0,0,0,19.5,19.5,19.5,12.800714,12.78,12.83,0.036429,0,0.06,0,0,0,0,0,0,0,0,0,,,,6.84,6.84,6.84,9765,9794,0,28,0,0,0,0,0,0,28
2020-07-29T13:00:00Z,29,0,0,0,19.5,19.5,19.5,12.785517,12.75,12.81,0.024138,-0.03,0.13,0,0,0,0,0,0,0,0,0,,,,6.84,6.84,6.84,9795,9823,0,29,0,6,0,0,0,0,29
2020-07-29T14:00:00Z,30,0,0,0,19.5,19.5,19.5,12.764,12.74,12.8,0.037333,-0.03,0.22,0,0,0,0,0,0,0,0,0,,,,6.84,6.84,6.84,9824,9853,0,30,0,3,0,0,0,0,30
2020-07-29T15:00:00Z,30,0,0,0,19.5,19.5,19.5,12.75,12.72,12.77,0.037333,0.01,0.13,0,0,0,0,0,0,0,0,0,,,,6.84,6.84,6.84,9854,9883,0,30,0,0,0,0,0,0,30
2020-07-29T16:00:00Z,29,0,0,0,19.5,19.5,19.5,12.733448,12.72,12.75,0.028276,-0.06,0.17,0,0,0,0,0,0,0,0,0,,,,6.84,6.84,6.84,9884,9912,0,29,0,2,0,0,0,0,29
2020-07-29T17:00:00Z,30,0,0,0,19.5,19.5,19.5,12.715333,12.7,12.72,0.025667,0.02,0.04,0,0,0,0,0,0,0,0,0,,,,6.84,6.84,6.84,9913,9942,0,30,0,0,0,0,0,0,30
2020-07-29T18:00:00Z,28,0,0,0,19.5,19.5,19.5,12.7025,12.69,12.72,0.025,0.01,0.04,0,0,0,0,0,0,0,0,0,,,,6.84,6.84,6.84,9943,9971,0,28,0,0,0,0,0,0,28
2020-07-29T19:00:00Z,30,0,0,0,19.5,19.5,19.5,12.690333,12.68,12.7,0.024667,0.02,0.04,0,0,0,0,0,0,0,0,0,,,,6.84,6.84,6.84,9972,10001,0,30,0,0,0,0,0,0,30
2020-07-29T20:00:00Z,29,0,0,0,19.5,19.5,19.5,12.671379,12.66,12.68,0.027241,0.02,0.03,0,0,0,0,0,0,0,0,0,,,,6.84,6.84,6.84,10002,10030,0,29,0,0,0,0,0,0,29
2020-07-29T21:00:00Z,30,0,0,0,19.5,19.5,19.5,12.657,12.64,12.67,0.028333,0.02,0.03,0,0,0,0,0,0,0,0,0,,,,6.84,6.84,6.84,10031,10060,0,30,0,0,0,0,0,0,30
2020-07-29T22:00:00Z,29,3.075862,0,13.28,19.5,19.5,19.5,12.64,12.63,12.69,0.036207,0.02,0.1,0.177586,0,1.25,0,0,0,0,0,0,,,,6.84,6.84,6.84,10061,10089,0,29,0,0,0,0,0,0,29
2020-07-29T23:00:00Z,30,13.169,12.84,13.63,19.5,19.5,19.5,12.908,12.75,13.08,0.210667,0.09,0.38,2.764,1.18,5.04,0,0,0,0,0,0,,,,6.84,6.84,6.84,10090,10119,0,30,0,0,0,0,0,0,30
2020-07-30T00:00:00Z,28,13.861429,13.28,14.42,19.5,19.5,19.5,13.352143,13.09,13.56,0.636429,0.39,0.99,8.866429,5.43,13.86,0,0,0,0,0,0,,,,6.84,6.84,6.84,10120,10148,0,28,0,0,0,0,0,0,28
2020-07-30T01:00:00Z,30,14.203667,13.78,15.05,19.5,19.5,19.5,13.678667,13.54,13.98,1.178667,0.8,1.92,16.799667,11.54,28.83,0,0,0,0,0,0,,,,6.84,6.84,6.84,10149,10178,0,30,0,0,0,0,0,0,30
2020-07-30T02:00:00Z,29,15.872414,13.81,20.97,19.5,19.5,19.5,14.227241,13.58,14.78,1.507241,0.08,2.15,23.455517,1.57,38.97,0,0,0,0,0,0,,,,6.84,6.84,6.84,10179,10208,0,29,0,0,0,0,0,0,29
2020-07-30T03:00:00Z,29,18.647241,14.57,21.02,19.5,19.5,19.5,14.66,14.36,15.06,1.155862,0.07,2.65,20.598966,1.45,48.02,0,0,0,0,0,0,,,,6.84,6.84,6.84,10209,10237,0,29,0,0,0,0,0,0,29
2020-07-30T04:00:00Z,30,19.501667,15.6,21.45,19.5,19.5,19.5,14.670667,14.5,15.12,0.392,0.05,2.65,6.823333,1.11,43.36,0,0,0,0,0,0,,,,6.84,6.84,6.84,10238,10267,0,30,0,0,0,0,0,0,30
2020-07-30T05:00:00Z,29,19.680345,15.66,21.18,19.5,19.5,19.5,14.702069,14.49,15.19,0.513103,0.06,3,8.856552,1.19,49.4,0,0,0,0,0,0,,,,6.84,6.84,6.84,10268,10296,0,29,0,0,0,0,0,0,29
2020-07-30T06:00:00Z,30,19.405667,15.68,21.63,19.5,19.5,19.5,14.740667,14.48,15.35,0.525667,0.03,2.9,9.27,0.72,47.94,0,0,0,0,0,0,,,,6.84,6.84,6.84,10297,10326,0,30,0,0,0,0,0,0,30
2020-07-30T07:00:00Z,29,18.46069,13.91,21.26,19.5,19.5,19.5,14.572069,13.79,14.87,0.366552,0.05,0.73,6.503793,1.09,14.91,0,0,0,0,0,0,,,,6.84,6.84,6.84,10327,10355,0,29,0,0,0,0,0,0,29
2020-07-30T08:00:00Z,26,18.398077,13.89,21.2,19.5,19.5,19.5,14.606154,13.65,14.93,0.473846,0.05,1.9,8.161923,1.08,30.82,0,0,0,0,0,0,,,,6.84,6.84,6.84,10356,10385,0,26,0,0,0,0,0,0,26
2020-07-30T09:00:00Z,30,17.459,13.81,21.01,19.5,19.5,19.5,14.402,13.6,14.85,0.374333,0.07,1.2,6.388,1.44,25.3,0,0,0,0,0,0,,,,6.84,6.84,6.84,10386,10415,0,30,0,0,0,0,0,0,30
2020-07-30T10:00:00Z,29,13.212414,10.12,14.27,19.5,19.5,19.5,13.016207,12.81,13.56,0.144138,0.03,0.29,1.932414,0.45,4.12,0,0,0,0,0,0,,,,6.84,6.84,6.84,10416,10444,0,29,0,0,0,0,0,0,29
2020-07-30T11:00:00Z,30,1.151333,0,7.14,19.5,19.5,19.5,12.813,12.78,12.84,0.036667,0,0.06,0.044,0,0.29,0,0,0,0,0,0,,,,6.84,6.84,6.84,10445,10474,0,30,0,0,0,0,0,0,30
2020-07-30T12:00:00Z,29,0,0,0,19.5,19.5,19.5,12.798966,12.77,12.83,0.029655,-0.01,0.09,0,0,0,0,0,0,0,0,0,,,,6.84,6.84,6.84,10475,10503,0,29,0,3,0,0,0,0,29
2020-07-30T13:00:00Z,30,0,0,0,19.5,19.5,19.5,12.783,12.73,12.81,0.028,-0.02,0.07,0,0,0,0,0,0,0,0,0,,,,6.84,6.84,6.84,10504,10533,0,30,0,3,0,0,0,0,30
2020-07-30T14:00:00Z,28,0,0,0,19.5,19.5,19.5,12.764643,12.74,12.78,0.0325,0,0.06,0,0,0,0,0,0,0,0,0,,,,6.84,6.84,6.84,10534,10562,0,28,0,0,0,0,0,0,28
2020-07-30T15:00:00Z,30,0,0,0,19.5,19.5,19.5,12.744,12.72,12.76,0.031333,0.01,0.06,0,0,0,0,0,0,0,0,0,,,,6.84,6.84,6.84,10563,10592,0,30,0,0,0,0,0,0,30
2020-07-30T16:00:00Z,29,0,0,0,19.5,19.5,19.5,12.726207,12.71,12.75,0.025862,0.01,0.04,0,0,0,0,0,0,0,0,0,,,,6.84,6.84,6.84,10593,10621,0,29,0,0,0,0,0,0,29
2020-07-30T17:00:00Z,30,0,0,0,19.5,19.5,19.5,12.711,12.69,12.72,0.022333,-0.02,0.05,0,0,0,0,0,0,0,0,0,,,,6.84,6.84,6.84,10622,10651,0,30,0,2,0,0,0,0,30
2020-07-30T18:00:00Z,29,0,0,0,19.5,19.5,19.5,12.692414,12.68,12.71,0.028621,0.02,0.06,0,0,0,0,0,0,0,0,0,,,,6.84,6.84,6.84,10652,10680,0,29,0,0,0,0,0,0,29
2020-07-30T19:00:00Z,30,0,0,0,19.5,19.5,19.5,12.682333,12.66,12.69,0.025667,0.02,0.04,0,0,0,0,0,0,0,0,0,,,,6.84,6.84,6.84,10681,10710,0,30,0,0,0,0,0,0,30
2020-07-30T20:00:00Z,28,0,0,0,19.5,19.5,19.5,12.662857,12.65,12.67,0.029286,0.02,0.04,0,0,0,0,0,0,0,0,0,,,,6.84,6.84,6.84,10711,10740,0,28,0,0,0,0,0,0,28
2020-07-30T21:00:00Z,29,0,0,0,19.5,19.5,19.5,12.642414,12.63,12.66,0.027586,0.02,0.03,0,0,0,0,0,0,0,0,0,,,,6.84,6.84,6.84,10741,10769,0,29,0,0,0,0,0,0,29
2020-07-30T22:00:00Z,30,1.175,0,5.29,19.5,19.5,19.5,12.627,12.61,12.64,0.031333,0.02,0.06,0.044,0,0.33,0,0,0,0,0,0,,,,6.84,6.84,6.84,10770,10799,0,30,0,0,0,0,0,0,30
2020-07-30T23:00:00Z,29,12.6,7.02,13.57,19.5,19.5,19.5,12.736897,12.62,12.9,0.116897,0.05,0.22,1.495862,0.4,2.98,0,0,0,0,0,0,,,,6.84,6.84,6.84,10800,10828,0,29,0,0,0,0,0,0,29
2020-07-31T00:00:00Z,30,13.398,13.01,14.14,19.5,19.5,19.5,13.081,12.9,13.37,0.360667,0.21,0.55,4.855667,2.78,7.78,0,0,0,0,0,0,,,,6.84,6.84,6.84,10829,10858,0,30,0,0,0,0,0,0,30
2020-07-31T01:00:00Z,28,13.828214,13.54,14.23,19.5,19.5,19.5,13.428571,13.38,13.45,0.623571,0.57,0.66,8.6275,7.68,9.06,0,0,0,0,0,0,,,,6.84,6.84,6.84,10859,10887,0,28,0,0,0,0,0,0,28
2020-07-31T02:00:00Z,30,13.980667,13.56,14.69,19.5,19.5,19.5,13.558,13.41,13.84,0.894333,0.58,1.43,12.577333,7.85,20.69,0,0,0,0,0,0,,,,6.84,6.84,6.84,10888,10917,0,30,0,0,0,0,0,0,30
2020-07-31T03:00:00Z,29,15.039655,14.07,20.95,19.5,19.5,19.5,14.165172,13.8,14.71,1.773793,1.34,2.28,26.902759,18.9,47.41,0,0,0,0,0,0,,,,6.84,6.84,6.84,10918,10946,0,29,0,0,0,0,0,0,29
2020-07-31T04:00:00Z,30,17.913333,14.4,21.24,19.5,19.5,19.5,14.619,14.09,15.03,1.363,0.12,2.64,23.422333,2.52,43.84,0,0,0,0,0,0,,,,6.84,6.84,6.84,10947,10976,0,30,0,0,0,0,0,0,30
2020-07-31T05:00:00Z,30,19.381333,15.63,21.09,19.5,19.5,19.5,14.65,14.46,14.92,0.621,0.06,1.95,11.431,1.2,40.68,0,0,0,0,0,0,,,,6.84,6.84,6.84,10977,11006,0,30,0,0,0,0,0,0,30
2020-07-31T06:00:00Z,29,19.271034,15.67,21.24,19.5,19.5,19.5,14.703793,14.5,14.96,0.668966,0.07,1.83,12.241034,1.46,37.1,0,0,0,0,0,0,,,,6.84,6.84,6.84,11007,11035,0,29,0,0,0,0,0,0,29
2020-07-31T07:00:00Z,30,19.097667,15.81,21.12,19.5,19.5,19.5,14.770667,14.53,14.93,0.5,0.06,1.57,8.86,1.33,24.95,0,0,0,0,0,0,,,,6.84,6.84,6.84,11036,11065,0,30,0,0,0,0,0,0,30
2020-07-31T08:00:00Z,29,17.658621,14.52,20.96,19.5,19.5,19.5,14.711724,13.88,14.9,0.551379,0.06,0.91,9.703448,1.31,19,0,0,0,0,0,0,,,,6.84,6.84,6.84,11066,11094,0,29,0,0,0,0,0,0,29
2020-07-31T09:00:00Z,30,14.36,13.43,15.47,19.5,19.5,19.5,14.018333,13.1,14.7,0.369333,0.16,0.48,5.325333,2.15,7.42,0,0,0,0,0,0,,,,6.84,6.84,6.84,11095,11124,0,30,0,0,0,0,0,0,30
2020-07-31T10:00:00Z,29,9.867241,2.28,13.72,19.5,19.5,19.5,12.864483,12.81,13.07,0.074483,0.02,0.14,0.804828,0.12,1.9,0,0,0,0,0,0,,,,6.84,6.84,6.84,11125,11153,0,29,0,0,0,0,0,0,29
2020-07-31T11:00:00Z,30,0.516667,0,3,19.5,19.5,19.5,12.822333,12.8,12.85,0.031,-0.09,0.09,0.01,-0.22,0.15,0,0,0,0,0,0,,,,6.84,6.84,6.84,11154,11183,0,30,0,3,1,0,0,0,30
2020-07-31T12:00:00Z,30,0,0,0,19.5,19.5,19.5,12.801,12.77,12.82,0.025333,-0.01,0.06,0,0,0,0,0,0,0,0,0,,,,6.84,6.84,6.84,11184,11213,0,30,0,2,0,0,0,0,30
2020-07-31T13:00:00Z,29,0,0,0,19.5,19.5,19.5,12.781379,12.75,12.81,0.03,0,0.06,0,0,0,0,0,0,0,0,0,,,,6.84,6.84,6.84,11214,11242,0,29,0,0,0,0,0,0,29
2020-07-31T14:00:00Z,28,0,0,0,19.5,19.5,19.5,12.768929,12.75,12.79,0.029286,0.01,0.05,0,0,0,0,0,0,0,0,0,,,,6.84,6.84,6.84,11243,11270,0,28,0,0,0,0,0,0,28
2020-07-31T15:00:00Z,27,0,0,0,19.5,19.5,19.5,12.748889,12.73,12.77,0.028519,0,0.05,0,0,0,0,0,0,0,0,0,,,,6.84,6.84,6.84,2,28,0,27,0,0,0,0,0,0,27
2020-07-31T16:00:00Z,30,0,0,0,19.5,19.5,19.5,12.731667,12.72,12.75,0.019333,-0.08,0.06,0,0,0,0,0,0,0,0,0,,,,6.84,6.84,6.84,29,58,0,30,0,4,0,0,0,0,30
2020-07-31T17:00:00Z,29,0,0,0,19.5,19.5,19.5,12.712069,12.69,12.72,0.023103,0,0.04,0,0,0,0,0,0,0,0,0,,,,6.84,6.84,6.84,59,87,0,29,0,0,0,0,0,0,29
2020-07-31T18:00:00Z,30,0,0,0,19.5,19.5,19.5,12.700667,12.69,12.72,0.026,0.02,0.03,0,0,0,0,0,0,0,0,0,,,,6.84,6.84,6.84,88,117,0,30,0,0,0,0,0,0,30
2020-07-31T19:00:00Z,29,0,0,0,19.5,19.5,19.5,12.68,12.66,12.69,0.02931,0,0.07,0,0,0,0,0,0,0,0,0,,,,6.84,6.84,6.84,118,146,0,29,0,0,0,0,0,0,29
2020-07-31T20:00:00Z,29,0,0,0,19.5,19.5,19.5,12.662414,12.65,12.68,0.028621,0,0.06,0,0,0,0,0,0,0,0,0,,,,6.84,6.84,6.84,147,176,0,29,0,0,0,0,0,0,29
2020-07-31T21:00:00Z,30,0,0,0,19.5,19.5,19.5,12.642333,12.63,12.66,0.029333,-0.03,0.09,0,0,0,0,0,0,0,0,0,,,,6.84,6.84,6.84,177,206,0,30,0,2,0,0,0,0,30
2020-07-31T22:00:00Z,29,1.275517,0,5.22,19.5,19.5,19.5,12.622414,12.6,12.63,0.042759,0.02,0.15,0.044483,0,0.32,0,0,0,0,0,0,,,,6.84,6.84,6.84,207,235,0,29,0,0,0,0,0,0,29
2020-07-31T23:00:00Z,30,12.154667,5.08,13.55,19.5,19.5,19.5,12.722333,12.6,12.88,0.119333,0.03,0.22,1.502,0.2,2.86,0,0,0,0,0,0,,,,6.84,6.84,6.84,236,265,0,30,0,0,0,0,0,0,30
2020-08-01T00:00:00Z,29,13.476897,13.04,14.17,19.5,19.5,19.5,13.120345,12.91,13.44,0.382069,0.21,0.64,5.165862,2.8,8.94,0,0,0,0,0,0,,,,6.84,6.84,6.84,266,294,0,29,0,0,0,0,0,0,29
2020-08-01T01:00:00Z,29,14.18069,13.67,14.94,19.5,19.5,19.5,13.696207,13.49,14.09,1.231724,0.76,1.96,17.547241,10.36,28.5,0,0,0,0,0,0,,,,6.84,6.84,6.84,295,324,0,29,0,0,0,0,0,0,29
2020-08-01T02:00:00Z,28,14.549643,13.95,15.38,19.5,19.5,19.5,13.933571,13.66,14.3,1.526071,1.19,2.14,22.251071,16.74,31.43,0,0,0,0,0,0,,,,6.84,6.84,6.84,325,353,0,28,0,0,0,0,0,0,28
2020-08-01T03:00:00Z,30,15.054333,13.6,21.4,19.5,19.5,19.5,14.106,13.48,15.05,1.039,0.14,2.83,15.941333,2.95,46.18,0,0,0,0,0,0,,,,6.84,6.84,6.84,354,383,0,30,0,0,0,0,0,0,30
2020-08-01T04:00:00Z,29,18.593448,15.27,21.87,19.5,19.5,19.5,14.648966,14.4,14.86,0.838276,0.05,2.12,14.931379,1.14,44.71,0,0,0,0,0,0,,,,6.84,6.84,6.84,384,412,0,29,0,0,0,0,0,0,29
2020-08-01T05:00:00Z,30,20.615,16.62,21.68,19.5,19.5,19.5,14.666667,14.49,15.37,0.490667,-0.01,3.18,9.579,-0.24,63.3,0,0,0,0,0,0,,,,6.84,6.84,6.84,413,442,0,30,0,3,3,0,0,0,30
2020-08-01T06:00:00Z,29,18.102759,13.92,21.56,19.5,19.5,19.5,14.628966,13.8,14.91,0.448276,0.08,2.32,7.961034,1.62,49.15,0,0,0,0,0,0,,,,6.84,6.84,6.84,443,471,0,29,0,0,0,0,0,0,29
2020-08-01T07:00:00Z,30,20.028,14.43,21.73,19.5,19.5,19.5,14.638,14.26,14.93,0.357333,0.06,1.68,6.510667,1.34,26.83,0,0,0,0,0,0,,,,6.84,6.84,6.84,472,501,0,30,0,0,0,0,0,0,30
2020-08-01T08:00:00Z,30,18.344,15.66,21.34,19.5,19.5,19.5,14.799333,14.54,14.91,0.581667,0.08,1.15,10.257333,1.59,24.11,0,0,0,0,0,0,,,,6.84,6.84,6.84,502,531,0,30,0,0,0,0,0,0,30
2020-08-01T09:00:00Z,29,15.580345,13.31,20.28,19.5,19.5,19.5,14.298276,13.19,14.84,0.4,0.19,0.62,6.317241,2.59,10.91,0,0,0,0,0,0,,,,6.84,6.84,6.84,532,560,0,29,0,0,0,0,0,0,29
2020-08-01T10:00:00Z,30,11.378333,1.6,13.9,19.5,19.5,19.5,12.973333,12.81,13.21,0.124,-0.04,0.27,1.615667,-0.09,3.54,0,0,0,0,0,0,,,,6.84,6.84,6.84,561,590,0,30,0,1,1,0,0,0,30
2020-08-01T11:00:00Z,28,0.683214,0,3.02,19.5,19.5,19.5,12.823571,12.79,12.85,0.0325,-0.05,0.13,0.0325,-0.05,0.26,0,0,0,0,0,0,,,,6.84,6.84,6.84,591,619,0,28,0,8,4,0,0,0,28
2020-08-01T12:00:00Z,30,0,0,0,19.5,19.5,19.5,12.808,12.78,12.83,0.033667,-0.03,0.09,0,0,0,0,0,0,0,0,0,,,,6.84,6.84,6.84,620,649,0,30,0,3,0,0,0,0,30
2020-08-01T13:00:00Z,28,0,0,0,19.5,19.5,19.5,12.792143,12.78,12.83,0.034643,-0.02,0.08,0,0,0,0,0,0,0,0,0,,,,6.84,6.84,6.84,650,678,0,28,0,3,0,0,0,0,28
2020-08-01T14:00:00Z,29,0,0,0,19.5,19.5,19.5,12.776897,12.75,12.8,0.036552,-0.05,0.09,0,0,0,0,0,0,0,0,0,,,,6.84,6.84,6.84,679,708,0,29,0,2,0,0,0,0,29
2020-08-01T15:00:00Z,30,0,0,0,19.5,19.5,19.5,12.754,12.73,12.77,0.033667,-0.01,0.08,0,0,0,0,0,0,0,0,0,,,,6.84,6.84,6.84,709,738,0,30,0,2,0,0,0,0,30
2020-08-01T16:00:00Z,29,0,0,0,19.5,19.5,19.5,12.736207,12.72,12.75,0.029655,-0.01,0.09,0,0,0,0,0,0,0,0,0,,,,6.84,6.84,6.84,739,767,0,29,0,2,0,0,0,0,29
2020-08-01T17:00:00Z,30,0,0,0,19.5,19.5,19.5,12.721,12.7,12.73,0.026667,-0.05,0.09,0,0,0,0,0,0,0,0,0,,,,6.84,6.84,6.84,768,797,0,30,0,1,0,0,0,0,30
2020-08-01T18:00:00Z,29,0,0,0,19.5,19.5,19.5,12.707931,12.69,12.72,0.026552,0.01,0.04,0,0,0,0,0,0,0,0,0,,,,6.84,6.84,6.84,798,826,0,29,0,0,0,0,0,0,29
2020-08-01T19:00:00Z,30,0,0,0,19.5,19.5,19.5,12.693333,12.68,12.71,0.026,0.02,0.04,0,0,0,0,0,0,0,0,0,,,,6.84,6.84,6.84,827,856,0,30,0,0,0,0,0,0,30
2020-08-01T20:00:00Z,29,0,0,0,19.5,19.5,19.5,12.676552,12.66,12.69,0.028966,0.02,0.03,0,0,0,0,0,0,0,0,0,,,,6.84,6.84,6.84,857,885,0,29,0,0,0,0,0,0,29
2020-08-01T21:00:00Z,30,0,0,0,19.5,19.5,19.5,12.656,12.64,12.66,0.031,0.01,0.05,0,0,0,0,0,0,0,0,0,,,,6.84,6.84,6.84,886,915,0,30,0,0,0,0,0,0,30
2020-08-01T22:00:00Z,30,2.610667,0,13.13,19.5,19.5,19.5,12.635,12.62,12.65,0.034667,-0.01,0.09,0.112,-0.07,0.88,0,0,0,0,0,0,,,,6.84,6.84,6.84,916,945,0,30,0,1,1,0,0,0,30
2020-08-01T23:00:00Z,29,13.175517,12.72,13.63,19.5,19.5,19.5,12.852759,12.64,13.04,0.197931,0.01,0.34,2.621034,0.06,4.48,0,0,0,0,0,0,,,,6.84,6.84,6.84,946,974,0,29,0,0,0,0,0,0,29
2020-08-02T00:00:00Z,28,13.546071,13.18,14.25,19.5,19.5,19.5,13.206429,13.06,13.47,0.433214,0.31,0.69,5.893214,4.11,9.46,0,0,0,0,0,0,,,,6.84,6.84,6.84,975,1003,0,28,0,0,0,0,0,0,28
2020-08-02T01:00:00Z,29,14.074138,13.71,14.72,19.5,19.5,19.5,13.595517,13.51,13.78,0.976897,0.77,1.36,13.768966,10.76,20.02,0,0,0,0,0,0,,,,6.84,6.84,6.84,1005,1033,0,29,0,0,0,0,0,0,29
2020-08-02T02:00:00Z,30,14.643667,13.81,15.84,19.5,19.5,19.5,14.075,13.6,14.71,1.681333,0.89,2.48,24.819667,12.23,39.26,0,0,0,0,0,0,,,,6.84,6.84,6.84,1034,1063,0,30,0,0,0,0,0,0,30
2020-08-02T03:00:00Z,29,15.085862,13.47,20.87,19.5,19.5,19.5,14.158621,13.36,14.94,1.147931,0.19,2.69,17.82931,2.5,43.39,0,0,0,0,0,0,,,,6.84,6.84,6.84,1064,1092,0,29,0,0,0,0,0,0,29
2020-08-02T04:00:00Z,30,13.332333,12.01,13.83,19.5,19.5,19.5,13.084,13.01,13.14,0.139667,0.02,0.32,1.868333,0.28,4.29,0,0,0,0,0,0,,,,6.84,6.84,6.84,1093,1122,0,30,0,0,0,0,0,0,30
2020-08-02T05:00:00Z,29,13.225517,13.04,13.75,19.5,19.5,19.5,13.042759,12.95,13.13,0.156207,0.08,0.24,2.053103,0.98,3.26,0,0,0,0,0,0,,,,6.84,6.84,6.84,1123,1151,0,29,0,0,0,0,0,0,29
2020-08-02T06:00:00Z,30,13.377,13.13,13.85,19.5,19.5,19.5,13.07,13.05,13.15,0.227333,0.16,0.31,3.035333,2.13,4.14,0,0,0,0,0,0,,,,6.84,6.84,6.84,1152,1181,0,30,0,0,0,0,0,0,30
2020-08-02T07:00:00Z,30,13.773333,13.36,14.32,19.5,19.5,19.5,13.443,13.18,13.66,0.481,0.34,0.6,6.63,4.64,8.36,0,0,0,0,0,0,,,,6.84,6.84,6.84,1182,1211,0,30,0,0,0,0,0,0,30
2020-08-02T08:00:00Z,29,14.143448,13.42,14.91,19.5,19.5,19.5,13.773793,13.32,14.06,0.608621,0.24,0.74,8.641724,3.26,10.78,0,0,0,0,0,0,,,,6.84,6.84,6.84,1212,1240,0,29,0,0,0,0,0,0,29
2020-08-02T09:00:00Z,30,13.694333,13.07,14.48,19.5,19.5,19.5,13.342333,12.99,13.8,0.304,0.12,0.53,4.182667,1.5,7.33,0,0,0,0,0,0,,,,6.84,6.84,6.84,1241,1270,0,30,0,0,0,0,0,0,30
2020-08-02T10:00:00Z,29,4.547931,0.55,13.6,19.5,19.5,19.5,12.805517,12.75,12.96,0.048621,-0.03,0.13,0.287931,-0.06,1.65,0,0,0,0,0,0,,,,6.84,6.84,6.84,1271,1299,0,29,0,1,1,0,0,0,29
2020-08-02T11:00:00Z,30,0.281667,0,3.03,19.5,19.5,19.5,12.769667,12.75,12.79,0.036333,0,0.07,0.011667,0,0.12,0,0,0,0,0,0,,,,6.84,6.84,6.84,1300,1329,0,30,0,0,0,0,0,0,30
2020-08-02T12:00:00Z,29,0,0,0,19.5,19.5,19.5,12.75931,12.73,12.78,0.027241,-0.03,0.08,0,0,0,0,0,0,0,0,0,,,,6.84,6.84,6.84,1330,1359,0,29,0,4,0,0,0,0,29
2020-08-02T13:00:00Z,28,0,0,0,19.5,19.5,19.5,12.746786,12.72,12.77,0.027143,-0.12,0.08,0,0,0,0,0,0,0,0,0,,,,6.84,6.84,6.84,1360,1388,0,28,0,5,0,0,0,0,28
2020-08-02T14:00:00Z,29,0,0,0,19.5,19.5,19.5,12.73,12.72,12.75,0.034828,-0.03,0.09,0,0,0,0,0,0,0,0,0,,,,6.84,6.84,6.84,1389,1417,0,29,0,3,0,0,0,0,29
2020-08-02T15:00:00Z,30,0,0,0,19.5,19.5,19.5,12.720333,12.71,12.74,0.032,0.01,0.05,0,0,0,0,0,0,0,0,0,,,,6.84,6.84,6.84,1418,1447,0,30,0,0,0,0,0,0,30
2020-08-02T16:00:00Z,30,0,0,0,19.5,19.5,19.5,12.699,12.68,12.72,0.031333,0.02,0.05,0,0,0,0,0,0,0,0,0,,,,6.84,6.84,6.84,1448,1477,0,30,0,0,0,0,0,0,30
2020-08-02T17:00:00Z,29,0,0,0,19.5,19.5,19.5,12.678621,12.66,12.69,0.028276,0.02,0.04,0,0,0,0,0,0,0,0,0,,,,6.84,6.84,6.84,1478,1506,0,29,0,0,0,0,0,0,29
2020-08-02T18:00:00Z,30,0,0,0,19.5,19.5,19.5,12.663,12.65,12.68,0.03,0.02,0.05,0,0,0,0,0,0,0,0,0,,,,6.84,6.84,6.84,1507,1536,0,30,0,0,0,0,0,0,30
2020-08-02T19:00:00Z,29,0,0,0,19.5,19.5,19.5,12.638276,12.63,12.65,0.028966,0.02,0.04,0,0,0,0,0,0,0,0,0,,,,6.84,6.84,6.84,1537,1565,0,29,0,0,0,0,0,0,29
2020-08-02T20:00:00Z,30,0,0,0,19.5,19.5,19.5,12.621,12.6,12.63,0.031,0.02,0.04,0,0,0,0,0,0,0,0,0,,,,6.84,6.84,6.84,1566,1595,0,30,0,0,0,0,0,0,30
2020-08-02T21:00:00Z,29,0,0,0,19.5,19.5,19.5,12.600345,12.59,12.61,0.03069,0.02,0.04,0,0,0,0,0,0,0,0,0,,,,6.84,6.84,6.84,1596,1625,0,29,0,0,0,0,0,0,29
2020-08-02T22:00:00Z,27,1.657407,0,8.38,19.5,19.5,19.5,12.595185,12.58,12.6,0.035185,0.02,0.06,0.075185,0,0.48,0,0,0,0,0,0,,,,6.84,6.84,6.84,1626,1654,0,27,0,0,0,0,0,0,27
2020-08-02T23:00:00Z,29,13.006897,11.85,13.81,19.5,19.5,19.5,12.786552,12.59,13.07,0.183448,0.05,0.39,2.397241,0.62,5.34,0,0,0,0,0,0,,,,6.84,6.84,6.84,1655,1683,0,29,0,0,0,0,0,0,29
2020-08-03T00:00:00Z,30,13.648,13.18,14.09,19.5,19.5,19.5,13.242333,12.87,13.36,0.411333,0.14,0.52,5.617667,1.95,7.33,0,0,0,0,0,0,,,,6.84,6.84,6.84,1684,1713,0,30,0,0,0,0,0,0,30
2020-08-03T01:00:00Z,30,13.501,13.08,13.96,19.5,19.5,19.5,13.143333,12.98,13.29,0.334333,0.14,0.43,4.522,1.96,5.77,0,0,0,0,0,0,,,,6.84,6.84,6.84,1714,1743,0,30,0,0,0,0,0,0,30
2020-08-03T02:00:00Z,29,13.621379,13.32,14.05,19.5,19.5,19.5,13.278966,13.2,13.41,0.403103,0.33,0.56,5.495517,4.39,7.52,0,0,0,0,0,0,,,,6.84,6.84,6.84,1744,1772,0,29,0,0,0,0,0,0,29
2020-08-03T03:00:00Z,27,13.69,13.28,14.22,19.5,19.5,19.5,13.43,13.18,13.56,0.582222,0.23,0.78,7.975926,3,10.74,0,0,0,0,0,0,,,,6.84,6.84,6.84,1773,1801,0,27,0,0,0,0,0,0,27
2020-08-03T04:00:00Z,29,13.626897,13.24,14.3,19.5,19.5,19.5,13.278276,13.12,13.51,0.421034,0.21,0.76,5.773103,2.96,10.51,0,0,0,0,0,0,,,,6.84,6.84,6.84,1802,1831,0,29,0,0,0,0,0,0,29
2020-08-03T05:00:00Z,18,14.083889,13.72,14.76,19.5,19.5,19.5,13.706667,13.54,13.84,1.048889,0.78,1.28,14.807222,10.63,18.36,0,0,0,0,0,0,,,,6.84,6.84,6.84,1832,1859,0,18,0,0,0,0,0,0,18
2020-08-03T06:00:00Z,29,14.327931,13.81,15.02,19.5,19.5,19.5,13.873448,13.6,14.14,1.135862,0.79,1.62,16.32931,10.97,23.48,0,0,0,0,0,0,,,,6.84,6.84,6.84,1860,1888,0,29,0,0,0,0,0,0,29
2020-08-03T07:00:00Z,30,14.506,14.16,15.02,19.5,19.5,19.5,14.035667,13.93,14.12,0.972667,0.8,1.13,14.116667,11.44,16.78,0,0,0,0,0,0,,,,6.84,6.84,6.84,1889,1918,0,30,0,0,0,0,0,0,30
2020-08-03T08:00:00Z,30,14.311667,13.93,14.87,19.5,19.5,19.5,13.903,13.78,14.02,0.656333,0.54,0.79,9.393333,7.49,11.7,0,0,0,0,0,0,,,,6.84,6.84,6.84,1919,1948,0,30,0,0,0,0,0,0,30
2020-08-03T09:00:00Z,29,13.942759,13.41,14.69,19.5,19.5,19.5,13.606552,13.31,13.88,0.435862,0.28,0.58,6.098621,3.89,8.5,0,0,0,0,0,0,,,,6.84,6.84,6.84,1949,1977,0,29,0,0,0,0,0,0,29
2020-08-03T10:00:00Z,30,12.880667,6.46,14,19.5,19.5,19.5,13.044333,12.84,13.3,0.153333,0.02,0.3,2.035333,0.27,4.21,0,0,0,0,0,0,,,,6.84,6.84,6.84,1978,2007,0,30,0,0,0,0,0,0,30
2020-08-03T11:00:00Z,29,0.815517,0,4.71,19.5,19.5,19.5,12.827241,12.79,12.87,0.037931,0,0.07,0.038966,0,0.33,0,0,0,0,0,0,,,,6.84,6.84,6.84,2008,2036,0,29,0,0,0,0,0,0,29
2020-08-03T12:00:00Z,30,0,0,0,19.5,19.5,19.5,12.795667,12.76,12.82,0.034667,0,0.07,0,0,0,0,0,0,0,0,0,,,,6.84,6.84,6.84,2037,2066,0,30,0,0,0,0,0,0,30
2020-08-03T13:00:00Z,29,0,0,0,19.5,19.5,19.5,12.772414,12.74,12.81,0.033793,0,0.07,0,0,0,0,0,0,0,0,0,,,,6.84,6.84,6.84,2067,2095,0,29,0,0,0,0,0,0,29
2020-08-03T14:00:00Z,30,0,0,0,19.5,19.5,19.5,12.758,12.72,12.78,0.034,0.01,0.06,0,0,0,0,0,0,0,0,0,,,,6.84,6.84,6.84,2096,2125,0,30,0,0,0,0,0,0,30
2020-08-03T15:00:00Z,30,0,0,0,19.5,19.5,19.5,12.736333,12.72,12.75,0.032,0.01,0.05,0,0,0,0,0,0,0,0,0,,,,6.84,6.84,6.84,2126,2155,0,30,0,0,0,0,0,0,30
2020-08-03T16:00:00Z,27,0,0,0,19.5,19.5,19.5,12.718519,12.69,12.73,0.035185,0.01,0.05,0,0,0,0,0,0,0,0,0,,,,6.84,6.84,6.84,2156,2184,0,27,0,0,0,0,0,0,27
2020-08-03T17:00:00Z,30,0,0,0,19.5,19.5,19.5,12.699,12.69,12.72,0.03,0.02,0.05,0,0,0,0,0,0,0,0,0,,,,6.84,6.84,6.84,2185,2214,0,30,0,0,0,0,0,0,30
2020-08-03T18:00:00Z,29,0,0,0,19.5,19.5,19.5,12.67931,12.67,12.69,0.027931,0.02,0.04,0,0,0,0,0,0,0,0,0,,,,6.84,6.84,6.84,2215,2243,0,29,0,0,0,0,0,0,29
2020-08-03T19:00:00Z,30,0,0,0,19.5,19.5,19.5,12.658333,12.65,12.67,0.029333,0.02,0.04,0,0,0,0,0,0,0,0,0,,,,6.84,6.84,6.84,2244,2273,0,30,0,0,0,0,0,0,30
2020-08-03T20:00:00Z,29,0,0,0,19.5,19.5,19.5,12.636897,12.63,12.66,0.03,0.02,0.04,0,0,0,0,0,0,0,0,0,,,,6.84,6.84,6.84,2274,2302,0,29,0,0,0,0,0,0,29
2020-08-03T21:00:00Z,30,0,0,0,19.5,19.5,19.5,12.618,12.6,12.63,0.031,0.01,0.06,0,0,0,0,0,0,0,0,0,,,,6.84,6.84,6.84,2303,2332,0,30,0,0,0,0,0,0,30
2020-08-03T22:00:00Z,29,2.353448,0,12.92,19.5,19.5,19.5,12.597931,12.58,12.61,0.033793,-0.01,0.09,0.116552,0,0.74,0,0,0,0,0,0,,,,6.84,6.84,6.84,2333,2361,0,29,0,2,0,0,0,0,29
2020-08-03T23:00:00Z,30,13.148333,12.66,13.62,19.5,19.5,19.5,12.807,12.59,12.92,0.178333,0.06,0.28,2.328667,0.75,3.85,0,0,0,0,0,0,,,,6.84,6.84,6.84,2362,2391,0,30,0,0,0,0,0,0,30
2020-08-04T00:00:00Z,29,13.555172,13.04,14.21,19.5,19.5,19.5,13.224828,12.93,13.47,0.471724,0.27,0.69,6.423448,3.47,9.47,0,0,0,0,0,0,,,,6.84,6.84,6.84,2392,2420,0,29,0,0,0,0,0,0,29
2020-08-04T01:00:00Z,25,13.9356,13.65,14.51,19.5,19.5,19.5,13.5436,13.49,13.62,0.8236,0.72,0.97,11.4608,9.87,14.01,0,0,0,0,0,0,,,,6.84,6.84,6.84,2421,2449,0,25,0,0,0,0,0,0,25
2020-08-04T02:00:00Z,25,14.3212,13.78,15.67,19.5,19.5,19.5,13.8604,13.57,14.67,1.258,0.85,2.23,18.2376,11.73,35.01,0,0,0,0,0,0,,,,6.84,6.84,6.84,2453,2478,0,25,0,0,0,0,0,0,25
2020-08-04T03:00:00Z,14,14.68,14.21,15.63,19.5,19.5,19.5,14.180714,13.94,14.63,1.31,1.17,1.52,19.258571,16.76,22.5,0,0,0,0,0,0,,,,6.84,6.84,6.84,2483,2503,0,14,0,0,0,0,0,0,14
2020-08-04T04:00:00Z,24,15.619167,13.58,21.12,19.5,19.5,19.5,14.360417,13.47,14.84,0.83625,0.08,1.54,12.84625,1.71,24.54,0,0,0,0,0,0,,,,6.84,6.84,6.84,2511,2535,0,24,0,0,0,0,0,0,24
2020-08-04T05:00:00Z,30,18.950667,15.66,21.03,19.5,19.5,19.5,14.688667,14.44,14.99,1.048,0.11,3.68,19.859,2.28,76.64,0,0,0,0,0,0,,,,6.84,6.84,6.84,2536,2565,0,30,0,1,4,0,0,0,30
2020-08-04T06:00:00Z,29,18.397586,15.61,21.18,19.5,19.5,19.5,14.720345,14.46,14.9,0.566552,0.07,1.48,9.667586,1.45,23.5,0,0,0,0,0,0,,,,6.84,6.84,6.84,2566,2594,0,29,0,0,0,0,0,0,29
2020-08-04T07:00:00Z,24,18.941667,15.7,21.61,19.5,19.5,19.5,14.750417,14.5,15.03,0.7325,-0.03,2.62,13.73625,-0.72,55.78,0,0,0,0,0,0,,,,6.84,6.84,6.84,2595,2623,0,24,0,1,2,0,0,0,24
2020-08-04T08:00:00Z,29,16.656552,13.69,21.61,19.5,19.5,19.5,14.366897,13.55,14.96,0.58069,0.03,2.23,9.958621,0.59,48.28,0,0,0,0,0,0,,,,6.84,6.84,6.84,2624,2653,0,29,0,0,0,0,0,0,29
2020-08-04T09:00:00Z,29,17.247931,13.66,21.11,19.5,19.5,19.5,14.400345,13.45,14.98,0.44069,0.06,1.25,7.302759,1.32,22.93,0,0,0,0,0,0,,,,6.84,6.84,6.84,2654,2682,0,29,0,0,0,0,0,0,29
2020-08-04T10:00:00Z,30,13.559333,12.95,14.11,19.5,19.5,19.5,13.175667,12.85,13.47,0.21,0.06,0.36,2.861,0.81,5.12,0,0,0,0,0,0,,,,6.84,6.84,6.84,2683,2712,0,30,0,0,0,0,0,0,30
2020-08-04T11:00:00Z,29,1.673793,0,13.27,19.5,19.5,19.5,12.838966,12.81,12.87,0.035172,-0.01,0.08,0.074138,0,0.84,0,0,0,0,0,0,,,,6.84,6.84,6.84,2713,2741,0,29,0,1,0,0,0,0,29
2020-08-04T12:00:00Z,30,0,0,0,19.5,19.5,19.5,12.814,12.79,12.84,0.037,-0.02,0.1,0,0,0,0,0,0,0,0,0,,,,6.84,6.84,6.84,2742,2771,0,30,0,4,0,0,0,0,30
2020-08-04T13:00:00Z,28,0,0,0,19.5,19.5,19.5,12.798929,12.78,12.83,0.026429,0,0.07,0,0,0,0,0,0,0,0,0,,,,6.84,6.84,6.84,2772,2800,0,28,0,0,0,0,0,0,28
2020-08-04T14:00:00Z,29,0,0,0,19.5,19.5,19.5,12.777931,12.76,12.8,0.033103,0,0.06,0,0,0,0,0,0,0,0,0,,,,6.84,6.84,6.84,2801,2830,0,29,0,0,0,0,0,0,29
2020-08-04T15:00:00Z,29,0,0,0,19.5,19.5,19.5,12.765172,12.75,12.78,0.032759,0,0.08,0,0,0,0,0,0,0,0,0,,,,6.84,6.84,6.84,2831,2859,0,29,0,0,0,0,0,0,29
2020-08-04T16:00:00Z,30,0,0,0,19.5,19.5,19.5,12.745667,12.72,12.77,0.03,0.01,0.05,0,0,0,0,0,0,0,0,0,,,,6.84,6.84,6.84,2860,2889,0,30,0,0,0,0,0,0,30
2020-08-04T17:00:00Z,29,0,0,0,19.5,19.5,19.5,12.73,12.72,12.75,0.029655,0.02,0.04,0,0,0,0,0,0,0,0,0,,,,6.84,6.84,6.84,2890,2918,0,29,0,0,0,0,0,0,29
2020-08-04T18:00:00Z,30,0,0,0,19.5,19.5,19.5,12.717333,12.7,12.72,0.028,0.02,0.04,0,0,0,0,0,0,0,0,0,,,,6.84,6.84,6.84,2919,2948,0,30,0,0,0,0,0,0,30
2020-08-04T19:00:00Z,29,0,0,0,19.5,19.5,19.5,12.696897,12.69,12.72,0.027241,0.02,0.04,0,0,0,0,0,0,0,0,0,,,,6.84,6.84,6.84,2949,2977,0,29,0,0,0,0,0,0,29
2020-08-04T20:00:00Z,30,0,0,0,19.5,19.5,19.5,12.685667,12.67,12.7,0.03,0.02,0.04,0,0,0,0,0,0,0,0,0,,,,6.84,6.84,6.84,2978,3007,0,30,0,0,0,0,0,0,30
2020-08-04T21:00:00Z,30,0,0,0,19.5,19.5,19.5,12.664667,12.65,12.68,0.031,0.03,0.04,0,0,0,0,0,0,0,0,0,,,,6.84,6.84,6.84,3008,3037,0,30,0,0,0,0,0,0,30
2020-08-04T22:00:00Z,28,2.412143,0,13.23,19.5,19.5,19.5,12.646071,12.63,12.67,0.035714,0.02,0.06,0.118214,0,0.8,0,0,0,0,0,0,,,,6.84,6.84,6.84,3038,3066,0,28,0,0,0,0,0,0,28
2020-08-04T23:00:00Z,30,13.22,12.73,13.83,19.5,19.5,19.5,12.897667,12.65,13.09,0.218,0.09,0.38,2.882333,1.09,5.28,0,0,0,0,0,0,,,,6.84,6.84,6.84,3067,3096,0,30,0,0,0,0,0,0,30
2020-08-05T00:00:00Z,29,13.713448,13.25,14.28,19.5,19.5,19.5,13.362414,13.12,13.54,0.584483,0.39,0.87,8.033103,5.13,12.01,0,0,0,0,0,0,,,,6.84,6.84,6.84,3097,3125,0,29,0,0,0,0,0,0,29
2020-08-05T01:00:00Z,26,13.953846,13.52,14.45,19.5,19.5,19.5,13.482308,13.36,13.65,0.7,0.51,0.98,9.799615,6.88,13.64,0,0,0,0,0,0,,,,6.84,6.84,6.84,3126,3154,0,26,0,0,0,0,0,0,26
2020-08-05T02:00:00Z,28,14.691071,13.86,20.42,11.785357,4.55,19.5,13.998214,13.65,14.69,1.3625,0.32,2.14,19.936071,6.49,33.55,9.621786,0,13.96,0.098929,0,2.77,29.975,28.7,30.5,4.889643,4.07,6.84,1,3163,0,8,0,0,0,0,0,0,8
2020-08-05T03:00:00Z,21,17.63381,14.46,20.98,12.002857,11.83,12.36,14.51,14.14,14.78,1.2,0.06,2.14,20.375714,1.32,44.81,13.868095,13.53,14.19,0.174286,0,2.29,30.714286,30.5,31,4.12381,4.12,4.13,21,49,0,0,0,0,0,0,0,0,0
2020-08-05T04:00:00Z,30,19.008667,15.57,21.23,10.455,4.62,12.5,14.658,14.4,15.12,0.611333,0.07,1.91,10.867,1.41,36.68,13.988667,13.75,14.52,3.527667,0,11.72,31.193333,30.9,31.5,4.128333,4.12,4.13,50,79,0,0,0,0,0,0,0,0,0
2020-08-05T05:00:00Z,29,16.272759,13.99,21.02,4.535517,4.48,4.63,14.495862,13.85,14.86,0.507241,0.11,0.92,8.155517,2.3,18.11,13.835862,13.23,14.19,1.161379,0,8.9,31.362069,31.2,31.7,4.123103,4.12,4.13,80,108,0,0,0,0,0,0,0,0,0
2020-08-05T06:00:00Z,22,18.880455,13.97,21.23,7.563182,4.45,12.06,14.648182,13.85,14.95,0.462727,0.08,1.27,8.347727,1.57,24.61,13.991364,13.23,14.27,2.197727,0,12.25,31.977273,31.7,32.1,4.127727,4.12,4.14,109,137,0,0,0,0,0,0,0,0,0
2020-08-05T07:00:00Z,22,14.867273,13.32,20.51,4.487727,4.4,4.56,14.095,13.21,14.83,0.408182,0.19,0.69,6.217727,2.59,14.13,13.448636,12.56,14.18,10.255,0,13.24,32.036364,31.9,32.1,4.121818,4.12,4.13,138,165,0,0,0,0,0,0,0,0,0
2020-08-05T08:00:00Z,30,17.620667,13.46,21.27,5.302,4.49,12.08,14.547667,13.34,14.92,0.468333,0.07,1.02,7.889667,1.46,16.09,13.89,12.71,14.27,9.565667,7.04,12.54,32.196667,31.9,32.4,4.129667,4.12,4.14,166,195,0,0,0,0,0,0,0,0,0
2020-08-05T09:00:00Z,29,11.62931,2.53,15.64,3.602759,1.97,4.53,13.24931,12.83,14.82,0.164138,0.01,0.58,2.247241,0.07,9.13,12.610345,12.19,14.15,8.005517,0,12.04,32.148276,32,32.4,4.116207,4.1,4.13,196,224,0,0,0,0,0,0,0,0,0
2020-08-05T10:00:00Z,30,1.791333,0,4.25,0.287,0,1.55,12.834333,12.82,12.85,0.039,-0.01,0.09,0.056333,-0.02,0.16,12.212667,12.18,12.23,6.477667,0,13.72,31.206667,30.9,31.9,4.094667,4.09,4.11,225,254,0,0,0,1,1,0,0,0,0
2020-08-05T11:00:00Z,30,0.538,0,3.91,0.024667,0,0.74,12.819333,12.78,12.84,0.031,-0.01,0.08,0.021667,0,0.29,12.186,12.17,12.21,2.482,0,12.2,30.806667,30.7,30.9,4.077667,4.07,4.09,255,284,0,0,0,1,0,0,0,0,0
2020-08-05T12:00:00Z,29,0,0,0,0,0,0,12.792759,12.75,12.83,0.023448,-0.08,0.09,0,0,0,12.168966,12.13,12.18,8.32,0,13.26,30.568966,30.3,30.9,4.064138,4.06,4.07,285,313,0,0,0,6,0,0,0,0,0
2020-08-05T13:00:00Z,30,0,0,0,0,0,0,12.777667,12.76,12.79,0.026,-0.06,0.06,0,0,0,12.143667,12.13,12.16,5.925667,0,13.53,30.15,30,30.4,4.051333,4.04,4.06,314,343,0,0,0,2,0,0,0,0,0
2020-08-05T14:00:00Z,29,0,0,0,0,0,0,12.759655,12.74,12.78,0.036207,0.01,0.07,0,0,0,12.13,12.12,12.15,3.033103,0,11.56,29.834483,29.7,30,4.040345,4.04,4.05,344,372,0,0,0,0,0,0,0,0,0
2020-08-05T15:00:00Z,30,0,0,0,0,0,0,12.742667,12.72,12.77,0.030667,0.01,0.05,0,0,0,12.110333,12.09,12.12,2.300667,0,10.23,29.633333,29.5,29.7,4.031,4.03,4.04,373,402,0,0,0,0,0,0,0,0,0
2020-08-05T16:00:00Z,29,0,0,0,0,0,0,12.722759,12.71,12.74,0.03,0.01,0.05,0,0,0,12.092069,12.08,12.11,0.933793,0,10.62,29.441379,29.4,29.5,4.023793,4.02,4.03,403,431,0,0,0,0,0,0,0,0,0
2020-08-05T17:00:00Z,30,0,0,0,0,0,0,12.704667,12.69,12.72,0.032667,0.01,0.06,0,0,0,12.074,12.06,12.08,2.659,0,9.9,29.346667,29.3,29.4,4.015333,4.01,4.02,432,461,0,0,0,0,0,0,0,0,0
2020-08-05T18:00:00Z,29,0,0,0,0,0,0,12.687241,12.67,12.7,0.028621,0.02,0.04,0,0,0,12.053103,12.04,12.07,2.425862,0,12.46,29.193103,29,29.3,4.01,4.01,4.01,462,490,0,0,0,0,0,0,0,0,0
2020-08-05T19:00:00Z,30,0,0,0,0,0,0,12.665667,12.65,12.68,0.031333,0.02,0.05,0,0,0,12.041,12.02,12.05,2.73,0,11.57,28.95,28.8,29.1,4.001,4,4.01,491,520,0,0,0,0,0,0,0,0,0
2020-08-05T20:00:00Z,30,0,0,0,0,0,0,12.647333,12.63,12.66,0.029667,0.02,0.04,0,0,0,12.021667,12.01,12.04,0.731667,0,9.79,28.783333,28.7,28.9,3.999,3.99,4,521,550,0,0,0,0,0,0,0,0,0
2020-08-05T21:00:00Z,29,0,0,0,0,0,0,12.628276,12.62,12.64,0.031034,0.03,0.04,0,0,0,11.997586,11.98,12.02,0,0,0,28.593103,28.5,28.7,3.991034,3.99,4,551,579,0,0,0,0,0,0,0,0,0
2020-08-05T22:00:00Z,29,3.123448,0,13.12,1.201034,0,3.95,12.618966,12.6,12.64,0.041379,0.03,0.08,0.16931,0,1.03,11.988621,11.96,12.01,0,0,0,28.486207,28.4,28.9,3.99,3.99,3.99,580,609,0,0,0,0,0,0,0,0,0
2020-08-05T23:00:00Z,29,13.193793,12.72,13.76,4.135172,3.44,4.33,12.872414,12.63,13.05,0.21069,0.08,0.35,2.793793,1.03,4.61,12.237586,12.02,12.39,0,0,0,29.258621,29,29.3,3.985862,3.98,3.99,610,638,0,0,0,0,0,0,0,0,0
2020-08-06T00:00:00Z,30,13.621667,13.27,14.07,4.357,4.33,4.41,13.274333,13.07,13.44,0.456,0.36,0.56,6.196667,5.02,7.61,12.635333,12.42,12.81,0,0,0,29.296667,29.2,29.3,3.991,3.99,4,639,668,0,0,0,0,0,0,0,0,0
2020-08-06T01:00:00Z,25,14.144,13.6,14.87,4.5364,4.42,4.64,13.6672,13.45,14.03,1.0412,0.6,1.82,14.7776,8.1,26.73,13.0204,12.82,13.38,0,0,0,29.3,29.3,29.3,4.0284,4,4.06,672,697,0,0,0,0,0,0,0,0,0
2020-08-06T02:00:00Z,29,14.352069,13.92,14.93,6.157931,4.57,12.2,13.828276,13.7,14.08,1.205517,1.02,1.57,17.343103,14.25,22.68,13.181379,13.06,13.45,0,0,0,29.337931,29.3,29.5,4.091379,4.06,4.12,698,726,0,0,0,0,0,0,0,0,0
2020-08-06T03:00:00Z,24,17.230833,14.27,21.38,11.96375,4.62,13.14,14.394167,13.89,15.03,1.222083,0.12,2.66,19.949167,2.59,43.22,13.70125,13.23,14.25,2.767083,0,11.57,29.675,29.4,30,4.121667,4.12,4.13,727,755,0,0,0,0,0,0,0,0,0
2020-08-06T04:00:00Z,30,18.457,14.88,21.3,11.801333,4.64,12.84,14.689,14.41,15.13,1.037333,0.08,3.37,18.376,1.56,69.77,14.002,13.75,14.57,1.119667,0,9.16,30.196667,29.8,30.5,4.127667,4.12,4.13,756,785,0,0,0,1,1,0,0,0,0
2020-08-06T05:00:00Z,29,19.088621,15.81,21.43,11.405517,4.6,13.09,14.743448,14.48,15.12,0.971724,0.05,3.55,17.49069,1.11,73.74,14.077586,13.83,14.75,5.087586,0,12.11,30.731034,30.5,30.9,4.128621,4.12,4.13,786,814,0,0,0,1,1,0,0,0,0
2020-08-06T06:00:00Z,28,19.606786,15.6,21.45,10.276429,4.53,12.78,14.675357,14.49,15.06,0.378571,0.06,2.12,7.003571,1.2,43.01,13.979286,13.81,14.33,9.702857,0,12.77,31.225,30.9,31.5,4.1275,4.12,4.13,815,844,0,0,0,0,0,0,0,0,0
2020-08-06T07:00:00Z,26,19.952692,15.73,21.38,11.800769,4.63,12.71,14.644615,14.51,14.94,0.477692,0.05,2.03,8.922692,1.08,42.43,13.982308,13.84,14.3,8.441538,0,12.68,31.765385,31.3,32,4.130385,4.13,4.14,845,873,0,0,0,0,0,0,0,0,0
2020-08-06T08:00:00Z,28,15.984643,13.36,21.13,5.5375,4.39,12.33,14.03,13.26,14.93,0.352857,0.07,0.87,5.669286,1.42,17.92,13.381429,12.61,14.23,8.497143,0,11.84,31.889286,31.7,32.1,4.122143,4.12,4.13,874,902,0,0,0,0,0,0,0,0,0
2020-08-06T09:00:00Z,30,13.914333,13.02,14.96,4.403667,3.52,4.49,13.55,12.95,14.18,0.323,0.14,0.43,4.522333,1.81,6.31,12.917667,12.3,13.55,0,0,0,31.813333,31.7,32,4.123667,4.12,4.13,903,932,0,0,0,0,0,0,0,0,0
2020-08-06T10:00:00Z,29,8.474828,1.24,13.55,2.88,1.22,4.04,12.848621,12.81,12.93,0.066897,0.02,0.13,0.663793,0.02,1.72,12.224483,12.18,12.29,0,0,0,31.851724,31.3,32,4.10931,4.1,4.12,933,961,0,0,0,0,0,0,0,0,0
2020-08-06T11:00:00Z,30,0.322,0,3.35,0.101333,0,1.12,12.823,12.79,12.84,0.035333,-0.02,0.08,0.010667,-0.01,0.1,12.198667,12.17,12.22,3.094667,0,10.87,31.043333,30.9,31.3,4.089667,4.08,4.1,962,991,0,0,0,1,1,0,0,0,0
2020-08-06T12:00:00Z,29,0,0,0,0,0,0,12.798276,12.77,12.83,0.034138,-0.01,0.09,0,0,0,12.173448,12.15,12.19,1.156897,0,11.32,30.9,30.9,30.9,4.074138,4.07,4.08,992,1020,0,0,0,1,0,0,0,0,0
2020-08-06T13:00:00Z,30,0,0,0,0,0,0,12.786333,12.76,12.81,0.029667,0,0.06,0,0,0,12.158333,12.14,12.18,4.550667,0,11.08,30.663333,30.5,30.9,4.058333,4.05,4.07,1021,1050,0,0,0,0,0,0,0,0,0
2020-08-06T14:00:00Z,29,0,0,0,0,0,0,12.768621,12.75,12.78,0.032759,-0.02,0.06,0,0,0,12.13931,12.13,12.15,4.855517,0,12.09,30.389655,30.2,30.5,4.046207,4.04,4.05,1051,1079,0,0,0,2,0,0,0,0,0
2020-08-06T15:00:00Z,30,0,0,0,0,0,0,12.748667,12.73,12.77,0.032667,0,0.06,0,0,0,12.117,12.11,12.13,5.157333,0,12.52,30.093333,29.9,30.2,4.038,4.03,4.04,1080,1109,0,0,0,0,0,0,0,0,0
2020-08-06T16:00:00Z,30,0,0,0,0,0,0,12.737,12.72,12.75,0.03,0.01,0.05,0,0,0,12.107333,12.09,12.12,0.205667,0,4.44,29.783333,29.7,29.9,4.03,4.03,4.03,1110,1139,0,0,0,0,0,0,0,0,0
2020-08-06T17:00:00Z,29,0,0,0,0,0,0,12.716897,12.7,12.74,0.026552,0.01,0.05,0,0,0,12.087241,12.07,12.1,0.579655,0,7.65,29.603448,29.5,29.7,4.021034,4.02,4.03,1140,1168,0,0,0,0,0,0,0,0,0
2020-08-06T18:00:00Z,30,0,0,0,0,0,0,12.699333,12.68,12.72,0.027333,0.01,0.04,0,0,0,12.073667,12.06,12.09,0.037667,0,1.13,29.436667,29.4,29.5,4.011333,4.01,4.02,1169,1198,0,0,0,0,0,0,0,0,0
2020-08-06T19:00:00Z,29,0,0,0,0,0,0,12.685172,12.67,12.69,0.028966,0.02,0.04,0,0,0,12.055862,12.05,12.07,0,0,0,29.344828,29.3,29.4,4.007931,4,4.01,1199,1227,0,0,0,0,0,0,0,0,0
2020-08-06T20:00:00Z,30,0,0,0,0,0,0,12.666333,12.66,12.68,0.030667,0.02,0.04,0,0,0,12.045,12.02,12.05,0,0,0,29.21,29.1,29.3,4,4,4,1228,1257,0,0,0,0,0,0,0,0,0
2020-08-06T21:00:00Z,26,0,0,0,0,0,0,12.646923,12.64,12.66,0.03,0.02,0.04,0,0,0,12.021154,12.01,12.04,0,0,0,28.953846,28.8,29.1,3.995769,3.99,4,1258,1286,0,0,0,0,0,0,0,0,0
2020-08-06T22:00:00Z,30,1.876667,0,9.36,0.69,0,3.3,12.628333,12.62,12.64,0.035333,0.02,0.06,0.088,0,0.53,12.000333,11.98,12.02,0,0,0,28.81,28.7,29,3.99,3.99,3.99,1287,1316,0,0,0,0,0,0,0,0,0
2020-08-06T23:00:00Z,30,12.965,11.81,13.59,3.824,3.42,4.26,12.732333,12.61,12.9,0.125,0.04,0.24,1.619,0.47,3.22,12.102667,11.99,12.26,0,0,0,29.41,29.1,29.5,3.988,3.98,3.99,1317,1346,0,0,0,0,0,0,0,0,0
2020-08-07T00:00:00Z,29,13.392069,13.01,13.84,4.313448,4.27,4.38,12.993103,12.9,13.12,0.306207,0.25,0.4,4.108621,3.23,5.44,12.361724,12.28,12.49,0,0,0,29.42069,29.4,29.5,3.989655,3.98,3.99,1347,1375,0,0,0,0,0,0,0,0,0
2020-08-07T01:00:00Z,26,13.903846,13.49,14.4,4.446154,4.34,4.61,13.475,13.22,13.79,0.691538,0.39,1.42,9.62,5.31,20,12.836923,12.58,13.13,0.06,0,1.56,29.403846,29.3,29.5,4.01,3.99,4.03,1376,1404,0,0,0,0,0,0,0,0,0
2020-08-07T02:00:00Z,13,14.333077,13.9,15.02,4.577692,4.47,4.69,13.785385,13.51,14.41,1.164615,0.62,2.29,16.747692,8.93,34.04,13.139231,12.86,13.73,0.516154,0,6.71,29.469231,29.3,29.6,4.063846,4.03,4.11,1408,1431,0,0,0,0,0,0,0,0,0
2020-08-07T03:00:00Z,19,17.111579,13.92,21.3,10.976842,4.57,12.7,14.457895,13.72,15.12,1.398421,0.17,3.5,23.01,3.57,57.35,13.78,13.08,14.4,2.355789,0,12.28,29.826316,29.5,30,4.117368,4.09,4.12,1432,1460,0,0,0,1,1,0,0,0,0
2020-08-07T04:00:00Z,20,19.4055,15.63,21.25,12.121,11.54,12.45,14.638,14.4,14.87,0.8555,0.07,2.67,16.1025,1.45,55.62,13.968,13.78,14.46,1.3455,0,10.56,30.39,30.1,30.6,4.1225,4.12,4.13,1462,1488,0,0,0,0,1,0,0,0,0
2020-08-07T05:00:00Z,30,19.662333,15.75,21.42,11.776667,4.62,12.74,14.661,14.51,15.06,0.693333,0.06,2.16,12.957333,1.33,45.1,13.992,13.82,14.36,0.755,0,11.97,30.776667,30.5,31,4.128333,4.12,4.13,1489,1518,0,0,0,0,0,0,0,0,0
2020-08-07T06:00:00Z,19,19.360526,15.69,21.12,11.948947,11.38,12.22,14.673158,14.51,15.02,0.485789,0.06,1.81,8.403684,1.19,29.06,13.965789,13.84,14.28,1.239474,0,11.02,31.210526,30.9,31.5,4.129474,4.12,4.13,1519,1544,0,0,0,0,0,0,0,0,0
2020-08-07T07:00:00Z,29,19.746207,15.6,21.13,10.764483,4.5,12.34,14.665517,14.5,15.09,0.504138,0.06,2.3,9.607586,1.3,44.39,14.013103,13.85,14.4,0.9,0,7.81,31.731034,31.6,31.9,4.128276,4.12,4.13,1547,1575,0,0,0,0,0,0,0,0,0
2020-08-07T08:00:00Z,30,17.172667,14.93,21.48,5.033,4.5,12.32,14.803667,14.54,14.95,0.496333,0.07,1.01,8.157,1.41,15.94,14.133,13.84,14.27,2.214,0,12.86,31.903333,31.7,32,4.123667,4.12,4.14,1576,1605,0,0,0,0,0,0,0,0,0
2020-08-07T09:00:00Z,30,16.458,13.72,21.16,4.516333,4.46,4.62,14.493,13.6,14.87,0.441667,0.09,0.99,7.184,1.79,20.95,13.841,12.97,14.25,2.966,0,11.83,32.093333,32,32.1,4.128333,4.12,4.13,1606,1635,0,0,0,0,0,0,0,0,0
2020-08-07T10:00:00Z,29,13.484138,12.93,14.28,4.172414,3.44,4.46,13.163448,12.85,13.56,0.196207,0.05,0.32,2.666897,0.67,4.63,12.531034,12.23,12.93,4.538276,0,11.04,32.127586,32.1,32.2,4.120345,4.11,4.13,1636,1664,0,0,0,0,0,0,0,0,0
2020-08-07T11:00:00Z,30,1.453667,0,13.27,0.559,0,3.78,12.838,12.81,12.87,0.039,-0.01,0.09,0.073,-0.05,1.14,12.218667,12.19,12.24,3.855667,0,11.53,31.676667,31.3,32.2,4.1,4.09,4.11,1665,1694,0,0,0,2,1,0,0,0,0
2020-08-07T12:00:00Z,29,0,0,0,0,0,0,12.818966,12.78,12.84,0.031034,0,0.06,0,0,0,12.192414,12.17,12.21,0,0,0,31.3,31.2,31.4,4.083448,4.08,4.09,1695,1723,0,0,0,0,0,0,0,0,0
2020-08-07T13:00:00Z,30,0,0,0,0,0,0,12.798333,12.77,12.82,0.032333,-0.01,0.06,0,0,0,12.171333,12.15,12.2,0,0,0,31.18,31.1,31.3,4.068,4.06,4.08,1724,1753,0,0,0,1,0,0,0,0,0
2020-08-07T14:00:00Z,29,0,0,0,0,0,0,12.783103,12.76,12.81,0.032069,0,0.06,0,0,0,12.152414,12.13,12.18,0,0,0,30.958621,30.9,31.1,4.053103,4.05,4.06,1754,1782,0,0,0,0,0,0,0,0,0
2020-08-07T15:00:00Z,28,0,0,0,0,0,0,12.766786,12.75,12.78,0.034643,0.01,0.06,0,0,0,12.135357,12.12,12.15,0,0,0,30.839286,30.7,30.9,4.042143,4.04,4.05,1783,1812,0,0,0,0,0,0,0,0,0
2020-08-07T16:00:00Z,30,0,0,0,0,0,0,12.749333,12.72,12.77,0.029333,0.01,0.05,0,0,0,12.118667,12.11,12.13,0,0,0,30.636667,30.5,30.8,4.035,4.03,4.04,1813,1842,0,0,0,0,0,0,0,0,0
2020-08-07T17:00:00Z,29,0,0,0,0,0,0,12.733448,12.72,12.75,0.026552,0.01,0.05,0,0,0,12.105172,12.09,12.12,0,0,0,30.406897,30.3,30.5,4.027586,4.02,4.03,1843,1871,0,0,0,0,0,0,0,0,0
2020-08-07T18:00:00Z,29,0,0,0,0,0,0,12.717931,12.7,12.74,0.027931,0.02,0.04,0,0,0,12.085172,12.07,12.1,0,0,0,30.141379,30.1,30.2,4.016552,4.01,4.02,1872,1901,0,0,0,0,0,0,0,0,0
2020-08-07T19:00:00Z,29,0,0,0,0,0,0,12.701724,12.69,12.72,0.026552,0.02,0.04,0,0,0,12.075517,12.06,12.09,0,0,0,29.962069,29.8,30.1,4.01,4.01,4.01,1902,1930,0,0,0,0,0,0,0,0,0
2020-08-07T20:00:00Z,30,0,0,0,0,0,0,12.682,12.66,12.7,0.028667,0.02,0.04,0,0,0,12.058333,12.05,12.08,0,0,0,29.73,29.7,29.8,4.003667,4,4.01,1931,1960,0,0,0,0,0,0,0,0,0
2020-08-07T21:00:00Z,29,0,0,0,0,0,0,12.657931,12.64,12.67,0.03,0.02,0.04,0,0,0,12.035517,12.02,12.05,0,0,0,29.589655,29.5,29.7,4,4,4,1961,1989,0,0,0,0,0,0,0,0,0
2020-08-07T22:00:00Z,30,2.566,0,12.96,1.034667,0,3.87,12.64,12.63,12.66,0.037,0.02,0.06,0.125333,0,0.74,12.017333,11.99,12.04,0,0,0,29.516667,29.5,29.7,3.994667,3.99,4,1990,2019,0,0,0,0,0,0,0,0,0
2020-08-07T23:00:00Z,30,13.161,12.74,13.72,4.250667,3.48,4.41,12.85,12.66,12.99,0.146,0.05,0.32,1.920667,0.61,4.36,12.219667,12.04,12.36,0,0,0,30.183333,29.8,30.4,3.992667,3.99,4,2020,2049,0,0,0,0,0,0,0,0,0
2020-08-08T00:00:00Z,29,13.683103,13.11,14.59,4.476897,4.41,4.63,13.319655,13.01,13.68,0.594483,0.33,1.22,8.183103,4.33,17.81,12.679655,12.37,13.03,5.59069,0,12.56,30.324138,30.2,30.4,4.021724,4,4.05,2050,2078,0,0,0,0,0,0,0,0,0
2020-08-08T01:00:00Z,30,14.162,13.57,15.06,7.308333,4.48,12.49,13.65,13.42,14.02,1.172,0.61,2.03,16.698667,8.24,30.5,13.01,12.78,13.36,8.594,0,12.77,30.543333,30.4,30.8,4.091,4.04,4.14,2079,2108,0,0,0,0,0,0,0,0,0
2020-08-08T02:00:00Z,29,15.596897,13.84,21.03,10.085517,4.56,12.56,14.099655,13.61,14.96,1.404483,0.15,3.09,21.721379,3.15,57.42,13.497586,12.98,14.32,5.128276,0,12.86,30.789655,30.5,31.1,4.123793,4.12,4.13,2109,2137,0,0,0,1,1,0,0,0,0
2020-08-08T03:00:00Z,30,15.303667,13.38,20.93,6.801333,4.37,12.59,13.933667,13.28,14.7,0.653333,0.2,1.77,10.134333,2.62,37.06,13.296667,12.65,14.02,7.565333,0,12.71,31.01,30.8,31.3,4.125333,4.12,4.13,2138,2167,0,0,0,0,0,0,0,0,0
2020-08-08T04:00:00Z,29,18.415172,14.37,21.27,10.312414,4.61,12.91,14.626897,14.15,15.34,0.761724,0.05,2.75,12.915862,1.09,46.26,13.932759,13.52,14.39,4.946207,0,12.98,31.434483,30.8,32,4.136552,4.13,4.14,2168,2196,0,0,0,0,0,0,0,0,0
2020-08-08T05:00:00Z,30,19.802333,15.64,21.49,11.586,4.58,12.83,14.688667,14.46,15.3,0.686667,0.07,2.96,12.703333,1.45,52.71,13.997,13.81,14.63,9.389333,0,13.3,32.016667,31.8,32.1,4.135333,4.12,4.14,2197,2226,0,0,0,0,1,0,0,0,0
2020-08-08T06:00:00Z,30,19.351,15.69,21.44,7.859333,4.53,12.69,14.728667,14.5,14.91,0.509667,0.06,1.38,9.191,1.32,21.78,14.069333,13.85,14.26,7.119,0,13.23,32.083333,31.9,32.1,4.126,4.12,4.13,2227,2256,0,0,0,0,0,0,0,0,0
2020-08-08T07:00:00Z,29,16.200345,13.78,20.95,4.529655,4.44,4.59,14.495517,13.66,14.89,0.482759,0.16,0.9,7.77,3.3,18.79,13.831379,13.03,14.23,9.064138,0,12.66,32.127586,32.1,32.2,4.125172,4.12,4.13,2257,2285,0,0,0,0,0,0,0,0,0
2020-08-08T08:00:00Z,30,14.635,13.32,15.68,4.477,4.38,4.52,14.163667,13.23,14.84,0.401,0.21,0.54,5.906333,2.77,8.41,13.517333,12.6,14.18,2.721333,0,9.93,32.103333,32.1,32.2,4.123333,4.12,4.13,2286,2315,0,0,0,0,0,0,0,0,0
2020-08-08T09:00:00Z,29,13.188621,12.91,13.55,3.703103,3.31,4.37,12.88931,12.83,13.16,0.083103,0.02,0.21,1.08931,0.3,2.81,12.253448,12.19,12.53,0.517241,0,7.65,32.024138,31.9,32.1,4.112759,4.1,4.12,2316,2344,0,0,0,0,0,0,0,0,0
2020-08-08T10:00:00Z,30,9.425667,1.5,13.32,3.183333,1.58,3.86,12.819333,12.79,12.84,0.047667,0.01,0.09,0.474,0.02,1.11,12.190333,12.16,12.23,0,0,0,31.906667,31.3,32,4.093,4.08,4.1,2345,2374,0,0,0,0,0,0,0,0,0
2020-08-08T11:00:00Z,29,0.461724,0,3.25,0.229655,0,1.43,12.803448,12.78,12.83,0.035172,0.01,0.11,0.015862,0,0.19,12.172759,12.14,12.2,4.720345,0,10.98,30.97931,30.9,31.3,4.077241,4.07,4.08,2375,2403,0,0,0,0,0,0,0,0,0
2020-08-08T12:00:00Z,29,0,0,0,0,0,0,12.785862,12.76,12.81,0.02,-0.02,0.06,0,0,0,12.153103,12.13,12.18,6.727931,0,11.63,30.789655,30.7,30.9,4.063793,4.06,4.07,2405,2433,0,0,0,2,0,0,0,0,0
2020-08-08T13:00:00Z,30,0,0,0,0,0,0,12.762333,12.75,12.78,0.032333,0,0.06,0,0,0,12.133667,12.11,12.15,2.500667,0,11.51,30.583333,30.4,30.7,4.049667,4.04,4.06,2434,2463,0,0,0,0,0,0,0,0,0
2020-08-08T14:00:00Z,29,0,0,0,0,0,0,12.751034,12.73,12.77,0.034828,0.01,0.06,0,0,0,12.116897,12.11,12.14,0,0,0,30.213793,30.1,30.4,4.04,4.04,4.04,2464,2492,0,0,0,0,0,0,0,0,0
2020-08-08T15:00:00Z,30,0,0,0,0,0,0,12.730667,12.72,12.75,0.032,0.01,0.05,0,0,0,12.105,12.09,12.11,0,0,0,30.023333,29.9,30.1,4.031667,4.03,4.04,2493,2522,0,0,0,0,0,0,0,0,0
2020-08-08T16:00:00Z,29,0,0,0,0,0,0,12.717586,12.7,12.73,0.026897,0.02,0.05,0,0,0,12.087241,12.08,12.1,0,0,0,29.782759,29.7,29.9,4.024483,4.02,4.03,2523,2551,0,0,0,0,0,0,0,0,0
2020-08-08T17:00:00Z,30,0,0,0,0,0,0,12.701667,12.69,12.72,0.026333,0.02,0.04,0,0,0,12.074667,12.06,12.09,0,0,0,29.636667,29.5,29.7,4.013333,4.01,4.02,2552,2581,0,0,0,0,0,0,0,0,0
2020-08-08T18:00:00Z,29,0,0,0,0,0,0,12.685172,12.67,12.69,0.02931,0.02,0.05,0,0,0,12.054828,12.04,12.07,0,0,0,29.493103,29.4,29.5,4.009655,4,4.01,2582,2610,0,0,0,0,0,0,0,0,0
2020-08-08T19:00:00Z,30,0,0,0,0,0,0,12.663,12.65,12.68,0.03,0.02,0.04,0,0,0,12.041,12.02,12.05,0,0,0,29.423333,29.4,29.5,4.001,4,4.01,2611,2640,0,0,0,0,0,0,0,0,0
2020-08-08T20:00:00Z,29,0,0,0,0,0,0,12.642759,12.63,12.66,0.029655,0.02,0.04,0,0,0,12.01931,11.99,12.03,0,0,0,29.355172,29.3,29.4,3.998276,3.99,4,2641,2669,0,0,0,0,0,0,0,0,0
2020-08-08T21:00:00Z,30,0,0,0,0,0,0,12.628667,12.62,12.64,0.029333,0.02,0.03,0,0,0,12.000333,11.99,12.02,0,0,0,29.263333,29.2,29.3,3.99,3.99,3.99,2670,2699,0,0,0,0,0,0,0,0,0
2020-08-08T22:00:00Z,30,2.168667,0,12.68,0.831667,0,3.82,12.612,12.6,12.63,0.035,0.02,0.06,0.096,0,0.72,11.982,11.96,12,0,0,0,29.133333,29,29.3,3.99,3.99,3.99,2700,2729,0,0,0,0,0,0,0,0,0
2020-08-08T23:00:00Z,29,13.108276,12.69,13.6,4.056552,3.43,4.28,12.817241,12.61,12.93,0.18069,0.06,0.27,2.37069,0.83,3.6,12.185172,11.97,12.31,0,0,0,29.57931,29.4,29.7,3.982069,3.98,3.99,2730,2758,0,0,0,0,0,0,0,0,0
2020-08-09T00:00:00Z,30,13.535667,13.05,14.06,4.341333,4.29,4.39,13.163,12.93,13.36,0.402333,0.27,0.5,5.443667,3.71,6.83,12.527,12.31,12.73,0,0,0,29.613333,29.6,29.7,3.989333,3.98,3.99,2759,2788,0,0,0,0,0,0,0,0,0
2020-08-09T01:00:00Z,29,13.968276,13.51,14.95,4.486207,4.39,4.64,13.533448,13.36,13.93,0.825517,0.49,1.72,11.62,6.65,25.79,12.892759,12.72,13.3,3.543793,0,11.77,29.686207,29.6,29.7,4.014828,3.99,4.05,2789,2817,0,0,0,0,0,0,0,0,0
2020-08-09T02:00:00Z,30,15.336667,13.98,20.96,9.196,4.58,12.58,14.195333,13.65,14.78,1.812,0.16,2.8,27.355333,3.27,44.52,13.527667,13,14.07,2.123,0,11.78,30.056667,29.7,30.4,4.103667,4.05,4.14,2818,2847,0,0,0,0,0,0,0,0,0
2020-08-09T03:00:00Z,29,18.085517,14.89,20.97,11.961034,4.63,12.81,14.62931,14,15.13,1.573103,0.08,3.37,27.882069,1.55,63.43,13.944138,13.35,14.48,2.066552,0,9.66,30.582759,30.2,30.9,4.123448,4.12,4.13,2848,2876,0,0,0,3,5,0,0,0,0
2020-08-09T04:00:00Z,30,19.504333,15.66,20.86,11.865,4.64,12.56,14.65,14.41,15.09,0.756333,0.07,2.4,14.028,1.41,47.35,14.007,13.78,14.5,4.070667,0,11.79,31.06,30.9,31.4,4.128,4.12,4.13,2877,2906,0,0,0,0,0,0,0,0,0
2020-08-09T05:00:00Z,30,17.010667,14.02,21.69,5.612,4.47,12.84,14.670333,13.89,14.86,0.502,0.1,0.84,8.409,2.09,18.11,14.013333,13.26,14.19,3.121333,0,13.02,31.456667,31.2,31.7,4.125667,4.12,4.14,2907,2936,0,0,0,0,0,0,0,0,0
2020-08-09T06:00:00Z,29,14.866897,13.55,16.17,4.504828,4.42,4.55,14.362414,13.43,14.84,0.469655,0.25,0.64,7.041034,3.39,10.03,13.704138,12.81,14.16,3.718276,0,12.15,31.772414,31.7,31.9,4.123103,4.12,4.13,2937,2965,0,0,0,0,0,0,0,0,0
2020-08-09T07:00:00Z,30,13.821333,13.27,15.54,4.426,4.39,4.51,13.390667,13.13,14.78,0.276333,0.21,0.52,3.851667,2.88,8.1,12.762,12.51,14.12,0.182333,0,5.47,31.863333,31.8,31.9,4.121,4.12,4.13,2966,2995,0,0,0,0,0,0,0,0,0
2020-08-09T08:00:00Z,29,13.369655,13.02,13.81,4.146552,3.48,4.38,13.045172,12.93,13.12,0.165172,0.12,0.22,2.205172,1.58,3.01,12.412759,12.29,12.5,0,0,0,31.931034,31.8,32,4.105172,4.09,4.12,2996,3024,0,0,0,0,0,0,0,0,0
2020-08-09T09:00:00Z,30,9.450667,1.34,13.65,3.24,1.48,3.98,12.849,12.8,12.99,0.075333,0.02,0.13,0.799,0.06,1.81,12.228,12.18,12.36,4.494,0,13.05,31.82,31.5,32.1,4.087667,4.08,4.1,3025,3054,0,0,0,0,0,0,0,0,0
2020-08-09T10:00:00Z,27,1.836296,0.58,4.41,1.790741,0.81,2.58,12.81,12.79,12.84,0.047037,0.01,0.09,0.095556,0.01,0.38,12.188519,12.17,12.21,0.654815,0,9.72,31.107407,30.9,31.7,4.073704,4.07,4.08,3055,3084,0,0,0,0,0,0,0,0,0
2020-08-09T11:00:00Z,29,0.193793,0,1.6,0.100345,0,1.03,12.796207,12.77,12.82,0.032759,0,0.06,0.003793,0,0.05,12.17,12.14,12.18,0,0,0,30.762069,30.6,30.9,4.057931,4.05,4.07,3085,3113,0,0,0,0,0,0,0,0,0
2020-08-09T12:00:00Z,30,0,0,0,0,0,0,12.781667,12.77,12.8,0.035667,0.01,0.06,0,0,0,12.152,12.14,12.17,0,0,0,30.533333,30.4,30.7,4.045667,4.04,4.05,3114,3143,0,0,0,0,0,0,0,0,0
2020-08-09T13:00:00Z,29,0,0,0,0,0,0,12.766207,12.75,12.78,0.031379,0.01,0.05,0,0,0,12.136552,12.13,12.15,0,0,0,30.265517,30.1,30.4,4.036552,4.03,4.04,3144,3172,0,0,0,0,0,0,0,0,0
2020-08-09T14:00:00Z,30,0,0,0,0,0,0,12.747667,12.73,12.76,0.029,0.02,0.05,0,0,0,12.117667,12.11,12.13,0,0,0,30,29.9,30.1,4.029667,4.02,4.03,3173,3202,0,0,0,0,0,0,0,0,0
2020-08-09T15:00:00Z,29,0,0,0,0,0,0,12.733103,12.72,12.75,0.027586,0.02,0.04,0,0,0,12.104828,12.09,12.11,0,0,0,29.744828,29.7,29.8,4.01931,4.01,4.02,3203,3231,0,0,0,0,0,0,0,0,0
2020-08-09T16:00:00Z,30,0,0,0,0,0,0,12.717333,12.7,12.73,0.031,0.02,0.05,0,0,0,12.086333,12.07,12.1,0,0,0,29.646667,29.6,29.7,4.01,4.01,4.01,3232,3261,0,0,0,0,0,0,0,0,0
2020-08-09T17:00:00Z,29,0,0,0,0,0,0,12.698276,12.69,12.72,0.02931,0.02,0.04,0,0,0,12.073793,12.06,12.09,0,0,0,29.503448,29.5,29.6,4.005172,4,4.01,3262,3290,0,0,0,0,0,0,0,0,0
2020-08-09T18:00:00Z,30,0,0,0,0,0,0,12.677667,12.66,12.7,0.028667,0.02,0.03,0,0,0,12.053,12.03,12.07,0,0,0,29.403333,29.4,29.5,4.000333,4,4.01,3291,3320,0,0,0,0,0,0,0,0,0
2020-08-09T19:00:00Z,30,0,0,0,0,0,0,12.656333,12.63,12.67,0.030333,0.02,0.04,0,0,0,12.031333,12.01,12.05,0,0,0,29.363333,29.3,29.4,3.996333,3.99,4,3321,3350,0,0,0,0,0,0,0,0,0
2020-08-09T20:00:00Z,29,0,0,0,0,0,0,12.633793,12.62,12.65,0.030345,0.03,0.04,0,0,0,12.011034,11.99,12.03,0,0,0,29.296552,29.2,29.3,3.99,3.99,3.99,3351,3379,0,0,0,0,0,0,0,0,0
2020-08-09T21:00:00Z,30,0,0,0,0,0,0,12.614667,12.6,12.63,0.030333,0.03,0.04,0,0,0,11.988333,11.96,12,0,0,0,29.193333,29.1,29.3,3.989,3.98,3.99,3380,3409,0,0,0,0,0,0,0,0,0
2020-08-09T22:00:00Z,29,3.025517,0,13.29,1.152069,0,3.77,12.604138,12.59,12.66,0.040345,0.03,0.08,0.189655,0,1.08,11.973793,11.96,12.02,0,0,0,29.103448,29,29.4,3.981379,3.98,3.99,3410,3438,0,0,0,0,0,0,0,0,0
2020-08-09T23:00:00Z,30,12.269333,2.08,13.64,3.990667,1.98,4.28,12.839,12.59,12.96,0.174,-0.01,0.27,2.283,-0.02,3.55,12.206667,11.96,12.33,1.318,0,12.33,29.556667,29.4,29.7,3.98,3.98,3.98,3439,3468,0,0,0,1,1,0,0,0,0
2020-08-10T00:00:00Z,29,12.825862,12.43,13.31,3.711724,3.41,4,12.624483,12.59,12.69,0.088621,0.05,0.16,1.137931,0.66,2.08,11.986552,11.95,12.04,9.00069,1.58,12.85,29.524138,29.4,29.6,3.98,3.98,3.98,3469,3497,0,0,0,0,0,0,0,0,0
2020-08-10T01:00:00Z,26,13.285,12.79,13.78,4.113846,3.59,4.3,12.934615,12.69,13.18,0.228462,0.12,0.4,3.032308,1.55,5.3,12.301923,12.06,12.55,8.173077,0,11.39,29.523077,29.5,29.6,3.974231,3.97,3.98,3498,3527,0,0,0,0,0,0,0,0,0
2020-08-10T02:00:00Z,29,13.837931,13.32,14.34,4.314828,4.29,4.36,13.440345,13.21,13.56,0.577586,0.39,0.78,7.991724,5.23,10.74,12.800345,12.58,12.92,1.538276,0,8.19,29.5,29.5,29.5,3.97931,3.97,3.98,3528,3556,0,0,0,0,0,0,0,0,0
2020-08-10T03:00:00Z,19,14.342632,13.89,14.88,4.431579,4.36,4.47,13.778947,13.57,13.94,1.178947,0.83,1.45,16.921053,11.93,21.44,13.134737,12.93,13.31,1.938947,0,11.82,29.5,29.4,29.6,3.989474,3.98,4,3557,3581,0,0,0,0,0,0,0,0,0
2020-08-10T04:00:00Z,29,15.377586,14.28,19.36,4.547586,4.47,4.62,14.417586,13.93,14.86,1.805172,0.93,2.43,27.844483,17.27,38.66,13.746897,13.3,14.16,7.871034,0,12.92,29.637931,29.5,29.8,4.025517,4,4.05,3585,3614,0,0,0,0,0,0,0,0,0
2020-08-10T05:00:00Z,28,15.768571,14.53,21.27,4.536786,4.48,4.62,14.616786,14.18,14.91,1.281071,0.13,2.05,20.215357,2.83,43.51,13.940714,13.55,14.18,11.165714,7.05,13.37,29.857143,29.7,30,4.071429,4.06,4.09,3615,3643,0,0,0,0,0,0,0,0,0
2020-08-10T06:00:00Z,29,18.521034,15.72,22.16,6.760345,4.51,12.94,14.784483,14.43,15.29,0.980345,0.08,3.39,17.61,1.62,75.17,14.131034,13.78,14.64,8.173448,0,13.49,30.189655,29.9,30.4,4.116897,4.09,4.13,3644,3672,0,0,0,2,2,0,0,0,0
2020-08-10T07:00:00Z,17,18.968824,14.87,21.4,6.71,4.44,12.03,14.753529,14.54,15.03,0.532353,0.08,1.35,9.375882,1.6,21.81,14.095294,13.84,14.33,5.455882,0,13.14,30.588235,30.4,30.8,4.119412,4.11,4.13,3674,3700,0,0,0,0,0,0,0,0,0
2020-08-10T08:00:00Z,30,18.969,14.81,21.49,5.529,4.41,12.1,14.774,14.54,15.08,0.416667,0.06,1.75,7.103,1.33,28.17,14.091333,13.82,14.44,4.959,0,12.36,30.876667,30.7,31,4.122333,4.12,4.13,3701,3730,0,0,0,0,0,0,0,0,0
2020-08-10T09:00:00Z,29,17.125517,14.21,21.53,4.469655,4.37,4.62,14.582414,13.92,14.98,0.401724,0.06,1.11,6.455172,1.36,17.68,13.916552,13.3,14.27,5.082759,0,11.87,30.951724,30.9,31.1,4.12,4.11,4.13,3731,3759,0,0,0,0,0,0,0,0,0
2020-08-10T10:00:00Z,30,13.643,12.95,14.59,4.008,3.37,4.41,13.316,12.89,14.21,0.236,0.05,0.43,3.238667,0.67,6.14,12.681667,12.23,13.57,0.912667,0,7.75,30.996667,30.9,31.2,4.107,4.1,4.12,3760,3789,0,0,0,0,0,0,0,0,0
2020-08-10T11:00:00Z,30,2.884333,0,12.96,0.799,0,3.23,12.854,12.82,12.89,0.044333,-0.01,0.07,0.127333,0,0.82,12.229333,12.2,12.25,6.692333,0,10.59,30.69,30.2,31.2,4.089333,4.08,4.1,3790,3819,0,0,0,1,0,0,0,0,0
2020-08-10T12:00:00Z,29,0,0,0,0,0,0,12.834828,12.81,12.86,0.031379,0.01,0.06,0,0,0,12.208621,12.19,12.23,1.731379,0,10.92,30.210345,30.1,30.3,4.074828,4.07,4.08,3820,3848,0,0,0,0,0,0,0,0,0
2020-08-10T13:00:00Z,30,0,0,0,0,0,0,12.810333,12.79,12.84,0.026333,-0.01,0.06,0,0,0,12.181667,12.16,12.21,4.754333,0,10.05,30.163333,30.1,30.2,4.059,4.05,4.07,3849,3878,0,0,0,1,0,0,0,0,0
2020-08-10T14:00:00Z,29,0,0,0,0,0,0,12.795172,12.78,12.81,0.03069,0,0.06,0,0,0,12.166207,12.14,12.18,0.534138,0,7.78,30.017241,29.9,30.1,4.046897,4.04,4.05,3879,3907,0,0,0,0,0,0,0,0,0
2020-08-10T15:00:00Z,30,0,0,0,0,0,0,12.778667,12.76,12.8,0.033,0.01,0.06,0,0,0,12.147,12.14,12.17,3.952667,0,10.43,29.833333,29.7,29.9,4.038,4.03,4.04,3908,3937,0,0,0,0,0,0,0,0,0
2020-08-10T16:00:00Z,29,0,0,0,0,0,0,12.757241,12.75,12.78,0.031379,0.01,0.06,0,0,0,12.131379,12.12,12.14,2.435862,0,10.2,29.7,29.7,29.7,4.03,4.03,4.03,3938,3966,0,0,0,0,0,0,0,0,0
2020-08-10T17:00:00Z,30,0,0,0,0,0,0,12.746667,12.73,12.76,0.029333,0.01,0.06,0,0,0,12.113667,12.1,12.13,4.072,0,9.82,29.59,29.5,29.7,4.021,4.02,4.03,3967,3996,0,0,0,0,0,0,0,0,0
2020-08-10T18:00:00Z,30,0,0,0,0,0,0,12.728667,12.72,12.75,0.027333,0.02,0.05,0,0,0,12.099,12.08,12.13,0,0,0,29.453333,29.4,29.5,4.010667,4.01,4.02,3997,4026,0,0,0,0,0,0,0,0,0
2020-08-10T19:00:00Z,29,0,0,0,0,0,0,12.714483,12.69,12.72,0.032414,0.01,0.06,0,0,0,12.083793,12.07,12.1,7.076552,0,11.11,29.441379,29.4,29.5,4.006552,4,4.01,4027,4055,0,0,0,0,0,0,0,0,0
2020-08-10T20:00:00Z,30,0,0,0,0,0,0,12.695667,12.68,12.72,0.032667,0.02,0.06,0,0,0,12.074333,12.05,12.08,1.81,0,11.23,29.32,29.3,29.4,4,4,4,4056,4085,0,0,0,0,0,0,0,0,0
2020-08-10T21:00:00Z,29,0,0,0,0,0,0,12.683448,12.67,12.69,0.031034,0.02,0.04,0,0,0,12.056897,12.04,12.08,0,0,0,29.224138,29.1,29.3,3.995862,3.99,4,4086,4114,0,0,0,0,0,0,0,0,0
2020-08-10T22:00:00Z,30,2.244333,0,12.74,0.804,0,3.87,12.663333,12.65,12.68,0.035,0.02,0.06,0.105333,0,0.73,12.039333,12.02,12.05,0,0,0,29.086667,29,29.3,3.99,3.99,3.99,4115,4144,0,0,0,0,0,0,0,0,0
2020-08-10T23:00:00Z,29,13.082414,12.75,13.67,4.006897,3.45,4.39,12.851379,12.66,13.08,0.185172,0.06,0.42,2.421379,0.73,5.57,12.217586,12.03,12.45,0,0,0,29.575862,29.3,29.7,3.988276,3.98,3.99,4145,4173,0,0,0,0,0,0,0,0,0
2020-08-11T00:00:00Z,30,13.633333,13.18,14.38,4.446667,4.28,4.6,13.252,13.08,13.52,0.492,0.27,0.91,6.741,3.53,13.14,12.618,12.44,12.87,3.732,0,11.44,29.736667,29.6,29.9,4.006333,3.99,4.04,4174,4203,0,0,0,0,0,0,0,0,0
2020-08-11T01:00:00Z,27,14.048148,13.57,14.85,4.584444,4.44,4.72,13.671481,13.38,14.11,1.084074,0.52,1.79,15.294074,7.28,25.94,13.028519,12.74,13.47,3.753333,0,12.54,29.833333,29.8,30,4.059259,4.03,4.13,4204,4232,0,0,0,0,0,0,0,0,0
2020-08-11T02:00:00Z,18,15.163333,13.95,19.4,11.597222,4.57,12.42,14.271667,13.72,14.67,1.720556,0.78,2.29,25.991111,12.92,35.39,13.597222,13.04,13.96,3.804444,0,9.66,30.205556,30.1,30.4,4.119444,4.11,4.12,4234,4253,0,0,0,0,0,0,0,0,0
2020-08-11T03:00:00Z,25,17.4296,14.33,21.9,8.3116,4.49,12.89,14.5552,14.11,15.11,0.8596,0.06,2.98,14.394,1.35,51.61,13.8664,13.48,14.37,4.9708,0,12.51,30.8,30.5,31,4.1244,4.12,4.13,4266,4290,0,0,0,0,1,0,0,0,0
2020-08-11T04:00:00Z,22,19.389545,15.69,21.59,9.074545,4.53,12.71,14.754545,14.47,15.26,0.682727,0.06,2.59,12.543182,1.23,43.29,14.045,13.82,14.33,7.075455,0,12.36,31.25,30.9,31.5,4.127273,4.12,4.14,4291,4318,0,0,0,0,0,0,0,0,0
2020-08-11T05:00:00Z,30,18.975667,15.65,21.48,8.448667,4.5,12.63,14.752333,14.47,15.41,0.585667,0.02,3.23,9.908667,0.35,54,14.083,13.83,14.76,7.285,0,13.18,31.733333,31.5,32,4.129,4.12,4.14,4319,4348,0,0,0,1,1,0,0,0,0
2020-08-11T06:00:00Z,29,19.634828,15.68,21.46,9.897241,4.51,12.67,14.716897,14.48,15.34,0.65931,0.06,3.28,12.232069,1.31,62.07,14.061724,13.84,14.52,6.125172,0,13.1,32.072414,31.9,32.2,4.133793,4.12,4.14,4349,4377,0,0,0,1,1,0,0,0,0
2020-08-11T07:00:00Z,28,19.889643,16.26,21.54,11.247857,4.53,12.52,14.704643,14.49,15.12,0.615714,0.05,2.31,11.181786,1.08,37.59,14.042857,13.81,14.44,6.1875,0,12.31,32.467857,32.2,32.7,4.131071,4.12,4.14,4378,4406,0,0,0,0,0,0,0,0,0
2020-08-11T08:00:00Z,30,17.442333,14.96,21.29,5.990333,4.42,12.23,14.718667,14.18,14.93,0.434333,0.06,0.92,7.308667,1.21,17.4,14.036333,13.55,14.19,3.888333,0,11.78,32.66,32.5,32.9,4.124,4.12,4.13,4407,4436,0,0,0,0,0,0,0,0,0
2020-08-11T09:00:00Z,29,18.559655,15.61,21.36,5.813103,4.5,11.81,14.793448,14.56,15.11,0.483793,0.06,1.69,8.276897,1.32,27.25,14.097241,13.86,14.48,5.863103,0,12.33,33.224138,32.9,33.4,4.132069,4.12,4.14,4437,4465,0,0,0,0,0,0,0,0,0
2020-08-11T10:00:00Z,30,13.538333,3.02,19.86,3.951333,2.06,4.53,13.693667,12.83,14.87,0.277,0.03,0.76,4.029333,0.21,11.99,13.051,12.19,14.18,8.015667,0,12.33,33.403333,33.4,33.5,4.120667,4.11,4.13,4466,4495,0,0,0,0,0,0,0,0,0
2020-08-11T11:00:00Z,30,0.616667,0,3.93,0.187333,0,1.81,12.839333,12.81,12.87,0.040667,0,0.07,0.027,0,0.17,12.222333,12.18,12.25,1.081,0,9.27,32.62,32.4,33.3,4.101,4.09,4.11,4496,4525,0,0,0,0,0,0,0,0,0
2020-08-11T12:00:00Z,29,0,0,0,0,0,0,12.823103,12.81,12.84,0.023793,-0.03,0.06,0,0,0,12.195172,12.17,12.22,3.153103,0,11.15,32.42069,32.3,32.5,4.083793,4.08,4.09,4526,4554,0,0,0,3,0,0,0,0,0
2020-08-11T13:00:00Z,30,0,0,0,0,0,0,12.800333,12.76,12.83,0.027,-0.01,0.07,0,0,0,12.172667,12.15,12.2,2.393333,0,9.52,32.326667,32.3,32.4,4.068,4.06,4.08,4555,4584,0,0,0,2,0,0,0,0,0
2020-08-11T14:00:00Z,29,0,0,0,0,0,0,12.774828,12.75,12.8,0.030345,-0.02,0.06,0,0,0,12.148966,12.12,12.17,1.761379,0,8.26,32.17931,32.1,32.3,4.054828,4.05,4.06,4585,4613,0,0,0,2,0,0,0,0,0
2020-08-11T15:00:00Z,29,0,0,0,0,0,0,12.758276,12.74,12.78,0.030345,0,0.05,0,0,0,12.133448,12.11,12.15,0,0,0,32.089655,32,32.1,4.043448,4.04,4.05,4614,4643,0,0,0,0,0,0,0,0,0
2020-08-11T16:00:00Z,30,0,0,0,0,0,0,12.740667,12.72,12.76,0.029,0.01,0.05,0,0,0,12.112,12.1,12.12,0,0,0,31.983333,31.9,32,4.035333,4.03,4.04,4644,4673,0,0,0,0,0,0,0,0,0
2020-08-11T17:00:00Z,29,0,0,0,0,0,0,12.726897,12.72,12.74,0.02931,0.01,0.05,0,0,0,12.097931,12.08,12.11,0,0,0,31.803448,31.7,31.9,4.028276,4.02,4.03,4674,4702,0,0,0,0,0,0,0,0,0
2020-08-11T18:00:00Z,29,0,0,0,0,0,0,12.70931,12.69,12.72,0.025172,0.02,0.04,0,0,0,12.08,12.07,12.09,0,0,0,31.596552,31.4,31.7,4.017931,4.01,4.02,4703,4732,0,0,0,0,0,0,0,0,0
2020-08-11T19:00:00Z,28,0,0,0,0,0,0,12.6925,12.68,12.71,0.025,0.02,0.03,0,0,0,12.064643,12.05,12.08,0,0,0,31.357143,31.3,31.5,4.01,4.01,4.01,4733,4761,0,0,0,0,0,0,0,0,0
2020-08-11T20:00:00Z,30,0,0,0,0,0,0,12.673667,12.66,12.69,0.023667,-0.02,0.03,0,0,0,12.046667,12.02,12.05,1.939,0,10.53,31.196667,31,31.3,4.005667,4,4.01,4762,4791,0,0,0,2,0,0,0,0,0
2020-08-11T21:00:00Z,29,0,0,0,0,0,0,12.659655,12.65,12.67,0.028621,0.02,0.08,0,0,0,12.032759,12.02,12.05,1.076207,0,8.32,30.958621,30.9,31.1,4,4,4,4792,4820,0,0,0,0,0,0,0,0,0
2020-08-11T22:00:00Z,30,1.842667,0,10.93,0.524333,0,2.78,12.645333,12.63,12.66,0.031333,0.02,0.06,0.074333,0,0.62,12.018,12,12.04,0,0,0,30.85,30.8,30.9,3.994,3.99,4,4821,4850,0,0,0,0,0,0,0,0,0
2020-08-11T23:00:00Z,29,13.037586,12.71,13.57,3.867931,3.21,4.29,12.758621,12.63,12.93,0.13,0.04,0.23,1.691379,0.51,3.01,12.121379,11.99,12.29,1.027586,0,8.08,31.517241,31,31.7,3.99,3.99,3.99,4851,4879,0,0,0,0,0,0,0,0,0
2020-08-12T00:00:00Z,30,13.484667,13.05,14.01,4.369,4.31,4.42,13.154667,12.94,13.34,0.401333,0.25,0.53,5.417667,3.24,7.18,12.515,12.32,12.71,4.978333,0,11.69,31.63,31.5,31.8,3.995667,3.99,4,4880,4909,0,0,0,0,0,0,0,0,0
2020-08-12T01:00:00Z,15,13.848,13.45,14.78,4.453333,4.36,4.62,13.514,13.32,13.86,0.822,0.47,1.53,11.538,6.3,22.67,12.874,12.69,13.21,3.818,0,11.03,31.613333,31.4,31.7,4.014,4,4.05,4910,4937,0,0,0,0,0,0,0,0,0
2020-08-12T02:00:00Z,27,14.514074,14.12,15.21,5.719259,4.58,11.97,13.941852,13.81,14.18,1.457037,1.05,1.78,21.158889,14.86,26.79,13.302222,13.16,13.54,8.825185,0,11.72,31.82963,31.7,32.1,4.098889,4.06,4.13,4938,4965,0,0,0,0,0,0,0,0,0
2020-08-12T03:00:00Z,26,15.045769,14.02,20.48,7.65,4.56,12.06,14.229231,13.81,14.82,1.219231,0.24,1.84,18.183846,4.97,29.13,13.583077,13.17,14.12,7.641923,0,12.05,32.053846,31.9,32.3,4.125385,4.12,4.13,4967,4995,0,0,0,0,0,0,0,0,0
2020-08-12T04:00:00Z,25,19.0824,15.6,21.2,11.476,4.62,12.5,14.6144,14.34,15.12,0.848,0.06,1.94,15.304,1.21,37.76,13.9488,13.69,14.21,6.63,0,12.33,32.64,32.3,33.1,4.1292,4.12,4.13,4998,5024,0,0,0,0,0,0,0,0,0
2020-08-12T05:00:00Z,22,18.999091,15.9,21.03,11.603182,4.62,12.42,14.77,14.51,15.44,0.802273,0.07,3.28,13.925909,1.41,55.03,14.043182,13.84,14.75,8.383182,0,12.34,33.277273,33.1,33.4,4.129545,4.12,4.13,5025,5052,0,0,0,1,1,0,0,0,0
2020-08-12T06:00:00Z,23,18.323913,14.41,20.96,7.359565,4.45,12.08,14.701739,14.25,14.94,0.478696,0.06,1.58,8.332174,1.3,31.54,14.036522,13.61,14.23,5.592609,0,11.91,33.452174,33.4,33.6,4.125217,4.12,4.14,5055,5081,0,0,0,0,0,0,0,0,0
2020-08-12T07:00:00Z,29,15.83931,13.79,20.78,4.480345,4.4,4.55,14.561724,13.66,14.84,0.475862,0.14,0.9,7.57069,2.75,18.64,13.904828,13.04,14.19,3.613448,0,13.23,33.47931,33.4,33.6,4.124138,4.12,4.13,5083,5111,0,0,0,0,0,0,0,0,0
2020-08-12T08:00:00Z,30,6.629333,1.48,14.77,2.814667,1.68,4.46,12.936,12.82,14,0.062667,0.02,0.35,0.564333,0.04,5.12,12.309,12.19,13.37,2.965667,0,11.1,33.26,32.8,33.7,4.114,4.1,4.13,5112,5141,0,0,0,0,0,0,0,0,0
2020-08-12T09:00:00Z,29,6.327931,2.2,12.25,2.922069,2.05,3.8,12.824828,12.79,12.86,0.04931,0.02,0.08,0.308276,0.05,0.81,12.200345,12.18,12.23,0.713448,0,10.54,33.317241,33.2,33.4,4.094138,4.09,4.1,5142,5170,0,0,0,0,0,0,0,0,0
2020-08-12T10:00:00Z,30,2.572,0.62,6.41,1.887333,0,2.71,12.802,12.78,12.82,0.044,-0.01,0.08,0.126,-0.01,0.44,12.179,12.15,12.21,0,0,0,32.963333,32.5,33.3,4.077667,4.07,4.09,5171,5200,0,0,0,2,1,0,0,0,0
2020-08-12T11:00:00Z,29,0.311379,0,3.96,0,0,0,12.785517,12.76,12.81,0.034483,0,0.06,0.013448,0,0.23,12.162069,12.14,12.19,0,0,0,32.237931,32.1,32.5,4.062414,4.05,4.07,5201,5229,0,0,0,0,0,0,0,0,0
2020-08-12T12:00:00Z,30,0,0,0,0,0,0,12.771,12.75,12.79,0.030333,0,0.05,0,0,0,12.142,12.13,12.16,0,0,0,32.066667,32,32.1,4.049,4.04,4.05,5230,5259,0,0,0,0,0,0,0,0,0
2020-08-12T13:00:00Z,29,0,0,0,0,0,0,12.752759,12.73,12.78,0.032069,0.01,0.05,0,0,0,12.121379,12.11,12.14,0,0,0,31.92069,31.8,32,4.04,4.04,4.04,5260,5288,0,0,0,0,0,0,0,0,0
2020-08-12T14:00:00Z,30,0,0,0,0,0,0,12.735,12.72,12.75,0.028333,0.01,0.05,0,0,0,12.106,12.09,12.11,0,0,0,31.68,31.5,31.8,4.031333,4.03,4.04,5289,5318,0,0,0,0,0,0,0,0,0
2020-08-12T15:00:00Z,30,0,0,0,0,0,0,12.717667,12.71,12.73,0.024333,0.01,0.04,0,0,0,12.088667,12.08,12.1,0,0,0,31.393333,31.3,31.6,4.024,4.02,4.03,5319,5348,0,0,0,0,0,0,0,0,0
2020-08-12T16:00:00Z,29,0,0,0,0,0,0,12.698966,12.69,12.72,0.025172,0.02,0.03,0,0,0,12.072414,12.05,12.09,0,0,0,31.162069,31,31.3,4.014138,4.01,4.02,5349,5377,0,0,0,0,0,0,0,0,0
2020-08-12T17:00:00Z,30,0,0,0,0,0,0,12.687333,12.66,12.7,0.025333,0.02,0.03,0,0,0,12.056,12.05,12.07,0,0,0,30.92,30.9,31,4.009333,4,4.01,5378,5407,0,0,0,0,0,0,0,0,0
2020-08-12T18:00:00Z,29,0,0,0,0,0,0,12.662414,12.65,12.68,0.027241,0.02,0.04,0,0,0,12.043448,12.02,12.05,0,0,0,30.758621,30.7,30.8,4.001034,4,4.01,5408,5436,0,0,0,0,0,0,0,0,0
2020-08-12T19:00:00Z,30,0,0,0,0,0,0,12.646,12.63,12.66,0.029333,0.02,0.04,0,0,0,12.023667,12.01,12.04,0,0,0,30.566667,30.5,30.7,3.999333,3.99,4,5437,5466,0,0,0,0,0,0,0,0,0
2020-08-12T20:00:00Z,30,0,0,0,0,0,0,12.630667,12.61,12.65,0.027333,0.02,0.03,0,0,0,12.006333,11.99,12.02,0,0,0,30.39,30.3,30.5,3.990667,3.99,4,5467,5496,0,0,0,0,0,0,0,0,0
2020-08-12T21:00:00Z,29,0,0,0,0,0,0,12.618276,12.6,12.63,0.029655,0.02,0.04,0,0,0,11.99,11.96,12.01,0,0,0,30.168966,30.1,30.3,3.99,3.99,3.99,5497,5525,0,0,0,0,0,0,0,0,0
2020-08-12T22:00:00Z,30,1.71,0,11.6,0.549667,0,3.52,12.607667,12.59,12.62,0.032,0.02,0.05,0.070667,0,0.6,11.977,11.96,12,0,0,0,30.04,30,30.1,3.984333,3.98,3.99,5526,5555,0,0,0,0,0,0,0,0,0
2020-08-12T23:00:00Z,29,13.117241,12.68,13.66,4.118621,3.57,4.35,12.818276,12.6,12.96,0.184828,0.05,0.31,2.423448,0.66,4.11,12.186897,11.97,12.33,0,0,0,30.713793,30.2,30.9,3.981724,3.98,3.99,5556,5584,0,0,0,0,0,0,0,0,0
2020-08-13T00:00:00Z,30,13.541333,13.08,14.27,4.408667,4.34,4.47,13.259667,12.97,13.49,0.520333,0.32,0.78,7.063333,4.16,10.68,12.624,12.35,12.84,0,0,0,30.85,30.8,30.9,3.996,3.99,4.01,5585,5614,0,0,0,0,0,0,0,0,0
2020-08-13T01:00:00Z,9,13.844444,13.67,14.35,4.483333,4.47,4.51,13.571111,13.5,13.63,0.925556,0.78,1.01,12.781111,10.6,13.93,12.922222,12.84,12.98,1.408889,0,7.73,30.922222,30.9,31,4.018889,4.01,4.03,5615,5638,0,0,0,0,0,0,0,0,0
2020-08-13T02:00:00Z,13,13.983077,13.7,14.29,4.486154,4.42,4.56,13.693846,13.54,13.9,1.019231,0.7,1.38,14.292308,9.59,19.59,13.055385,12.89,13.26,0,0,0,31.1,31,31.2,4.030769,4.02,4.04,5657,5669,0,0,0,0,0,0,0,0,0
2020-08-13T03:00:00Z,22,14.401364,13.88,14.94,4.578182,4.48,4.65,13.941364,13.63,14.28,1.271818,0.74,1.6,18.351818,10.62,23.64,13.301818,12.99,13.63,4.891818,0,11.72,31.35,31.2,31.6,4.074091,4.05,4.11,5670,5697,0,0,0,0,0,0,0,0,0
2020-08-13T04:00:00Z,29,16.781724,14.46,21.05,9.698621,4.6,12.36,14.504483,14.12,14.87,1.418276,0.08,2.4,23.451724,1.7,48.27,13.865862,13.46,14.15,4.084138,0,12.75,31.872414,31.5,32.1,4.121379,4.11,4.13,5698,5727,0,0,0,0,0,0,0,0,0
2020-08-13T05:00:00Z,29,16.868276,13.91,21.27,7.174483,4.44,12.47,14.399655,13.62,15.03,0.665862,0.07,2.09,11.073448,1.47,33.57,13.72069,12.99,14.21,9.102069,0,12.85,32.093103,32,32.2,4.124138,4.12,4.13,5728,5756,0,0,0,0,0,0,0,0,0
2020-08-13T06:00:00Z,30,10.976333,1.89,15.09,3.741333,1.79,4.5,13.399667,12.86,14.27,0.247667,0,0.56,3.414667,0,8.37,12.772333,12.23,13.63,3.413333,0,11.07,32.033333,31.8,32.1,4.119333,4.11,4.13,5757,5786,0,0,0,0,0,0,0,0,0
2020-08-13T07:00:00Z,27,12.927407,9.81,13.48,3.687778,3.3,3.96,12.863333,12.83,12.9,0.058519,0.02,0.1,0.753333,0.31,1.32,12.231852,12.21,12.27,0,0,0,32.062963,31.9,32.1,4.096667,4.09,4.11,5787,5813,0,0,0,0,0,0,0,0,0
2020-08-13T08:00:00Z,23,13.088696,12.91,13.53,3.612174,3.44,4.07,12.864783,12.83,12.89,0.088696,0.06,0.11,1.146957,0.82,1.44,12.237826,12.21,12.28,0,0,0,32.1,32.1,32.1,4.064783,4.06,4.08,5819,5844,0,0,0,0,0,0,0,0,0
2020-08-13T09:00:00Z,29,13.043448,12.85,13.48,3.643448,3.38,4,12.821379,12.78,12.87,0.074483,0.04,0.1,0.957586,0.53,1.27,12.194828,12.14,12.26,0,0,0,32.051724,32,32.1,4.051379,4.05,4.06,5845,5873,0,0,0,0,0,0,0,0,0
2020-08-13T10:00:00Z,30,8.678,1.44,13.25,3.106,1.45,3.84,12.781,12.76,12.8,0.050667,0.02,0.08,0.473333,0.04,0.96,12.147667,12.14,12.17,0,0,0,31.81,31.2,32,4.041,4.04,4.05,5874,5903,0,0,0,0,0,0,0,0,0
2020-08-13T11:00:00Z,29,0.327241,0,2.71,0.102759,0,1.22,12.76069,12.75,12.78,0.031379,0.01,0.05,0.012069,0,0.14,12.133448,12.12,12.14,0,0,0,30.813793,30.6,31.2,4.031379,4.03,4.04,5904,5932,0,0,0,0,0,0,0,0,0
2020-08-13T12:00:00Z,30,0,0,0,0,0,0,12.747333,12.73,12.76,0.03,0.02,0.05,0,0,0,12.116333,12.11,12.13,0,0,0,30.523333,30.4,30.6,4.025,4.02,4.03,5933,5962,0,0,0,0,0,0,0,0,0
2020-08-13T13:00:00Z,29,0,0,0,0,0,0,12.729655,12.72,12.75,0.025862,0.02,0.04,0,0,0,12.102759,12.09,12.11,0,0,0,30.275862,30.1,30.5,4.014138,4.01,4.02,5963,5991,0,0,0,0,0,0,0,0,0
2020-08-13T14:00:00Z,30,0,0,0,0,0,0,12.718333,12.7,12.74,0.027333,0.02,0.04,0,0,0,12.084667,12.06,12.11,0,0,0,30.07,29.9,30.1,4.008333,4,4.01,5992,6021,0,0,0,0,0,0,0,0,0
2020-08-13T15:00:00Z,29,0,0,0,0,0,0,12.702414,12.69,12.72,0.03,0.02,0.04,0,0,0,12.074483,12.06,12.09,0,0,0,29.858621,29.7,30,4,4,4,6022,6050,0,0,0,0,0,0,0,0,0
2020-08-13T16:00:00Z,30,0,0,0,0,0,0,12.686667,12.67,12.7,0.03,0.02,0.04,0,0,0,12.056667,12.05,12.08,0,0,0,29.7,29.6,29.8,3.996667,3.99,4,6051,6080,0,0,0,0,0,0,0,0,0
2020-08-13T17:00:00Z,29,0,0,0,0,0,0,12.668276,12.66,12.69,0.03,0.02,0.04,0,0,0,12.041034,12.02,12.06,0,0,0,29.558621,29.5,29.7,3.99,3.99,3.99,6081,6109,0,0,0,0,0,0,0,0,0
2020-08-13T18:00:00Z,30,0,0,0,0,0,0,12.652333,12.63,12.67,0.029333,0.02,0.04,0,0,0,12.024667,12.01,12.04,0,0,0,29.45,29.4,29.5,3.988,3.98,3.99,6110,6139,0,0,0,0,0,0,0,0,0
2020-08-13T19:00:00Z,30,0,0,0,0,0,0,12.632667,12.62,12.65,0.029667,0.02,0.03,0,0,0,12.004667,11.99,12.02,0,0,0,29.393333,29.3,29.4,3.980333,3.98,3.99,6140,6169,0,0,0,0,0,0,0,0,0
2020-08-13T20:00:00Z,29,0,0,0,0,0,0,12.613793,12.6,12.64,0.030345,0.03,0.04,0,0,0,11.982759,11.96,12.01,0,0,0,29.306897,29.3,29.4,3.98,3.98,3.98,6170,6198,0,0,0,0,0,0,0,0,0
2020-08-13T21:00:00Z,30,0,0,0,0,0,0,12.597667,12.58,12.61,0.03,0.02,0.04,0,0,0,11.966667,11.95,11.99,0,0,0,29.236667,29.2,29.3,3.98,3.98,3.98,6199,6228,0,0,0,0,0,0,0,0,0
2020-08-13T22:00:00Z,29,2.51069,0,12.66,0.837931,0,3.84,12.584483,12.57,12.6,0.035862,0.03,0.06,0.114483,0,0.8,11.954138,11.94,11.97,0,0,0,29.124138,29,29.4,3.978276,3.97,3.98,6229,6257,0,0,0,0,0,0,0,0,0
2020-08-13T23:00:00Z,30,13.192,12.66,13.73,4.114667,3.44,4.38,12.928667,12.6,13.29,0.249,0.06,0.51,3.308,0.8,6.83,12.293,11.96,12.63,0,0,0,29.55,29.4,29.7,3.973333,3.97,3.98,6258,6287,0,0,0,0,0,0,0,0,0
2020-08-14T00:00:00Z,28,13.764286,13.42,14.12,4.362143,4.33,4.41,13.336071,13.29,13.42,0.490714,0.4,0.58,6.746071,5.59,7.87,12.693214,12.63,12.79,0,0,0,29.7,29.7,29.7,3.983571,3.98,3.99,6288,6316,0,0,0,0,0,0,0,0,0
2020-08-14T01:00:00Z,30,14.155333,13.56,14.79,4.466,4.36,4.59,13.640667,13.38,13.89,1.008,0.55,1.62,14.317333,7.69,23.98,12.996333,12.74,13.23,0,0,0,29.786667,29.7,29.9,4.003,3.99,4.02,6317,6346,0,0,0,0,0,0,0,0,0
2020-08-14T02:00:00Z,26,14.856923,13.87,15.88,4.601538,4.47,4.7,14.138462,13.65,14.82,1.640385,0.89,2.33,24.608462,12.27,36.59,13.472308,13,14.12,0.992308,0,9.53,30.107692,29.9,30.5,4.06,4.02,4.11,6347,6372,0,0,0,0,0,0,0,0,0
2020-08-14T03:00:00Z,27,17.34,14.08,21.39,9.391481,4.55,12.67,14.439259,13.87,14.92,1.451111,0.07,2.7,24.774074,1.45,55.67,13.807407,13.24,14.26,2.340741,0,11.93,30.825926,30.6,31,4.11963,4.11,4.13,6376,6404,0,0,0,0,3,0,0,0,0
2020-08-14T04:00:00Z,27,18.469259,14.62,20.92,10.088519,4.57,12.57,14.648148,14.37,15.14,0.838519,0.07,3.14,14.591111,1.41,61.69,13.955926,13.72,14.42,0.206296,0,4.29,31.42963,31,31.8,4.127407,4.12,4.13,6405,6433,0,0,0,1,1,0,0,0,0
2020-08-14T05:00:00Z,20,18.3555,14.7,20.42,8.9005,4.49,12.02,14.669,14.49,15.12,0.579,0.07,2.65,9.743,1.39,43.34,13.9905,13.82,14.46,0,0,0,31.98,31.8,32.1,4.126,4.12,4.13,6434,6462,0,0,0,0,0,0,0,0,0
2020-08-14T06:00:00Z,29,18.554138,15.64,20.7,6.82069,4.5,12.27,14.764483,14.54,15.13,0.591379,0.06,2.63,10.343448,1.15,43.73,14.090345,13.85,14.51,0,0,0,32.324138,32.1,32.6,4.126552,4.12,4.14,6463,6491,0,0,0,0,0,0,0,0,0
2020-08-14T07:00:00Z,26,19.737308,15.78,20.9,9.391538,4.54,12.25,14.684615,14.51,15.06,0.351923,0.07,1.67,6.691923,1.41,32.12,13.984231,13.83,14.22,0,0,0,33.184615,32.7,33.4,4.130769,4.12,4.14,6492,6520,0,0,0,0,0,0,0,0,0
2020-08-14T08:00:00Z,28,16.341071,14.54,20.64,6.044286,4.45,11.96,14.671786,14.39,15.09,0.510714,0.06,2.04,8.179286,1.3,33.14,13.99,13.75,14.35,4.654286,0,12.6,33.4,33.4,33.4,4.124643,4.12,4.14,6521,6550,0,0,0,0,0,0,0,0,0
2020-08-14T09:00:00Z,29,13.75931,12.95,14.93,3.996552,3.39,4.44,13.375862,12.85,14.26,0.217586,0.06,0.41,3.05069,0.84,5.96,12.752069,12.23,13.63,4.241379,0,11.2,33.4,33.4,33.4,4.116207,4.1,4.13,6551,6579,0,0,0,0,0,0,0,0,0
2020-08-14T10:00:00Z,29,10.028966,1.23,13.45,3.011379,0.9,3.84,12.854138,12.83,12.89,0.063103,0.03,0.09,0.63931,0.06,1.11,12.233103,12.21,12.27,0,0,0,33.386207,33.2,33.5,4.093103,4.08,4.1,6580,6608,0,0,0,0,0,0,0,0,0
2020-08-14T11:00:00Z,30,0.384333,0,3.59,0,0,0,12.830667,12.8,12.86,0.027667,-0.01,0.06,0.011333,-0.01,0.15,12.206667,12.18,12.25,0,0,0,32.583333,32.4,33.1,4.076667,4.07,4.08,6609,6638,0,0,0,3,1,0,0,0,0
2020-08-14T12:00:00Z,29,0,0,0,0,0,0,12.807241,12.79,12.83,0.034828,-0.01,0.06,0,0,0,12.182759,12.17,12.2,0,0,0,32.3,32.2,32.4,4.061724,4.05,4.07,6639,6667,0,0,0,1,0,0,0,0,0
2020-08-14T13:00:00Z,30,0,0,0,0,0,0,12.789667,12.77,12.81,0.026333,-0.04,0.06,0,0,0,12.163333,12.14,12.18,4.123,0,13.33,32.106667,32,32.2,4.048667,4.04,4.05,6668,6697,0,0,0,2,0,0,0,0,0
2020-08-14T14:00:00Z,29,0,0,0,0,0,0,12.772759,12.75,12.8,0.031724,0,0.08,0,0,0,12.14069,12.13,12.15,6.86,0,12.39,31.855172,31.8,31.9,4.04,4.04,4.04,6698,6726,0,0,0,0,0,0,0,0,0
2020-08-14T15:00:00Z,30,0,0,0,0,0,0,12.757667,12.74,12.78,0.028667,0.01,0.05,0,0,0,12.127333,12.12,12.14,1.497333,0,7.83,31.73,31.5,31.9,4.031,4.03,4.04,6727,6756,0,0,0,0,0,0,0,0,0
2020-08-14T16:00:00Z,27,0,0,0,0,0,0,12.745926,12.73,12.76,0.02963,0.02,0.04,0,0,0,12.113333,12.11,12.13,0,0,0,31.337037,31.1,31.6,4.022963,4.02,4.03,6757,6785,0,0,0,0,0,0,0,0,0
2020-08-14T17:00:00Z,30,0,0,0,0,0,0,12.730333,12.72,12.75,0.027667,0.02,0.05,0,0,0,12.101,12.08,12.11,0,0,0,30.92,30.8,31.1,4.013,4.01,4.02,6786,6815,0,0,0,0,0,0,0,0,0
2020-08-14T18:00:00Z,29,0,0,0,0,0,0,12.717586,12.7,12.73,0.028276,0.02,0.04,0,0,0,12.087586,12.08,12.11,0,0,0,30.586207,30.4,30.8,4.007586,4,4.01,6816,6845,0,0,0,0,0,0,0,0,0
2020-08-14T19:00:00Z,29,0,0,0,0,0,0,12.704138,12.69,12.72,0.02931,0.02,0.05,0,0,0,12.077586,12.07,12.08,0,0,0,30.206897,30.1,30.4,4,4,4,6846,6874,0,0,0,0,0,0,0,0,0
2020-08-14T20:00:00Z,30,0,0,0,0,0,0,12.686667,12.67,12.7,0.030333,0.02,0.04,0,0,0,12.063333,12.05,12.08,0,0,0,29.983333,29.8,30.1,3.997333,3.99,4,6875,6904,0,0,0,0,0,0,0,0,0
2020-08-14T21:00:00Z,29,0,0,0,0,0,0,12.669655,12.66,12.68,0.03069,0.02,0.04,0,0,0,12.044138,12.03,12.06,0,0,0,29.748276,29.7,29.9,3.990345,3.99,4,6905,6933,0,0,0,0,0,0,0,0,0
2020-08-14T22:00:00Z,30,1.549333,0,6.89,0.943,0,2.79,12.656333,12.64,12.67,0.037,0.02,0.05,0.069,0,0.32,12.025667,12,12.05,0,0,0,29.633333,29.5,29.7,3.989667,3.98,3.99,6934,6963,0,0,0,0,0,0,0,0,0
2020-08-14T23:00:00Z,30,12.872333,8.35,13.75,3.944667,3.23,4.3,12.800333,12.64,13.02,0.155333,0.05,0.33,2.032333,0.53,4.54,12.172,12,12.38,0,0,0,30.143333,29.7,30.4,3.981333,3.98,3.99,6964,6993,0,0,0,0,0,0,0,0,0
2020-08-15T00:00:00Z,29,13.853103,13.22,14.24,4.381724,4.31,4.45,13.361379,13.05,13.54,0.59,0.34,0.77,8.179655,4.7,10.7,12.722069,12.4,12.9,0,0,0,30.168966,30.1,30.2,3.992069,3.98,4,6994,7022,0,0,0,0,0,0,0,0,0
2020-08-15T01:00:00Z,30,14.054667,13.69,14.78,4.51,4.43,4.62,13.651333,13.53,13.91,1.007,0.74,1.47,14.192667,10.07,20.88,13.002667,12.87,13.27,0,0,0,30.203333,30.1,30.4,4.024667,4,4.06,7023,7052,0,0,0,0,0,0,0,0,0
2020-08-15T02:00:00Z,29,15.585862,14.29,20.32,8.655862,4.63,12,14.360345,13.93,14.78,1.798621,0.21,2.33,27.67931,4.23,41.15,13.694483,13.3,14.12,0,0,0,30.555172,30.3,30.8,4.107586,4.06,4.13,7053,7081,0,0,0,0,0,0,0,0,0
2020-08-15T03:00:00Z,30,19.343667,15.94,20.57,11.829333,11.68,11.97,14.565333,14.23,14.97,0.871333,0.07,2.53,16.375333,1.38,51.02,13.914667,13.58,14.39,0,0,0,31.12,30.9,31.4,4.122667,4.12,4.13,7082,7111,0,0,0,0,3,0,0,0,0
2020-08-15T04:00:00Z,29,19.325862,15.95,20.51,11.731379,11.31,11.94,14.646207,14.44,15.09,0.754828,0.06,2.48,13.74069,1.28,46.4,13.992414,13.79,14.36,0,0,0,31.768966,31.4,32,4.13,4.13,4.13,7112,7140,0,0,0,0,0,0,0,0,0
2020-08-15T05:00:00Z,30,19.976,15.87,20.91,10.706,4.62,12.12,14.626,14.48,14.89,0.424333,0.06,2.18,8.138,1.3,44.75,13.969,13.82,14.37,0.266667,0,5.75,32.096667,32,32.2,4.128667,4.12,4.13,7141,7170,0,0,0,0,0,0,0,0,0
2020-08-15T06:00:00Z,29,19.596552,15.8,21.06,5.335862,4.6,11.59,14.79,14.51,15.03,0.468276,0.09,1.43,8.481034,1.81,28.6,14.1,13.84,14.39,1.645172,0,9.18,32.382759,32.2,32.8,4.123103,4.12,4.13,7171,7199,0,0,0,0,0,0,0,0,0
2020-08-15T07:00:00Z,30,20.061667,15.84,21.09,11.067667,4.61,12.04,14.638667,14.48,14.99,0.549333,0.06,1.82,10.653667,1.19,38.14,13.975,13.83,14.21,2.959,0,11.69,33.13,32.6,33.4,4.13,4.12,4.14,7200,7229,0,0,0,0,0,0,0,0,0
2020-08-15T08:00:00Z,30,18.347667,15.75,21.12,4.815333,4.52,11.67,14.828333,14.69,15,0.560667,0.08,1.11,9.547667,1.58,19.29,14.149333,14.02,14.3,3.120333,0,12.39,33.32,33.2,33.4,4.123333,4.12,4.13,7230,7259,0,0,0,0,0,0,0,0,0
2020-08-15T09:00:00Z,28,16.058214,14.23,20.99,4.480357,4.44,4.56,14.561429,13.94,14.87,0.463214,0.08,0.78,7.272143,1.57,12.66,13.901071,13.32,14.18,0.941429,0,7.66,33.4,33.4,33.4,4.122857,4.12,4.13,7260,7288,0,0,0,0,0,0,0,0,0
2020-08-15T10:00:00Z,30,13.661667,12.95,14.67,4.146,3.42,4.44,13.334,12.86,13.99,0.242667,0.1,0.38,3.344333,1.27,5.43,12.705333,12.26,13.36,0.134667,0,4.04,33.4,33.4,33.4,4.116,4.11,4.13,7289,7318,0,0,0,0,0,0,0,0,0
2020-08-15T11:00:00Z,29,1.865172,0,12.93,0.541724,0,3.81,12.844828,12.81,12.87,0.034483,0,0.07,0.078966,0,0.89,12.218276,12.19,12.24,0,0,0,32.841379,32.4,33.4,4.097586,4.09,4.11,7319,7347,0,0,0,0,0,0,0,0,0
2020-08-15T12:00:00Z,30,0,0,0,0,0,0,12.827,12.8,12.85,0.027,0,0.06,0,0,0,12.197667,12.17,12.22,0,0,0,32.336667,32.2,32.5,4.081667,4.07,4.09,7348,7377,0,0,0,0,0,0,0,0,0
2020-08-15T13:00:00Z,29,0,0,0,0,0,0,12.81,12.78,12.83,0.024483,-0.01,0.06,0,0,0,12.18,12.15,12.2,0,0,0,32.162069,32.1,32.3,4.065517,4.06,4.08,7378,7406,0,0,0,3,0,0,0,0,0
2020-08-15T14:00:00Z,30,0,0,0,0,0,0,12.783333,12.76,12.81,0.028333,0,0.06,0,0,0,12.155333,12.14,12.18,0,0,0,32.076667,32,32.1,4.052667,4.05,4.06,7407,7436,0,0,0,0,0,0,0,0,0
2020-08-15T15:00:00Z,28,0,0,0,0,0,0,12.766786,12.75,12.79,0.028214,-0.01,0.05,0,0,0,12.136786,12.12,12.15,0,0,0,31.978571,31.9,32,4.041429,4.04,4.05,7437,7465,0,0,0,1,0,0,0,0,0
2020-08-15T16:00:00Z,30,0,0,0,0,0,0,12.750333,12.73,12.77,0.032,0.01,0.05,0,0,0,12.119667,12.1,12.14,0,0,0,31.8,31.7,31.9,4.034333,4.03,4.04,7466,7495,0,0,0,0,0,0,0,0,0
2020-08-15T17:00:00Z,30,0,0,0,0,0,0,12.732667,12.72,12.74,0.027667,0.01,0.04,0,0,0,12.105,12.09,12.11,0,0,0,31.58,31.4,31.7,4.026667,4.02,4.03,7496,7525,0,0,0,0,0,0,0,0,0
2020-08-15T18:00:00Z,29,0,0,0,0,0,0,12.720345,12.71,12.73,0.026552,0.02,0.04,0,0,0,12.088621,12.08,12.1,0,0,0,31.275862,31.1,31.4,4.016207,4.01,4.02,7526,7554,0,0,0,0,0,0,0,0,0
2020-08-15T19:00:00Z,30,0,0,0,0,0,0,12.706667,12.69,12.72,0.026333,0.02,0.03,0,0,0,12.078333,12.06,12.09,0,0,0,31.036667,30.9,31.2,4.009667,4,4.01,7555,7584,0,0,0,0,0,0,0,0,0
2020-08-15T20:00:00Z,29,0,0,0,0,0,0,12.68931,12.68,12.7,0.027241,0.02,0.03,0,0,0,12.064483,12.05,12.08,0,0,0,30.858621,30.8,30.9,4.002069,4,4.01,7585,7613,0,0,0,0,0,0,0,0,0
2020-08-15T21:00:00Z,29,0,0,0,0,0,0,12.673103,12.66,12.69,0.02931,0.02,0.03,0,0,0,12.048621,12.03,12.06,0,0,0,30.713793,30.6,30.8,3.998621,3.99,4,7614,7643,0,0,0,0,0,0,0,0,0
2020-08-15T22:00:00Z,28,2.603929,0,13.19,0.960714,0,3.8,12.658929,12.65,12.67,0.033929,0.02,0.06,0.118214,0,0.75,12.033929,12.01,12.05,0,0,0,30.546429,30.5,30.8,3.991071,3.99,4,7644,7672,0,0,0,0,0,0,0,0,0
2020-08-15T23:00:00Z,30,13.187,12.76,13.74,4.124,3.45,4.36,12.889,12.66,13.09,0.199,0.06,0.36,2.630333,0.84,4.81,12.256,12.02,12.47,0,0,0,31.14,30.9,31.3,3.99,3.99,3.99,7673,7702,0,0,0,0,0,0,0,0,0
2020-08-16T00:00:00Z,30,13.581333,13.24,14.18,4.443,4.37,4.53,13.255,13.11,13.42,0.476667,0.38,0.66,6.481667,5.06,9.19,12.617333,12.47,12.78,0,0,0,31.19,31,31.3,4.008,3.99,4.03,7703,7732,0,0,0,0,0,0,0,0,0
2020-08-16T01:00:00Z,29,14.093793,13.65,14.66,5.341724,4.53,11.73,13.616552,13.43,13.83,1.054483,0.68,1.41,14.884483,9.63,20.46,12.973793,12.8,13.19,0.104138,0,3.02,31.296552,31.2,31.6,4.074138,4.04,4.12,7733,7761,0,0,0,0,0,0,0,0,0
2020-08-16T02:00:00Z,30,14.622,13.63,15.85,10.374333,4.48,12.14,14.046,13.48,14.74,1.544667,0.52,2.26,22.816333,7.1,35.56,13.384333,12.84,14.07,0,0,0,31.716667,31.6,32,4.121333,4.11,4.13,7762,7791,0,0,0,0,0,0,0,0,0
2020-08-16T03:00:00Z,29,17.608966,14.63,21.15,10.075517,4.47,12.28,14.607241,13.83,15,1.358966,0.09,2.55,23.978276,1.81,50.22,13.93069,13.2,14.3,0,0,0,32.110345,32,32.3,4.127241,4.11,4.13,7792,7820,0,0,0,0,1,0,0,0,0
2020-08-16T04:00:00Z,30,18.334333,14.51,21.64,9.533333,4.53,12.6,14.743333,14.29,15.29,0.891667,0.06,2.66,15.638667,1.17,53.2,14.079333,13.66,14.6,0.064333,0,1.93,32.646667,32.3,33.2,4.130667,4.12,4.14,7821,7850,0,0,0,0,1,0,0,0,0
2020-08-16T05:00:00Z,30,19.755,16.59,20.66,10.703333,4.56,12.19,14.692333,14.48,15.22,0.399,0.06,2.87,7.391,1.28,57.97,14.036667,13.84,14.66,0.988333,0,10.05,33.34,33.2,33.4,4.130333,4.12,4.14,7851,7880,0,0,0,0,1,0,0,0,0
2020-08-16T06:00:00Z,29,18.930345,15.6,21.21,6.871724,4.48,12.46,14.74931,14.51,14.96,0.466897,0.06,1,8.533103,1.29,19.96,14.079655,13.84,14.28,0.098621,0,2.86,33.596552,33.4,34.1,4.13,4.12,4.14,7881,7909,0,0,0,0,0,0,0,0,0
2020-08-16T07:00:00Z,30,19.582,15.74,21.03,9.978333,4.57,12.22,14.682,14.51,15.18,0.421,0.06,2.39,7.445333,1.16,39.02,14.029667,13.84,14.51,1.445,0,11.11,34.34,34.1,34.6,4.134333,4.12,4.14,7910,7939,0,0,0,0,0,0,0,0,0
2020-08-16T08:00:00Z,29,18.392414,15.54,21.16,7.031379,4.48,12.01,14.756552,14.51,14.99,0.602759,0.08,1.66,10.608276,1.69,26.49,14.095172,13.86,14.3,2.345172,0,10.83,34.644828,34.6,35,4.130345,4.12,4.14,7940,7968,0,0,0,0,0,0,0,0,0
2020-08-16T09:00:00Z,30,19.503333,15.54,20.82,6.197667,4.47,11.74,14.732667,14.52,14.96,0.386,0.05,1.52,7.282,0.94,30.76,14.079667,13.89,14.33,4.185333,0,11.9,35.056667,34.8,35.3,4.128667,4.12,4.14,7969,7998,0,0,0,0,0,0,0,0,0
2020-08-16T10:00:00Z,29,13.288621,7.9,15.01,3.905862,2.64,4.45,13.119655,12.82,14.24,0.169655,0.06,0.39,2.295517,0.54,5.9,12.488621,12.21,13.61,6.772069,0,12.91,35.044828,35,35.2,4.114483,4.11,4.12,7999,8027,0,0,0,0,0,0,0,0,0
2020-08-16T11:00:00Z,30,0.35,0,3.74,0.148333,0,1.83,12.835667,12.81,12.87,0.026333,-0.01,0.1,0.009667,0,0.17,12.211667,12.18,12.24,5.829,0,12.39,34.596667,34.4,35,4.095667,4.09,4.11,8028,8057,0,0,0,1,0,0,0,0,0
2020-08-16T12:00:00Z,30,0,0,0,0,0,0,12.812667,12.78,12.84,0.031333,-0.01,0.08,0,0,0,12.192667,12.17,12.21,0.873667,0,11.53,34.326667,34.2,34.5,4.079,4.07,4.09,8058,8087,0,0,0,1,0,0,0,0,0
2020-08-16T13:00:00Z,29,0,0,0,0,0,0,12.794138,12.78,12.82,0.028276,-0.01,0.06,0,0,0,12.17069,12.15,12.18,0,0,0,34.075862,33.9,34.2,4.064138,4.06,4.07,8088,8116,0,0,0,2,0,0,0,0,0
2020-08-16T14:00:00Z,29,0,0,0,0,0,0,12.78,12.76,12.8,0.026897,0,0.06,0,0,0,12.153103,12.14,12.18,0,0,0,33.689655,33.5,33.9,4.05,4.04,4.06,8117,8146,0,0,0,0,0,0,0,0,0
2020-08-16T15:00:00Z,29,0,0,0,0,0,0,12.757586,12.74,12.78,0.02931,0.01,0.05,0,0,0,12.134828,12.12,12.15,0,0,0,33.393103,33.3,33.5,4.04069,4.04,4.05,8147,8175,0,0,0,0,0,0,0,0,0
2020-08-16T16:00:00Z,30,0,0,0,0,0,0,12.741333,12.72,12.76,0.026,0.01,0.05,0,0,0,12.115333,12.1,12.14,0,0,0,33.223333,33,33.3,4.031,4.03,4.04,8176,8205,0,0,0,0,0,0,0,0,0
2020-08-16T17:00:00Z,29,0,0,0,0,0,0,12.727931,12.72,12.74,0.027241,0.01,0.05,0,0,0,12.103448,12.09,12.11,0,0,0,32.737931,32.5,33,4.023448,4.02,4.03,8206,8234,0,0,0,0,0,0,0,0,0
2020-08-16T18:00:00Z,30,0,0,0,0,0,0,12.706667,12.69,12.72,0.023333,0.01,0.04,0,0,0,12.081667,12.07,12.09,0,0,0,32.3,32.1,32.5,4.014333,4.01,4.02,8235,8264,0,0,0,0,0,0,0,0,0
2020-08-16T19:00:00Z,30,0,0,0,0,0,0,12.691667,12.68,12.7,0.023667,0.02,0.03,0,0,0,12.067667,12.05,12.08,0,0,0,32.086667,32,32.1,4.008333,4,4.01,8265,8294,0,0,0,0,0,0,0,0,0
2020-08-16T20:00:00Z,29,0,0,0,0,0,0,12.676552,12.66,12.69,0.027241,0.02,0.03,0,0,0,12.053448,12.04,12.07,0,0,0,31.965517,31.8,32,4.001034,4,4.01,8295,8323,0,0,0,0,0,0,0,0,0
2020-08-16T21:00:00Z,30,0,0,0,0,0,0,12.659333,12.64,12.67,0.026667,0.02,0.03,0,0,0,12.039,12.02,12.05,0,0,0,31.71,31.6,31.8,3.998667,3.99,4,8324,8353,0,0,0,0,0,0,0,0,0
2020-08-16T22:00:00Z,29,2.952759,0,12.74,0.977586,0,3.81,12.643793,12.63,12.68,0.033103,0.02,0.07,0.129655,0,0.88,12.018966,12,12.04,0,0,0,31.468966,31.3,31.7,3.99,3.99,3.99,8354,8382,0,0,0,0,0,0,0,0,0
2020-08-16T23:00:00Z,30,13.309333,12.73,13.8,4.182333,3.44,4.34,12.935,12.66,13.14,0.240333,0.06,0.41,3.201,0.8,5.53,12.304333,12.05,12.51,0,0,0,32.04,31.8,32.1,3.99,3.99,3.99,8383,8412,0,0,0,0,0,0,0,0,0
2020-08-17T00:00:00Z,29,13.601379,13.3,14.26,4.381034,4.34,4.47,13.338621,13.16,13.47,0.527586,0.41,0.73,7.17931,5.39,9.95,12.704828,12.54,12.84,0,0,0,31.982759,31.9,32.1,3.996207,3.99,4.01,8413,8441,0,0,0,0,0,0,0,0,0
2020-08-17T01:00:00Z,23,14.226087,13.67,14.89,4.588261,4.46,4.67,13.72,13.48,13.92,1.198696,0.71,1.55,17.125652,9.87,23.09,13.072609,12.84,13.28,1.278696,0,9.23,31.965217,31.9,32.1,4.050435,4.01,4.09,8442,8470,0,0,0,0,0,0,0,0,0
2020-08-17T02:00:00Z,23,14.958261,14.08,15.79,10.754783,4.66,12.17,14.236522,13.78,14.74,1.734783,1.35,2.12,26.050435,19.97,33.46,13.57913,13.14,14.05,1.133913,0,8.05,32.108696,32,32.3,4.12,4.1,4.13,8471,8499,0,0,0,0,0,0,0,0,0
2020-08-17T03:00:00Z,23,19.463043,16.15,20.91,12.149565,11.91,12.35,14.7,14.34,15.09,1.081739,0.03,2.83,20.628696,0.58,58.12,13.996957,13.69,14.41,5.150435,0,12.28,32.708696,32.4,33.1,4.128261,4.12,4.13,8502,8527,0,0,0,0,1,0,0,0,0
2020-08-17T04:00:00Z,23,19.777826,16.01,20.81,11.72,4.62,12.37,14.655217,14.48,15.21,0.710435,0.06,2.7,13.466957,1.18,52.12,14.061739,13.81,14.52,2.635217,0,10.91,33.317391,33.1,33.4,4.12913,4.12,4.13,8528,8556,0,0,0,0,2,0,0,0,0
2020-08-17T05:00:00Z,24,19.761667,15.72,21.15,9.84375,4.55,12.33,14.66375,14.51,15.06,0.526667,0.06,1.93,10.14,1.3,39.73,14.02875,13.84,14.36,2.469583,0,10.08,33.570833,33.4,34,4.128333,4.12,4.14,8557,8585,0,0,0,0,0,0,0,0,0
2020-08-17T06:00:00Z,21,20.165238,16.3,20.94,11.739048,11.45,12.08,14.601905,14.49,15.05,0.372857,0.06,1.78,7.141429,1.3,36.52,13.93381,13.84,14.22,3.499048,0,12.15,34.095238,33.9,34.3,4.13,4.13,4.13,8586,8613,0,0,0,0,0,0,0,0,0
2020-08-17T07:00:00Z,26,19.760769,15.77,21.09,11.245,4.5,12.21,14.665385,14.5,14.9,0.488077,0.06,1.85,9.451154,1.17,38.29,13.981538,13.84,14.34,4.165,0,11.53,34.526923,34.3,34.6,4.128077,4.12,4.13,8616,8643,0,0,0,0,0,0,0,0,0
2020-08-17T08:00:00Z,26,20.124615,15.95,21.06,9.541154,4.58,11.98,14.652308,14.51,14.9,0.378077,0.05,1.74,7.448846,1.07,36.12,13.990769,13.85,14.24,4.517308,0,11.43,34.780769,34.6,35,4.128462,4.12,4.13,8647,8672,0,0,0,0,0,0,0,0,0
2020-08-17T09:00:00Z,28,18.793929,15.72,20.79,4.558571,4.51,4.62,14.809643,14.69,15,0.495714,0.08,1.26,8.703929,1.56,20.61,14.131786,14.02,14.33,3.66,0,11.25,34.875,34.8,35,4.123571,4.12,4.13,8673,8700,0,0,0,0,0,0,0,0,0
2020-08-17T10:00:00Z,30,13.969,10.45,16.37,4.132333,2.61,4.49,13.627,12.85,14.84,0.262333,0.02,0.63,3.805667,0.24,9.88,12.988333,12.21,14.17,2.367667,0,10.3,35.01,35,35.1,4.120333,4.11,4.13,8702,8731,0,0,0,0,0,0,0,0,0
2020-08-17T11:00:00Z,29,0.701724,0,5.23,0.28,0,2.46,12.843103,12.81,12.87,0.031724,-0.01,0.06,0.021724,0,0.27,12.218276,12.18,12.24,0.843793,0,7.47,34.527586,34.3,35,4.101724,4.09,4.11,8732,8760,0,0,0,2,0,0,0,0,0
2020-08-17T12:00:00Z,30,0,0,0,0,0,0,12.816,12.78,12.84,0.03,-0.01,0.06,0,0,0,12.193333,12.17,12.22,0,0,0,34.316667,34.2,34.4,4.084333,4.08,4.09,8761,8790,0,0,0,2,0,0,0,0,0
2020-08-17T13:00:00Z,29,0,0,0,0,0,0,12.799655,12.78,12.82,0.021034,-0.01,0.06,0,0,0,12.166552,12.14,12.2,2.045517,0,12.08,34.155172,34,34.3,4.067931,4.06,4.08,8791,8819,0,0,0,1,0,0,0,0,0
2020-08-17T14:00:00Z,29,0,0,0,0,0,0,12.777241,12.75,12.81,0.023448,-0.01,0.09,0,0,0,12.145172,12.13,12.17,5.885517,0,12.11,33.903448,33.8,34.1,4.053793,4.05,4.06,8820,8849,0,0,0,3,0,0,0,0,0
2020-08-17T15:00:00Z,30,0,0,0,0,0,0,12.756333,12.73,12.78,0.028333,-0.01,0.06,0,0,0,12.129667,12.11,12.14,1.092,0,8.32,33.513333,33.4,33.8,4.043333,4.04,4.05,8850,8879,0,0,0,1,0,0,0,0,0
2020-08-17T16:00:00Z,29,0,0,0,0,0,0,12.739655,12.72,12.75,0.026897,0.01,0.06,0,0,0,12.112759,12.11,12.13,0.947241,0,9.66,33.348276,33.3,33.4,4.035172,4.03,4.04,8880,8908,0,0,0,0,0,0,0,0,0
2020-08-17T17:00:00Z,30,0,0,0,0,0,0,12.724,12.71,12.74,0.027667,0.01,0.04,0,0,0,12.098333,12.09,12.11,0,0,0,33.106667,33,33.3,4.027667,4.02,4.03,8909,8938,0,0,0,0,0,0,0,0,0
2020-08-17T18:00:00Z,29,0,0,0,0,0,0,12.709655,12.69,12.72,0.025862,0.02,0.04,0,0,0,12.081034,12.06,12.09,0,0,0,32.751724,32.5,33,4.017931,4.01,4.02,8939,8967,0,0,0,0,0,0,0,0,0
2020-08-17T19:00:00Z,30,0,0,0,0,0,0,12.691667,12.68,12.7,0.024,0.02,0.03,0,0,0,12.065333,12.05,12.08,0,0,0,32.393333,32.3,32.5,4.010333,4.01,4.02,8968,8997,0,0,0,0,0,0,0,0,0
2020-08-17T20:00:00Z,29,0,0,0,0,0,0,12.679655,12.66,12.69,0.024138,0.01,0.03,0,0,0,12.055862,12.05,12.07,0,0,0,32.137931,32.1,32.3,4.002069,4,4.01,8998,9026,0,0,0,0,0,0,0,0,0
2020-08-17T21:00:00Z,30,0,0,0,0,0,0,12.659667,12.65,12.67,0.026333,0.02,0.03,0,0,0,12.036333,12.02,12.05,0,0,0,32.036667,32,32.1,4,4,4,9027,9056,0,0,0,0,0,0,0,0,0
2020-08-17T22:00:00Z,30,2.854333,0,13.27,0.898,0,3.81,12.643,12.63,12.66,0.035333,0.02,0.08,0.150667,0,0.95,12.019333,11.99,12.05,0,0,0,31.933333,31.8,32.1,3.992333,3.99,4,9057,9086,0,0,0,0,0,0,0,0,0
2020-08-17T23:00:00Z,29,13.209655,12.75,13.69,4.181379,3.42,4.35,12.907241,12.67,13.05,0.214483,0.08,0.34,2.848966,0.96,4.49,12.278621,12.04,12.41,0,0,0,32.251724,32.1,32.3,3.99,3.99,3.99,9087,9115,0,0,0,0,0,0,0,0,0
2020-08-18T00:00:00Z,30,13.617,13.19,14.3,4.393,4.33,4.51,13.206333,13.06,13.5,0.452333,0.31,0.82,6.195667,4.21,11.75,12.57,12.42,12.85,0,0,0,32.236667,32.1,32.3,4.000667,3.99,4.02,9116,9145,0,0,0,0,0,0,0,0,0
2020-08-18T01:00:00Z,28,14.082143,13.65,14.75,4.561071,4.47,4.68,13.609286,13.47,13.94,1.022143,0.71,1.64,14.438214,9.72,23.39,12.964286,12.84,13.3,0.385357,0,10.79,32.285714,32.2,32.4,4.049286,4.02,4.09,9146,9174,0,0,0,0,0,0,0,0,0
2020-08-18T02:00:00Z,28,14.531429,13.66,15.87,9.232143,4.48,12.28,13.913571,13.47,14.72,1.460714,0.63,2.5,21.415,8.62,39.7,13.261786,12.84,14.01,0.366071,0,7.66,32.539286,32.3,32.9,4.1175,4.08,4.13,9175,9203,0,0,0,0,0,0,0,0,0
2020-08-18T03:00:00Z,19,16.346842,14.84,20.48,11.413158,4.61,12.21,14.609474,14.1,14.88,1.578421,0.09,2.32,25.035789,1.76,36.58,13.906842,13.47,14.12,0.172105,0,3.27,33.126316,32.8,33.4,4.128947,4.12,4.13,9204,9232,0,0,0,0,0,0,0,0,0
2020-08-18T04:00:00Z,29,19.561379,15.76,20.88,11.69069,4.62,12.33,14.718966,14.45,15.29,0.862414,0.06,3.06,15.724828,1.16,59.19,14.063103,13.81,14.6,1.245862,0,10.19,33.613793,33.4,33.8,4.129655,4.12,4.13,9233,9261,0,0,0,1,2,0,0,0,0
2020-08-18T05:00:00Z,22,19.595455,15.99,20.85,11.119091,4.59,12.28,14.673182,14.51,15.25,0.48,0.06,2.16,8.781818,1.26,36.16,14.011364,13.84,14.45,0.745,0,8.8,34.145455,33.8,34.5,4.129091,4.12,4.13,9262,9289,0,0,0,0,0,0,0,0,0
2020-08-18T06:00:00Z,24,18.839167,15.57,21.17,8.679167,4.48,12.46,14.730417,14.49,15.18,0.463333,0.05,2.66,7.949167,1.07,43.6,14.04875,13.82,14.54,6.53,0,12.81,34.641667,34.5,34.8,4.12625,4.12,4.14,9291,9319,0,0,0,0,0,0,0,0,0
2020-08-18T07:00:00Z,27,19.53037,15.64,21.39,10.431111,4.51,12.47,14.671111,14.49,15.13,0.388889,0.05,1.45,7.110741,0.95,24.69,14.011111,13.84,14.33,9.962222,0,12.83,35.085185,34.7,35.4,4.135556,4.12,4.14,9320,9348,0,0,0,0,0,0,0,0,0
2020-08-18T08:00:00Z,29,15.12069,13.04,20.66,4.385172,3.68,4.62,13.887241,12.96,14.81,0.29931,0.1,0.52,4.543448,1.8,9.78,13.244483,12.33,14.18,7.754483,0,12.22,35.337931,35.2,35.4,4.119655,4.11,4.13,9349,9377,0,0,0,0,0,0,0,0,0
2020-08-18T09:00:00Z,29,13.228966,12.95,13.57,3.567241,3.41,4.01,12.888966,12.84,12.94,0.108276,0.05,0.15,1.423448,0.7,2.03,12.26,12.21,12.32,0.464828,0,8.69,35.4,35.4,35.4,4.103793,4.09,4.12,9378,9407,0,0,0,0,0,0,0,0,0
2020-08-18T10:00:00Z,29,12.621034,5.5,13.48,3.625517,2.48,3.97,12.832759,12.79,12.87,0.072414,0.03,0.1,0.898621,0.31,1.34,12.209655,12.18,12.23,0,0,0,35.462069,35.4,35.5,4.085862,4.08,4.09,9408,9436,0,0,0,0,0,0,0,0,0
2020-08-18T11:00:00Z,30,0.579333,0,3.83,0.214333,0,2.25,12.799,12.77,12.83,0.024,-0.01,0.06,0.011333,0,0.12,12.169333,12.15,12.2,0,0,0,34.736667,34.6,35.4,4.072333,4.06,4.08,9437,9466,0,0,0,2,0,0,0,0,0
2020-08-18T12:00:00Z,30,0,0,0,0,0,0,12.782667,12.75,12.81,0.028333,0,0.06,0,0,0,12.156,12.14,12.17,0,0,0,34.446667,34.3,34.6,4.056,4.05,4.06,9467,9496,0,0,0,0,0,0,0,0,0
2020-08-18T13:00:00Z,29,0,0,0,0,0,0,12.764483,12.74,12.78,0.031724,0,0.06,0,0,0,12.137241,12.11,12.16,0,0,0,34.168966,34,34.3,4.044828,4.04,4.05,9497,9525,0,0,0,0,0,0,0,0,0
2020-08-18T14:00:00Z,30,0,0,0,0,0,0,12.75,12.73,12.77,0.031,0.01,0.05,0,0,0,12.122,12.1,12.14,0,0,0,33.87,33.7,34,4.035,4.03,4.04,9526,9555,0,0,0,0,0,0,0,0,0
2020-08-18T15:00:00Z,29,0,0,0,0,0,0,12.72931,12.72,12.75,0.026207,0.01,0.04,0,0,0,12.105517,12.09,12.11,0,0,0,33.513793,33.4,33.7,4.028621,4.02,4.03,9556,9584,0,0,0,0,0,0,0,0,0
2020-08-18T16:00:00Z,30,0,0,0,0,0,0,12.716,12.7,12.73,0.027,0.02,0.04,0,0,0,12.089,12.08,12.1,0,0,0,33.373333,33.3,33.4,4.018,4.01,4.02,9585,9614,0,0,0,0,0,0,0,0,0
2020-08-18T17:00:00Z,29,0,0,0,0,0,0,12.701034,12.69,12.72,0.022759,0.02,0.03,0,0,0,12.074483,12.05,12.09,0,0,0,33.217241,33.1,33.3,4.01,4.01,4.01,9615,9643,0,0,0,0,0,0,0,0,0
2020-08-18T18:00:00Z,30,0,0,0,0,0,0,12.684,12.67,12.69,0.026667,0.02,0.03,0,0,0,12.058333,12.04,12.08,0,0,0,32.85,32.6,33.1,4.005333,4,4.01,9644,9673,0,0,0,0,0,0,0,0,0
2020-08-18T19:00:00Z,29,0,0,0,0,0,0,12.662759,12.65,12.68,0.026207,0.02,0.03,0,0,0,12.042069,12.02,12.05,0,0,0,32.455172,32.4,32.5,4,4,4,9674,9703,0,0,0,0,0,0,0,0,0
2020-08-18T20:00:00Z,29,0,0,0,0,0,0,12.64069,12.62,12.66,0.025862,0.02,0.03,0,0,0,12.02069,11.99,12.05,0,0,0,32.210345,32.1,32.3,3.994483,3.99,4,9704,9732,0,0,0,0,0,0,0,0,0
2020-08-18T21:00:00Z,29,0,0,0,0,0,0,12.63,12.62,12.64,0.027241,0.02,0.03,0,0,0,12.004483,11.99,12.02,0,0,0,32.093103,32,32.1,3.99,3.99,3.99,9733,9762,0,0,0,0,0,0,0,0,0
2020-08-18T22:00:00Z,29,0.610345,0,4.87,0.264138,0,2.27,12.617586,12.61,12.63,0.026552,0,0.06,0.016897,0,0.14,11.99,11.96,12.01,2.802759,0,11.55,32.013793,32,32.1,3.987241,3.98,3.99,9763,9791,0,0,0,0,0,0,0,0,0
2020-08-18T23:00:00Z,29,12.717931,5.84,13.66,3.917586,2.54,4.27,12.798966,12.6,12.97,0.163793,0.03,0.32,2.137586,0.33,4.24,12.17,11.98,12.35,9.302069,0,12.36,32.417241,32.1,32.7,3.98069,3.98,3.99,9792,9821,0,0,0,0,0,0,0,0,0
2020-08-19T00:00:00Z,29,13.503793,13.12,14.08,4.306897,4.28,4.34,13.131379,12.98,13.32,0.382069,0.3,0.52,5.15069,4.01,7.25,12.496552,12.35,12.69,3.846552,0,11.86,32.358621,32.2,32.4,3.983448,3.98,3.99,9822,9850,0,0,0,0,0,0,0,0,0
2020-08-19T01:00:00Z,29,13.93069,13.51,14.41,4.402414,4.35,4.47,13.491724,13.35,13.6,0.711724,0.53,0.95,9.935862,7.19,13.11,12.857241,12.72,12.97,4.373103,0,12.04,32.165517,32.1,32.3,3.995172,3.99,4.01,9851,9880,0,0,0,0,0,0,0,0,0
2020-08-19T02:00:00Z,27,14.078148,13.8,14.67,4.505926,4.46,4.55,13.690741,13.58,13.8,1.086296,0.89,1.26,15.306667,12.38,18.33,13.045926,12.95,13.14,1.71,0,10.43,32.103704,32.1,32.2,4.026667,4.01,4.05,9881,9909,0,0,0,0,0,0,0,0,0
2020-08-19T03:00:00Z,21,14.491429,13.99,15.22,5.637619,4.54,12,13.96381,13.75,14.48,1.339048,1.05,1.89,19.482381,14.73,28.05,13.311905,13.09,13.81,1.696667,0,10.56,32.138095,32.1,32.4,4.078571,4.05,4.12,9910,9938,0,0,0,0,0,0,0,0,0
2020-08-19T04:00:00Z,26,18.605385,15.67,21.13,12.092692,11.34,12.36,14.645385,14.09,15.13,1.330385,0.08,3.29,23.409231,1.55,54.69,13.928077,13.42,14.38,3.443462,0,10.93,32.657692,32.3,32.9,4.122692,4.12,4.13,9939,9965,0,0,0,1,1,0,0,0,0
2020-08-19T05:00:00Z,29,19.603103,15.78,21.32,10.857931,4.58,12.61,14.688621,14.48,15.27,0.719655,0.05,3.21,13.502759,0.98,65.45,14.024828,13.81,14.63,4.648966,0,11.82,33.186207,32.9,33.4,4.127931,4.12,4.13,9968,9996,0,0,0,3,3,0,0,0,0
2020-08-19T06:00:00Z,29,19.715172,16.05,21.12,12.023103,11.09,12.58,14.672069,14.48,15.22,0.541724,0.05,2.92,9.767586,1.08,50.58,13.992069,13.83,14.55,6.061034,0,12.78,33.475862,33.4,33.7,4.13,4.13,4.13,9997,10026,0,0,0,0,1,0,0,0,0
2020-08-19T07:00:00Z,28,20.224643,17.06,21.12,7.6825,4.56,12.12,14.664286,14.48,14.93,0.375,0.06,1.27,7.448571,1.19,26.19,14.056429,13.86,14.3,5.501429,0,12.05,33.953571,33.7,34.3,4.125357,4.12,4.13,10027,10055,0,0,0,0,0,0,0,0,0
2020-08-19T08:00:00Z,30,17.349667,13.41,20.83,5.962333,4.34,11.99,14.440667,13.24,15.02,0.435,0.01,1.83,7.329667,0.1,29.74,13.784333,12.6,14.32,2.291,0,12.18,34.463333,34.2,34.6,4.125,4.12,4.13,10056,10085,0,0,0,0,0,0,0,0,0
2020-08-19T09:00:00Z,29,15.265862,13.41,20.34,4.471379,4.41,4.55,14.208621,13.28,14.83,0.432414,0.13,0.58,6.555517,2.55,11.22,13.561724,12.63,14.15,0.618621,0,7.74,34.524138,34.3,34.8,4.123793,4.12,4.13,10086,10114,0,0,0,0,0,0,0,0,0
2020-08-19T10:00:00Z,30,10.711333,0.36,16.51,3.273667,0,4.54,13.426,12.81,14.85,0.202,0.02,0.57,2.861,0.01,9.07,12.790333,12.18,14.14,2.480667,0,11.05,34.726667,34.3,34.9,4.119,4.11,4.13,10115,10144,0,0,0,0,0,0,0,0,0
2020-08-19T11:00:00Z,30,0,0,0,0,0,0,12.825,12.79,12.85,0.025333,-0.01,0.06,0,0,0,12.2,12.17,12.23,1.134,0,10.63,33.923333,33.8,34.2,4.098,4.09,4.11,10145,10174,0,0,0,1,0,0,0,0,0
2020-08-19T12:00:00Z,29,0,0,0,0,0,0,12.803793,12.78,12.83,0.031034,0,0.06,0,0,0,12.183103,12.15,12.21,0,0,0,33.775862,33.7,33.9,4.081034,4.07,4.09,10175,10203,0,0,0,0,0,0,0,0,0
2020-08-19T13:00:00Z,28,0,0,0,0,0,0,12.785,12.76,12.81,0.026786,-0.03,0.06,0,0,0,12.163214,12.14,12.18,2.877143,0,11.11,33.532143,33.4,33.7,4.065,4.06,4.08,10204,10232,0,0,0,2,0,0,0,0,0
2020-08-19T14:00:00Z,30,0,0,0,0,0,0,12.766,12.74,12.78,0.027667,0.01,0.05,0,0,0,12.140667,12.12,12.16,0,0,0,33.31,33.2,33.4,4.051,4.05,4.06,10233,10262,0,0,0,0,0,0,0,0,0
2020-08-19T15:00:00Z,20,0,0,0,0,0,0,12.7485,12.74,12.76,0.029,0.01,0.06,0,0,0,12.123,12.11,12.14,0,0,0,32.905,32.6,33.1,4.0405,4.04,4.05,10263,10282,0,0,0,0,0,0,0,0,0
2020-08-20T00:00:00Z,15,14.028667,13.76,14.51,4.328,4.3,4.36,13.634667,13.59,13.66,0.618,0.52,0.72,8.647333,7.09,10.24,13.011333,12.97,13.04,0,0,0,31.286667,31.2,31.3,3.952,3.94,3.96,10517,10531,0,0,0,0,0,0,0,0,0
2020-08-20T01:00:00Z,28,14.199643,13.84,14.75,4.434286,4.36,4.55,13.718929,13.63,13.93,0.977143,0.73,1.53,13.913214,10.1,22.04,13.087857,13,13.3,0,0,0,31.303571,31.3,31.4,3.969286,3.96,3.99,10532,10560,0,0,0,0,0,0,0,0,0
2020-08-20T02:00:00Z,25,15.092,14.15,21,4.5516,4.47,4.62,14.1384,13.81,14.87,1.5856,1.06,2.38,24.236,15.14,46.19,13.5008,13.18,14.18,0.0128,0,0.32,31.44,31.3,31.7,3.9968,3.98,4.02,10561,10589,0,0,0,0,0,0,0,0,0
2020-08-20T03:00:00Z,30,17.665667,14.72,21.28,4.597667,4.48,4.69,14.738,14.32,15.1,1.337667,0.08,2.54,23.104667,1.72,46.9,14.073333,13.69,14.54,0.555333,0,10.68,31.83,31.7,32,4.042333,4.02,4.09,10590,10619,0,0,0,0,0,0,0,0,0
2020-08-20T04:00:00Z,29,19.997586,16.02,21.03,8.876207,4.62,12.07,14.667931,14.46,14.96,0.538621,0.06,1.86,10.37,1.31,37.93,14.01069,13.81,14.46,0.558621,0,9.55,32.286207,32.1,32.5,4.112759,4.08,4.13,10620,10648,0,0,0,0,0,0,0,0,0
2020-08-20T05:00:00Z,27,20.039259,16.26,21.01,11.923704,11.47,12.18,14.653704,14.5,15.15,0.536667,0.06,2.37,9.954074,1.3,39.22,13.984444,13.83,14.45,3.148519,0,10.83,32.855556,32.5,33.2,4.123704,4.12,4.13,10650,10677,0,0,0,0,0,0,0,0,0
2020-08-20T06:00:00Z,30,19.942333,16.17,21.18,11.696333,4.62,12.49,14.671667,14.48,15.25,0.426,0.05,2.3,7.774667,1.08,37.93,13.975667,13.83,14.5,1.957,0,11.54,33.326667,33.2,33.4,4.129333,4.12,4.13,10678,10707,0,0,0,0,0,0,0,0,0
2020-08-20T07:00:00Z,28,19.434643,15.71,21.15,9.776429,4.52,12.22,14.725357,14.5,15.15,0.568929,0.06,2.38,10.176786,1.32,39.86,14.039286,13.84,14.53,2.9875,0,11.74,33.542857,33.4,33.8,4.127143,4.12,4.13,10708,10736,0,0,0,0,0,0,0,0,0
2020-08-20T08:00:00Z,30,18.938667,14.58,21.14,9.311333,4.42,12.11,14.664,14.42,14.96,0.432333,0.06,1.65,7.674333,1.2,34.37,13.986,13.78,14.25,1.776667,0,10.82,33.963333,33.7,34.2,4.127667,4.12,4.14,10737,10766,0,0,0,0,0,0,0,0,0
2020-08-20T09:00:00Z,29,18.737586,14.3,20.93,5.017931,4.41,11.48,14.751724,14.15,15.03,0.443793,0.07,1.41,7.957931,1.43,22.64,14.078966,13.54,14.38,2.212069,0,11.59,34.272414,34.1,34.4,4.126552,4.12,4.14,10767,10795,0,0,0,0,0,0,0,0,0
2020-08-20T10:00:00Z,30,11.793333,2.35,14.26,3.614333,1.72,4.41,13.047333,12.81,13.92,0.135667,0,0.34,1.764,0,4.71,12.420333,12.19,13.3,2.6,0,11.09,34.203333,34,34.4,4.111333,4.1,4.12,10796,10825,0,0,0,0,0,0,0,0,0
2020-08-20T11:00:00Z,29,0.339655,0,3.95,0.105172,0,1.3,12.818621,12.79,12.85,0.04069,0.01,0.1,0.012759,0,0.13,12.202759,12.18,12.23,4.922069,0,11.1,33.448276,33.3,33.9,4.092069,4.08,4.1,10826,10854,0,0,0,0,0,0,0,0,0
2020-08-20T12:00:00Z,30,0,0,0,0,0,0,12.803667,12.78,12.83,0.029667,0,0.07,0,0,0,12.177667,12.16,12.21,0,0,0,33.316667,33.3,33.4,4.076,4.07,4.08,10855,10884,0,0,0,0,0,0,0,0,0
2020-08-20T13:00:00Z,29,0,0,0,0,0,0,12.786552,12.76,12.81,0.03,-0.01,0.06,0,0,0,12.15931,12.14,12.18,0,0,0,33.210345,33,33.3,4.062069,4.05,4.07,10885,10913,0,0,0,2,0,0,0,0,0
2020-08-20T14:00:00Z,30,0,0,0,0,0,0,12.765667,12.75,12.78,0.031,0,0.06,0,0,0,12.139333,12.11,12.15,0,0,0,32.876667,32.6,33,4.048333,4.04,4.05,10914,10943,0,0,0,0,0,0,0,0,0
2020-08-20T15:00:00Z,30,0,0,0,0,0,0,12.748,12.73,12.78,0.027,0.01,0.05,0,0,0,12.118667,12.11,12.14,0,0,0,32.47,32.3,32.7,4.04,4.04,4.04,10944,10973,0,0,0,0,0,0,0,0,0
2020-08-20T16:00:00Z,29,0,0,0,0,0,0,12.731379,12.72,12.75,0.026207,0,0.05,0,0,0,12.105517,12.1,12.11,0,0,0,32.172414,32.1,32.3,4.030345,4.03,4.04,10974,11002,0,0,0,0,0,0,0,0,0
2020-08-20T17:00:00Z,30,0,0,0,0,0,0,12.718333,12.7,12.74,0.024667,0.01,0.04,0,0,0,12.088333,12.08,12.11,0,0,0,32.04,32,32.1,4.023333,4.02,4.03,11003,11032,0,0,0,0,0,0,0,0,0
2020-08-20T18:00:00Z,29,0,0,0,0,0,0,12.696552,12.69,12.71,0.025517,0.02,0.04,0,0,0,12.072759,12.06,12.08,0,0,0,31.868966,31.7,32,4.015172,4.01,4.02,11033,11061,0,0,0,0,0,0,0,0,0
2020-08-20T19:00:00Z,30,0,0,0,0,0,0,12.681667,12.66,12.69,0.026333,0.02,0.04,0,0,0,12.055667,12.04,12.07,0,0,0,31.646667,31.5,31.7,4.009667,4,4.01,11062,11091,0,0,0,0,0,0,0,0,0
2020-08-20T20:00:00Z,29,0,0,0,0,0,0,12.664138,12.66,12.68,0.026207,0.02,0.03,0,0,0,12.044483,12.03,12.06,0,0,0,31.410345,31.3,31.5,4.001379,4,4.01,11092,11120,0,0,0,0,0,0,0,0,0
2020-08-20T21:00:00Z,30,0,0,0,0,0,0,12.645,12.63,12.66,0.027,0.02,0.03,0,0,0,12.021333,12,12.04,0,0,0,31.23,31.1,31.3,3.999333,3.99,4,11121,11150,0,0,0,0,0,0,0,0,0
2020-08-20T22:00:00Z,30,2.890333,0,13.09,1.101333,0,3.81,12.629333,12.61,12.66,0.036333,0.02,0.08,0.158333,0,0.95,12.004667,11.99,12.02,0,0,0,31.07,31,31.5,3.990667,3.99,4,11151,11180,0,0,0,0,0,0,0,0,0
2020-08-20T23:00:00Z,29,13.194483,12.72,13.69,4.22931,3.65,4.36,12.867241,12.65,12.96,0.176897,0.08,0.29,2.32931,0.96,3.95,12.238276,12.01,12.34,0,0,0,31.834483,31.6,31.9,3.99,3.99,3.99,11181,11209,0,0,0,0,0,0,0,0,0
2020-08-21T00:00:00Z,30,13.470333,13.04,14.07,4.432667,4.27,4.52,13.103667,12.89,13.34,0.382,0.19,0.62,5.16,2.51,8.47,12.466,12.27,12.71,0.658,0,10.31,31.863333,31.8,32,4.006,3.99,4.03,11210,11239,0,0,0,0,0,0,0,0,0
2020-08-21T01:00:00Z,21,14.169048,13.52,14.95,4.613333,4.46,4.73,13.643333,13.33,13.96,1.100476,0.52,1.77,15.670952,7.04,25.61,13.000476,12.71,13.32,5.911905,0,11.6,31.97619,31.9,32.1,4.071429,4.02,4.12,11242,11267,0,0,0,0,0,0,0,0,0
2020-08-21T02:00:00Z,22,14.978636,13.64,15.89,10.802273,4.51,12.43,14.144545,13.45,14.65,1.742273,0.56,2.17,26.381364,7.72,34.5,13.489091,12.82,13.99,4.530455,0,11.34,32.222727,32.1,32.5,4.119091,4.11,4.13,11270,11296,0,0,0,0,0,0,0,0,0
2020-08-21T03:00:00Z,20,18.569,15.89,20.92,12.1305,12.01,12.26,14.73,14.39,15.12,1.328,0.08,2.59,23.436,1.53,49.9,14.0665,13.76,14.44,4.04,0,11.36,33.03,32.5,33.4,4.128,4.12,4.13,11297,11325,0,0,0,0,0,0,0,0,0
2020-08-21T04:00:00Z,29,18.923793,15.75,20.78,11.117586,4.56,12.72,14.768966,14.43,15.3,0.831724,0.04,2.83,14.514483,0.83,47.33,14.077931,13.78,14.65,5.204483,0,12.44,33.410345,33.3,33.6,4.128621,4.12,4.13,11326,11354,0,0,0,0,0,0,0,0,0
2020-08-21T05:00:00Z,29,19.628621,16.69,20.88,11.881379,4.52,12.52,14.696552,14.51,15.26,0.576552,0.05,2.63,10.562759,1.08,53.9,14.02,13.84,14.59,6.165862,0,13.02,33.913793,33.7,34.2,4.129655,4.12,4.13,11355,11384,0,0,0,0,1,0,0,0,0
2020-08-21T06:00:00Z,28,19.356786,14.79,21.17,9.9725,4.47,12.58,14.697143,14.48,15.15,0.561429,0.06,2.56,10.561071,1.17,51.28,14.039643,13.84,14.65,7.968571,0,12.29,34.442857,34.2,34.6,4.127857,4.12,4.14,11386,11413,0,0,0,0,1,0,0,0,0
2020-08-21T07:00:00Z,19,17.943684,14.96,20.75,8.518947,4.45,12.46,14.713684,14.14,15.23,0.571053,0.05,2.5,9.525263,1.08,41.3,14.031053,13.53,14.47,5.339474,0,12.05,34.668421,34.6,34.8,4.127368,4.12,4.14,11414,11437,0,0,0,0,0,0,0,0,0
2020-08-21T08:00:00Z,24,19.26875,14.31,20.8,9.705417,4.44,12.16,14.638333,14.11,15.03,0.46125,0.04,1.63,8.422917,0.83,28.8,13.98125,13.49,14.37,9.45375,0,12.92,35.291667,35,35.5,4.1275,4.11,4.13,11445,11470,0,0,0,0,0,0,0,0,0
2020-08-21T09:00:00Z,30,17.891,15.68,20.77,4.524333,4.4,4.62,14.813333,14.69,14.96,0.528667,0.07,1.1,9.043667,1.43,22.72,14.137333,14.03,14.3,8.814333,0,13.15,35.453333,35.4,35.6,4.123667,4.12,4.13,11471,11500,0,0,0,0,0,0,0,0,0
2020-08-21T10:00:00Z,29,14.373793,12.91,20.21,4.201379,3.4,4.47,13.831724,12.83,14.82,0.310345,0.04,0.56,4.638621,0.53,11.34,13.198966,12.19,14.15,6.080345,0,11.17,35.665517,35.6,35.8,4.125517,4.12,4.13,11501,11529,0,0,0,0,0,0,0,0,0
2020-08-21T11:00:00Z,30,0.846,0,9.61,0.342,0,2.57,12.829333,12.81,12.86,0.034,0,0.06,0.028,0,0.23,12.211667,12.19,12.23,0,0,0,34.87,34.6,35.7,4.107,4.1,4.12,11530,11559,0,0,0,0,0,0,0,0,0
2020-08-21T12:00:00Z,29,0,0,0,0,0,0,12.808966,12.78,12.84,0.02931,-0.01,0.06,0,0,0,12.187931,12.16,12.21,0,0,0,34.6,34.6,34.6,4.087586,4.08,4.1,11560,11588,0,0,0,1,0,0,0,0,0
2020-08-21T13:00:00Z,30,0,0,0,0,0,0,12.792333,12.77,12.82,0.022,-0.01,0.06,0,0,0,12.165333,12.14,12.19,0,0,0,34.526667,34.4,34.6,4.074333,4.07,4.08,11589,11618,0,0,0,6,0,0,0,0,0
2020-08-21T14:00:00Z,30,0,0,0,0,0,0,12.775333,12.75,12.8,0.027667,-0.01,0.06,0,0,0,12.150667,12.13,12.18,0,0,0,34.253333,34.1,34.4,4.057,4.05,4.07,11619,11648,0,0,0,1,0,0,0,0,0
2020-08-21T15:00:00Z,29,0,0,0,0,0,0,12.757241,12.74,12.78,0.032414,-0.01,0.07,0,0,0,12.12931,12.11,12.14,4.42931,0,11.25,33.972414,33.8,34.2,4.047586,4.04,4.05,11649,11677,0,0,0,2,0,0,0,0,0
2020-08-21T16:00:00Z,30,0,0,0,0,0,0,12.738333,12.72,12.75,0.03,0,0.05,0,0,0,12.113667,12.09,12.13,4.628333,0,10.61,33.623333,33.5,33.8,4.039333,4.03,4.04,11678,11707,0,0,0,0,0,0,0,0,0
2020-08-21T17:00:00Z,29,0,0,0,0,0,0,12.721034,12.71,12.73,0.028276,0.01,0.05,0,0,0,12.093793,12.08,12.11,0.988966,0,8.09,33.375862,33.3,33.5,4.03,4.03,4.03,11708,11736,0,0,0,0,0,0,0,0,0
2020-08-21T18:00:00Z,30,0,0,0,0,0,0,12.703,12.69,12.72,0.024667,0.01,0.04,0,0,0,12.078667,12.07,12.09,0,0,0,33.176667,33,33.3,4.023,4.02,4.03,11737,11766,0,0,0,0,0,0,0,0,0
2020-08-21T19:00:00Z,30,0,0,0,0,0,0,12.691333,12.68,12.7,0.026,0.02,0.04,0,0,0,12.068667,12.05,12.08,0,0,0,32.683333,32.5,33,4.012,4.01,4.02,11767,11796,0,0,0,0,0,0,0,0,0
2020-08-21T20:00:00Z,29,0,0,0,0,0,0,12.673103,12.66,12.69,0.025172,0.02,0.04,0,0,0,12.049655,12.04,12.06,0,0,0,32.372414,32.2,32.5,4.008621,4,4.01,11797,11825,0,0,0,0,0,0,0,0,0
2020-08-21T21:00:00Z,30,0,0,0,0,0,0,12.655333,12.64,12.66,0.029,0.02,0.03,0,0,0,12.034667,12.02,12.05,0,0,0,32.123333,32.1,32.2,4,4,4,11826,11855,0,0,0,0,0,0,0,0,0
2020-08-21T22:00:00Z,29,2.578276,0,13.23,0.975862,0,3.84,12.634828,12.62,12.66,0.033793,0.02,0.06,0.118966,0,0.83,12.011379,11.99,12.03,0,0,0,32.037931,32,32.1,3.996897,3.99,4,11856,11884,0,0,0,0,0,0,0,0,0
2020-08-21T23:00:00Z,30,13.159667,12.74,13.77,4.107,3.48,4.34,12.862333,12.65,13.02,0.185667,0.06,0.32,2.465667,0.8,4.38,12.234667,12.02,12.39,0,0,0,32.473333,32.2,32.5,3.99,3.99,3.99,11885,11914,0,0,0,0,0,0,0,0,0
2020-08-22T00:00:00Z,29,13.52069,13.17,14.08,4.38,4.34,4.43,13.131379,13.03,13.32,0.375517,0.3,0.52,5.083103,3.96,7.15,12.491724,12.39,12.69,0.377241,0,8.99,32.4,32.2,32.5,4.002414,3.99,4.01,11915,11943,0,0,0,0,0,0,0,0,0
2020-08-22T01:00:00Z,30,14.033667,13.46,14.92,4.494,4.37,4.63,13.521333,13.31,13.83,0.844667,0.44,1.48,11.912333,6.07,22.02,12.880667,12.66,13.18,3.538667,0,11,32.403333,32.3,32.5,4.03,4.01,4.06,11944,11973,0,0,0,0,0,0,0,0,0
2020-08-22T02:00:00Z,30,15.130333,13.81,20.83,7.97,4.54,12.43,14.014333,13.55,14.66,1.672667,0.76,2.52,25.78,10.96,51.97,13.372,12.92,13.96,4.878,0,11.08,32.576667,32.4,33,4.108667,4.07,4.13,11974,12003,0,0,0,0,1,0,0,0,0
2020-08-22T03:00:00Z,29,17.992069,14.19,20.81,11.43069,4.52,12.54,14.545172,13.9,15.09,1.416207,0.06,2.95,23.982069,1.18,55.94,13.884828,13.27,14.44,5.244828,0,11.76,33.003448,32.3,33.4,4.128276,4.12,4.13,12004,12032,0,0,0,0,1,0,0,0,0
2020-08-22T04:00:00Z,30,18.962667,15.54,21.03,11.381,4.58,12.46,14.756,14.45,15.29,1.048333,0.06,2.71,19.018667,1.26,52.33,14.118,13.75,14.63,4.685,0,11.96,33.583333,33.4,33.8,4.129,4.12,4.13,12033,12062,0,0,0,0,2,0,0,0,0
2020-08-22T05:00:00Z,29,19.714483,15.76,21.45,9.494138,4.56,12.8,14.671034,14.46,15.27,0.393793,0.06,2.71,7.490345,1.12,53.45,14.006897,13.83,14.58,1.222069,0,11.43,34.027586,33.7,34.4,4.128276,4.12,4.14,12063,12091,0,0,0,0,1,0,0,0,0
2020-08-22T06:00:00Z,30,18.193333,15.59,21.19,7.322667,4.49,12.47,14.759333,14.49,15.24,0.521667,0.06,2.38,8.835,1.16,39.89,14.082,13.84,14.42,1.241667,0,8.52,34.496667,34.2,34.7,4.131,4.12,4.14,12092,12121,0,0,0,0,0,0,0,0,0
2020-08-22T07:00:00Z,30,19.011,14.92,20.94,9.223333,4.48,12.26,14.715333,14.51,15.15,0.581,0.05,2.15,10.535667,1.07,41.32,14.050333,13.83,14.46,2.149333,0,11.3,34.976667,34.6,35.4,4.135667,4.12,4.14,12122,12151,0,0,0,0,0,0,0,0,0
2020-08-22T08:00:00Z,29,15.394828,12.99,20.58,5.518966,3.41,12.08,13.906897,12.88,15.08,0.343103,0.08,2.12,5.577241,1.27,42.13,13.257586,12.25,14.42,5.741724,0,12.41,35.306897,35.1,35.4,4.125517,4.12,4.14,12152,12180,0,0,0,0,0,0,0,0,0
2020-08-22T09:00:00Z,30,13.263,12.88,14.29,3.981667,3.12,4.48,13.034333,12.81,13.49,0.159333,0,0.47,2.139,0,6.77,12.404667,12.18,12.85,5.478,0,13.72,35.28,35,35.5,4.114667,4.11,4.12,12181,12210,0,0,0,0,0,0,0,0,0
2020-08-22T10:00:00Z,29,13.24,12.91,13.7,3.89069,3.41,4.3,12.897931,12.8,13.03,0.102069,0.03,0.17,1.351724,0.37,2.19,12.272069,12.18,12.39,2.461724,0,11.96,35.4,35.3,35.5,4.093793,4.09,4.1,12211,12239,0,0,0,0,0,0,0,0,0
2020-08-22T11:00:00Z,30,0.844333,0,11.28,0.323667,0,3.5,12.797,12.78,12.81,0.030333,-0.01,0.08,0.049333,0,0.85,12.176333,12.15,12.2,0,0,0,34.71,34.3,35.4,4.078667,4.07,4.09,12240,12269,0,0,0,1,0,0,0,0,0
2020-08-22T12:00:00Z,29,0,0,0,0,0,0,12.777931,12.75,12.81,0.034483,0,0.06,0,0,0,12.156897,12.13,12.18,0,0,0,34.141379,33.9,34.4,4.064138,4.06,4.07,12270,12298,0,0,0,0,0,0,0,0,0
2020-08-22T13:00:00Z,30,0,0,0,0,0,0,12.764,12.75,12.79,0.027667,0,0.06,0,0,0,12.135333,12.11,12.16,0,0,0,33.726667,33.5,33.9,4.050667,4.04,4.06,12299,12328,0,0,0,0,0,0,0,0,0
2020-08-22T14:00:00Z,30,0,0,0,0,0,0,12.744667,12.72,12.77,0.030333,0.01,0.05,0,0,0,12.118667,12.11,12.14,0,0,0,33.416667,33.3,33.6,4.04,4.04,4.04,12329,12358,0,0,0,0,0,0,0,0,0
2020-08-22T15:00:00Z,29,0,0,0,0,0,0,12.73,12.72,12.75,0.03,0.01,0.05,0,0,0,12.100345,12.08,12.11,0,0,0,33.241379,33.1,33.4,4.032414,4.03,4.04,12359,12387,0,0,0,0,0,0,0,0,0
2020-08-22T16:00:00Z,30,0,0,0,0,0,0,12.715333,12.7,12.73,0.025667,0.02,0.04,0,0,0,12.088,12.08,12.1,0,0,0,32.803333,32.5,33.1,4.023667,4.02,4.03,12388,12417,0,0,0,0,0,0,0,0,0
2020-08-22T17:00:00Z,28,0,0,0,0,0,0,12.695714,12.69,12.71,0.025357,0.02,0.04,0,0,0,12.073214,12.05,12.08,0,0,0,32.439286,32.3,32.5,4.015,4.01,4.02,12418,12446,0,0,0,0,0,0,0,0,0
2020-08-22T18:00:00Z,30,0,0,0,0,0,0,12.682333,12.67,12.69,0.024,0.02,0.03,0,0,0,12.055667,12.05,12.07,0,0,0,32.146667,32.1,32.3,4.009667,4,4.01,12447,12476,0,0,0,0,0,0,0,0,0
2020-08-22T19:00:00Z,29,0,0,0,0,0,0,12.661034,12.65,12.67,0.027586,0.02,0.04,0,0,0,12.043103,12.02,12.05,0,0,0,32.044828,32,32.1,4.000345,4,4.01,12477,12505,0,0,0,0,0,0,0,0,0
2020-08-22T20:00:00Z,30,0,0,0,0,0,0,12.642667,12.63,12.66,0.026667,0.02,0.03,0,0,0,12.021333,12.01,12.04,0,0,0,31.92,31.8,32,3.998667,3.99,4,12506,12535,0,0,0,0,0,0,0,0,0
2020-08-22T21:00:00Z,28,0,0,0,0,0,0,12.626429,12.61,12.64,0.027143,0.02,0.03,0,0,0,11.998214,11.98,12.01,0,0,0,31.689286,31.6,31.8,3.990357,3.99,4,12536,12564,0,0,0,0,0,0,0,0,0
2020-08-22T22:00:00Z,30,2.661333,0,13.19,0.902,0,3.85,12.610667,12.6,12.63,0.033,0.02,0.06,0.123667,0,0.73,11.984,11.97,11.99,0,0,0,31.506667,31.4,31.8,3.989333,3.98,3.99,12565,12594,0,0,0,0,0,0,0,0,0
2020-08-22T23:00:00Z,29,13.264138,12.7,13.81,4.214138,3.58,4.4,12.867241,12.62,13.07,0.202414,0.06,0.35,2.68931,0.72,4.87,12.237241,11.99,12.42,0,0,0,32.072414,31.9,32.1,3.987586,3.98,3.99,12595,12624,0,0,0,0,0,0,0,0,0
2020-08-23T00:00:00Z,29,13.592069,13.21,14.19,4.437931,4.4,4.51,13.19,13.07,13.44,0.432759,0.32,0.69,5.893448,4.2,9.42,12.554828,12.44,12.81,0.062414,0,1.81,32.1,32.1,32.1,4.006552,3.99,4.03,12625,12653,0,0,0,0,0,0,0,0,0
2020-08-23T01:00:00Z,30,14.115667,13.54,14.83,4.549,4.34,4.67,13.592333,13.31,13.89,1.002,0.38,1.53,14.197,5.28,21.95,12.950667,12.66,13.24,3.829667,0,12.35,32.123333,32.1,32.2,4.054,4.02,4.09,12654,12683,0,0,0,0,0,0,0,0,0
2020-08-23T02:00:00Z,29,15.218966,13.63,20.57,10.034483,4.47,12.35,14.071379,13.42,14.66,1.672069,0.16,2.56,25.215172,3.21,40.97,13.414483,12.8,14,1.213793,0,11.41,32.37931,32.2,32.6,4.120345,4.09,4.13,12684,12712,0,0,0,0,0,0,0,0,0
2020-08-23T03:00:00Z,30,17.835333,14.01,21.19,10.276333,4.54,12.5,14.482,13.78,15.09,1.394,0.07,2.84,24.424,1.41,56.81,13.903,13.12,14.38,1.441,0,10.82,32.913333,32.4,33.4,4.127667,4.12,4.13,12713,12742,0,0,0,0,3,0,0,0,0
2020-08-23T04:00:00Z,30,18.749,14.96,21.02,10.248,4.54,12.47,14.725333,14.51,15.27,0.874667,0.06,2.77,15.854333,1.3,55.68,14.061,13.82,14.6,0.068,0,2.04,33.72,33.3,34.3,4.130667,4.12,4.14,12743,12772,0,0,0,0,1,0,0,0,0
2020-08-23T05:00:00Z,29,19.259655,15.89,20.64,10.81931,4.58,12.25,14.694483,14.48,15.23,0.495517,0.05,2.65,8.824483,1.06,43.95,13.98931,13.85,14.56,2.552759,0,11.32,34.47931,34.3,34.6,4.128966,4.12,4.13,12773,12801,0,0,0,0,0,0,0,0,0
2020-08-23T06:00:00Z,30,18.052667,14.93,21.03,7.218,4.47,12.15,14.776667,14.48,15.24,0.627667,0.07,2.56,11.087667,1.42,44.6,14.125333,13.88,14.51,0.477,0,7.57,34.776667,34.6,34.9,4.129,4.12,4.14,12802,12831,0,0,0,0,0,0,0,0,0
2020-08-23T07:00:00Z,29,14.466207,13.55,15.67,4.469655,4.4,4.54,14.005862,13.39,14.81,0.390345,0.21,0.56,5.676552,2.94,8.69,13.363793,12.76,14.15,6.83931,0,14.25,33.796552,33.2,34.8,4.125172,4.12,4.13,12832,12860,0,0,0,0,0,0,0,0,0
2020-08-23T08:00:00Z,30,14.641333,4.6,20.63,4.197,2.15,4.54,14.336333,12.83,14.85,0.405667,0.03,0.65,6.331667,0.16,10.84,13.679,12.18,14.18,1.928,0,13.02,34.383333,33.6,34.8,4.124,4.12,4.13,12861,12890,0,0,0,0,0,0,0,0,0
2020-08-23T09:00:00Z,26,9.775385,4.19,13.48,3.256154,2.17,3.92,12.845769,12.82,12.88,0.060385,0.01,0.1,0.614615,0.06,1.24,12.219615,12.2,12.24,2.618846,0,12.89,33.442308,33.3,33.6,4.105,4.09,4.12,12891,12919,0,0,0,0,0,0,0,0,0
2020-08-23T10:00:00Z,26,7.480385,2.55,13.43,2.870385,2.14,3.94,12.829231,12.79,12.86,0.041154,0,0.09,0.309615,0,0.97,12.187308,12.16,12.23,4.975769,0,11.45,33.35,33.2,33.4,4.080769,4.07,4.09,12920,12948,0,0,0,0,0,0,0,0,0
2020-08-23T11:00:00Z,30,0.309,0,2.12,0.174,0,1.82,12.8,12.78,12.82,0.031333,0,0.06,0.008667,0,0.1,12.173667,12.15,12.2,1.903333,0,9.99,32.54,32.2,33.1,4.066667,4.06,4.08,12949,12978,0,0,0,0,0,0,0,0,0
2020-08-23T12:00:00Z,29,0,0,0,0,0,0,12.784483,12.76,12.81,0.034828,0,0.06,0,0,0,12.155862,12.14,12.17,0,0,0,32.089655,32,32.1,4.052759,4.05,4.06,12979,13007,0,0,0,0,0,0,0,0,0
2020-08-23T13:00:00Z,30,0,0,0,0,0,0,12.768,12.75,12.78,0.032,0.01,0.06,0,0,0,12.138333,12.12,12.15,0,0,0,31.893333,31.8,32,4.042667,4.04,4.05,13008,13037,0,0,0,0,0,0,0,0,0
2020-08-23T14:00:00Z,30,0,0,0,0,0,0,12.748667,12.73,12.76,0.032,0.01,0.05,0,0,0,12.118667,12.11,12.13,0,0,0,31.613333,31.4,31.8,4.034333,4.03,4.04,13038,13067,0,0,0,0,0,0,0,0,0
2020-08-23T15:00:00Z,29,0,0,0,0,0,0,12.732759,12.72,12.75,0.02931,0.01,0.05,0,0,0,12.105862,12.08,12.12,0,0,0,31.282759,31.2,31.4,4.027241,4.02,4.03,13068,13096,0,0,0,0,0,0,0,0,0
2020-08-23T16:00:00Z,29,0,0,0,0,0,0,12.72,12.7,12.74,0.027241,0.01,0.04,0,0,0,12.087586,12.08,12.11,0,0,0,31.024138,30.9,31.2,4.017931,4.01,4.02,13097,13126,0,0,0,0,0,0,0,0,0
2020-08-23T17:00:00Z,29,0,0,0,0,0,0,12.703448,12.69,12.72,0.024828,0.02,0.04,0,0,0,12.073793,12.06,12.08,0,0,0,30.855172,30.7,30.9,4.01,4.01,4.01,13127,13155,0,0,0,0,0,0,0,0,0
2020-08-23T18:00:00Z,30,0,0,0,0,0,0,12.689,12.67,12.7,0.026333,0.02,0.04,0,0,0,12.059333,12.04,12.07,0,0,0,30.673333,30.6,30.7,4.003333,4,4.01,13156,13185,0,0,0,0,0,0,0,0,0
2020-08-23T19:00:00Z,29,0,0,0,0,0,0,12.666207,12.65,12.68,0.028966,0.02,0.03,0,0,0,12.04,12.02,12.06,0,0,0,30.513793,30.5,30.6,4,4,4,13186,13215,0,0,0,0,0,0,0,0,0
2020-08-23T20:00:00Z,29,0,0,0,0,0,0,12.651724,12.64,12.66,0.028966,0.02,0.03,0,0,0,12.022414,12,12.04,0,0,0,30.368966,30.3,30.5,3.992069,3.99,4,13216,13244,0,0,0,0,0,0,0,0,0
2020-08-23T21:00:00Z,30,0,0,0,0,0,0,12.629,12.61,12.65,0.03,0.02,0.04,0,0,0,11.999,11.98,12.02,0,0,0,30.183333,30.1,30.3,3.99,3.99,3.99,13245,13274,0,0,0,0,0,0,0,0,0
2020-08-23T22:00:00Z,28,2.732143,0,13.12,0.963214,0,3.84,12.607143,12.6,12.62,0.035714,0.02,0.09,0.138571,0,1.09,11.9775,11.96,11.99,0,0,0,30.128571,30.1,30.5,3.985,3.98,3.99,13275,13303,0,0,0,0,0,0,0,0,0
2020-08-23T23:00:00Z,30,13.176,12.72,13.66,4.197333,3.41,4.35,12.835333,12.62,12.96,0.167667,0.06,0.31,2.205,0.8,4.08,12.202,11.98,12.34,0,0,0,30.81,30.5,30.9,3.983,3.98,3.99,13304,13333,0,0,0,0,0,0,0,0,0
2020-08-24T00:00:00Z,29,13.290345,13.01,14.18,4.361034,4.31,4.46,13.026897,12.88,13.39,0.335172,0.23,0.61,4.478621,2.93,8.69,12.393793,12.25,12.75,0,0,0,30.889655,30.8,30.9,3.991724,3.99,4,13334,13362,0,0,0,0,0,0,0,0,0
2020-08-24T01:00:00Z,23,14.242609,13.53,14.93,4.544348,4.4,4.63,13.633043,13.33,13.87,1.073913,0.47,1.52,15.344348,6.33,21.95,12.984783,12.7,13.22,0,0,0,30.934783,30.9,31,4.02913,4,4.07,13363,13391,0,0,0,0,0,0,0,0,0
2020-08-24T02:00:00Z,26,14.587308,13.76,15.95,6.345385,4.47,12.57,13.900385,13.44,14.61,1.441923,0.6,2.43,21.314231,8.49,38.77,13.256154,12.81,13.95,0.31,0,5.35,31.169231,31,31.4,4.106923,4.07,4.14,13392,13420,0,0,0,0,0,0,0,0,0
2020-08-24T03:00:00Z,26,17.101154,14,20.95,11.010385,4.53,12.5,14.532692,13.69,15.05,1.610769,0.07,2.94,26.506154,1.42,52.5,13.823077,13.05,14.35,2.018846,0,10.69,31.707692,31.2,32.1,4.125385,4.11,4.13,13422,13450,0,0,0,0,1,0,0,0,0
2020-08-24T04:00:00Z,28,19.35,15.57,20.89,11.001429,4.53,12.52,14.639643,14.38,15.15,0.639286,0.06,2.78,11.753571,1.28,53.33,13.964643,13.72,14.45,1.475357,0,10.58,32.421429,32,32.8,4.128571,4.12,4.13,13451,13479,0,0,0,0,1,0,0,0,0
2020-08-24T05:00:00Z,28,19.6,15.84,20.98,11.018929,4.54,12.57,14.703571,14.48,15.41,0.767857,0.03,3.04,14.306786,0.58,52.4,14.073571,13.83,14.73,5.169286,0,11.6,32.975,32.6,33.4,4.128929,4.12,4.13,13480,13508,0,0,0,1,2,0,0,0,0
2020-08-24T06:00:00Z,29,19.243793,15.75,21,7.91069,4.5,12.4,14.734138,14.54,14.99,0.396207,0.07,1.23,7.254138,1.35,25.72,14.054483,13.84,14.27,3.845517,0,11.54,33.551724,33,34.2,4.125862,4.12,4.14,13509,13537,0,0,0,0,0,0,0,0,0
2020-08-24T07:00:00Z,21,18.133333,14.36,21.73,6.727143,4.43,12.56,14.715714,14.16,14.87,0.44619,0.07,1.75,7.784286,1.5,34.35,14.060476,13.54,14.5,8.101429,0,12.42,34.195238,33.6,34.5,4.126667,4.12,4.14,13539,13566,0,0,0,0,0,0,0,0,0
2020-08-24T08:00:00Z,29,16.531724,14.02,21.54,6.274828,4.41,12.12,14.427241,13.85,14.99,0.48069,0.06,1.67,7.98069,1.32,35.64,13.781379,13.23,14.3,6.033448,0,11.88,33.251724,32.8,33.8,4.121379,4.11,4.13,13567,13596,0,0,0,0,0,0,0,0,0
2020-08-24T09:00:00Z,29,15.066207,13.31,21.06,4.417241,4.33,4.59,13.884828,13.17,15,0.332414,0.09,0.89,5.044138,1.86,14.34,13.252414,12.54,14.21,3.263103,0,11.77,34.203448,33.9,34.3,4.117241,4.11,4.13,13597,13625,0,0,0,0,0,0,0,0,0
2020-08-24T10:00:00Z,30,6.761,0.49,13.81,2.224333,0,4.36,12.885,12.81,13.21,0.084,0.02,0.27,0.816,0.02,3.6,12.261667,12.19,12.59,1.676,0,11.15,33.45,32.3,34.2,4.100667,4.09,4.11,13626,13655,0,0,0,0,0,0,0,0,0
2020-08-24T11:00:00Z,30,0.084,0,1.63,0,0,0,12.896333,12.81,13.08,0.194,-0.01,0.6,0.002667,0,0.06,12.268,12.17,12.51,3.731,0,12.46,31.853333,30.2,32.2,4.071333,4.01,4.09,1,13676,0,0,0,1,0,0,0,0,0
2020-08-24T12:00:00Z,30,0,0,0,0,0,0,13.01,12.96,13.08,0.560667,0.53,0.62,0,0,0,12.393333,12.35,12.47,0,0,0,31.8,31.7,31.9,3.970333,3.95,4.01,10,39,0,0,0,0,0,0,0,0,0
2020-08-24T13:00:00Z,29,0,0,0,0,0,0,12.953448,12.85,12.97,0.534828,0.48,0.54,0,0,0,12.338621,12.22,12.36,0,0,0,31.782759,31.7,31.9,3.927586,3.91,3.94,40,68,0,0,0,0,0,0,0,0,0
2020-08-24T14:00:00Z,30,0,0,0,0,0,0,12.808,12.73,12.87,0.429333,0.38,0.46,0,0,0,12.177,12.11,12.23,0,0,0,31.513333,31.3,31.7,3.888333,3.87,3.91,69,98,0,0,0,0,0,0,0,0,0
2020-08-24T15:00:00Z,30,0,0,0,0,0,0,12.936333,12.8,13.02,0.549333,0.41,0.61,0,0,0,12.309333,12.14,12.39,0,0,0,31.136667,30.9,31.4,3.839667,3.82,3.86,99,128,0,0,0,0,0,0,0,0,0
2020-08-24T16:00:00Z,29,0,0,0,0,0,0,12.973103,12.96,12.99,0.591034,0.59,0.6,0,0,0,12.356552,12.34,12.36,0,0,0,30.868966,30.8,31,3.796207,3.78,3.82,129,157,0,0,0,0,0,0,0,0,0
2020-08-24T17:00:00Z,30,0,0,0,0,0,0,12.968333,12.96,12.99,0.602,0.59,0.64,0,0,0,12.350667,12.34,12.37,0,0,0,30.61,30.5,30.8,3.760333,3.74,3.78,158,187,0,0,0,0,0,0,0,0,0
2020-08-24T18:00:00Z,28,0,0,0,0,0,0,12.928929,12.78,13.01,0.584286,0.48,0.65,0,0,0,12.305,12.14,12.4,0,0,0,30.453571,30.4,30.5,3.706429,3.67,3.74,188,216,0,0,0,0,0,0,0,0,0
2020-08-24T19:00:00Z,30,0,0,0,0,0,0,12.805667,12.77,13,0.504,0.48,0.68,0,0,0,12.161333,12.13,12.37,0,0,0,30.32,30.1,30.5,3.618,3.53,3.67,217,246,0,0,0,0,0,0,0,0,0
2020-08-24T20:00:00Z,22,0.145455,0,2.33,0,0,0,13.862273,12.83,18.94,1.358182,0.53,5.3,0.060455,0,0.755,13.234545,12.18,18.33,0,0,0,31.072727,28.3,56.6,3.284545,2.65,3.52,247,268,0,0,3,3,0,0,0,1,0
2020-08-24T21:00:00Z,2,0.53,0.53,0.53,0,0,0,16.685,16.68,16.69,3.545,3.54,3.55,0.40125,0.4,0.4025,16.105,16.1,16.11,0,0,0,27.65,27.6,27.7,2.9,2.9,2.9,1,1,0,0,2,2,0,0,0,0,0
2020-08-24T22:00:00Z,1,4.17,4.17,4.17,0,0,0,16.67,16.67,16.67,3.56,3.56,3.56,3.1775,3.1775,3.1775,16.09,16.09,16.09,0,0,0,27.3,27.3,27.3,2.9,2.9,2.9,1,1,0,0,1,1,0,0,0,0,0
2020-08-25T19:00:00Z,1,0.5,0.5,0.5,0,0,0,16.69,16.69,16.69,3.54,3.54,3.54,0.38,0.38,0.38,16.13,16.13,16.13,0,0,0,29.2,29.2,29.2,2.9,2.9,2.9,1,1,0,0,1,1,0,0,0,0,0
2020-08-26T10:00:00Z,1,18.52,18.52,18.52,3.62,3.62,3.62,18.43,18.43,18.43,4.72,4.72,4.72,8.71,8.71,8.71,17.85,17.85,17.85,0.2,0.2,0.2,61,61,61,2.72,2.72,2.72,1,1,0,0,1,1,0,0,0,1,0
2020-08-29T10:00:00Z,1,19.37,19.37,19.37,19.5,19.5,19.5,18.79,18.79,18.79,4.95,4.95,4.95,7.99,7.99,7.99,0,0,0,0,0,0,,,,6.84,6.84,6.84,1,1,0,1,1,1,0,0,0,0,1
2020-09-01T07:00:00Z,1,17.57,17.57,17.57,3.65,3.65,3.65,17.48,17.48,17.48,4.01,4.01,4.01,11.3875,11.3875,11.3875,16.93,16.93,16.93,8.5,8.5,8.5,63,63,63,2.83,2.83,2.83,1,1,0,0,1,1,0,0,0,1,0
2020-09-02T10:00:00Z,1,17.5,17.5,17.5,3.66,3.66,3.66,17.42,17.42,17.42,3.99,3.99,3.99,11.4225,11.4225,11.4225,16.87,16.87,16.87,0,0,0,62.5,62.5,62.5,2.83,2.83,2.83,1,1,0,0,1,1,0,0,0,1,0
2020-09-05T10:00:00Z,1,5.64,5.64,5.64,1.48,1.48,1.48,16.79,16.79,16.79,3.46,3.46,3.46,4.425,4.425,4.425,16.22,16.22,16.22,0,0,0,33.3,33.3,33.3,2.91,2.91,2.91,1,1,0,0,1,1,0,0,0,0,0
2020-09-05T11:00:00Z,1,6.18,6.18,6.18,0,0,0,16.78,16.78,16.78,3.46,3.46,3.46,4.8475,4.8475,4.8475,16.22,16.22,16.22,0,0,0,33.4,33.4,33.4,2.91,2.91,2.91,1,1,0,0,1,1,0,0,0,0,0
2020-09-06T10:00:00Z,1,4.13,4.13,4.13,0,0,0,16.8,16.8,16.8,3.46,3.46,3.46,3.2425,3.2425,3.2425,16.23,16.23,16.23,0,0,0,33.4,33.4,33.4,2.91,2.91,2.91,1,1,0,0,1,1,0,0,0,0,0
2020-09-06T12:00:00Z,1,0.46,0.46,0.46,0,0,0,16.78,16.78,16.78,3.46,3.46,3.46,0.36,0.36,0.36,16.21,16.21,16.21,0,0,0,33.4,33.4,33.4,2.91,2.91,2.91,1,1,0,0,1,1,0,0,0,0,0
2020-09-09T06:00:00Z,1,17.64,17.64,17.64,3.6,3.6,3.6,17.57,17.57,17.57,4.07,4.07,4.07,11.1575,11.1575,11.1575,17,17,17,15.34,15.34,15.34,62.9,62.9,62.9,2.83,2.83,2.83,1,1,0,0,1,1,0,0,0,1,0
2020-09-11T10:00:00Z,1,18.27,18.27,18.27,3.63,3.63,3.63,18.24,18.24,18.24,4.52,4.52,4.52,9.4925,9.4925,9.4925,17.62,17.62,17.62,0,0,0,62.5,62.5,62.5,2.75,2.75,2.75,1,1,0,0,1,1,0,0,0,1,0
2020-09-11T14:00:00Z,1,0.46,0.46,0.46,0,0,0,16.75,16.75,16.75,3.5,3.5,3.5,0.355,0.355,0.355,16.2,16.2,16.2,0,0,0,33.3,33.3,33.3,2.9,2.9,2.9,1,1,0,0,1,1,0,0,0,0,0
2020-09-21T09:00:00Z,1,19.15,19.15,19.15,3.63,3.63,3.63,18.54,18.54,18.54,4.77,4.77,4.77,8.7875,8.7875,8.7875,17.93,17.93,17.93,0.3,0.3,0.3,59.9,59.9,59.9,2.71,2.71,2.71,1,1,0,0,1,1,0,0,0,1,0
2020-09-24T08:00:00Z,1,17.71,17.71,17.71,3.66,3.66,3.66,17.63,17.63,17.63,4.06,4.06,4.06,11.2275,11.2275,11.2275,17.06,17.06,17.06,0,0,0,62.5,62.5,62.5,2.83,2.83,2.83,1,1,0,0,1,1,0,0,0,1,0
2020-09-30T10:00:00Z,1,18.45,18.45,18.45,3.63,3.63,3.63,18.37,18.37,18.37,4.71,4.71,4.71,8.7025,8.7025,8.7025,17.78,17.78,17.78,0.23,0.23,0.23,59.7,59.7,59.7,2.72,2.72,2.72,1,1,0,0,1,1,0,0,0,1,0
2020-10-01T10:00:00Z,1,18.7,18.7,18.7,3.62,3.62,3.62,18.4,18.4,18.4,4.8,4.8,4.8,8.275,8.275,8.275,17.8,17.8,17.8,0.3,0.3,0.3,34.5,34.5,34.5,2.7,2.7,2.7,1,1,0,0,1,1,0,0,0,0,0
2020-10-02T09:00:00Z,1,19.12,19.12,19.12,3.62,3.62,3.62,18.51,18.51,18.51,4.84,4.84,4.84,8.4375,8.4375,8.4375,17.9,17.9,17.9,0.4,0.4,0.4,59.9,59.9,59.9,2.7,2.7,2.7,1,1,0,0,1,1,0,0,0,1,0
2020-10-21T07:00:00Z,1,18.49,18.49,18.49,3.63,3.63,3.63,18.41,18.41,18.41,4.73,4.73,4.73,8.6675,8.6675,8.6675,17.82,17.82,17.82,0.26,0.26,0.26,58.8,58.8,58.8,2.72,2.72,2.72,1,1,0,0,1,1,0,0,0,1,0
2020-10-23T12:00:00Z,29,28.871379,28.48,29.27,1.077586,0.81,1.32,29.007241,28.53,29.54,-0.227241,-0.6,0.16,-6.489655,-17.09,4.68,29.235862,28.74,29.67,29.774138,29.72,29.8,18.403448,14,22.5,0.379655,0.29,0.47,15,43,29,0,29,25,25,29,0,0,0
2020-10-23T13:00:00Z,30,28.831333,28.42,29.27,0.983,0.81,1.29,29.016,28.52,29.55,-0.230333,-0.62,0.17,-6.566667,-17.86,5.04,29.263333,28.76,29.67,29.794333,29.76,29.8,16.78,14,22.2,0.353333,0.29,0.46,44,73,30,0,30,19,19,30,0,0,0
2020-10-23T14:00:00Z,29,28.953793,28.46,29.26,1.126897,0.84,1.34,29.056552,28.53,29.55,-0.216552,-0.62,0.16,-6.21069,-17.74,4.69,29.204483,28.76,29.64,29.782414,29.72,29.8,18.944828,14.2,22.6,0.401724,0.3,0.47,74,102,29,0,29,23,23,29,0,0,0
2020-10-23T15:00:00Z,30,28.906333,28.43,29.29,1.043667,0.82,1.37,29.077333,28.45,29.62,-0.203333,-0.65,0.17,-5.836,-18.52,4.87,29.236333,28.7,29.65,29.787333,29.73,29.8,17.776667,14.1,22.9,0.372333,0.3,0.47,103,132,30,0,30,18,18,30,0,0,0
2020-10-23T16:00:00Z,29,28.885172,28.43,29.27,1.053448,0.83,1.38,29.042414,28.45,29.59,-0.217586,-0.62,0.19,-6.205172,-17.66,5.4,29.234138,28.76,29.66,29.788276,29.7,29.8,17.724138,14.1,23.1,0.372759,0.29,0.48,133,161,29,0,29,19,19,29,0,0,0
2020-10-23T17:00:00Z,29,28.817241,28.39,29.26,1.105172,0.83,1.36,28.915517,28.45,29.58,-0.316207,-0.67,0.19,-9.053793,-18.95,5.4,29.118621,28.67,29.64,29.785862,29.72,29.8,18.858621,14.1,23,0.383793,0.29,0.48,162,190,29,0,29,25,25,29,0,0,0
2020-10-23T18:00:00Z,30,28.824,28.4,29.26,1.043,0.83,1.36,28.994667,28.43,29.62,-0.248,-0.62,0.19,-7.064333,-17.83,5.37,29.225667,28.7,29.66,29.786333,29.71,29.8,17.686667,14.2,22.7,0.365333,0.29,0.48,191,220,30,0,30,22,22,30,0,0,0
2020-10-23T19:00:00Z,29,28.942759,28.48,29.27,1.130345,0.84,1.38,29.056207,28.42,29.61,-0.224138,-0.69,0.18,-6.436207,-19.65,5.23,29.186897,28.68,29.66,29.781034,29.71,29.8,19.017241,14.4,23.2,0.399655,0.29,0.48,221,249,29,0,29,19,19,29,0,0,0
2020-10-23T20:00:00Z,30,28.852667,28.42,29.27,1.071333,0.83,1.38,29.014667,28.43,29.59,-0.232667,-0.66,0.19,-6.637667,-18.89,5.55,29.227333,28.68,29.66,29.789333,29.7,29.8,18.003333,14.1,22.8,0.377333,0.29,0.48,250,279,30,0,30,21,21,30,0,0,0
2020-10-23T21:00:00Z,29,28.883103,28.45,29.27,1.065517,0.82,1.33,29.018621,28.52,29.63,-0.246897,-0.64,0.17,-7.085172,-18.26,4.88,29.198621,28.67,29.63,29.789655,29.76,29.8,18.065517,14.2,22.7,0.377241,0.3,0.48,280,308,29,0,29,22,22,29,0,0,0
2020-10-23T22:00:00Z,30,28.92,28.5,29.27,1.149333,0.83,1.35,29.027333,28.46,29.52,-0.238667,-0.66,0.18,-6.866333,-18.83,5.19,29.173667,28.7,29.66,29.778333,29.7,29.8,19.25,14.3,23.1,0.405333,0.29,0.48,309,338,30,0,30,26,26,30,0,0,0
2020-10-23T23:00:00Z,29,28.934138,28.48,29.3,1.067241,0.83,1.36,29.043793,28.47,29.59,-0.213793,-0.6,0.17,-6.131379,-17.15,5.05,29.235517,28.7,29.66,29.787931,29.73,29.8,17.958621,14.2,22.7,0.378621,0.29,0.48,339,367,29,0,29,20,20,29,0,0,0
2020-10-24T00:00:00Z,30,29.202667,28.18,29.8,0.947333,0.86,0.96,29.12,29.05,29.19,0.029333,0.01,0.05,0.885333,0.33,1.37,29.441,29.42,29.46,29.79,29.79,29.79,16.103333,16,16.2,0.34,0.34,0.34,368,397,30,0,30,0,0,30,0,0,0
2020-10-24T01:00:00Z,29,29.072414,26.36,29.8,0.94931,0.94,0.95,29.162759,29.09,29.3,0.032414,0.01,0.05,0.944483,0.32,1.36,29.448621,29.43,29.47,29.79,29.79,29.79,16.072414,15.9,16.1,0.364138,0.32,0.93,398,426,29,0,29,0,0,29,0,0,0
2020-10-24T02:00:00Z,29,29.051724,28.99,29.12,0.953448,0.93,0.97,29.198966,29.11,29.29,0.024828,-0.03,0.09,0.725172,-0.99,2.5,29.446897,29.4,29.49,29.791724,29.79,29.8,16.113793,15.7,16.5,0.33,0.26,0.35,427,455,29,0,29,8,8,29,0,0,0
2020-10-24T03:00:00Z,30,29.049667,28.97,29.12,0.949667,0.93,0.97,29.201333,29.12,29.27,0.022,-0.05,0.08,0.633667,-1.51,2.36,29.441333,29.39,29.49,29.793333,29.79,29.8,16.103333,15.7,16.6,0.342333,0.34,0.35,456,485,30,0,30,9,9,30,0,0,0
2020-10-24T04:00:00Z,28,29.032143,28.99,29.1,0.949643,0.93,0.97,29.178929,29.12,29.26,0.009286,-0.05,0.08,0.251786,-1.33,2.18,29.4275,29.39,29.47,29.791786,29.79,29.8,16.189286,15.7,16.5,0.341786,0.34,0.35,486,514,28,0,28,13,13,28,0,0,0
2020-10-24T05:00:00Z,30,29.060333,28.97,29.11,0.953333,0.93,0.97,29.205333,29.12,29.28,0.025667,-0.04,0.09,0.736333,-1.16,2.68,29.444667,29.39,29.49,29.791,29.79,29.8,16.143333,15.7,16.5,0.343333,0.34,0.35,515,544,30,0,30,10,10,30,0,0,0
2020-10-24T06:00:00Z,29,29.049655,29,29.12,0.952759,0.93,0.97,29.181724,29.12,29.3,0.014138,-0.03,0.09,0.406552,-0.99,2.68,29.44069,29.4,29.49,29.79069,29.79,29.8,16.127586,15.7,16.5,0.341034,0.34,0.35,545,573,29,0,29,12,12,29,0,0,0
2020-10-24T07:00:00Z,29,29.056207,29,29.12,0.952069,0.94,0.97,29.193793,29.12,29.27,0.027241,-0.03,0.08,0.770345,-0.99,2.35,29.447931,29.41,29.5,29.790345,29.79,29.8,16.072414,15.7,16.4,0.341724,0.34,0.35,574,602,29,0,29,6,6,29,0,0,0
2020-10-24T08:00:00Z,30,29.061667,29,29.12,0.953,0.93,0.97,29.205,29.12,29.29,0.033667,-0.02,0.09,0.957,-0.67,2.5,29.452667,29.41,29.49,29.791333,29.79,29.8,16.026667,15.7,16.5,0.342333,0.33,0.35,603,632,30,0,30,7,7,30,0,0,0
2020-10-24T09:00:00Z,29,29.052069,29,29.12,0.951379,0.93,0.97,29.191379,29.12,29.27,0.026897,-0.03,0.08,0.775517,-0.81,2.18,29.446897,29.41,29.48,29.791379,29.79,29.8,16.02069,15.7,16.4,0.342069,0.33,0.35,633,661,29,0,29,7,7,29,0,0,0
2020-10-24T10:00:00Z,29,29.044483,28.99,29.11,0.953103,0.93,0.97,29.179655,29.12,29.3,0.01,-0.03,0.09,0.316897,-0.99,2.5,29.435862,29.4,29.5,29.791034,29.79,29.8,16.137931,15.7,16.5,0.341724,0.33,0.35,662,691,29,0,29,13,13,29,0,0,0
2020-10-24T11:00:00Z,29,29.043103,28.99,29.12,0.948621,0.93,0.97,29.185862,29.12,29.27,0.012414,-0.04,0.08,0.363448,-1.16,2.18,29.435862,29.4,29.49,29.792069,29.79,29.8,16.093103,15.7,16.5,0.341724,0.34,0.35,692,720,29,0,29,13,13,29,0,0,0
2020-10-24T12:00:00Z,28,29.054643,29,29.11,0.951071,0.93,0.97,29.198214,29.12,29.28,0.019286,-0.03,0.08,0.574286,-0.81,2.36,29.433929,29.39,29.49,29.791071,29.79,29.8,16.15,15.7,16.5,0.343571,0.34,0.35,721,749,28,0,28,13,13,28,0,0,0
2020-10-24T13:00:00Z,30,29.057667,29,29.12,0.948667,0.93,0.97,29.194667,29.12,29.3,0.020667,-0.05,0.08,0.574333,-1.33,2.36,29.447,29.4,29.5,29.791667,29.79,29.8,16.113333,15.7,16.5,0.342333,0.34,0.35,750,779,30,0,30,15,15,30,0,0,0
2020-10-24T14:00:00Z,29,29.05931,29,29.11,0.948966,0.93,0.97,29.2,29.12,29.27,0.025862,-0.04,0.08,0.740345,-1.16,2.18,29.443103,29.39,29.49,29.792069,29.79,29.8,16.093103,15.7,16.5,0.342759,0.34,0.35,780,808,29,0,29,7,7,29,0,0,0
2020-10-24T15:00:00Z,30,29.058667,29,29.12,0.951333,0.93,0.97,29.196667,29.12,29.27,0.018667,-0.04,0.08,0.571667,-1.16,2.18,29.444,29.41,29.49,29.792,29.79,29.8,16.146667,15.7,16.5,0.343,0.34,0.35,809,838,30,0,30,12,12,30,0,0,0
2020-10-24T16:00:00Z,29,29.057586,29,29.11,0.942759,0.93,0.97,29.206552,29.12,29.29,0.036207,-0.04,0.09,1.022069,-1.16,2.68,29.456897,29.4,29.5,29.791034,29.79,29.8,15.965517,15.7,16.5,0.340345,0.34,0.35,839,867,29,0,29,7,7,29,0,0,0
2020-10-24T17:00:00Z,28,29.059286,29,29.12,0.948214,0.93,0.97,29.200714,29.12,29.3,0.027143,-0.03,0.1,0.788571,-0.99,2.85,29.443214,29.4,29.49,29.790714,29.79,29.8,16.064286,15.7,16.5,0.3425,0.33,0.35,868,896,28,0,28,7,7,28,0,0,0
2020-10-24T18:00:00Z,28,29.058929,29,29.12,0.946786,0.93,0.96,29.202143,29.13,29.29,0.028571,-0.03,0.09,0.833214,-0.99,2.5,29.450357,29.4,29.49,29.792143,29.79,29.8,16.046429,15.7,16.5,0.342143,0.34,0.35,897,925,28,0,28,10,10,28,0,0,0
2020-10-24T19:00:00Z,30,29.061667,29,29.12,0.947667,0.93,0.97,29.201,29.11,29.27,0.025,-0.03,0.08,0.737,-0.99,2.18,29.451667,29.41,29.49,29.791667,29.79,29.8,16.063333,15.7,16.5,0.342333,0.33,0.35,926,955,30,0,30,9,9,30,0,0,0
2020-10-24T20:00:00Z,29,29.061034,29,29.12,0.943103,0.93,0.97,29.212069,29.14,29.29,0.040345,-0.02,0.1,1.128276,-0.67,2.85,29.454828,29.42,29.49,29.791379,29.79,29.8,15.975862,15.7,16.5,0.34069,0.33,0.35,956,984,29,0,29,3,3,29,0,0,0
2020-10-24T21:00:00Z,30,29.049667,28.99,29.13,0.946,0.93,0.96,29.189,29.1,29.29,0.021667,-0.03,0.09,0.615,-0.99,2.5,29.446667,29.41,29.49,29.790333,29.79,29.8,16.046667,15.7,16.5,0.341333,0.33,0.35,985,1014,30,0,30,11,11,30,0,0,0
2020-10-24T22:00:00Z,29,29.056207,29,29.12,0.946207,0.93,0.97,29.20069,29.12,29.31,0.025172,-0.03,0.08,0.72069,-0.99,2.36,29.447931,29.41,29.5,29.791724,29.79,29.8,16.058621,15.7,16.5,0.342069,0.34,0.35,1015,1043,29,0,29,7,7,29,0,0,0
2020-10-24T23:00:00Z,30,29.058,29,29.12,0.947333,0.93,0.97,29.205333,29.12,29.31,0.026667,-0.04,0.09,0.778333,-1.16,2.5,29.449,29.4,29.49,29.791333,29.79,29.8,16.033333,15.7,16.5,0.342,0.33,0.35,1044,1073,30,0,30,8,8,30,0,0,0
2020-10-25T00:00:00Z,29,29.04931,29,29.12,0.94931,0.93,0.97,29.184483,29.12,29.27,0.011034,-0.04,0.09,0.35,-1.16,2.5,29.438276,29.4,29.49,29.791034,29.79,29.8,16.131034,15.7,16.5,0.342069,0.34,0.35,1074,1102,29,0,29,13,13,29,0,0,0
2020-10-25T01:00:00Z,27,29.065185,29,29.12,0.950741,0.93,0.97,29.205926,29.12,29.27,0.025556,-0.04,0.09,0.759259,-1.16,2.5,29.445185,29.39,29.49,29.791111,29.79,29.8,16.114815,15.7,16.5,0.342222,0.34,0.35,1103,1130,27,0,27,8,8,27,0,0,0
2020-10-25T02:00:00Z,30,29.058,29,29.12,0.951667,0.93,0.97,29.195,29.12,29.3,0.014333,-0.05,0.08,0.402,-1.33,2.18,29.434333,29.39,29.49,29.790667,29.79,29.8,16.17,15.7,16.5,0.343333,0.34,0.35,1132,1161,30,0,30,14,14,30,0,0,0
2020-10-25T03:00:00Z,29,29.058276,29,29.12,0.949655,0.93,0.97,29.197241,29.12,29.29,0.01931,-0.04,0.08,0.547241,-1.16,2.18,29.442759,29.4,29.49,29.79069,29.79,29.8,16.144828,15.7,16.5,0.342759,0.34,0.35,1162,1190,29,0,29,9,9,29,0,0,0
2020-10-25T04:00:00Z,30,29.060333,28.99,29.12,0.947,0.93,0.97,29.208667,29.12,29.29,0.026333,-0.03,0.08,0.747667,-0.99,2.18,29.448667,29.41,29.49,29.790667,29.79,29.8,16.06,15.7,16.5,0.342,0.34,0.35,1191,1220,30,0,30,9,9,30,0,0,0
2020-10-25T05:00:00Z,29,29.062414,29,29.12,0.951034,0.93,0.97,29.206897,29.12,29.28,0.018966,-0.05,0.08,0.549655,-1.33,2.18,29.443793,29.39,29.49,29.791379,29.79,29.8,16.131034,15.7,16.5,0.342759,0.34,0.35,1221,1249,29,0,29,6,6,29,0,0,0
2020-10-25T06:00:00Z,29,29.053448,28.99,29.12,0.945862,0.93,0.97,29.198966,29.13,29.31,0.023793,-0.03,0.09,0.689655,-0.81,2.68,29.445862,29.41,29.49,29.792069,29.79,29.8,16.041379,15.7,16.5,0.341379,0.34,0.35,1250,1278,29,0,29,11,11,29,0,0,0
2020-10-25T07:00:00Z,29,29.060345,29,29.12,0.948276,0.93,0.97,29.205862,29.12,29.29,0.024138,-0.04,0.09,0.693103,-1.16,2.5,29.44931,29.41,29.49,29.791379,29.79,29.8,16.072414,15.7,16.5,0.342759,0.34,0.35,1279,1308,29,0,29,9,9,29,0,0,0
2020-10-25T08:00:00Z,29,29.053793,28.99,29.12,0.948966,0.93,0.97,29.192759,29.12,29.27,0.014828,-0.03,0.08,0.426207,-0.99,2.18,29.439655,29.4,29.49,29.791034,29.79,29.8,16.134483,15.7,16.5,0.342414,0.34,0.35,1309,1337,29,0,29,11,11,29,0,0,0
2020-10-25T09:00:00Z,27,29.05,28.99,29.12,0.945926,0.92,0.97,29.19037,29.12,29.27,0.016296,-0.03,0.09,0.457407,-0.99,2.5,29.443704,29.4,29.49,29.792593,29.79,29.8,16.1,15.7,16.5,0.342593,0.33,0.35,1338,1366,27,0,27,9,9,27,0,0,0
2020-10-25T10:00:00Z,30,29.04,28.98,29.11,0.945667,0.92,0.97,29.196,29.12,29.27,0.018,-0.03,0.08,0.513333,-0.99,2.18,29.443,29.39,29.5,29.792,29.79,29.8,16.06,15.7,16.5,0.341,0.33,0.35,1367,1396,30,0,30,12,12,30,0,0,0
2020-10-25T11:00:00Z,29,29.048276,28.98,29.11,0.944138,0.92,0.97,29.202069,29.12,29.3,0.032069,-0.03,0.09,0.943103,-0.81,2.5,29.453448,29.4,29.49,29.790345,29.79,29.8,16.013793,15.7,16.5,0.341034,0.34,0.35,1397,1425,29,0,29,11,11,29,0,0,0
2020-10-25T12:00:00Z,30,29.054667,28.99,29.12,0.944333,0.92,0.96,29.216667,29.15,29.3,0.037333,-0.03,0.09,1.054667,-0.81,2.5,29.458333,29.42,29.51,29.791667,29.79,29.8,16.01,15.7,16.5,0.341,0.33,0.35,1426,1455,30,0,30,5,5,30,0,0,0
2020-10-25T13:00:00Z,29,29.051379,29,29.12,0.954483,0.93,0.97,29.183448,29.12,29.28,0.004483,-0.04,0.07,0.104138,-1.16,2.01,29.424138,29.39,29.48,29.792414,29.79,29.8,16.227586,15.7,16.5,0.343793,0.34,0.35,1456,1484,29,0,29,14,14,29,0,0,0
2020-10-25T14:00:00Z,29,29.065862,29,29.12,0.956207,0.93,0.97,29.202759,29.12,29.3,0.013793,-0.05,0.08,0.399655,-1.51,2.18,29.429655,29.39,29.48,29.791724,29.79,29.8,16.244828,15.7,16.5,0.345517,0.34,0.35,1485,1513,29,0,29,10,10,29,0,0,0
2020-10-25T15:00:00Z,30,29.057333,28.99,29.12,0.952667,0.93,0.98,29.199,29.12,29.3,0.017333,-0.05,0.08,0.479,-1.33,2.35,29.436,29.39,29.49,29.794333,29.79,29.8,16.143333,15.7,16.6,0.344,0.34,0.35,1514,1543,30,0,30,13,13,30,0,0,0
2020-10-25T16:00:00Z,29,29.068621,29,29.12,0.95,0.93,0.97,29.208276,29.12,29.27,0.023448,-0.04,0.08,0.675517,-1.16,2.36,29.45,29.4,29.49,29.791034,29.79,29.8,16.124138,15.7,16.5,0.343103,0.34,0.35,1544,1572,29,0,29,7,7,29,0,0,0
2020-10-25T17:00:00Z,25,29.0568,29,29.12,0.9464,0.93,0.97,29.2032,29.13,29.28,0.0188,-0.04,0.08,0.5376,-1.16,2.18,29.4448,29.41,29.5,29.7916,29.79,29.8,16.076,15.7,16.5,0.342,0.34,0.35,1573,1600,25,0,25,9,9,25,0,0,0
2020-10-25T18:00:00Z,28,29.065357,29,29.13,0.948571,0.93,0.97,29.202143,29.12,29.28,0.019286,-0.03,0.09,0.557857,-0.99,2.5,29.446071,29.41,29.49,29.791429,29.79,29.8,16.121429,15.7,16.5,0.341786,0.33,0.35,1603,1630,28,0,28,11,11,28,0,0,0
2020-10-25T19:00:00Z,9,29.045556,29,29.1,0.938889,0.92,0.96,29.206667,29.12,29.27,0.023333,-0.04,0.08,0.668889,-1.16,2.18,29.455556,29.41,29.49,29.794444,29.79,29.8,15.988889,15.7,16.5,0.34,0.33,0.35,1631,1639,9,0,9,3,3,9,0,0,0
2020-10-30T11:00:00Z,25,0,0,0,0,0,0,6.8348,-0.99,12.84,-1.9928,-6.21,0.23,0,0,0,6.8196,0,12.2,0.1532,0,3.83,28.864,24.1,33.3,3.9996,3.99,4,3,27,0,0,11,11,0,0,0,0,0
2020-10-30T12:00:00Z,30,0,0,0,0,0,0,12.783667,12.77,12.81,0.188333,0.17,0.2,0,0,0,12.149667,12.13,12.18,8.269667,0,22.85,33.73,33.4,34,3.995333,3.99,4,28,57,0,0,0,0,0,0,0,0,0
2020-10-30T13:00:00Z,29,0,0,0,0,0,0,12.761034,12.75,12.78,0.186207,0.17,0.2,0,0,0,12.126207,12.11,12.14,0.935517,0,10.1,33.803448,33.7,34,3.991034,3.99,4,58,86,0,0,0,0,0,0,0,0,0
2020-10-30T14:00:00Z,30,0,0,0,0,0,0,12.743333,12.72,12.75,0.187667,0.17,0.2,0,0,0,12.103,12.08,12.12,0,0,0,33.5,33.4,33.7,3.99,3.99,3.99,87,116,0,0,0,0,0,0,0,0,0
2020-10-30T15:00:00Z,30,0,0,0,0,0,0,12.726,12.71,12.74,0.191333,0.18,0.2,0,0,0,12.088667,12.07,12.11,0,0,0,33.343333,33.3,33.4,3.988667,3.98,3.99,117,146,0,0,0,0,0,0,0,0,0
2020-10-30T16:00:00Z,29,0,0,0,0,0,0,12.713448,12.7,12.72,0.188966,0.17,0.2,0,0,0,12.074483,12.05,12.09,0,0,0,33.013793,32.7,33.3,3.981379,3.98,3.99,147,175,0,0,0,0,0,0,0,0,0
2020-10-30T17:00:00Z,30,0,0,0,0,0,0,12.693667,12.68,12.71,0.193333,0.18,0.2,0,0,0,12.063667,12.05,12.08,0,0,0,32.476667,32.3,32.7,3.98,3.98,3.98,176,205,0,0,0,0,0,0,0,0,0
2020-10-30T18:00:00Z,29,0,0,0,0,0,0,12.674138,12.66,12.69,0.193103,0.18,0.21,0,0,0,12.046207,12.02,12.07,0,0,0,32.162069,32.1,32.3,3.98,3.98,3.98,206,234,0,0,0,0,0,0,0,0,0
2020-10-30T19:00:00Z,30,0,0,0,0,0,0,12.662333,12.64,12.68,0.196,0.18,0.21,0,0,0,12.030667,12.01,12.05,0,0,0,32.016667,31.9,32.1,3.979333,3.97,3.98,235,264,0,0,0,0,0,0,0,0,0
2020-10-30T20:00:00Z,30,0,0,0,0,0,0,12.649667,12.63,12.67,0.198333,0.19,0.21,0,0,0,12.016,11.99,12.04,0,0,0,31.8,31.7,31.9,3.973667,3.97,3.98,265,294,0,0,0,0,0,0,0,0,0
2020-10-30T21:00:00Z,29,0,0,0,0,0,0,12.626897,12.61,12.64,0.197586,0.19,0.2,0,0,0,11.994138,11.97,12.01,0,0,0,31.57931,31.4,31.7,3.971034,3.97,3.98,295,323,0,0,0,0,0,0,0,0,0
2020-10-30T22:00:00Z,30,2.105333,0,13.03,0.717667,0,3.74,12.606333,12.59,12.62,0.196667,0.19,0.21,3.37075,0,20.88,11.972333,11.95,11.99,0,0,0,31.346667,31.3,31.5,3.97,3.97,3.97,324,353,0,0,0,0,0,0,0,0,0
2020-10-30T23:00:00Z,29,13.238966,12.68,13.93,4.066897,3.42,4.35,12.933793,12.6,13.3,0.353103,0.18,0.45,20.67431,20.095,21.59,12.289655,11.97,12.63,0,0,0,31.92069,31.6,32,3.966552,3.96,3.98,354,382,0,0,0,0,0,0,0,0,0
2020-10-31T00:00:00Z,30,13.782,13.43,14.15,4.338667,4.32,4.37,13.321333,13.3,13.4,0.375333,0.35,0.4,21.4435,20.82,22.0425,12.655667,12.62,12.75,0,0,0,32,32,32,3.978,3.97,3.98,383,412,0,0,0,0,0,0,0,0,0
2020-10-31T01:00:00Z,29,14.289655,13.75,14.95,4.582759,4.41,4.62,13.766207,13.45,14.02,0.328966,0.31,0.39,22.402241,21.3475,23.4225,13.087241,12.81,13.32,0,0,0,31.968966,31.9,32,4.017586,3.99,4.04,413,441,0,0,0,0,0,0,0,0,0
2020-10-31T02:00:00Z,30,15.563667,14.39,20.2,6.574667,4.62,11.87,14.491333,14.02,14.87,0.319,0.2,0.38,24.447833,22.5275,32.3325,13.764667,13.32,14.09,0,0,0,32.166667,32,32.5,4.093333,4.04,4.13,442,471,0,0,0,0,0,0,0,0,0
2020-10-31T03:00:00Z,30,18.994667,16.11,20.33,11.726333,11.6,11.84,14.618667,14.21,15.19,0.223333,0.2,0.26,30.285333,25.61,32.4575,13.975,13.61,14.42,0,0,0,32.96,32.5,33.3,4.120333,4.12,4.13,472,501,0,0,0,0,0,0,0,0,0
2020-10-31T04:00:00Z,29,19.284138,16.56,20.54,11.224483,4.58,12,14.698621,14.45,15.4,0.226552,0.2,0.36,30.728966,26.2675,32.7975,13.946897,13.78,14.64,0,0,0,33.503448,33.3,33.8,4.126552,4.12,4.13,502,530,0,0,0,0,0,0,0,0,0
2020-10-31T05:00:00Z,30,19.425,16.12,20.55,11.158,4.62,12.04,14.684,14.44,15.41,0.223667,0.2,0.35,30.963833,25.6475,32.8425,13.961333,13.78,14.62,0,0,0,34.206667,33.8,34.6,4.127333,4.12,4.13,531,560,0,0,0,0,0,0,0,0,0
2020-10-31T06:00:00Z,29,19.226897,15.91,20.49,10.355862,4.56,11.72,14.706207,14.45,15.39,0.238621,0.19,0.37,30.588879,24.8025,32.6275,14.036552,13.79,14.66,0,0,0,34.744828,34.6,35.1,4.127241,4.12,4.13,561,589,0,0,0,0,0,0,0,0,0
2020-10-31T07:00:00Z,30,18.801,15.66,20.85,7.529,4.48,11.64,14.744,14.47,15.24,0.285667,0.19,0.36,29.693,24.4925,33.26,14.055,13.79,14.51,0.922667,0,8.25,35.27,35,35.6,4.126333,4.12,4.14,590,619,0,0,0,0,0,0,0,0,0
2020-10-31T08:00:00Z,30,18.038667,15.6,20.69,4.538333,4.48,4.61,14.803,14.63,14.99,0.34,0.33,0.35,28.234583,24.4125,32.44,14.118333,13.95,14.45,0.152,0,4.56,35.8,35.5,36.1,4.120667,4.12,4.13,620,649,0,0,0,0,0,0,0,0,0
2020-10-31T09:00:00Z,29,12.931034,7.99,14.88,3.77931,2.57,4.47,13.264138,12.73,14.73,0.196552,0.12,0.34,20.683621,12.9225,23.305,12.618276,12.11,14.04,7.635172,0,27.29,36.013793,35.9,36.2,4.118276,4.11,4.13,650,678,0,0,0,0,0,0,0,0,0
2020-10-31T10:00:00Z,30,4.194,0,13.38,1.252,0,4.01,12.749333,12.72,12.79,0.143667,0.12,0.17,6.771583,0,21.605,12.125333,12.09,12.15,5.496667,0,19.08,35.773333,35.3,36.1,4.103667,4.1,4.11,679,708,0,0,0,0,0,0,0,0,0
2020-10-31T11:00:00Z,29,0,0,0,0,0,0,12.735862,12.71,12.76,0.148966,0.13,0.17,0,0,0,12.107931,12.08,12.14,0.887241,0,13.47,34.97931,34.8,35.2,4.089655,4.08,4.1,709,737,0,0,0,0,0,0,0,0,0
2020-10-31T12:00:00Z,30,0,0,0,0,0,0,12.723667,12.69,12.75,0.150333,0.13,0.17,0,0,0,12.087667,12.06,12.11,0,0,0,34.706667,34.6,34.8,4.079,4.07,4.08,738,767,0,0,0,0,0,0,0,0,0
2020-10-31T13:00:00Z,30,0,0,0,0,0,0,12.708333,12.69,12.73,0.157,0.14,0.18,0,0,0,12.075333,12.06,12.1,0,0,0,34.536667,34.3,34.6,4.067333,4.06,4.07,768,797,0,0,0,0,0,0,0,0,0
2020-10-31T14:00:00Z,29,0,0,0,0,0,0,12.695862,12.68,12.72,0.15931,0.14,0.17,0,0,0,12.061379,12.05,12.08,0,0,0,34.068966,33.8,34.3,4.056897,4.05,4.06,798,826,0,0,0,0,0,0,0,0,0
2020-10-31T15:00:00Z,30,0,0,0,0,0,0,12.685667,12.66,12.71,0.166,0.15,0.19,0,0,0,12.050667,12.03,12.07,0,0,0,33.603333,33.4,33.8,4.05,4.05,4.05,827,856,0,0,0,0,0,0,0,0,0
2020-10-31T16:00:00Z,29,0,0,0,0,0,0,12.665172,12.65,12.69,0.170345,0.15,0.19,0,0,0,12.032414,12.02,12.05,0,0,0,33.365517,33.3,33.4,4.042069,4.04,4.05,857,885,0,0,0,0,0,0,0,0,0
2020-10-31T17:00:00Z,30,0,0,0,0,0,0,12.652,12.63,12.67,0.169333,0.16,0.19,0,0,0,12.018667,12,12.03,0,0,0,33.09,32.8,33.3,4.038333,4.03,4.04,886,915,0,0,0,0,0,0,0,0,0
2020-10-31T18:00:00Z,29,0,0,0,0,0,0,12.633448,12.62,12.66,0.17,0.16,0.19,0,0,0,12.003793,11.99,12.02,0,0,0,32.534483,32.4,32.8,4.03,4.03,4.03,916,944,0,0,0,0,0,0,0,0,0
2020-10-31T19:00:00Z,30,0,0,0,0,0,0,12.619,12.6,12.63,0.173,0.16,0.2,0,0,0,11.987,11.97,12,0,0,0,32.21,32.1,32.4,4.027333,4.02,4.03,945,974,0,0,0,0,0,0,0,0,0
2020-10-31T20:00:00Z,30,0,0,0,0,0,0,12.600333,12.58,12.61,0.171667,0.16,0.19,0,0,0,11.966333,11.95,11.98,0,0,0,32.073333,32,32.1,4.020333,4.02,4.03,975,1004,0,0,0,0,0,0,0,0,0
2020-10-31T21:00:00Z,29,0,0,0,0,0,0,12.581379,12.57,12.59,0.173448,0.15,0.2,0,0,0,11.950345,11.93,11.97,0,0,0,31.927586,31.8,32,4.013103,4.01,4.02,1005,1033,0,0,0,0,0,0,0,0,0
2020-10-31T22:00:00Z,30,2.646,0,13.1,0.847333,0,3.85,12.569,12.56,12.57,0.177667,0.16,0.19,4.249,0,21.045,11.936,11.93,11.95,0,0,0,31.72,31.6,31.9,4.01,4.01,4.01,1034,1063,0,0,0,0,0,0,0,0,0
2020-10-31T23:00:00Z,29,13.095172,12.64,13.56,4.002414,3.3,4.33,12.762414,12.57,12.96,0.285862,0.17,0.34,20.673621,20.2075,21.2525,12.108966,11.93,12.32,0,0,0,32.089655,32,32.1,4.003103,4,4.01,1064,1092,0,0,0,0,0,0,0,0,0
2020-11-01T00:00:00Z,30,13.448,12.96,14.09,4.322667,4.2,4.4,13.055333,12.85,13.34,0.343333,0.33,0.36,21.035417,20.29,22.0175,12.401,12.21,12.69,0,0,0,31.993333,31.9,32.1,4.005333,4,4.01,1093,1122,0,0,0,0,0,0,0,0,0
2020-11-01T01:00:00Z,30,14.132667,13.48,15.39,4.511667,4.37,4.69,13.591333,13.3,14.32,0.326,0.31,0.36,22.163417,21.0575,24.07,12.913333,12.62,13.6,0,0,0,31.913333,31.9,32,4.040333,4.01,4.09,1123,1152,0,0,0,0,0,0,0,0,0
2020-11-01T02:00:00Z,29,14.699655,13.78,16.36,8.417241,4.53,12.39,14.015172,13.51,14.65,0.258621,0.17,0.34,23.309397,21.675,26.0875,13.29,12.84,13.85,0.915172,0,15.06,32.041379,31.9,32.1,4.11069,4.08,4.14,1153,1181,0,0,0,0,0,0,0,0,0
2020-11-01T03:00:00Z,30,16.755333,13.93,21.11,9.314333,4.56,12.46,14.347667,13.72,15.27,0.26,0.19,0.35,26.585667,21.91,33.7575,13.628667,13.05,14.3,0.372,0,5,32.183333,32.1,32.4,4.123667,4.11,4.13,1182,1211,0,0,0,0,0,0,0,0,0
2020-11-01T04:00:00Z,29,19.108621,15.73,20.87,11.263793,4.58,12.29,14.705862,14.35,15.46,0.238621,0.2,0.38,30.402241,24.4775,33.2525,13.935862,13.66,14.65,0.85,0,12.69,32.841379,32.4,33.2,4.128966,4.12,4.13,1212,1240,0,0,0,0,0,0,0,0,0
2020-11-01T05:00:00Z,30,19.674333,15.71,21.09,11.049333,4.53,12.43,14.686667,14.42,15.39,0.239667,0.2,0.36,31.295833,24.485,33.7075,14.008333,13.79,14.63,0.384333,0,4.59,33.356667,33.1,33.6,4.128667,4.12,4.13,1241,1270,0,0,0,0,0,0,0,0,0
2020-11-01T06:00:00Z,30,19.798667,16.36,20.5,11.415667,4.56,12.14,14.695,14.5,15.27,0.225,0.2,0.36,31.549333,25.935,32.8125,14.04,13.85,14.6,1.406,0,17.24,33.87,33.5,34.2,4.129333,4.12,4.13,1271,1300,0,0,0,0,0,0,0,0,0
2020-11-01T07:00:00Z,29,18.816897,14.72,20.73,9.463448,4.47,12.05,14.716207,14.48,15.03,0.258966,0.2,0.37,29.853966,23.045,33.1875,14.050345,13.8,14.43,0.008276,0,0.24,34.486207,34.1,34.6,4.127241,4.12,4.13,1301,1329,0,0,0,0,0,0,0,0,0
2020-11-01T08:00:00Z,30,14.151,13.07,20.81,4.272667,3.57,4.52,13.623333,12.98,14.82,0.29,0.19,0.36,22.319083,20.73,32.585,12.976333,12.35,14.13,4.591333,0,17.15,34.646667,34.6,34.8,4.118,4.11,4.12,1330,1359,0,0,0,0,0,0,0,0,0
2020-11-01T09:00:00Z,29,13.426897,12.96,14.07,4.081379,3.44,4.37,13.101034,12.84,13.36,0.247931,0.16,0.29,21.319741,20.755,22.2175,12.457931,12.19,12.73,4.131379,0,23.88,34.941379,34.8,35,4.105172,4.1,4.11,1360,1388,0,0,0,0,0,0,0,0,0
2020-11-01T10:00:00Z,30,5.492,0,13.48,1.593667,0,4.08,12.772333,12.73,12.85,0.159667,0.14,0.18,8.841833,0,21.685,12.148333,12.11,12.23,7.669667,0,24.6,34.863333,34.6,35.2,4.093333,4.09,4.1,1389,1418,0,0,0,0,0,0,0,0,0
2020-11-01T11:00:00Z,29,0,0,0,0,0,0,12.750345,12.72,12.78,0.158276,0.13,0.18,0,0,0,12.117241,12.09,12.14,9.876897,0,29.8,34.372414,34.2,34.6,4.08069,4.07,4.09,1419,1447,0,0,0,0,0,0,0,0,0
2020-11-01T12:00:00Z,30,0,0,0,0,0,0,12.733333,12.72,12.76,0.162667,0.14,0.19,0,0,0,12.099333,12.08,12.12,2.442333,0,24.41,34.163333,34,34.3,4.071667,4.06,4.08,1448,1477,0,0,0,0,0,0,0,0,0
2020-11-01T13:00:00Z,30,0,0,0,0,0,0,12.721,12.69,12.75,0.163333,0.15,0.17,0,0,0,12.086333,12.06,12.1,4.420667,0,24.69,33.87,33.6,34.1,4.059,4.05,4.07,1478,1507,0,0,0,0,0,0,0,0,0
2020-11-01T14:00:00Z,29,0,0,0,0,0,0,12.699655,12.68,12.72,0.17069,0.16,0.18,0,0,0,12.072759,12.05,12.08,1.566552,0,18.79,33.448276,33.4,33.6,4.050345,4.05,4.06,1508,1536,0,0,0,0,0,0,0,0,0
2020-11-01T15:00:00Z,28,0,0,0,0,0,0,12.684286,12.66,12.7,0.164286,0.15,0.19,0,0,0,12.0525,12.04,12.07,1.213571,0,19.5,33.253571,33,33.4,4.043929,4.04,4.05,1537,1566,0,0,0,0,0,0,0,0,0
2020-11-01T16:00:00Z,29,0,0,0,0,0,0,12.66931,12.65,12.69,0.172414,0.15,0.2,0,0,0,12.042414,12.03,12.05,3.677586,0,22.33,32.748276,32.5,33,4.04,4.04,4.04,1567,1595,0,0,0,0,0,0,0,0,0
2020-11-01T17:00:00Z,29,0,0,0,0,0,0,12.653103,12.63,12.67,0.171724,0.15,0.19,0,0,0,12.023448,12.01,12.04,5.171724,0,24.62,32.317241,32.1,32.5,4.031034,4.03,4.04,1596,1625,0,0,0,0,0,0,0,0,0
2020-11-01T18:00:00Z,29,0,0,0,0,0,0,12.64,12.63,12.66,0.178966,0.16,0.19,0,0,0,12.013103,11.99,12.02,0,0,0,32.055172,32,32.1,4.025862,4.02,4.03,1626,1654,0,0,0,0,0,0,0,0,0
2020-11-01T19:00:00Z,30,0,0,0,0,0,0,12.626667,12.61,12.64,0.173667,0.16,0.19,0,0,0,11.996,11.98,12.01,0,0,0,31.816667,31.7,32,4.019667,4.01,4.02,1655,1684,0,0,0,0,0,0,0,0,0
2020-11-01T20:00:00Z,29,0,0,0,0,0,0,12.607931,12.6,12.63,0.180345,0.16,0.19,0,0,0,11.980345,11.96,11.99,0,0,0,31.47931,31.3,31.7,4.01069,4.01,4.02,1685,1713,0,0,0,0,0,0,0,0,0
2020-11-01T21:00:00Z,30,0,0,0,0,0,0,12.593333,12.58,12.6,0.183667,0.17,0.19,0,0,0,11.962,11.95,11.98,0,0,0,31.15,31,31.3,4.009667,4,4.01,1714,1743,0,0,0,0,0,0,0,0,0
2020-11-01T22:00:00Z,30,1.883,0,11.68,0.583,0,3.7,12.573333,12.55,12.59,0.185,0.17,0.21,3.020333,0,18.7275,11.944,11.93,11.96,0,0,0,30.91,30.9,31,4.002,4,4.01,1744,1773,0,0,0,0,0,0,0,0,0
2020-11-01T23:00:00Z,29,13.100345,12.66,13.6,4.048276,3.42,4.29,12.776552,12.57,12.9,0.29931,0.19,0.35,20.632845,20.165,21.2525,12.134828,11.93,12.25,0,0,0,31.403448,31,31.5,3.99931,3.99,4,1774,1802,0,0,0,0,0,0,0,0,0
2020-11-02T00:00:00Z,29,13.534828,13.05,14.08,4.348276,4.29,4.42,13.107241,12.92,13.32,0.354483,0.35,0.36,21.131379,20.3475,21.985,12.454483,12.27,12.66,0,0,0,31.317241,31.2,31.4,4.004483,4,4.01,1803,1831,0,0,0,0,0,0,0,0,0
2020-11-02T01:00:00Z,28,13.941786,13.54,14.52,4.488929,4.42,4.55,13.495714,13.35,13.6,0.3275,0.31,0.36,21.857857,21.1,22.74,12.826429,12.69,12.93,0,0,0,31.303571,31.2,31.4,4.035,4.01,4.05,1833,1861,0,0,0,0,0,0,0,0,0
2020-11-02T02:00:00Z,29,14.341034,13.66,15.63,5.886897,4.47,12.32,13.858621,13.46,14.51,0.307586,0.21,0.35,22.559828,21.465,24.8575,13.168276,12.81,13.77,1.544483,0,11.56,31.410345,31.3,31.7,4.083793,4.04,4.13,1862,1890,0,0,0,0,0,0,0,0,0
2020-11-02T03:00:00Z,28,16.421429,14.14,20.84,11.188929,4.61,12.32,14.474643,13.81,15.01,0.235357,0.18,0.35,26.134286,22.6175,33.2475,13.752857,13.15,14.14,0.124643,0,3.49,31.871429,31.7,32,4.121429,4.11,4.13,1891,1919,0,0,0,0,0,0,0,0,0
2020-11-02T04:00:00Z,25,17.6116,13.92,21.07,9.1136,4.53,12.33,14.4424,13.75,15.13,0.2728,0.21,0.37,27.8951,21.84,33.64,13.7132,13.08,14.21,2.3804,0,15.61,32.016,31.8,32.3,4.126,4.12,4.13,1921,1948,0,0,0,0,0,0,0,0,0
2020-11-02T05:00:00Z,27,19.19963,15.87,21.18,11.678148,4.63,12.33,14.713704,14.42,15.33,0.22963,0.2,0.38,30.586111,24.795,33.7175,14.00963,13.78,14.5,0.905926,0,9.69,32.492593,32.3,32.7,4.12963,4.12,4.13,1949,1977,0,0,0,0,0,0,0,0,0
2020-11-02T06:00:00Z,24,19.430417,15.8,20.96,9.287083,4.62,11.89,14.71125,14.47,15.03,0.27125,0.2,0.39,30.744062,25.2,33.1925,14.005417,13.8,14.32,0.179583,0,2.43,32.895833,32.7,33.2,4.126667,4.12,4.13,1978,2006,0,0,0,0,0,0,0,0,0
2020-11-02T07:00:00Z,28,18.771071,15.81,20.93,5.590714,4.56,11.72,14.797143,14.5,15,0.3425,0.21,0.38,29.368571,24.5825,33.355,14.099286,13.86,14.27,0.043571,0,1.22,33.167857,33,33.3,4.121429,4.12,4.13,2007,2035,0,0,0,0,0,0,0,0,0
2020-11-02T08:00:00Z,27,16.717407,14.41,20.8,4.495926,4.44,4.55,14.705556,14.1,14.91,0.357407,0.32,0.37,26.085741,22.5625,32.515,14.012222,13.46,14.2,0,0,0,33.337037,33.2,33.4,4.121111,4.12,4.13,2036,2064,0,0,0,0,0,0,0,0,0
2020-11-02T09:00:00Z,26,14.381154,13.45,15.24,4.386154,4.29,4.43,13.975,13.24,14.48,0.319231,0.28,0.35,22.578462,21.205,23.835,13.326923,12.6,13.8,0,0,0,33.319231,33.3,33.4,4.111538,4.1,4.12,2065,2093,0,0,0,0,0,0,0,0,0
2020-11-02T10:00:00Z,22,6.100455,0,13.38,1.872273,0,4.23,12.815909,12.76,13.13,0.177273,0.15,0.27,9.779091,0,21.6,12.175,12.12,12.49,0,0,0,32.931818,32.3,33.4,4.091364,4.08,4.1,2094,2121,0,0,0,0,0,0,0,0,0
2020-11-02T11:00:00Z,20,0,0,0,0,0,0,12.77,12.75,12.8,0.171,0.15,0.2,0,0,0,12.13,12.11,12.14,0,0,0,32.14,32.1,32.2,4.066,4.05,4.08,2122,2150,0,0,0,0,0,0,0,0,0
2020-11-02T12:00:00Z,19,0,0,0,0,0,0,12.754737,12.74,12.78,0.180526,0.16,0.2,0,0,0,12.114211,12.1,12.14,0,0,0,32.094737,32,32.1,4.045263,4.04,4.06,2151,2178,0,0,0,0,0,0,0,0,0
2020-11-02T13:00:00Z,21,0,0,0,0,0,0,12.730476,12.71,12.75,0.179048,0.16,0.2,0,0,0,12.095714,12.08,12.11,0,0,0,31.985714,31.9,32.1,4.032381,4.03,4.04,2179,2206,0,0,0,0,0,0,0,0,0
2020-11-02T14:00:00Z,21,0,0,0,0,0,0,12.717619,12.7,12.73,0.180476,0.16,0.19,0,0,0,12.080476,12.07,12.09,0,0,0,31.738095,31.6,31.9,4.02381,4.01,4.03,2207,2234,0,0,0,0,0,0,0,0,0
2020-11-02T15:00:00Z,21,0,0,0,0,0,0,12.696667,12.69,12.71,0.192857,0.18,0.2,0,0,0,12.070476,12.05,12.08,0,0,0,31.433333,31.3,31.6,4.008571,4,4.01,2235,2262,0,0,0,0,0,0,0,0,0
2020-11-02T16:00:00Z,16,0,0,0,0,0,0,12.685,12.67,12.7,0.194375,0.19,0.2,0,0,0,12.054375,12.04,12.07,0,0,0,31.15,31,31.3,3.99875,3.99,4,2266,2290,0,0,0,0,0,0,0,0,0
2020-11-02T17:00:00Z,19,0,0,0,0,0,0,12.668421,12.65,12.68,0.196316,0.19,0.21,0,0,0,12.038947,12.02,12.05,0,0,0,30.873684,30.8,31,3.991579,3.99,4,2291,2317,0,0,0,0,0,0,0,0,0
2020-11-02T18:00:00Z,16,0,0,0,0,0,0,12.65375,12.64,12.66,0.195,0.19,0.2,0,0,0,12.024375,12,12.05,0,0,0,30.7,30.6,30.8,3.984375,3.98,3.99,2319,2346,0,0,0,0,0,0,0,0,0
2020-11-02T19:00:00Z,27,0,0,0,0,0,0,12.636667,12.62,12.66,0.196667,0.19,0.2,0,0,0,12.011852,11.99,12.03,0,0,0,30.540741,30.4,30.6,3.98,3.98,3.98,2348,2375,0,0,0,0,0,0,0,0,0
2020-11-02T20:00:00Z,29,0,0,0,0,0,0,12.61931,12.6,12.64,0.197931,0.19,0.21,0,0,0,11.991034,11.97,12.02,0,0,0,30.306897,30.1,30.5,3.98,3.98,3.98,2376,2405,0,0,0,0,0,0,0,0,0
2020-11-02T21:00:00Z,29,0,0,0,0,0,0,12.603793,12.59,12.62,0.198966,0.18,0.21,0,0,0,11.968966,11.96,11.99,0,0,0,30.048276,29.9,30.1,3.976897,3.97,3.98,2406,2434,0,0,0,0,0,0,0,0,0
2020-11-02T22:00:00Z,30,2.663667,0,12.69,0.901667,0,3.87,12.582667,12.57,12.6,0.199,0.19,0.21,4.2615,0,20.2725,11.950333,11.93,11.97,0,0,0,29.88,29.8,30.2,3.972333,3.97,3.98,2435,2464,0,0,0,0,0,0,0,0,0
2020-11-02T23:00:00Z,29,13.223448,12.67,14.11,4.13069,3.48,4.39,12.955517,12.59,13.32,0.363793,0.2,0.45,20.613621,20.02,21.9725,12.307586,11.94,12.66,0,0,0,30.493103,30.2,30.6,3.973448,3.97,3.98,2465,2493,0,0,0,0,0,0,0,0,0
2020-11-03T00:00:00Z,30,13.782,13.46,14.36,4.395333,4.34,4.46,13.405333,13.32,13.57,0.381667,0.36,0.4,21.425833,20.98,22.2725,12.734667,12.65,12.89,0,0,0,30.626667,30.5,30.7,3.986333,3.98,3.99,2494,2523,0,0,0,0,0,0,0,0,0
2020-11-03T01:00:00Z,25,14.0552,13.48,15,4.4524,4.33,4.61,13.5796,13.32,13.96,0.3708,0.34,0.39,21.8884,20.98,23.46,12.8884,12.65,13.23,0,0,0,30.66,30.6,30.8,4.0036,3.99,4.03,2524,2552,0,0,0,0,0,0,0,0,0
2020-11-03T02:00:00Z,20,14.6205,13.7,15.19,4.556,4.39,4.65,14.0265,13.43,14.64,0.356,0.32,0.38,22.8185,21.4175,23.71,13.3085,12.77,13.87,0,0,0,30.875,30.7,31,4.036,4,4.06,2553,2579,0,0,0,0,0,0,0,0,0
2020-11-03T03:00:00Z,28,17.477143,15.16,20.91,9.0175,4.66,12.03,14.691786,14.09,15,0.288929,0.2,0.39,27.595089,23.5875,33.1675,13.938929,13.38,14.26,0,0,0,31.492857,31,31.8,4.112857,4.07,4.13,2580,2607,0,0,0,0,0,0,0,0,0
2020-11-03T04:00:00Z,20,18.4895,15.84,20.97,9.3225,4.57,12.37,14.732,14.42,15.25,0.281,0.21,0.39,29.23475,24.6175,33.395,13.978,13.69,14.48,0,0,0,31.945,31.7,32,4.124,4.12,4.13,2609,2637,0,0,0,0,0,0,0,0,0
2020-11-03T05:00:00Z,13,18.827692,15.84,21.13,5.766923,4.58,12.27,14.816923,14.51,15.23,0.349231,0.22,0.39,29.430577,24.5825,33.7025,14.150769,13.82,14.5,0,0,0,32.169231,32,32.4,4.121538,4.12,4.13,2638,2664,0,0,0,0,0,0,0,0,0
2020-11-03T06:00:00Z,25,19.722,16.45,21.02,11.5284,4.56,12.11,14.6804,14.51,15.22,0.2308,0.2,0.36,31.4039,26.1225,33.5875,13.952,13.84,14.51,0,0,0,32.876,32.5,33.3,4.1296,4.12,4.13,2666,2694,0,0,0,0,0,0,0,0,0
2020-11-03T07:00:00Z,29,19.292069,15.63,20.48,9.133448,4.48,11.81,14.676897,14.47,15.02,0.266207,0.2,0.38,30.556121,24.38,32.6925,14.007241,13.82,14.36,0,0,0,33.358621,33.2,33.4,4.126552,4.12,4.13,2695,2723,0,0,0,0,0,0,0,0,0
2020-11-03T08:00:00Z,29,16.94069,14.89,20.72,4.505172,4.47,4.55,14.804828,14.52,15,0.363103,0.35,0.38,26.413707,23.2525,32.335,14.113793,13.83,14.26,0,0,0,33.503448,33.4,33.7,4.12,4.12,4.12,2724,2752,0,0,0,0,0,0,0,0,0
2020-11-03T09:00:00Z,27,13.979259,12.96,15.01,4.233704,3.44,4.47,13.647778,12.83,14.49,0.280741,0.16,0.35,22.079352,20.76,23.55,12.997407,12.18,13.81,0,0,0,33.714815,33.6,33.8,4.117037,4.11,4.13,2753,2782,0,0,0,0,0,0,0,0,0
2020-11-03T10:00:00Z,29,4.862414,0,13.43,1.571379,0,3.94,12.774138,12.75,12.83,0.158966,0.13,0.18,7.833621,0,21.5575,12.135862,12.11,12.19,0,0,0,33.524138,33.2,33.8,4.099655,4.09,4.11,2783,2811,0,0,0,0,0,0,0,0,0
2020-11-03T11:00:00Z,30,0,0,0,0,0,0,12.754667,12.72,12.78,0.165,0.14,0.2,0,0,0,12.112667,12.09,12.14,2.073,0,19.03,33.163333,33.1,33.3,4.086,4.08,4.09,2812,2841,0,0,0,0,0,0,0,0,0
2020-11-03T12:00:00Z,29,0,0,0,0,0,0,12.733103,12.7,12.76,0.168621,0.15,0.19,0,0,0,12.097241,12.08,12.12,0,0,0,33.013793,32.8,33.1,4.076207,4.07,4.08,2842,2870,0,0,0,0,0,0,0,0,0
2020-11-03T13:00:00Z,30,0,0,0,0,0,0,12.718667,12.69,12.74,0.166,0.15,0.2,0,0,0,12.079333,12.06,12.11,0,0,0,32.623333,32.5,32.9,4.064667,4.06,4.07,2871,2900,0,0,0,0,0,0,0,0,0
2020-11-03T14:00:00Z,29,0,0,0,0,0,0,12.69931,12.67,12.72,0.168621,0.15,0.19,0,0,0,12.064828,12.05,12.08,0,0,0,32.368966,32.2,32.5,4.054828,4.05,4.06,2901,2929,0,0,0,0,0,0,0,0,0
2020-11-03T15:00:00Z,17,0,0,0,0,0,0,12.684118,12.67,12.7,0.177647,0.16,0.2,0,0,0,12.050588,12.04,12.06,0,0,0,32.135294,32.1,32.2,4.043529,4.03,4.05,2930,2957,0,0,0,0,0,0,0,0,0
2020-11-03T16:00:00Z,18,0,0,0,0,0,0,12.666111,12.66,12.69,0.184444,0.17,0.2,0,0,0,12.034444,12.02,12.05,0,0,0,32.05,32,32.1,4.026667,4.02,4.04,2958,2984,0,0,0,0,0,0,0,0,0
2020-11-03T17:00:00Z,11,0,0,0,0,0,0,12.659091,12.65,12.67,0.189091,0.18,0.2,0,0,0,12.027273,12.02,12.04,0,0,0,31.872727,31.7,32,4.01,4,4.02,2989,3010,0,0,0,0,0,0,0,0,0
2020-11-03T18:00:00Z,11,0,0,0,0,0,0,12.642727,12.63,12.66,0.188182,0.17,0.2,0,0,0,12.010909,11.99,12.02,0,0,0,31.618182,31.5,31.7,3.999091,3.99,4,3013,3039,0,0,0,0,0,0,0,0,0
2020-11-03T19:00:00Z,18,0,0,0,0,0,0,12.63,12.62,12.64,0.187222,0.17,0.2,0,0,0,11.993889,11.98,12.01,0,0,0,31.338889,31.3,31.4,3.989444,3.98,3.99,3042,3068,0,0,0,0,0,0,0,0,0
2020-11-03T20:00:00Z,15,0,0,0,0,0,0,12.604667,12.59,12.62,0.191333,0.18,0.2,0,0,0,11.976,11.96,11.99,0,0,0,31.133333,31,31.3,3.98,3.98,3.98,3074,3095,0,0,0,0,0,0,0,0,0
2020-11-03T21:00:00Z,16,0,0,0,0,0,0,12.598125,12.59,12.62,0.194375,0.19,0.2,0,0,0,11.959375,11.95,11.99,0,0,0,30.9375,30.9,31,3.978125,3.97,3.98,3096,3122,0,0,0,0,0,0,0,0,0
2020-11-03T22:00:00Z,11,1.88,0,8.14,0.569091,0,2.97,12.575455,12.56,12.59,0.195455,0.19,0.2,3.009773,0,13.0375,11.95,11.93,11.96,0,0,0,30.790909,30.7,30.8,3.970909,3.97,3.98,3126,3149,0,0,0,0,0,0,0,0,0
2020-11-03T23:00:00Z,16,13.099375,12.66,13.55,3.879375,3.45,4.24,12.838125,12.57,13.07,0.36,0.2,0.5,20.433281,20.03,21.18,12.200625,11.96,12.42,0,0,0,31.30625,31.2,31.5,3.9625,3.96,3.97,3154,3178,0,0,0,0,0,0,0,0,0
2020-11-04T00:00:00Z,27,13.633333,13.24,14.33,4.319259,4.25,4.44,13.285556,13.11,13.54,0.447407,0.37,0.49,20.973056,20.22,22.2475,12.634074,12.47,12.85,0,0,0,31.218519,31.2,31.3,3.966296,3.96,3.98,3181,3208,0,0,0,0,0,0,0,0,0
2020-11-04T01:00:00Z,28,14.2475,13.78,14.96,4.535,4.43,4.61,13.765714,13.55,14.12,0.357143,0.33,0.4,22.238661,21.385,23.3825,13.073929,12.87,13.41,0,0,0,31.339286,31.3,31.4,4.002143,3.98,4.03,3209,3237,0,0,0,0,0,0,0,0,0
2020-11-04T02:00:00Z,30,14.581667,13.63,20.09,4.528,4.4,4.68,13.923,13.46,14.82,0.353,0.34,0.38,22.769917,21.28,31.37,13.211333,12.81,13.99,0,0,0,31.453333,31.4,31.5,4.033667,4.02,4.07,3238,3267,0,0,0,0,0,0,0,0,0
2020-11-04T03:00:00Z,29,17.147931,14.23,20.84,6.887586,4.55,12.12,14.433793,13.93,14.95,0.315517,0.2,0.38,26.969138,22.28,33.325,13.826207,13.27,14.29,0,0,0,31.910345,31.6,32.1,4.105172,4.08,4.14,3268,3296,0,0,0,0,0,0,0,0,0
2020-11-04T04:00:00Z,28,19.6725,15.88,20.92,11.904286,11.1,12.24,14.581429,14.23,15.29,0.225357,0.2,0.26,31.356696,25.265,33.3675,13.981786,13.65,14.64,0.670714,0,11.27,32.385714,32.1,32.7,4.121786,4.12,4.13,3297,3325,0,0,0,0,0,0,0,0,0
2020-11-04T05:00:00Z,29,19.735172,16.14,20.89,10.613793,4.61,12.26,14.64069,14.43,15.09,0.246552,0.19,0.38,31.364052,25.11,33.4075,13.941724,13.75,14.53,0.537931,0,8.98,32.993103,32.6,33.3,4.127931,4.12,4.13,3326,3355,0,0,0,0,0,0,0,0,0
2020-11-04T06:00:00Z,28,19.453571,16,20.81,9.210357,4.58,12.23,14.738214,14.45,15.36,0.269286,0.2,0.37,30.792857,24.9125,33.1675,14.033929,13.77,14.55,2.023571,0,19.84,33.417857,33.2,33.6,4.127143,4.12,4.13,3356,3384,0,0,0,0,0,0,0,0,0
2020-11-04T07:00:00Z,30,18.241,15.74,20.75,4.561333,4.53,4.62,14.825333,14.61,15.02,0.36,0.35,0.38,28.456167,24.5575,32.4325,14.102333,13.95,14.31,1.438667,0,23.15,33.79,33.5,34.1,4.122,4.12,4.13,3385,3414,0,0,0,0,0,0,0,0,0
2020-11-04T08:00:00Z,29,14.79931,13.54,20.3,4.452759,4.41,4.55,13.853103,13.42,14.85,0.313103,0.28,0.37,23.251121,21.3275,31.71,13.207241,12.77,14.19,0,0,0,34.096552,34,34.2,4.12069,4.12,4.13,3415,3443,0,0,0,0,0,0,0,0,0
2020-11-04T09:00:00Z,30,13.483667,12.87,14.13,4.135333,3.42,4.43,13.118,12.78,13.48,0.250333,0.15,0.3,21.397917,20.7175,22.2925,12.474333,12.12,12.82,0,0,0,34.193333,34.1,34.3,4.118,4.11,4.12,3444,3473,0,0,0,0,0,0,0,0,0
2020-11-04T10:00:00Z,30,4.697667,0,13.33,1.413667,0,3.84,12.742,12.72,12.76,0.157333,0.13,0.17,7.576083,0,21.535,12.111,12.08,12.14,4.415,0,23.76,33.86,33.4,34.3,4.103,4.1,4.11,3474,3503,0,0,0,0,0,0,0,0,0
2020-11-04T11:00:00Z,29,0,0,0,0,0,0,12.727931,12.7,12.75,0.162069,0.15,0.18,0,0,0,12.096552,12.07,12.12,12.209655,0,22.12,33.427586,33.4,33.5,4.089655,4.08,4.1,3504,3532,0,0,0,0,0,0,0,0,0
2020-11-04T12:00:00Z,30,0,0,0,0,0,0,12.713,12.69,12.73,0.162333,0.15,0.19,0,0,0,12.072,12.05,12.1,11.335,0,25.24,33.373333,33.3,33.4,4.078667,4.07,4.08,3533,3562,0,0,0,0,0,0,0,0,0
2020-11-04T13:00:00Z,29,0,0,0,0,0,0,12.705517,12.67,12.72,0.165172,0.15,0.19,0,0,0,12.063103,12.05,12.08,0,0,0,33.058621,32.8,33.3,4.067931,4.06,4.07,3563,3591,0,0,0,0,0,0,0,0,0
2020-11-04T14:00:00Z,30,0,0,0,0,0,0,12.682667,12.66,12.71,0.172,0.15,0.19,0,0,0,12.049333,12.04,12.08,8.143667,0,24.55,32.61,32.5,32.8,4.056667,4.05,4.06,3592,3621,0,0,0,0,0,0,0,0,0
2020-11-04T15:00:00Z,30,0,0,0,0,0,0,12.676667,12.66,12.69,0.173333,0.15,0.2,0,0,0,12.038,12.02,12.05,0,0,0,32.213333,32.1,32.5,4.05,4.05,4.05,3622,3651,0,0,0,0,0,0,0,0,0
2020-11-04T16:00:00Z,29,0,0,0,0,0,0,12.656552,12.64,12.68,0.181379,0.16,0.2,0,0,0,12.023793,12.01,12.04,0,0,0,32.031034,32,32.1,4.04069,4.04,4.05,3652,3680,0,0,0,0,0,0,0,0,0
2020-11-04T17:00:00Z,30,0,0,0,0,0,0,12.641667,12.63,12.66,0.183667,0.16,0.2,0,0,0,12.008,11.99,12.02,0,0,0,31.78,31.6,31.9,4.038333,4.03,4.04,3681,3710,0,0,0,0,0,0,0,0,0
2020-11-04T18:00:00Z,29,0,0,0,0,0,0,12.626552,12.6,12.64,0.176552,0.16,0.19,0,0,0,11.991034,11.97,12,0,0,0,31.427586,31.3,31.6,4.03,4.03,4.03,3711,3739,0,0,0,0,0,0,0,0,0
2020-11-04T19:00:00Z,30,0,0,0,0,0,0,12.611333,12.6,12.63,0.184333,0.17,0.2,0,0,0,11.978333,11.96,11.99,0,0,0,31.216667,31.1,31.3,4.025333,4.02,4.03,3740,3769,0,0,0,0,0,0,0,0,0
2020-11-04T20:00:00Z,30,0,0,0,0,0,0,12.594333,12.58,12.61,0.182333,0.17,0.2,0,0,0,11.958667,11.95,11.97,0,0,0,30.953333,30.9,31.1,4.019333,4.01,4.03,3770,3799,0,0,0,0,0,0,0,0,0
2020-11-04T21:00:00Z,29,0,0,0,0,0,0,12.572414,12.56,12.59,0.185172,0.17,0.2,0,0,0,11.938621,11.93,11.95,0,0,0,30.782759,30.7,30.9,4.01,4.01,4.01,3800,3828,0,0,0,0,0,0,0,0,0
2020-11-04T22:00:00Z,30,2.522333,0,12.66,0.822,0,3.86,12.558333,12.54,12.57,0.183667,0.17,0.2,4.046,0,20.2825,11.92,11.9,11.93,0,0,0,30.606667,30.5,30.8,4.01,4.01,4.01,3829,3858,0,0,0,0,0,0,0,0,0
2020-11-04T23:00:00Z,27,13.162593,12.67,13.74,4.186296,3.43,4.34,12.865926,12.6,13,0.327778,0.18,0.36,20.639815,20.17,21.4775,12.217037,11.94,12.35,0,0,0,31.114815,30.9,31.3,4.004074,4,4.01,3860,3887,0,0,0,0,0,0,0,0,0
2020-11-05T00:00:00Z,23,13.696957,13.21,14.3,4.414348,4.35,4.51,13.271304,13.05,13.48,0.346522,0.32,0.36,21.416087,20.6525,22.4075,12.609565,12.39,12.82,0,0,0,31.104348,31.1,31.2,4.017826,4.01,4.04,3888,3916,0,0,0,0,0,0,0,0,0
2020-11-05T01:00:00Z,28,14.128571,13.6,14.78,4.58,4.47,4.67,13.686429,13.42,14.02,0.324643,0.31,0.34,22.161429,21.3525,23.2175,13.004643,12.75,13.33,0,0,0,31.196429,31.1,31.3,4.063571,4.04,4.11,3917,3945,0,0,0,0,0,0,0,0,0
2020-11-05T02:00:00Z,29,15.126897,13.99,18.71,10.494483,4.63,11.97,14.193448,13.67,14.68,0.231379,0.18,0.34,24.089655,22.3125,29.92,13.476207,12.99,13.91,0,0,0,31.568966,31.3,31.8,4.120345,4.12,4.13,3946,3974,0,0,0,0,0,0,0,0,0
2020-11-05T03:00:00Z,26,17.622308,14.38,20.57,11.198077,4.63,12.02,14.544231,14.01,15.19,0.237308,0.19,0.35,28.032692,23.0375,32.815,13.842308,13.34,14.48,0,0,0,31.996154,31.7,32.2,4.128077,4.12,4.13,3975,4003,0,0,0,0,0,0,0,0,0
2020-11-05T04:00:00Z,26,19.099615,16.28,20.39,11.822692,11.55,12.02,14.697692,14.36,15.3,0.225385,0.2,0.27,30.4425,25.8475,32.515,14.003077,13.74,14.55,0,0,0,32.642308,32.3,33.1,4.13,4.13,4.13,4004,4032,0,0,0,0,0,0,0,0,0
2020-11-05T05:00:00Z,28,19.092143,16.28,20.28,11.672143,11.34,11.89,14.738214,14.41,15.41,0.227857,0.2,0.28,30.418839,25.9225,32.2925,14.110714,13.78,14.65,0,0,0,33.328571,33.1,33.5,4.13,4.13,4.13,4033,4061,0,0,0,0,0,0,0,0,0
2020-11-05T06:00:00Z,20,18.7735,15.96,20.41,8.4595,4.52,11.84,14.7575,14.45,15.4,0.282,0.19,0.37,29.66775,24.8725,32.64,14.026,13.81,14.66,0,0,0,33.81,33.6,34.1,4.126,4.12,4.13,4062,4089,0,0,0,0,0,0,0,0,0
2020-11-05T07:00:00Z,20,19.623,15.88,20.71,4.577,4.54,4.61,14.722,14.59,15.12,0.3495,0.34,0.36,30.67225,24.755,32.365,14.111,13.94,14.37,0,0,0,34.385,34.1,34.6,4.127,4.12,4.13,4090,4116,0,0,0,0,0,0,0,0,0
2020-11-05T08:00:00Z,27,16.30037,14,20.55,4.493333,4.43,4.59,14.497778,13.8,14.96,0.336296,0.3,0.36,25.517685,22.05,32.1275,13.824815,13.14,14.35,0,0,0,34.614815,34.6,34.7,4.123333,4.12,4.13,4119,4147,0,0,0,0,0,0,0,0,0
2020-11-05T09:00:00Z,23,13.696522,12.9,14.3,4.196957,3.43,4.42,13.367391,12.8,13.8,0.266087,0.16,0.3,21.687065,20.7025,22.545,12.725217,12.18,13.15,15.96,4.81,23.35,34.765217,34.6,34.9,4.11,4.1,4.12,4149,4175,0,0,0,0,0,0,0,0,0
2020-11-05T10:00:00Z,18,5.979444,0,13.36,1.661667,0,3.8,12.751667,12.72,12.79,0.158889,0.14,0.18,9.632917,0,21.565,12.12,12.09,12.16,9.603889,0,21.28,34.644444,34.1,35,4.085556,4.07,4.1,4176,4203,0,0,0,0,0,0,0,0,0
2020-11-05T11:00:00Z,15,0,0,0,0,0,0,12.736,12.72,12.76,0.162667,0.15,0.18,0,0,0,12.105333,12.09,12.11,0,0,0,34.04,33.9,34.2,4.057333,4.05,4.07,4204,4228,0,0,0,0,0,0,0,0,0
2020-11-05T12:00:00Z,14,0,0,0,0,0,0,12.715714,12.7,12.72,0.171429,0.16,0.19,0,0,0,12.081429,12.06,12.09,0,0,0,33.821429,33.8,33.9,4.035,4.03,4.04,4239,4258,0,0,0,0,0,0,0,0,0
2020-11-05T13:00:00Z,18,0,0,0,0,0,0,12.701111,12.69,12.72,0.170556,0.16,0.19,0,0,0,12.074444,12.06,12.08,0,0,0,33.594444,33.4,33.8,4.020556,4.01,4.03,4259,4286,0,0,0,0,0,0,0,0,0
2020-11-05T14:00:00Z,14,0,0,0,0,0,0,12.692143,12.68,12.7,0.171429,0.16,0.18,0,0,0,12.065714,12.05,12.07,0,0,0,33.4,33.4,33.4,4.005714,4,4.01,4287,4313,0,0,0,0,0,0,0,0,0
2020-11-05T15:00:00Z,13,0,0,0,0,0,0,12.671538,12.66,12.69,0.176923,0.16,0.19,0,0,0,12.045385,12.04,12.05,0,0,0,33.276923,33.2,33.4,3.995385,3.99,4,4315,4341,0,0,0,0,0,0,0,0,0
2020-11-05T16:00:00Z,23,0,0,0,0,0,0,12.662174,12.65,12.67,0.186087,0.18,0.19,0,0,0,12.033478,12.02,12.05,0,0,0,32.895652,32.6,33.2,3.99,3.99,3.99,4344,4370,0,0,0,0,0,0,0,0,0
2020-11-05T17:00:00Z,21,0,0,0,0,0,0,12.651429,12.64,12.66,0.188095,0.17,0.2,0,0,0,12.021429,12,12.05,0,0,0,32.538095,32.4,32.7,3.985238,3.98,3.99,4371,4398,0,0,0,0,0,0,0,0,0
2020-11-05T18:00:00Z,16,0,0,0,0,0,0,12.638125,12.63,12.65,0.194375,0.19,0.2,0,0,0,12.009375,11.99,12.02,0,0,0,32.28125,32.1,32.4,3.979375,3.97,3.98,4399,4424,0,0,0,0,0,0,0,0,0
2020-11-05T19:00:00Z,17,0,0,0,0,0,0,12.622941,12.6,12.64,0.196471,0.18,0.21,0,0,0,11.988235,11.96,12.02,2.17,0,19.04,32.082353,32,32.1,3.970588,3.97,3.98,4427,4452,0,0,0,0,0,0,0,0,0
2020-11-05T20:00:00Z,17,0,0,0,0,0,0,12.600588,12.59,12.62,0.192353,0.18,0.2,0,0,0,11.970588,11.95,11.99,0.758235,0,12.89,31.970588,31.8,32.1,3.967647,3.96,3.97,4456,4481,0,0,0,0,0,0,0,0,0
2020-11-05T21:00:00Z,15,0,0,0,0,0,0,12.586,12.57,12.6,0.196667,0.18,0.21,0,0,0,11.95,11.93,11.97,0,0,0,31.686667,31.5,31.8,3.96,3.96,3.96,4482,4509,0,0,0,0,0,0,0,0,0
2020-11-05T22:00:00Z,18,0.970556,0,3.96,0.320556,0,2.52,12.566111,12.54,12.58,0.196667,0.19,0.21,1.554028,0,6.3425,11.932222,11.92,11.96,10.298333,0,23.98,31.555556,31.4,31.7,3.955556,3.95,3.96,4510,4536,0,0,0,0,0,0,0,0,0
2020-11-05T23:00:00Z,19,12.547895,7.8,13.29,3.597368,3.01,3.91,12.591579,12.55,12.79,0.218421,0.17,0.34,20.017237,12.4825,21.175,11.955263,11.9,12.14,0,0,0,31.936842,31.5,32.1,3.949474,3.94,3.95,4538,4564,0,0,0,0,0,0,0,0,0
2020-11-06T00:00:00Z,23,13.38,13.06,13.8,4.124783,3.96,4.18,13.076087,12.79,13.14,0.564348,0.36,0.61,20.192935,19.7775,20.9775,12.437826,12.13,12.51,0,0,0,31.786957,31.6,32,3.939565,3.93,3.94,4567,4593,0,0,0,0,0,0,0,0,0
2020-11-06T01:00:00Z,27,13.527778,13.21,14.12,4.222593,4.13,4.29,13.23963,13.11,13.41,0.603333,0.57,0.63,20.281389,19.79,21.235,12.594444,12.48,12.77,0,0,0,31.581481,31.5,31.7,3.94037,3.94,3.95,4594,4622,0,0,0,0,0,0,0,0,0
2020-11-06T02:00:00Z,29,13.836897,13.56,14.31,4.334483,4.3,4.4,13.528966,13.44,13.57,0.51,0.43,0.56,21.067586,20.465,21.9125,12.872414,12.8,12.92,0,0,0,31.568966,31.5,31.7,3.956897,3.95,3.97,4623,4652,0,0,0,0,0,0,0,0,0
2020-11-06T03:00:00Z,28,14.19,13.79,14.7,4.442857,4.4,4.47,13.690714,13.57,13.8,0.393571,0.38,0.41,22.013661,21.3375,22.7675,13.022143,12.92,13.11,0.952857,0,24.3,31.696429,31.6,31.7,3.978929,3.97,3.99,4653,4681,0,0,0,0,0,0,0,0,0
2020-11-06T04:00:00Z,25,14.674,14.05,15.45,4.5272,4.47,4.58,14.0612,13.8,14.39,0.3732,0.34,0.4,22.8392,21.8025,24.1,13.37,13.11,13.66,0,0,0,31.76,31.6,31.9,3.9984,3.99,4.01,4682,4710,0,0,0,0,0,0,0,0,0
2020-11-06T05:00:00Z,20,15.08,14.58,15.64,4.573,4.54,4.6,14.5335,14.15,14.78,0.3635,0.35,0.39,23.50875,22.75,24.36,13.818,13.48,14.05,1.7255,0,11.85,31.985,31.9,32.1,4.0235,4.01,4.04,4711,4738,0,0,0,0,0,0,0,0,0
2020-11-06T06:00:00Z,16,17.189375,15.76,20.83,4.555,4.54,4.59,14.91,14.23,15.1,0.376875,0.34,0.39,26.742812,24.5025,32.62,14.22375,13.8,14.42,0.9225,0,14.76,32.2875,32.1,32.5,4.050625,4.04,4.06,4742,4766,0,0,0,0,0,0,0,0,0
2020-11-06T07:00:00Z,20,18.7395,16,20.82,4.561,4.54,4.61,14.8,14.31,15.24,0.3695,0.35,0.39,29.194125,24.8275,32.52,14.0725,13.67,14.51,1.2305,0,20.29,32.68,32.5,32.9,4.081,4.06,4.11,4767,4794,0,0,0,0,0,0,0,0,0
2020-11-06T08:00:00Z,25,17.4364,14.73,20.74,4.5416,4.47,4.61,14.79,14.5,15.3,0.3696,0.35,0.39,27.1563,23.005,32.39,14.164,13.81,14.58,0,0,0,33.04,32.9,33.2,4.1192,4.11,4.12,4795,4822,0,0,0,0,0,0,0,0,0
2020-11-06T09:00:00Z,26,13.893462,13.08,14.9,4.329231,3.44,4.47,13.587692,12.83,14.45,0.301538,0.18,0.36,21.873942,20.68,23.2425,12.941923,12.2,13.77,0,0,0,33.130769,33.1,33.3,4.11,4.1,4.12,4824,4852,0,0,0,0,0,0,0,0,0
2020-11-06T10:00:00Z,24,4.959583,0,13.28,1.660417,0,3.82,12.729167,12.69,12.82,0.168333,0.13,0.2,7.975625,0,21.395,12.0975,12.06,12.2,0,0,0,32.816667,32.2,33.3,4.0925,4.08,4.1,4853,4881,0,0,0,0,0,0,0,0,0
2020-11-06T11:00:00Z,19,0,0,0,0,0,0,12.703158,12.68,12.73,0.172105,0.15,0.19,0,0,0,12.065263,12.05,12.08,0,0,0,32.163158,32.1,32.2,4.070526,4.06,4.08,4882,4906,0,0,0,0,0,0,0,0,0
2020-11-06T12:00:00Z,21,0,0,0,0,0,0,12.684286,12.66,12.71,0.175238,0.16,0.19,0,0,0,12.047143,12.04,12.06,1.886667,0,16.02,32.104762,32.1,32.2,4.045714,4.04,4.06,4910,4937,0,0,0,0,0,0,0,0,0
2020-11-06T13:00:00Z,23,0,0,0,0,0,0,12.66913,12.65,12.69,0.187391,0.17,0.2,0,0,0,12.033478,12.02,12.05,0,0,0,32.073913,32,32.1,4.034348,4.03,4.04,4938,4966,0,0,0,0,0,0,0,0,0
2020-11-06T14:00:00Z,28,0,0,0,0,0,0,12.649643,12.63,12.66,0.178214,0.16,0.2,0,0,0,12.014286,12,12.02,0,0,0,31.982143,31.9,32.1,4.027143,4.02,4.03,4967,4995,0,0,0,0,0,0,0,0,0
2020-11-06T15:00:00Z,25,0,0,0,0,0,0,12.6368,12.63,12.66,0.1828,0.17,0.2,0,0,0,12,11.99,12.01,0,0,0,31.788,31.7,31.9,4.014,4.01,4.02,4996,5024,0,0,0,0,0,0,0,0,0
2020-11-06T16:00:00Z,24,0,0,0,0,0,0,12.625833,12.61,12.63,0.184167,0.17,0.19,0,0,0,11.989583,11.98,12,0,0,0,31.5625,31.4,31.7,4.008333,4,4.01,5025,5052,0,0,0,0,0,0,0,0,0
2020-11-06T17:00:00Z,29,0,0,0,0,0,0,12.611379,12.59,12.63,0.188966,0.18,0.2,0,0,0,11.97931,11.96,11.99,0,0,0,31.251724,31.1,31.4,4.000345,4,4.01,5053,5082,0,0,0,0,0,0,0,0,0
2020-11-06T18:00:00Z,29,0,0,0,0,0,0,12.598621,12.59,12.61,0.191379,0.18,0.2,0,0,0,11.961724,11.94,11.98,0,0,0,30.993103,30.9,31.1,4,4,4,5083,5111,0,0,0,0,0,0,0,0,0
2020-11-06T19:00:00Z,30,0,0,0,0,0,0,12.590333,12.58,12.6,0.191667,0.18,0.2,0,0,0,11.955,11.94,11.97,0,0,0,30.806667,30.7,30.9,3.992667,3.99,4,5112,5141,0,0,0,0,0,0,0,0,0
2020-11-06T20:00:00Z,30,0,0,0,0,0,0,12.574333,12.57,12.59,0.192667,0.18,0.2,0,0,0,11.938,11.92,11.96,0,0,0,30.623333,30.5,30.7,3.990333,3.99,4,5142,5171,0,0,0,0,0,0,0,0,0
2020-11-06T21:00:00Z,29,0,0,0,0,0,0,12.557931,12.54,12.57,0.191379,0.17,0.2,0,0,0,11.916897,11.9,11.94,0,0,0,30.444828,30.3,30.5,3.989655,3.98,3.99,5172,5200,0,0,0,0,0,0,0,0,0
2020-11-06T22:00:00Z,30,1.819333,0,10.98,0.796667,0,3.56,12.542333,12.53,12.56,0.192667,0.18,0.2,2.91475,0,17.59,11.902,11.88,11.93,0,0,0,30.216667,30.1,30.3,3.987333,3.98,3.99,5201,5230,0,0,0,0,0,0,0,0,0
2020-11-06T23:00:00Z,28,13.131429,12.66,13.72,4.051786,3.42,4.34,12.79,12.55,13,0.3125,0.2,0.35,20.642232,20.125,21.4425,12.135,11.9,12.36,0,0,0,30.792857,30.4,30.9,3.981429,3.98,3.99,5231,5259,0,0,0,0,0,0,0,0,0
2020-11-07T00:00:00Z,30,13.701,13.18,14.33,4.434,4.35,4.52,13.318667,13.05,13.51,0.363333,0.34,0.39,21.361667,20.5675,22.445,12.657,12.38,12.84,0,0,0,30.893333,30.8,30.9,4.001,3.99,4.02,5260,5289,0,0,0,0,0,0,0,0,0
2020-11-07T01:00:00Z,30,14.299333,13.75,14.83,4.613667,4.53,4.68,13.820667,13.53,14.12,0.334,0.32,0.35,22.400083,21.525,23.245,13.141,12.84,13.43,0,0,0,30.986667,30.9,31.2,4.056667,4.02,4.11,5290,5319,0,0,0,0,0,0,0,0,0
2020-11-07T02:00:00Z,29,14.851034,13.73,16.02,9.554828,4.49,11.87,14.181379,13.54,14.66,0.250345,0.2,0.35,23.579397,21.595,25.5225,13.462759,12.87,13.9,0,0,0,31.465517,31.1,31.7,4.11931,4.11,4.13,5320,5348,0,0,0,0,0,0,0,0,0
2020-11-07T03:00:00Z,30,17.250667,14.02,20.27,10.165667,4.54,12.37,14.567,13.72,15.21,0.255333,0.21,0.34,27.382917,22.025,32.3675,13.789,13.07,14.48,0.173,0,5.19,31.973333,31.6,32.3,4.128,4.12,4.13,5349,5378,0,0,0,0,0,0,0,0,0
2020-11-07T04:00:00Z,29,19.348966,15.66,20.65,11.574483,4.59,12.18,14.652759,14.29,15.53,0.226552,0.2,0.37,30.838793,24.385,33.055,14.052069,13.62,14.81,0,0,0,32.762069,32.2,33.2,4.129655,4.12,4.13,5379,5407,0,0,0,0,0,0,0,0,0
2020-11-07T05:00:00Z,30,18.148333,15.3,21.02,7.723333,4.5,12.11,14.756333,14.47,15.3,0.3,0.2,0.37,28.606083,23.9425,33.645,14.091333,13.78,14.83,0,0,0,33.283333,33,33.6,4.13,4.12,4.14,5408,5437,0,0,0,0,0,0,0,0,0
2020-11-07T06:00:00Z,30,19.203,15.88,21.24,8.765,4.55,12.3,14.755333,14.47,15.45,0.278667,0.19,0.38,30.37225,24.755,34.0075,14.047333,13.81,14.67,10.047,0,26.15,33.973333,33.6,34.5,4.132333,4.12,4.14,5438,5467,0,0,0,0,0,0,0,0,0
2020-11-07T07:00:00Z,29,19.62069,16.15,21.11,8.765862,4.57,12.07,14.743103,14.42,15.36,0.266207,0.19,0.37,31.073276,25.74,33.73,14.034828,13.75,14.63,7.637586,0,23.93,34.537931,34.2,34.7,4.132759,4.12,4.14,5468,5496,0,0,0,0,0,0,0,0,0
2020-11-07T08:00:00Z,30,19.326333,16,20.95,4.534667,4.47,4.61,14.834,14.62,15.27,0.349667,0.32,0.37,30.20175,24.955,32.87,14.208667,13.95,14.6,10.944667,0,24.62,34.773333,34.6,35,4.123333,4.12,4.13,5497,5526,0,0,0,0,0,0,0,0,0
2020-11-07T09:00:00Z,29,15.612759,12.99,20.68,4.133103,3.42,4.47,13.998966,12.83,14.91,0.282414,0.15,0.36,24.627586,20.8725,32.415,13.341379,12.21,14.21,17.345862,0,25.22,34.993103,34.9,35,4.122069,4.12,4.13,5527,5555,0,0,0,0,0,0,0,0,0
2020-11-07T10:00:00Z,30,5.037333,0,13.54,1.531333,0,3.91,12.745667,12.7,12.9,0.148,0.13,0.19,8.12375,0,21.855,12.106,12.08,12.27,9.682,0,24.97,34.713333,34.2,35,4.107,4.1,4.12,5556,5585,0,0,0,0,0,0,0,0,0
2020-11-07T11:00:00Z,29,0,0,0,0,0,0,12.73069,12.69,12.75,0.151724,0.13,0.17,0,0,0,12.095172,12.07,12.11,5.654138,0,24.61,34.17931,34.1,34.3,4.093448,4.09,4.1,5586,5614,0,0,0,0,0,0,0,0,0
2020-11-07T12:00:00Z,30,0,0,0,0,0,0,12.711,12.68,12.73,0.148,0.12,0.17,0,0,0,12.068333,12.05,12.1,0,0,0,33.936667,33.8,34.1,4.081667,4.08,4.09,5615,5644,0,0,0,0,0,0,0,0,0
2020-11-07T13:00:00Z,30,0,0,0,0,0,0,12.694667,12.66,12.72,0.156667,0.14,0.17,0,0,0,12.057,12.04,12.08,0,0,0,33.66,33.5,33.8,4.071,4.06,4.08,5645,5674,0,0,0,0,0,0,0,0,0
2020-11-07T14:00:00Z,29,0,0,0,0,0,0,12.678966,12.66,12.7,0.163448,0.15,0.18,0,0,0,12.044138,12.03,12.06,0,0,0,33.406897,33.3,33.5,4.06069,4.05,4.07,5675,5703,0,0,0,0,0,0,0,0,0
2020-11-07T15:00:00Z,18,0,0,0,0,0,0,12.666667,12.65,12.69,0.166111,0.15,0.18,0,0,0,12.030556,12.02,12.05,0,0,0,33.305556,33.3,33.4,4.045556,4.04,4.05,5704,5731,0,0,0,0,0,0,0,0,0
2020-11-07T16:00:00Z,14,0,0,0,0,0,0,12.655,12.64,12.67,0.167857,0.15,0.18,0,0,0,12.020714,12.01,12.03,0,0,0,33.071429,32.9,33.2,4.032143,4.03,4.04,5733,5753,0,0,0,0,0,0,0,0,0
2020-11-07T17:00:00Z,27,0,0,0,0,0,0,12.640741,12.63,12.66,0.170741,0.16,0.19,0,0,0,12.011111,11.99,12.02,0,0,0,32.618519,32.5,33,4.017407,4.01,4.02,5762,5788,0,0,0,0,0,0,0,0,0
2020-11-07T18:00:00Z,30,0,0,0,0,0,0,12.628667,12.61,12.64,0.175,0.16,0.19,0,0,0,11.995,11.98,12.02,0,0,0,32.28,32.1,32.5,4.010333,4.01,4.02,5789,5818,0,0,0,0,0,0,0,0,0
2020-11-07T19:00:00Z,29,0,0,0,0,0,0,12.610345,12.6,12.63,0.17069,0.16,0.19,0,0,0,11.976552,11.96,11.99,0,0,0,32.1,32.1,32.1,4.01,4.01,4.01,5819,5847,0,0,0,0,0,0,0,0,0
2020-11-07T20:00:00Z,30,0,0,0,0,0,0,12.599,12.58,12.61,0.174333,0.16,0.19,0,0,0,11.966667,11.96,11.98,0,0,0,32.013333,31.9,32.1,4.001,4,4.01,5848,5877,0,0,0,0,0,0,0,0,0
2020-11-07T21:00:00Z,29,0,0,0,0,0,0,12.576207,12.57,12.59,0.179655,0.17,0.19,0,0,0,11.942069,11.93,11.96,0,0,0,31.913793,31.8,32,4,4,4,5878,5906,0,0,0,0,0,0,0,0,0
2020-11-07T22:00:00Z,30,1.947667,0,12.63,0.611333,0,3.85,12.563333,12.55,12.57,0.182333,0.17,0.19,3.125167,0,20.26,11.926,11.91,11.94,0,0,0,31.706667,31.6,31.8,3.996333,3.99,4,5907,5936,0,0,0,0,0,0,0,0,0
2020-11-07T23:00:00Z,30,13.183,12.65,13.92,4.094667,3.41,4.36,12.847667,12.57,13.15,0.303333,0.17,0.36,20.747417,20.26,21.7375,12.199333,11.93,12.5,0,0,0,32.073333,31.8,32.1,3.990667,3.99,4,5937,5966,0,0,0,0,0,0,0,0,0
2020-11-08T00:00:00Z,29,13.866897,13.34,14.69,4.46069,4.36,4.61,13.409655,13.19,13.71,0.338276,0.3,0.36,21.705086,20.7925,23.0825,12.746552,12.54,13.02,1.61,0,13.08,32.089655,32,32.1,4.014483,3.99,4.04,5967,5995,0,0,0,0,0,0,0,0,0
2020-11-08T01:00:00Z,24,14.100417,13.8,14.8,4.53125,4.47,4.62,13.679583,13.56,13.89,0.317083,0.31,0.33,22.146875,21.6725,23.26,13.008333,12.88,13.21,1.79875,0,24.59,32.008333,32,32.1,4.05,4.04,4.07,5996,6024,0,0,0,0,0,0,0,0,0
2020-11-08T02:00:00Z,25,14.524,14.11,15.37,5.4996,4.57,12.11,13.9548,13.8,14.32,0.308,0.19,0.34,22.8436,22.155,24.54,13.2764,13.12,13.57,0.7476,0,14.04,32.04,32,32.1,4.1064,4.07,4.13,6025,6053,0,0,0,0,0,0,0,0,0
2020-11-08T03:00:00Z,22,16.914091,14.5,21.08,11.345455,4.63,12.51,14.686364,14.12,15.04,0.235909,0.19,0.36,26.918977,23.25,33.5875,13.945,13.47,14.3,0.500909,0,11.02,32.259091,32.1,32.5,4.125909,4.12,4.13,6054,6081,0,0,0,0,0,0,0,0,0
2020-11-08T04:00:00Z,15,19.743333,16.19,20.97,11.434,4.62,12.11,14.628,14.45,15.04,0.230667,0.2,0.36,31.442833,25.705,33.3625,13.903333,13.77,14.28,0,0,0,32.74,32.5,33,4.129333,4.12,4.13,6083,6109,0,0,0,0,0,0,0,0,0
2020-11-08T05:00:00Z,17,19.288824,15.75,20.78,10.137059,4.55,12.2,14.74,14.47,15.5,0.255882,0.2,0.38,30.613235,24.5025,33.1075,14.072353,13.81,14.75,0,0,0,33.170588,32.9,33.3,4.127647,4.12,4.13,6110,6136,0,0,0,0,0,0,0,0,0
2020-11-08T06:00:00Z,13,17.77,15.63,20.46,6.78,4.49,12.1,14.775385,14.63,14.99,0.319231,0.21,0.38,27.9175,24.36,32.58,14.068462,13.89,14.28,0,0,0,33.323077,33.2,33.5,4.123077,4.12,4.13,6141,6164,0,0,0,0,0,0,0,0,0
2020-11-08T07:00:00Z,26,18.040385,15.69,20.88,4.556923,4.5,4.63,14.831154,14.61,15.19,0.362308,0.34,0.39,28.134615,24.475,32.6125,14.12,13.93,14.58,0,0,0,33.565385,33.5,33.8,4.124231,4.12,4.13,6167,6193,0,0,0,0,0,0,0,0,0
2020-11-08T08:00:00Z,30,18.573667,15.66,20.95,4.545,4.49,4.6,14.795333,14.61,15.21,0.353,0.34,0.38,29.009333,24.415,32.775,14.107333,13.93,14.51,0,0,0,33.916667,33.8,34.1,4.125667,4.12,4.13,6194,6223,0,0,0,0,0,0,0,0,0
2020-11-08T09:00:00Z,30,15.107667,13.12,20.24,4.445333,4.26,4.51,14.208333,12.96,14.84,0.322333,0.26,0.36,23.6995,20.7275,31.6725,13.550333,12.33,14.17,0,0,0,34.106667,34,34.2,4.124667,4.12,4.13,6224,6253,0,0,0,0,0,0,0,0,0
2020-11-08T10:00:00Z,27,5.475926,0,13.46,1.699259,0,4.14,12.742963,12.69,12.94,0.159259,0.13,0.26,8.799352,0,21.6225,12.10037,12.06,12.3,4.094815,0,23.33,33.755556,33.4,34.1,4.113704,4.1,4.12,6254,6282,0,0,0,0,0,0,0,0,0
2020-11-08T11:00:00Z,8,0,0,0,0,0,0,12.70375,12.69,12.72,0.1575,0.14,0.17,0,0,0,12.075,12.06,12.09,2.91875,0,14.05,33.3375,33.3,33.4,4.1,4.1,4.1,6283,6290,0,0,0,0,0,0,0,0,0
2020-11-09T17:00:00Z,2,0.04,0,0.08,0,0,0,16.18,16.08,16.28,2.795,2.73,2.86,0.03875,0,0.0775,15.565,15.49,15.64,0,0,0,27.6,27,28.2,2.925,2.92,2.93,1,2,0,0,2,0,0,0,0,0,0
2020-11-09T18:00:00Z,8,0.95375,0.23,1.9,0,0,0,17.28,16.45,18.39,3.61125,2.98,4.47,0.643125,0.21,1.01,16.6475,15.81,17.75,0,0,0,51.1625,28.2,60.5,2.80375,2.67,2.9,3,10,0,0,8,7,0,0,0,6,0
2020-11-27T16:00:00Z,2,29.585,29.42,29.75,0,0,0,29.8,29.8,29.8,6.64,6.63,6.65,-0.27375,-0.3425,-0.205,24.655,24.65,24.66,29.8,29.8,29.8,31.5,31.3,31.7,0.27,0.27,0.27,1,1,2,0,2,2,2,2,0,0,0
