ts,n_samples,solar_v_avg,solar_v_min,solar_v_max,solar2_v_avg,solar2_v_min,solar2_v_max,battery_v_avg,battery_v_min,battery_v_max,current_a_avg,current_a_min,current_a_max,power_w_avg,power_w_min,power_w_max,load_v_avg,load_v_min,load_v_max,temp_c_avg,temp_c_min,temp_c_max,lipo_v_avg,lipo_v_min,lipo_v_max,boot_count_min,boot_count_max,solar_v_n_oor,solar2_v_n_oor,battery_v_n_oor,current_a_n_oor,power_w_n_oor,load_v_n_oor,temp_c_n_oor,lipo_v_n_oor
2021-11-01T04:00:00Z,23,19.020435,15.81,20.35,10.076957,4.61,11.97,14.655217,14.41,15.15,-6.348261,-6.39,-6.23,-120.767826,-129.78,-98.6,13.973478,13.74,14.45,33.943478,31.3,34.6,4.115217,4.08,4.13,1,23,0,0,0,0,0,0,0,0
2021-11-01T05:00:00Z,29,18.033793,13.72,20.51,8.905172,4.38,11.84,14.470345,13.57,15.21,-6.340345,-6.4,-6.23,-114.439655,-131.18,-86.31,13.782069,12.93,14.44,34.848276,34.6,35,4.115172,4.1,4.12,24,52,0,0,0,0,0,0,0,0
2021-11-01T06:00:00Z,24,17.65375,13.66,20.54,9.43375,4.41,11.77,14.464167,13.53,15.08,-6.357083,-6.4,-6.25,-112.310417,-131.42,-86.07,13.754583,12.89,14.23,35.3875,34.8,35.8,4.118333,4.1,4.13,53,81,0,0,0,0,0,0,0,0
2021-11-01T07:00:00Z,18,18.517778,14.27,20.84,8.36,4.46,11.62,14.632778,14.06,15.05,-6.332778,-6.4,-6.25,-117.317778,-131.93,-89.68,13.923333,13.43,14.29,35.944444,35.8,36.2,4.118333,4.11,4.13,82,109,0,0,0,0,0,0,0,0
2021-11-01T08:00:00Z,21,18.011429,14.29,21.15,4.550476,4.47,4.6,14.715714,14.1,15.02,-6.262857,-6.29,-6.25,-112.805238,-132.22,-89.91,14.034762,13.46,14.32,36.438095,36.3,36.6,4.12,4.12,4.12,110,137,0,0,0,0,0,0,0,0
2021-11-01T09:00:00Z,26,13.63,12.71,14.73,4.148846,3.41,4.45,13.366923,12.61,14.51,-6.344231,-6.46,-6.28,-86.455769,-92.45,-81.81,12.726923,11.97,13.81,36.503846,36.4,36.6,4.103846,4.1,4.12,140,166,0,0,0,0,0,0,0,0
2021-11-01T10:00:00Z,30,5.196333,0,13.26,1.423333,0,3.83,12.641333,12.61,12.67,-6.449667,-6.47,-6.43,-33.509333,-85.51,0,12.013,11.99,12.04,36.196667,35.6,36.6,4.089333,4.08,4.1,167,196,0,0,0,0,0,0,0,0
2021-11-01T11:00:00Z,30,0,0,0,0,0,0,12.637333,12.61,12.66,-6.448667,-6.47,-6.43,0,0,0,12,11.98,12.03,35.473333,35.4,35.7,4.075333,4.07,4.08,197,226,0,0,0,0,0,0,0,0
2021-11-01T12:00:00Z,29,0,0,0,0,0,0,12.612759,12.59,12.64,-6.441034,-6.47,-6.42,0,0,0,11.985517,11.96,12.01,35.286207,35.2,35.4,4.062414,4.06,4.07,227,255,0,0,0,0,0,0,0,0
2021-11-01T13:00:00Z,30,0,0,0,0,0,0,12.600667,12.57,12.62,-6.439333,-6.46,-6.42,0,0,0,11.97,11.95,11.99,35.013333,34.9,35.2,4.05,4.04,4.06,256,285,0,0,0,0,0,0,0,0
2021-11-01T14:00:00Z,29,0,0,0,0,0,0,12.576207,12.54,12.6,-6.433103,-6.45,-6.41,0,0,0,11.944483,11.9,11.96,34.675862,34.6,34.9,4.038621,4.03,4.04,286,314,0,0,0,0,0,0,0,0
2021-11-01T15:00:00Z,30,0,0,0,0,0,0,10.865333,10.57,12.53,-6.533333,-6.56,-6.44,0,0,0,10.186667,9.85,11.9,34.55,34.4,34.6,4.030333,4.03,4.04,315,344,0,0,0,0,0,0,0,0
2021-11-01T16:00:00Z,30,0,0,0,0,0,0,10.624333,10.61,10.63,-6.545333,-6.56,-6.53,0,0,0,9.942,9.93,9.96,34.23,34,34.4,4.020333,4.01,4.03,345,374,0,0,0,0,0,0,0,0
2021-11-01T17:00:00Z,29,0,0,0,0,0,0,10.628276,10.62,10.63,-6.543103,-6.57,-6.53,0,0,0,9.946897,9.93,9.96,33.824138,33.6,34,4.009655,4,4.01,375,403,0,0,0,0,0,0,0,0
2021-11-01T18:00:00Z,30,0,0,0,0,0,0,10.630333,10.62,10.64,-6.539667,-6.55,-6.53,0,0,0,9.953333,9.94,9.96,33.486667,33.4,33.6,4.000333,4,4.01,404,433,0,0,0,0,0,0,0,0
2021-11-01T19:00:00Z,29,0,0,0,0,0,0,10.627931,10.62,10.63,-6.535862,-6.54,-6.53,0,0,0,9.951724,9.93,9.96,33.362069,33.3,33.4,3.996207,3.99,4,434,462,0,0,0,0,0,0,0,0
2021-11-01T20:00:00Z,30,0,0,0,0,0,0,10.615333,10.6,10.63,-6.534667,-6.55,-6.53,0,0,0,9.932333,9.91,9.95,33.196667,33,33.3,3.988,3.98,3.99,463,492,0,0,0,0,0,0,0,0
2021-11-01T21:00:00Z,30,0,0,0,0,0,0,10.601667,10.6,10.61,-6.530667,-6.54,-6.51,0,0,0,9.914333,9.9,9.93,32.73,32.5,33,3.980667,3.98,3.99,493,522,0,0,0,0,0,0,0,0
2021-11-01T22:00:00Z,29,2.072069,0,11.11,0.666897,0,3.04,10.593103,10.59,10.6,-6.52931,-6.54,-6.52,-13.519655,-72.54,0,9.887241,9.87,9.91,32.424138,32.3,32.6,3.977931,3.97,3.98,523,551,0,0,0,0,0,0,0,0
2021-11-01T23:00:00Z,30,11.176,10.64,12.36,3.840667,3.37,4.26,10.920667,10.59,12.08,-6.438,-6.54,-6.22,-71.89,-77.08,-69.34,10.244667,9.89,11.42,33.11,32.8,33.3,3.968667,3.96,3.98,552,581,0,0,0,0,0,0,0,0
2021-11-02T00:00:00Z,29,13.535172,12.32,14.43,4.366207,4.27,4.49,13.152414,12.21,13.65,-6.228621,-6.26,-6.2,-84.296207,-89.64,-76.66,12.501034,11.57,12.99,33.255172,33,33.4,3.985172,3.97,4.01,582,610,0,0,0,0,0,0,0,0
2021-11-02T01:00:00Z,30,15.401333,14.02,20.33,5.793333,4.51,11.82,14.247333,13.66,14.86,-6.273,-6.4,-6.22,-96.67,-130.08,-87.8,13.547667,12.99,14.12,33.333333,33.3,33.5,4.066,4.01,4.12,611,640,0,0,0,0,0,0,0,0
2021-11-02T02:00:00Z,30,18.322333,15.72,20.5,11.402,4.62,11.95,14.658,14.26,15.09,-6.364333,-6.39,-6.24,-116.625,-130.78,-100.05,13.960333,13.59,14.36,33.68,33.5,33.9,4.116333,4.11,4.12,641,670,0,0,0,0,0,0,0,0
2021-11-02T03:00:00Z,29,18.682069,16.36,20.12,11.587241,11.44,11.73,14.68069,14.35,15.11,-6.372759,-6.39,-6.33,-119.06,-128.38,-103.74,13.98069,13.67,14.38,34.22069,34,34.5,4.12,4.12,4.12,671,699,0,0,0,0,0,0,0,0
2021-11-02T04:00:00Z,30,18.547667,16.42,20.07,11.372333,4.62,11.79,14.735667,14.32,15.23,-6.369667,-6.4,-6.25,-118.162,-128.39,-104.26,14.003667,13.69,14.54,34.62,34.5,34.8,4.12,4.12,4.12,700,729,0,0,0,0,0,0,0,0
2021-11-02T05:00:00Z,24,19.27125,16.51,20.41,11.625417,11.46,11.87,14.605,14.33,15.13,-6.382083,-6.41,-6.34,-123.0175,-130.56,-104.78,13.906667,13.66,14.35,35.175,34.8,35.7,4.1225,4.12,4.13,730,758,0,0,0,0,0,0,0,0
2021-11-02T06:00:00Z,23,19.16913,16.08,20.54,11.325652,4.62,11.86,14.634783,14.33,15.14,-6.383913,-6.41,-6.24,-122.422609,-131.27,-100.39,13.954348,13.66,14.4,35.9,35.6,36.2,4.123043,4.12,4.13,759,786,0,0,0,0,0,0,0,0
2021-11-02T07:00:00Z,24,19.046667,15.85,20.82,8.06,4.53,11.75,14.676667,14.32,15.14,-6.324167,-6.41,-6.24,-120.5,-133.14,-99.39,14.070417,13.78,14.43,36.495833,36.2,36.7,4.120417,4.12,4.13,787,815,0,0,0,0,0,0,0,0
2021-11-02T08:00:00Z,23,17.725652,14.94,21.04,4.50913,4.42,4.58,14.753043,14.52,14.99,-6.262174,-6.28,-6.25,-111.024348,-131.93,-93.78,14.047826,13.83,14.26,36.926087,36.6,37.1,4.12,4.12,4.12,816,843,0,0,0,0,0,0,0,0
2021-11-02T09:00:00Z,23,14.781739,13.36,15.85,4.215652,3.47,4.41,14.02087,12.9,14.77,-6.304348,-6.45,-6.26,-93.152609,-99.3,-85.43,13.37087,12.26,14.07,37.03913,37,37.1,4.10087,4.08,4.12,844,872,0,0,0,0,0,0,0,0
2021-11-02T10:00:00Z,24,5.07,0,13.38,1.440833,0,3.81,12.668333,12.63,12.79,-6.449583,-6.47,-6.43,-32.7,-86.11,0,12.0325,12.01,12.15,36.6875,36,37.1,4.069583,4.06,4.08,873,899,0,0,0,0,0,0,0,0
2021-11-02T11:00:00Z,28,0,0,0,0,0,0,12.654643,12.63,12.67,-6.4425,-6.46,-6.43,0,0,0,12.0275,12.01,12.05,35.935714,35.8,36,4.049286,4.04,4.05,902,929,0,0,0,0,0,0,0,0
2021-11-02T12:00:00Z,29,0,0,0,0,0,0,12.633793,12.61,12.66,-6.444483,-6.46,-6.43,0,0,0,12.008621,11.99,12.03,35.82069,35.8,35.9,4.04,4.04,4.04,930,959,0,0,0,0,0,0,0,0
2021-11-02T13:00:00Z,30,0,0,0,0,0,0,12.612667,12.6,12.63,-6.434667,-6.45,-6.42,0,0,0,11.987,11.97,12.01,35.53,35.4,35.7,4.030667,4.03,4.04,960,989,0,0,0,0,0,0,0,0
2021-11-02T14:00:00Z,29,0,0,0,0,0,0,12.592414,12.57,12.61,-6.433103,-6.45,-6.41,0,0,0,11.965517,11.95,11.98,35.175862,35,35.4,4.021379,4.02,4.03,990,1018,0,0,0,0,0,0,0,0
2021-11-02T15:00:00Z,30,0,0,0,0,0,0,12.028667,10.57,12.58,-6.465333,-6.57,-6.43,0,0,0,11.386667,9.87,11.96,34.843333,34.7,35,4.010667,4.01,4.02,1019,1048,0,0,0,0,0,0,0,0
2021-11-02T16:00:00Z,29,0,0,0,0,0,0,10.619655,10.61,10.63,-6.544828,-6.55,-6.53,0,0,0,9.940345,9.93,9.96,34.6,34.6,34.6,4.001724,4,4.01,1049,1077,0,0,0,0,0,0,0,0
2021-11-02T17:00:00Z,30,0,0,0,0,0,0,10.626333,10.62,10.63,-6.543,-6.55,-6.54,0,0,0,9.950333,9.93,9.96,34.366667,34.2,34.6,3.997667,3.99,4,1078,1107,0,0,0,0,0,0,0,0
2021-11-02T18:00:00Z,29,0,0,0,0,0,0,10.627241,10.62,10.63,-6.53931,-6.55,-6.53,0,0,0,9.945517,9.93,9.96,34.048276,33.9,34.2,3.988966,3.98,3.99,1108,1136,0,0,0,0,0,0,0,0
2021-11-02T19:00:00Z,29,0,0,0,0,0,0,10.627241,10.61,10.63,-6.532414,-6.55,-6.52,0,0,0,9.945172,9.93,9.96,33.741379,33.6,33.9,3.980345,3.98,3.99,1137,1166,0,0,0,0,0,0,0,0
2021-11-02T20:00:00Z,29,0,0,0,0,0,0,10.62069,10.61,10.63,-6.528966,-6.54,-6.52,0,0,0,9.934138,9.92,9.96,33.455172,33.4,33.6,3.972069,3.97,3.98,1167,1195,0,0,0,0,0,0,0,0
2021-11-02T21:00:00Z,29,0,0,0,0,0,0,10.605862,10.6,10.62,-6.526207,-6.54,-6.51,0,0,0,9.918276,9.9,9.94,33.327586,33.3,33.4,3.968276,3.96,3.97,1196,1224,0,0,0,0,0,0,0,0
2021-11-02T22:00:00Z,29,2.873103,0,11.2,0.917241,0,3.83,10.595862,10.59,10.6,-6.526207,-6.54,-6.51,-18.749655,-73.04,0,9.897241,9.88,9.91,33.141379,33,33.4,3.96,3.95,3.97,1225,1254,0,0,0,0,0,0,0,0
2021-11-02T23:00:00Z,27,12.196296,10.75,13.8,4.093333,3.42,4.3,11.813333,10.6,13.05,-6.206296,-6.53,-6.1,-75.579259,-84.28,-69.68,11.166296,9.92,12.4,33.403704,33.4,33.5,3.948519,3.94,3.96,1255,1283,0,0,0,0,0,0,0,0
2021-11-03T00:00:00Z,29,13.772759,13.24,14.71,4.386552,4.31,4.46,13.353448,13.08,13.61,-6.196897,-6.25,-6.11,-85.342759,-91.55,-80.84,12.702069,12.44,12.96,33.534483,33.4,33.6,3.975172,3.96,3.99,1284,1312,0,0,0,0,0,0,0,0
2021-11-03T01:00:00Z,30,14.785333,14.07,16,4.555,4.47,4.64,14.044,13.64,14.81,-6.250333,-6.28,-6.22,-92.404,-99.6,-87.49,13.365667,12.99,14.09,33.666667,33.5,33.8,4.034,3.99,4.08,1313,1342,0,0,0,0,0,0,0,0
2021-11-03T02:00:00Z,26,18.608462,16.02,20.62,9.985385,4.66,11.73,14.593462,14.21,14.94,-6.342308,-6.4,-6.23,-118.020769,-130.42,-99.92,13.995385,13.61,14.31,34.311538,33.8,34.6,4.112692,4.09,4.12,1343,1371,0,0,0,0,0,0,0,0
2021-11-03T03:00:00Z,30,19.079667,16.34,20.35,11.588667,11.46,11.73,14.607333,14.34,15.05,-6.384667,-6.41,-6.36,-121.821,-129.95,-104.02,13.914667,13.7,14.32,34.686667,34.6,34.9,4.12,4.12,4.12,1372,1401,0,0,0,0,0,0,0,0
2021-11-03T04:00:00Z,29,18.957241,15.56,20.16,11.313103,4.53,11.76,14.615517,14.34,15.07,-6.38,-6.41,-6.25,-120.990345,-128.85,-97.29,14.00069,13.74,14.42,35.144828,34.9,35.5,4.122414,4.11,4.13,1402,1430,0,0,0,0,0,0,0,0
2021-11-03T05:00:00Z,30,18.817,15.68,20.83,9.706667,4.55,12.02,14.595667,14.35,15.11,-6.358,-6.41,-6.24,-119.711667,-133.5,-98.21,13.923,13.7,14.34,35.706667,35.4,36.1,4.126667,4.11,4.13,1431,1460,0,0,0,0,0,0,0,0
2021-11-03T06:00:00Z,30,18.719,14.65,20.4,10.087667,4.46,11.91,14.553667,14.33,14.94,-6.374333,-6.41,-6.25,-119.398333,-130.65,-91.94,13.894,13.69,14.3,36.28,36,36.5,4.126667,4.11,4.13,1461,1490,0,0,0,0,0,0,0,0
2021-11-03T07:00:00Z,26,16.796538,14.55,21.06,4.542692,4.47,4.62,14.676538,14.31,14.98,-6.268846,-6.29,-6.25,-105.3,-131.71,-91.48,14.006154,13.67,14.31,36.584615,36.4,36.9,4.120769,4.12,4.13,1491,1518,0,0,0,0,0,0,0,0
2021-11-03T08:00:00Z,27,16.175926,13.74,20.62,4.502963,4.36,4.59,14.438148,13.51,15.02,-6.283333,-6.33,-6.26,-101.594444,-129.53,-86.78,13.778889,12.87,14.28,37.081481,37,37.2,4.118519,4.11,4.12,1519,1547,0,0,0,0,0,0,0,0
2021-11-03T09:00:00Z,24,13.19625,12.79,13.95,3.943333,3.41,4.32,12.8575,12.69,13.36,-6.38375,-6.44,-6.33,-84.250833,-88.35,-82.2,12.227917,12.05,12.74,37.125,37.1,37.2,4.091667,4.08,4.11,1548,1576,0,0,0,0,0,0,0,0
2021-11-03T10:00:00Z,19,4.216316,0,13.34,1.247895,0,3.74,12.649474,12.63,12.67,-6.456842,-6.48,-6.43,-27.235789,-85.88,0,12.017895,11.99,12.07,36.763158,36.3,37.2,4.06,4.05,4.08,1577,1604,0,0,0,0,0,0,0,0
2021-11-03T11:00:00Z,21,0,0,0,0,0,0,12.629048,12.6,12.64,-6.452381,-6.47,-6.44,0,0,0,12.004762,11.99,12.02,36.2,36.1,36.3,4.040952,4.03,4.05,1605,1631,0,0,0,0,0,0,0,0
2021-11-03T12:00:00Z,25,0,0,0,0,0,0,12.616,12.6,12.63,-6.4404,-6.45,-6.43,0,0,0,11.992,11.98,12,35.992,35.9,36.1,4.0228,4.01,4.03,1634,1661,0,0,0,0,0,0,0,0
2021-11-03T13:00:00Z,29,0,0,0,0,0,0,12.601379,12.59,12.62,-6.436897,-6.45,-6.42,0,0,0,11.980345,11.96,11.99,35.786207,35.6,35.9,4.009655,4,4.01,1662,1691,0,0,0,0,0,0,0,0
2021-11-03T14:00:00Z,29,0,0,0,0,0,0,12.577586,12.55,12.6,-6.434828,-6.44,-6.43,0,0,0,11.953448,11.93,11.97,35.42069,35.2,35.7,4.001379,4,4.01,1692,1720,0,0,0,0,0,0,0,0
2021-11-03T15:00:00Z,30,0,0,0,0,0,0,11.057667,10.56,12.55,-6.521,-6.56,-6.43,0,0,0,10.393333,9.86,11.93,34.996667,34.8,35.2,3.996,3.99,4,1721,1750,0,0,0,0,0,0,0,0
2021-11-03T16:00:00Z,29,0,0,0,0,0,0,10.624828,10.61,10.63,-6.541724,-6.55,-6.53,0,0,0,9.952069,9.93,9.97,34.668966,34.6,34.8,3.988966,3.98,3.99,1751,1779,0,0,0,0,0,0,0,0
2021-11-03T17:00:00Z,30,0,0,0,0,0,0,10.63,10.62,10.64,-6.537667,-6.55,-6.53,0,0,0,9.949667,9.94,9.97,34.553333,34.4,34.6,3.980667,3.98,3.99,1780,1809,0,0,0,0,0,0,0,0
2021-11-03T18:00:00Z,30,0,0,0,0,0,0,10.628,10.62,10.63,-6.534667,-6.54,-6.53,0,0,0,9.949667,9.93,9.97,34.2,34,34.4,3.976667,3.97,3.98,1810,1839,0,0,0,0,0,0,0,0
2021-11-03T19:00:00Z,29,0,0,0,0,0,0,10.624483,10.61,10.63,-6.533103,-6.54,-6.52,0,0,0,9.948621,9.93,9.96,33.834483,33.7,34,3.970345,3.97,3.98,1840,1868,0,0,0,0,0,0,0,0
2021-11-03T20:00:00Z,30,0,0,0,0,0,0,10.613333,10.6,10.63,-6.529667,-6.54,-6.51,0,0,0,9.933,9.91,9.96,33.52,33.4,33.7,3.965333,3.96,3.97,1869,1898,0,0,0,0,0,0,0,0
2021-11-03T21:00:00Z,29,0,0,0,0,0,0,10.60069,10.59,10.61,-6.526552,-6.54,-6.51,0,0,0,9.916897,9.9,9.93,33.358621,33.3,33.4,3.957586,3.95,3.96,1899,1927,0,0,0,0,0,0,0,0
2021-11-03T22:00:00Z,30,2.085667,0,11.11,0.648667,0,3.81,10.591,10.57,10.6,-6.523333,-6.54,-6.51,-13.596667,-72.41,0,9.898,9.87,9.92,33.236667,33.1,33.3,3.95,3.95,3.95,1928,1957,0,0,0,0,0,0,0,0
2021-11-03T23:00:00Z,30,11.690333,10.69,13.63,4.001333,3.41,4.33,11.413,10.6,13.02,-6.277,-6.53,-6.12,-73.271333,-83.54,-69.29,10.759,9.89,12.38,33.45,33.4,33.6,3.947667,3.94,3.96,1958,1987,0,0,0,0,0,0,0,0
2021-11-04T00:00:00Z,29,13.930345,13.28,14.73,4.417931,4.33,4.49,13.389655,13.08,13.67,-6.217931,-6.25,-6.14,-86.621724,-92.02,-81.8,12.73931,12.46,13,33.658621,33.5,33.8,3.981034,3.96,4.01,1988,2016,0,0,0,0,0,0,0,0
2021-11-04T01:00:00Z,30,15.011,14.1,16.19,4.594,4.5,4.68,14.174333,13.68,14.92,-6.262333,-6.28,-6.23,-93.964333,-101.14,-88.41,13.480667,13.02,14.18,33.846667,33.7,34.1,4.053333,4.01,4.12,2017,2046,0,0,0,0,0,0,0,0
2021-11-04T02:00:00Z,29,18.658966,15.95,20.75,11.567241,4.68,11.92,14.606897,14.21,14.95,-6.373103,-6.41,-6.26,-118.93,-132.61,-101.66,13.914828,13.56,14.24,34.524138,34.1,34.6,4.115172,4.1,4.12,2047,2075,0,0,0,0,0,0,0,0
2021-11-04T03:00:00Z,30,19.04,15.74,21.18,10.445,4.54,12.34,14.659667,14.28,15.2,-6.355,-6.4,-6.24,-121.038333,-135.23,-98.32,13.962333,13.66,14.45,34.77,34.6,34.9,4.118667,4.11,4.13,2076,2105,0,0,0,0,0,0,0,0
2021-11-04T04:00:00Z,30,17.542667,14.95,21.27,6.578333,4.53,12.36,14.725,14.44,14.91,-6.285,-6.41,-6.24,-110.367667,-135.98,-93.39,14.069,13.75,14.53,35.103333,34.8,35.3,4.123,4.11,4.14,2106,2135,0,0,0,0,0,0,0,0
2021-11-04T05:00:00Z,29,19.275862,15.82,21.41,10.84931,4.56,12.38,14.655172,14.39,15.11,-6.371379,-6.41,-6.26,-122.846897,-136.72,-99.2,13.976207,13.75,14.44,35.782759,35.4,36,4.128621,4.12,4.13,2136,2164,0,0,0,0,0,0,0,0
2021-11-04T06:00:00Z,30,19.329333,15.79,21.03,10.597667,4.56,12.04,14.642,14.36,15.21,-6.374667,-6.41,-6.25,-123.283,-134.67,-98.75,13.928,13.74,14.34,36.23,36.1,36.4,4.128333,4.12,4.13,2165,2194,0,0,0,0,0,0,0,0
2021-11-04T07:00:00Z,29,18.608621,15.82,20.96,7.74,4.54,11.92,14.776207,14.39,15.11,-6.321379,-6.41,-6.25,-117.688621,-134.03,-98.93,14.056552,13.75,14.43,36.658621,36.3,36.9,4.124483,4.12,4.13,2195,2223,0,0,0,0,0,0,0,0
2021-11-04T08:00:00Z,30,18.474,14.9,21.19,4.561333,4.47,4.62,14.798667,14.55,15.18,-6.267,-6.28,-6.25,-115.778667,-133.12,-93.31,14.115667,13.91,14.51,37.046667,36.8,37.2,4.12,4.12,4.12,2224,2253,0,0,0,0,0,0,0,0
2021-11-04T09:00:00Z,25,15.7916,14.39,20.93,4.3968,4.33,4.47,14.4932,13.63,14.84,-6.2768,-6.32,-6.25,-99.1084,-131.14,-90.88,13.8296,13,14.15,37.16,37.1,37.2,4.11,4.1,4.12,2254,2282,0,0,0,0,0,0,0,0
2021-11-04T10:00:00Z,20,5.2515,0,14.24,1.545,0,4.3,12.7165,12.59,13.52,-6.4465,-6.48,-6.32,-33.8115,-90.04,0,12.0905,11.96,12.87,36.82,36.2,37.2,4.0855,4.07,4.1,2283,2309,0,0,0,0,0,0,0,0
2021-11-04T11:00:00Z,20,0,0,0,0,0,0,12.6545,12.63,12.68,-6.446,-6.47,-6.43,0,0,0,12.0255,12.01,12.04,36.185,36.1,36.2,4.0535,4.04,4.07,2312,2338,0,0,0,0,0,0,0,0
2021-11-04T12:00:00Z,25,0,0,0,0,0,0,12.6372,12.62,12.66,-6.4396,-6.46,-6.43,0,0,0,12.0132,12,12.02,35.988,35.9,36.2,4.0368,4.03,4.04,2339,2367,0,0,0,0,0,0,0,0
2021-11-04T13:00:00Z,24,0,0,0,0,0,0,12.614583,12.6,12.63,-6.438333,-6.45,-6.43,0,0,0,11.99125,11.98,12.01,35.754167,35.6,35.9,4.019167,4.01,4.03,2368,2396,0,0,0,0,0,0,0,0
2021-11-04T14:00:00Z,25,0,0,0,0,0,0,12.6004,12.59,12.61,-6.4316,-6.44,-6.42,0,0,0,11.974,11.96,11.99,35.368,35.2,35.6,4.0032,4,4.01,2399,2424,0,0,0,0,0,0,0,0
2021-11-04T15:00:00Z,29,0,0,0,0,0,0,12.43,10.57,12.59,-6.436897,-6.54,-6.42,0,0,0,11.802069,9.87,11.97,34.993103,34.8,35.2,3.993103,3.99,4,2425,2454,0,0,0,0,0,0,0,0
2021-11-04T16:00:00Z,29,0,0,0,0,0,0,10.623793,10.61,10.63,-6.54,-6.55,-6.53,0,0,0,9.95069,9.93,9.96,34.644828,34.6,34.8,3.986552,3.98,3.99,2455,2483,0,0,0,0,0,0,0,0
2021-11-04T17:00:00Z,30,0,0,0,0,0,0,10.63,10.62,10.64,-6.536,-6.54,-6.53,0,0,0,9.96,9.94,9.98,34.493333,34.3,34.6,3.98,3.98,3.98,2484,2513,0,0,0,0,0,0,0,0
2021-11-04T18:00:00Z,30,0,0,0,0,0,0,10.632333,10.62,10.65,-6.534667,-6.54,-6.53,0,0,0,9.963,9.94,9.98,34.153333,34,34.3,3.975333,3.97,3.98,2514,2543,0,0,0,0,0,0,0,0
2021-11-04T19:00:00Z,29,0,0,0,0,0,0,10.630345,10.62,10.65,-6.532414,-6.55,-6.52,0,0,0,9.964138,9.95,9.98,33.813793,33.7,34,3.97,3.97,3.97,2544,2572,0,0,0,0,0,0,0,0
2021-11-04T20:00:00Z,30,0,0,0,0,0,0,10.622333,10.61,10.63,-6.530333,-6.54,-6.51,0,0,0,9.948667,9.93,9.97,33.536667,33.4,33.7,3.963667,3.96,3.97,2573,2602,0,0,0,0,0,0,0,0
2021-11-04T21:00:00Z,29,0,0,0,0,0,0,10.614483,10.6,10.63,-6.52,-6.54,-6.51,0,0,0,9.936897,9.92,9.96,33.4,33.4,33.4,3.958276,3.95,3.96,2603,2631,0,0,0,0,0,0,0,0
2021-11-04T22:00:00Z,28,2.091071,0,11.16,0.728929,0,3.84,10.600714,10.58,10.62,-6.522143,-6.53,-6.5,-13.635357,-72.75,0,9.911071,9.9,9.93,33.314286,33.3,33.4,3.952143,3.95,3.96,2632,2661,0,0,0,0,0,0,0,0
2021-11-04T23:00:00Z,28,11.417143,10.65,12.94,3.819643,3.41,4.23,11.105,10.61,12.39,-6.353214,-6.53,-6.06,-72.410714,-78.38,-69.43,10.45,9.92,11.76,33.607143,33.4,33.8,3.944286,3.94,3.95,2662,2690,0,0,0,0,0,0,0,0
2021-11-05T00:00:00Z,28,13.526071,12.74,14.06,4.299643,4.23,4.33,13.200714,12.51,13.34,-6.083571,-6.13,-6.04,-82.304643,-85.56,-76.99,12.558571,11.87,12.7,33.564286,33.4,33.7,3.952143,3.94,3.96,2691,2719,0,0,0,0,0,0,0,0
2021-11-05T01:00:00Z,30,14.318,13.51,15.17,4.485,4.33,4.6,13.708,13.36,14.04,-6.233,-6.29,-6.13,-89.245333,-95.19,-82.85,13.038667,12.72,13.36,33.77,33.6,33.9,3.996,3.96,4.04,2720,2749,0,0,0,0,0,0,0,0
2021-11-05T02:00:00Z,24,16.509583,14.52,20.6,5.817083,4.53,11.84,14.492917,14.02,15.04,-6.277083,-6.4,-6.22,-103.655417,-131.88,-91.13,13.795833,13.33,14.34,34.066667,33.8,34.6,4.075833,4.04,4.13,2750,2777,0,0,0,0,0,0,0,0
2021-11-05T03:00:00Z,24,18.339583,15.85,20.45,11.264167,4.62,11.78,14.627917,14.33,15.03,-6.37375,-6.41,-6.23,-116.915833,-130.97,-99.28,13.937083,13.65,14.28,34.591667,34.4,34.6,4.119167,4.11,4.12,2778,2806,0,0,0,0,0,0,0,0
2021-11-05T04:00:00Z,28,18.863214,15.86,20.51,11.049643,4.59,11.93,14.718214,14.42,15.26,-6.368929,-6.4,-6.24,-120.167857,-131,-98.98,14.032143,13.72,14.52,34.810714,34.6,35,4.120714,4.11,4.13,2807,2835,0,0,0,0,0,0,0,0
2021-11-05T05:00:00Z,30,17.694,13.08,20.51,8.059667,4.26,11.79,14.391667,12.97,15,-6.332667,-6.4,-6.24,-112.125667,-131.31,-82.97,13.708333,12.35,14.24,35.196667,34.9,35.4,4.118667,4.11,4.13,2836,2865,0,0,0,0,0,0,0,0
2021-11-05T06:00:00Z,30,14.275,13.05,15.54,4.483333,4.32,4.55,13.873,12.94,14.76,-6.289667,-6.33,-6.25,-89.772333,-97.2,-82.68,13.215,12.3,14.07,35.333333,35.1,35.7,4.116,4.1,4.12,2866,2895,0,0,0,0,0,0,0,0
2021-11-05T07:00:00Z,29,17.674828,14.72,21.06,5.316897,4.5,11.99,14.743103,14.45,15.04,-6.272414,-6.41,-6.25,-110.914483,-134.64,-92.14,14.065517,13.79,14.27,35.948276,35.7,36.4,4.124138,4.12,4.14,2896,2924,0,0,0,0,0,0,0,0
2021-11-05T08:00:00Z,30,19.059,15.71,21.04,5.026,4.47,11.67,14.785,14.52,15.13,-6.264,-6.4,-6.24,-119.411667,-131.8,-98.37,14.106333,13.84,14.45,36.276667,36.2,36.4,4.122,4.12,4.14,2925,2954,0,0,0,0,0,0,0,0
2021-11-05T09:00:00Z,29,14.647586,12.78,19.7,4.272414,3.42,4.47,14.043448,12.7,14.81,-6.296897,-6.46,-6.25,-92.187586,-123.41,-82.54,13.382069,12.05,14.12,36.1,35.9,36.3,4.116897,4.11,4.12,2955,2983,0,0,0,0,0,0,0,0
2021-11-05T10:00:00Z,30,5.15,0,13.27,1.451333,0,3.83,12.629667,12.6,12.7,-6.445333,-6.47,-6.42,-33.196,-85.75,0,12.004667,11.97,12.06,35.383333,34.7,36,4.101,4.09,4.11,2984,3013,0,0,0,0,0,0,0,0
2021-11-05T11:00:00Z,30,0,0,0,0,0,0,12.634333,12.61,12.66,-6.437333,-6.47,-6.42,0,0,0,12.007,11.99,12.03,34.616667,34.6,34.7,4.084,4.07,4.1,3014,3043,0,0,0,0,0,0,0,0
2021-11-05T12:00:00Z,29,0,0,0,0,0,0,12.62069,12.6,12.65,-6.436897,-6.46,-6.41,0,0,0,11.992069,11.96,12.02,34.57931,34.5,34.6,4.07069,4.06,4.08,3044,3072,0,0,0,0,0,0,0,0
2021-11-05T13:00:00Z,30,0,0,0,0,0,0,12.61,12.58,12.63,-6.429,-6.45,-6.41,0,0,0,11.979,11.96,11.99,34.25,34.1,34.5,4.055667,4.05,4.06,3073,3102,0,0,0,0,0,0,0,0
2021-11-05T14:00:00Z,29,0,0,0,0,0,0,12.587586,12.57,12.61,-6.425862,-6.45,-6.41,0,0,0,11.956207,11.93,11.98,33.868966,33.7,34.1,4.043793,4.04,4.05,3103,3131,0,0,0,0,0,0,0,0
2021-11-05T15:00:00Z,29,0,0,0,0,0,0,11.26931,10.2,12.57,-6.502759,-6.55,-6.41,0,0,0,10.605172,9.57,11.93,33.510345,33.4,33.8,4.033448,4.03,4.04,3132,3161,0,0,0,0,0,0,0,0
2021-11-05T16:00:00Z,29,0,0,0,0,0,0,10.627931,10.62,10.63,-6.535862,-6.55,-6.52,0,0,0,9.948276,9.93,9.96,33.317241,33.2,33.4,4.023448,4.02,4.03,3162,3190,0,0,0,0,0,0,0,0
2021-11-05T17:00:00Z,29,0,0,0,0,0,0,10.630345,10.62,10.64,-6.536207,-6.55,-6.52,0,0,0,9.953103,9.94,9.96,32.958621,32.7,33.2,4.01069,4.01,4.02,3191,3220,0,0,0,0,0,0,0,0
2021-11-05T18:00:00Z,29,0,0,0,0,0,0,10.63069,10.62,10.64,-6.533793,-6.54,-6.52,0,0,0,9.955172,9.94,9.97,32.506897,32.4,32.7,4.00069,4,4.01,3221,3249,0,0,0,0,0,0,0,0
2021-11-05T19:00:00Z,30,0,0,0,0,0,0,10.629,10.62,10.64,-6.529667,-6.54,-6.51,0,0,0,9.952667,9.93,9.96,32.196667,32.1,32.4,3.996333,3.99,4,3250,3279,0,0,0,0,0,0,0,0
2021-11-05T20:00:00Z,29,0,0,0,0,0,0,10.621724,10.61,10.63,-6.520345,-6.53,-6.51,0,0,0,9.935172,9.92,9.95,32.082759,32,32.1,3.988966,3.98,3.99,3280,3308,0,0,0,0,0,0,0,0
2021-11-05T21:00:00Z,30,0,0,0,0,0,0,10.604333,10.6,10.61,-6.519333,-6.53,-6.51,0,0,0,9.913667,9.89,9.94,31.983333,31.9,32,3.98,3.98,3.98,3309,3338,0,0,0,0,0,0,0,0
2021-11-05T22:00:00Z,30,2.337333,0,11.14,0.795667,0,3.84,10.595333,10.58,10.6,-6.514333,-6.53,-6.5,-15.225667,-72.6,0,9.891667,9.87,9.91,31.866667,31.8,32.1,3.975333,3.97,3.98,3339,3368,0,0,0,0,0,0,0,0
2021-11-05T23:00:00Z,29,11.716897,10.7,13.33,4.052414,3.42,4.35,11.381724,10.61,12.88,-6.33,-6.51,-6.24,-74.124828,-83.37,-69.39,10.743793,9.93,12.24,32.17931,32.1,32.3,3.97069,3.96,3.98,3369,3397,0,0,0,0,0,0,0,0
2021-11-06T00:00:00Z,30,13.853,13.14,14.65,4.413333,4.34,4.47,13.326,12.98,13.58,-6.233333,-6.26,-6.21,-86.348,-91.76,-82.19,12.669667,12.35,12.93,32.47,32.3,32.5,3.997333,3.98,4.02,3398,3427,0,0,0,0,0,0,0,0
2021-11-06T01:00:00Z,29,14.928966,14.01,19.27,5.055517,4.49,11.63,14.011724,13.6,14.81,-6.267586,-6.37,-6.22,-93.572759,-119.91,-87.75,13.328966,12.94,14.08,32.689655,32.5,33.1,4.065862,4.03,4.12,3428,3456,0,0,0,0,0,0,0,0
2021-11-06T02:00:00Z,30,18.550333,15.88,20.65,11.627333,11.54,11.75,14.599667,14.29,15.03,-6.368,-6.39,-6.34,-118.142667,-131.53,-101.15,13.937333,13.62,14.3,33.34,33.1,33.5,4.114667,4.11,4.12,3457,3486,0,0,0,0,0,0,0,0
2021-11-06T03:00:00Z,30,19.284,16.25,20.27,11.647333,11.54,11.81,14.626667,14.33,15.22,-6.371,-6.4,-6.33,-122.878667,-129.35,-103.2,13.904,13.68,14.45,33.763333,33.5,34.1,4.12,4.12,4.12,3487,3516,0,0,0,0,0,0,0,0
2021-11-06T04:00:00Z,29,18.501379,14.43,20.57,10.413793,4.47,11.89,14.640345,14.06,15.15,-6.356897,-6.4,-6.24,-117.692414,-131.46,-90.57,13.93069,13.42,14.38,34.348276,34.1,34.6,4.117931,4.1,4.12,3517,3545,0,0,0,0,0,0,0,0
2021-11-06T05:00:00Z,30,17.903,14.66,20.52,7.315333,4.47,11.98,14.680667,14.42,15.17,-6.302667,-6.4,-6.24,-112.931333,-131.05,-91.89,14.001,13.75,14.42,34.643333,34.6,34.8,4.12,4.11,4.13,3546,3575,0,0,0,0,0,0,0,0
2021-11-06T06:00:00Z,29,18.894138,15.6,20.8,10.965172,4.49,12.21,14.723793,14.44,15.15,-6.370345,-6.41,-6.24,-120.392069,-132.7,-97.33,14.045862,13.76,14.45,35.386207,34.7,35.8,4.133793,4.12,4.14,3576,3604,0,0,0,0,0,0,0,0
2021-11-06T07:00:00Z,30,19.716333,16.3,20.75,8.026,4.58,11.8,14.678,14.42,15.12,-6.323,-6.4,-6.25,-124.660667,-132.05,-103.54,14.047333,13.78,14.5,35.936667,35.8,36.1,4.125,4.12,4.13,3605,3634,0,0,0,0,0,0,0,0
2021-11-06T08:00:00Z,30,19.089,16.02,20.88,4.520333,4.47,4.56,14.825667,14.63,15.07,-6.256667,-6.27,-6.24,-119.443,-130.41,-100.06,14.120333,13.95,14.41,36.37,36.2,36.6,4.12,4.12,4.12,3635,3664,0,0,0,0,0,0,0,0
2021-11-06T09:00:00Z,29,16.126207,13.3,20.64,4.384138,4.32,4.46,14.292414,13.18,14.84,-6.27931,-6.33,-6.25,-101.234138,-129.26,-84.1,13.626552,12.55,14.19,36.589655,36.5,36.6,4.116207,4.11,4.12,3665,3693,0,0,0,0,0,0,0,0
2021-11-06T10:00:00Z,30,5.091,0,13.8,1.584667,0,4.25,12.669333,12.6,13.09,-6.450667,-6.48,-6.34,-32.811,-87.48,0,12.038333,11.96,12.46,36.17,35.6,36.6,4.103,4.09,4.11,3694,3723,0,0,0,0,0,0,0,0
2021-11-06T11:00:00Z,29,0,0,0,0,0,0,12.63,12.6,12.66,-6.443793,-6.46,-6.43,0,0,0,12.006897,11.99,12.03,35.589655,35.4,35.7,4.086897,4.08,4.1,3724,3752,0,0,0,0,0,0,0,0
2021-11-06T12:00:00Z,30,0,0,0,0,0,0,12.621667,12.6,12.65,-6.447,-6.47,-6.43,0,0,0,11.99,11.97,12.01,35.35,35.2,35.4,4.074667,4.07,4.08,3753,3782,0,0,0,0,0,0,0,0
2021-11-06T13:00:00Z,30,0,0,0,0,0,0,12.61,12.58,12.63,-6.441667,-6.46,-6.42,0,0,0,11.980333,11.96,12,35.073333,35,35.2,4.059333,4.05,4.07,3783,3812,0,0,0,0,0,0,0,0
2021-11-06T14:00:00Z,29,0,0,0,0,0,0,12.587586,12.55,12.61,-6.435862,-6.45,-6.41,0,0,0,11.955517,11.93,11.98,34.862069,34.7,35,4.046897,4.04,4.05,3813,3841,0,0,0,0,0,0,0,0
2021-11-06T15:00:00Z,30,0,0,0,0,0,0,10.999667,10.6,12.57,-6.527333,-6.57,-6.43,0,0,0,10.328333,9.89,11.93,34.616667,34.6,34.7,4.036,4.03,4.04,3842,3871,0,0,0,0,0,0,0,0
2021-11-06T16:00:00Z,29,0,0,0,0,0,0,10.627241,10.62,10.64,-6.546552,-6.57,-6.53,0,0,0,9.951724,9.94,9.96,34.413793,34.2,34.6,4.027586,4.02,4.03,3872,3900,0,0,0,0,0,0,0,0
2021-11-06T17:00:00Z,30,0,0,0,0,0,0,10.634,10.63,10.64,-6.542667,-6.55,-6.53,0,0,0,9.960333,9.95,9.97,34.106667,33.9,34.2,4.015667,4.01,4.02,3901,3930,0,0,0,0,0,0,0,0
2021-11-06T18:00:00Z,29,0,0,0,0,0,0,10.633448,10.63,10.64,-6.538966,-6.55,-6.52,0,0,0,9.961034,9.95,9.97,33.82069,33.7,34,4.007931,4,4.01,3931,3959,0,0,0,0,0,0,0,0
2021-11-06T19:00:00Z,30,0,0,0,0,0,0,10.630333,10.62,10.64,-6.537333,-6.55,-6.53,0,0,0,9.954333,9.94,9.96,33.526667,33.4,33.7,3.999667,3.99,4,3960,3989,0,0,0,0,0,0,0,0
2021-11-06T20:00:00Z,29,0,0,0,0,0,0,10.616897,10.61,10.63,-6.534828,-6.54,-6.52,0,0,0,9.934828,9.92,9.95,33.396552,33.3,33.4,3.991724,3.99,4,3990,4018,0,0,0,0,0,0,0,0
2021-11-06T21:00:00Z,30,0,0,0,0,0,0,10.603667,10.6,10.62,-6.530667,-6.54,-6.52,0,0,0,9.915333,9.9,9.94,33.3,33.2,33.4,3.983667,3.98,3.99,4019,4048,0,0,0,0,0,0,0,0
2021-11-06T22:00:00Z,30,2.175667,0,11.17,0.689,0,3.82,10.592333,10.58,10.6,-6.531667,-6.54,-6.53,-14.199667,-72.99,0,9.893333,9.87,9.93,33.126667,33,33.3,3.978667,3.97,3.98,4049,4078,0,0,0,0,0,0,0,0
2021-11-06T23:00:00Z,29,11.970345,10.74,13.71,4.076552,3.41,4.33,11.66931,10.61,12.96,-6.337241,-6.53,-6.26,-75.797931,-85.87,-69.9,11.024138,9.93,12.32,33.455172,33.4,33.6,3.972414,3.97,3.98,4079,4107,0,0,0,0,0,0,0,0
2021-11-07T00:00:00Z,30,13.919,12.81,14.84,4.418667,4.25,4.56,13.306667,12.68,13.71,-6.247333,-6.28,-6.22,-86.96,-93.12,-80.19,12.647333,12.03,13.04,33.676667,33.6,33.8,4.000333,3.98,4.04,4108,4137,0,0,0,0,0,0,0,0
2021-11-07T01:00:00Z,29,14.393103,13.78,18.72,4.508621,4.42,4.67,13.674828,13.39,14.86,-6.275517,-6.3,-6.23,-90.310345,-116.81,-86.26,13.005172,12.73,14.12,33.703448,33.6,33.8,4.048621,4.02,4.09,4138,4166,0,0,0,0,0,0,0,0
2021-11-07T02:00:00Z,30,18.183667,13.77,20.65,9.846,4.47,11.99,14.409333,13.51,14.96,-6.350667,-6.4,-6.22,-115.578333,-131.75,-86.65,13.771,12.85,14.21,34.213333,33.8,34.6,4.107333,4.07,4.12,4167,4196,0,0,0,0,0,0,0,0
2021-11-07T03:00:00Z,29,19.188621,15.89,20.75,11.165172,4.61,12.09,14.618276,14.37,15.11,-6.37,-6.4,-6.25,-122.243448,-132.66,-101.2,13.913103,13.66,14.27,34.6,34.6,34.6,4.119655,4.11,4.12,4197,4225,0,0,0,0,0,0,0,0
2021-11-07T04:00:00Z,30,18.577,15.9,20.73,10.61,4.62,12.08,14.683333,14.4,15.19,-6.364,-6.4,-6.24,-118.238667,-132.52,-99.82,13.981,13.72,14.51,34.866667,34.6,35.1,4.120333,4.12,4.13,4226,4255,0,0,0,0,0,0,0,0
2021-11-07T05:00:00Z,29,18.326552,15.87,20.28,10.600345,4.57,11.83,14.744483,14.4,15.24,-6.362069,-6.4,-6.25,-116.653793,-129.64,-99.34,14.014138,13.74,14.51,35.434483,35.1,35.7,4.12,4.12,4.12,4256,4284,0,0,0,0,0,0,0,0
2021-11-07T06:00:00Z,30,16.695,15.73,20.44,4.549333,4.53,4.56,14.793333,14.64,14.85,-6.252667,-6.26,-6.24,-104.392,-128.03,-98.28,14.105667,13.96,14.17,35.83,35.6,36.2,4.12,4.12,4.12,4285,4314,0,0,0,0,0,0,0,0
2021-11-07T07:00:00Z,29,16.35931,14.77,20.67,4.524828,4.48,4.56,14.72931,14.4,14.84,-6.259655,-6.28,-6.25,-102.415862,-129.14,-92.78,14.041379,13.72,14.15,36.293103,36.2,36.4,4.12,4.12,4.12,4315,4343,0,0,0,0,0,0,0,0
2021-11-07T08:00:00Z,26,14.596154,14.05,15.27,4.468077,4.46,4.48,14.048846,13.81,14.33,-6.291154,-6.3,-6.28,-91.818077,-95.89,-88.48,13.406538,13.17,13.69,36.461538,36.3,36.6,4.12,4.12,4.12,4344,4372,0,0,0,0,0,0,0,0
2021-11-07T09:00:00Z,29,13.635517,12.81,14.6,4.332414,3.49,4.46,13.327931,12.71,13.81,-6.327241,-6.43,-6.29,-86.283793,-92.03,-82.22,12.683793,12.06,13.17,36.572414,36.5,36.6,4.113793,4.1,4.12,4373,4401,0,0,0,0,0,0,0,0
2021-11-07T10:00:00Z,24,4.777917,0,13.34,1.395833,0,3.98,12.629167,12.6,12.68,-6.444583,-6.47,-6.43,-30.793333,-85.96,0,12.004583,11.98,12.04,36.129167,35.5,36.7,4.0875,4.08,4.1,4403,4430,0,0,0,0,0,0,0,0
2021-11-07T11:00:00Z,23,0,0,0,0.032174,0,0.74,12.63,12.6,12.66,-6.441304,-6.46,-6.42,0,0,0,11.994783,11.98,12.01,35.347826,35.2,35.5,4.063913,4.05,4.08,4431,4459,0,0,0,0,0,0,0,0
2021-11-07T12:00:00Z,28,0,0,0,0,0,0,12.621071,12.6,12.64,-6.436071,-6.45,-6.41,0,0,0,11.991786,11.98,12.01,35.064286,35,35.2,4.045357,4.04,4.05,4460,4488,0,0,0,0,0,0,0,0
2021-11-07T13:00:00Z,29,0,0,0,0,0,0,12.601034,12.58,12.63,-6.436207,-6.45,-6.42,0,0,0,11.97069,11.96,11.99,34.817241,34.7,35,4.033448,4.03,4.04,4489,4518,0,0,0,0,0,0,0,0
2021-11-07T14:00:00Z,25,0,0,0,0,0,0,12.0156,10.49,12.59,-6.468,-6.57,-6.41,0,0,0,11.3712,9.78,11.96,34.624,34.6,34.7,4.022,4.01,4.03,4519,4546,0,0,0,0,0,0,0,0
2021-11-07T15:00:00Z,23,0,0,0,0,0,0,10.628696,10.61,10.64,-6.544348,-6.56,-6.53,0,0,0,9.951304,9.93,9.96,34.504348,34.3,34.6,4.005652,4,4.01,4547,4574,0,0,0,0,0,0,0,0
2021-11-07T16:00:00Z,24,0,0,0,0,0,0,10.6325,10.63,10.64,-6.541667,-6.55,-6.53,0,0,0,9.961667,9.95,9.98,34.1625,34,34.3,3.992917,3.98,4,4576,4604,0,0,0,0,0,0,0,0
2021-11-07T17:00:00Z,29,0,0,0,0,0,0,10.639655,10.63,10.65,-6.533793,-6.54,-6.53,0,0,0,9.965862,9.95,9.99,33.855172,33.7,34,3.981034,3.98,3.99,4605,4633,0,0,0,0,0,0,0,0
2021-11-07T18:00:00Z,30,0,0,0,0,0,0,10.636,10.63,10.65,-6.530333,-6.54,-6.52,0,0,0,9.962667,9.94,9.98,33.593333,33.4,33.7,3.977333,3.97,3.98,4634,4663,0,0,0,0,0,0,0,0
2021-11-07T19:00:00Z,28,0,0,0,0,0,0,10.625357,10.61,10.64,-6.529643,-6.54,-6.52,0,0,0,9.951071,9.93,9.97,33.403571,33.4,33.5,3.970357,3.97,3.98,4664,4692,0,0,0,0,0,0,0,0
2021-11-07T20:00:00Z,28,0,0,0,0,0,0,10.612857,10.6,10.63,-6.527143,-6.54,-6.51,0,0,0,9.929643,9.91,9.95,33.332143,33.3,33.4,3.962857,3.96,3.97,4693,4722,0,0,0,0,0,0,0,0
2021-11-07T21:00:00Z,30,0,0,0,0,0,0,10.600667,10.59,10.62,-6.528667,-6.54,-6.51,0,0,0,9.91,9.89,9.93,33.17,33,33.3,3.959,3.95,3.96,4723,4752,0,0,0,0,0,0,0,0
2021-11-07T22:00:00Z,29,2.681034,0,10.7,1.005517,0,3.81,10.591034,10.58,10.6,-6.529655,-6.54,-6.52,-17.503103,-69.89,0,9.888276,9.87,9.9,32.993103,32.8,33.3,3.951724,3.95,3.96,4753,4781,0,0,0,0,0,0,0,0
2021-11-07T23:00:00Z,30,11.979333,10.64,13.53,4.122333,3.42,4.3,11.672333,10.6,13.08,-6.185333,-6.51,-6.09,-74.03,-82.55,-69.04,11.030333,9.92,12.45,33.396667,33.3,33.4,3.945,3.94,3.95,4782,4811,0,0,0,0,0,0,0,0
2021-11-08T00:00:00Z,29,13.875517,13.37,14.9,4.378276,4.27,4.55,13.367586,13.2,13.77,-6.174138,-6.27,-6.1,-85.694483,-93.31,-81.58,12.70931,12.56,13.08,33.448276,33.4,33.7,3.971379,3.95,4.01,4812,4840,0,0,0,0,0,0,0,0
2021-11-08T01:00:00Z,30,15.568,14.24,20.93,4.599333,4.54,4.69,14.248,13.77,14.92,-6.257333,-6.29,-6.22,-97.403,-130.78,-89.22,13.561333,13.08,14.23,33.676667,33.6,33.8,4.05,4.01,4.11,4841,4870,0,0,0,0,0,0,0,0
2021-11-08T02:00:00Z,30,18.425,14.48,21,10.205,4.46,12.2,14.587333,13.79,15.22,-6.344667,-6.4,-6.23,-116.984333,-134.31,-90.76,13.899333,13.12,14.53,34.263333,33.8,34.5,4.112333,4.09,4.12,4871,4900,0,0,0,0,0,0,0,0
2021-11-08T03:00:00Z,29,18.320345,14.25,20.74,11.123793,4.47,12.11,14.740345,14.06,15.21,-6.361379,-6.4,-6.23,-116.592069,-132.32,-89.52,13.943103,13.42,14.54,34.617241,34.5,34.8,4.118621,4.1,4.12,4901,4929,0,0,0,0,0,0,0,0
2021-11-08T04:00:00Z,30,19.063667,14.29,20.51,11.393,4.46,12.02,14.672667,14.12,15.2,-6.377,-6.41,-6.24,-121.622,-131.35,-89.76,14.025,13.47,14.45,35.09,34.8,35.4,4.122,4.1,4.13,4930,4959,0,0,0,0,0,0,0,0
2021-11-08T05:00:00Z,29,18.308621,14.44,20.81,9.836897,4.41,12.17,14.632759,13.9,15.24,-6.355172,-6.41,-6.25,-116.45,-133.28,-90.7,13.914138,13.26,14.45,35.668966,35.4,35.8,4.12069,4.1,4.13,4960,4988,0,0,0,0,0,0,0,0
2021-11-08T06:00:00Z,30,19.186333,15.63,20.6,11.282,4.51,11.94,14.664333,14.41,15.15,-6.381667,-6.41,-6.26,-122.492,-131.93,-97.93,13.940333,13.76,14.47,36.276667,35.9,36.6,4.124667,4.11,4.13,4989,5018,0,0,0,0,0,0,0,0
2021-11-08T07:00:00Z,29,19.14069,16.25,20.84,8.878966,4.58,11.64,14.736897,14.39,15.19,-6.344483,-6.41,-6.24,-121.432414,-131.98,-102.17,14.073103,13.76,14.47,36.855172,36.6,37.1,4.124828,4.12,4.13,5019,5047,0,0,0,0,0,0,0,0
2021-11-08T08:00:00Z,30,19.323,15.94,20.9,4.502667,4.41,4.58,14.765667,14.6,15.1,-6.266667,-6.28,-6.25,-121.096667,-131.15,-99.86,14.103667,13.93,14.42,37.2,37,37.4,4.12,4.12,4.12,5048,5077,0,0,0,0,0,0,0,0
2021-11-08T09:00:00Z,30,16.011,13.71,20.8,3.799667,3.41,4.4,14.264667,13.35,14.88,-6.353667,-6.43,-6.26,-101.620667,-130.54,-87.78,13.618,12.73,14.2,37.42,37.3,37.5,4.110667,4.1,4.12,5078,5107,0,0,0,0,0,0,0,0
2021-11-08T10:00:00Z,29,5.120345,0,13.82,1.469655,0,3.82,12.689655,12.59,13.19,-6.453448,-6.48,-6.42,-33.046897,-88.98,0,12.066897,11.95,12.59,37.089655,36.6,37.5,4.094138,4.08,4.1,5108,5136,0,0,0,0,0,0,0,0
2021-11-08T11:00:00Z,30,0,0,0,0,0,0,12.633667,12.61,12.66,-6.452667,-6.47,-6.44,0,0,0,12.006333,11.99,12.03,36.433333,36.3,36.6,4.077333,4.07,4.08,5137,5166,0,0,0,0,0,0,0,0
2021-11-08T12:00:00Z,29,0,0,0,0,0,0,12.624138,12.6,12.65,-6.452069,-6.47,-6.43,0,0,0,11.994828,11.97,12.02,36.255172,36.2,36.4,4.062759,4.06,4.07,5167,5195,0,0,0,0,0,0,0,0
2021-11-08T13:00:00Z,30,0,0,0,0,0,0,12.603333,12.57,12.63,-6.445333,-6.47,-6.43,0,0,0,11.976,11.96,11.99,36.093333,36,36.2,4.051,4.05,4.06,5196,5225,0,0,0,0,0,0,0,0
2021-11-08T14:00:00Z,29,0,0,0,0,0,0,12.582069,12.56,12.6,-6.443448,-6.46,-6.43,0,0,0,11.952414,11.94,11.96,35.858621,35.8,36,4.041379,4.03,4.05,5226,5254,0,0,0,0,0,0,0,0
2021-11-08T15:00:00Z,30,0,0,0,0,0,0,11.186,10.59,12.57,-6.523667,-6.58,-6.44,0,0,0,10.522,9.89,11.94,35.54,35.3,35.8,4.03,4.02,4.04,5255,5284,0,0,0,0,0,0,0,0
2021-11-08T16:00:00Z,29,0,0,0,0,0,0,10.62931,10.62,10.64,-6.552759,-6.57,-6.54,0,0,0,9.952759,9.94,9.97,35.082759,35,35.3,4.018276,4.01,4.02,5285,5313,0,0,0,0,0,0,0,0
2021-11-08T17:00:00Z,30,0,0,0,0,0,0,10.633,10.63,10.64,-6.546667,-6.56,-6.53,0,0,0,9.961,9.95,9.97,34.766667,34.6,34.9,4.01,4.01,4.01,5314,5343,0,0,0,0,0,0,0,0
2021-11-08T18:00:00Z,29,0,0,0,0,0,0,10.632759,10.63,10.64,-6.542759,-6.55,-6.53,0,0,0,9.962069,9.96,9.97,34.6,34.6,34.6,4.000345,4,4.01,5344,5372,0,0,0,0,0,0,0,0
2021-11-08T19:00:00Z,30,0,0,0,0,0,0,10.629667,10.62,10.64,-6.539333,-6.55,-6.53,0,0,0,9.956,9.94,9.97,34.433333,34.2,34.6,3.993,3.99,4,5373,5402,0,0,0,0,0,0,0,0
2021-11-08T20:00:00Z,30,0,0,0,0,0,0,10.618667,10.61,10.63,-6.537667,-6.55,-6.53,0,0,0,9.939,9.93,9.96,34.153333,34,34.3,3.984667,3.98,3.99,5403,5432,0,0,0,0,0,0,0,0
2021-11-08T21:00:00Z,29,0,0,0,0,0,0,10.601379,10.6,10.61,-6.536207,-6.55,-6.53,0,0,0,9.913103,9.89,9.93,33.872414,33.8,34,3.98,3.98,3.98,5433,5461,0,0,0,0,0,0,0,0
2021-11-08T22:00:00Z,30,2.686667,0,11.33,0.867333,0,3.89,10.597,10.58,10.64,-6.533333,-6.54,-6.51,-17.542667,-73.89,0,9.899,9.88,9.93,33.7,33.5,34.1,3.972333,3.97,3.98,5462,5491,0,0,0,0,0,0,0,0
2021-11-08T23:00:00Z,29,11.692759,10.8,12.46,4.056897,3.53,4.25,11.317586,10.66,12.01,-6.325172,-6.52,-6.21,-73.905862,-77.69,-70.39,10.671034,9.96,11.39,34.22069,34.2,34.3,3.962414,3.96,3.97,5492,5520,0,0,0,0,0,0,0,0
2021-11-09T00:00:00Z,30,13.563667,12.28,14.28,4.358333,4.25,4.45,13.008333,12.07,13.37,-6.239,-6.26,-6.21,-84.605667,-89.11,-76.43,12.359667,11.42,12.72,34.326667,34.2,34.6,3.980667,3.96,3.99,5521,5550,0,0,0,0,0,0,0,0
2021-11-09T01:00:00Z,29,13.838621,13.4,14.42,4.401379,4.33,4.47,13.38069,13.26,13.54,-6.25,-6.27,-6.23,-86.485172,-90.19,-83.55,12.726897,12.6,12.87,34.293103,34.2,34.4,4.003793,3.99,4.01,5551,5579,0,0,0,0,0,0,0,0
2021-11-09T02:00:00Z,30,13.888,13.62,14.39,4.459,4.43,4.47,13.455667,13.42,13.51,-6.283,-6.3,-6.26,-87.256,-90.49,-85.38,12.808333,12.78,12.84,34.35,34.3,34.4,4.035,4.02,4.04,5580,5609,0,0,0,0,0,0,0,0
2021-11-09T03:00:00Z,28,14.035,13.7,14.54,4.509286,4.46,4.53,13.580357,13.48,13.64,-6.296429,-6.3,-6.29,-88.3775,-91.61,-86.22,12.926786,12.83,12.98,34.478571,34.4,34.6,4.075714,4.05,4.09,5610,5638,0,0,0,0,0,0,0,0
2021-11-09T04:00:00Z,30,15.292667,13.84,20.37,5.946667,4.53,11.54,14.302333,13.6,14.82,-6.292667,-6.39,-6.24,-96.256667,-129.97,-87.15,13.633667,12.96,14.12,34.64,34.6,34.9,4.117333,4.1,4.13,5639,5668,0,0,0,0,0,0,0,0
2021-11-09T05:00:00Z,27,16.972963,15.68,20.54,7.404444,4.62,11.71,14.732222,14.41,14.87,-6.301852,-6.39,-6.24,-107.002963,-131.32,-98.08,14.018889,13.71,14.16,34.933333,34.9,35,4.120741,4.12,4.13,5669,5697,0,0,0,0,0,0,0,0
2021-11-09T06:00:00Z,25,17.8604,15.66,20.54,7.8396,4.57,11.62,14.6668,14.36,14.88,-6.3164,-6.4,-6.24,-112.84,-131.28,-97.9,13.9756,13.69,14.18,35.172,35,35.4,4.1224,4.12,4.13,5698,5725,0,0,0,0,0,0,0,0
2021-11-09T07:00:00Z,26,16.011154,15.55,20.45,4.567308,4.55,4.59,14.788846,14.6,14.84,-6.25,-6.26,-6.24,-100.071538,-127.96,-97.24,14.083077,13.91,14.13,35.323077,35.1,35.5,4.12,4.12,4.12,5726,5754,0,0,0,0,0,0,0,0
2021-11-09T08:00:00Z,23,16.035652,14.48,20.78,4.517391,4.46,4.57,14.603913,14.27,14.88,-6.26087,-6.28,-6.24,-100.388696,-130.08,-90.94,13.927391,13.62,14.15,35.617391,35.5,35.7,4.12,4.12,4.12,5755,5783,0,0,0,0,0,0,0,0
2021-11-09T09:00:00Z,25,13.7248,12.72,15.03,4.1744,3.41,4.46,13.416,12.65,14.22,-6.338,-6.45,-6.28,-86.9656,-94.34,-81.75,12.778,12.01,13.57,35.736,35.7,35.8,4.1092,4.09,4.12,5784,5812,0,0,0,0,0,0,0,0
2021-11-09T10:00:00Z,22,3.604545,0,13.18,1.309545,0,3.95,12.628182,12.6,12.66,-6.444545,-6.47,-6.42,-23.246364,-85.2,0,11.998636,11.96,12.02,35.227273,34.7,35.8,4.083182,4.07,4.1,5813,5840,0,0,0,0,0,0,0,0
2021-11-09T11:00:00Z,27,0,0,0,0,0,0,12.620741,12.6,12.64,-6.437407,-6.45,-6.42,0,0,0,11.994074,11.97,12.01,34.640741,34.6,34.7,4.057407,4.05,4.06,5843,5869,0,0,0,0,0,0,0,0
2021-11-09T12:00:00Z,30,0,0,0,0,0,0,12.611333,12.58,12.63,-6.435333,-6.45,-6.42,0,0,0,11.98,11.96,12,34.606667,34.6,34.7,4.047333,4.04,4.05,5870,5899,0,0,0,0,0,0,0,0
2021-11-09T13:00:00Z,30,0,0,0,0,0,0,12.592667,12.57,12.61,-6.435,-6.45,-6.41,0,0,0,11.964333,11.95,11.99,34.6,34.6,34.6,4.037,4.03,4.04,5900,5929,0,0,0,0,0,0,0,0
2021-11-09T14:00:00Z,29,0,0,0,0,0,0,12.571379,12.55,12.6,-6.432414,-6.44,-6.41,0,0,0,11.943793,11.93,11.96,34.555172,34.4,34.6,4.028966,4.02,4.03,5930,5958,0,0,0,0,0,0,0,0
2021-11-09T15:00:00Z,30,0,0,0,0,0,0,11.18,10.43,12.56,-6.513333,-6.57,-6.42,0,0,0,10.513333,9.74,11.93,34.303333,34.1,34.5,4.017,4.01,4.03,5959,5988,0,0,0,0,0,0,0,0
2021-11-09T16:00:00Z,29,0,0,0,0,0,0,10.613448,10.6,10.62,-6.545862,-6.56,-6.54,0,0,0,9.931034,9.92,9.94,34.017241,33.9,34.2,4.01,4.01,4.01,5989,6017,0,0,0,0,0,0,0,0
2021-11-09T17:00:00Z,29,0,0,0,0,0,0,10.614483,10.6,10.63,-6.545172,-6.55,-6.53,0,0,0,9.931724,9.92,9.94,33.768966,33.7,33.9,4.001379,4,4.01,6018,6047,0,0,0,0,0,0,0,0
2021-11-09T18:00:00Z,29,0,0,0,0,0,0,10.615862,10.61,10.62,-6.539655,-6.55,-6.53,0,0,0,9.934483,9.93,9.95,33.572414,33.4,33.7,3.994483,3.99,4,6048,6076,0,0,0,0,0,0,0,0
2021-11-09T19:00:00Z,30,0,0,0,0,0,0,10.615,10.6,10.63,-6.537667,-6.55,-6.53,0,0,0,9.934333,9.92,9.95,33.413333,33.4,33.5,3.986,3.98,3.99,6077,6106,0,0,0,0,0,0,0,0
2021-11-09T20:00:00Z,30,0,0,0,0,0,0,10.611,10.6,10.62,-6.531667,-6.54,-6.52,0,0,0,9.927333,9.91,9.95,33.323333,33.3,33.4,3.979667,3.97,3.98,6107,6136,0,0,0,0,0,0,0,0
2021-11-09T21:00:00Z,29,0,0,0,0,0,0,10.6,10.59,10.61,-6.531724,-6.54,-6.53,0,0,0,9.908966,9.89,9.93,33.131034,33,33.3,3.973793,3.97,3.98,6137,6165,0,0,0,0,0,0,0,0
2021-11-09T22:00:00Z,30,1.015,0,5.99,0.420333,0,2.53,10.586,10.57,10.6,-6.530333,-6.54,-6.52,-6.624,-39.06,0,9.884667,9.86,9.9,32.843333,32.7,33,3.968667,3.96,3.97,6166,6195,0,0,0,0,0,0,0,0
2021-11-09T23:00:00Z,29,11.137586,8.2,12.22,3.781724,2.8,4.18,10.933793,10.57,11.63,-6.395517,-6.54,-6.18,-71.164483,-75.63,-53.57,10.276207,9.87,10.98,33.358621,33,33.4,3.96,3.95,3.97,6196,6224,0,0,0,0,0,0,0,0
2021-11-10T00:00:00Z,30,12.766333,11.72,13.8,4.255333,4.18,4.32,12.506667,11.65,13.17,-6.145333,-6.18,-6.12,-78.454333,-84.77,-72.37,11.868,11.02,12.53,33.4,33.4,33.4,3.958333,3.95,3.97,6225,6254,0,0,0,0,0,0,0,0
2021-11-10T01:00:00Z,30,13.951333,13.32,14.48,4.423333,4.33,4.48,13.412,13.17,13.57,-6.230667,-6.26,-6.18,-86.925333,-90.52,-82.69,12.755,12.54,12.91,33.4,33.4,33.4,3.991667,3.97,4.02,6255,6284,0,0,0,0,0,0,0,0
2021-11-10T02:00:00Z,29,14.588966,13.81,20.3,4.556207,4.48,4.68,13.809655,13.57,14.73,-6.277931,-6.29,-6.23,-91.568621,-127.06,-86.53,13.144828,12.91,14.01,33.4,33.4,33.4,4.052414,4.02,4.11,6285,6313,0,0,0,0,0,0,0,0
2021-11-10T03:00:00Z,30,18.257,15.63,20.72,11.524667,4.7,12.22,14.639333,14.18,15.09,-6.368,-6.4,-6.24,-116.308667,-132.42,-99.45,13.964,13.55,14.33,33.933333,33.5,34.1,4.115667,4.11,4.12,6314,6343,0,0,0,0,0,0,0,0
2021-11-10T04:00:00Z,26,16.320769,15.53,20.49,5.121923,4.59,11.26,14.774615,14.6,14.86,-6.25,-6.38,-6.23,-101.977308,-128.01,-97.44,14.059231,13.9,14.15,34.003846,33.8,34.2,4.118462,4.11,4.12,6344,6372,0,0,0,0,0,0,0,0
2021-11-10T05:00:00Z,20,17.904,15.61,20.55,10.4595,4.62,11.96,14.679,14.36,14.96,-6.354,-6.39,-6.23,-113.79,-131.37,-98.84,13.988,13.72,14.28,34.53,34.2,34.7,4.121,4.11,4.13,6373,6400,0,0,0,0,0,0,0,0
2021-11-10T06:00:00Z,24,18.703333,15.69,21.08,8.965833,4.55,12.02,14.694167,14.44,15.09,-6.330417,-6.4,-6.23,-118.429167,-134.73,-97.85,14.038333,13.75,14.36,34.858333,34.7,35.1,4.1225,4.11,4.13,6401,6429,0,0,0,0,0,0,0,0
2021-11-10T07:00:00Z,19,16.957368,14.48,20.8,7.147368,4.47,11.76,14.715789,14.29,15.07,-6.300526,-6.41,-6.23,-106.955263,-132.58,-90.89,14.025789,13.64,14.39,35.236842,35,35.5,4.118421,4.11,4.13,6431,6457,0,0,0,0,0,0,0,0
2021-11-10T08:00:00Z,26,16.188077,14.27,20.92,5.063846,4.44,11.89,14.678846,14.11,14.96,-6.265769,-6.4,-6.23,-101.446154,-133.82,-89.68,13.996154,13.48,14.42,35.534615,35.3,35.7,4.119615,4.11,4.13,6458,6485,0,0,0,0,0,0,0,0
2021-11-10T09:00:00Z,23,13.65913,12.78,14.69,3.978261,3.42,4.4,13.29087,12.67,14.04,-6.354348,-6.45,-6.29,-86.783913,-92.56,-82.47,12.655652,12.03,13.41,35.726087,35.6,35.8,4.092174,4.08,4.11,6489,6514,0,0,0,0,0,0,0,0
2021-11-10T10:00:00Z,22,5.230909,0,13.24,1.605455,0,3.81,12.64,12.61,12.67,-6.446818,-6.47,-6.43,-33.747727,-85.59,0,12.009091,11.99,12.03,35.445455,34.8,35.8,4.072727,4.06,4.08,6515,6541,0,0,0,0,0,0,0,0
2021-11-10T11:00:00Z,25,0,0,0,0,0,0,12.6364,12.62,12.66,-6.4404,-6.45,-6.42,0,0,0,12.01,11.99,12.03,34.804,34.7,34.9,4.048,4.04,4.06,6543,6571,0,0,0,0,0,0,0,0
2021-11-10T12:00:00Z,22,0,0,0,0,0,0,12.625455,12.61,12.65,-6.429545,-6.45,-6.41,0,0,0,11.993636,11.98,12.01,34.7,34.7,34.7,4.030455,4.02,4.04,6573,6599,0,0,0,0,0,0,0,0
2021-11-10T13:00:00Z,29,0,0,0,0,0,0,12.606552,12.6,12.63,-6.432414,-6.44,-6.41,0,0,0,11.982414,11.97,11.99,34.606897,34.6,34.7,4.014828,4.01,4.02,6600,6629,0,0,0,0,0,0,0,0
2021-11-10T14:00:00Z,24,0,0,0,0,0,0,12.587917,12.57,12.6,-6.431667,-6.44,-6.42,0,0,0,11.96375,11.95,11.99,34.6,34.6,34.6,4.0025,4,4.01,6630,6657,0,0,0,0,0,0,0,0
2021-11-10T15:00:00Z,25,0,0,0,0,0,0,11.6252,10.59,12.58,-6.4824,-6.55,-6.42,0,0,0,10.9708,9.89,11.96,34.4,34.2,34.6,3.9876,3.98,4,6660,6686,0,0,0,0,0,0,0,0
2021-11-10T16:00:00Z,23,0,0,0,0,0,0,10.624783,10.61,10.63,-6.539565,-6.55,-6.53,0,0,0,9.946522,9.93,9.96,34.082609,33.9,34.2,3.976957,3.97,3.99,6687,6715,0,0,0,0,0,0,0,0
2021-11-10T17:00:00Z,22,0,0,0,0,0,0,10.628182,10.62,10.64,-6.533636,-6.54,-6.52,0,0,0,9.948182,9.93,9.96,33.813636,33.7,33.9,3.966364,3.96,3.97,6716,6743,0,0,0,0,0,0,0,0
2021-11-10T18:00:00Z,26,0,0,0,0,0,0,10.627692,10.62,10.63,-6.530385,-6.54,-6.51,0,0,0,9.953077,9.94,9.97,33.557692,33.4,33.7,3.957692,3.95,3.96,6744,6772,0,0,0,0,0,0,0,0
2021-11-10T19:00:00Z,22,0,0,0,0,0,0,10.633636,10.62,10.65,-6.525455,-6.54,-6.51,0,0,0,9.956364,9.94,9.97,33.4,33.4,33.4,3.947273,3.94,3.95,6773,6801,0,0,0,0,0,0,0,0
2021-11-10T20:00:00Z,23,0,0,0,0,0,0,10.626957,10.61,10.64,-6.522174,-6.54,-6.51,0,0,0,9.948261,9.93,9.96,33.304348,33.2,33.4,3.94087,3.93,3.95,6802,6829,0,0,0,0,0,0,0,0
2021-11-10T21:00:00Z,25,0,0,0,0,0,0,10.6152,10.6,10.63,-6.5164,-6.53,-6.5,0,0,0,9.9336,9.92,9.95,33.08,32.9,33.3,3.9328,3.93,3.94,6830,6858,0,0,0,0,0,0,0,0
2021-11-10T22:00:00Z,25,0.8312,0,4.91,0.236,0,2.09,10.6016,10.6,10.61,-6.5104,-6.53,-6.49,-5.4112,-31.92,0,9.9152,9.9,9.93,32.768,32.7,32.9,3.9292,3.92,3.93,6859,6884,0,0,0,0,0,0,0,0
2021-11-10T23:00:00Z,21,11.42381,10.64,12.47,3.853333,3.35,4.18,11.182381,10.6,12.27,-6.262857,-6.53,-5.92,-71.391429,-74.25,-69.12,10.515238,9.91,11.63,33.314286,33.1,33.4,3.92,3.91,3.93,6888,6910,0,0,0,0,0,0,0,0
2021-11-11T00:00:00Z,26,13.906154,13.33,14.47,4.296923,4.24,4.36,13.545385,13.25,13.65,-5.938077,-6.03,-5.87,-82.570385,-87.28,-78.2,12.905385,12.6,13.02,33.4,33.4,33.4,3.930769,3.92,3.94,6916,6944,0,0,0,0,0,0,0,0
2021-11-11T01:00:00Z,26,14.063462,13.71,14.79,4.421538,4.31,4.55,13.665769,13.54,13.92,-6.166923,-6.26,-6,-86.739231,-92.57,-82.85,13.008077,12.87,13.24,33.4,33.4,33.4,3.962692,3.94,3.98,6945,6973,0,0,0,0,0,0,0,0
2021-11-11T02:00:00Z,29,14.564138,13.89,20.75,4.473793,4.41,4.59,13.883103,13.57,14.78,-6.221379,-6.26,-6.21,-90.622414,-129.83,-86.28,13.213103,12.93,14.07,33.427586,33.4,33.6,3.993793,3.98,4.03,6974,7002,0,0,0,0,0,0,0,0
2021-11-11T03:00:00Z,30,14.842667,13.2,19.78,4.47,4.22,4.61,14.179667,13.05,14.84,-6.256667,-6.3,-6.23,-92.84,-123.76,-83.05,13.49,12.4,14.12,33.783333,33.6,33.9,4.039333,4.03,4.05,7003,7032,0,0,0,0,0,0,0,0
2021-11-11T04:00:00Z,30,14.449,13.1,21.03,4.384667,4.22,4.62,13.565333,13.01,14.81,-6.280333,-6.3,-6.23,-90.720667,-131.62,-82.52,12.912667,12.36,14.16,33.926667,33.7,34.2,4.041333,4.02,4.07,7033,7062,0,0,0,0,0,0,0,0
2021-11-11T05:00:00Z,29,15.893793,13.42,20.9,6.193103,4.38,11.58,14.387586,13.21,14.87,-6.29069,-6.4,-6.23,-100.007241,-131.97,-84.32,13.693103,12.57,14.17,34.331034,34.1,34.6,4.088276,4.05,4.12,7063,7091,0,0,0,0,0,0,0,0
2021-11-11T06:00:00Z,25,15.9876,13.63,21.21,5.1248,4.42,11.47,14.594,13.51,14.86,-6.2648,-6.39,-6.24,-100.166,-132.6,-85.91,13.9048,12.86,14.17,34.6,34.6,34.6,4.1192,4.11,4.13,7093,7120,0,0,0,0,0,0,0,0
2021-11-11T07:00:00Z,26,14.396538,13.27,21.02,4.475385,4.39,4.58,13.841923,13.1,14.81,-6.288462,-6.33,-6.24,-90.485769,-131.05,-83.78,13.196154,12.47,14.12,34.6,34.6,34.6,4.117692,4.11,4.12,7121,7148,0,0,0,0,0,0,0,0
2021-11-11T08:00:00Z,26,13.541538,12.98,14.2,4.38,3.52,4.47,13.23,12.75,13.63,-6.321538,-6.45,-6.3,-85.621538,-89.51,-82.21,12.588077,12.1,12.99,34.6,34.6,34.6,4.103077,4.1,4.11,7150,7178,0,0,0,0,0,0,0,0
2021-11-11T09:00:00Z,21,13.036667,12.71,13.77,3.81619,3.41,4.38,12.749048,12.62,13.07,-6.398095,-6.45,-6.33,-83.401905,-87.13,-81.9,12.108571,11.97,12.42,34.6,34.6,34.6,4.08381,4.07,4.1,7179,7206,0,0,0,0,0,0,0,0
2021-11-11T10:00:00Z,21,1.23381,0,11.92,0.53,0,3.38,12.615238,12.59,12.63,-6.434762,-6.45,-6.41,-7.929524,-76.53,0,11.989048,11.97,12.02,33.828571,33.5,34.6,4.051905,4.04,4.07,7207,7235,0,0,0,0,0,0,0,0
2021-11-11T11:00:00Z,20,0,0,0,0,0,0,12.6165,12.6,12.63,-6.423,-6.44,-6.41,0,0,0,11.9865,11.97,11.99,33.405,33.4,33.5,4.037,4.03,4.05,7236,7261,0,0,0,0,0,0,0,0
2021-11-11T12:00:00Z,18,0,0,0,0,0,0,12.601667,12.6,12.61,-6.425,-6.43,-6.41,0,0,0,11.971111,11.96,11.99,33.35,33.3,33.4,4.012778,4,4.02,7264,7291,0,0,0,0,0,0,0,0
2021-11-11T13:00:00Z,23,0,0,0,0,0,0,12.59087,12.57,12.6,-6.42,-6.43,-6.41,0,0,0,11.964348,11.95,11.98,33.178261,33,33.3,3.996957,3.99,4,7292,7319,0,0,0,0,0,0,0,0
2021-11-11T14:00:00Z,25,0,0,0,0,0,0,12.168,10.57,12.59,-6.4404,-6.54,-6.4,0,0,0,11.5276,9.87,11.96,32.88,32.7,33,3.9836,3.98,3.99,7320,7348,0,0,0,0,0,0,0,0
2021-11-11T15:00:00Z,30,0,0,0,0,0,0,10.615333,10.6,10.63,-6.531333,-6.54,-6.52,0,0,0,9.931,9.92,9.94,32.426667,32.3,32.6,3.978,3.97,3.98,7349,7378,0,0,0,0,0,0,0,0
2021-11-11T16:00:00Z,29,0,0,0,0,0,0,10.621379,10.61,10.63,-6.526552,-6.54,-6.52,0,0,0,9.944828,9.93,9.96,32.141379,32.1,32.3,3.970345,3.97,3.98,7379,7407,0,0,0,0,0,0,0,0
2021-11-11T17:00:00Z,30,0,0,0,0,0,0,10.624,10.61,10.63,-6.516,-6.53,-6.5,0,0,0,9.949,9.93,9.96,32.056667,32,32.1,3.962,3.96,3.97,7408,7437,0,0,0,0,0,0,0,0
2021-11-11T18:00:00Z,29,0,0,0,0,0,0,10.623103,10.61,10.63,-6.513793,-6.53,-6.5,0,0,0,9.943448,9.93,9.96,31.951724,31.8,32,3.957931,3.95,3.96,7438,7466,0,0,0,0,0,0,0,0
2021-11-11T19:00:00Z,22,0,0,0,0,0,0,10.617727,10.61,10.63,-6.515909,-6.53,-6.5,0,0,0,9.934545,9.92,9.96,31.731818,31.7,31.8,3.949545,3.94,3.96,7467,7494,0,0,0,0,0,0,0,0
2021-11-11T20:00:00Z,24,0,0,0,0,0,0,10.605833,10.6,10.62,-6.507917,-6.52,-6.49,0,0,0,9.92,9.91,9.93,31.583333,31.4,31.7,3.941667,3.94,3.95,7496,7524,0,0,0,0,0,0,0,0
2021-11-11T21:00:00Z,25,0,0,0,0,0,0,10.596,10.58,10.6,-6.5072,-6.52,-6.49,0,0,0,9.9024,9.88,9.93,31.348,31.3,31.5,3.9352,3.93,3.94,7525,7552,0,0,0,0,0,0,0,0
2021-11-11T22:00:00Z,27,0.928519,0,5.08,0.447778,0,2.46,10.585926,10.58,10.6,-6.507037,-6.53,-6.49,-6.042593,-33.05,0,9.885185,9.87,9.91,31.225926,31.1,31.3,3.928519,3.92,3.93,7553,7581,0,0,0,0,0,0,0,0
2021-11-11T23:00:00Z,21,11.057619,5.81,13.38,3.825238,2.49,4.22,11.164762,10.58,12.69,-6.238571,-6.52,-5.87,-68.690952,-78.46,-37.83,10.489048,9.86,12.05,31.614286,31.3,31.9,3.916667,3.91,3.92,7582,7609,0,0,0,0,0,0,0,0
2021-11-12T00:00:00Z,26,13.769231,13.04,14.5,4.271538,4.22,4.34,13.451923,12.81,13.69,-5.876538,-5.97,-5.83,-80.916154,-86.54,-76.32,12.812692,12.14,13.05,31.746154,31.6,31.9,3.922692,3.92,3.93,7610,7638,0,0,0,0,0,0,0,0
2021-11-12T01:00:00Z,27,14.455185,13.86,15.97,4.497778,4.37,4.59,13.997037,13.69,14.9,-6.181111,-6.25,-6,-89.37,-99.22,-83.66,13.324444,13.04,14.17,32.088889,32,32.1,3.973704,3.94,4.01,7640,7667,0,0,0,0,0,0,0,0
2021-11-12T02:00:00Z,29,17.521379,15.72,21.21,5.554828,4.53,11.78,14.819655,14.34,15.18,-6.237931,-6.38,-6.2,-109.334138,-132.27,-97.41,14.12931,13.71,14.63,32.372414,32.1,32.9,4.061379,4.02,4.14,7668,7696,0,0,0,0,0,0,0,0
2021-11-12T03:00:00Z,29,19.430345,16.11,20.45,11.725862,11.37,11.91,14.566552,14.31,15.06,-6.374138,-6.4,-6.35,-123.878966,-130.33,-102.44,13.921034,13.69,14.45,33.113793,32.9,33.3,4.11,4.1,4.12,7697,7726,0,0,0,0,0,0,0,0
2021-11-12T04:00:00Z,28,18.576071,15.81,20.66,10.678929,4.58,12.16,14.732857,14.37,15.27,-6.354286,-6.4,-6.24,-118.071786,-132.04,-98.65,14.046071,13.68,14.59,33.435714,33.3,33.6,4.118571,4.11,4.12,7727,7755,0,0,0,0,0,0,0,0
2021-11-12T05:00:00Z,30,18.744,15.48,21.02,9.119333,4.51,12.24,14.620333,14.37,14.92,-6.329667,-6.4,-6.21,-118.742,-134.09,-96.63,13.940667,13.7,14.42,33.923333,33.5,34.2,4.118333,4.11,4.13,7756,7785,0,0,0,0,0,0,0,0
2021-11-12T06:00:00Z,29,18.541724,15.6,21.11,8.071724,4.53,12.3,14.730345,14.42,15.09,-6.308276,-6.39,-6.24,-117.033793,-134.67,-97.38,14.062069,13.75,14.51,34.489655,34.2,34.6,4.124138,4.11,4.13,7786,7814,0,0,0,0,0,0,0,0
2021-11-12T07:00:00Z,30,18.189,13.99,21.53,9.606667,4.43,12.05,14.654333,13.77,15.22,-6.346,-6.4,-6.25,-115.491,-134.86,-87.98,13.977333,13.12,14.46,35.07,34.6,35.4,4.125333,4.11,4.13,7815,7844,0,0,0,0,0,0,0,0
2021-11-12T08:00:00Z,29,16.861379,13.69,21.24,4.513793,4.36,4.6,14.615172,13.56,15.09,-6.259655,-6.3,-6.22,-105.524483,-132.46,-86.29,13.926897,12.92,14.43,35.565517,35.2,35.8,4.118966,4.11,4.12,7845,7873,0,0,0,0,0,0,0,0
2021-11-12T09:00:00Z,30,14.588,13.18,20.46,4.071,3.44,4.41,13.937667,12.96,14.84,-6.316333,-6.43,-6.24,-92.090333,-127.95,-84.55,13.286667,12.33,14.15,35.813333,35.7,35.9,4.102667,4.09,4.12,7874,7903,0,0,0,0,0,0,0,0
2021-11-12T10:00:00Z,29,4.823793,0,13.24,1.398621,0,3.84,12.646552,12.61,12.82,-6.446552,-6.48,-6.43,-31.108621,-85.56,0,12.025172,11.97,12.23,35.448276,34.9,35.9,4.085172,4.08,4.1,7904,7932,0,0,0,0,0,0,0,0
2021-11-12T11:00:00Z,30,0,0,0,0,0,0,12.644333,12.61,12.66,-6.445667,-6.47,-6.42,0,0,0,12.011,11.99,12.04,34.806667,34.7,34.9,4.072,4.06,4.08,7933,7962,0,0,0,0,0,0,0,0
2021-11-12T12:00:00Z,30,0,0,0,0,0,0,12.621,12.6,12.65,-6.445,-6.47,-6.42,0,0,0,11.993333,11.98,12.02,34.716667,34.7,34.8,4.057,4.05,4.07,7963,7992,0,0,0,0,0,0,0,0
2021-11-12T13:00:00Z,29,0,0,0,0,0,0,12.605172,12.58,12.63,-6.43931,-6.45,-6.42,0,0,0,11.97931,11.96,11.99,34.6,34.6,34.6,4.045862,4.04,4.05,7993,8021,0,0,0,0,0,0,0,0
2021-11-12T14:00:00Z,30,0,0,0,0,0,0,12.582333,12.55,12.6,-6.434333,-6.45,-6.42,0,0,0,11.953333,11.93,11.97,34.58,34.5,34.6,4.036333,4.03,4.04,8022,8051,0,0,0,0,0,0,0,0
2021-11-12T15:00:00Z,29,0,0,0,0,0,0,11.016552,10.56,12.56,-6.527586,-6.57,-6.43,0,0,0,10.344828,9.85,11.93,34.286207,34.1,34.5,4.025172,4.02,4.03,8052,8080,0,0,0,0,0,0,0,0
2021-11-12T16:00:00Z,30,0,0,0,0,0,0,10.627,10.62,10.64,-6.545333,-6.57,-6.53,0,0,0,9.953667,9.95,9.96,33.923333,33.8,34.1,4.013667,4.01,4.02,8081,8110,0,0,0,0,0,0,0,0
2021-11-12T17:00:00Z,29,0,0,0,0,0,0,10.630345,10.62,10.64,-6.543448,-6.55,-6.53,0,0,0,9.95931,9.95,9.97,33.644828,33.5,33.8,4.005862,4,4.01,8111,8139,0,0,0,0,0,0,0,0
2021-11-12T18:00:00Z,30,0,0,0,0,0,0,10.632333,10.63,10.65,-6.540667,-6.55,-6.53,0,0,0,9.960667,9.95,9.97,33.413333,33.3,33.5,3.999333,3.99,4,8140,8169,0,0,0,0,0,0,0,0
2021-11-12T19:00:00Z,30,0,0,0,0,0,0,10.633667,10.63,10.65,-6.535667,-6.55,-6.53,0,0,0,9.963667,9.96,9.98,33.306667,33.2,33.4,3.990333,3.99,4,8170,8199,0,0,0,0,0,0,0,0
2021-11-12T20:00:00Z,29,0,0,0,0,0,0,10.628621,10.62,10.64,-6.531379,-6.54,-6.52,0,0,0,9.95,9.93,9.97,33.031034,32.9,33.2,3.981724,3.98,3.99,8200,8228,0,0,0,0,0,0,0,0
2021-11-12T21:00:00Z,30,0,0,0,0,0,0,10.614667,10.6,10.63,-6.528,-6.53,-6.52,0,0,0,9.930667,9.91,9.94,32.66,32.5,32.9,3.978667,3.97,3.98,8229,8258,0,0,0,0,0,0,0,0
2021-11-12T22:00:00Z,29,1.012069,0,6.2,0.466207,0,2.49,10.601034,10.59,10.61,-6.525517,-6.53,-6.51,-6.607931,-40.47,0,9.912759,9.9,9.93,32.413793,32.3,32.5,3.970345,3.97,3.98,8259,8287,0,0,0,0,0,0,0,0
2021-11-12T23:00:00Z,30,11.076667,7.71,12.48,3.824333,2.67,4.23,10.976333,10.59,11.84,-6.385667,-6.53,-6.2,-70.647,-77.41,-50.34,10.315667,9.9,11.18,33.123333,32.5,33.3,3.962667,3.96,3.97,8288,8317,0,0,0,0,0,0,0,0
2021-11-13T00:00:00Z,30,13.052667,11.99,13.95,4.287667,4.23,4.36,12.715667,11.88,13.18,-6.187667,-6.25,-6.14,-80.754,-87.14,-74.09,12.077,11.25,12.54,33.26,33.1,33.4,3.966,3.96,3.98,8318,8347,0,0,0,0,0,0,0,0
2021-11-13T01:00:00Z,29,13.845172,13.31,14.48,4.431034,4.34,4.48,13.437241,13.14,13.58,-6.245172,-6.29,-6.22,-86.476207,-90.77,-83.2,12.778621,12.51,12.93,33.282759,33.2,33.3,4.001034,3.98,4.03,8348,8376,0,0,0,0,0,0,0,0
2021-11-13T02:00:00Z,30,15.046667,13.79,20.41,5.533,4.48,12.01,13.954,13.56,14.83,-6.291,-6.4,-6.23,-94.676667,-130.45,-86.55,13.276333,12.89,14.11,33.296667,33.2,33.4,4.068333,4.03,4.12,8377,8406,0,0,0,0,0,0,0,0
2021-11-13T03:00:00Z,29,17.461724,15.66,20.68,11.702069,11.48,11.91,14.65069,14.25,14.85,-6.373793,-6.41,-6.34,-111.318276,-132.29,-99.71,13.918621,13.64,14.12,33.655172,33.5,33.8,4.116207,4.11,4.12,8407,8435,0,0,0,0,0,0,0,0
2021-11-13T04:00:00Z,30,19.023667,15.7,20.84,11.825,11.36,12.16,14.632667,14.31,15.24,-6.377,-6.4,-6.35,-121.344667,-132.99,-100.08,13.945667,13.66,14.46,34.043333,33.8,34.2,4.12,4.12,4.12,8436,8465,0,0,0,0,0,0,0,0
2021-11-13T05:00:00Z,29,19.433103,16.03,20.94,11.488621,4.61,12.16,14.63069,14.36,15.21,-6.374828,-6.4,-6.24,-123.897931,-133.97,-102.19,13.938621,13.7,14.38,34.468966,34.2,34.6,4.12,4.11,4.13,8466,8494,0,0,0,0,0,0,0,0
2021-11-13T06:00:00Z,30,18.692333,15.69,20.57,11.005,4.53,12.14,14.737333,14.38,15.18,-6.365,-6.4,-6.24,-119.014333,-131.47,-97.99,14.048,13.75,14.45,34.726667,34.6,35,4.121667,4.11,4.13,8495,8524,0,0,0,0,0,0,0,0
2021-11-13T07:00:00Z,30,17.708667,14.51,21.23,5.247667,4.47,11.67,14.667333,14.32,15.1,-6.264333,-6.4,-6.23,-110.961,-133.9,-90.96,13.987333,13.67,14.36,35.003333,34.7,35.6,4.123667,4.12,4.14,8525,8554,0,0,0,0,0,0,0,0
2021-11-13T08:00:00Z,29,19.654828,15.95,21.14,4.57069,4.51,4.62,14.807241,14.6,15.06,-6.247241,-6.26,-6.22,-122.806207,-132.05,-99.45,14.131724,13.91,14.5,35.627586,35.4,35.8,4.12,4.12,4.12,8555,8583,0,0,0,0,0,0,0,0
2021-11-13T09:00:00Z,30,14.747,13.84,20.71,4.41,4.17,4.52,14.188333,13.62,14.81,-6.281333,-6.3,-6.25,-92.617667,-129.6,-87.15,13.533333,12.98,14.12,35.753333,35.7,35.8,4.118333,4.11,4.12,8584,8613,0,0,0,0,0,0,0,0
2021-11-13T10:00:00Z,29,5.093793,0,14.22,1.474483,0,3.97,12.722759,12.6,13.5,-6.440345,-6.47,-6.33,-32.760345,-90.07,0,12.090345,11.96,12.87,35.396552,34.7,35.9,4.104138,4.09,4.11,8614,8642,0,0,0,0,0,0,0,0
2021-11-13T11:00:00Z,30,0,0,0,0,0,0,12.635667,12.6,12.66,-6.444,-6.47,-6.43,0,0,0,12.003333,11.98,12.03,34.68,34.6,34.8,4.087,4.08,4.1,8643,8672,0,0,0,0,0,0,0,0
2021-11-13T12:00:00Z,30,0,0,0,0,0,0,12.617333,12.59,12.64,-6.440667,-6.46,-6.43,0,0,0,11.992667,11.97,12.01,34.606667,34.6,34.7,4.074333,4.07,4.08,8673,8702,0,0,0,0,0,0,0,0
2021-11-13T13:00:00Z,29,0,0,0,0,0,0,12.604483,12.58,12.63,-6.43931,-6.46,-6.41,0,0,0,11.972414,11.95,11.99,34.6,34.6,34.6,4.058276,4.05,4.07,8703,8731,0,0,0,0,0,0,0,0
2021-11-13T14:00:00Z,30,0,0,0,0,0,0,12.575667,12.54,12.6,-6.439,-6.46,-6.42,0,0,0,11.946,11.9,11.97,34.49,34.4,34.6,4.047,4.04,4.05,8732,8761,0,0,0,0,0,0,0,0
2021-11-13T15:00:00Z,26,0,0,0,0,0,0,10.691923,10.56,12.51,-6.546154,-6.56,-6.45,0,0,0,10.006923,9.84,11.87,34.165385,34,34.3,4.035,4.03,4.04,8762,8789,0,0,0,0,0,0,0,0
2021-11-13T16:00:00Z,22,0,0,0,0,0,0,10.631364,10.62,10.64,-6.542727,-6.55,-6.53,0,0,0,9.955909,9.94,9.96,33.859091,33.8,34,4.015,4.01,4.03,8791,8818,0,0,0,0,0,0,0,0
2021-11-13T17:00:00Z,29,0,0,0,0,0,0,10.635517,10.63,10.64,-6.540345,-6.55,-6.53,0,0,0,9.96,9.95,9.97,33.617241,33.5,33.8,4.004483,4,4.01,8819,8848,0,0,0,0,0,0,0,0
2021-11-13T18:00:00Z,29,0,0,0,0,0,0,10.639655,10.63,10.65,-6.538276,-6.54,-6.53,0,0,0,9.964828,9.95,9.98,33.413793,33.4,33.5,3.997586,3.99,4,8849,8877,0,0,0,0,0,0,0,0
2021-11-13T19:00:00Z,30,0,0,0,0,0,0,10.634,10.62,10.65,-6.532,-6.54,-6.52,0,0,0,9.958,9.93,9.98,33.34,33.3,33.4,3.988333,3.98,3.99,8878,8907,0,0,0,0,0,0,0,0
2021-11-13T20:00:00Z,29,0,0,0,0,0,0,10.624483,10.61,10.63,-6.531724,-6.54,-6.53,0,0,0,9.944828,9.93,9.96,33.213793,33,33.3,3.98,3.98,3.98,8908,8936,0,0,0,0,0,0,0,0
2021-11-13T21:00:00Z,30,0,0,0,0,0,0,10.609667,10.6,10.62,-6.530333,-6.54,-6.52,0,0,0,9.924,9.9,9.94,32.94,32.8,33.1,3.977667,3.97,3.98,8937,8966,0,0,0,0,0,0,0,0
2021-11-13T22:00:00Z,30,1.102,0,5.2,0.447667,0,2.56,10.599,10.59,10.61,-6.531,-6.54,-6.52,-7.192667,-33.92,0,9.904333,9.88,9.93,32.61,32.5,32.8,3.969667,3.96,3.98,8967,8996,0,0,0,0,0,0,0,0
2021-11-13T23:00:00Z,29,11.162759,7.7,12.11,3.903103,2.71,4.23,10.944138,10.59,11.6,-6.350345,-6.54,-6.19,-70.821724,-75.12,-50.29,10.292414,9.88,10.95,33.310345,32.7,33.4,3.961379,3.96,3.97,8997,9025,0,0,0,0,0,0,0,0
2021-11-14T00:00:00Z,30,13.156,11.91,13.93,4.298,4.25,4.35,12.799667,11.72,13.16,-6.185,-6.25,-6.16,-81.366,-87,-73.64,12.16,11.08,12.51,33.4,33.4,33.4,3.964667,3.96,3.98,9026,9055,0,0,0,0,0,0,0,0
2021-11-14T01:00:00Z,30,13.791333,13.32,14.29,4.399333,4.35,4.46,13.349333,13.18,13.5,-6.233667,-6.25,-6.22,-85.956667,-89.08,-83.24,12.692333,12.53,12.84,33.4,33.4,33.4,3.993333,3.98,4.01,9056,9085,0,0,0,0,0,0,0,0
2021-11-14T02:00:00Z,29,14.101034,13.48,14.76,4.52069,4.39,4.63,13.643793,13.33,14.01,-6.275862,-6.3,-6.24,-88.495862,-92.8,-84.1,12.978276,12.69,13.32,33.4,33.4,33.4,4.042069,4,4.08,9086,9114,0,0,0,0,0,0,0,0
2021-11-14T03:00:00Z,30,14.167667,13.81,14.63,4.565667,4.53,4.59,13.747,13.59,13.89,-6.290667,-6.3,-6.28,-89.123667,-91.95,-86.96,13.085333,12.94,13.23,33.4,33.4,33.4,4.101,4.08,4.12,9115,9144,0,0,0,0,0,0,0,0
2021-11-14T04:00:00Z,24,14.0575,13.79,14.7,4.54375,4.52,4.58,13.747083,13.63,13.88,-6.28875,-6.3,-6.28,-88.400417,-92.42,-86.79,13.09125,12.97,13.23,33.5625,33.4,33.7,4.117917,4.11,4.12,9145,9172,0,0,0,0,0,0,0,0
2021-11-14T05:00:00Z,24,13.805417,13.48,14.3,4.488333,4.48,4.52,13.46125,13.35,13.7,-6.30125,-6.32,-6.28,-87.00625,-90.01,-85.06,12.815,12.71,13.05,33.770833,33.7,33.8,4.12,4.12,4.12,9173,9200,0,0,0,0,0,0,0,0
2021-11-14T06:00:00Z,17,13.831176,12.9,14.56,4.408235,3.44,4.49,13.546471,12.83,13.84,-6.3,-6.4,-6.29,-87.164118,-91.61,-82.55,12.9,12.16,13.19,33.870588,33.8,34.1,4.111765,4.1,4.12,9205,9229,0,0,0,0,0,0,0,0
2021-11-14T07:00:00Z,29,14.131379,12.87,15.35,4.454828,3.44,4.55,13.83931,12.78,14.63,-6.286207,-6.41,-6.24,-88.81,-95.69,-82.53,13.186207,12.12,13.94,33.906897,33.8,34,4.117586,4.1,4.12,9230,9258,0,0,0,0,0,0,0,0
2021-11-14T08:00:00Z,30,13.666667,13.31,14.18,4.447333,4.4,4.47,13.322333,13.1,13.55,-6.306333,-6.32,-6.29,-86.193333,-89.33,-84.05,12.676,12.46,12.9,33.753333,33.6,33.9,4.12,4.12,4.12,9259,9288,0,0,0,0,0,0,0,0
2021-11-14T09:00:00Z,30,13.239667,12.76,14,4.219,3.47,4.46,12.962667,12.65,13.28,-6.344,-6.44,-6.3,-83.981667,-88.37,-81.85,12.32,12.01,12.63,33.646667,33.5,33.8,4.114333,4.1,4.12,9289,9318,0,0,0,0,0,0,0,0
2021-11-14T10:00:00Z,29,4.367241,0,13.3,1.447241,0,3.98,12.62,12.59,12.64,-6.436207,-6.46,-6.41,-28.112414,-85.37,0,11.987241,11.96,12.02,33.027586,32.3,33.5,4.096207,4.09,4.1,9319,9347,0,0,0,0,0,0,0,0
2021-11-14T11:00:00Z,30,0,0,0,0,0,0,12.608333,12.58,12.63,-6.429,-6.45,-6.41,0,0,0,11.971333,11.95,12,32.14,32.1,32.3,4.082,4.07,4.09,9348,9377,0,0,0,0,0,0,0,0
2021-11-14T12:00:00Z,29,0,0,0,0,0,0,12.603448,12.57,12.63,-6.43069,-6.45,-6.4,0,0,0,11.956897,11.94,11.98,32.075862,32,32.1,4.067586,4.06,4.08,9378,9406,0,0,0,0,0,0,0,0
2021-11-14T13:00:00Z,30,0,0,0,0,0,0,12.583,12.56,12.6,-6.423667,-6.44,-6.4,0,0,0,11.947333,11.93,11.96,32,32,32,4.053333,4.05,4.06,9407,9436,0,0,0,0,0,0,0,0
2021-11-14T14:00:00Z,26,0,0,0,0,0,0,12.327308,10.54,12.58,-6.433462,-6.55,-6.4,0,0,0,11.681538,9.82,11.94,31.9,31.8,32,4.04,4.03,4.05,9437,9465,0,0,0,0,0,0,0,0
2021-11-14T15:00:00Z,28,0,0,0,0,0,0,10.606786,10.6,10.62,-6.529643,-6.55,-6.51,0,0,0,9.915357,9.9,9.93,31.614286,31.5,31.8,4.023214,4.01,4.03,9466,9494,0,0,0,0,0,0,0,0
2021-11-14T16:00:00Z,19,0,0,0,0,0,0,10.612632,10.6,10.62,-6.529474,-6.54,-6.51,0,0,0,9.926316,9.91,9.93,31.368421,31.3,31.5,4.005789,4,4.01,9496,9522,0,0,0,0,0,0,0,0
2021-11-14T17:00:00Z,29,0,0,0,0,0,0,10.616552,10.61,10.62,-6.522069,-6.53,-6.51,0,0,0,9.929655,9.92,9.94,31.189655,31,31.3,3.994828,3.99,4,9523,9551,0,0,0,0,0,0,0,0
2021-11-14T18:00:00Z,24,0,0,0,0,0,0,10.61125,10.6,10.62,-6.511667,-6.53,-6.5,0,0,0,9.9225,9.9,9.93,30.958333,30.9,31,3.98,3.97,3.99,9552,9580,0,0,0,0,0,0,0,0
2021-11-14T19:00:00Z,23,0,0,0,0,0,0,10.602609,10.6,10.61,-6.514348,-6.53,-6.5,0,0,0,9.907391,9.88,9.93,30.869565,30.8,30.9,3.97087,3.97,3.98,9582,9606,0,0,0,0,0,0,0,0
2021-11-14T20:00:00Z,29,0,0,0,0,0,0,10.594483,10.58,10.61,-6.508276,-6.52,-6.5,0,0,0,9.88931,9.87,9.91,30.686207,30.6,30.8,3.959655,3.95,3.96,9610,9638,0,0,0,0,0,0,0,0
2021-11-14T21:00:00Z,29,0,0,0,0,0,0,10.585172,10.58,10.59,-6.507586,-6.52,-6.5,0,0,0,9.875517,9.86,9.9,30.527586,30.5,30.6,3.951379,3.95,3.96,9639,9667,0,0,0,0,0,0,0,0
2021-11-14T22:00:00Z,30,1.016333,0,5.44,0.352667,0,2.27,10.576667,10.56,10.59,-6.509667,-6.53,-6.48,-6.619333,-35.52,0,9.864333,9.85,9.88,30.42,30.3,30.5,3.95,3.95,3.95,9668,9697,0,0,0,0,0,0,0,0
2021-11-14T23:00:00Z,30,10.841333,4.21,12.26,3.800333,2.5,4.25,11.032667,10.57,11.73,-6.281667,-6.52,-6.06,-67.877667,-74.44,-27.45,10.365,9.84,11.08,30.8,30.5,31,3.942667,3.94,3.95,9698,9727,0,0,0,0,0,0,0,0
2021-11-15T00:00:00Z,29,13.057931,11.98,14.35,4.235517,4.18,4.35,12.674828,11.9,13.56,-6.032414,-6.07,-5.98,-78.762069,-86.81,-72.68,12.033103,11.25,12.9,30.865517,30.8,30.9,3.943103,3.94,3.96,9728,9756,0,0,0,0,0,0,0,0
2021-11-15T01:00:00Z,30,15.121,13.71,19.73,4.486667,4.33,4.59,14.179333,13.55,14.91,-6.173667,-6.22,-6.04,-93.373667,-122.65,-82.86,13.488667,12.89,14.19,31.26,30.9,31.6,3.994,3.95,4.04,9757,9786,0,0,0,0,0,0,0,0
2021-11-15T02:00:00Z,29,17.171034,14.21,20.74,4.584138,4.47,4.68,14.603103,13.84,15.12,-6.223448,-6.26,-6.2,-106.845862,-129.21,-88.94,13.902069,13.18,14.32,31.713793,31.6,31.8,4.07069,4.04,4.11,9787,9815,0,0,0,0,0,0,0,0
2021-11-15T03:00:00Z,24,17.7575,13.93,21.03,8.551667,4.47,12.18,14.629583,13.78,15.17,-6.296667,-6.37,-6.19,-111.874583,-133.66,-87.4,13.933333,13.11,14.45,32.045833,31.7,32.1,4.109167,4.1,4.12,9816,9844,0,0,0,0,0,0,0,0
2021-11-15T04:00:00Z,26,18.866538,14.57,21.42,7.45,4.5,12.27,14.681923,13.85,15.21,-6.279615,-6.39,-6.21,-118.546538,-136.56,-91.37,14.037308,13.2,14.86,32.561538,32.1,33.2,4.116538,4.11,4.13,9845,9873,0,0,0,0,0,0,0,0
2021-11-15T05:00:00Z,22,17.390455,14.45,20.98,6.455,4.48,11.95,14.725909,14.25,15.03,-6.268182,-6.39,-6.22,-109.071818,-133.98,-90.24,14,13.58,14.33,33.195455,33,33.4,4.116364,4.11,4.13,9874,9902,0,0,0,0,0,0,0,0
2021-11-15T06:00:00Z,21,18.665714,15.7,21.07,7.557619,4.54,11.9,14.724762,14.42,15.01,-6.298095,-6.39,-6.22,-117.603333,-134.56,-97.82,13.994762,13.76,14.3,33.619048,33.4,33.9,4.119048,4.11,4.13,9903,9930,0,0,0,0,0,0,0,0
2021-11-15T07:00:00Z,22,18.013636,14.05,21.05,6.106818,4.43,11.51,14.708182,13.92,15.02,-6.271818,-6.4,-6.22,-113.006818,-131.61,-88.24,14.013182,13.28,14.53,34.027273,33.8,34.2,4.116818,4.1,4.13,9931,9958,0,0,0,0,0,0,0,0
2021-11-15T08:00:00Z,26,14.629615,13.57,19.67,4.433077,4.36,4.53,13.896154,13.44,14.77,-6.286538,-6.31,-6.24,-91.953077,-123.01,-85.61,13.245385,12.81,14.02,34.196154,34.1,34.2,4.11,4.1,4.12,9960,9988,0,0,0,0,0,0,0,0
2021-11-15T09:00:00Z,29,13.379655,12.75,14.05,3.83931,3.34,4.36,12.946897,12.66,13.43,-6.385172,-6.46,-6.3,-85.427931,-88.65,-81.98,12.3,12.02,12.78,34.413793,34.2,34.6,4.095862,4.09,4.1,9989,10017,0,0,0,0,0,0,0,0
2021-11-15T10:00:00Z,30,4.011,0,13.33,1.154333,0,3.84,12.633333,12.6,12.66,-6.440667,-6.47,-6.42,-25.841333,-85.68,0,12.002333,11.98,12.03,34.036667,33.5,34.6,4.081333,4.07,4.09,10018,10047,0,0,0,0,0,0,0,0
2021-11-15T11:00:00Z,30,0,0,0,0,0,0,12.625,12.6,12.65,-6.436333,-6.45,-6.41,0,0,0,11.994333,11.97,12.02,33.406667,33.4,33.5,4.067333,4.06,4.08,10048,10077,0,0,0,0,0,0,0,0
2021-11-15T12:00:00Z,29,0,0,0,0,0,0,12.615862,12.59,12.63,-6.435172,-6.45,-6.41,0,0,0,11.983793,11.96,12,33.4,33.4,33.4,4.053448,4.05,4.06,10078,10106,0,0,0,0,0,0,0,0
2021-11-15T13:00:00Z,30,0,0,0,0,0,0,12.594667,12.58,12.61,-6.429,-6.45,-6.41,0,0,0,11.965,11.96,11.98,33.39,33.3,33.4,4.043667,4.04,4.05,10107,10136,0,0,0,0,0,0,0,0
2021-11-15T14:00:00Z,29,0,0,0,0,0,0,12.080345,10.59,12.6,-6.455517,-6.57,-6.41,0,0,0,11.434483,9.88,11.96,33.3,33.2,33.4,4.033448,4.03,4.04,10137,10165,0,0,0,0,0,0,0,0
2021-11-15T15:00:00Z,30,0,0,0,0,0,0,10.622,10.61,10.63,-6.540667,-6.55,-6.53,0,0,0,9.937333,9.93,9.95,32.983333,32.8,33.2,4.024333,4.02,4.03,10166,10195,0,0,0,0,0,0,0,0
2021-11-15T16:00:00Z,30,0,0,0,0,0,0,10.625667,10.61,10.63,-6.537667,-6.55,-6.53,0,0,0,9.942333,9.93,9.96,32.62,32.5,32.9,4.013333,4.01,4.02,10196,10225,0,0,0,0,0,0,0,0
2021-11-15T17:00:00Z,29,0,0,0,0,0,0,10.63,10.63,10.63,-6.533793,-6.54,-6.52,0,0,0,9.946897,9.93,9.96,32.396552,32.3,32.5,4.004483,4,4.01,10226,10254,0,0,0,0,0,0,0,0
2021-11-15T18:00:00Z,30,0,0,0,0,0,0,10.629,10.62,10.64,-6.533667,-6.54,-6.53,0,0,0,9.952667,9.93,9.96,32.15,32.1,32.3,3.997333,3.99,4,10255,10284,0,0,0,0,0,0,0,0
2021-11-15T19:00:00Z,29,0,0,0,0,0,0,10.625862,10.61,10.63,-6.527931,-6.54,-6.52,0,0,0,9.943103,9.93,9.96,32.086207,32,32.1,3.98931,3.98,3.99,10285,10313,0,0,0,0,0,0,0,0
2021-11-15T20:00:00Z,30,0,0,0,0,0,0,10.616,10.6,10.63,-6.522,-6.54,-6.51,0,0,0,9.929333,9.91,9.95,32.003333,32,32.1,3.980333,3.98,3.99,10314,10343,0,0,0,0,0,0,0,0
2021-11-15T21:00:00Z,30,0,0,0,0,0,0,10.603333,10.6,10.61,-6.521,-6.53,-6.51,0,0,0,9.91,9.9,9.93,31.886667,31.7,32,3.976333,3.97,3.98,10344,10373,0,0,0,0,0,0,0,0
2021-11-15T22:00:00Z,29,0.718276,0,5.32,0.197586,0,1.92,10.594138,10.58,10.6,-6.524138,-6.54,-6.51,-4.687586,-34.74,0,9.891034,9.87,9.91,31.710345,31.7,31.8,3.969655,3.96,3.97,10374,10402,0,0,0,0,0,0,0,0
2021-11-15T23:00:00Z,30,10.592667,2.85,12.22,3.819667,2.27,4.22,10.99,10.58,11.65,-6.354667,-6.53,-6.17,-67.142,-75.56,-18.58,10.325667,9.87,11.02,32.046667,31.7,32.1,3.962333,3.95,3.97,10403,10432,0,0,0,0,0,0,0,0
2021-11-16T00:00:00Z,29,11.782069,10.9,13.06,4.032414,3.47,4.27,11.531724,10.78,12.4,-6.241724,-6.49,-6.14,-73.493448,-80.24,-69.9,10.882069,10.08,11.77,32.110345,32.1,32.2,3.955172,3.95,3.96,10433,10461,0,0,0,0,0,0,0,0
2021-11-16T01:00:00Z,30,13.459333,12,14.04,4.318,4.18,4.36,13.089,11.63,13.29,-6.162,-6.23,-6.1,-82.942667,-87.47,-73.58,12.433,10.98,12.62,32.1,32.1,32.1,3.967,3.95,3.98,10462,10491,0,0,0,0,0,0,0,0
2021-11-16T02:00:00Z,30,13.758,13.44,14.26,4.391333,4.36,4.46,13.412,13.28,13.58,-6.221333,-6.24,-6.21,-85.591667,-88.66,-83.72,12.756,12.61,12.93,32.13,32.1,32.2,3.990667,3.98,4.01,10492,10521,0,0,0,0,0,0,0,0
2021-11-16T03:00:00Z,29,16.638621,13.84,21.02,6.546207,4.47,11.74,14.522759,13.63,15.03,-6.271034,-6.39,-6.21,-104.377241,-132.2,-86.48,13.83069,12.96,14.29,32.527586,32.2,32.9,4.085862,4.01,4.12,10522,10550,0,0,0,0,0,0,0,0
2021-11-16T04:00:00Z,30,17.934333,15.5,20.79,10.928667,4.58,12.08,14.684333,14.29,15.2,-6.352333,-6.39,-6.22,-113.994,-132.42,-97.49,13.974,13.64,14.37,33.063333,32.7,33.3,4.118333,4.11,4.12,10551,10580,0,0,0,0,0,0,0,0
2021-11-16T05:00:00Z,29,18.533793,15.64,20.85,10.137241,4.54,11.93,14.681379,14.35,15.06,-6.33931,-6.39,-6.22,-117.552414,-132.92,-97.44,13.966207,13.68,14.33,33.355172,33.2,33.4,4.118621,4.11,4.12,10581,10609,0,0,0,0,0,0,0,0
2021-11-16T06:00:00Z,30,17.339667,13.96,21.05,6.252333,4.47,12.09,14.551,13.75,14.87,-6.273667,-6.39,-6.21,-108.841333,-133.83,-87.68,13.866333,13.09,14.3,33.496667,33.4,33.9,4.120333,4.11,4.13,10610,10639,0,0,0,0,0,0,0,0
2021-11-16T07:00:00Z,30,17.425,14.66,21.04,6.048333,4.51,12.06,14.748667,14.28,15.01,-6.266333,-6.39,-6.23,-109.248,-134.49,-91.81,14.088333,13.63,14.37,34.046667,33.8,34.2,4.121667,4.11,4.13,10640,10669,0,0,0,0,0,0,0,0
2021-11-16T08:00:00Z,29,18.434828,14.69,21,5.274138,4.47,11.53,14.757586,14.26,15.01,-6.257586,-6.4,-6.22,-115.383448,-134.31,-91.9,14.066552,13.6,14.33,34.417241,34.2,34.5,4.121034,4.12,4.13,10670,10698,0,0,0,0,0,0,0,0
2021-11-16T09:00:00Z,30,13.700333,12.81,15.09,4.230667,3.45,4.46,13.415333,12.71,14.76,-6.322667,-6.44,-6.24,-86.597,-94.14,-82.34,12.769,12.05,14.06,34.36,34.3,34.5,4.111333,4.1,4.12,10699,10728,0,0,0,0,0,0,0,0
2021-11-16T10:00:00Z,29,4.652759,0,13.11,1.382069,0,3.85,12.642414,12.61,12.7,-6.44,-6.45,-6.41,-29.980345,-84.61,0,12.010345,11.97,12.07,33.944828,33.4,34.5,4.095172,4.08,4.1,10729,10757,0,0,0,0,0,0,0,0
2021-11-16T11:00:00Z,30,0,0,0,0,0,0,12.622667,12.6,12.65,-6.434,-6.46,-6.41,0,0,0,11.990667,11.96,12.02,33.4,33.4,33.4,4.080333,4.07,4.09,10758,10787,0,0,0,0,0,0,0,0
2021-11-16T12:00:00Z,30,0,0,0,0,0,0,12.608,12.58,12.63,-6.433,-6.45,-6.4,0,0,0,11.976333,11.95,11.99,33.35,33.3,33.4,4.066667,4.06,4.08,10788,10817,0,0,0,0,0,0,0,0
2021-11-16T13:00:00Z,29,0,0,0,0,0,0,12.594483,12.57,12.63,-6.43,-6.45,-6.41,0,0,0,11.959655,11.94,11.98,33.265517,33.2,33.4,4.053103,4.05,4.06,10818,10846,0,0,0,0,0,0,0,0
2021-11-16T14:00:00Z,30,0,0,0,0,0,0,11.778667,10.6,12.59,-6.474333,-6.56,-6.41,0,0,0,11.122,9.9,11.96,33.033333,32.8,33.2,4.041,4.04,4.05,10847,10876,0,0,0,0,0,0,0,0
2021-11-16T15:00:00Z,30,0,0,0,0,0,0,10.624667,10.61,10.63,-6.542,-6.56,-6.53,0,0,0,9.939667,9.93,9.95,32.59,32.5,32.8,4.032,4.03,4.04,10877,10906,0,0,0,0,0,0,0,0
2021-11-16T16:00:00Z,29,0,0,0,0,0,0,10.629655,10.61,10.64,-6.537586,-6.55,-6.52,0,0,0,9.947241,9.93,9.96,32.331034,32.2,32.5,4.021724,4.02,4.03,10907,10935,0,0,0,0,0,0,0,0
2021-11-16T17:00:00Z,30,0,0,0,0,0,0,10.631333,10.62,10.64,-6.536667,-6.55,-6.52,0,0,0,9.953,9.94,9.96,32.113333,32.1,32.2,4.011667,4.01,4.02,10936,10965,0,0,0,0,0,0,0,0
2021-11-16T18:00:00Z,23,0,0,0,0,0,0,10.633478,10.63,10.64,-6.534783,-6.55,-6.53,0,0,0,9.956522,9.94,9.96,32.047826,32,32.1,4,3.99,4.01,10966,10993,0,0,0,0,0,0,0,0
2021-11-16T19:00:00Z,28,0,0,0,0,0,0,10.630714,10.62,10.64,-6.5275,-6.53,-6.52,0,0,0,9.95,9.93,9.96,31.910714,31.8,32,3.985357,3.98,3.99,10994,11022,0,0,0,0,0,0,0,0
2021-11-16T20:00:00Z,24,0,0,0,0,0,0,10.619583,10.61,10.63,-6.518333,-6.53,-6.51,0,0,0,9.9275,9.91,9.95,31.695833,31.6,31.8,3.977083,3.97,3.98,11023,11051,0,0,0,0,0,0,0,0
2021-11-16T21:00:00Z,21,0,0,0,0,0,0,10.605714,10.6,10.62,-6.512381,-6.52,-6.5,0,0,0,9.91619,9.9,9.93,31.490476,31.3,31.7,3.962857,3.95,3.97,11052,11079,0,0,0,0,0,0,0,0
2021-11-16T22:00:00Z,23,1.793913,0,10.64,0.514783,0,3.74,10.597826,10.59,10.61,-6.518261,-6.53,-6.5,-11.689565,-69.3,0,9.902174,9.89,9.93,31.295652,31.2,31.4,3.95087,3.94,3.96,11081,11108,0,0,0,0,0,0,0,0
2021-11-16T23:00:00Z,29,11.407586,10.66,12.81,3.952759,3.3,4.27,11.154828,10.6,12.11,-6.261034,-6.52,-6.07,-71.33,-77.69,-69.09,10.490345,9.9,11.46,31.768966,31.5,32,3.941724,3.94,3.95,11109,11137,0,0,0,0,0,0,0,0
2021-11-17T00:00:00Z,30,13.487667,12.33,14.28,4.358,4.28,4.41,13.216667,12.23,13.49,-6.143667,-6.23,-6.06,-82.878333,-88.88,-74.85,12.568667,11.59,12.84,32.026667,31.8,32.1,3.964,3.94,3.98,11138,11167,0,0,0,0,0,0,0,0
2021-11-17T01:00:00Z,28,15.004286,13.75,20.69,4.530357,4.41,4.63,14.082143,13.54,14.83,-6.229643,-6.26,-6.2,-93.473571,-129.35,-85.39,13.387857,12.87,14.1,32.1,32,32.2,4.020714,3.98,4.07,11168,11196,0,0,0,0,0,0,0,0
2021-11-17T02:00:00Z,30,19.050667,15.81,20.71,9.552667,4.64,11.77,14.593,14.26,15,-6.327,-6.39,-6.21,-120.593,-131.82,-98.99,13.937333,13.64,14.31,32.633333,32.2,33.1,4.104333,4.07,4.12,11197,11226,0,0,0,0,0,0,0,0
2021-11-17T03:00:00Z,30,18.268,14.07,20.3,9.950667,4.49,11.8,14.566667,13.93,15.07,-6.339333,-6.39,-6.22,-115.897,-129.37,-88.3,13.903333,13.28,14.27,33.246667,33,33.4,4.118667,4.11,4.12,11227,11256,0,0,0,0,0,0,0,0
2021-11-17T04:00:00Z,29,16.537586,13.98,20.41,6.24069,4.49,12.13,14.424138,13.84,15.13,-6.284828,-6.39,-6.22,-103.989655,-130.33,-87.82,13.766207,13.19,14.57,33.4,33.2,33.8,4.123448,4.12,4.14,11257,11285,0,0,0,0,0,0,0,0
2021-11-17T05:00:00Z,30,18.720333,15.67,20.7,9.680333,4.58,12.32,14.728,14.42,15.32,-6.342667,-6.4,-6.23,-118.764667,-132.2,-97.71,14.047,13.75,14.44,34.176667,33.8,34.6,4.127667,4.12,4.13,11286,11315,0,0,0,0,0,0,0,0
2021-11-17T06:00:00Z,29,15.655862,13.81,20.86,5.452069,4.41,11.55,14.236207,13.68,14.99,-6.288621,-6.39,-6.24,-98.474483,-130.44,-86.88,13.552759,13.03,14.27,34.458621,34.3,34.6,4.118276,4.11,4.13,11316,11344,0,0,0,0,0,0,0,0
2021-11-17T07:00:00Z,30,16.847,13.96,21.3,5.488667,4.46,12.04,14.494667,13.82,15.07,-6.278333,-6.39,-6.24,-105.788,-134.6,-87.83,13.822667,13.18,14.36,34.696667,34.5,34.8,4.122667,4.12,4.14,11345,11374,0,0,0,0,0,0,0,0
2021-11-17T08:00:00Z,30,14.663667,13.09,21.06,4.452333,4.34,4.54,13.789667,12.99,14.82,-6.295667,-6.34,-6.24,-92.290333,-131.81,-83,13.142333,12.34,14.24,34.783333,34.7,35,4.118,4.11,4.12,11375,11404,0,0,0,0,0,0,0,0
2021-11-17T09:00:00Z,29,13.531034,12.72,15.72,4.055862,3.42,4.52,13.162414,12.61,14.81,-6.36,-6.47,-6.25,-86.035517,-98.27,-81.96,12.517241,11.97,14.06,34.9,34.8,35,4.113448,4.1,4.12,11405,11433,0,0,0,0,0,0,0,0
2021-11-17T10:00:00Z,30,4.09,0,13.06,1.243333,0,3.84,12.620667,12.6,12.65,-6.447333,-6.48,-6.42,-26.411,-84.63,0,11.99,11.96,12.01,34.433333,33.9,34.9,4.095333,4.09,4.1,11434,11463,0,0,0,0,0,0,0,0
2021-11-17T11:00:00Z,28,0,0,0,0,0,0,12.618571,12.6,12.63,-6.436786,-6.45,-6.42,0,0,0,11.985714,11.96,12.01,33.771429,33.6,33.9,4.078214,4.07,4.09,11464,11492,0,0,0,0,0,0,0,0
2021-11-17T12:00:00Z,30,0,0,0,0,0,0,12.602333,12.58,12.63,-6.433333,-6.45,-6.41,0,0,0,11.971333,11.94,11.99,33.48,33.4,33.6,4.062333,4.05,4.07,11493,11522,0,0,0,0,0,0,0,0
2021-11-17T13:00:00Z,29,0,0,0,0,0,0,11.69931,10.54,12.62,-6.484138,-6.57,-6.41,0,0,0,11.041034,9.81,11.97,33.362069,33.3,33.4,4.047586,4.04,4.05,11523,11551,0,0,0,0,0,0,0,0
2021-11-17T14:00:00Z,30,0,0,0,0,0,0,10.635,10.62,10.65,-6.542667,-6.56,-6.53,0,0,0,9.954667,9.94,9.97,33.156667,33,33.3,4.037333,4.03,4.04,11552,11581,0,0,0,0,0,0,0,0
2021-11-17T15:00:00Z,28,0,0,0,0,0,0,10.636071,10.63,10.65,-6.538214,-6.55,-6.53,0,0,0,9.9575,9.95,9.97,32.8,32.6,33,4.026071,4.02,4.03,11582,11610,0,0,0,0,0,0,0,0
2021-11-17T16:00:00Z,30,0,0,0,0,0,0,10.639667,10.63,10.65,-6.535,-6.55,-6.51,0,0,0,9.961333,9.95,9.97,32.446667,32.3,32.5,4.012,4.01,4.02,11611,11640,0,0,0,0,0,0,0,0
2021-11-17T17:00:00Z,28,0,0,0,0,0,0,10.638214,10.63,10.65,-6.531071,-6.54,-6.52,0,0,0,9.959643,9.94,9.97,32.164286,32.1,32.3,4.0025,4,4.01,11641,11669,0,0,0,0,0,0,0,0
2021-11-17T18:00:00Z,28,0,0,0,0,0,0,10.63,10.62,10.64,-6.53,-6.54,-6.52,0,0,0,9.949643,9.93,9.96,32.092857,32,32.1,3.9925,3.99,4,11670,11698,0,0,0,0,0,0,0,0
2021-11-17T19:00:00Z,28,0,0,0,0,0,0,10.617143,10.61,10.63,-6.528929,-6.54,-6.52,0,0,0,9.931071,9.91,9.95,31.996429,31.9,32.1,3.9825,3.98,3.99,11699,11727,0,0,0,0,0,0,0,0
2021-11-17T20:00:00Z,25,0,0,0,0,0,0,10.608,10.6,10.62,-6.5164,-6.53,-6.51,0,0,0,9.9196,9.9,9.93,31.832,31.7,32,3.9712,3.97,3.98,11728,11756,0,0,0,0,0,0,0,0
2021-11-17T21:00:00Z,28,0,0,0,0,0,0,10.599286,10.59,10.61,-6.515357,-6.53,-6.5,0,0,0,9.907143,9.88,9.92,31.664286,31.6,31.7,3.962857,3.96,3.97,11757,11785,0,0,0,0,0,0,0,0
2021-11-17T22:00:00Z,30,0.887333,0,4.93,0.353,0,2.48,10.592,10.58,10.6,-6.516333,-6.53,-6.5,-5.786667,-32.19,0,9.885,9.87,9.9,31.46,31.3,31.6,3.953333,3.95,3.96,11786,11815,0,0,0,0,0,0,0,0
2021-11-17T23:00:00Z,28,10.645357,4.47,12.09,3.606071,2.49,4.21,10.847143,10.58,11.48,-6.385714,-6.53,-6.07,-67.838571,-73.64,-29.15,10.161786,9.87,10.83,31.9,31.5,32.1,3.946429,3.94,3.95,11816,11844,0,0,0,0,0,0,0,0
2021-11-18T00:00:00Z,24,13.10875,11.6,14.4,4.354583,4.23,4.46,12.726667,11.51,13.61,-6.144583,-6.22,-6.08,-80.584167,-89.54,-70.53,12.076667,10.87,12.95,32.029167,31.9,32.1,3.958333,3.94,3.98,11845,11872,0,0,0,0,0,0,0,0
2021-11-18T01:00:00Z,25,14.2272,13.54,15.02,4.4684,4.36,4.57,13.7196,13.38,14.05,-6.2296,-6.26,-6.2,-88.6288,-93.98,-84.25,13.052,12.74,13.38,32.12,32.1,32.2,4.0052,3.98,4.02,11873,11901,0,0,0,0,0,0,0,0
2021-11-18T02:00:00Z,29,14.429655,13.71,15.8,4.462069,4.4,4.55,13.961724,13.55,14.81,-6.228276,-6.25,-6.21,-89.867931,-98.14,-85.41,13.286207,12.88,14.1,32.213793,32.1,32.5,4.026207,4.01,4.05,11902,11930,0,0,0,0,0,0,0,0
2021-11-18T03:00:00Z,30,19.201333,15.43,21.39,9.511667,4.52,12.11,14.598333,14.3,15.09,-6.333333,-6.4,-6.21,-121.665667,-133.37,-96.14,13.954667,13.66,14.53,33.123333,32.5,33.4,4.109333,4.06,4.14,11931,11960,0,0,0,0,0,0,0,0
2021-11-18T04:00:00Z,30,18.938,15.85,20.78,11.419667,4.63,11.96,14.692667,14.37,15.32,-6.365667,-6.4,-6.25,-120.597333,-132.96,-100.77,14.050333,13.72,14.54,33.443333,33.4,33.6,4.12,4.12,4.12,11961,11990,0,0,0,0,0,0,0,0
2021-11-18T05:00:00Z,29,18.909655,15.78,20.64,8.773793,4.62,11.57,14.655517,14.4,14.96,-6.325517,-6.4,-6.22,-119.621724,-131.32,-98.71,13.965862,13.73,14.25,33.786207,33.5,34.1,4.11931,4.11,4.12,11991,12019,0,0,0,0,0,0,0,0
2021-11-18T06:00:00Z,30,16.838333,12.9,20.84,6.278,3.43,11.55,14.358667,12.84,14.93,-6.303333,-6.44,-6.23,-106.138,-130.74,-83.1,13.697667,12.16,14.24,34.176667,34,34.3,4.118333,4.11,4.12,12020,12049,0,0,0,0,0,0,0,0
2021-11-18T07:00:00Z,26,13.82,7.06,15.73,4.286923,3.04,4.55,13.695,12.63,14.78,-6.315385,-6.46,-6.25,-87.210385,-98.28,-45.54,13.031538,11.99,14.09,34.226923,34,34.5,4.112308,4.1,4.12,12050,12078,0,0,0,0,0,0,0,0
2021-11-18T08:00:00Z,30,13.729333,12.85,15.07,4.307667,3.41,4.51,13.384667,12.66,14.51,-6.322333,-6.46,-6.26,-86.781333,-94.49,-81.85,12.739333,12.04,13.81,34.516667,34.5,34.6,4.112667,4.11,4.12,12079,12108,0,0,0,0,0,0,0,0
2021-11-18T09:00:00Z,29,13.223793,12.7,14.09,4.208966,3.42,4.44,13.021724,12.64,13.36,-6.348966,-6.47,-6.31,-83.94069,-88.89,-81.79,12.379655,12,12.72,34.575862,34.5,34.6,4.106552,4.1,4.11,12109,12137,0,0,0,0,0,0,0,0
2021-11-18T10:00:00Z,30,4.464667,0,13.3,1.348333,0,3.98,12.601333,12.57,12.65,-6.449,-6.47,-6.43,-28.779,-85.56,0,11.964,11.93,11.99,34.066667,33.4,34.6,4.094333,4.09,4.1,12138,12167,0,0,0,0,0,0,0,0
2021-11-18T11:00:00Z,29,0,0,0,0,0,0,12.59931,12.57,12.62,-6.43931,-6.46,-6.41,0,0,0,11.957241,11.93,11.98,33.37931,33.3,33.4,4.076552,4.07,4.09,12168,12196,0,0,0,0,0,0,0,0
2021-11-18T12:00:00Z,26,0,0,0,0,0,0,12.585,12.56,12.6,-6.433462,-6.45,-6.4,0,0,0,11.949231,11.93,11.98,33.265385,33.1,33.3,4.062692,4.05,4.07,12197,12224,0,0,0,0,0,0,0,0
2021-11-18T13:00:00Z,28,0,0,0,0,0,0,10.965357,10.6,12.58,-6.526071,-6.57,-6.42,0,0,0,10.291071,9.9,11.95,32.842857,32.6,33.1,4.042143,4.03,4.05,12226,12254,0,0,0,0,0,0,0,0
2021-11-18T14:00:00Z,24,0,0,0,0,0,0,10.629583,10.62,10.64,-6.536667,-6.55,-6.53,0,0,0,9.95125,9.93,9.96,32.429167,32.3,32.5,4.025417,4.02,4.03,12256,12283,0,0,0,0,0,0,0,0
2021-11-18T15:00:00Z,30,0,0,0,0,0,0,10.632333,10.62,10.65,-6.535333,-6.55,-6.52,0,0,0,9.956667,9.94,9.97,32.136667,32.1,32.3,4.011667,4.01,4.02,12284,12313,0,0,0,0,0,0,0,0
2021-11-18T16:00:00Z,29,0,0,0,0,0,0,10.634483,10.63,10.65,-6.531379,-6.54,-6.52,0,0,0,9.959655,9.95,9.97,31.986207,31.9,32.1,4.001379,4,4.01,12314,12342,0,0,0,0,0,0,0,0
2021-11-18T17:00:00Z,30,0,0,0,0,0,0,10.63,10.62,10.64,-6.527,-6.54,-6.51,0,0,0,9.955333,9.94,9.96,31.77,31.6,31.9,3.995333,3.99,4,12343,12372,0,0,0,0,0,0,0,0
2021-11-18T18:00:00Z,30,0,0,0,0,0,0,10.623333,10.61,10.63,-6.523,-6.54,-6.51,0,0,0,9.939,9.92,9.96,31.436667,31.3,31.7,3.987,3.98,3.99,12373,12402,0,0,0,0,0,0,0,0
2021-11-18T19:00:00Z,29,0,0,0,0,0,0,10.60931,10.6,10.62,-6.516897,-6.53,-6.5,0,0,0,9.923448,9.91,9.94,31.244828,31.1,31.3,3.98,3.98,3.98,12403,12431,0,0,0,0,0,0,0,0
2021-11-18T20:00:00Z,30,0,0,0,0,0,0,10.602333,10.59,10.62,-6.515,-6.53,-6.51,0,0,0,9.907333,9.89,9.93,30.993333,30.9,31.2,3.972667,3.97,3.98,12432,12461,0,0,0,0,0,0,0,0
2021-11-18T21:00:00Z,29,0,0,0,0,0,0,10.596897,10.59,10.6,-6.514138,-6.53,-6.5,0,0,0,9.894483,9.88,9.91,30.865517,30.8,30.9,3.968621,3.96,3.97,12462,12490,0,0,0,0,0,0,0,0
2021-11-18T22:00:00Z,30,0.962333,0,5.54,0.361333,0,2.39,10.587333,10.58,10.6,-6.510333,-6.53,-6.5,-6.264,-36.06,0,9.879667,9.86,9.9,30.713333,30.6,30.8,3.960667,3.96,3.97,12491,12520,0,0,0,0,0,0,0,0
2021-11-18T23:00:00Z,30,11.010333,4.29,12.36,3.932,2.5,4.33,11.118,10.57,11.7,-6.308,-6.52,-6.13,-69.277667,-76.95,-27.89,10.443333,9.86,11.05,31.11,30.7,31.3,3.955,3.95,3.97,12521,12550,0,0,0,0,0,0,0,0
2021-11-19T00:00:00Z,29,13.291724,11.89,14.58,4.349655,4.23,4.49,12.840345,11.8,13.73,-6.197241,-6.26,-6.15,-82.372069,-90.58,-73.72,12.185172,11.14,13.06,31.382759,31.3,31.7,3.975172,3.96,4,12551,12579,0,0,0,0,0,0,0,0
2021-11-19T01:00:00Z,30,13.912333,13.54,14.6,4.405333,4.35,4.5,13.537667,13.38,13.81,-6.214667,-6.24,-6.2,-86.454333,-90.89,-84.13,12.877,12.71,13.14,31.57,31.3,31.7,4.001667,3.99,4.02,12580,12609,0,0,0,0,0,0,0,0
2021-11-19T02:00:00Z,29,16.028966,13.75,21.21,5.556207,4.41,11.89,14.39069,13.53,15.07,-6.253103,-6.37,-6.21,-100.265517,-131.99,-86.34,13.690345,12.86,14.35,31.862069,31.7,32.1,4.06931,4.03,4.12,12610,12638,0,0,0,0,0,0,0,0
2021-11-19T03:00:00Z,30,19.34,15.76,20.75,10.784,4.58,11.98,14.629667,14.35,15.18,-6.344,-6.39,-6.21,-122.761333,-132.01,-98.01,13.961,13.67,14.54,32.333333,32.1,32.5,4.114,4.1,4.12,12639,12668,0,0,0,0,0,0,0,0
2021-11-19T04:00:00Z,30,17.869667,14.6,21.3,8.128333,4.47,12.2,14.744,14.33,15.33,-6.292,-6.38,-6.22,-112.56,-135.79,-91.14,14.040333,13.67,14.46,32.646667,32.5,33.2,4.121,4.11,4.14,12669,12698,0,0,0,0,0,0,0,0
2021-11-19T05:00:00Z,29,18.820345,15.7,20.64,9.924483,4.55,11.83,14.735862,14.39,15.24,-6.336207,-6.39,-6.22,-119.296207,-131.69,-97.89,14.031034,13.69,14.61,33.317241,33.2,33.4,4.127586,4.12,4.13,12699,12727,0,0,0,0,0,0,0,0
2021-11-19T06:00:00Z,30,19.304667,16.23,20.36,11.026,4.62,11.62,14.653667,14.38,15.3,-6.367333,-6.39,-6.24,-122.918333,-129.99,-102.93,13.994333,13.69,14.55,33.76,33.4,34,4.129333,4.12,4.13,12728,12757,0,0,0,0,0,0,0,0
2021-11-19T07:00:00Z,29,19.326552,15.72,21,5.752069,4.53,11.51,14.766897,14.38,15.14,-6.261379,-6.39,-6.22,-121.010345,-131.38,-98.01,14.11069,13.77,14.51,34.151724,33.9,34.4,4.120345,4.11,4.13,12758,12786,0,0,0,0,0,0,0,0
2021-11-19T08:00:00Z,30,16.991667,13.8,21.02,4.444333,4.32,4.54,14.638,13.68,14.98,-6.246333,-6.3,-6.23,-106.092333,-131.05,-86.92,13.975333,13.04,14.23,34.006667,33.8,34.4,4.118667,4.11,4.12,12787,12816,0,0,0,0,0,0,0,0
2021-11-19T09:00:00Z,30,14.273,12.77,20.76,4.113333,3.43,4.41,13.611667,12.63,14.85,-6.324333,-6.46,-6.24,-90.169333,-129.57,-82.21,12.966,11.98,14.15,33.923333,33.8,34.2,4.106333,4.1,4.12,12817,12846,0,0,0,0,0,0,0,0
2021-11-19T10:00:00Z,29,3.184138,0,13.25,1.02069,0,3.8,12.612414,12.59,12.64,-6.435517,-6.46,-6.41,-20.511379,-85.46,0,11.987241,11.96,12.01,33.506897,33.2,33.8,4.092414,4.08,4.1,12847,12875,0,0,0,0,0,0,0,0
2021-11-19T11:00:00Z,30,0,0,0,0,0,0,12.617333,12.59,12.63,-6.438333,-6.45,-6.42,0,0,0,11.976333,11.95,12,33.113333,33,33.3,4.078,4.07,4.09,12876,12905,0,0,0,0,0,0,0,0
2021-11-19T12:00:00Z,29,0,0,0,0,0,0,12.596552,12.56,12.62,-6.432069,-6.45,-6.41,0,0,0,11.958621,11.93,11.99,32.806897,32.5,33,4.063448,4.05,4.07,12906,12934,0,0,0,0,0,0,0,0
2021-11-19T13:00:00Z,30,0,0,0,0,0,0,10.823,10.59,12.58,-6.534667,-6.57,-6.43,0,0,0,10.146667,9.87,11.93,32.326667,32.2,32.5,4.05,4.04,4.06,12935,12964,0,0,0,0,0,0,0,0
2021-11-19T14:00:00Z,30,0,0,0,0,0,0,10.636333,10.62,10.65,-6.54,-6.56,-6.52,0,0,0,9.958667,9.95,9.97,32.113333,32.1,32.2,4.039667,4.03,4.05,12965,12994,0,0,0,0,0,0,0,0
2021-11-19T15:00:00Z,29,0,0,0,0,0,0,10.635862,10.62,10.65,-6.536207,-6.55,-6.53,0,0,0,9.956897,9.94,9.97,32.086207,32,32.1,4.030345,4.03,4.04,12995,13023,0,0,0,0,0,0,0,0
2021-11-19T16:00:00Z,30,0,0,0,0,0,0,10.635,10.63,10.65,-6.536667,-6.55,-6.52,0,0,0,9.959667,9.94,9.97,31.97,31.9,32,4.018333,4.01,4.03,13024,13053,0,0,0,0,0,0,0,0
2021-11-19T17:00:00Z,28,0,0,0,0,0,0,10.630714,10.62,10.65,-6.531071,-6.54,-6.52,0,0,0,9.948929,9.93,9.96,31.8,31.7,31.9,4.007857,4,4.01,13054,13082,0,0,0,0,0,0,0,0
2021-11-19T18:00:00Z,29,0,0,0,0,0,0,10.618621,10.6,10.63,-6.528966,-6.54,-6.51,0,0,0,9.932414,9.92,9.95,31.610345,31.5,31.7,3.99931,3.99,4,13083,13112,0,0,0,0,0,0,0,0
2021-11-19T19:00:00Z,29,0,0,0,0,0,0,10.613103,10.6,10.63,-6.525172,-6.54,-6.51,0,0,0,9.927931,9.91,9.94,31.372414,31.3,31.5,3.99,3.99,3.99,13113,13141,0,0,0,0,0,0,0,0
2021-11-19T20:00:00Z,30,0,0,0,0,0,0,10.602,10.6,10.61,-6.522,-6.53,-6.51,0,0,0,9.912333,9.9,9.93,31.26,31.2,31.3,3.982,3.98,3.99,13142,13171,0,0,0,0,0,0,0,0
2021-11-19T21:00:00Z,30,0,0,0,0,0,0,10.597333,10.59,10.61,-6.519333,-6.53,-6.51,0,0,0,9.896333,9.87,9.91,31.11,31,31.2,3.977333,3.97,3.98,13172,13201,0,0,0,0,0,0,0,0
2021-11-19T22:00:00Z,29,1.160345,0,7.8,0.365172,0,2.71,10.589655,10.58,10.6,-6.514483,-6.53,-6.5,-7.563448,-50.83,0,9.882759,9.87,9.91,30.948276,30.9,31,3.970345,3.97,3.98,13202,13230,0,0,0,0,0,0,0,0
2021-11-19T23:00:00Z,30,10.923667,10.62,11.33,3.629333,3.17,4.01,10.617,10.59,10.66,-6.506333,-6.54,-6.47,-71.060667,-73.53,-69.09,9.924333,9.87,9.99,31.623333,31.1,31.7,3.963667,3.96,3.97,13231,13260,0,0,0,0,0,0,0,0
2021-11-20T00:00:00Z,29,11.793448,11.14,12.95,4.2,3.5,4.34,11.438276,10.65,12.2,-6.243448,-6.5,-6.17,-73.617931,-80.89,-69.18,10.788966,10.02,11.54,31.524138,31.4,31.7,3.961379,3.95,3.97,13261,13289,0,0,0,0,0,0,0,0
2021-11-20T01:00:00Z,30,13.677,12.74,14.19,4.403,4.34,4.47,13.199667,12.36,13.54,-6.229333,-6.28,-6.21,-85.180667,-88.33,-79.72,12.539,11.69,12.86,31.8,31.7,32,3.992333,3.98,4.01,13290,13319,0,0,0,0,0,0,0,0
2021-11-20T02:00:00Z,30,15.269667,13.79,20.92,5.304667,4.47,11.9,14.225,13.57,14.95,-6.257667,-6.37,-6.22,-95.571333,-130.33,-86.07,13.536667,12.91,14.12,31.99,31.8,32.3,4.065,4.01,4.12,13320,13349,0,0,0,0,0,0,0,0
2021-11-20T03:00:00Z,29,17.915517,14.25,20.84,9.14,4.57,11.89,14.556552,14.03,14.97,-6.324138,-6.39,-6.22,-113.351034,-133.07,-89.26,13.86931,13.37,14.25,32.42069,32.2,32.7,4.115517,4.11,4.12,13350,13378,0,0,0,0,0,0,0,0
2021-11-20T04:00:00Z,30,13.626,12.98,15.63,4.393667,4.2,4.58,13.178333,12.9,14.8,-6.310333,-6.33,-6.23,-85.961667,-97.4,-82.05,12.530333,12.25,14.1,32.383333,32.3,32.5,4.1,4.09,4.11,13379,13408,0,0,0,0,0,0,0,0
2021-11-20T05:00:00Z,29,13.829655,13.02,14.77,4.471034,4.33,4.53,13.469655,12.92,14.04,-6.295172,-6.33,-6.26,-87.055172,-92.6,-82.29,12.818621,12.27,13.39,32.3,32.2,32.5,4.107931,4.09,4.12,13409,13437,0,0,0,0,0,0,0,0
2021-11-20T06:00:00Z,30,18.054333,14.6,21.31,7.514,4.5,12.32,14.675667,14.22,15.16,-6.288667,-6.39,-6.21,-113.615,-135.73,-91.27,14.024333,13.57,14.45,33.06,32.5,33.4,4.124,4.12,4.13,13438,13467,0,0,0,0,0,0,0,0
2021-11-20T07:00:00Z,30,13.463333,12.7,15.66,3.985,3.36,4.54,13.121333,12.62,14.81,-6.365667,-6.45,-6.23,-85.648,-97.54,-81.72,12.480333,11.98,14.12,33.226667,32.9,33.4,4.108,4.1,4.12,13468,13497,0,0,0,0,0,0,0,0
2021-11-20T08:00:00Z,29,5.207241,0.35,12.71,2.378966,0,3.83,12.616897,12.6,12.65,-6.423103,-6.45,-6.4,-33.453103,-81.81,-2.22,11.987586,11.95,12.01,32.186207,31.8,32.7,4.088621,4.08,4.1,13498,13526,0,0,0,0,0,0,0,0
2021-11-20T09:00:00Z,30,6.939667,2.2,13.05,2.923,2.13,3.85,12.608,12.58,12.63,-6.429,-6.44,-6.41,-44.606,-84.04,-14.15,11.965333,11.95,11.99,32.546667,32.2,33,4.075667,4.07,4.08,13527,13556,0,0,0,0,0,0,0,0
2021-11-20T10:00:00Z,29,1.074138,0,3.51,0.681379,0,2.51,12.587931,12.56,12.61,-6.426207,-6.44,-6.4,-6.898966,-22.63,0,11.946897,11.93,11.97,32.02069,31.8,32.2,4.061379,4.05,4.07,13557,13585,0,0,0,0,0,0,0,0
2021-11-20T11:00:00Z,30,0,0,0,0,0,0,11.004,10.57,12.57,-6.511333,-6.55,-6.4,0,0,0,10.325667,9.87,11.94,31.626667,31.4,31.8,4.047333,4.04,4.05,13586,13615,0,0,0,0,0,0,0,0
2021-11-20T12:00:00Z,30,0,0,0,0,0,0,10.627,10.61,10.64,-6.530333,-6.55,-6.51,0,0,0,9.94,9.93,9.95,31.26,31.1,31.4,4.037333,4.03,4.04,13616,13645,0,0,0,0,0,0,0,0
2021-11-20T13:00:00Z,29,0,0,0,0,0,0,10.635862,10.62,10.65,-6.524828,-6.54,-6.51,0,0,0,9.955172,9.93,9.96,31.031034,30.9,31.2,4.027241,4.02,4.03,13646,13674,0,0,0,0,0,0,0,0
2021-11-20T14:00:00Z,30,0,0,0,0,0,0,10.640333,10.63,10.65,-6.519667,-6.54,-6.51,0,0,0,9.959,9.95,9.97,30.85,30.7,30.9,4.016333,4.01,4.02,13675,13704,0,0,0,0,0,0,0,0
2021-11-20T15:00:00Z,29,0,0,0,0,0,0,10.631379,10.62,10.64,-6.524483,-6.54,-6.5,0,0,0,9.947241,9.93,9.96,30.665517,30.5,30.8,4.007241,4,4.01,13705,13733,0,0,0,0,0,0,0,0
2021-11-20T16:00:00Z,30,0,0,0,0,0,0,10.617333,10.61,10.63,-6.519,-6.54,-6.5,0,0,0,9.925,9.91,9.94,30.48,30.4,30.6,3.999333,3.99,4,13734,13763,0,0,0,0,0,0,0,0
2021-11-20T17:00:00Z,30,0,0,0,0,0,0,10.601333,10.6,10.61,-6.519,-6.53,-6.51,0,0,0,9.903667,9.88,9.92,30.256667,30.1,30.4,3.991,3.99,4,13764,13793,0,0,0,0,0,0,0,0
2021-11-20T18:00:00Z,29,0,0,0,0,0,0,10.595172,10.59,10.6,-6.516207,-6.53,-6.51,0,0,0,9.884483,9.87,9.9,30.051724,29.9,30.1,3.982414,3.98,3.99,13794,13822,0,0,0,0,0,0,0,0
2021-11-20T19:00:00Z,30,0,0,0,0,0,0,10.582333,10.57,10.6,-6.515,-6.53,-6.51,0,0,0,9.865,9.84,9.89,29.836667,29.7,30,3.976,3.97,3.98,13823,13852,0,0,0,0,0,0,0,0
2021-11-20T20:00:00Z,29,0,0,0,0,0,0,10.568966,10.56,10.58,-6.515862,-6.53,-6.51,0,0,0,9.852414,9.83,9.87,29.693103,29.6,29.8,3.97,3.97,3.97,13853,13881,0,0,0,0,0,0,0,0
2021-11-20T21:00:00Z,30,0,0,0,0,0,0,10.564,10.56,10.57,-6.508667,-6.52,-6.49,0,0,0,9.835667,9.81,9.86,29.596667,29.5,29.7,3.960667,3.96,3.97,13882,13911,0,0,0,0,0,0,0,0
2021-11-20T22:00:00Z,30,1.366667,0,10.23,0.481333,0,2.95,10.559,10.54,10.57,-6.511333,-6.53,-6.5,-8.899,-66.61,0,9.818333,9.8,9.84,29.503333,29.5,29.6,3.955,3.95,3.96,13912,13941,0,0,0,0,0,0,0,0
2021-11-20T23:00:00Z,29,11.296897,10.6,12.23,3.954828,3.44,4.29,11.038621,10.55,11.6,-6.276552,-6.53,-6.08,-70.841034,-74.61,-68.67,10.369655,9.81,10.94,29.927586,29.7,30.2,3.945517,3.94,3.95,13942,13970,0,0,0,0,0,0,0,0
2021-11-21T00:00:00Z,30,12.396,11.73,13.83,4.325333,4.3,4.34,12.058333,11.63,13.25,-6.159,-6.21,-6.12,-76.361,-84.95,-71.85,11.408667,10.98,12.6,30.07,29.9,30.2,3.962667,3.95,3.97,13971,14000,0,0,0,0,0,0,0,0
2021-11-21T01:00:00Z,29,14.962759,13.55,20.31,4.487586,4.34,4.58,14.091034,13.42,14.87,-6.196897,-6.22,-6.15,-92.711034,-126.41,-83.31,13.401379,12.75,14.15,30.541379,30.2,30.8,4.00931,3.97,4.05,14001,14029,0,0,0,0,0,0,0,0
2021-11-21T02:00:00Z,30,17.864333,15.87,20.83,8.12,4.59,11.71,14.801,14.33,15.15,-6.276333,-6.37,-6.18,-112.1,-129.93,-98.39,14.071333,13.68,14.49,31.133333,30.8,31.5,4.092333,4.05,4.11,14030,14059,0,0,0,0,0,0,0,0
2021-11-21T03:00:00Z,30,19.342333,16.17,20.44,11.609667,11.53,11.71,14.629333,14.35,15.15,-6.36,-6.38,-6.33,-123.058667,-130.18,-102.73,13.935,13.68,14.34,31.82,31.5,32.1,4.114333,4.11,4.12,14060,14089,0,0,0,0,0,0,0,0
2021-11-21T04:00:00Z,29,19.401034,16.39,20.35,11.555172,11.22,11.81,14.657586,14.39,15.21,-6.36,-6.39,-6.33,-123.441379,-129.7,-103.79,13.94931,13.7,14.5,32.255172,32.1,32.5,4.12,4.12,4.12,14090,14118,0,0,0,0,0,0,0,0
2021-11-21T05:00:00Z,30,19.185,15.78,20.89,9.974,4.54,11.96,14.692,14.36,15.22,-6.336,-6.39,-6.21,-121.615,-133.28,-98.1,13.978,13.69,14.51,33.003333,32.5,33.3,4.119,4.11,4.13,14119,14148,0,0,0,0,0,0,0,0
2021-11-21T06:00:00Z,29,18.941034,15.7,21.06,7.737931,4.53,11.8,14.722069,14.47,15.06,-6.295517,-6.39,-6.21,-119.324483,-133.29,-97.87,14.04,13.78,14.49,33.431034,33.1,33.8,4.121034,4.11,4.13,14149,14177,0,0,0,0,0,0,0,0
2021-11-21T07:00:00Z,30,15.506,13.29,21.04,4.936667,4.35,11.62,14.043333,13.16,14.93,-6.282333,-6.39,-6.23,-97.395,-131.29,-83.86,13.383667,12.51,14.24,33.4,33,33.8,4.117667,4.11,4.13,14178,14207,0,0,0,0,0,0,0,0
2021-11-21T08:00:00Z,30,18.087333,15.6,21.66,4.485333,4.41,4.61,14.783333,14.59,15,-6.242667,-6.26,-6.23,-112.898333,-135.34,-97.29,14.097333,13.91,14.3,33.976667,33.3,34.3,4.119667,4.11,4.12,14208,14237,0,0,0,0,0,0,0,0
2021-11-21T09:00:00Z,29,14.809655,12.73,20.49,4.145172,3.42,4.41,13.692069,12.65,14.92,-6.315517,-6.45,-6.24,-93.409655,-128.01,-81.9,13.031379,12.01,14.23,34.113793,33.7,34.3,4.111379,4.1,4.12,14238,14266,0,0,0,0,0,0,0,0
2021-11-21T10:00:00Z,30,4.891667,0,13.36,1.347333,0,3.85,12.63,12.6,12.7,-6.439,-6.47,-6.41,-31.480333,-85.75,0,11.994333,11.96,12.07,33.066667,32.4,33.6,4.094333,4.08,4.1,14267,14296,0,0,0,0,0,0,0,0
2021-11-21T11:00:00Z,29,0,0,0,0,0,0,12.614138,12.59,12.64,-6.431379,-6.45,-6.41,0,0,0,11.98069,11.96,12,32.324138,32.2,32.4,4.08,4.07,4.09,14297,14325,0,0,0,0,0,0,0,0
2021-11-21T12:00:00Z,30,0,0,0,0,0,0,12.525,10.59,12.63,-6.432333,-6.57,-6.41,0,0,0,11.886333,9.86,11.99,32.12,32.1,32.2,4.065667,4.06,4.07,14326,14355,0,0,0,0,0,0,0,0
2021-11-21T13:00:00Z,30,0,0,0,0,0,0,10.639333,10.6,10.66,-6.540667,-6.56,-6.52,0,0,0,9.954333,9.92,9.98,32,31.8,32.1,4.051333,4.05,4.06,14356,14385,0,0,0,0,0,0,0,0
2021-11-21T14:00:00Z,29,0,0,0,0,0,0,10.645862,10.63,10.66,-6.53931,-6.55,-6.53,0,0,0,9.964483,9.95,9.98,31.87931,31.8,31.9,4.041724,4.03,4.05,14386,14414,0,0,0,0,0,0,0,0
2021-11-21T15:00:00Z,30,0,0,0,0,0,0,10.664,10.65,10.68,-6.529333,-6.54,-6.51,0,0,0,9.981667,9.97,9.99,31.6,31.4,31.7,4.030667,4.03,4.04,14415,14444,0,0,0,0,0,0,0,0
2021-11-21T16:00:00Z,29,0,0,0,0,0,0,10.665172,10.65,10.68,-6.531379,-6.55,-6.51,0,0,0,9.988276,9.97,10,31.334483,31.3,31.4,4.01931,4.01,4.03,14445,14473,0,0,0,0,0,0,0,0
2021-11-21T17:00:00Z,30,0,0,0,0,0,0,10.650333,10.64,10.66,-6.523667,-6.54,-6.51,0,0,0,9.967333,9.96,9.98,31.163333,31.1,31.3,4.01,4.01,4.01,14474,14503,0,0,0,0,0,0,0,0
2021-11-21T18:00:00Z,30,0,0,0,0,0,0,10.632667,10.63,10.64,-6.526667,-6.54,-6.51,0,0,0,9.954333,9.93,9.96,30.973333,30.9,31.1,4.001,4,4.01,14504,14533,0,0,0,0,0,0,0,0
2021-11-21T19:00:00Z,29,0,0,0,0,0,0,10.625862,10.61,10.63,-6.519655,-6.54,-6.51,0,0,0,9.938276,9.93,9.96,30.868966,30.8,30.9,3.993793,3.99,4,14534,14562,0,0,0,0,0,0,0,0
2021-11-21T20:00:00Z,30,0,0,0,0,0,0,10.613667,10.6,10.63,-6.519667,-6.53,-6.51,0,0,0,9.923667,9.9,9.94,30.753333,30.7,30.8,3.985667,3.98,3.99,14563,14592,0,0,0,0,0,0,0,0
2021-11-21T21:00:00Z,29,0,0,0,0,0,0,10.604828,10.6,10.62,-6.515517,-6.53,-6.51,0,0,0,9.910345,9.9,9.93,30.613793,30.5,30.7,3.98,3.98,3.98,14593,14621,0,0,0,0,0,0,0,0
2021-11-21T22:00:00Z,30,0.821667,0,5.03,0.183667,0,1.8,10.598667,10.59,10.61,-6.514,-6.53,-6.5,-5.352667,-32.77,0,9.897,9.88,9.91,30.51,30.5,30.6,3.971,3.97,3.98,14622,14651,0,0,0,0,0,0,0,0
2021-11-21T23:00:00Z,30,10.399333,3.05,12.02,3.748,2.05,4.29,10.947667,10.59,11.35,-6.339333,-6.53,-6.21,-65.765,-74.92,-19.88,10.299,9.87,10.69,30.883333,30.5,31,3.963667,3.96,3.97,14652,14681,0,0,0,0,0,0,0,0
2021-11-22T00:00:00Z,29,12.785862,11.44,14.51,4.385517,4.29,4.47,12.457586,11.37,13.6,-6.246897,-6.32,-6.2,-79.831034,-90.2,-71.31,11.80069,10.7,12.94,31.144828,31,31.3,3.984828,3.96,4.01,14682,14710,0,0,0,0,0,0,0,0
2021-11-22T01:00:00Z,30,15.902333,13.55,21.4,4.540333,4.34,4.69,14.219667,13.36,15.02,-6.232,-6.28,-6.2,-99.078333,-133.21,-84.26,13.552333,12.7,14.48,31.553333,31.3,31.8,4.046667,4.01,4.1,14711,14740,0,0,0,0,0,0,0,0
2021-11-22T02:00:00Z,30,16.184667,13.93,21.59,5.534333,4.47,12.27,14.356333,13.76,14.9,-6.262333,-6.39,-6.21,-101.388333,-137.51,-87.28,13.678,13.08,14.19,31.92,31.7,32,4.105333,4.08,4.12,14741,14770,0,0,0,0,0,0,0,0
2021-11-22T03:00:00Z,29,14.983103,13.32,21.72,5.001034,4.4,11.97,13.865172,13.2,14.9,-6.286207,-6.39,-6.22,-94.214138,-137.86,-84.05,13.218276,12.55,14.16,31.875862,31.7,32.1,4.118276,4.11,4.13,14771,14799,0,0,0,0,0,0,0,0
2021-11-22T04:00:00Z,30,19.812,15.98,21.24,11.622333,4.62,12.31,14.64,14.36,15.06,-6.368,-6.39,-6.21,-126.190333,-134.64,-99.31,13.953333,13.72,14.36,32.723333,32.1,33.1,4.129667,4.12,4.13,14800,14829,0,0,0,0,0,0,0,0
2021-11-22T05:00:00Z,29,18.776897,14.43,21.17,10.136552,4.47,12.21,14.741379,14.23,15.24,-6.338621,-6.39,-6.22,-119.111379,-135.11,-90.39,14.017931,13.57,14.54,32.851724,32.6,33.1,4.126552,4.11,4.13,14830,14858,0,0,0,0,0,0,0,0
2021-11-22T06:00:00Z,30,19.823,16.07,21.18,11.077333,4.54,12.22,14.645667,14.39,15.43,-6.365333,-6.4,-6.24,-126.195333,-135.23,-100.2,13.944667,13.75,14.51,33.266667,32.7,33.4,4.128667,4.11,4.13,14859,14888,0,0,0,0,0,0,0,0
2021-11-22T07:00:00Z,30,18.762,16.14,20.9,7.399333,4.57,11.84,14.845333,14.51,15.13,-6.289667,-6.39,-6.22,-118.016667,-132.72,-100.82,14.088,13.82,14.45,33.37,33.3,33.4,4.122333,4.12,4.13,14889,14918,0,0,0,0,0,0,0,0
2021-11-22T08:00:00Z,29,16.992414,14.12,21.03,4.486207,4.42,4.58,14.635517,13.95,15.05,-6.246897,-6.29,-6.23,-106.124828,-131.39,-88.67,13.957241,13.31,14.23,33.441379,33.4,33.5,4.119655,4.11,4.12,14919,14947,0,0,0,0,0,0,0,0
2021-11-22T09:00:00Z,30,14.79,12.88,20.82,4.266667,3.42,4.43,13.971667,12.71,14.85,-6.292,-6.44,-6.23,-92.987333,-130.08,-82.77,13.317333,12.05,14.16,33.433333,33.4,33.5,4.112333,4.1,4.12,14948,14977,0,0,0,0,0,0,0,0
2021-11-22T10:00:00Z,29,4.885517,0,13.3,1.313448,0,3.99,12.621034,12.58,12.68,-6.440345,-6.46,-6.41,-31.475517,-85.37,0,11.98069,11.94,12.01,33.07931,32.5,33.4,4.095517,4.09,4.1,14978,15006,0,0,0,0,0,0,0,0
2021-11-22T11:00:00Z,30,0,0,0,0,0,0,12.611333,12.59,12.64,-6.435667,-6.47,-6.41,0,0,0,11.980667,11.96,12.01,32.506667,32.5,32.6,4.081,4.07,4.09,15007,15036,0,0,0,0,0,0,0,0
2021-11-22T12:00:00Z,30,0,0,0,0,0,0,12.394667,10.6,12.63,-6.444333,-6.56,-6.41,0,0,0,11.749667,9.88,11.99,32.4,32.3,32.5,4.067333,4.06,4.08,15037,15066,0,0,0,0,0,0,0,0
2021-11-22T13:00:00Z,29,0,0,0,0,0,0,10.637931,10.62,10.66,-6.540345,-6.57,-6.52,0,0,0,9.96069,9.94,9.99,32.165517,32.1,32.3,4.052759,4.05,4.06,15067,15095,0,0,0,0,0,0,0,0
2021-11-22T14:00:00Z,30,0,0,0,0,0,0,10.652,10.63,10.67,-6.536333,-6.55,-6.51,0,0,0,9.971,9.96,9.99,32.1,32.1,32.1,4.042333,4.04,4.05,15096,15125,0,0,0,0,0,0,0,0
2021-11-22T15:00:00Z,29,0,0,0,0,0,0,10.671724,10.64,10.69,-6.534828,-6.55,-6.52,0,0,0,9.991379,9.96,10.01,32.003448,31.9,32.1,4.032414,4.03,4.04,15126,15154,0,0,0,0,0,0,0,0
2021-11-22T16:00:00Z,30,0,0,0,0,0,0,10.672667,10.66,10.69,-6.532,-6.54,-6.51,0,0,0,9.995667,9.99,10.02,31.796667,31.7,31.9,4.021,4.01,4.03,15155,15184,0,0,0,0,0,0,0,0
2021-11-22T17:00:00Z,30,0,0,0,0,0,0,10.653,10.63,10.67,-6.528,-6.54,-6.51,0,0,0,9.977667,9.95,9.99,31.593333,31.4,31.7,4.010333,4.01,4.02,15185,15214,0,0,0,0,0,0,0,0
2021-11-22T18:00:00Z,29,0,0,0,0,0,0,10.635517,10.63,10.65,-6.53,-6.54,-6.51,0,0,0,9.957586,9.93,9.98,31.348276,31.3,31.5,4.00069,4,4.01,15215,15243,0,0,0,0,0,0,0,0
2021-11-22T19:00:00Z,30,0,0,0,0,0,0,10.623667,10.61,10.63,-6.528333,-6.54,-6.51,0,0,0,9.939,9.93,9.95,31.176667,31,31.3,3.994,3.99,4,15244,15273,0,0,0,0,0,0,0,0
2021-11-22T20:00:00Z,29,0,0,0,0,0,0,10.611379,10.6,10.62,-6.518276,-6.53,-6.51,0,0,0,9.926897,9.91,9.95,30.948276,30.9,31.1,3.984828,3.98,3.99,15274,15302,0,0,0,0,0,0,0,0
2021-11-22T21:00:00Z,30,0,0,0,0,0,0,10.602,10.6,10.61,-6.515667,-6.53,-6.51,0,0,0,9.910667,9.89,9.93,30.85,30.8,30.9,3.979,3.97,3.98,15303,15332,0,0,0,0,0,0,0,0
2021-11-22T22:00:00Z,30,1.894667,0,10.99,0.729667,0,3.83,10.597333,10.59,10.6,-6.516,-6.53,-6.5,-12.354,-71.55,0,9.893333,9.87,9.91,30.77,30.7,30.9,3.973,3.97,3.98,15333,15362,0,0,0,0,0,0,0,0
2021-11-22T23:00:00Z,29,11.343103,10.66,12.05,4.038621,3.42,4.28,11.026897,10.6,11.39,-6.315172,-6.53,-6.21,-71.593103,-75.11,-69.08,10.376207,9.9,10.74,31.210345,31,31.3,3.962069,3.96,3.97,15363,15391,0,0,0,0,0,0,0,0
2021-11-23T00:00:00Z,30,13.178667,11.51,14.42,4.371333,4.27,4.47,12.696333,11.41,13.61,-6.230333,-6.28,-6.2,-82.074333,-89.64,-71.78,12.046667,10.78,12.96,31.386667,31.2,31.7,3.983,3.96,4.01,15392,15421,0,0,0,0,0,0,0,0
2021-11-23T01:00:00Z,29,15.471379,13.87,20.59,4.561034,4.47,4.65,14.241034,13.63,14.97,-6.235517,-6.26,-6.21,-96.455172,-128.37,-86.5,13.545517,12.96,14.27,31.737931,31.6,31.9,4.051724,4.01,4.1,15422,15450,0,0,0,0,0,0,0,0
2021-11-23T02:00:00Z,30,18.255333,15.72,20.78,9.912333,4.57,11.68,14.667333,14.3,15.09,-6.331333,-6.39,-6.21,-115.623333,-131.91,-97.63,13.967667,13.66,14.35,32.146667,31.9,32.4,4.110333,4.1,4.12,15451,15480,0,0,0,0,0,0,0,0
2021-11-23T03:00:00Z,28,19.256786,15.57,21.25,10.173929,4.55,12.11,14.626786,14.36,15.01,-6.339643,-6.39,-6.22,-122.148929,-135.35,-96.98,13.9625,13.71,14.6,32.675,32.1,33.2,4.119643,4.11,4.13,15481,15509,0,0,0,0,0,0,0,0
2021-11-23T04:00:00Z,30,18.12,15.78,20.72,9.411333,4.58,12.05,14.704667,14.34,15,-6.332667,-6.4,-6.22,-114.790333,-132.3,-98.38,14.014333,13.66,14.3,33.386667,33.1,33.6,4.118333,4.11,4.13,15510,15539,0,0,0,0,0,0,0,0
2021-11-23T05:00:00Z,30,17.881,14.91,20.72,7.776667,4.51,12.13,14.730333,14.39,14.98,-6.302333,-6.4,-6.22,-112.776,-132.53,-93.06,14.030333,13.75,14.3,33.85,33.5,34.2,4.120333,4.11,4.13,15540,15569,0,0,0,0,0,0,0,0
2021-11-23T06:00:00Z,27,17.078889,14.08,20.99,7.471852,4.33,12.02,14.551111,13.58,15.08,-6.308889,-6.4,-6.24,-107.848519,-134.16,-88.26,13.877037,12.95,14.5,34.359259,34,34.6,4.123704,4.11,4.14,15570,15598,0,0,0,0,0,0,0,0
2021-11-23T07:00:00Z,30,13.119333,12.68,14.1,3.975,3.41,4.36,12.812333,12.59,13.42,-6.379333,-6.46,-6.31,-83.69,-89.06,-81.72,12.170333,11.96,12.78,33.65,33.4,34.2,4.099333,4.09,4.11,15599,15628,0,0,0,0,0,0,0,0
2021-11-23T08:00:00Z,29,13.857931,12.96,14.78,4.417931,4.27,4.47,13.469655,12.86,14.06,-6.305517,-6.34,-6.27,-87.37,-92.82,-82.19,12.826207,12.23,13.42,33.696552,33.6,33.8,4.101379,4.09,4.11,15629,15657,0,0,0,0,0,0,0,0
2021-11-23T09:00:00Z,30,12.917667,12.67,13.45,3.699,3.41,4.03,12.656667,12.59,12.84,-6.419667,-6.46,-6.33,-82.929333,-85.66,-81.44,12.018333,11.96,12.2,33.8,33.8,33.8,4.09,4.08,4.1,15658,15687,0,0,0,0,0,0,0,0
2021-11-23T10:00:00Z,29,4.358966,0,13.26,1.284828,0,3.86,12.588966,12.57,12.63,-6.44,-6.47,-6.42,-28.107586,-85.65,0,11.956897,11.93,12,33.331034,32.6,33.8,4.075517,4.07,4.08,15688,15716,0,0,0,0,0,0,0,0
2021-11-23T11:00:00Z,30,0,0,0,0,0,0,11.528,10.6,12.6,-6.493667,-6.57,-6.41,0,0,0,10.868667,9.88,11.96,32.45,32.3,32.6,4.060667,4.05,4.07,15717,15746,0,0,0,0,0,0,0,0
2021-11-23T12:00:00Z,30,0,0,0,0,0,0,10.634667,10.62,10.65,-6.544667,-6.57,-6.52,0,0,0,9.954,9.93,9.97,32.163333,32.1,32.3,4.048,4.04,4.05,15747,15776,0,0,0,0,0,0,0,0
2021-11-23T13:00:00Z,29,0,0,0,0,0,0,10.65069,10.63,10.67,-6.535172,-6.55,-6.52,0,0,0,9.971379,9.95,9.99,32.037931,32,32.1,4.037241,4.03,4.05,15777,15805,0,0,0,0,0,0,0,0
2021-11-23T14:00:00Z,30,0,0,0,0,0,0,10.669667,10.65,10.68,-6.532333,-6.55,-6.51,0,0,0,9.992333,9.98,10,31.83,31.7,32,4.027667,4.02,4.03,15806,15835,0,0,0,0,0,0,0,0
2021-11-23T15:00:00Z,29,0,0,0,0,0,0,10.658276,10.64,10.68,-6.52931,-6.54,-6.51,0,0,0,9.982414,9.96,9.99,31.582759,31.4,31.7,4.016897,4.01,4.02,15836,15864,0,0,0,0,0,0,0,0
2021-11-23T16:00:00Z,30,0,0,0,0,0,0,10.643333,10.63,10.66,-6.525,-6.54,-6.51,0,0,0,9.965,9.95,9.98,31.333333,31.3,31.5,4.006333,4,4.01,15865,15894,0,0,0,0,0,0,0,0
2021-11-23T17:00:00Z,30,0,0,0,0,0,0,10.627,10.62,10.63,-6.525,-6.54,-6.51,0,0,0,9.943333,9.93,9.96,31.156667,31,31.3,3.999667,3.99,4,15895,15924,0,0,0,0,0,0,0,0
2021-11-23T18:00:00Z,29,0,0,0,0,0,0,10.614828,10.6,10.62,-6.518621,-6.53,-6.51,0,0,0,9.931724,9.92,9.94,30.927586,30.9,31,3.99,3.98,4,15925,15953,0,0,0,0,0,0,0,0
2021-11-23T19:00:00Z,30,0,0,0,0,0,0,10.602667,10.6,10.61,-6.519,-6.53,-6.51,0,0,0,9.911333,9.9,9.93,30.816667,30.7,30.9,3.981333,3.98,3.99,15954,15983,0,0,0,0,0,0,0,0
2021-11-23T20:00:00Z,29,0,0,0,0,0,0,10.594828,10.58,10.6,-6.516897,-6.53,-6.51,0,0,0,9.88931,9.87,9.91,30.651724,30.6,30.7,3.975862,3.97,3.98,15984,16012,0,0,0,0,0,0,0,0
2021-11-23T21:00:00Z,30,0,0,0,0,0,0,10.583,10.57,10.6,-6.514667,-6.53,-6.51,0,0,0,9.872667,9.85,9.9,30.5,30.4,30.6,3.969667,3.96,3.97,16013,16042,0,0,0,0,0,0,0,0
2021-11-23T22:00:00Z,30,1.021333,0,8.14,0.412,0,2.78,10.575,10.56,10.59,-6.510333,-6.53,-6.49,-6.649667,-53.04,0,9.858333,9.84,9.88,30.356667,30.3,30.5,3.960667,3.96,3.97,16043,16072,0,0,0,0,0,0,0,0
2021-11-23T23:00:00Z,29,11.325517,10.61,12.05,3.999655,3.43,4.29,10.990345,10.57,11.4,-6.287931,-6.52,-6.14,-71.151034,-74.46,-68.63,10.344828,9.86,10.75,30.8,30.5,30.9,3.952414,3.95,3.96,16073,16101,0,0,0,0,0,0,0,0
2021-11-24T00:00:00Z,30,12.520667,11.51,14.5,4.365,4.29,4.44,12.181,11.41,13.6,-6.236,-6.31,-6.18,-78.044667,-89.9,-71.07,11.533333,10.78,12.94,30.926667,30.8,31.1,3.974667,3.96,3.99,16102,16131,0,0,0,0,0,0,0,0
2021-11-24T01:00:00Z,29,15.11,13.84,21.05,4.534828,4.45,4.63,14.254828,13.61,15.03,-6.223448,-6.25,-6.2,-94.013448,-130.88,-85.8,13.563793,12.96,14.32,31.324138,31.1,31.6,4.035172,4,4.08,16132,16160,0,0,0,0,0,0,0,0
2021-11-24T02:00:00Z,30,18.948333,15.97,21,10.246667,4.63,11.73,14.622667,14.28,14.97,-6.337333,-6.39,-6.2,-120.120333,-131.1,-99.12,13.912667,13.68,14.22,31.963333,31.7,32.1,4.107333,4.09,4.11,16161,16190,0,0,0,0,0,0,0,0
2021-11-24T03:00:00Z,30,19.381333,16.2,20.4,11.706667,11.61,11.8,14.646667,14.32,15.21,-6.364,-6.39,-6.33,-123.368667,-130.04,-102.6,13.967667,13.71,14.43,32.28,32.1,32.5,4.119333,4.11,4.12,16191,16220,0,0,0,0,0,0,0,0
2021-11-24T04:00:00Z,29,18.634483,15.66,20.33,10.934828,4.5,11.86,14.737931,14.33,15.24,-6.355172,-6.39,-6.21,-118.497241,-129.8,-97.59,14.125862,13.7,14.56,32.944828,32.5,33.3,4.118966,4.11,4.12,16221,16249,0,0,0,0,0,0,0,0
2021-11-24T05:00:00Z,30,19.308,15.9,20.77,11.115333,4.5,12.02,14.651,14.36,15.24,-6.367667,-6.4,-6.22,-122.976,-132.86,-99.04,13.955,13.72,14.53,33.393333,33,33.6,4.120333,4.11,4.13,16250,16279,0,0,0,0,0,0,0,0
2021-11-24T06:00:00Z,29,18.524828,14.25,20.5,7.409655,4.47,11.84,14.735517,14.07,15.06,-6.300345,-6.4,-6.22,-116.781724,-130.91,-89.52,14.038966,13.44,14.49,33.82069,33.5,34.1,4.120345,4.11,4.13,16280,16308,0,0,0,0,0,0,0,0
2021-11-24T07:00:00Z,30,16.058,14,20.81,4.514667,4.46,4.61,14.467667,13.84,14.92,-6.262333,-6.3,-6.24,-100.541667,-130.16,-88.03,13.799333,13.21,14.25,34.153333,33.9,34.4,4.119667,4.11,4.12,16309,16338,0,0,0,0,0,0,0,0
2021-11-24T08:00:00Z,30,16.167333,14.07,20.69,4.505333,4.46,4.58,14.456667,13.93,14.94,-6.265,-6.29,-6.24,-101.247667,-129.41,-88.46,13.791333,13.3,14.31,34.533333,34.3,34.6,4.12,4.12,4.12,16339,16368,0,0,0,0,0,0,0,0
2021-11-24T09:00:00Z,29,13.123448,12.69,14.47,3.908276,3.42,4.44,12.862759,12.6,13.85,-6.402414,-6.47,-6.29,-84.005172,-91.05,-81.74,12.223793,11.97,13.21,34.6,34.6,34.6,4.108621,4.1,4.12,16369,16397,0,0,0,0,0,0,0,0
2021-11-24T10:00:00Z,30,3.451667,0,13.25,1.052,0,3.82,12.612667,12.58,12.63,-6.447333,-6.47,-6.43,-22.265333,-85.22,0,11.981,11.96,12.01,33.976667,33.4,34.6,4.093,4.08,4.1,16398,16427,0,0,0,0,0,0,0,0
2021-11-24T11:00:00Z,29,0,0,0,0,0,0,11.844483,10.56,12.62,-6.486207,-6.58,-6.42,0,0,0,11.19,9.81,11.99,33.4,33.4,33.4,4.076207,4.07,4.08,16428,16456,0,0,0,0,0,0,0,0
2021-11-24T12:00:00Z,30,0,0,0,0,0,0,10.647,10.62,10.67,-6.546333,-6.57,-6.53,0,0,0,9.973,9.95,9.99,33.296667,33.2,33.4,4.061333,4.05,4.07,16457,16486,0,0,0,0,0,0,0,0
2021-11-24T13:00:00Z,30,0,0,0,0,0,0,10.673,10.65,10.71,-6.543,-6.56,-6.52,0,0,0,9.995667,9.97,10.03,33.046667,32.8,33.2,4.048333,4.04,4.05,16487,16516,0,0,0,0,0,0,0,0
2021-11-24T14:00:00Z,29,0,0,0,0,0,0,10.82931,10.71,10.96,-6.528276,-6.55,-6.5,0,0,0,10.146207,10.02,10.3,32.648276,32.5,32.8,4.038621,4.03,4.04,16517,16545,0,0,0,0,0,0,0,0
2021-11-24T15:00:00Z,30,0,0,0,0,0,0,10.707333,10.68,10.75,-6.531667,-6.55,-6.51,0,0,0,10.027333,10,10.08,32.356667,32.2,32.5,4.028333,4.02,4.03,16546,16575,0,0,0,0,0,0,0,0
2021-11-24T16:00:00Z,29,0,0,0,0,0,0,10.676207,10.66,10.7,-6.535172,-6.55,-6.52,0,0,0,9.997586,9.98,10.01,32.124138,32.1,32.2,4.016552,4.01,4.02,16576,16604,0,0,0,0,0,0,0,0
2021-11-24T17:00:00Z,30,0,0,0,0,0,0,10.652667,10.64,10.67,-6.532667,-6.55,-6.52,0,0,0,9.974,9.96,9.99,32.04,32,32.1,4.007667,4,4.01,16605,16634,0,0,0,0,0,0,0,0
2021-11-24T18:00:00Z,30,0,0,0,0,0,0,10.633333,10.63,10.65,-6.531333,-6.54,-6.52,0,0,0,9.956333,9.94,9.97,31.95,31.9,32,4,4,4,16635,16664,0,0,0,0,0,0,0,0
2021-11-24T19:00:00Z,29,0,0,0,0,0,0,10.626552,10.61,10.63,-6.531724,-6.54,-6.51,0,0,0,9.940345,9.92,9.96,31.737931,31.6,31.9,3.992414,3.99,4,16665,16693,0,0,0,0,0,0,0,0
2021-11-24T20:00:00Z,30,0,0,0,0,0,0,10.61,10.6,10.62,-6.526333,-6.54,-6.51,0,0,0,9.92,9.9,9.94,31.496667,31.3,31.6,3.982667,3.98,3.99,16694,16723,0,0,0,0,0,0,0,0
2021-11-24T21:00:00Z,29,0,0,0,0,0,0,10.600345,10.59,10.61,-6.526897,-6.53,-6.52,0,0,0,9.9,9.88,9.92,31.313793,31.2,31.4,3.977241,3.97,3.98,16724,16752,0,0,0,0,0,0,0,0
2021-11-24T22:00:00Z,30,0.707667,0,4.41,0.060667,0,1.03,10.59,10.58,10.6,-6.519667,-6.53,-6.51,-4.608333,-28.75,0,9.883,9.87,9.9,31.156667,31,31.3,3.970333,3.97,3.98,16753,16782,0,0,0,0,0,0,0,0
2021-11-24T23:00:00Z,30,7.906333,1.32,11.21,2.874333,1.1,3.86,10.589,10.57,10.63,-6.522,-6.54,-6.49,-51.562,-72.98,-8.61,9.879333,9.85,9.96,31.526667,31.1,31.9,3.964333,3.96,3.97,16783,16812,0,0,0,0,0,0,0,0
2021-11-25T00:00:00Z,29,11.63069,10.76,12.39,4.188621,3.46,4.34,11.33069,10.69,11.65,-6.222069,-6.48,-6.15,-72.344483,-77.21,-69.2,10.691724,10,11,31.706897,31.6,31.9,3.957586,3.95,3.97,16813,16841,0,0,0,0,0,0,0,0
2021-11-25T01:00:00Z,30,13.339333,11.87,14.81,4.423667,4.34,4.54,12.897667,11.63,13.86,-6.252,-6.32,-6.2,-83.365333,-92.59,-75.02,12.235,10.99,13.18,31.89,31.7,32,3.995,3.97,4.03,16842,16871,0,0,0,0,0,0,0,0
2021-11-25T02:00:00Z,29,14.474483,14.01,15.7,4.541724,4.51,4.59,13.961379,13.78,14.76,-6.265862,-6.29,-6.22,-90.688276,-97.72,-87.92,13.286897,13.09,14.04,32.048276,32,32.1,4.055517,4.03,4.09,16872,16900,0,0,0,0,0,0,0,0
2021-11-25T03:00:00Z,30,14.481333,13.72,15.74,4.530333,4.47,4.6,14.063333,13.55,14.86,-6.263,-6.29,-6.22,-90.679333,-97.96,-86.28,13.396333,12.89,14.15,32.1,32.1,32.1,4.100333,4.08,4.12,16901,16930,0,0,0,0,0,0,0,0
2021-11-25T04:00:00Z,30,18.706,15.72,21.21,7.707333,4.6,12.17,14.743667,14.36,15.09,-6.288667,-6.39,-6.21,-117.685333,-135.17,-97.87,14.049667,13.7,14.34,32.623333,32.1,33.1,4.121333,4.12,4.13,16931,16960,0,0,0,0,0,0,0,0
2021-11-25T05:00:00Z,29,18.973448,15.97,20.51,11.34931,4.62,12,14.695517,14.34,15.31,-6.364483,-6.4,-6.22,-120.787931,-131,-99.31,13.968621,13.72,14.6,33.217241,32.9,33.3,4.12,4.12,4.12,16961,16989,0,0,0,0,0,0,0,0
2021-11-25T06:00:00Z,29,18.832069,15.78,20.51,7.199655,4.56,11.91,14.696552,14.36,15,-6.291724,-6.4,-6.22,-118.522069,-130.98,-98.24,14.002414,13.71,14.3,33.365517,33.3,33.4,4.118966,4.11,4.12,16990,17019,0,0,0,0,0,0,0,0
2021-11-25T07:00:00Z,29,15.246207,14.3,15.72,4.524138,4.48,4.56,14.554483,14.07,14.82,-6.242759,-6.27,-6.22,-95.182414,-97.91,-89.54,13.874483,13.44,14.13,33.465517,33.4,33.6,4.119655,4.11,4.12,17020,17048,0,0,0,0,0,0,0,0
2021-11-25T08:00:00Z,30,13.864667,13.31,14.76,4.426667,4.4,4.47,13.421667,13.13,14.02,-6.304,-6.33,-6.26,-87.403333,-92.73,-84.14,12.778333,12.5,13.38,33.71,33.6,33.8,4.118,4.11,4.12,17049,17078,0,0,0,0,0,0,0,0
2021-11-25T09:00:00Z,29,13.353448,12.75,14.01,4.273103,3.44,4.41,13.095862,12.65,13.32,-6.332069,-6.43,-6.3,-84.54,-88.48,-81.64,12.444138,12,12.68,33.97931,33.8,34.1,4.109655,4.1,4.12,17079,17107,0,0,0,0,0,0,0,0
2021-11-25T10:00:00Z,30,4.427,0,13.27,1.323667,0,3.9,12.595,12.57,12.65,-6.443667,-6.47,-6.41,-28.557,-85.78,0,11.960667,11.93,12,33.69,33.2,34.2,4.095333,4.08,4.1,17108,17137,0,0,0,0,0,0,0,0
2021-11-25T11:00:00Z,30,0,0,0,0,0,0,12.583667,12.52,12.62,-6.433667,-6.47,-6.41,0,0,0,11.959333,11.92,11.99,33.226667,33.1,33.3,4.079667,4.07,4.09,17138,17167,0,0,0,0,0,0,0,0
2021-11-25T12:00:00Z,29,0,0,0,0,0,0,10.683793,10.6,12.11,-6.555172,-6.58,-6.45,0,0,0,9.995517,9.87,11.51,33.013793,32.8,33.2,4.065862,4.06,4.07,17168,17196,0,0,0,0,0,0,0,0
2021-11-25T13:00:00Z,30,0,0,0,0,0,0,10.650333,10.63,10.67,-6.546333,-6.57,-6.53,0,0,0,9.97,9.94,9.99,32.603333,32.5,32.8,4.052333,4.05,4.06,17197,17226,0,0,0,0,0,0,0,0
2021-11-25T14:00:00Z,29,0,0,0,0,0,0,10.673103,10.64,10.7,-6.536207,-6.55,-6.52,0,0,0,9.993448,9.96,10.01,32.331034,32.2,32.5,4.04069,4.03,4.05,17227,17255,0,0,0,0,0,0,0,0
2021-11-25T15:00:00Z,30,0,0,0,0,0,0,10.669,10.65,10.69,-6.532667,-6.55,-6.52,0,0,0,9.989333,9.98,10.01,32.116667,32.1,32.2,4.031,4.02,4.04,17256,17285,0,0,0,0,0,0,0,0
2021-11-25T16:00:00Z,30,0,0,0,0,0,0,10.647667,10.63,10.66,-6.533333,-6.56,-6.51,0,0,0,9.968667,9.96,9.98,32.043333,32,32.1,4.02,4.01,4.03,17286,17315,0,0,0,0,0,0,0,0
2021-11-25T17:00:00Z,29,0,0,0,0,0,0,10.636552,10.63,10.65,-6.53,-6.54,-6.51,0,0,0,9.957586,9.94,9.97,31.875862,31.7,32,4.00931,4,4.01,17316,17344,0,0,0,0,0,0,0,0
2021-11-25T18:00:00Z,30,0,0,0,0,0,0,10.627333,10.62,10.63,-6.530667,-6.54,-6.52,0,0,0,9.940333,9.93,9.96,31.663333,31.6,31.8,4.000333,4,4.01,17345,17374,0,0,0,0,0,0,0,0
2021-11-25T19:00:00Z,29,0,0,0,0,0,0,10.613793,10.6,10.63,-6.530345,-6.54,-6.52,0,0,0,9.928966,9.92,9.94,31.393103,31.3,31.5,3.993793,3.99,4,17375,17403,0,0,0,0,0,0,0,0
2021-11-25T20:00:00Z,30,0,0,0,0,0,0,10.602667,10.6,10.61,-6.527667,-6.54,-6.51,0,0,0,9.91,9.89,9.93,31.183333,31,31.3,3.984333,3.98,3.99,17404,17433,0,0,0,0,0,0,0,0
2021-11-25T21:00:00Z,30,0,0,0,0,0,0,10.594,10.58,10.6,-6.523333,-6.53,-6.51,0,0,0,9.886333,9.87,9.91,30.926667,30.9,31,3.978667,3.97,3.98,17434,17463,0,0,0,0,0,0,0,0
2021-11-25T22:00:00Z,29,0.815517,0,5.29,0.183793,0,1.87,10.578276,10.56,10.59,-6.521379,-6.54,-6.51,-5.317931,-34.52,0,9.863448,9.84,9.89,30.793103,30.7,30.9,3.972069,3.97,3.98,17464,17492,0,0,0,0,0,0,0,0
2021-11-25T23:00:00Z,30,10.895333,3.22,12.1,3.891667,2.27,4.28,11.014667,10.57,11.5,-6.335333,-6.53,-6.19,-68.889333,-75.03,-21,10.344,9.84,10.86,31.19,30.8,31.3,3.962333,3.96,3.97,17493,17522,0,0,0,0,0,0,0,0
2021-11-26T00:00:00Z,30,12.607667,11.62,14.54,4.343,4.28,4.47,12.221,11.51,13.72,-6.237,-6.31,-6.19,-78.614333,-90.16,-72.15,11.568333,10.87,13.05,31.293333,31.2,31.4,3.975333,3.96,4,17523,17552,0,0,0,0,0,0,0,0
2021-11-26T01:00:00Z,29,14.678276,13.71,20.17,4.483448,4.37,4.65,13.87069,13.42,14.98,-6.228966,-6.25,-6.21,-91.424828,-125.75,-85.24,13.192759,12.77,14.25,31.527586,31.4,31.7,4.023448,4,4.07,17553,17581,0,0,0,0,0,0,0,0
2021-11-26T02:00:00Z,30,17.916667,14.83,21.26,7.844,4.53,11.91,14.651333,14.22,14.96,-6.292333,-6.4,-6.21,-112.821333,-132.24,-92.46,13.962,13.61,14.42,31.923333,31.8,32.1,4.098667,4.07,4.12,17582,17611,0,0,0,0,0,0,0,0
2021-11-26T03:00:00Z,29,18.586897,15.83,20.64,10.925517,4.63,11.73,14.632759,14.22,15.04,-6.354138,-6.39,-6.21,-118.141724,-131.57,-99.36,13.964138,13.65,14.33,32.134483,32,32.3,4.11931,4.11,4.12,17612,17640,0,0,0,0,0,0,0,0
2021-11-26T04:00:00Z,30,19.125333,15.83,20.59,11.167333,4.65,11.78,14.659,14.38,15.24,-6.363,-6.39,-6.21,-121.727,-131.36,-99.73,13.993667,13.7,14.51,32.516667,32.3,32.9,4.12,4.12,4.12,17641,17670,0,0,0,0,0,0,0,0
2021-11-26T05:00:00Z,30,18.993667,15.81,20.45,11.101,4.64,11.77,14.659667,14.37,15.06,-6.366333,-6.39,-6.22,-120.938333,-130.37,-100.39,13.977333,13.72,14.34,33.163333,32.7,33.3,4.12,4.12,4.12,17671,17700,0,0,0,0,0,0,0,0
2021-11-26T06:00:00Z,29,18.643793,15.75,20.61,5.286897,4.58,11.35,14.757586,14.39,15.03,-6.251034,-6.39,-6.22,-116.547241,-129.56,-98.05,14.043793,13.8,14.33,33.386207,33.3,33.5,4.11931,4.11,4.12,17701,17729,0,0,0,0,0,0,0,0
2021-11-26T07:00:00Z,30,17.171333,14.76,20.53,4.556333,4.51,4.59,14.759,14.57,14.9,-6.241667,-6.25,-6.23,-107.144,-128.24,-92.3,14.062,13.9,14.21,33.723333,33.5,33.8,4.12,4.12,4.12,17730,17759,0,0,0,0,0,0,0,0
2021-11-26T08:00:00Z,29,16.449655,14.04,20.73,4.504138,4.46,4.54,14.574138,13.9,14.9,-6.252069,-6.29,-6.23,-102.818276,-129.64,-88.2,13.908966,13.26,14.21,34.07931,33.8,34.2,4.12,4.12,4.12,17760,17788,0,0,0,0,0,0,0,0
2021-11-26T09:00:00Z,30,13.326667,12.72,14.59,4.101333,3.42,4.45,13.080667,12.62,13.86,-6.347333,-6.45,-6.29,-84.579333,-91.8,-81.64,12.435333,11.98,13.22,34.18,34.1,34.2,4.113,4.1,4.12,17789,17818,0,0,0,0,0,0,0,0
2021-11-26T10:00:00Z,30,5.117333,0,13.29,1.59,0,3.96,12.604,12.58,12.65,-6.442,-6.47,-6.43,-32.974333,-85.47,0,11.973667,11.94,12.01,33.87,33.4,34.3,4.094333,4.08,4.1,17819,17848,0,0,0,0,0,0,0,0
2021-11-26T11:00:00Z,29,0,0,0,0,0,0,12.50069,10.14,12.62,-6.439655,-6.58,-6.41,0,0,0,11.87069,9.52,11.99,33.337931,33.3,33.4,4.078966,4.07,4.09,17849,17877,0,0,0,0,0,0,0,0
2021-11-26T12:00:00Z,30,0,0,0,0,0,0,10.638667,10.6,10.66,-6.558,-6.57,-6.53,0,0,0,9.950333,9.9,9.97,33.28,33.2,33.3,4.064667,4.06,4.07,17878,17907,0,0,0,0,0,0,0,0
2021-11-26T13:00:00Z,29,0,0,0,0,0,0,10.654483,10.63,10.68,-6.549655,-6.57,-6.53,0,0,0,9.972069,9.95,10,33.196552,33,33.3,4.052414,4.05,4.06,17908,17936,0,0,0,0,0,0,0,0
2021-11-26T14:00:00Z,30,0,0,0,0,0,0,10.793667,10.66,10.96,-6.534,-6.56,-6.51,0,0,0,10.109667,9.99,10.27,32.813333,32.5,33,4.04,4.03,4.05,17937,17966,0,0,0,0,0,0,0,0
2021-11-26T15:00:00Z,30,0,0,0,0,0,0,10.730333,10.69,10.81,-6.536667,-6.55,-6.51,0,0,0,10.048333,10.01,10.12,32.423333,32.3,32.6,4.03,4.02,4.04,17967,17996,0,0,0,0,0,0,0,0
2021-11-26T16:00:00Z,29,0,0,0,0,0,0,10.678621,10.66,10.7,-6.532414,-6.55,-6.52,0,0,0,9.998966,9.98,10.02,32.168966,32.1,32.3,4.018621,4.01,4.03,17997,18025,0,0,0,0,0,0,0,0
2021-11-26T17:00:00Z,29,0,0,0,0,0,0,10.654138,10.64,10.67,-6.533448,-6.54,-6.53,0,0,0,9.973448,9.96,9.99,32.044828,32,32.1,4.008276,4,4.01,18026,18055,0,0,0,0,0,0,0,0
2021-11-26T18:00:00Z,29,0,0,0,0,0,0,10.631724,10.62,10.64,-6.531034,-6.55,-6.52,0,0,0,9.952069,9.94,9.96,31.882759,31.7,32,4,4,4,18056,18084,0,0,0,0,0,0,0,0
2021-11-26T19:00:00Z,29,0,0,0,0,0,0,10.624138,10.61,10.63,-6.52931,-6.54,-6.52,0,0,0,9.937586,9.92,9.96,31.631034,31.5,31.7,3.992759,3.99,4,18085,18113,0,0,0,0,0,0,0,0
2021-11-26T20:00:00Z,26,0,0,0,0,0,0,10.607692,10.6,10.62,-6.524231,-6.54,-6.51,0,0,0,9.92,9.9,9.93,31.342308,31.2,31.5,3.982308,3.98,3.99,18118,18143,0,0,0,0,0,0,0,0
2021-11-26T21:00:00Z,30,0,0,0,0,0,0,10.599333,10.59,10.61,-6.524333,-6.54,-6.51,0,0,0,9.902333,9.88,9.93,31.1,30.9,31.3,3.978667,3.97,3.98,18144,18173,0,0,0,0,0,0,0,0
2021-11-26T22:00:00Z,30,0.555,0,4.28,0.064667,0,1.14,10.593,10.58,10.6,-6.512667,-6.53,-6.51,-3.613,-27.87,0,9.886,9.87,9.9,30.893333,30.8,31,3.970333,3.97,3.98,18174,18203,0,0,0,0,0,0,0,0
2021-11-26T23:00:00Z,29,9.732069,1.9,11.57,3.402414,1.59,4.08,10.654828,10.58,11.05,-6.490345,-6.53,-6.25,-63.14,-73.52,-12.38,9.951379,9.87,10.41,31.372414,30.9,31.7,3.962759,3.95,3.97,18204,18232,0,0,0,0,0,0,0,0
2021-11-27T00:00:00Z,30,11.790333,11.33,12.24,4.237,4.13,4.26,11.465,11.14,11.55,-6.166,-6.2,-6.15,-72.702,-75.62,-69.8,10.826333,10.56,10.91,31.273333,31.2,31.3,3.958667,3.95,3.96,18233,18262,0,0,0,0,0,0,0,0
2021-11-27T01:00:00Z,29,12.333793,11.6,13.74,4.309655,4.24,4.41,11.998966,11.52,13.54,-6.195172,-6.23,-6.15,-76.398621,-85.26,-71.4,11.347241,10.89,12.86,31.206897,31.1,31.4,3.964138,3.96,3.98,18263,18291,0,0,0,0,0,0,0,0
2021-11-27T02:00:00Z,30,13.975667,13.49,14.72,4.418,4.35,4.54,13.537667,13.32,13.91,-6.221667,-6.25,-6.19,-86.934667,-91.98,-83.82,12.876333,12.68,13.24,31.453333,31.3,31.6,3.997,3.98,4.03,18292,18321,0,0,0,0,0,0,0,0
2021-11-27T03:00:00Z,30,14.857667,14.03,15.72,4.536333,4.47,4.58,14.215,13.69,14.78,-6.24,-6.27,-6.21,-92.691333,-97.68,-87.66,13.529,13.03,14.07,31.656667,31.5,31.7,4.061,4.03,4.09,18322,18351,0,0,0,0,0,0,0,0
2021-11-27T04:00:00Z,29,17.134138,15.62,21.15,4.593448,4.56,4.62,14.765172,14.53,14.89,-6.217586,-6.23,-6.2,-106.552759,-131.78,-97.12,14.06,13.82,14.17,31.9,31.7,32.1,4.108621,4.09,4.12,18352,18380,0,0,0,0,0,0,0,0
2021-11-27T05:00:00Z,30,16.416667,15.61,21.11,4.561667,4.55,4.58,14.793333,14.68,14.84,-6.217667,-6.23,-6.21,-102.079667,-131.12,-97.07,14.089,13.98,14.15,32.08,32,32.1,4.116333,4.11,4.12,18381,18410,0,0,0,0,0,0,0,0
2021-11-27T06:00:00Z,29,15.123793,14.24,20.42,4.523793,4.49,4.58,14.412069,14.07,14.86,-6.236897,-6.26,-6.21,-94.31931,-126.95,-89.06,13.745172,13.42,14.15,32.1,32.1,32.1,4.12,4.12,4.12,18411,18439,0,0,0,0,0,0,0,0
2021-11-27T07:00:00Z,30,14.649667,14.02,15.59,4.501,4.47,4.54,14.222,13.84,14.8,-6.250333,-6.28,-6.21,-91.561667,-97.02,-87.85,13.565,13.2,14.12,32.16,32.1,32.2,4.12,4.12,4.12,18440,18469,0,0,0,0,0,0,0,0
2021-11-27T08:00:00Z,30,14.143333,13.62,14.76,4.460333,4.42,4.48,13.783333,13.39,13.96,-6.276333,-6.3,-6.26,-88.756667,-92.64,-85.78,13.138667,12.75,13.32,32.18,32.1,32.3,4.12,4.12,4.12,18470,18499,0,0,0,0,0,0,0,0
2021-11-27T09:00:00Z,29,13.151034,12.69,13.99,3.945862,3.35,4.41,12.807586,12.59,13.35,-6.373448,-6.45,-6.29,-83.818276,-88.1,-81.52,12.162069,11.95,12.69,32.113793,32.1,32.2,4.107586,4.1,4.12,18500,18528,0,0,0,0,0,0,0,0
2021-11-27T10:00:00Z,30,2.187,0,12.67,0.857333,0,3.47,12.599333,12.58,12.63,-6.423333,-6.45,-6.4,-14.054333,-81.57,0,11.968667,11.94,11.99,31.583333,31.1,32.1,4.091,4.08,4.1,18529,18558,0,0,0,0,0,0,0,0
2021-11-27T11:00:00Z,29,0,0,0,0,0,0,12.585862,12.56,12.61,-6.417241,-6.44,-6.4,0,0,0,11.951724,11.92,11.98,31.031034,30.9,31.1,4.077586,4.07,4.08,18559,18587,0,0,0,0,0,0,0,0
2021-11-27T12:00:00Z,30,0,0,0,0,0,0,10.949333,10.56,12.59,-6.514,-6.55,-6.4,0,0,0,10.271667,9.85,11.94,30.903333,30.8,31,4.063,4.05,4.07,18588,18617,0,0,0,0,0,0,0,0
2021-11-27T13:00:00Z,28,0,0,0,0,0,0,10.645,10.62,10.66,-6.530357,-6.55,-6.51,0,0,0,9.961071,9.94,9.98,30.764286,30.6,30.9,4.047857,4.04,4.06,18618,18646,0,0,0,0,0,0,0,0
2021-11-27T14:00:00Z,30,0,0,0,0,0,0,10.657667,10.63,10.67,-6.522667,-6.54,-6.5,0,0,0,9.975667,9.96,9.99,30.53,30.5,30.6,4.037,4.03,4.04,18647,18676,0,0,0,0,0,0,0,0
2021-11-27T15:00:00Z,29,0,0,0,0,0,0,10.666897,10.66,10.69,-6.517241,-6.54,-6.5,0,0,0,9.987931,9.97,9.99,30.337931,30.2,30.5,4.026552,4.02,4.03,18677,18705,0,0,0,0,0,0,0,0
2021-11-27T16:00:00Z,30,0,0,0,0,0,0,10.657667,10.63,10.68,-6.519667,-6.54,-6.5,0,0,0,9.977,9.96,9.99,30.116667,30.1,30.2,4.014667,4.01,4.02,18706,18735,0,0,0,0,0,0,0,0
2021-11-27T17:00:00Z,30,0,0,0,0,0,0,10.639,10.63,10.65,-6.515333,-6.53,-6.5,0,0,0,9.958,9.93,9.97,29.95,29.8,30.1,4.004333,4,4.01,18736,18765,0,0,0,0,0,0,0,0
2021-11-27T18:00:00Z,29,0,0,0,0,0,0,10.629655,10.62,10.64,-6.515517,-6.53,-6.51,0,0,0,9.937931,9.93,9.96,29.755172,29.7,29.8,3.997241,3.99,4,18766,18794,0,0,0,0,0,0,0,0
2021-11-27T19:00:00Z,30,0,0,0,0,0,0,10.617333,10.61,10.63,-6.511667,-6.53,-6.5,0,0,0,9.927333,9.91,9.95,29.67,29.6,29.7,3.987333,3.98,3.99,18795,18824,0,0,0,0,0,0,0,0
2021-11-27T20:00:00Z,29,0,0,0,0,0,0,10.602414,10.6,10.61,-6.508276,-6.52,-6.5,0,0,0,9.905517,9.89,9.92,29.537931,29.5,29.6,3.979655,3.97,3.98,18825,18853,0,0,0,0,0,0,0,0
2021-11-27T21:00:00Z,30,0,0,0,0,0,0,10.596,10.59,10.61,-6.506333,-6.51,-6.5,0,0,0,9.885667,9.87,9.9,29.47,29.4,29.5,3.973,3.97,3.98,18854,18883,0,0,0,0,0,0,0,0
2021-11-27T22:00:00Z,29,0.797586,0,5.68,0.153103,0,1.53,10.580345,10.56,10.6,-6.506552,-6.53,-6.5,-5.188276,-36.99,0,9.861724,9.84,9.88,29.4,29.4,29.4,3.964483,3.96,3.97,18884,18912,0,0,0,0,0,0,0,0
2021-11-27T23:00:00Z,30,9.725333,2.26,11.9,3.488333,1.78,4.16,10.743,10.57,11.31,-6.423667,-6.52,-6.13,-62.329667,-73.38,-14.68,10.04,9.84,10.66,29.763333,29.4,30.1,3.956667,3.95,3.96,18913,18942,0,0,0,0,0,0,0,0
2021-11-28T00:00:00Z,29,12.184828,11.48,13.93,4.271379,4.15,4.4,11.904828,11.32,13.5,-6.125172,-6.18,-6.1,-74.651034,-85.67,-70.02,11.253448,10.66,12.84,29.755172,29.7,30.1,3.955517,3.95,3.98,18943,18971,0,0,0,0,0,0,0,0
2021-11-28T01:00:00Z,30,14.238,13.59,14.83,4.481667,4.38,4.54,13.769333,13.42,13.93,-6.217667,-6.24,-6.17,-88.522333,-92.41,-84.26,13.098333,12.75,13.27,30.31,30,30.5,4.014667,3.98,4.04,18972,19001,0,0,0,0,0,0,0,0
2021-11-28T02:00:00Z,29,16.936207,14.12,20.54,7.386897,4.5,11.99,14.77931,13.88,15.09,-6.261379,-6.37,-6.2,-106.101379,-130.35,-88.05,14.051379,13.21,14.42,30.67931,30.4,30.9,4.086897,4.04,4.11,19002,19030,0,0,0,0,0,0,0,0
2021-11-28T03:00:00Z,30,19.219333,15.96,20.81,11.778667,11.6,12.05,14.691333,14.34,15.18,-6.352667,-6.37,-6.33,-122.143,-132.4,-101.25,13.968,13.69,14.54,31.34,30.9,31.7,4.112,4.11,4.12,19031,19060,0,0,0,0,0,0,0,0
2021-11-28T04:00:00Z,30,19.503667,16.87,20.58,11.067333,4.62,11.77,14.642,14.38,15.07,-6.349333,-6.38,-6.21,-123.872667,-130.74,-107.17,13.968667,13.73,14.27,31.966667,31.8,32.1,4.119333,4.11,4.12,19061,19090,0,0,0,0,0,0,0,0
2021-11-28T05:00:00Z,29,18.620345,15.8,20.53,9.216552,4.62,11.49,14.69931,14.41,15.06,-6.316552,-6.38,-6.21,-117.628276,-130.47,-99.26,13.995517,13.77,14.37,32.251724,32,32.5,4.117931,4.11,4.12,19091,19119,0,0,0,0,0,0,0,0
2021-11-28T06:00:00Z,30,14.726,13.23,20.51,4.459,4.37,4.63,13.734667,13.06,14.99,-6.279667,-6.32,-6.21,-92.404667,-127.9,-83.54,13.072,12.41,14.3,32.53,32.5,32.7,4.109333,4.1,4.12,19120,19149,0,0,0,0,0,0,0,0
2021-11-28T07:00:00Z,29,15.385517,13.33,20.64,4.449655,3.49,4.56,14.195172,12.91,14.87,-6.260345,-6.4,-6.22,-96.281379,-128.83,-84.06,13.53069,12.29,14.17,33.151724,32.7,33.4,4.116897,4.11,4.12,19150,19178,0,0,0,0,0,0,0,0
2021-11-28T08:00:00Z,30,13.731667,12.73,15.69,4.193,3.42,4.51,13.314333,12.64,14.82,-6.326,-6.44,-6.21,-86.827,-97.66,-81.55,12.66,12.02,14.12,33.363333,33.2,33.5,4.107333,4.1,4.12,19179,19208,0,0,0,0,0,0,0,0
2021-11-28T09:00:00Z,29,13.097586,12.65,14.2,3.955517,3.42,4.4,12.821034,12.58,13.68,-6.372759,-6.45,-6.3,-83.480345,-89.51,-81.43,12.177241,11.93,13.04,33.489655,33.4,33.5,4.102414,4.09,4.11,19209,19237,0,0,0,0,0,0,0,0
2021-11-28T10:00:00Z,30,1.333333,0,8.84,0.693,0,2.87,12.588,12.56,12.61,-6.435667,-6.47,-6.41,-8.589,-56.94,0,11.955333,11.93,11.98,32.94,32.5,33.5,4.086,4.08,4.1,19238,19267,0,0,0,0,0,0,0,0
2021-11-28T11:00:00Z,29,0,0,0,0,0,0,12.576897,12.49,12.61,-6.436207,-6.45,-6.41,0,0,0,11.935172,11.87,11.96,32.472414,32.3,32.5,4.071724,4.06,4.08,19268,19297,0,0,0,0,0,0,0,0
2021-11-28T12:00:00Z,29,0,0,0,0,0,0,10.628276,10.53,10.65,-6.548966,-6.57,-6.53,0,0,0,9.938966,9.8,9.96,32.203448,32.1,32.4,4.055172,4.05,4.06,19298,19326,0,0,0,0,0,0,0,0
2021-11-28T13:00:00Z,30,0,0,0,0,0,0,10.648667,10.63,10.67,-6.538333,-6.58,-6.51,0,0,0,9.963333,9.95,9.98,32.083333,32,32.1,4.045333,4.04,4.05,19327,19356,0,0,0,0,0,0,0,0
2021-11-28T14:00:00Z,19,0,0,0,0,0,0,10.754737,10.65,10.94,-6.527368,-6.54,-6.51,0,0,0,10.065789,9.97,10.24,31.994737,31.9,32.1,4.027895,4.01,4.04,19357,19383,0,0,0,0,0,0,0,0
2021-11-28T15:00:00Z,16,0,0,0,0,0,0,10.773125,10.69,10.86,-6.516875,-6.53,-6.5,0,0,0,10.09,10.02,10.16,31.8375,31.7,32,4.000625,3.99,4.01,19385,19410,0,0,0,0,0,0,0,0
2021-11-28T16:00:00Z,2,0,0,0,0,0,0,10.695,10.69,10.7,-6.51,-6.51,-6.51,0,0,0,10.015,10.01,10.02,31.7,31.7,31.7,3.985,3.98,3.99,19412,19416,0,0,0,0,0,0,0,0
2021-11-28T20:00:00Z,25,0,0,0,0,0,0,10.6264,10.61,10.64,-6.4864,-6.5,-6.47,0,0,0,9.9484,9.93,9.96,30.472,30.3,30.6,3.92,3.92,3.92,19523,19547,0,0,0,0,0,0,0,0
2021-11-28T21:00:00Z,29,0,0,0,0,0,0,10.612069,10.6,10.63,-6.494138,-6.51,-6.47,0,0,0,9.929655,9.91,9.95,30.2,30.1,30.4,3.92,3.92,3.92,19548,19576,0,0,0,0,0,0,0,0
2021-11-28T22:00:00Z,30,0.724333,0,5.56,0.059,0,1.03,10.599667,10.59,10.61,-6.493667,-6.51,-6.48,-4.708,-36.16,0,9.908667,9.9,9.93,29.99,29.8,30.1,3.919333,3.91,3.92,19577,19606,0,0,0,0,0,0,0,0
2021-11-28T23:00:00Z,29,9.735517,1.51,12.25,3.456897,1.45,4.08,10.86,10.59,11.61,-6.337931,-6.53,-5.86,-61.378276,-73.36,-9.81,10.185862,9.87,10.96,30.317241,29.8,30.7,3.911379,3.9,3.92,19607,19635,0,0,0,0,0,0,0,0
2021-11-29T00:00:00Z,21,12.074286,11.66,12.6,4.128571,4.09,4.16,11.722381,11.62,11.9,-5.828095,-5.86,-5.79,-70.365238,-72.99,-68.26,11.077143,10.97,11.27,30.1,30.1,30.1,3.900476,3.9,3.91,19636,19664,0,0,0,0,0,0,0,0
2021-11-29T01:00:00Z,16,12.710625,12.14,14.1,4.21625,4.18,4.25,12.40875,11.99,13.98,-5.79,-5.81,-5.71,-73.575,-80.48,-70.41,11.76875,11.36,13.32,30.06875,30,30.1,3.901875,3.9,3.91,19666,19689,0,0,0,0,0,0,0,0
2021-11-29T02:00:00Z,18,14.616667,14.21,15.18,4.315556,4.25,4.39,14.143333,14.03,14.29,-5.81,-5.93,-5.71,-84.938333,-89.88,-81.34,13.502778,13.38,13.65,30.361111,30.2,30.6,3.916667,3.91,3.93,19692,19719,0,0,0,0,0,0,0,0
2021-11-29T03:00:00Z,21,16.487619,14.51,21.33,4.405714,4.33,4.56,14.654286,14.24,15.17,-5.97619,-6.18,-5.86,-98.721905,-131.78,-85.32,13.989048,13.57,14.49,30.728571,30.5,31,3.939524,3.93,3.97,19720,19747,0,0,0,0,0,0,0,0
2021-11-29T04:00:00Z,19,17.804211,15.87,21.03,4.427368,4.37,4.54,14.927895,14.54,15.18,-6.088947,-6.18,-6.02,-108.458947,-128.91,-95.53,14.227368,13.86,14.43,31.226316,31.1,31.3,3.961579,3.96,3.97,19749,19776,0,0,0,0,0,0,0,0
2021-11-29T05:00:00Z,22,16.82,14.63,21.08,4.363182,4.31,4.43,14.872727,14.3,15.06,-6.050455,-6.13,-5.98,-101.848636,-129,-87.69,14.199091,13.66,14.42,31.390909,31.2,31.7,3.962727,3.96,3.97,19777,19804,0,0,0,0,0,0,0,0
2021-11-29T06:00:00Z,21,16.577143,14.33,21.04,4.312857,4.25,4.39,14.62,14.14,15.09,-6.018571,-6.1,-5.97,-99.842857,-127.55,-86.16,13.96381,13.51,14.45,31.566667,31.4,31.8,3.956667,3.95,3.97,19805,19832,0,0,0,0,0,0,0,0
2021-11-29T07:00:00Z,23,15.177826,13.74,20.21,4.261304,4.16,4.32,14.416087,13.56,15.16,-5.982174,-6.01,-5.92,-90.778696,-119.9,-82.09,13.766957,12.93,14.51,31.704348,31.6,31.9,3.94913,3.94,3.96,19833,19860,0,0,0,0,0,0,0,0
2021-11-29T08:00:00Z,19,13.643158,12.75,14.82,3.951579,3.42,4.26,13.346316,12.66,14.7,-6.127895,-6.41,-5.89,-83.497368,-88.13,-80.06,12.706842,12.03,14.02,31.852632,31.6,32.1,3.935263,3.93,3.94,19861,19888,0,0,0,0,0,0,0,0
2021-11-29T09:00:00Z,28,13.163214,12.74,14.97,3.729643,3.42,4.25,12.884286,12.65,14.3,-6.328571,-6.41,-5.89,-83.225,-88.24,-81.43,12.241786,12.02,13.66,31.992857,31.7,32.1,3.930714,3.93,3.94,19889,19918,0,0,0,0,0,0,0,0
2021-11-29T10:00:00Z,29,4.446207,0,13.3,1.253103,0,3.85,12.645517,12.63,12.67,-6.388621,-6.4,-6.37,-28.405862,-85.05,0,12.012414,11.99,12.05,31.558621,30.9,32.1,3.93,3.93,3.93,19919,19947,0,0,0,0,0,0,0,0
2021-11-29T11:00:00Z,30,0,0,0,0,0,0,12.625,12.61,12.64,-6.382333,-6.4,-6.37,0,0,0,11.991,11.97,12.02,30.866667,30.8,30.9,3.929,3.92,3.93,19948,19977,0,0,0,0,0,0,0,0
2021-11-29T12:00:00Z,29,0,0,0,0,0,0,11.314138,10.62,12.6,-6.45931,-6.51,-6.37,0,0,0,10.651724,9.93,11.98,30.755172,30.7,30.8,3.920345,3.92,3.93,19978,20006,0,0,0,0,0,0,0,0
2021-11-29T13:00:00Z,23,0,0,0,0,0,0,10.672609,10.66,10.69,-6.488261,-6.5,-6.47,0,0,0,9.996087,9.98,10.01,30.573913,30.5,30.7,3.92,3.92,3.92,20007,20035,0,0,0,0,0,0,0,0
2021-11-29T14:00:00Z,18,0,0,0,0,0,0,10.684444,10.67,10.69,-6.486111,-6.51,-6.47,0,0,0,10.005,9.99,10.02,30.466667,30.4,30.5,3.917778,3.91,3.92,20036,20063,0,0,0,0,0,0,0,0
2021-11-29T15:00:00Z,20,0,0,0,0,0,0,10.694,10.68,10.71,-6.4885,-6.5,-6.48,0,0,0,10.016,10,10.02,30.25,30.1,30.4,3.911,3.91,3.92,20065,20091,0,0,0,0,0,0,0,0
2021-11-29T16:00:00Z,19,0,0,0,0,0,0,10.685789,10.66,10.7,-6.486316,-6.5,-6.48,0,0,0,10.009474,9.99,10.02,30.105263,30.1,30.2,3.91,3.91,3.91,20093,20118,0,0,0,0,0,0,0,0
2021-11-29T17:00:00Z,19,0,0,0,0,0,0,10.665263,10.65,10.68,-6.485789,-6.5,-6.47,0,0,0,9.983684,9.96,10,29.947368,29.8,30.1,3.906842,3.9,3.91,20122,20147,0,0,0,0,0,0,0,0
2021-11-29T18:00:00Z,14,0,0,0,0,0,0,10.645,10.63,10.66,-6.485,-6.5,-6.47,0,0,0,9.964286,9.96,9.98,29.742857,29.7,29.8,3.900714,3.9,3.91,20148,20174,0,0,0,0,0,0,0,0
2021-11-29T19:00:00Z,16,0,0,0,0,0,0,10.63125,10.62,10.64,-6.48875,-6.5,-6.48,0,0,0,9.946875,9.93,9.96,29.675,29.6,29.7,3.9,3.9,3.9,20175,20199,0,0,0,0,0,0,0,0
2021-11-29T20:00:00Z,27,0,0,0,0,0,0,10.614815,10.6,10.63,-6.492963,-6.51,-6.48,0,0,0,9.926296,9.91,9.95,29.551852,29.5,29.6,3.9,3.9,3.9,20203,20231,0,0,0,0,0,0,0,0
2021-11-29T21:00:00Z,18,0,0,0,0,0,0,10.597222,10.58,10.61,-6.493333,-6.51,-6.48,0,0,0,9.9,9.88,9.92,29.494444,29.4,29.5,3.891111,3.89,3.9,20232,20259,0,0,0,0,0,0,0,0
2021-11-29T22:00:00Z,28,0.672143,0,4.55,0,0,0,10.581786,10.57,10.6,-6.495,-6.51,-6.48,-4.365,-29.55,0,9.875357,9.86,9.89,29.403571,29.4,29.5,3.890714,3.89,3.9,20260,20288,0,0,0,0,0,0,0,0
2021-11-29T23:00:00Z,30,9.034667,1.33,11.3,3.133,0.88,3.87,10.593667,10.56,10.69,-6.495,-6.53,-6.45,-58.663667,-73.44,-8.65,9.889333,9.85,10,29.76,29.4,30.1,3.89,3.89,3.89,20289,20318,0,0,0,0,0,0,0,0
2021-11-30T00:00:00Z,29,12.095862,10.74,12.87,3.996552,3.44,4.17,11.761034,10.63,12.18,-5.8,-6.47,-5.63,-69.988966,-73.14,-67.47,11.114138,9.94,11.54,29.6,29.5,30.1,3.881724,3.88,3.89,20319,20347,0,0,0,0,0,0,0,0
2021-11-30T01:00:00Z,30,13.576333,12.36,15,4.234667,4.17,4.33,13.253,12.19,14.14,-5.643,-5.76,-5.62,-76.619,-85.77,-69.67,12.615333,11.55,13.51,29.526667,29.5,29.7,3.888,3.88,3.91,20348,20377,0,0,0,0,0,0,0,0
2021-11-30T02:00:00Z,29,14.157586,13.12,14.8,4.206897,4.11,4.27,13.805172,13.05,14.02,-5.626552,-5.66,-5.6,-79.646207,-83.63,-73.99,13.162759,12.41,13.38,29.565517,29.5,29.6,3.893448,3.89,3.9,20378,20406,0,0,0,0,0,0,0,0
2021-11-30T03:00:00Z,30,14.094333,12.91,14.63,4.218667,4.1,4.29,13.744333,12.84,14.03,-5.646333,-5.69,-5.63,-79.59,-82.65,-73.48,13.102,12.21,13.38,29.633333,29.6,29.7,3.898,3.89,3.9,20407,20436,0,0,0,0,0,0,0,0
2021-11-30T04:00:00Z,26,13.591538,11.02,14.7,4.168077,3.59,4.33,13.326923,10.94,14.02,-5.761923,-6.43,-5.64,-78.155769,-83.33,-70.52,12.683462,10.25,13.37,29.757692,29.6,30.3,3.900769,3.89,3.91,20437,20466,0,0,0,0,0,0,0,0
2021-11-30T05:00:00Z,29,13.48,12.68,14.12,4.195517,4.14,4.31,13.277241,12.57,13.99,-5.678276,-5.75,-5.64,-76.548966,-81.19,-72.43,12.637931,11.91,13.36,29.696552,29.6,29.8,3.896207,3.89,3.91,20467,20495,0,0,0,0,0,0,0,0
2021-11-30T06:00:00Z,23,14.404783,14.02,14.87,4.295217,4.22,4.35,14.009565,13.92,14.05,-5.766087,-5.84,-5.69,-83.066522,-86.15,-79.77,13.373478,13.29,13.42,29.891304,29.7,30,3.911304,3.9,3.92,20496,20518,0,0,0,0,0,0,0,0
2021-12-01T18:00:00Z,13,0,0,0,0,0,0,10.664615,10.65,10.68,-6.476154,-6.49,-6.47,0,0,0,9.984615,9.96,9.99,29.323077,29.3,29.4,3.909231,3.9,3.91,21582,21594,0,0,0,0,0,0,0,0
2021-12-01T19:00:00Z,30,0,0,0,0,0,0,10.653,10.64,10.67,-6.474667,-6.48,-6.46,0,0,0,9.967333,9.95,9.99,29.243333,29.1,29.3,3.907333,3.9,3.91,21595,21624,0,0,0,0,0,0,0,0
2021-12-01T20:00:00Z,29,0,0,0,0,0,0,10.63069,10.62,10.65,-6.477931,-6.49,-6.47,0,0,0,9.947241,9.93,9.96,29.027586,28.9,29.2,3.903103,3.9,3.91,21625,21653,0,0,0,0,0,0,0,0
2021-12-01T21:00:00Z,7,0,0,0,0,0,0,10.625714,10.62,10.63,-6.478571,-6.49,-6.47,0,0,0,9.934286,9.93,9.94,28.871429,28.8,28.9,3.901429,3.9,3.91,21654,21660,0,0,0,0,0,0,0,0
2021-12-02T12:00:00Z,6,0.728333,0.03,1.49,0,0,0,17.063333,16.24,17.94,-3.138333,-3.74,-2.45,-2.066667,-3.65,-0.11,16.45,15.69,17.33,44.6,28.3,60.4,2.823333,2.72,2.91,1,6,0,0,6,0,0,0,1,0
2021-12-02T14:00:00Z,2,0.055,0,0.11,0,0,0,14.435,14.24,14.63,-3.73,-3.86,-3.6,-0.19,-0.38,0,13.8,13.65,13.95,28.65,27.8,29.5,2.895,2.88,2.91,1,2,0,0,0,0,0,0,0,0
2021-12-02T15:00:00Z,2,0.625,0.45,0.8,0,0,0,15.195,15,15.39,-3.195,-3.35,-3.04,-1.98,-2.45,-1.51,14.54,14.31,14.77,45.65,31.9,59.4,2.815,2.79,2.84,3,4,0,0,0,0,0,0,0,0
2021-12-02T17:00:00Z,4,0.4275,0,0.95,0,0,0,14.9225,14.28,15.59,-3.385,-3.84,-2.87,-1.32,-2.74,0,14.29,13.69,14.96,43.6,27,60,2.845,2.77,2.91,1,4,0,0,0,0,0,0,0,0
2021-12-03T14:00:00Z,5,0.524,0,1.22,0,0,0,15.074,14.23,15.96,-3.262,-3.87,-2.58,-1.498,-3.15,0,14.44,13.63,15.34,47.82,28.8,60.9,2.826,2.72,2.91,1,5,0,0,0,0,0,0,1,0
2021-12-04T20:00:00Z,3,0.406667,0,0.82,0,0,0,14.82,14.24,15.36,-3.43,-3.82,-3.05,-1.286667,-2.5,0,14.18,13.64,14.72,37.333333,25.7,58.1,2.85,2.8,2.9,1,3,0,0,0,0,0,0,0,0
2021-12-05T14:00:00Z,4,0.3525,0,0.83,0,0,0,14.835,14.21,15.47,-3.44,-3.88,-2.97,-1.095,-2.46,0,14.1975,13.61,14.83,44.85,28.5,60.8,2.85,2.78,2.91,1,4,0,0,0,0,0,0,1,0
2021-12-06T16:00:00Z,5,0.514,0,1.23,0,0,0,15.046,14.2,15.95,-3.282,-3.88,-2.59,-1.478,-3.2,0,14.402,13.6,15.31,48.36,29.5,61.5,2.824,2.72,2.91,1,5,0,0,0,0,0,0,2,0
2021-12-07T15:00:00Z,4,0.4675,0,1.04,0,0,0,14.97,14.18,15.72,-3.3425,-3.89,-2.77,-1.4,-2.89,0,14.3275,13.6,15.08,45.825,29.7,61.2,2.8325,2.75,2.91,1,4,0,0,0,0,0,0,1,0
2021-12-08T17:00:00Z,5,0.418,0,1.05,0,0,0,14.968,14.18,15.78,-3.352,-3.9,-2.72,-1.236,-2.86,0,14.332,13.59,15.15,49.66,30.8,62.7,2.83,2.72,2.91,1,5,0,0,0,0,0,0,3,0
2021-12-10T16:00:00Z,4,0.3325,0,0.8,0,0,0,14.8225,14.18,15.45,-3.46,-3.9,-3.02,-1.0425,-2.4,0,14.1925,13.6,14.81,46.225,30,62,2.85,2.79,2.91,1,4,0,0,0,0,0,0,2,0
2021-12-11T16:00:00Z,1,0,0,0,0,0,0,14.18,14.18,14.18,-3.89,-3.89,-3.89,0,0,0,13.59,13.59,13.59,30,30,30,2.91,2.91,2.91,1,1,0,0,0,0,0,0,0,0
2021-12-12T17:00:00Z,4,0.395,0,0.93,0,0,0,14.9275,14.21,15.63,-3.3975,-3.9,-2.87,-1.2025,-2.67,0,14.2975,13.62,15,46.575,30.5,62,2.8425,2.77,2.91,1,4,0,0,0,0,0,0,2,0
2021-12-13T16:00:00Z,5,0.454,0,1.13,0,0,0,15.04,14.21,15.9,-3.326,-3.9,-2.67,-1.328,-3.03,0,14.404,13.62,15.27,49.68,30.9,62.7,2.828,2.72,2.91,1,5,0,0,0,0,0,0,3,0
2021-12-14T17:00:00Z,5,0.452,0,1.13,0,0,0,15.098,14.24,15.97,-3.338,-3.9,-2.68,-1.328,-3.04,0,14.478,13.66,15.36,49.62,30.8,62.7,2.832,2.72,2.91,1,5,0,0,0,0,0,0,3,0
2021-12-15T16:00:00Z,5,0.48,0,1.2,0,0,0,15.042,14.18,15.96,-3.304,-3.9,-2.6,-1.384,-3.13,0,14.402,13.6,15.33,50,31.4,63,2.826,2.72,2.91,1,5,0,0,0,0,0,0,3,0
2021-12-16T17:00:00Z,4,0.345,0,0.85,0,0,0,14.84,14.18,15.51,-3.445,-3.9,-2.94,-1.075,-2.5,0,14.215,13.59,14.89,47.7,31.9,63,2.85,2.78,2.91,1,4,0,0,0,0,0,0,2,0
2021-12-17T17:00:00Z,4,0.38,0,0.92,0,0,0,14.855,14.21,15.52,-3.4425,-3.9,-2.93,-1.1725,-2.69,0,14.225,13.62,14.9,46.8,30.8,62.4,2.85,2.78,2.91,1,4,0,0,0,0,0,0,2,0
2021-12-18T17:00:00Z,5,0.494,0,1.16,0,0,0,15.104,14.32,15.92,-3.35,-3.9,-2.72,-1.48,-3.17,0,14.48,13.75,15.28,49.94,31.2,62.9,2.832,2.73,2.91,1,5,0,0,0,0,0,0,3,0
2021-12-19T17:00:00Z,4,0.4625,0,1.04,0,0,0,15.105,14.47,15.79,-3.3875,-3.87,-2.85,-1.415,-2.95,0,14.47,13.84,15.17,45.6,29.5,61.3,2.845,2.77,2.91,1,4,0,0,0,0,0,0,1,0
2021-12-20T17:00:00Z,5,0.5,0,1.18,0,0,0,15.216,14.48,16.02,-3.326,-3.88,-2.68,-1.478,-3.16,0,14.582,13.86,15.4,49.48,30.7,62.6,2.83,2.72,2.91,1,5,0,0,1,0,0,0,3,0
2021-12-22T17:00:00Z,5,0.48,0,1.18,0,0,0,15.074,14.25,15.95,-3.31,-3.9,-2.64,-1.402,-3.12,0,14.444,13.66,15.31,49.6,30.9,62.6,2.828,2.72,2.91,1,5,0,0,0,0,0,0,3,0
2021-12-23T17:00:00Z,1,0,0,0,0,0,0,14.21,14.21,14.21,-3.9,-3.9,-3.9,0,0,0,13.63,13.63,13.63,31.4,31.4,31.4,2.91,2.91,2.91,1,1,0,0,0,0,0,0,0,0
2021-12-23T18:00:00Z,5,0.578,0,1.21,0,0,0,15.23,14.54,15.97,-3.192,-3.7,-2.61,-1.672,-3.16,0,14.586,13.89,15.35,56.16,33.4,63.2,2.812,2.72,2.89,2,6,0,0,0,0,0,0,4,0
2021-12-24T19:00:00Z,6,0.446667,0,1.15,0,0,0,14.986667,14.17,15.86,-3.333333,-3.9,-2.67,-1.31,-3.07,0,14.355,13.57,15.24,46.983333,30.9,62.3,2.831667,2.72,2.91,1,6,0,0,0,0,0,0,3,0
2021-12-25T19:00:00Z,6,0.445,0,1.13,0,0,0,15.008333,14.15,15.9,-3.318333,-3.91,-2.64,-1.305,-3,0,14.375,13.57,15.27,52.1,31.5,63.2,2.828333,2.72,2.91,1,6,0,0,0,0,0,0,4,0
2021-12-26T18:00:00Z,3,0.076667,0,0.23,0,0,0,14.483333,14.15,14.8,-3.7,-3.91,-3.48,-0.26,-0.78,0,13.843333,13.57,14.14,42.8,31.7,63.3,2.886667,2.85,2.91,1,3,0,0,0,0,0,0,1,0
2021-12-26T19:00:00Z,3,0.84,0.5,1.19,0,0,0,15.553333,15.16,15.96,-2.913333,-3.24,-2.59,-2.38,-3.08,-1.63,14.92,14.53,15.32,61.5,60.4,62.6,2.773333,2.72,2.82,4,6,0,0,0,0,0,0,3,0
2021-12-28T18:00:00Z,6,0.476667,0,1.21,0,0,0,15.063333,14.18,15.98,-3.291667,-3.9,-2.59,-1.366667,-3.14,0,14.435,13.6,15.37,52.116667,31.7,63.3,2.825,2.72,2.91,1,6,0,0,0,0,0,0,4,0
2021-12-29T18:00:00Z,5,0.378,0,0.99,0,0,0,14.95,14.2,15.75,-3.384,-3.9,-2.78,-1.126,-2.74,0,14.326,13.62,15.13,50.38,31.8,63.2,2.842,2.75,2.91,1,5,0,0,0,0,0,0,3,0
2021-12-30T21:00:00Z,7,0.448571,0,1.16,0,0,0,14.975714,14.11,15.88,-3.312857,-3.91,-2.6,-1.307143,-3.03,0,14.342857,13.54,15.26,48.742857,30.8,62.5,2.83,2.72,2.91,1,7,0,0,0,0,0,0,3,0
2021-12-31T22:00:00Z,7,1.664286,0,4.07,0,0,0,14.99,14.09,15.94,-3.284286,-3.91,-2.56,-4.831429,-10.43,0,14.351429,13.52,15.3,48.085714,30,62,2.824286,2.71,2.91,1,7,0,0,0,0,0,0,3,0
